ISO-10303-21;
HEADER;
FILE_DESCRIPTION (( 'STEP AP203' ),
    '1' );
FILE_NAME ('Cycloidal Housing Upper.STEP',
    '2026-08-26T13:54:09',
    ( '' ),
    ( '' ),
    'SwSTEP 2.0',
    'SolidWorks 2025',
    '' );
FILE_SCHEMA (( 'CONFIG_CONTROL_DESIGN' ));
ENDSEC;

DATA;
#1 = DIRECTION ( 'NONE',  ( 0.000000000000000000, 0.000000000000000000, 1.000000000000000000 ) ) ;
#2 = CARTESIAN_POINT ( 'NONE',  ( 49.98320533644604780, -1.387778780781445676E-14, 1.268944909569585944 ) ) ;
#3 = ORIENTED_EDGE ( 'NONE', *, *, #1665, .T. ) ;
#4 = ORIENTED_EDGE ( 'NONE', *, *, #4373, .T. ) ;
#5 = VECTOR ( 'NONE', #922, 1000.000000000000000 ) ;
#6 = AXIS2_PLACEMENT_3D ( 'NONE', #5969, #4357, #757 ) ;
#7 = DIRECTION ( 'NONE',  ( -0.000000000000000000, -1.000000000000000000, -0.000000000000000000 ) ) ;
#8 = EDGE_CURVE ( 'NONE', #1847, #3791, #7056, .T. ) ;
#9 = DIRECTION ( 'NONE',  ( 0.000000000000000000, 0.000000000000000000, -1.000000000000000000 ) ) ;
#10 = CONICAL_SURFACE ( 'NONE', #2414, 2.149999999999922640, 0.7853981633974548293 ) ;
#11 = AXIS2_PLACEMENT_3D ( 'NONE', #1277, #5844, #7068 ) ;
#12 = DIRECTION ( 'NONE',  ( 0.000000000000000000, 0.000000000000000000, -1.000000000000000000 ) ) ;
#13 = VERTEX_POINT ( 'NONE', #6169 ) ;
#14 = CARTESIAN_POINT ( 'NONE',  ( -44.48304944195891153, 9.500000000000000000, 23.04925839033091961 ) ) ;
#15 = VERTEX_POINT ( 'NONE', #2220 ) ;
#16 = CARTESIAN_POINT ( 'NONE',  ( -36.61488181033408296, -0.5000000000000004441, -34.19591247525450228 ) ) ;
#17 = DIRECTION ( 'NONE',  ( 0.000000000000000000, 0.000000000000000000, -1.000000000000000000 ) ) ;
#18 = EDGE_CURVE ( 'NONE', #4500, #5465, #6750, .T. ) ;
#19 = FACE_OUTER_BOUND ( 'NONE', #1879, .T. ) ;
#20 = AXIS2_PLACEMENT_3D ( 'NONE', #884, #1491, #2036 ) ;
#21 = ORIENTED_EDGE ( 'NONE', *, *, #4077, .T. ) ;
#22 = CARTESIAN_POINT ( 'NONE',  ( -49.05211279288432280, -0.5000000000000004441, 12.84314625393709974 ) ) ;
#23 = FACE_OUTER_BOUND ( 'NONE', #4304, .T. ) ;
#24 = CYLINDRICAL_SURFACE ( 'NONE', #557, 2.149999999999922640 ) ;
#25 = EDGE_CURVE ( 'NONE', #7014, #1297, #1532, .T. ) ;
#26 = CARTESIAN_POINT ( 'NONE',  ( 48.81408774733904465, 11.00000000000000000, -26.14527610095353083 ) ) ;
#27 = CIRCLE ( 'NONE', #3652, 2.149999999999922640 ) ;
#28 = CARTESIAN_POINT ( 'NONE',  ( -26.03115589677498676, -1.387778780781445676E-14, 40.65641216777929401 ) ) ;
#29 = CARTESIAN_POINT ( 'NONE',  ( 26.03115589677469899, -1.561251128379126385E-14, -42.80641216777942049 ) ) ;
#30 = CARTESIAN_POINT ( 'NONE',  ( -19.95989460129674598, -0.5000000000000004441, -43.30228620542327889 ) ) ;
#31 = DIRECTION ( 'NONE',  ( 0.000000000000000000, -0.000000000000000000, -1.000000000000000000 ) ) ;
#32 = AXIS2_PLACEMENT_3D ( 'NONE', #4622, #7488, #1 ) ;
#33 = ORIENTED_EDGE ( 'NONE', *, *, #4993, .F. ) ;
#34 = EDGE_CURVE ( 'NONE', #3903, #1866, #4257, .T. ) ;
#35 = ORIENTED_EDGE ( 'NONE', *, *, #445, .T. ) ;
#36 = CARTESIAN_POINT ( 'NONE',  ( 49.05211279288445780, -1.387778780781445676E-14, 8.043146253936551915 ) ) ;
#37 = ORIENTED_EDGE ( 'NONE', *, *, #6624, .T. ) ;
#38 = CARTESIAN_POINT ( 'NONE',  ( -49.05211279288432280, -0.5000000000000004441, 10.19314625393714024 ) ) ;
#39 = DIRECTION ( 'NONE',  ( 0.000000000000000000, 0.000000000000000000, -1.000000000000000000 ) ) ;
#40 = ORIENTED_EDGE ( 'NONE', *, *, #3948, .F. ) ;
#41 = VERTEX_POINT ( 'NONE', #2183 ) ;
#42 = EDGE_CURVE ( 'NONE', #903, #7104, #437, .T. ) ;
#43 = CARTESIAN_POINT ( 'NONE',  ( -26.03115589677527097, -0.5000000000000004441, -45.45641216777895721 ) ) ;
#44 = DIRECTION ( 'NONE',  ( 0.000000000000000000, 0.000000000000000000, -1.000000000000000000 ) ) ;
#45 = CARTESIAN_POINT ( 'NONE',  ( 3.501097292138986137E-13, -1.214306433183764966E-14, 52.24999999999992184 ) ) ;
#46 = ORIENTED_EDGE ( 'NONE', *, *, #7266, .F. ) ;
#47 = DIRECTION ( 'NONE',  ( 0.000000000000000000, 0.000000000000000000, -1.000000000000000000 ) ) ;
#48 = ORIENTED_EDGE ( 'NONE', *, *, #2436, .T. ) ;
#49 = CARTESIAN_POINT ( 'NONE',  ( 49.98320533644604780, 9.500000000000000000, 5.568944909569431445 ) ) ;
#50 = ORIENTED_EDGE ( 'NONE', *, *, #3257, .T. ) ;
#51 = FACE_OUTER_BOUND ( 'NONE', #1400, .T. ) ;
#52 = ADVANCED_FACE ( 'NONE', ( #1689 ), #1455, .F. ) ;
#53 = DIRECTION ( 'NONE',  ( 0.000000000000000000, -1.000000000000000000, 0.000000000000000000 ) ) ;
#54 = EDGE_LOOP ( 'NONE', ( #4095, #3008, #7152, #3172 ) ) ;
#55 = FACE_OUTER_BOUND ( 'NONE', #4217, .T. ) ;
#56 = FACE_OUTER_BOUND ( 'NONE', #5965, .T. ) ;
#57 = DIRECTION ( 'NONE',  ( 0.000000000000000000, -1.000000000000000000, 0.000000000000000000 ) ) ;
#58 = CARTESIAN_POINT ( 'NONE',  ( 36.61488181033430322, -0.5000000000000004441, 34.19591247525423228 ) ) ;
#59 = AXIS2_PLACEMENT_3D ( 'NONE', #7310, #2093, #6734 ) ;
#60 = DIRECTION ( 'NONE',  ( 0.000000000000000000, 0.000000000000000000, -1.000000000000000000 ) ) ;
#61 = LINE ( 'NONE', #7509, #3828 ) ;
#62 = DIRECTION ( 'NONE',  ( -0.7431448254773859174, 0.000000000000000000, -0.6691306063588673414 ) ) ;
#63 = FACE_OUTER_BOUND ( 'NONE', #6038, .T. ) ;
#64 = VERTEX_POINT ( 'NONE', #4531 ) ;
#65 = DIRECTION ( 'NONE',  ( -0.000000000000000000, -1.000000000000000000, -0.000000000000000000 ) ) ;
#66 = ORIENTED_EDGE ( 'NONE', *, *, #6096, .T. ) ;
#67 = VECTOR ( 'NONE', #2514, 1000.000000000000000 ) ;
#68 = CIRCLE ( 'NONE', #3690, 2.500000000000203393 ) ;
#69 = CIRCLE ( 'NONE', #1388, 2.649999999999957723 ) ;
#70 = AXIS2_PLACEMENT_3D ( 'NONE', #3427, #6364, #516 ) ;
#71 = EDGE_CURVE ( 'NONE', #7073, #6582, #6941, .T. ) ;
#72 = CIRCLE ( 'NONE', #6622, 2.149999999999922640 ) ;
#73 = DIRECTION ( 'NONE',  ( -0.000000000000000000, -1.000000000000000000, -0.000000000000000000 ) ) ;
#74 = EDGE_LOOP ( 'NONE', ( #7438, #3114, #5048, #1974 ) ) ;
#75 = DIRECTION ( 'NONE',  ( 0.000000000000000000, -1.000000000000000000, 0.000000000000000000 ) ) ;
#76 = CIRCLE ( 'NONE', #3581, 2.649999999999916422 ) ;
#77 = CARTESIAN_POINT ( 'NONE',  ( -31.61750601073530476, -6.938893903907228378E-15, -36.71313566429147812 ) ) ;
#78 = ORIENTED_EDGE ( 'NONE', *, *, #935, .F. ) ;
#79 = ORIENTED_EDGE ( 'NONE', *, *, #6080, .T. ) ;
#80 = DIRECTION ( 'NONE',  ( 0.000000000000000000, 1.000000000000000000, 0.000000000000000000 ) ) ;
#81 = VECTOR ( 'NONE', #5229, 1000.000000000000114 ) ;
#82 = CIRCLE ( 'NONE', #1045, 2.649999999999916422 ) ;
#83 = CONICAL_SURFACE ( 'NONE', #6023, 2.149999999999922640, 0.7853981633974548293 ) ;
#84 = ADVANCED_FACE ( 'NONE', ( #7432 ), #3650, .F. ) ;
#85 = CARTESIAN_POINT ( 'NONE',  ( 31.61750601073477895, -1.214306433183764966E-14, -38.86313566429182487 ) ) ;
#86 = DIRECTION ( 'NONE',  ( -0.000000000000000000, -1.000000000000000000, -0.000000000000000000 ) ) ;
#87 = ORIENTED_EDGE ( 'NONE', *, *, #6807, .F. ) ;
#88 = CARTESIAN_POINT ( 'NONE',  ( 49.98320533644598385, -1.214306433183764966E-14, -3.418944909570555968 ) ) ;
#89 = ORIENTED_EDGE ( 'NONE', *, *, #7465, .T. ) ;
#90 = FACE_OUTER_BOUND ( 'NONE', #5150, .T. ) ;
#91 = ORIENTED_EDGE ( 'NONE', *, *, #6849, .T. ) ;
#92 = DIRECTION ( 'NONE',  ( 0.000000000000000000, 0.000000000000000000, -1.000000000000000000 ) ) ;
#93 = EDGE_CURVE ( 'NONE', #3601, #512, #1577, .T. ) ;
#94 = DIRECTION ( 'NONE',  ( 0.000000000000000000, 0.000000000000000000, -1.000000000000000000 ) ) ;
#95 = EDGE_CURVE ( 'NONE', #1179, #1683, #2441, .T. ) ;
#96 = ORIENTED_EDGE ( 'NONE', *, *, #1752, .T. ) ;
#97 = CARTESIAN_POINT ( 'NONE',  ( 6.821949119722316546, -1.214306433183764966E-14, 49.63336589642008789 ) ) ;
#98 = LINE ( 'NONE', #2408, #3434 ) ;
#99 = DIRECTION ( 'NONE',  ( 0.000000000000000000, -1.000000000000000000, 0.000000000000000000 ) ) ;
#100 = DIRECTION ( 'NONE',  ( 0.000000000000000000, -1.000000000000000000, 0.000000000000000000 ) ) ;
#101 = DIRECTION ( 'NONE',  ( -0.000000000000000000, -1.000000000000000000, -0.000000000000000000 ) ) ;
#102 = CARTESIAN_POINT ( 'NONE',  ( 33.95964629695709647, 11.00000000000000000, -41.23937640599780963 ) ) ;
#103 = ORIENTED_EDGE ( 'NONE', *, *, #4603, .T. ) ;
#104 = DIRECTION ( 'NONE',  ( -0.000000000000000000, -1.000000000000000000, 0.000000000000000000 ) ) ;
#105 = ORIENTED_EDGE ( 'NONE', *, *, #445, .F. ) ;
#106 = ORIENTED_EDGE ( 'NONE', *, *, #1350, .T. ) ;
#107 = DIRECTION ( 'NONE',  ( 0.000000000000000000, 0.000000000000000000, -1.000000000000000000 ) ) ;
#108 = ORIENTED_EDGE ( 'NONE', *, *, #2959, .F. ) ;
#109 = DIRECTION ( 'NONE',  ( 0.000000000000000000, 0.000000000000000000, -1.000000000000000000 ) ) ;
#110 = CARTESIAN_POINT ( 'NONE',  ( -44.48304944195891153, -0.5000000000000004441, 23.04925839033091961 ) ) ;
#111 = ORIENTED_EDGE ( 'NONE', *, *, #4586, .F. ) ;
#112 = ORIENTED_EDGE ( 'NONE', *, *, #3157, .F. ) ;
#113 = CARTESIAN_POINT ( 'NONE',  ( -19.95989460129642978, -0.5000000000000004441, 45.95228620542332720 ) ) ;
#114 = EDGE_CURVE ( 'NONE', #4467, #3791, #3999, .T. ) ;
#115 = AXIS2_PLACEMENT_3D ( 'NONE', #735, #6974, #5296 ) ;
#116 = DIRECTION ( 'NONE',  ( 0.000000000000000000, 0.000000000000000000, 1.000000000000000000 ) ) ;
#117 = DIRECTION ( 'NONE',  ( -0.000000000000000000, -1.000000000000000000, -0.000000000000000000 ) ) ;
#118 = ORIENTED_EDGE ( 'NONE', *, *, #636, .T. ) ;
#119 = AXIS2_PLACEMENT_3D ( 'NONE', #1828, #4672, #7044 ) ;
#120 = DIRECTION ( 'NONE',  ( 0.000000000000000000, 0.000000000000000000, 1.000000000000000000 ) ) ;
#121 = ORIENTED_EDGE ( 'NONE', *, *, #5244, .T. ) ;
#122 = CARTESIAN_POINT ( 'NONE',  ( 48.81408774733904465, 11.00000000000000000, -23.64527610095332832 ) ) ;
#123 = EDGE_LOOP ( 'NONE', ( #7045, #1928 ) ) ;
#124 = DIRECTION ( 'NONE',  ( 0.000000000000000000, 0.000000000000000000, 1.000000000000000000 ) ) ;
#125 = ADVANCED_FACE ( 'NONE', ( #2146 ), #6863, .F. ) ;
#126 = CIRCLE ( 'NONE', #7278, 2.149999999999922640 ) ;
#127 = DIRECTION ( 'NONE',  ( -0.000000000000000000, -1.000000000000000000, -0.000000000000000000 ) ) ;
#128 = ORIENTED_EDGE ( 'NONE', *, *, #2640, .F. ) ;
#129 = CARTESIAN_POINT ( 'NONE',  ( 36.61488181033361400, 9.500000000000000000, -34.19591247525498545 ) ) ;
#130 = DIRECTION ( 'NONE',  ( -0.000000000000000000, -1.000000000000000000, -0.000000000000000000 ) ) ;
#131 = EDGE_CURVE ( 'NONE', #1447, #2771, #4033, .T. ) ;
#132 = VECTOR ( 'NONE', #5079, 1000.000000000000000 ) ;
#133 = DIRECTION ( 'NONE',  ( 0.000000000000000000, -1.000000000000000000, 0.000000000000000000 ) ) ;
#134 = CARTESIAN_POINT ( 'NONE',  ( -36.61488181033408296, -1.214306433183764966E-14, -34.19591247525450228 ) ) ;
#135 = DIRECTION ( 'NONE',  ( 0.000000000000000000, 0.000000000000000000, -1.000000000000000000 ) ) ;
#136 = LINE ( 'NONE', #6949, #2865 ) ;
#137 = VERTEX_POINT ( 'NONE', #625 ) ;
#138 = CARTESIAN_POINT ( 'NONE',  ( 26.03115589677469899, -1.561251128379126385E-14, -42.80641216777942049 ) ) ;
#139 = EDGE_LOOP ( 'NONE', ( #3562, #5731, #1389, #6347 ) ) ;
#140 = AXIS2_PLACEMENT_3D ( 'NONE', #6363, #514, #7468 ) ;
#141 = ORIENTED_EDGE ( 'NONE', *, *, #3649, .F. ) ;
#142 = ADVANCED_FACE ( 'NONE', ( #2944 ), #6406, .F. ) ;
#143 = VECTOR ( 'NONE', #5226, 1000.000000000000000 ) ;
#144 = AXIS2_PLACEMENT_3D ( 'NONE', #4213, #5968, #5389 ) ;
#145 = CARTESIAN_POINT ( 'NONE',  ( -13.51681823496661572, 9.500000000000000000, 48.24215609612481614 ) ) ;
#146 = EDGE_LOOP ( 'NONE', ( #6842, #1461 ) ) ;
#147 = DIRECTION ( 'NONE',  ( 0.000000000000000000, -1.000000000000000000, 0.000000000000000000 ) ) ;
#148 = CARTESIAN_POINT ( 'NONE',  ( -31.61750601073502764, -1.561251128379126385E-14, 38.86313566429160460 ) ) ;
#149 = ORIENTED_EDGE ( 'NONE', *, *, #6265, .F. ) ;
#150 = ORIENTED_EDGE ( 'NONE', *, *, #4888, .F. ) ;
#151 = DIRECTION ( 'NONE',  ( 0.000000000000000000, -0.7071067811865425767, -0.7071067811865525687 ) ) ;
#152 = EDGE_CURVE ( 'NONE', #3327, #723, #7182, .T. ) ;
#153 = PLANE ( 'NONE',  #260 ) ;
#154 = CARTESIAN_POINT ( 'NONE',  ( 2.632990618166714572E-16, 9.500000000000000000, -47.95000000000007390 ) ) ;
#155 = ORIENTED_EDGE ( 'NONE', *, *, #389, .T. ) ;
#156 = EDGE_CURVE ( 'NONE', #681, #3448, #4689, .T. ) ;
#157 = DIRECTION ( 'NONE',  ( 0.000000000000000000, 0.000000000000000000, 1.000000000000000000 ) ) ;
#158 = ORIENTED_EDGE ( 'NONE', *, *, #6495, .T. ) ;
#159 = CARTESIAN_POINT ( 'NONE',  ( 4.898587196589412237E-15, 0.9999999999999995559, 39.99999999999999289 ) ) ;
#160 = ORIENTED_EDGE ( 'NONE', *, *, #1333, .F. ) ;
#161 = DIRECTION ( 'NONE',  ( 0.000000000000000000, 0.000000000000000000, 1.000000000000000000 ) ) ;
#162 = EDGE_CURVE ( 'NONE', #604, #5658, #3048, .T. ) ;
#163 = CARTESIAN_POINT ( 'NONE',  ( 44.48304944195874100, -1.387778780781445676E-14, -23.04925839033120383 ) ) ;
#164 = ADVANCED_FACE ( 'NONE', ( #1762 ), #1149, .F. ) ;
#165 = EDGE_LOOP ( 'NONE', ( #2245, #103 ) ) ;
#166 = FACE_OUTER_BOUND ( 'NONE', #434, .T. ) ;
#167 = CARTESIAN_POINT ( 'NONE',  ( 39.95001788498536399, 11.00000000000000000, 38.34562160129052444 ) ) ;
#168 = CARTESIAN_POINT ( 'NONE',  ( 49.05211279288445780, 9.500000000000000000, 10.19314625393647411 ) ) ;
#169 = ADVANCED_FACE ( 'NONE', ( #2298 ), #4641, .T. ) ;
#170 = DIRECTION ( 'NONE',  ( -0.000000000000000000, -1.000000000000000000, -0.000000000000000000 ) ) ;
#171 = DIRECTION ( 'NONE',  ( 0.000000000000000000, -1.000000000000000000, 0.000000000000000000 ) ) ;
#172 = DIRECTION ( 'NONE',  ( -0.000000000000000000, -1.000000000000000000, -0.000000000000000000 ) ) ;
#173 = VERTEX_POINT ( 'NONE', #4110 ) ;
#174 = CARTESIAN_POINT ( 'NONE',  ( -47.04951716605319234, 11.00000000000000000, -29.20160200128195882 ) ) ;
#175 = ORIENTED_EDGE ( 'NONE', *, *, #2676, .F. ) ;
#176 = AXIS2_PLACEMENT_3D ( 'NONE', #6825, #7431, #435 ) ;
#177 = CIRCLE ( 'NONE', #5388, 45.10000000000000142 ) ;
#178 = EDGE_CURVE ( 'NONE', #2314, #5073, #4611, .T. ) ;
#179 = AXIS2_PLACEMENT_3D ( 'NONE', #4234, #3060, #2988 ) ;
#180 = CARTESIAN_POINT ( 'NONE',  ( -42.31147425102297177, 11.00000000000000000, 35.72295860794606170 ) ) ;
#181 = AXIS2_PLACEMENT_3D ( 'NONE', #5515, #1373, #6663 ) ;
#182 = FACE_OUTER_BOUND ( 'NONE', #5240, .T. ) ;
#183 = EDGE_CURVE ( 'NONE', #4272, #2310, #6441, .T. ) ;
#184 = CARTESIAN_POINT ( 'NONE',  ( -36.61488181033408296, -1.214306433183764966E-14, -34.19591247525450228 ) ) ;
#185 = EDGE_LOOP ( 'NONE', ( #1507, #5579, #6454, #4071 ) ) ;
#186 = VECTOR ( 'NONE', #2044, 1000.000000000000000 ) ;
#187 = CIRCLE ( 'NONE', #2240, 2.500000000000203393 ) ;
#188 = EDGE_LOOP ( 'NONE', ( #236, #5663, #6361, #5123 ) ) ;
#189 = AXIS2_PLACEMENT_3D ( 'NONE', #5525, #6093, #5487 ) ;
#190 = AXIS2_PLACEMENT_3D ( 'NONE', #1629, #7495, #1592 ) ;
#191 = AXIS2_PLACEMENT_3D ( 'NONE', #3888, #969, #6255 ) ;
#192 = FACE_OUTER_BOUND ( 'NONE', #6531, .T. ) ;
#193 = CONICAL_SURFACE ( 'NONE', #4795, 2.149999999999922640, 0.7853981633974547183 ) ;
#194 = AXIS2_PLACEMENT_3D ( 'NONE', #3007, #4747, #1826 ) ;
#195 = DIRECTION ( 'NONE',  ( 0.000000000000000000, 0.000000000000000000, -1.000000000000000000 ) ) ;
#196 = ORIENTED_EDGE ( 'NONE', *, *, #1407, .T. ) ;
#197 = DIRECTION ( 'NONE',  ( -0.000000000000000000, -1.000000000000000000, -0.000000000000000000 ) ) ;
#198 = EDGE_LOOP ( 'NONE', ( #4588, #5979 ) ) ;
#199 = AXIS2_PLACEMENT_3D ( 'NONE', #5186, #1148, #2828 ) ;
#200 = CARTESIAN_POINT ( 'NONE',  ( -13.51681823496694257, 9.500000000000000000, -48.24215609612473799 ) ) ;
#201 = EDGE_LOOP ( 'NONE', ( #2477, #470, #366, #6542 ) ) ;
#202 = CARTESIAN_POINT ( 'NONE',  ( 6.821949119721279153, 9.500000000000000000, -49.63336589642025842 ) ) ;
#203 = CIRCLE ( 'NONE', #6390, 2.149999999999922640 ) ;
#204 = AXIS2_PLACEMENT_3D ( 'NONE', #4660, #1287, #7000 ) ;
#205 = CIRCLE ( 'NONE', #4070, 2.500000000000202949 ) ;
#206 = DIRECTION ( 'NONE',  ( 0.000000000000000000, -1.000000000000000000, 0.000000000000000000 ) ) ;
#207 = AXIS2_PLACEMENT_3D ( 'NONE', #4114, #1118, #5868 ) ;
#208 = VERTEX_POINT ( 'NONE', #6182 ) ;
#209 = PLANE ( 'NONE',  #1437 ) ;
#210 = CYLINDRICAL_SURFACE ( 'NONE', #2714, 2.149999999999922640 ) ;
#211 = EDGE_CURVE ( 'NONE', #5495, #6715, #2447, .T. ) ;
#212 = CARTESIAN_POINT ( 'NONE',  ( -31.61750601073530476, 9.500000000000000000, -38.86313566429139144 ) ) ;
#213 = DIRECTION ( 'NONE',  ( 0.000000000000000000, 0.000000000000000000, -1.000000000000000000 ) ) ;
#214 = DIRECTION ( 'NONE',  ( -0.000000000000000000, -1.000000000000000000, -0.000000000000000000 ) ) ;
#215 = LINE ( 'NONE', #4840, #1161 ) ;
#216 = ORIENTED_EDGE ( 'NONE', *, *, #4041, .T. ) ;
#217 = DIRECTION ( 'NONE',  ( 0.000000000000000000, 0.000000000000000000, -1.000000000000000000 ) ) ;
#218 = VERTEX_POINT ( 'NONE', #447 ) ;
#219 = EDGE_CURVE ( 'NONE', #3715, #4730, #2076, .T. ) ;
#220 = DIRECTION ( 'NONE',  ( 0.000000000000000000, -1.000000000000000000, 0.000000000000000000 ) ) ;
#221 = CARTESIAN_POINT ( 'NONE',  ( 19.95989460129610649, -1.561251128379126385E-14, -45.95228620542344800 ) ) ;
#222 = CARTESIAN_POINT ( 'NONE',  ( 36.61488181033361400, -1.040834085586084257E-14, -34.19591247525498545 ) ) ;
#223 = VERTEX_POINT ( 'NONE', #936 ) ;
#224 = ORIENTED_EDGE ( 'NONE', *, *, #6291, .F. ) ;
#225 = EDGE_CURVE ( 'NONE', #1295, #3731, #5040, .T. ) ;
#226 = CARTESIAN_POINT ( 'NONE',  ( -26.03115589677527097, 9.500000000000000000, -40.65641216777911637 ) ) ;
#227 = CARTESIAN_POINT ( 'NONE',  ( 47.20727219815270814, -1.040834085586084257E-14, -16.77746856976694545 ) ) ;
#228 = ORIENTED_EDGE ( 'NONE', *, *, #328, .F. ) ;
#229 = DIRECTION ( 'NONE',  ( 0.000000000000000000, -1.000000000000000000, 0.000000000000000000 ) ) ;
#230 = ORIENTED_EDGE ( 'NONE', *, *, #7305, .T. ) ;
#231 = DIRECTION ( 'NONE',  ( 0.000000000000000000, -1.000000000000000000, 0.000000000000000000 ) ) ;
#232 = EDGE_LOOP ( 'NONE', ( #7498, #6289, #1827, #1941 ) ) ;
#233 = CARTESIAN_POINT ( 'NONE',  ( 0.000000000000000000, 0.9999999999999995559, 0.000000000000000000 ) ) ;
#234 = AXIS2_PLACEMENT_3D ( 'NONE', #5937, #1251, #3532 ) ;
#235 = DIRECTION ( 'NONE',  ( -0.000000000000000000, -1.000000000000000000, -0.000000000000000000 ) ) ;
#236 = ORIENTED_EDGE ( 'NONE', *, *, #585, .F. ) ;
#237 = CARTESIAN_POINT ( 'NONE',  ( 40.93019163982280872, -0.5000000000000004441, -26.24168413795539934 ) ) ;
#238 = CARTESIAN_POINT ( 'NONE',  ( 2.632990618166714572E-16, -1.214306433183764966E-14, -47.95000000000007390 ) ) ;
#239 = VECTOR ( 'NONE', #279, 1000.000000000000000 ) ;
#240 = AXIS2_PLACEMENT_3D ( 'NONE', #6072, #827, #2537 ) ;
#241 = EDGE_CURVE ( 'NONE', #1348, #1797, #6837, .T. ) ;
#242 = DIRECTION ( 'NONE',  ( 0.000000000000000000, -1.000000000000000000, 0.000000000000000000 ) ) ;
#243 = VECTOR ( 'NONE', #6954, 1000.000000000000114 ) ;
#244 = EDGE_CURVE ( 'NONE', #4809, #7104, #6695, .T. ) ;
#245 = FACE_OUTER_BOUND ( 'NONE', #2493, .T. ) ;
#246 = CARTESIAN_POINT ( 'NONE',  ( -6.821949119721629096, -1.387778780781445676E-14, 47.48336589642030248 ) ) ;
#247 = ORIENTED_EDGE ( 'NONE', *, *, #2673, .T. ) ;
#248 = LINE ( 'NONE', #395, #1763 ) ;
#249 = VERTEX_POINT ( 'NONE', #6221 ) ;
#250 = AXIS2_PLACEMENT_3D ( 'NONE', #6757, #5029, #2642 ) ;
#251 = VECTOR ( 'NONE', #5796, 1000.000000000000000 ) ;
#252 = CARTESIAN_POINT ( 'NONE',  ( 49.05211279288428017, -1.387778780781445676E-14, -8.043146253937575096 ) ) ;
#253 = ADVANCED_FACE ( 'NONE', ( #591 ), #5107, .F. ) ;
#254 = CARTESIAN_POINT ( 'NONE',  ( -26.03115589677498676, 9.500000000000000000, 44.95641216777914195 ) ) ;
#255 = DIRECTION ( 'NONE',  ( -0.5877852522924796874, 0.000000000000000000, 0.8090169943749427883 ) ) ;
#256 = CIRCLE ( 'NONE', #5594, 2.149999999999922640 ) ;
#257 = ORIENTED_EDGE ( 'NONE', *, *, #4449, .F. ) ;
#258 = ORIENTED_EDGE ( 'NONE', *, *, #2395, .F. ) ;
#259 = AXIS2_PLACEMENT_3D ( 'NONE', #7370, #1156, #4391 ) ;
#260 = AXIS2_PLACEMENT_3D ( 'NONE', #3640, #3071, #5498 ) ;
#261 = CARTESIAN_POINT ( 'NONE',  ( -31.61750601073502764, -0.5000000000000004441, 41.51313566429152502 ) ) ;
#262 = CARTESIAN_POINT ( 'NONE',  ( 39.95001788498536399, -0.5000000000000004441, 40.84562160129073050 ) ) ;
#263 = ORIENTED_EDGE ( 'NONE', *, *, #3180, .T. ) ;
#264 = DIRECTION ( 'NONE',  ( 0.000000000000000000, -1.000000000000000000, 0.000000000000000000 ) ) ;
#265 = ORIENTED_EDGE ( 'NONE', *, *, #7373, .F. ) ;
#266 = EDGE_CURVE ( 'NONE', #2709, #7427, #6081, .T. ) ;
#267 = DIRECTION ( 'NONE',  ( 0.000000000000000000, -0.000000000000000000, -1.000000000000000000 ) ) ;
#268 = ORIENTED_EDGE ( 'NONE', *, *, #5143, .T. ) ;
#269 = VECTOR ( 'NONE', #2232, 1000.000000000000000 ) ;
#270 = DIRECTION ( 'NONE',  ( 0.000000000000000000, 0.000000000000000000, 1.000000000000000000 ) ) ;
#271 = DIRECTION ( 'NONE',  ( 0.000000000000000000, 0.000000000000000000, 1.000000000000000000 ) ) ;
#272 = ORIENTED_EDGE ( 'NONE', *, *, #403, .F. ) ;
#273 = EDGE_CURVE ( 'NONE', #6803, #2310, #3288, .T. ) ;
#274 = DIRECTION ( 'NONE',  ( -0.000000000000000000, -1.000000000000000000, -0.000000000000000000 ) ) ;
#275 = EDGE_CURVE ( 'NONE', #6780, #3029, #3885, .T. ) ;
#276 = CARTESIAN_POINT ( 'NONE',  ( -6.821949119721967492, -0.5000000000000004441, -52.28336589642009358 ) ) ;
#277 = DIRECTION ( 'NONE',  ( 0.000000000000000000, 1.000000000000000000, 0.000000000000000000 ) ) ;
#278 = ORIENTED_EDGE ( 'NONE', *, *, #6895, .F. ) ;
#279 = DIRECTION ( 'NONE',  ( -0.000000000000000000, -1.000000000000000000, -0.000000000000000000 ) ) ;
#280 = DIRECTION ( 'NONE',  ( -0.000000000000000000, -1.000000000000000000, -0.000000000000000000 ) ) ;
#281 = ORIENTED_EDGE ( 'NONE', *, *, #7061, .T. ) ;
#282 = DIRECTION ( 'NONE',  ( 0.000000000000000000, 0.000000000000000000, -1.000000000000000000 ) ) ;
#283 = VERTEX_POINT ( 'NONE', #5797 ) ;
#284 = CARTESIAN_POINT ( 'NONE',  ( 49.05211279288428017, -1.387778780781445676E-14, -10.19314625393749729 ) ) ;
#285 = CARTESIAN_POINT ( 'NONE',  ( -40.93019163982320663, -1.387778780781445676E-14, -31.04168413795467885 ) ) ;
#286 = DIRECTION ( 'NONE',  ( 0.000000000000000000, -1.000000000000000000, 0.000000000000000000 ) ) ;
#287 = ORIENTED_EDGE ( 'NONE', *, *, #7501, .T. ) ;
#288 = ORIENTED_EDGE ( 'NONE', *, *, #4595, .F. ) ;
#289 = DIRECTION ( 'NONE',  ( 0.000000000000000000, -0.7071067811865425767, -0.7071067811865525687 ) ) ;
#290 = ADVANCED_FACE ( 'NONE', ( #7326 ), #4961, .T. ) ;
#291 = VECTOR ( 'NONE', #5065, 1000.000000000000000 ) ;
#292 = DIRECTION ( 'NONE',  ( 0.000000000000000000, -0.7071067811865430208, -0.7071067811865521247 ) ) ;
#293 = DIRECTION ( 'NONE',  ( 0.000000000000000000, 0.000000000000000000, -1.000000000000000000 ) ) ;
#294 = ORIENTED_EDGE ( 'NONE', *, *, #3413, .F. ) ;
#295 = AXIS2_PLACEMENT_3D ( 'NONE', #2288, #2248, #2745 ) ;
#296 = DIRECTION ( 'NONE',  ( 0.000000000000000000, 1.000000000000000000, 0.000000000000000000 ) ) ;
#297 = ORIENTED_EDGE ( 'NONE', *, *, #4447, .F. ) ;
#298 = FACE_OUTER_BOUND ( 'NONE', #6303, .T. ) ;
#299 = ORIENTED_EDGE ( 'NONE', *, *, #6956, .F. ) ;
#300 = DIRECTION ( 'NONE',  ( -0.000000000000000000, -1.000000000000000000, -0.000000000000000000 ) ) ;
#301 = CIRCLE ( 'NONE', #1267, 2.149999999999922640 ) ;
#302 = ORIENTED_EDGE ( 'NONE', *, *, #5569, .T. ) ;
#303 = CIRCLE ( 'NONE', #5155, 2.149999999999922640 ) ;
#304 = AXIS2_PLACEMENT_3D ( 'NONE', #331, #5493, #5382 ) ;
#305 = ADVANCED_FACE ( 'NONE', ( #5654 ), #1583, .F. ) ;
#306 = CONICAL_SURFACE ( 'NONE', #5026, 2.149999999999922640, 0.7853981633974543852 ) ;
#307 = CIRCLE ( 'NONE', #2008, 2.149999999999922640 ) ;
#308 = AXIS2_PLACEMENT_3D ( 'NONE', #1531, #6030, #282 ) ;
#309 = CARTESIAN_POINT ( 'NONE',  ( -6.821949119721629096, -1.387778780781445676E-14, 51.78336589642015042 ) ) ;
#310 = CONICAL_SURFACE ( 'NONE', #4674, 2.149999999999922640, 0.7853981633974557175 ) ;
#311 = ORIENTED_EDGE ( 'NONE', *, *, #5068, .T. ) ;
#312 = AXIS2_PLACEMENT_3D ( 'NONE', #773, #4878, #7243 ) ;
#313 = CARTESIAN_POINT ( 'NONE',  ( 40.93019163982339848, -0.5000000000000004441, 28.89168413795448842 ) ) ;
#314 = CARTESIAN_POINT ( 'NONE',  ( -40.93019163982300768, 9.500000000000000000, 28.89168413795503554 ) ) ;
#315 = EDGE_CURVE ( 'NONE', #4048, #3635, #6763, .T. ) ;
#316 = AXIS2_PLACEMENT_3D ( 'NONE', #4269, #3730, #2453 ) ;
#317 =( GEOMETRIC_REPRESENTATION_CONTEXT ( 3 ) GLOBAL_UNCERTAINTY_ASSIGNED_CONTEXT ( ( #1033 ) ) GLOBAL_UNIT_ASSIGNED_CONTEXT ( ( #7255, #889, #6680 ) ) REPRESENTATION_CONTEXT ( 'NONE', 'WORKASPACE' ) );
#318 = EDGE_CURVE ( 'NONE', #6921, #4397, #5356, .T. ) ;
#319 = CIRCLE ( 'NONE', #4568, 2.149999999999922640 ) ;
#320 = DIRECTION ( 'NONE',  ( -0.000000000000000000, -1.000000000000000000, -0.000000000000000000 ) ) ;
#321 = ORIENTED_EDGE ( 'NONE', *, *, #6552, .F. ) ;
#322 = DIRECTION ( 'NONE',  ( 0.000000000000000000, -0.7071067811865435759, -0.7071067811865515695 ) ) ;
#323 = CARTESIAN_POINT ( 'NONE',  ( -26.03115589677498676, -1.387778780781445676E-14, 42.80641216777921443 ) ) ;
#324 = ORIENTED_EDGE ( 'NONE', *, *, #3871, .T. ) ;
#325 = CARTESIAN_POINT ( 'NONE',  ( 19.95989460129706217, -1.214306433183764966E-14, 45.95228620542303588 ) ) ;
#326 = ORIENTED_EDGE ( 'NONE', *, *, #4037, .F. ) ;
#327 = AXIS2_PLACEMENT_3D ( 'NONE', #7022, #1230, #3473 ) ;
#328 = EDGE_CURVE ( 'NONE', #341, #6188, #893, .T. ) ;
#329 = LINE ( 'NONE', #1608, #7485 ) ;
#330 = DIRECTION ( 'NONE',  ( 0.000000000000000000, -1.000000000000000000, 0.000000000000000000 ) ) ;
#331 = CARTESIAN_POINT ( 'NONE',  ( 19.95989460129610649, 9.500000000000000000, -45.95228620542344800 ) ) ;
#332 = ORIENTED_EDGE ( 'NONE', *, *, #2013, .F. ) ;
#333 = EDGE_LOOP ( 'NONE', ( #3136, #4554, #6791, #3775 ) ) ;
#334 = DIRECTION ( 'NONE',  ( 0.000000000000000000, 0.000000000000000000, 1.000000000000000000 ) ) ;
#335 = CARTESIAN_POINT ( 'NONE',  ( 47.20727219815270814, -1.040834085586084257E-14, -18.92746856976686587 ) ) ;
#336 = VERTEX_POINT ( 'NONE', #4034 ) ;
#337 = DIRECTION ( 'NONE',  ( 0.000000000000000000, 0.000000000000000000, 1.000000000000000000 ) ) ;
#338 = ORIENTED_EDGE ( 'NONE', *, *, #6251, .F. ) ;
#339 = ADVANCED_FACE ( 'NONE', ( #1540 ), #6367, .F. ) ;
#340 = CARTESIAN_POINT ( 'NONE',  ( -31.61750601073502764, 9.500000000000000000, 38.86313566429160460 ) ) ;
#341 = VERTEX_POINT ( 'NONE', #3214 ) ;
#342 = DIRECTION ( 'NONE',  ( 0.000000000000000000, -0.7071067811865426878, -0.7071067811865524577 ) ) ;
#343 = ORIENTED_EDGE ( 'NONE', *, *, #7311, .F. ) ;
#344 = FACE_OUTER_BOUND ( 'NONE', #4879, .T. ) ;
#345 = CONICAL_SURFACE ( 'NONE', #4594, 58.65000000000006963, 0.7853981633974415066 ) ;
#346 = CARTESIAN_POINT ( 'NONE',  ( 55.22812996414072018, 11.00000000000000000, -4.030420035677476420 ) ) ;
#347 = EDGE_LOOP ( 'NONE', ( #7290, #407, #3292, #4117 ) ) ;
#348 = EDGE_CURVE ( 'NONE', #5809, #5745, #6450, .T. ) ;
#349 = DIRECTION ( 'NONE',  ( 0.000000000000000000, 1.000000000000000000, 0.000000000000000000 ) ) ;
#350 = DIRECTION ( 'NONE',  ( 0.000000000000000000, 0.000000000000000000, -1.000000000000000000 ) ) ;
#351 = CIRCLE ( 'NONE', #4720, 2.649999999999916422 ) ;
#352 = CARTESIAN_POINT ( 'NONE',  ( -26.03115589677498676, -1.387778780781445676E-14, 42.80641216777921443 ) ) ;
#353 = ORIENTED_EDGE ( 'NONE', *, *, #6434, .F. ) ;
#354 = CARTESIAN_POINT ( 'NONE',  ( -40.93019163982300768, -1.387778780781445676E-14, 26.74168413795511512 ) ) ;
#355 = CARTESIAN_POINT ( 'NONE',  ( 13.51681823496627821, -0.5000000000000004441, -45.59215609612500231 ) ) ;
#356 = AXIS2_PLACEMENT_3D ( 'NONE', #1744, #1823, #4054 ) ;
#357 = EDGE_LOOP ( 'NONE', ( #3351, #402 ) ) ;
#358 = EDGE_CURVE ( 'NONE', #2095, #4717, #2450, .T. ) ;
#359 = FACE_OUTER_BOUND ( 'NONE', #201, .T. ) ;
#360 = ORIENTED_EDGE ( 'NONE', *, *, #4421, .F. ) ;
#361 = AXIS2_PLACEMENT_3D ( 'NONE', #6369, #4003, #3397 ) ;
#362 = CIRCLE ( 'NONE', #5580, 2.649999999999916422 ) ;
#363 = DIRECTION ( 'NONE',  ( 0.000000000000000000, -0.7071067811865426878, -0.7071067811865524577 ) ) ;
#364 = CARTESIAN_POINT ( 'NONE',  ( -40.93019163982320663, 9.500000000000000000, -28.89168413795475487 ) ) ;
#365 = CARTESIAN_POINT ( 'NONE',  ( -36.61488181033384137, -0.5000000000000004441, 34.19591247525476518 ) ) ;
#366 = ORIENTED_EDGE ( 'NONE', *, *, #5182, .T. ) ;
#367 = VERTEX_POINT ( 'NONE', #1340 ) ;
#368 = ADVANCED_FACE ( 'NONE', ( #740 ), #770, .F. ) ;
#369 = CARTESIAN_POINT ( 'NONE',  ( 13.23327348812998849, 11.00000000000000000, -53.77054117068531269 ) ) ;
#370 = AXIS2_PLACEMENT_3D ( 'NONE', #6600, #3705, #3134 ) ;
#371 = LINE ( 'NONE', #1581, #3997 ) ;
#372 = ORIENTED_EDGE ( 'NONE', *, *, #6089, .F. ) ;
#373 = AXIS2_PLACEMENT_3D ( 'NONE', #2707, #3279, #3917 ) ;
#374 = FACE_OUTER_BOUND ( 'NONE', #6050, .T. ) ;
#375 = ORIENTED_EDGE ( 'NONE', *, *, #3550, .F. ) ;
#376 = CARTESIAN_POINT ( 'NONE',  ( -13.51681823496694257, 9.500000000000000000, -46.09215609612481046 ) ) ;
#377 = EDGE_LOOP ( 'NONE', ( #4409, #2797, #2234, #7390 ) ) ;
#378 = EDGE_CURVE ( 'NONE', #2286, #3797, #6440, .T. ) ;
#379 = LINE ( 'NONE', #4593, #2861 ) ;
#380 = VECTOR ( 'NONE', #946, 1000.000000000000000 ) ;
#381 = ADVANCED_FACE ( 'NONE', ( #2484 ), #3618, .F. ) ;
#382 = CYLINDRICAL_SURFACE ( 'NONE', #5840, 2.149999999999922640 ) ;
#383 = CARTESIAN_POINT ( 'NONE',  ( -31.10451112088840731, -0.5000000000000004441, -45.81375353461597655 ) ) ;
#384 = CIRCLE ( 'NONE', #5975, 2.149999999999922640 ) ;
#385 = DIRECTION ( 'NONE',  ( -0.000000000000000000, -1.000000000000000000, -0.000000000000000000 ) ) ;
#386 = EDGE_LOOP ( 'NONE', ( #1278, #4462, #5269, #5849 ) ) ;
#387 = DIRECTION ( 'NONE',  ( 0.000000000000000000, 1.000000000000000000, 0.000000000000000000 ) ) ;
#388 = DIRECTION ( 'NONE',  ( 0.000000000000000000, 0.000000000000000000, -1.000000000000000000 ) ) ;
#389 = EDGE_CURVE ( 'NONE', #3015, #1662, #7424, .T. ) ;
#390 = FACE_OUTER_BOUND ( 'NONE', #333, .T. ) ;
#391 = EDGE_LOOP ( 'NONE', ( #1698, #6355 ) ) ;
#392 = CARTESIAN_POINT ( 'NONE',  ( -26.03115589677527097, 9.500000000000000000, -42.80641216777904390 ) ) ;
#393 = DIRECTION ( 'NONE',  ( -0.000000000000000000, -1.000000000000000000, -0.000000000000000000 ) ) ;
#394 = ORIENTED_EDGE ( 'NONE', *, *, #475, .T. ) ;
#395 = CARTESIAN_POINT ( 'NONE',  ( 49.98320533644604780, -1.387778780781445676E-14, 5.568944909569431445 ) ) ;
#396 = DIRECTION ( 'NONE',  ( 0.000000000000000000, -1.000000000000000000, 0.000000000000000000 ) ) ;
#397 = ADVANCED_FACE ( 'NONE', ( #3018 ), #4776, .F. ) ;
#398 = CARTESIAN_POINT ( 'NONE',  ( -44.48304944195906074, -1.214306433183764966E-14, -20.89925839033069010 ) ) ;
#399 = FACE_BOUND ( 'NONE', #491, .T. ) ;
#400 = DIRECTION ( 'NONE',  ( -0.000000000000000000, -1.000000000000000000, -0.000000000000000000 ) ) ;
#401 = ORIENTED_EDGE ( 'NONE', *, *, #6442, .F. ) ;
#402 = ORIENTED_EDGE ( 'NONE', *, *, #6779, .T. ) ;
#403 = EDGE_CURVE ( 'NONE', #3184, #2605, #2479, .T. ) ;
#404 = CARTESIAN_POINT ( 'NONE',  ( 13.51681823496726231, -1.214306433183764966E-14, 46.09215609612471809 ) ) ;
#405 = EDGE_CURVE ( 'NONE', #3377, #3153, #177, .T. ) ;
#406 = DIRECTION ( 'NONE',  ( 0.000000000000000000, 0.000000000000000000, 1.000000000000000000 ) ) ;
#407 = ORIENTED_EDGE ( 'NONE', *, *, #6263, .F. ) ;
#408 = LINE ( 'NONE', #7329, #4300 ) ;
#409 = EDGE_LOOP ( 'NONE', ( #1101, #2228 ) ) ;
#410 = CARTESIAN_POINT ( 'NONE',  ( -13.51681823496661572, 9.500000000000000000, 48.24215609612481614 ) ) ;
#411 = ORIENTED_EDGE ( 'NONE', *, *, #6674, .T. ) ;
#412 = DIRECTION ( 'NONE',  ( 0.000000000000000000, 1.000000000000000000, 0.000000000000000000 ) ) ;
#413 = CIRCLE ( 'NONE', #2360, 2.649999999999916422 ) ;
#414 = DIRECTION ( 'NONE',  ( 0.000000000000000000, 0.000000000000000000, 1.000000000000000000 ) ) ;
#415 = LINE ( 'NONE', #1067, #5403 ) ;
#416 = ORIENTED_EDGE ( 'NONE', *, *, #4463, .T. ) ;
#417 = CARTESIAN_POINT ( 'NONE',  ( 55.22812996414072018, -0.5000000000000004441, -6.530420035677678925 ) ) ;
#418 = ORIENTED_EDGE ( 'NONE', *, *, #2917, .F. ) ;
#419 = AXIS2_PLACEMENT_3D ( 'NONE', #340, #2235, #6843 ) ;
#420 = CARTESIAN_POINT ( 'NONE',  ( 0.000000000000000000, 0.9999999999999995559, 0.000000000000000000 ) ) ;
#421 = CIRCLE ( 'NONE', #190, 2.149999999999922640 ) ;
#422 = FACE_OUTER_BOUND ( 'NONE', #1431, .T. ) ;
#423 = AXIS2_PLACEMENT_3D ( 'NONE', #3407, #5660, #1059 ) ;
#424 = CIRCLE ( 'NONE', #2613, 2.649999999999916422 ) ;
#425 = CIRCLE ( 'NONE', #1391, 2.149999999999922640 ) ;
#426 = AXIS2_PLACEMENT_3D ( 'NONE', #7426, #7388, #6820 ) ;
#427 = FACE_OUTER_BOUND ( 'NONE', #2685, .T. ) ;
#428 = AXIS2_PLACEMENT_3D ( 'NONE', #6296, #4423, #1050 ) ;
#429 = CIRCLE ( 'NONE', #6626, 2.149999999999922640 ) ;
#430 = VECTOR ( 'NONE', #5971, 1000.000000000000000 ) ;
#431 = ORIENTED_EDGE ( 'NONE', *, *, #4052, .T. ) ;
#432 = FACE_OUTER_BOUND ( 'NONE', #3537, .T. ) ;
#433 = DIRECTION ( 'NONE',  ( 0.000000000000000000, 0.000000000000000000, 1.000000000000000000 ) ) ;
#434 = EDGE_LOOP ( 'NONE', ( #5545, #128, #2141, #539 ) ) ;
#435 = DIRECTION ( 'NONE',  ( 0.000000000000000000, 0.000000000000000000, 1.000000000000000000 ) ) ;
#436 = ADVANCED_FACE ( 'NONE', ( #6556 ), #2108, .F. ) ;
#437 = LINE ( 'NONE', #963, #4372 ) ;
#438 = AXIS2_PLACEMENT_3D ( 'NONE', #5416, #7169, #1955 ) ;
#439 = ORGANIZATION ( 'UNSPECIFIED', 'UNSPECIFIED', '' ) ;
#440 = AXIS2_PLACEMENT_3D ( 'NONE', #3203, #5532, #3245 ) ;
#441 = CYLINDRICAL_SURFACE ( 'NONE', #6758, 2.149999999999922640 ) ;
#442 = FACE_BOUND ( 'NONE', #4328, .T. ) ;
#443 = FACE_OUTER_BOUND ( 'NONE', #1956, .T. ) ;
#444 = VERTEX_POINT ( 'NONE', #5915 ) ;
#445 = EDGE_CURVE ( 'NONE', #3522, #2924, #3683, .T. ) ;
#446 = EDGE_LOOP ( 'NONE', ( #3968, #4583, #1554, #141 ) ) ;
#447 = CARTESIAN_POINT ( 'NONE',  ( 36.61488181033430322, 9.500000000000000000, 36.34591247525416691 ) ) ;
#448 = DIRECTION ( 'NONE',  ( 0.000000000000000000, -1.000000000000000000, 0.000000000000000000 ) ) ;
#449 = ORIENTED_EDGE ( 'NONE', *, *, #4970, .F. ) ;
#450 = CARTESIAN_POINT ( 'NONE',  ( 36.61488181033361400, 9.500000000000000000, -32.04591247525505793 ) ) ;
#451 = DIRECTION ( 'NONE',  ( 0.000000000000000000, 0.000000000000000000, -1.000000000000000000 ) ) ;
#452 = ORIENTED_EDGE ( 'NONE', *, *, #4011, .T. ) ;
#453 = DIRECTION ( 'NONE',  ( -0.000000000000000000, -1.000000000000000000, -0.000000000000000000 ) ) ;
#454 = VERTEX_POINT ( 'NONE', #5371 ) ;
#455 = EDGE_CURVE ( 'NONE', #5838, #5752, #1495, .T. ) ;
#456 = DIRECTION ( 'NONE',  ( 0.000000000000000000, 1.000000000000000000, 0.000000000000000000 ) ) ;
#457 = FACE_OUTER_BOUND ( 'NONE', #2515, .T. ) ;
#458 = CARTESIAN_POINT ( 'NONE',  ( -19.95989460129642978, 9.500000000000000000, 45.95228620542332720 ) ) ;
#459 = EDGE_LOOP ( 'NONE', ( #2628, #5008, #4976, #2954 ) ) ;
#460 = DIRECTION ( 'NONE',  ( -0.000000000000000000, -1.000000000000000000, -0.000000000000000000 ) ) ;
#461 = ORIENTED_EDGE ( 'NONE', *, *, #7237, .T. ) ;
#462 = CARTESIAN_POINT ( 'NONE',  ( 13.51681823496627821, 9.500000000000000000, -48.24215609612492273 ) ) ;
#463 = DIRECTION ( 'NONE',  ( 0.000000000000000000, 0.000000000000000000, 1.000000000000000000 ) ) ;
#464 = EDGE_CURVE ( 'NONE', #6655, #3078, #5877, .T. ) ;
#465 = DIRECTION ( 'NONE',  ( -0.000000000000000000, -1.000000000000000000, -0.000000000000000000 ) ) ;
#466 = ORIENTED_EDGE ( 'NONE', *, *, #7001, .T. ) ;
#467 = EDGE_LOOP ( 'NONE', ( #715, #89, #6000, #4491 ) ) ;
#468 = FACE_OUTER_BOUND ( 'NONE', #4822, .T. ) ;
#469 = FACE_OUTER_BOUND ( 'NONE', #7170, .T. ) ;
#470 = ORIENTED_EDGE ( 'NONE', *, *, #3789, .F. ) ;
#471 = CARTESIAN_POINT ( 'NONE',  ( 20.89958796480521386, -0.5000000000000004441, 51.27960459969808937 ) ) ;
#472 = DIRECTION ( 'NONE',  ( -0.000000000000000000, -1.000000000000000000, -0.000000000000000000 ) ) ;
#473 = ADVANCED_FACE ( 'NONE', ( #2519 ), #3200, .F. ) ;
#474 = EDGE_LOOP ( 'NONE', ( #224, #4885, #5044, #3137 ) ) ;
#475 = EDGE_CURVE ( 'NONE', #2286, #1424, #779, .T. ) ;
#476 = CARTESIAN_POINT ( 'NONE',  ( 36.61488181033430322, 9.500000000000000000, 32.04591247525430475 ) ) ;
#477 = FACE_BOUND ( 'NONE', #4330, .T. ) ;
#478 = DIRECTION ( 'NONE',  ( -0.000000000000000000, -1.000000000000000000, -0.000000000000000000 ) ) ;
#479 = ORIENTED_EDGE ( 'NONE', *, *, #6755, .F. ) ;
#480 = ORIENTED_EDGE ( 'NONE', *, *, #3514, .F. ) ;
#481 = ADVANCED_FACE ( 'NONE', ( #4193 ), #7164, .F. ) ;
#482 = ORIENTED_EDGE ( 'NONE', *, *, #3904, .F. ) ;
#483 = COORDINATED_UNIVERSAL_TIME_OFFSET ( 5, 0, .BEHIND. ) ;
#484 = CONICAL_SURFACE ( 'NONE', #2787, 2.149999999999922196, 0.7853981633974533860 ) ;
#485 = AXIS2_PLACEMENT_3D ( 'NONE', #3415, #3299, #2130 ) ;
#486 = EDGE_CURVE ( 'NONE', #2748, #1205, #3504, .T. ) ;
#487 = FACE_BOUND ( 'NONE', #6306, .T. ) ;
#488 = ORIENTED_EDGE ( 'NONE', *, *, #4642, .F. ) ;
#489 = DIRECTION ( 'NONE',  ( -0.000000000000000000, -1.000000000000000000, -0.000000000000000000 ) ) ;
#490 = DIRECTION ( 'NONE',  ( 0.000000000000000000, 0.000000000000000000, -1.000000000000000000 ) ) ;
#491 = EDGE_LOOP ( 'NONE', ( #3186, #7369 ) ) ;
#492 = CARTESIAN_POINT ( 'NONE',  ( 47.20727219815306341, 9.500000000000000000, 16.77746856976595780 ) ) ;
#493 = VERTEX_POINT ( 'NONE', #4111 ) ;
#494 = DIRECTION ( 'NONE',  ( 0.000000000000000000, -0.7071067811865426878, -0.7071067811865524577 ) ) ;
#495 = CIRCLE ( 'NONE', #3520, 2.149999999999922640 ) ;
#496 = ADVANCED_FACE ( 'NONE', ( #4149 ), #2664, .F. ) ;
#497 = DIRECTION ( 'NONE',  ( 0.000000000000000000, 0.000000000000000000, 1.000000000000000000 ) ) ;
#498 = VECTOR ( 'NONE', #4493, 1000.000000000000000 ) ;
#499 = EDGE_CURVE ( 'NONE', #4048, #4685, #4293, .T. ) ;
#500 = DIRECTION ( 'NONE',  ( 0.000000000000000000, 0.000000000000000000, -1.000000000000000000 ) ) ;
#501 = ORIENTED_EDGE ( 'NONE', *, *, #4142, .F. ) ;
#502 = DIRECTION ( 'NONE',  ( 0.000000000000000000, 0.000000000000000000, -1.000000000000000000 ) ) ;
#503 = VERTEX_POINT ( 'NONE', #7312 ) ;
#504 = CARTESIAN_POINT ( 'NONE',  ( -36.61488181033384137, -1.561251128379126385E-14, 32.04591247525484476 ) ) ;
#505 = CIRCLE ( 'NONE', #3760, 2.149999999999922640 ) ;
#506 = DIRECTION ( 'NONE',  ( -0.000000000000000000, -1.000000000000000000, -0.000000000000000000 ) ) ;
#507 = AXIS2_PLACEMENT_3D ( 'NONE', #6145, #3472, #334 ) ;
#508 = CIRCLE ( 'NONE', #1227, 2.649999999999916422 ) ;
#509 = EDGE_CURVE ( 'NONE', #727, #223, #5997, .T. ) ;
#510 = CYLINDRICAL_SURFACE ( 'NONE', #4308, 2.149999999999922640 ) ;
#511 = EDGE_CURVE ( 'NONE', #5091, #1172, #7099, .T. ) ;
#512 = VERTEX_POINT ( 'NONE', #7240 ) ;
#513 = DIRECTION ( 'NONE',  ( 0.000000000000000000, 0.000000000000000000, -1.000000000000000000 ) ) ;
#514 = DIRECTION ( 'NONE',  ( -0.000000000000000000, -1.000000000000000000, -0.000000000000000000 ) ) ;
#515 = ORIENTED_EDGE ( 'NONE', *, *, #4210, .F. ) ;
#516 = DIRECTION ( 'NONE',  ( 0.000000000000000000, 0.000000000000000000, -1.000000000000000000 ) ) ;
#517 = DIRECTION ( 'NONE',  ( -0.000000000000000000, -1.000000000000000000, -0.000000000000000000 ) ) ;
#518 = ORIENTED_EDGE ( 'NONE', *, *, #131, .F. ) ;
#519 = EDGE_CURVE ( 'NONE', #4397, #5921, #6123, .T. ) ;
#520 = FACE_OUTER_BOUND ( 'NONE', #1097, .T. ) ;
#521 = FACE_BOUND ( 'NONE', #4100, .T. ) ;
#522 = CARTESIAN_POINT ( 'NONE',  ( -49.05211279288440807, 9.500000000000000000, -12.34314625393672493 ) ) ;
#523 = EDGE_LOOP ( 'NONE', ( #7039, #1619, #3121, #518 ) ) ;
#524 = ORIENTED_EDGE ( 'NONE', *, *, #857, .T. ) ;
#525 = VERTEX_POINT ( 'NONE', #3236 ) ;
#526 = FACE_BOUND ( 'NONE', #3709, .T. ) ;
#527 = EDGE_LOOP ( 'NONE', ( #774, #2761, #1929, #1416 ) ) ;
#528 = CARTESIAN_POINT ( 'NONE',  ( -6.821949119721629096, 9.500000000000000000, 47.48336589642030248 ) ) ;
#529 = DIRECTION ( 'NONE',  ( 0.000000000000000000, 0.000000000000000000, 1.000000000000000000 ) ) ;
#530 = EDGE_LOOP ( 'NONE', ( #6889, #5188, #3915, #3533 ) ) ;
#531 = DIRECTION ( 'NONE',  ( 0.000000000000000000, -0.000000000000000000, -1.000000000000000000 ) ) ;
#532 = ORIENTED_EDGE ( 'NONE', *, *, #6736, .T. ) ;
#533 = DIRECTION ( 'NONE',  ( 0.000000000000000000, 0.000000000000000000, -1.000000000000000000 ) ) ;
#534 = EDGE_CURVE ( 'NONE', #6873, #6184, #413, .T. ) ;
#535 = LINE ( 'NONE', #1591, #380 ) ;
#536 = DIRECTION ( 'NONE',  ( 0.000000000000000000, 0.000000000000000000, -1.000000000000000000 ) ) ;
#537 = VERTEX_POINT ( 'NONE', #811 ) ;
#538 = DIRECTION ( 'NONE',  ( -0.000000000000000000, -1.000000000000000000, -0.000000000000000000 ) ) ;
#539 = ORIENTED_EDGE ( 'NONE', *, *, #348, .T. ) ;
#540 = CARTESIAN_POINT ( 'NONE',  ( -31.61750601073530476, -0.5000000000000004441, -41.51313566429131185 ) ) ;
#541 = DIRECTION ( 'NONE',  ( 0.000000000000000000, 0.000000000000000000, -1.000000000000000000 ) ) ;
#542 = EDGE_CURVE ( 'NONE', #4697, #1866, #1526, .T. ) ;
#543 = DIRECTION ( 'NONE',  ( 0.000000000000000000, -0.7071067811865422437, -0.7071067811865526798 ) ) ;
#544 = ORIENTED_EDGE ( 'NONE', *, *, #6927, .F. ) ;
#545 = AXIS2_PLACEMENT_3D ( 'NONE', #5120, #6841, #4013 ) ;
#546 = DIRECTION ( 'NONE',  ( 0.000000000000000000, -1.000000000000000000, 0.000000000000000000 ) ) ;
#547 = CIRCLE ( 'NONE', #4176, 2.149999999999922640 ) ;
#548 = DIRECTION ( 'NONE',  ( -0.000000000000000000, -1.000000000000000000, -0.000000000000000000 ) ) ;
#549 = DIRECTION ( 'NONE',  ( 0.000000000000000000, 0.000000000000000000, -1.000000000000000000 ) ) ;
#550 = VERTEX_POINT ( 'NONE', #3796 ) ;
#551 = ADVANCED_FACE ( 'NONE', ( #875 ), #1952, .F. ) ;
#552 = AXIS2_PLACEMENT_3D ( 'NONE', #3801, #925, #3768 ) ;
#553 = ADVANCED_FACE ( 'NONE', ( #3272 ), #4266, .F. ) ;
#554 = AXIS2_PLACEMENT_3D ( 'NONE', #1183, #1438, #4975 ) ;
#555 = AXIS2_PLACEMENT_3D ( 'NONE', #222, #783, #3066 ) ;
#556 = AXIS2_PLACEMENT_3D ( 'NONE', #1098, #2691, #7414 ) ;
#557 = AXIS2_PLACEMENT_3D ( 'NONE', #5795, #5140, #549 ) ;
#558 = DIRECTION ( 'NONE',  ( 0.000000000000000000, -1.000000000000000000, 0.000000000000000000 ) ) ;
#559 = FACE_BOUND ( 'NONE', #1078, .T. ) ;
#560 = DIRECTION ( 'NONE',  ( 0.000000000000000000, -0.000000000000000000, -1.000000000000000000 ) ) ;
#561 = ORIENTED_EDGE ( 'NONE', *, *, #892, .F. ) ;
#562 = CIRCLE ( 'NONE', #1891, 2.500000000000202505 ) ;
#563 = LOCAL_TIME ( 9, 54, 9.000000000000000000, #483 ) ;
#564 = ORIENTED_EDGE ( 'NONE', *, *, #3656, .T. ) ;
#565 = EDGE_LOOP ( 'NONE', ( #216, #2178 ) ) ;
#566 = EDGE_CURVE ( 'NONE', #7514, #2279, #3125, .T. ) ;
#567 = AXIS2_PLACEMENT_3D ( 'NONE', #3508, #1804, #6443 ) ;
#568 = CARTESIAN_POINT ( 'NONE',  ( 3.498464301520819496E-13, 9.500000000000000000, 50.10000000000000142 ) ) ;
#569 = ORIENTED_EDGE ( 'NONE', *, *, #4222, .T. ) ;
#570 = CARTESIAN_POINT ( 'NONE',  ( 19.95989460129610649, -1.561251128379126385E-14, -45.95228620542344800 ) ) ;
#571 = CARTESIAN_POINT ( 'NONE',  ( 44.48304944195874100, 9.500000000000000000, -23.04925839033120383 ) ) ;
#572 = ORIENTED_EDGE ( 'NONE', *, *, #3306, .F. ) ;
#573 = ORIENTED_EDGE ( 'NONE', *, *, #5421, .F. ) ;
#574 = DIRECTION ( 'NONE',  ( -0.000000000000000000, -1.000000000000000000, -0.000000000000000000 ) ) ;
#575 = ADVANCED_FACE ( 'NONE', ( #390 ), #2027, .F. ) ;
#576 = PLANE ( 'NONE',  #6950 ) ;
#577 = DIRECTION ( 'NONE',  ( 0.000000000000000000, -1.000000000000000000, 0.000000000000000000 ) ) ;
#578 = ORIENTED_EDGE ( 'NONE', *, *, #4247, .F. ) ;
#579 = ADVANCED_FACE ( 'NONE', ( #6592 ), #1023, .F. ) ;
#580 = DIRECTION ( 'NONE',  ( 0.000000000000000000, 0.000000000000000000, -1.000000000000000000 ) ) ;
#581 = EDGE_LOOP ( 'NONE', ( #6107, #578, #7295, #7138 ) ) ;
#582 = DIRECTION ( 'NONE',  ( 0.000000000000000000, 0.000000000000000000, 1.000000000000000000 ) ) ;
#583 = FACE_OUTER_BOUND ( 'NONE', #7372, .T. ) ;
#584 = FACE_OUTER_BOUND ( 'NONE', #4452, .T. ) ;
#585 = EDGE_CURVE ( 'NONE', #1295, #6286, #6249, .T. ) ;
#586 = ORIENTED_EDGE ( 'NONE', *, *, #4941, .T. ) ;
#587 = CARTESIAN_POINT ( 'NONE',  ( 49.05211279288445780, -1.387778780781445676E-14, 10.19314625393647411 ) ) ;
#588 = CARTESIAN_POINT ( 'NONE',  ( 26.03115589677469899, -0.5000000000000004441, -45.45641216777933380 ) ) ;
#589 = DIRECTION ( 'NONE',  ( 0.000000000000000000, 0.000000000000000000, -1.000000000000000000 ) ) ;
#590 = DIRECTION ( 'NONE',  ( 0.000000000000000000, 0.000000000000000000, -1.000000000000000000 ) ) ;
#591 = FACE_OUTER_BOUND ( 'NONE', #6198, .T. ) ;
#592 = EDGE_CURVE ( 'NONE', #367, #4097, #2061, .T. ) ;
#593 = CARTESIAN_POINT ( 'NONE',  ( -19.95989460129674598, -1.387778780781445676E-14, -43.80228620542327178 ) ) ;
#594 = DIRECTION ( 'NONE',  ( 0.000000000000000000, 0.7071067811865451302, 0.7071067811865500152 ) ) ;
#595 = DIRECTION ( 'NONE',  ( 0.000000000000000000, -0.000000000000000000, -1.000000000000000000 ) ) ;
#596 = ORIENTED_EDGE ( 'NONE', *, *, #2455, .F. ) ;
#597 = ORIENTED_EDGE ( 'NONE', *, *, #1174, .T. ) ;
#598 = CIRCLE ( 'NONE', #4231, 2.149999999999922640 ) ;
#599 = CARTESIAN_POINT ( 'NONE',  ( -31.61750601073502764, 9.500000000000000000, 41.01313566429153212 ) ) ;
#600 = ORIENTED_EDGE ( 'NONE', *, *, #5303, .T. ) ;
#601 = CARTESIAN_POINT ( 'NONE',  ( -47.20727219815284315, -0.5000000000000004441, 16.77746856976660439 ) ) ;
#602 = EDGE_CURVE ( 'NONE', #1319, #4507, #4907, .T. ) ;
#603 = LINE ( 'NONE', #3554, #670 ) ;
#604 = VERTEX_POINT ( 'NONE', #4339 ) ;
#605 = ORIENTED_EDGE ( 'NONE', *, *, #4766, .T. ) ;
#606 = AXIS2_PLACEMENT_3D ( 'NONE', #227, #2615, #4930 ) ;
#607 = CARTESIAN_POINT ( 'NONE',  ( 40.93019163982280872, 9.500000000000000000, -26.74168413795539223 ) ) ;
#608 = LINE ( 'NONE', #2850, #1351 ) ;
#609 = AXIS2_PLACEMENT_3D ( 'NONE', #5464, #7294, #195 ) ;
#610 = DIRECTION ( 'NONE',  ( 0.000000000000000000, 0.000000000000000000, 1.000000000000000000 ) ) ;
#611 = EDGE_LOOP ( 'NONE', ( #2258, #5064, #2465, #2618 ) ) ;
#612 = DIRECTION ( 'NONE',  ( 0.000000000000000000, -1.000000000000000000, 0.000000000000000000 ) ) ;
#613 = EDGE_LOOP ( 'NONE', ( #4792, #2457 ) ) ;
#614 = CARTESIAN_POINT ( 'NONE',  ( -40.93019163982300768, -1.387778780781445676E-14, 28.89168413795503554 ) ) ;
#615 = CARTESIAN_POINT ( 'NONE',  ( -36.61488181033384137, 9.500000000000000000, 34.19591247525476518 ) ) ;
#616 = VECTOR ( 'NONE', #1963, 1000.000000000000000 ) ;
#617 = EDGE_CURVE ( 'NONE', #4978, #2997, #6612, .T. ) ;
#618 = CARTESIAN_POINT ( 'NONE',  ( -49.05211279288432280, 2.775557561562891351E-14, 12.34314625393706422 ) ) ;
#619 = VECTOR ( 'NONE', #1563, 999.9999999999998863 ) ;
#620 = ORIENTED_EDGE ( 'NONE', *, *, #602, .F. ) ;
#621 = CARTESIAN_POINT ( 'NONE',  ( 44.48304944195874100, -1.387778780781445676E-14, -25.19925839033112780 ) ) ;
#622 = AXIS2_PLACEMENT_3D ( 'NONE', #2335, #3893, #2719 ) ;
#623 = DIRECTION ( 'NONE',  ( 0.000000000000000000, 0.000000000000000000, 1.000000000000000000 ) ) ;
#624 = CARTESIAN_POINT ( 'NONE',  ( 39.95001788498536399, 11.00000000000000000, 38.34562160129052444 ) ) ;
#625 = CARTESIAN_POINT ( 'NONE',  ( 6.821949119722316546, -1.214306433183764966E-14, 51.78336589642001542 ) ) ;
#626 = EDGE_CURVE ( 'NONE', #6092, #1439, #3244, .T. ) ;
#627 = CIRCLE ( 'NONE', #4868, 2.149999999999922640 ) ;
#628 = DIRECTION ( 'NONE',  ( 0.000000000000000000, 0.000000000000000000, -1.000000000000000000 ) ) ;
#629 = LINE ( 'NONE', #3544, #4810 ) ;
#630 = DIRECTION ( 'NONE',  ( 0.000000000000000000, -1.000000000000000000, 0.000000000000000000 ) ) ;
#631 = CARTESIAN_POINT ( 'NONE',  ( 19.95989460129706217, 9.500000000000000000, 45.95228620542303588 ) ) ;
#632 = CIRCLE ( 'NONE', #4874, 2.649999999999959499 ) ;
#633 = ORIENTED_EDGE ( 'NONE', *, *, #5588, .T. ) ;
#634 = ORIENTED_EDGE ( 'NONE', *, *, #7386, .T. ) ;
#635 = ORIENTED_EDGE ( 'NONE', *, *, #5133, .T. ) ;
#636 = EDGE_CURVE ( 'NONE', #1721, #6424, #3350, .T. ) ;
#637 = CARTESIAN_POINT ( 'NONE',  ( 19.95989460129706217, -0.5000000000000004441, 48.60228620542294919 ) ) ;
#638 = ORIENTED_EDGE ( 'NONE', *, *, #5639, .F. ) ;
#639 = CARTESIAN_POINT ( 'NONE',  ( -54.85923426176246664, 11.00000000000000000, -10.04022819370067410 ) ) ;
#640 = CARTESIAN_POINT ( 'NONE',  ( -24.12361884325211392, 11.00000000000000000, 52.34417357029325046 ) ) ;
#641 = ORIENTED_EDGE ( 'NONE', *, *, #7353, .T. ) ;
#642 = ORIENTED_EDGE ( 'NONE', *, *, #25, .F. ) ;
#643 = DIRECTION ( 'NONE',  ( 0.000000000000000000, 0.000000000000000000, 1.000000000000000000 ) ) ;
#644 = EDGE_CURVE ( 'NONE', #7482, #6951, #72, .T. ) ;
#645 = EDGE_CURVE ( 'NONE', #4158, #7073, #4604, .T. ) ;
#646 = DIRECTION ( 'NONE',  ( 0.000000000000000000, -1.000000000000000000, 0.000000000000000000 ) ) ;
#647 = CARTESIAN_POINT ( 'NONE',  ( -49.98320533644600516, -1.214306433183764966E-14, 1.268944909570270729 ) ) ;
#648 = EDGE_LOOP ( 'NONE', ( #1086, #4843, #5974, #108 ) ) ;
#649 = DIRECTION ( 'NONE',  ( 0.000000000000000000, -1.000000000000000000, 0.000000000000000000 ) ) ;
#650 = EDGE_LOOP ( 'NONE', ( #4781, #3266 ) ) ;
#651 = CARTESIAN_POINT ( 'NONE',  ( 0.000000000000000000, -1.214306433183764966E-14, -50.10000000000000142 ) ) ;
#652 = ORIENTED_EDGE ( 'NONE', *, *, #786, .T. ) ;
#653 = DIRECTION ( 'NONE',  ( -0.000000000000000000, -1.000000000000000000, -0.000000000000000000 ) ) ;
#654 = DIRECTION ( 'NONE',  ( 0.000000000000000000, 0.000000000000000000, -1.000000000000000000 ) ) ;
#655 = ORIENTED_EDGE ( 'NONE', *, *, #6927, .T. ) ;
#656 = DIRECTION ( 'NONE',  ( 0.000000000000000000, 1.000000000000000000, 0.000000000000000000 ) ) ;
#657 = CARTESIAN_POINT ( 'NONE',  ( -24.12361884325211392, 11.00000000000000000, 49.84417357029304441 ) ) ;
#658 = CARTESIAN_POINT ( 'NONE',  ( 52.09272677833285314, 11.00000000000000000, 18.78133226898377472 ) ) ;
#659 = CIRCLE ( 'NONE', #4775, 2.149999999999922640 ) ;
#660 = DIRECTION ( 'NONE',  ( 0.000000000000000000, 0.000000000000000000, 1.000000000000000000 ) ) ;
#661 = DIRECTION ( 'NONE',  ( 0.000000000000000000, 1.000000000000000000, 0.000000000000000000 ) ) ;
#662 = ADVANCED_FACE ( 'NONE', ( #4451 ), #3422, .T. ) ;
#663 = CARTESIAN_POINT ( 'NONE',  ( -47.20727219815284315, 9.500000000000000000, 16.77746856976660439 ) ) ;
#664 = DIRECTION ( 'NONE',  ( 0.000000000000000000, 0.000000000000000000, 1.000000000000000000 ) ) ;
#665 = ORIENTED_EDGE ( 'NONE', *, *, #5786, .F. ) ;
#666 = CIRCLE ( 'NONE', #1871, 2.649999999999916422 ) ;
#667 = DIRECTION ( 'NONE',  ( -0.000000000000000000, -1.000000000000000000, -0.000000000000000000 ) ) ;
#668 = ORIENTED_EDGE ( 'NONE', *, *, #3518, .F. ) ;
#669 = AXIS2_PLACEMENT_3D ( 'NONE', #6728, #6697, #7228 ) ;
#670 = VECTOR ( 'NONE', #1853, 1000.000000000000000 ) ;
#671 = VECTOR ( 'NONE', #506, 1000.000000000000000 ) ;
#672 = CIRCLE ( 'NONE', #5527, 2.149999999999922640 ) ;
#673 = DIRECTION ( 'NONE',  ( 0.000000000000000000, 0.000000000000000000, 1.000000000000000000 ) ) ;
#674 = ORIENTED_EDGE ( 'NONE', *, *, #1848, .T. ) ;
#675 = VECTOR ( 'NONE', #7252, 1000.000000000000000 ) ;
#676 = EDGE_CURVE ( 'NONE', #1297, #5136, #1600, .T. ) ;
#677 = DIRECTION ( 'NONE',  ( 0.000000000000000000, 0.000000000000000000, -1.000000000000000000 ) ) ;
#678 = AXIS2_PLACEMENT_3D ( 'NONE', #233, #6692, #6048 ) ;
#679 = CIRCLE ( 'NONE', #5892, 2.149999999999924416 ) ;
#680 = LINE ( 'NONE', #4208, #4182 ) ;
#681 = VERTEX_POINT ( 'NONE', #2140 ) ;
#682 = ORIENTED_EDGE ( 'NONE', *, *, #1140, .T. ) ;
#683 = DIRECTION ( 'NONE',  ( 0.000000000000000000, -1.000000000000000000, 0.000000000000000000 ) ) ;
#684 = AXIS2_PLACEMENT_3D ( 'NONE', #1265, #3586, #560 ) ;
#685 = VECTOR ( 'NONE', #1708, 1000.000000000000000 ) ;
#686 = VECTOR ( 'NONE', #7398, 1000.000000000000000 ) ;
#687 = FACE_OUTER_BOUND ( 'NONE', #3424, .T. ) ;
#688 = PLANE ( 'NONE',  #2300 ) ;
#689 = ORIENTED_EDGE ( 'NONE', *, *, #4828, .T. ) ;
#690 = PLANE ( 'NONE',  #6384 ) ;
#691 = ORIENTED_EDGE ( 'NONE', *, *, #2100, .T. ) ;
#692 = ADVANCED_FACE ( 'NONE', ( #5676 ), #6321, .F. ) ;
#693 = DIRECTION ( 'NONE',  ( 0.000000000000000000, -0.000000000000000000, -1.000000000000000000 ) ) ;
#694 = EDGE_LOOP ( 'NONE', ( #6297, #6374, #638, #2697 ) ) ;
#695 = AXIS2_PLACEMENT_3D ( 'NONE', #4760, #5337, #3692 ) ;
#696 = DIRECTION ( 'NONE',  ( 0.000000000000000000, 1.000000000000000000, 0.000000000000000000 ) ) ;
#697 = CYLINDRICAL_SURFACE ( 'NONE', #3453, 2.149999999999922640 ) ;
#698 = EDGE_LOOP ( 'NONE', ( #5539, #6713 ) ) ;
#699 = DIRECTION ( 'NONE',  ( 0.000000000000000000, -0.7071067811865430208, -0.7071067811865521247 ) ) ;
#700 = ADVANCED_FACE ( 'NONE', ( #584 ), #510, .F. ) ;
#701 = PLANE ( 'NONE',  #3923 ) ;
#702 = DIRECTION ( 'NONE',  ( 0.000000000000000000, 0.000000000000000000, -1.000000000000000000 ) ) ;
#703 = CARTESIAN_POINT ( 'NONE',  ( 39.95001788498536399, 11.00000000000000000, 35.84562160129032549 ) ) ;
#704 = CARTESIAN_POINT ( 'NONE',  ( 31.61750601073477895, -1.214306433183764966E-14, -41.01313566429174529 ) ) ;
#705 = EDGE_CURVE ( 'NONE', #2924, #3974, #6205, .T. ) ;
#706 = DIRECTION ( 'NONE',  ( 0.000000000000000000, 0.000000000000000000, 1.000000000000000000 ) ) ;
#707 = ORIENTED_EDGE ( 'NONE', *, *, #848, .F. ) ;
#708 = CARTESIAN_POINT ( 'NONE',  ( 49.05211279288428017, 9.500000000000000000, -10.19314625393749729 ) ) ;
#709 = ORIENTED_EDGE ( 'NONE', *, *, #2337, .T. ) ;
#710 = EDGE_CURVE ( 'NONE', #5684, #2314, #672, .T. ) ;
#711 = DIRECTION ( 'NONE',  ( 0.000000000000000000, 1.000000000000000000, 0.000000000000000000 ) ) ;
#712 = VERTEX_POINT ( 'NONE', #2175 ) ;
#713 = CARTESIAN_POINT ( 'NONE',  ( -47.20727219815284315, 9.500000000000000000, 14.62746856976668219 ) ) ;
#714 = DIRECTION ( 'NONE',  ( 0.000000000000000000, 0.000000000000000000, -1.000000000000000000 ) ) ;
#715 = ORIENTED_EDGE ( 'NONE', *, *, #3227, .F. ) ;
#716 = EDGE_CURVE ( 'NONE', #2120, #1776, #6872, .T. ) ;
#717 = ORIENTED_EDGE ( 'NONE', *, *, #4897, .F. ) ;
#718 = CARTESIAN_POINT ( 'NONE',  ( 13.51681823496627821, -1.214306433183764966E-14, -50.39215609612484315 ) ) ;
#719 = CIRCLE ( 'NONE', #3502, 2.149999999999919531 ) ;
#720 = EDGE_CURVE ( 'NONE', #4097, #5994, #2004, .T. ) ;
#721 = CARTESIAN_POINT ( 'NONE',  ( 47.20727219815270814, 9.500000000000000000, -16.77746856976694545 ) ) ;
#722 = DIRECTION ( 'NONE',  ( 0.000000000000000000, -0.000000000000000000, -1.000000000000000000 ) ) ;
#723 = VERTEX_POINT ( 'NONE', #5135 ) ;
#724 = CONICAL_SURFACE ( 'NONE', #3991, 2.149999999999924416, 0.7853981633974557175 ) ;
#725 = AXIS2_PLACEMENT_3D ( 'NONE', #4821, #1360, #5499 ) ;
#726 = DIRECTION ( 'NONE',  ( -0.000000000000000000, -1.000000000000000000, -0.000000000000000000 ) ) ;
#727 = VERTEX_POINT ( 'NONE', #6778 ) ;
#728 = LINE ( 'NONE', #4749, #2053 ) ;
#729 = ORIENTED_EDGE ( 'NONE', *, *, #389, .F. ) ;
#730 = DIRECTION ( 'NONE',  ( 0.000000000000000000, 0.000000000000000000, -1.000000000000000000 ) ) ;
#731 = EDGE_CURVE ( 'NONE', #6703, #1205, #2253, .T. ) ;
#732 = AXIS2_PLACEMENT_3D ( 'NONE', #6486, #1125, #4085 ) ;
#733 = FACE_OUTER_BOUND ( 'NONE', #2236, .T. ) ;
#734 = VERTEX_POINT ( 'NONE', #3307 ) ;
#735 = CARTESIAN_POINT ( 'NONE',  ( -47.04951716605319234, 11.00000000000000000, -29.20160200128195882 ) ) ;
#736 = CYLINDRICAL_SURFACE ( 'NONE', #6239, 2.500000000000203393 ) ;
#737 = ADVANCED_FACE ( 'NONE', ( #427 ), #2747, .T. ) ;
#738 = EDGE_CURVE ( 'NONE', #6166, #2715, #2979, .T. ) ;
#739 = CIRCLE ( 'NONE', #4980, 2.649999999999916422 ) ;
#740 = FACE_OUTER_BOUND ( 'NONE', #6016, .T. ) ;
#741 = LINE ( 'NONE', #703, #1408 ) ;
#742 = LINE ( 'NONE', #5869, #4112 ) ;
#743 = CARTESIAN_POINT ( 'NONE',  ( -31.61750601073502764, -1.561251128379126385E-14, 36.71313566429168418 ) ) ;
#744 = ORIENTED_EDGE ( 'NONE', *, *, #4222, .F. ) ;
#745 = DIRECTION ( 'NONE',  ( 0.000000000000000000, -1.000000000000000000, 0.000000000000000000 ) ) ;
#746 = EDGE_LOOP ( 'NONE', ( #6876, #5490, #5509, #1379 ) ) ;
#747 = CIRCLE ( 'NONE', #7179, 2.500000000000202505 ) ;
#748 = AXIS2_PLACEMENT_3D ( 'NONE', #2841, #6957, #4012 ) ;
#749 = CARTESIAN_POINT ( 'NONE',  ( 52.09272677833285314, 11.00000000000000000, 21.28133226898397723 ) ) ;
#750 = ORIENTED_EDGE ( 'NONE', *, *, #3559, .F. ) ;
#751 = CARTESIAN_POINT ( 'NONE',  ( 19.95989460129706217, -1.214306433183764966E-14, 43.80228620542310836 ) ) ;
#752 = DIRECTION ( 'NONE',  ( 0.000000000000000000, 0.000000000000000000, 1.000000000000000000 ) ) ;
#753 = EDGE_LOOP ( 'NONE', ( #1234, #1712, #5719, #6206 ) ) ;
#754 = ORIENTED_EDGE ( 'NONE', *, *, #3168, .T. ) ;
#755 = CARTESIAN_POINT ( 'NONE',  ( 0.000000000000000000, 0.000000000000000000, 0.000000000000000000 ) ) ;
#756 = DIRECTION ( 'NONE',  ( -0.000000000000000000, -1.000000000000000000, -0.000000000000000000 ) ) ;
#757 = DIRECTION ( 'NONE',  ( 0.000000000000000000, 0.000000000000000000, -1.000000000000000000 ) ) ;
#758 = EDGE_LOOP ( 'NONE', ( #6678, #7210 ) ) ;
#759 = DIRECTION ( 'NONE',  ( 0.000000000000000000, 1.000000000000000000, 0.000000000000000000 ) ) ;
#760 = VERTEX_POINT ( 'NONE', #2214 ) ;
#761 = ADVANCED_FACE ( 'NONE', ( #3992 ), #310, .F. ) ;
#762 = DIRECTION ( 'NONE',  ( -0.000000000000000000, -1.000000000000000000, -0.000000000000000000 ) ) ;
#763 = EDGE_LOOP ( 'NONE', ( #744, #2679, #3906, #1123 ) ) ;
#764 = CARTESIAN_POINT ( 'NONE',  ( -19.95989460129642978, 9.500000000000000000, 43.80228620542340678 ) ) ;
#765 = CARTESIAN_POINT ( 'NONE',  ( 49.05211279288445780, 9.500000000000000000, 12.34314625393639808 ) ) ;
#766 = ORIENTED_EDGE ( 'NONE', *, *, #5189, .T. ) ;
#767 = EDGE_CURVE ( 'NONE', #4933, #6458, #5646, .T. ) ;
#768 = CARTESIAN_POINT ( 'NONE',  ( -47.20727219815295683, -0.5000000000000004441, -16.77746856976627754 ) ) ;
#769 = CARTESIAN_POINT ( 'NONE',  ( -44.48304944195891153, 9.500000000000000000, 23.04925839033091961 ) ) ;
#770 = CYLINDRICAL_SURFACE ( 'NONE', #2197, 2.149999999999922640 ) ;
#771 = DIRECTION ( 'NONE',  ( -0.000000000000000000, -1.000000000000000000, -0.000000000000000000 ) ) ;
#772 = DIRECTION ( 'NONE',  ( 0.000000000000000000, -0.000000000000000000, 1.000000000000000000 ) ) ;
#773 = CARTESIAN_POINT ( 'NONE',  ( 55.22812996414072018, -0.5000000000000004441, -4.030420035677476420 ) ) ;
#774 = ORIENTED_EDGE ( 'NONE', *, *, #5931, .F. ) ;
#775 = EDGE_CURVE ( 'NONE', #4540, #7119, #3700, .T. ) ;
#776 = DIRECTION ( 'NONE',  ( 0.000000000000000000, 0.000000000000000000, -1.000000000000000000 ) ) ;
#777 = ORIENTED_EDGE ( 'NONE', *, *, #5052, .T. ) ;
#778 = EDGE_CURVE ( 'NONE', #979, #5230, #4680, .T. ) ;
#779 = CIRCLE ( 'NONE', #1015, 2.149999999999922640 ) ;
#780 = AXIS2_PLACEMENT_3D ( 'NONE', #4862, #1364, #3221 ) ;
#781 = LINE ( 'NONE', #4920, #4317 ) ;
#782 = CARTESIAN_POINT ( 'NONE',  ( -40.93019163982320663, -0.5000000000000004441, -31.54168413795466819 ) ) ;
#783 = DIRECTION ( 'NONE',  ( 0.000000000000000000, -1.000000000000000000, 0.000000000000000000 ) ) ;
#784 = AXIS2_PLACEMENT_3D ( 'NONE', #6111, #5553, #5476 ) ;
#785 = EDGE_LOOP ( 'NONE', ( #3936, #5163, #7077, #1336 ) ) ;
#786 = EDGE_CURVE ( 'NONE', #4057, #6184, #5824, .T. ) ;
#787 = CONICAL_SURFACE ( 'NONE', #3691, 2.149999999999922640, 0.7853981633974548293 ) ;
#788 = ORIENTED_EDGE ( 'NONE', *, *, #5683, .T. ) ;
#789 = CIRCLE ( 'NONE', #5027, 2.149999999999922640 ) ;
#790 = VECTOR ( 'NONE', #6401, 1000.000000000000000 ) ;
#791 = VECTOR ( 'NONE', #2037, 1000.000000000000000 ) ;
#792 = DIRECTION ( 'NONE',  ( 8.659560562354990790E-17, -0.7071067811865430208, 0.7071067811865521247 ) ) ;
#793 = DIRECTION ( 'NONE',  ( 0.000000000000000000, 0.000000000000000000, 1.000000000000000000 ) ) ;
#794 = ORIENTED_EDGE ( 'NONE', *, *, #6117, .T. ) ;
#795 = FACE_OUTER_BOUND ( 'NONE', #2354, .T. ) ;
#796 = EDGE_LOOP ( 'NONE', ( #375, #2775, #4155, #2949 ) ) ;
#797 = CARTESIAN_POINT ( 'NONE',  ( -47.20727219815284315, -0.5000000000000004441, 19.42746856976652126 ) ) ;
#798 = ORIENTED_EDGE ( 'NONE', *, *, #7061, .F. ) ;
#799 = EDGE_CURVE ( 'NONE', #1934, #41, #2610, .T. ) ;
#800 = DIRECTION ( 'NONE',  ( 0.000000000000000000, 0.000000000000000000, 1.000000000000000000 ) ) ;
#801 = AXIS2_PLACEMENT_3D ( 'NONE', #6667, #878, #6091 ) ;
#802 = VECTOR ( 'NONE', #574, 1000.000000000000000 ) ;
#803 = CONICAL_SURFACE ( 'NONE', #3348, 2.149999999999922640, 0.7853981633974548293 ) ;
#804 = ADVANCED_FACE ( 'NONE', ( #5366 ), #1334, .T. ) ;
#805 = DIRECTION ( 'NONE',  ( 0.000000000000000000, 0.000000000000000000, 1.000000000000000000 ) ) ;
#806 = VECTOR ( 'NONE', #6026, 1000.000000000000000 ) ;
#807 = EDGE_LOOP ( 'NONE', ( #4168, #3644, #4826, #3848 ) ) ;
#808 = DIRECTION ( 'NONE',  ( 0.000000000000000000, 0.000000000000000000, -1.000000000000000000 ) ) ;
#809 = CARTESIAN_POINT ( 'NONE',  ( 52.09272677833285314, 11.00000000000000000, 18.78133226898377472 ) ) ;
#810 = EDGE_CURVE ( 'NONE', #2571, #6939, #2362, .T. ) ;
#811 = CARTESIAN_POINT ( 'NONE',  ( -47.20727219815295683, -0.5000000000000004441, -19.42746856976619085 ) ) ;
#812 = DIRECTION ( 'NONE',  ( 0.000000000000000000, 1.000000000000000000, 0.000000000000000000 ) ) ;
#813 = CARTESIAN_POINT ( 'NONE',  ( -47.04951716605319234, -0.5000000000000004441, -26.70160200128175276 ) ) ;
#814 = ORIENTED_EDGE ( 'NONE', *, *, #1665, .F. ) ;
#815 = DIRECTION ( 'NONE',  ( 0.000000000000000000, 0.000000000000000000, 1.000000000000000000 ) ) ;
#816 = ORIENTED_EDGE ( 'NONE', *, *, #7452, .F. ) ;
#817 = ADVANCED_FACE ( 'NONE', ( #1831 ), #5252, .F. ) ;
#818 = CYLINDRICAL_SURFACE ( 'NONE', #2501, 2.500000000000203393 ) ;
#819 = CARTESIAN_POINT ( 'NONE',  ( 49.05211279288428017, 9.500000000000000000, -8.043146253937575096 ) ) ;
#820 = DIRECTION ( 'NONE',  ( 0.000000000000000000, 1.000000000000000000, 0.000000000000000000 ) ) ;
#821 = ORIENTED_EDGE ( 'NONE', *, *, #156, .F. ) ;
#822 = ORIENTED_EDGE ( 'NONE', *, *, #986, .T. ) ;
#823 = CARTESIAN_POINT ( 'NONE',  ( 49.98320533644604780, 9.500000000000000000, 5.568944909569431445 ) ) ;
#824 = ADVANCED_FACE ( 'NONE', ( #5907 ), #697, .F. ) ;
#825 = DIRECTION ( 'NONE',  ( 0.000000000000000000, -0.000000000000000000, -1.000000000000000000 ) ) ;
#826 = ADVANCED_FACE ( 'NONE', ( #5216 ), #2442, .F. ) ;
#827 = DIRECTION ( 'NONE',  ( 0.000000000000000000, -1.000000000000000000, 0.000000000000000000 ) ) ;
#828 = ORIENTED_EDGE ( 'NONE', *, *, #3187, .F. ) ;
#829 = DIRECTION ( 'NONE',  ( 0.000000000000000000, -1.000000000000000000, 0.000000000000000000 ) ) ;
#830 = EDGE_LOOP ( 'NONE', ( #6615, #1958, #3783, #2330 ) ) ;
#831 = DIRECTION ( 'NONE',  ( -0.000000000000000000, -1.000000000000000000, -0.000000000000000000 ) ) ;
#832 = CIRCLE ( 'NONE', #4715, 2.500000000000203393 ) ;
#833 = ORIENTED_EDGE ( 'NONE', *, *, #5326, .T. ) ;
#834 = DIRECTION ( 'NONE',  ( 0.000000000000000000, -1.000000000000000000, -0.000000000000000000 ) ) ;
#835 = CIRCLE ( 'NONE', #2173, 2.649999999999915978 ) ;
#836 = CARTESIAN_POINT ( 'NONE',  ( -31.61750601073502764, 9.500000000000000000, 36.71313566429168418 ) ) ;
#837 = ORIENTED_EDGE ( 'NONE', *, *, #965, .F. ) ;
#838 = DIRECTION ( 'NONE',  ( -0.000000000000000000, -1.000000000000000000, -0.000000000000000000 ) ) ;
#839 = CARTESIAN_POINT ( 'NONE',  ( -44.48304944195891153, -1.387778780781445676E-14, 25.19925839033084358 ) ) ;
#840 = CIRCLE ( 'NONE', #5087, 2.500000000000198952 ) ;
#841 = CIRCLE ( 'NONE', #6, 2.149999999999922640 ) ;
#842 = EDGE_CURVE ( 'NONE', #4730, #3715, #2720, .T. ) ;
#843 = DIRECTION ( 'NONE',  ( 0.000000000000000000, 0.000000000000000000, -1.000000000000000000 ) ) ;
#844 = DIRECTION ( 'NONE',  ( 0.000000000000000000, -1.000000000000000000, 0.000000000000000000 ) ) ;
#845 = FACE_OUTER_BOUND ( 'NONE', #807, .T. ) ;
#846 = ORIENTED_EDGE ( 'NONE', *, *, #2830, .F. ) ;
#847 = DIRECTION ( 'NONE',  ( 0.000000000000000000, -1.000000000000000000, 0.000000000000000000 ) ) ;
#848 = EDGE_CURVE ( 'NONE', #444, #3890, #7347, .T. ) ;
#849 = ORIENTED_EDGE ( 'NONE', *, *, #3189, .F. ) ;
#850 = CIRCLE ( 'NONE', #3648, 2.500000000000203393 ) ;
#851 = ORIENTED_EDGE ( 'NONE', *, *, #4520, .T. ) ;
#852 = CARTESIAN_POINT ( 'NONE',  ( 6.821949119721279153, -1.214306433183764966E-14, -49.63336589642025842 ) ) ;
#853 = DIRECTION ( 'NONE',  ( 0.000000000000000000, 0.000000000000000000, 1.000000000000000000 ) ) ;
#854 = DIRECTION ( 'NONE',  ( -0.000000000000000000, -1.000000000000000000, -0.000000000000000000 ) ) ;
#855 = AXIS2_PLACEMENT_3D ( 'NONE', #2332, #3996, #1115 ) ;
#856 = VERTEX_POINT ( 'NONE', #3612 ) ;
#857 = EDGE_CURVE ( 'NONE', #336, #4057, #5941, .T. ) ;
#858 = ORIENTED_EDGE ( 'NONE', *, *, #114, .F. ) ;
#859 = AXIS2_PLACEMENT_3D ( 'NONE', #5413, #1839, #6521 ) ;
#860 = DIRECTION ( 'NONE',  ( -0.000000000000000000, -1.000000000000000000, -0.000000000000000000 ) ) ;
#861 = CARTESIAN_POINT ( 'NONE',  ( -13.51681823496661572, 2.775557561562891351E-14, 48.24215609612481614 ) ) ;
#862 = ORIENTED_EDGE ( 'NONE', *, *, #1727, .T. ) ;
#863 = CARTESIAN_POINT ( 'NONE',  ( 36.61488181033361400, 9.500000000000000000, -34.19591247525498545 ) ) ;
#864 = ORIENTED_EDGE ( 'NONE', *, *, #244, .F. ) ;
#865 = DIRECTION ( 'NONE',  ( 0.000000000000000000, 0.000000000000000000, -1.000000000000000000 ) ) ;
#866 = ORIENTED_EDGE ( 'NONE', *, *, #4949, .F. ) ;
#867 = EDGE_CURVE ( 'NONE', #6047, #4750, #4103, .T. ) ;
#868 = CARTESIAN_POINT ( 'NONE',  ( 49.98320533644604780, 9.500000000000000000, 1.268944909569585944 ) ) ;
#869 = ORIENTED_EDGE ( 'NONE', *, *, #5429, .T. ) ;
#870 = ADVANCED_FACE ( 'NONE', ( #733 ), #3929, .F. ) ;
#871 = DIRECTION ( 'NONE',  ( -0.000000000000000000, -1.000000000000000000, -0.000000000000000000 ) ) ;
#872 = VERTEX_POINT ( 'NONE', #2329 ) ;
#873 = CARTESIAN_POINT ( 'NONE',  ( 19.95989460129706217, -1.214306433183764966E-14, 48.10228620542295630 ) ) ;
#874 = DIRECTION ( 'NONE',  ( 0.000000000000000000, -1.000000000000000000, 0.000000000000000000 ) ) ;
#875 = FACE_OUTER_BOUND ( 'NONE', #2001, .T. ) ;
#876 = ORIENTED_EDGE ( 'NONE', *, *, #7012, .F. ) ;
#877 = LINE ( 'NONE', #5445, #2662 ) ;
#878 = DIRECTION ( 'NONE',  ( -0.000000000000000000, -1.000000000000000000, -0.000000000000000000 ) ) ;
#879 = ORIENTED_EDGE ( 'NONE', *, *, #2588, .F. ) ;
#880 = FACE_OUTER_BOUND ( 'NONE', #4162, .T. ) ;
#881 = ORIENTED_EDGE ( 'NONE', *, *, #4166, .F. ) ;
#882 = EDGE_CURVE ( 'NONE', #6571, #1934, #7124, .T. ) ;
#883 = DIRECTION ( 'NONE',  ( 0.000000000000000000, 0.000000000000000000, -1.000000000000000000 ) ) ;
#884 = CARTESIAN_POINT ( 'NONE',  ( -24.12361884325211392, -0.5000000000000004441, 49.84417357029304441 ) ) ;
#885 = DIRECTION ( 'NONE',  ( 0.000000000000000000, 0.000000000000000000, 1.000000000000000000 ) ) ;
#886 = ORIENTED_EDGE ( 'NONE', *, *, #6442, .T. ) ;
#887 = AXIS2_PLACEMENT_3D ( 'NONE', #1950, #1371, #5512 ) ;
#888 = EDGE_LOOP ( 'NONE', ( #6992, #6563 ) ) ;
#889 =( NAMED_UNIT ( * ) PLANE_ANGLE_UNIT ( ) SI_UNIT ( $, .RADIAN. ) );
#890 = CIRCLE ( 'NONE', #4785, 2.149999999999922640 ) ;
#891 = VECTOR ( 'NONE', #1803, 1000.000000000000000 ) ;
#892 = EDGE_CURVE ( 'NONE', #5752, #1179, #2405, .T. ) ;
#893 = LINE ( 'NONE', #3324, #2558 ) ;
#894 = DIRECTION ( 'NONE',  ( 0.000000000000000000, 0.000000000000000000, -1.000000000000000000 ) ) ;
#895 = ORIENTED_EDGE ( 'NONE', *, *, #5068, .F. ) ;
#896 = CIRCLE ( 'NONE', #2238, 2.500000000000204281 ) ;
#897 = AXIS2_PLACEMENT_3D ( 'NONE', #1830, #5939, #161 ) ;
#898 = DIRECTION ( 'NONE',  ( 0.000000000000000000, 1.000000000000000000, 0.000000000000000000 ) ) ;
#899 = VERTEX_POINT ( 'NONE', #4636 ) ;
#900 = DIRECTION ( 'NONE',  ( 8.659560562354994488E-17, -0.7071067811865425767, 0.7071067811865525687 ) ) ;
#901 = ORIENTED_EDGE ( 'NONE', *, *, #511, .T. ) ;
#902 = CARTESIAN_POINT ( 'NONE',  ( 36.61488181033361400, 9.500000000000000000, -32.04591247525505793 ) ) ;
#903 = VERTEX_POINT ( 'NONE', #6549 ) ;
#904 = CIRCLE ( 'NONE', #4548, 2.649999999999916422 ) ;
#905 = VECTOR ( 'NONE', #494, 1000.000000000000000 ) ;
#906 = AXIS2_PLACEMENT_3D ( 'NONE', #7041, #4136, #7115 ) ;
#907 = ADVANCED_FACE ( 'NONE', ( #19 ), #4067, .T. ) ;
#908 = CIRCLE ( 'NONE', #1150, 2.149999999999922640 ) ;
#909 = DIRECTION ( 'NONE',  ( -0.000000000000000000, -1.000000000000000000, -0.000000000000000000 ) ) ;
#910 = DIRECTION ( 'NONE',  ( -0.000000000000000000, -1.000000000000000000, -0.000000000000000000 ) ) ;
#911 = ORIENTED_EDGE ( 'NONE', *, *, #5458, .T. ) ;
#912 = VECTOR ( 'NONE', #2560, 1000.000000000000000 ) ;
#913 = FACE_OUTER_BOUND ( 'NONE', #1035, .T. ) ;
#914 = CIRCLE ( 'NONE', #5535, 2.149999999999929745 ) ;
#915 = CIRCLE ( 'NONE', #1405, 2.149999999999922640 ) ;
#916 = DIRECTION ( 'NONE',  ( 0.000000000000000000, 1.000000000000000000, 0.000000000000000000 ) ) ;
#917 = CONICAL_SURFACE ( 'NONE', #5533, 2.149999999999922640, 0.7853981633974548293 ) ;
#918 = VECTOR ( 'NONE', #4001, 1000.000000000000000 ) ;
#919 = DIRECTION ( 'NONE',  ( 0.000000000000000000, 0.000000000000000000, 1.000000000000000000 ) ) ;
#920 = ADVANCED_FACE ( 'NONE', ( #3790 ), #1979, .F. ) ;
#921 = VERTEX_POINT ( 'NONE', #3080 ) ;
#922 = DIRECTION ( 'NONE',  ( -0.000000000000000000, -1.000000000000000000, -0.000000000000000000 ) ) ;
#923 = DIRECTION ( 'NONE',  ( 0.000000000000000000, 0.000000000000000000, 1.000000000000000000 ) ) ;
#924 = ORIENTED_EDGE ( 'NONE', *, *, #2821, .F. ) ;
#925 = DIRECTION ( 'NONE',  ( 0.000000000000000000, -1.000000000000000000, 0.000000000000000000 ) ) ;
#926 = EDGE_LOOP ( 'NONE', ( #1450, #3866 ) ) ;
#927 = AXIS2_PLACEMENT_3D ( 'NONE', #1678, #3343, #2739 ) ;
#928 = ADVANCED_FACE ( 'NONE', ( #3831 ), #6155, .T. ) ;
#929 = CYLINDRICAL_SURFACE ( 'NONE', #6877, 2.149999999999922640 ) ;
#930 = DIRECTION ( 'NONE',  ( 0.000000000000000000, -0.7071067811865431318, -0.7071067811865517916 ) ) ;
#931 = CYLINDRICAL_SURFACE ( 'NONE', #5908, 2.149999999999922640 ) ;
#932 = ORIENTED_EDGE ( 'NONE', *, *, #4247, .T. ) ;
#933 = VERTEX_POINT ( 'NONE', #7304 ) ;
#934 = PERSON_AND_ORGANIZATION_ROLE ( 'creator' ) ;
#935 = EDGE_CURVE ( 'NONE', #3610, #1167, #6009, .T. ) ;
#936 = CARTESIAN_POINT ( 'NONE',  ( 26.03115589677558006, -0.5000000000000004441, 40.15641216777894584 ) ) ;
#937 = ADVANCED_FACE ( 'NONE', ( #7196 ), #4298, .F. ) ;
#938 = CARTESIAN_POINT ( 'NONE',  ( -31.61750601073502764, -1.561251128379126385E-14, 41.01313566429153212 ) ) ;
#939 = EDGE_LOOP ( 'NONE', ( #6142, #1705 ) ) ;
#940 = FACE_OUTER_BOUND ( 'NONE', #4124, .T. ) ;
#941 = ORIENTED_EDGE ( 'NONE', *, *, #767, .T. ) ;
#942 = DIRECTION ( 'NONE',  ( 0.000000000000000000, 0.000000000000000000, 1.000000000000000000 ) ) ;
#943 = ORIENTED_EDGE ( 'NONE', *, *, #4406, .T. ) ;
#944 = CARTESIAN_POINT ( 'NONE',  ( 49.98320533644598385, -0.5000000000000004441, -0.7689449095706398785 ) ) ;
#945 = EDGE_CURVE ( 'NONE', #5693, #7396, #7157, .T. ) ;
#946 = DIRECTION ( 'NONE',  ( 8.659560562354990790E-17, -0.7071067811865430208, 0.7071067811865521247 ) ) ;
#947 = CARTESIAN_POINT ( 'NONE',  ( 0.000000000000000000, -0.5000000000000004441, 45.10000000000000142 ) ) ;
#948 = VECTOR ( 'NONE', #2750, 1000.000000000000000 ) ;
#949 = CARTESIAN_POINT ( 'NONE',  ( -19.95989460129674598, 9.500000000000000000, -48.10228620542311972 ) ) ;
#950 = ORIENTED_EDGE ( 'NONE', *, *, #7479, .T. ) ;
#951 = CARTESIAN_POINT ( 'NONE',  ( 31.61750601073556766, 9.500000000000000000, 36.71313566429124364 ) ) ;
#952 = DIRECTION ( 'NONE',  ( -0.000000000000000000, -1.000000000000000000, -0.000000000000000000 ) ) ;
#953 = ADVANCED_FACE ( 'NONE', ( #1945 ), #5402, .F. ) ;
#954 = CIRCLE ( 'NONE', #4471, 2.149999999999922640 ) ;
#955 = DIRECTION ( 'NONE',  ( -0.000000000000000000, -1.000000000000000000, -0.000000000000000000 ) ) ;
#956 = EDGE_LOOP ( 'NONE', ( #4472, #2313, #1130, #6953 ) ) ;
#957 = LINE ( 'NONE', #6027, #2539 ) ;
#958 = AXIS2_PLACEMENT_3D ( 'NONE', #7201, #1954, #4911 ) ;
#959 = CARTESIAN_POINT ( 'NONE',  ( 49.05211279288445780, -0.5000000000000004441, 10.19314625393647411 ) ) ;
#960 = AXIS2_PLACEMENT_3D ( 'NONE', #4857, #4214, #3714 ) ;
#961 = ORIENTED_EDGE ( 'NONE', *, *, #241, .F. ) ;
#962 = DIRECTION ( 'NONE',  ( 8.659560562354990790E-17, -0.7071067811865430208, 0.7071067811865521247 ) ) ;
#963 = CARTESIAN_POINT ( 'NONE',  ( 31.61750601073477895, 9.500000000000000000, -36.71313566429189734 ) ) ;
#964 = ADVANCED_FACE ( 'NONE', ( #3152 ), #2583, .F. ) ;
#965 = EDGE_CURVE ( 'NONE', #2400, #7069, #6014, .T. ) ;
#966 = AXIS2_PLACEMENT_3D ( 'NONE', #568, #2953, #1849 ) ;
#967 = DIRECTION ( 'NONE',  ( -0.000000000000000000, -1.000000000000000000, -0.000000000000000000 ) ) ;
#968 = PLANE ( 'NONE',  #2068 ) ;
#969 = DIRECTION ( 'NONE',  ( 0.000000000000000000, -1.000000000000000000, 0.000000000000000000 ) ) ;
#970 = ORIENTED_EDGE ( 'NONE', *, *, #4981, .F. ) ;
#971 = EDGE_LOOP ( 'NONE', ( #281, #2563 ) ) ;
#972 = ADVANCED_FACE ( 'NONE', ( #3755 ), #4259, .F. ) ;
#973 = DIRECTION ( 'NONE',  ( 0.000000000000000000, 0.000000000000000000, -1.000000000000000000 ) ) ;
#974 = AXIS2_PLACEMENT_3D ( 'NONE', #6269, #1058, #4589 ) ;
#975 = CARTESIAN_POINT ( 'NONE',  ( -53.18329137311566512, 11.00000000000000000, 15.42491956939448094 ) ) ;
#976 = ORIENTED_EDGE ( 'NONE', *, *, #4383, .F. ) ;
#977 = ADVANCED_BREP_SHAPE_REPRESENTATION ( 'Cycloidal Housing Upper', ( #6137, #5293 ), #317 ) ;
#978 = DIRECTION ( 'NONE',  ( 0.000000000000000000, 0.000000000000000000, -1.000000000000000000 ) ) ;
#979 = VERTEX_POINT ( 'NONE', #5508 ) ;
#980 = FACE_OUTER_BOUND ( 'NONE', #1527, .T. ) ;
#981 = VERTEX_POINT ( 'NONE', #3723 ) ;
#982 = DIRECTION ( 'NONE',  ( 0.000000000000000000, 0.000000000000000000, -1.000000000000000000 ) ) ;
#983 = DIRECTION ( 'NONE',  ( 0.000000000000000000, -0.000000000000000000, -1.000000000000000000 ) ) ;
#984 = DIRECTION ( 'NONE',  ( 0.000000000000000000, 1.000000000000000000, 0.000000000000000000 ) ) ;
#985 = VERTEX_POINT ( 'NONE', #6586 ) ;
#986 = EDGE_CURVE ( 'NONE', #5395, #6348, #1368, .T. ) ;
#987 = VECTOR ( 'NONE', #4356, 1000.000000000000000 ) ;
#988 = CYLINDRICAL_SURFACE ( 'NONE', #4678, 2.500000000000203393 ) ;
#989 = ORIENTED_EDGE ( 'NONE', *, *, #7425, .T. ) ;
#990 = DIRECTION ( 'NONE',  ( 0.000000000000000000, 0.000000000000000000, -1.000000000000000000 ) ) ;
#991 = DIRECTION ( 'NONE',  ( 0.000000000000000000, 0.000000000000000000, 1.000000000000000000 ) ) ;
#992 = DIRECTION ( 'NONE',  ( 0.000000000000000000, 1.000000000000000000, 0.000000000000000000 ) ) ;
#993 = ADVANCED_FACE ( 'NONE', ( #3680 ), #1635, .F. ) ;
#994 = ORIENTED_EDGE ( 'NONE', *, *, #4077, .F. ) ;
#995 = DIRECTION ( 'NONE',  ( 0.000000000000000000, 0.000000000000000000, 1.000000000000000000 ) ) ;
#996 = LINE ( 'NONE', #1529, #5166 ) ;
#997 = VERTEX_POINT ( 'NONE', #309 ) ;
#998 = FACE_OUTER_BOUND ( 'NONE', #2132, .T. ) ;
#999 = ORIENTED_EDGE ( 'NONE', *, *, #4642, .T. ) ;
#1000 = EDGE_CURVE ( 'NONE', #3731, #1319, #4180, .T. ) ;
#1001 = CARTESIAN_POINT ( 'NONE',  ( -47.20727219815295683, -1.214306433183764966E-14, -14.62746856976635357 ) ) ;
#1002 = FACE_BOUND ( 'NONE', #6934, .T. ) ;
#1003 = CARTESIAN_POINT ( 'NONE',  ( -26.03115589677527097, -0.5000000000000004441, -42.80641216777904390 ) ) ;
#1004 = EDGE_LOOP ( 'NONE', ( #5021, #2671 ) ) ;
#1005 = VERTEX_POINT ( 'NONE', #4898 ) ;
#1006 = DIRECTION ( 'NONE',  ( 0.000000000000000000, -0.000000000000000000, -1.000000000000000000 ) ) ;
#1007 = FACE_BOUND ( 'NONE', #7381, .T. ) ;
#1008 = ORIENTED_EDGE ( 'NONE', *, *, #2734, .T. ) ;
#1009 = DIRECTION ( 'NONE',  ( 0.000000000000000000, 0.000000000000000000, -1.000000000000000000 ) ) ;
#1010 = CARTESIAN_POINT ( 'NONE',  ( 31.61750601073477895, -1.214306433183764966E-14, -41.01313566429174529 ) ) ;
#1011 = EDGE_LOOP ( 'NONE', ( #4967, #2892, #674, #2705 ) ) ;
#1012 = CARTESIAN_POINT ( 'NONE',  ( 48.81408774733904465, -0.5000000000000004441, -28.64527610095373689 ) ) ;
#1013 = ORIENTED_EDGE ( 'NONE', *, *, #2138, .F. ) ;
#1014 = DIRECTION ( 'NONE',  ( 0.000000000000000000, -1.000000000000000000, 0.000000000000000000 ) ) ;
#1015 = AXIS2_PLACEMENT_3D ( 'NONE', #1306, #99, #1261 ) ;
#1016 = DIRECTION ( 'NONE',  ( 0.000000000000000000, 1.000000000000000000, 0.000000000000000000 ) ) ;
#1017 = CARTESIAN_POINT ( 'NONE',  ( 13.23327348812998849, -0.5000000000000004441, -51.27054117068510664 ) ) ;
#1018 = ORIENTED_EDGE ( 'NONE', *, *, #3383, .T. ) ;
#1019 = EDGE_CURVE ( 'NONE', #6468, #6582, #4867, .T. ) ;
#1020 = CARTESIAN_POINT ( 'NONE',  ( 44.48304944195920996, -1.214306433183764966E-14, 20.89925839033038812 ) ) ;
#1021 = ORIENTED_EDGE ( 'NONE', *, *, #645, .F. ) ;
#1022 = AXIS2_PLACEMENT_3D ( 'NONE', #614, #5787, #3493 ) ;
#1023 = CONICAL_SURFACE ( 'NONE', #3928, 2.149999999999922640, 0.7853981633974543852 ) ;
#1024 = CARTESIAN_POINT ( 'NONE',  ( -36.61488181033408296, -1.214306433183764966E-14, -34.19591247525450228 ) ) ;
#1025 = VECTOR ( 'NONE', #235, 1000.000000000000000 ) ;
#1026 = CARTESIAN_POINT ( 'NONE',  ( 49.05211279288428017, -1.387778780781445676E-14, -8.043146253937575096 ) ) ;
#1027 = VECTOR ( 'NONE', #4551, 1000.000000000000000 ) ;
#1028 = AXIS2_PLACEMENT_3D ( 'NONE', #6899, #3305, #4026 ) ;
#1029 = EDGE_CURVE ( 'NONE', #1328, #2227, #7267, .T. ) ;
#1030 = VECTOR ( 'NONE', #2593, 1000.000000000000114 ) ;
#1031 = CARTESIAN_POINT ( 'NONE',  ( -1.764570581285847650, -0.5000000000000004441, 55.34687810223507398 ) ) ;
#1032 = CONICAL_SURFACE ( 'NONE', #2005, 2.149999999999922640, 0.7853981633974552734 ) ;
#1033 = UNCERTAINTY_MEASURE_WITH_UNIT (LENGTH_MEASURE( 1.000000000000000082E-05 ), #7255, 'distance_accuracy_value', 'NONE');
#1034 = AXIS2_PLACEMENT_3D ( 'NONE', #6229, #456, #6770 ) ;
#1035 = EDGE_LOOP ( 'NONE', ( #1530, #3826, #2051, #4181 ) ) ;
#1036 = AXIS2_PLACEMENT_3D ( 'NONE', #5173, #6933, #4021 ) ;
#1037 = ORIENTED_EDGE ( 'NONE', *, *, #7185, .F. ) ;
#1038 = DIRECTION ( 'NONE',  ( 0.000000000000000000, -1.000000000000000000, 0.000000000000000000 ) ) ;
#1039 = DIRECTION ( 'NONE',  ( 0.000000000000000000, -1.000000000000000000, 0.000000000000000000 ) ) ;
#1040 = EDGE_LOOP ( 'NONE', ( #3440, #3367, #766, #431 ) ) ;
#1041 = DIRECTION ( 'NONE',  ( 0.000000000000000000, 1.000000000000000000, 0.000000000000000000 ) ) ;
#1042 = CARTESIAN_POINT ( 'NONE',  ( 3.498464301520819496E-13, -1.214306433183764966E-14, 50.10000000000000142 ) ) ;
#1043 = CIRCLE ( 'NONE', #6022, 2.649999999999915978 ) ;
#1044 = ADVANCED_FACE ( 'NONE', ( #344 ), #5054, .F. ) ;
#1045 = AXIS2_PLACEMENT_3D ( 'NONE', #4246, #5386, #5496 ) ;
#1046 = CIRCLE ( 'NONE', #3108, 2.149999999999922640 ) ;
#1047 = DIRECTION ( 'NONE',  ( 0.000000000000000000, 0.000000000000000000, -1.000000000000000000 ) ) ;
#1048 = DIRECTION ( 'NONE',  ( 0.000000000000000000, -1.000000000000000000, 0.000000000000000000 ) ) ;
#1049 = VECTOR ( 'NONE', #7363, 1000.000000000000000 ) ;
#1050 = DIRECTION ( 'NONE',  ( 0.000000000000000000, 0.000000000000000000, 1.000000000000000000 ) ) ;
#1051 = EDGE_LOOP ( 'NONE', ( #1988, #6209, #5072, #816 ) ) ;
#1052 = ORIENTED_EDGE ( 'NONE', *, *, #4731, .F. ) ;
#1053 = PERSON_AND_ORGANIZATION ( #4236, #439 ) ;
#1054 = EDGE_CURVE ( 'NONE', #2798, #1847, #415, .T. ) ;
#1055 = EDGE_CURVE ( 'NONE', #2177, #7158, #303, .T. ) ;
#1056 = CARTESIAN_POINT ( 'NONE',  ( -47.20727219815284315, -1.387778780781445676E-14, 16.77746856976660439 ) ) ;
#1057 = ORIENTED_EDGE ( 'NONE', *, *, #4861, .F. ) ;
#1058 = DIRECTION ( 'NONE',  ( 0.000000000000000000, -1.000000000000000000, 0.000000000000000000 ) ) ;
#1059 = DIRECTION ( 'NONE',  ( 0.000000000000000000, 0.000000000000000000, 1.000000000000000000 ) ) ;
#1060 = ORIENTED_EDGE ( 'NONE', *, *, #645, .T. ) ;
#1061 = CARTESIAN_POINT ( 'NONE',  ( 49.98320533644604780, 9.500000000000000000, 3.418944909569508805 ) ) ;
#1062 = ORIENTED_EDGE ( 'NONE', *, *, #3470, .T. ) ;
#1063 = DIRECTION ( 'NONE',  ( 0.000000000000000000, -1.000000000000000000, 0.000000000000000000 ) ) ;
#1064 = EDGE_CURVE ( 'NONE', #3032, #6353, #421, .T. ) ;
#1065 = EDGE_CURVE ( 'NONE', #3153, #1854, #2693, .T. ) ;
#1066 = DIRECTION ( 'NONE',  ( 0.000000000000000000, 0.000000000000000000, -1.000000000000000000 ) ) ;
#1067 = CARTESIAN_POINT ( 'NONE',  ( -54.85923426176246664, 11.00000000000000000, -5.040228193700268200 ) ) ;
#1068 = ORIENTED_EDGE ( 'NONE', *, *, #3157, .T. ) ;
#1069 = DIRECTION ( 'NONE',  ( 0.000000000000000000, 0.000000000000000000, -1.000000000000000000 ) ) ;
#1070 = EDGE_LOOP ( 'NONE', ( #6821, #6242 ) ) ;
#1071 = CARTESIAN_POINT ( 'NONE',  ( 47.20727219815306341, -0.5000000000000004441, 16.77746856976595780 ) ) ;
#1072 = DIRECTION ( 'NONE',  ( 0.000000000000000000, -1.000000000000000000, 0.000000000000000000 ) ) ;
#1073 = EDGE_CURVE ( 'NONE', #2279, #454, #7107, .T. ) ;
#1074 = DIRECTION ( 'NONE',  ( 0.000000000000000000, 1.000000000000000000, 0.000000000000000000 ) ) ;
#1075 = ORIENTED_EDGE ( 'NONE', *, *, #6513, .F. ) ;
#1076 = CYLINDRICAL_SURFACE ( 'NONE', #6911, 2.149999999999915978 ) ;
#1077 = DIRECTION ( 'NONE',  ( 0.000000000000000000, 0.000000000000000000, -1.000000000000000000 ) ) ;
#1078 = EDGE_LOOP ( 'NONE', ( #4630, #3963 ) ) ;
#1079 = CYLINDRICAL_SURFACE ( 'NONE', #7461, 2.149999999999922640 ) ;
#1080 = CIRCLE ( 'NONE', #3741, 2.649999999999916422 ) ;
#1081 = EDGE_LOOP ( 'NONE', ( #6067, #3364, #4393, #3294 ) ) ;
#1082 = CARTESIAN_POINT ( 'NONE',  ( 26.03115589677469899, -1.561251128379126385E-14, -42.80641216777942049 ) ) ;
#1083 = EDGE_CURVE ( 'NONE', #6348, #3143, #1271, .T. ) ;
#1084 = CARTESIAN_POINT ( 'NONE',  ( 19.95989460129610649, -0.5000000000000004441, -43.30228620542353468 ) ) ;
#1085 = CYLINDRICAL_SURFACE ( 'NONE', #3455, 2.149999999999922640 ) ;
#1086 = ORIENTED_EDGE ( 'NONE', *, *, #4146, .F. ) ;
#1087 = ORIENTED_EDGE ( 'NONE', *, *, #455, .F. ) ;
#1088 = ORIENTED_EDGE ( 'NONE', *, *, #3124, .T. ) ;
#1089 = CONICAL_SURFACE ( 'NONE', #4845, 2.149999999999922640, 0.7853981633974552734 ) ;
#1090 = FACE_BOUND ( 'NONE', #5862, .T. ) ;
#1091 = ORIENTED_EDGE ( 'NONE', *, *, #2837, .F. ) ;
#1092 = ADVANCED_FACE ( 'NONE', ( #6931 ), #5769, .F. ) ;
#1093 = DIRECTION ( 'NONE',  ( 0.000000000000000000, -1.000000000000000000, 0.000000000000000000 ) ) ;
#1094 = DIRECTION ( 'NONE',  ( 0.000000000000000000, -1.000000000000000000, 0.000000000000000000 ) ) ;
#1095 = ORIENTED_EDGE ( 'NONE', *, *, #4650, .F. ) ;
#1096 = DIRECTION ( 'NONE',  ( 0.000000000000000000, -1.000000000000000000, 0.000000000000000000 ) ) ;
#1097 = EDGE_LOOP ( 'NONE', ( #2292, #2364, #5433, #4850 ) ) ;
#1098 = CARTESIAN_POINT ( 'NONE',  ( -6.821949119721967492, -1.387778780781445676E-14, -49.63336589642018026 ) ) ;
#1099 = DIRECTION ( 'NONE',  ( 0.000000000000000000, -1.000000000000000000, 0.000000000000000000 ) ) ;
#1100 = DIRECTION ( 'NONE',  ( 0.000000000000000000, 0.000000000000000000, 1.000000000000000000 ) ) ;
#1101 = ORIENTED_EDGE ( 'NONE', *, *, #4705, .T. ) ;
#1102 = CARTESIAN_POINT ( 'NONE',  ( 13.23327348812998849, 11.00000000000000000, -53.77054117068531269 ) ) ;
#1103 = EDGE_LOOP ( 'NONE', ( #2274, #6765, #7116, #6507 ) ) ;
#1104 = ADVANCED_FACE ( 'NONE', ( #6811 ), #6618, .T. ) ;
#1105 = CARTESIAN_POINT ( 'NONE',  ( -47.20727219815284315, -1.387778780781445676E-14, 14.62746856976668219 ) ) ;
#1106 = EDGE_CURVE ( 'NONE', #249, #2286, #4597, .T. ) ;
#1107 = AXIS2_PLACEMENT_3D ( 'NONE', #1650, #6782, #6288 ) ;
#1108 = CARTESIAN_POINT ( 'NONE',  ( 19.95989460129706217, -1.214306433183764966E-14, 45.95228620542303588 ) ) ;
#1109 = VECTOR ( 'NONE', #2112, 999.9999999999998863 ) ;
#1110 = AXIS2_PLACEMENT_3D ( 'NONE', #3004, #2350, #5169 ) ;
#1111 = DIRECTION ( 'NONE',  ( 0.000000000000000000, 0.000000000000000000, 1.000000000000000000 ) ) ;
#1112 = EDGE_LOOP ( 'NONE', ( #2322, #5764, #5439, #3061 ) ) ;
#1113 = EDGE_CURVE ( 'NONE', #1546, #6188, #2858, .T. ) ;
#1114 = DIRECTION ( 'NONE',  ( 0.000000000000000000, 0.000000000000000000, -1.000000000000000000 ) ) ;
#1115 = DIRECTION ( 'NONE',  ( 0.000000000000000000, 0.000000000000000000, 1.000000000000000000 ) ) ;
#1116 = CYLINDRICAL_SURFACE ( 'NONE', #70, 2.149999999999922640 ) ;
#1117 = ORIENTED_EDGE ( 'NONE', *, *, #5002, .T. ) ;
#1118 = DIRECTION ( 'NONE',  ( 0.000000000000000000, -1.000000000000000000, 0.000000000000000000 ) ) ;
#1119 = FACE_BOUND ( 'NONE', #3256, .T. ) ;
#1120 = CARTESIAN_POINT ( 'NONE',  ( 31.61750601073556766, 9.500000000000000000, 41.01313566429108448 ) ) ;
#1121 = EDGE_LOOP ( 'NONE', ( #3209, #2843, #4748, #175 ) ) ;
#1122 = ORIENTED_EDGE ( 'NONE', *, *, #4399, .F. ) ;
#1123 = ORIENTED_EDGE ( 'NONE', *, *, #1548, .F. ) ;
#1124 = EDGE_CURVE ( 'NONE', #981, #5611, #4424, .T. ) ;
#1125 = DIRECTION ( 'NONE',  ( -0.000000000000000000, -1.000000000000000000, -0.000000000000000000 ) ) ;
#1126 = ORIENTED_EDGE ( 'NONE', *, *, #867, .T. ) ;
#1127 = CARTESIAN_POINT ( 'NONE',  ( -6.821949119721629096, 9.500000000000000000, 51.78336589642015042 ) ) ;
#1128 = FACE_OUTER_BOUND ( 'NONE', #6279, .T. ) ;
#1129 = ORIENTED_EDGE ( 'NONE', *, *, #6340, .F. ) ;
#1130 = ORIENTED_EDGE ( 'NONE', *, *, #2758, .T. ) ;
#1131 = DIRECTION ( 'NONE',  ( 0.000000000000000000, -0.000000000000000000, -1.000000000000000000 ) ) ;
#1132 = EDGE_CURVE ( 'NONE', #4397, #6921, #2125, .T. ) ;
#1133 = CARTESIAN_POINT ( 'NONE',  ( 6.821949119722316546, -1.214306433183764966E-14, 47.48336589642016747 ) ) ;
#1134 = CARTESIAN_POINT ( 'NONE',  ( 19.95989460129610649, -1.561251128379126385E-14, -48.10228620542337552 ) ) ;
#1135 = EDGE_LOOP ( 'NONE', ( #7330, #150, #2650, #2991 ) ) ;
#1136 = CARTESIAN_POINT ( 'NONE',  ( -53.18329137311566512, 11.00000000000000000, 15.42491956939448094 ) ) ;
#1137 = ORIENTED_EDGE ( 'NONE', *, *, #34, .F. ) ;
#1138 = DIRECTION ( 'NONE',  ( 0.000000000000000000, 0.000000000000000000, 1.000000000000000000 ) ) ;
#1139 = DIRECTION ( 'NONE',  ( -0.000000000000000000, -1.000000000000000000, -0.000000000000000000 ) ) ;
#1140 = EDGE_CURVE ( 'NONE', #7119, #4540, #1208, .T. ) ;
#1141 = VECTOR ( 'NONE', #900, 999.9999999999998863 ) ;
#1142 = CARTESIAN_POINT ( 'NONE',  ( -49.98320533644603358, 9.500000000000000000, -3.418944909569844981 ) ) ;
#1143 = ORIENTED_EDGE ( 'NONE', *, *, #178, .T. ) ;
#1144 = AXIS2_PLACEMENT_3D ( 'NONE', #5238, #4771, #2424 ) ;
#1145 = DIRECTION ( 'NONE',  ( 8.659560562354983395E-17, -0.7071067811865435759, 0.7071067811865515695 ) ) ;
#1146 = AXIS2_PLACEMENT_3D ( 'NONE', #5288, #6431, #92 ) ;
#1147 = CARTESIAN_POINT ( 'NONE',  ( -6.821949119721967492, -1.387778780781445676E-14, -49.63336589642018026 ) ) ;
#1148 = DIRECTION ( 'NONE',  ( 0.000000000000000000, -1.000000000000000000, 0.000000000000000000 ) ) ;
#1149 = CYLINDRICAL_SURFACE ( 'NONE', #5466, 2.500000000000203393 ) ;
#1150 = AXIS2_PLACEMENT_3D ( 'NONE', #2492, #6527, #5377 ) ;
#1151 = AXIS2_PLACEMENT_3D ( 'NONE', #5011, #5127, #7337 ) ;
#1152 = AXIS2_PLACEMENT_3D ( 'NONE', #1003, #6216, #5609 ) ;
#1153 = AXIS2_PLACEMENT_3D ( 'NONE', #3374, #2772, #6310 ) ;
#1154 = EDGE_CURVE ( 'NONE', #712, #4446, #5088, .T. ) ;
#1155 = AXIS2_PLACEMENT_3D ( 'NONE', #2083, #829, #1399 ) ;
#1156 = DIRECTION ( 'NONE',  ( -0.000000000000000000, -1.000000000000000000, -0.000000000000000000 ) ) ;
#1157 = DIRECTION ( 'NONE',  ( 0.000000000000000000, -0.000000000000000000, -1.000000000000000000 ) ) ;
#1158 = FACE_BOUND ( 'NONE', #698, .T. ) ;
#1159 = CARTESIAN_POINT ( 'NONE',  ( -40.93019163982300768, 9.500000000000000000, 28.89168413795503554 ) ) ;
#1160 = ORIENTED_EDGE ( 'NONE', *, *, #5842, .T. ) ;
#1161 = VECTOR ( 'NONE', #3766, 1000.000000000000000 ) ;
#1162 = APPROVAL_PERSON_ORGANIZATION ( #3711, #3194, #5038 ) ;
#1163 = VERTEX_POINT ( 'NONE', #1017 ) ;
#1164 = CIRCLE ( 'NONE', #5042, 2.649999999999916422 ) ;
#1165 = EDGE_CURVE ( 'NONE', #4938, #4863, #2909, .T. ) ;
#1166 = DIRECTION ( 'NONE',  ( 0.000000000000000000, 0.000000000000000000, -1.000000000000000000 ) ) ;
#1167 = VERTEX_POINT ( 'NONE', #2774 ) ;
#1168 = CARTESIAN_POINT ( 'NONE',  ( 0.000000000000000000, -0.5000000000000004441, 0.000000000000000000 ) ) ;
#1169 = CARTESIAN_POINT ( 'NONE',  ( -49.05211279288432280, 9.500000000000000000, 10.19314625393714024 ) ) ;
#1170 = ORIENTED_EDGE ( 'NONE', *, *, #1558, .F. ) ;
#1171 = ADVANCED_FACE ( 'NONE', ( #1550 ), #6314, .T. ) ;
#1172 = VERTEX_POINT ( 'NONE', #5669 ) ;
#1173 = DIRECTION ( 'NONE',  ( 0.000000000000000000, -1.000000000000000000, 0.000000000000000000 ) ) ;
#1174 = EDGE_CURVE ( 'NONE', #6286, #1319, #5705, .T. ) ;
#1175 = CARTESIAN_POINT ( 'NONE',  ( -54.85923426176246664, 11.00000000000000000, -7.540228193700470705 ) ) ;
#1176 = CARTESIAN_POINT ( 'NONE',  ( -49.98320533644600516, 9.500000000000000000, 5.568944909570115342 ) ) ;
#1177 = EDGE_LOOP ( 'NONE', ( #4455, #2867, #524, #7401 ) ) ;
#1178 = DIRECTION ( 'NONE',  ( 0.000000000000000000, -1.000000000000000000, 0.000000000000000000 ) ) ;
#1179 = VERTEX_POINT ( 'NONE', #6773 ) ;
#1180 = ADVANCED_FACE ( 'NONE', ( #6195 ), #5576, .F. ) ;
#1181 = DIRECTION ( 'NONE',  ( 0.000000000000000000, 1.000000000000000000, 0.000000000000000000 ) ) ;
#1182 = DIRECTION ( 'NONE',  ( 0.000000000000000000, 0.000000000000000000, -1.000000000000000000 ) ) ;
#1183 = CARTESIAN_POINT ( 'NONE',  ( -26.03115589677498676, 9.500000000000000000, 42.80641216777921443 ) ) ;
#1184 = ORIENTED_EDGE ( 'NONE', *, *, #2525, .T. ) ;
#1185 = EDGE_CURVE ( 'NONE', #5871, #13, #3747, .T. ) ;
#1186 = DIRECTION ( 'NONE',  ( -0.000000000000000000, -1.000000000000000000, -0.000000000000000000 ) ) ;
#1187 = CARTESIAN_POINT ( 'NONE',  ( 0.000000000000000000, 9.999999999999991118, 0.000000000000000000 ) ) ;
#1188 = DIRECTION ( 'NONE',  ( 0.000000000000000000, 0.000000000000000000, -1.000000000000000000 ) ) ;
#1189 = CARTESIAN_POINT ( 'NONE',  ( 49.98320533644598385, 9.500000000000000000, -5.568944909570478607 ) ) ;
#1190 = DIRECTION ( 'NONE',  ( 0.000000000000000000, 0.000000000000000000, -1.000000000000000000 ) ) ;
#1191 = FACE_OUTER_BOUND ( 'NONE', #796, .T. ) ;
#1192 = DIRECTION ( 'NONE',  ( 0.000000000000000000, 0.000000000000000000, -1.000000000000000000 ) ) ;
#1193 = CIRCLE ( 'NONE', #4245, 2.149999999999922640 ) ;
#1194 = CARTESIAN_POINT ( 'NONE',  ( -13.51681823496694257, -1.387778780781445676E-14, -50.39215609612465840 ) ) ;
#1195 = ORIENTED_EDGE ( 'NONE', *, *, #486, .T. ) ;
#1196 = EDGE_CURVE ( 'NONE', #3405, #3717, #7038, .T. ) ;
#1197 = ORIENTED_EDGE ( 'NONE', *, *, #5624, .T. ) ;
#1198 = ADVANCED_FACE ( 'NONE', ( #4167 ), #688, .T. ) ;
#1199 = VERTEX_POINT ( 'NONE', #4094 ) ;
#1200 = VECTOR ( 'NONE', #4567, 1000.000000000000000 ) ;
#1201 = FACE_OUTER_BOUND ( 'NONE', #2965, .T. ) ;
#1202 = EDGE_LOOP ( 'NONE', ( #4648, #4128, #3477, #3970 ) ) ;
#1203 = DIRECTION ( 'NONE',  ( 0.000000000000000000, 0.000000000000000000, 1.000000000000000000 ) ) ;
#1204 = CARTESIAN_POINT ( 'NONE',  ( 36.61488181033430322, -1.734723475976807094E-14, 34.19591247525423228 ) ) ;
#1205 = VERTEX_POINT ( 'NONE', #5933 ) ;
#1206 = EDGE_LOOP ( 'NONE', ( #729, #7050, #1434, #5957 ) ) ;
#1207 = AXIS2_PLACEMENT_3D ( 'NONE', #1528, #1484, #2029 ) ;
#1208 = CIRCLE ( 'NONE', #5704, 2.149999999999922640 ) ;
#1209 = FACE_OUTER_BOUND ( 'NONE', #3800, .T. ) ;
#1210 = CARTESIAN_POINT ( 'NONE',  ( 5.523157064154562913E-15, 9.999999999999991118, -45.10000000000000142 ) ) ;
#1211 = CONICAL_SURFACE ( 'NONE', #1944, 2.149999999999922196, 0.7853981633974533860 ) ;
#1212 = CARTESIAN_POINT ( 'NONE',  ( 36.61488181033430322, -1.734723475976807094E-14, 32.04591247525430475 ) ) ;
#1213 = ORIENTED_EDGE ( 'NONE', *, *, #2608, .T. ) ;
#1214 = DIRECTION ( 'NONE',  ( 0.000000000000000000, 0.000000000000000000, 1.000000000000000000 ) ) ;
#1215 = ORIENTED_EDGE ( 'NONE', *, *, #6885, .T. ) ;
#1216 = DIRECTION ( 'NONE',  ( 0.000000000000000000, -1.000000000000000000, 0.000000000000000000 ) ) ;
#1217 = ORIENTED_EDGE ( 'NONE', *, *, #1073, .F. ) ;
#1218 = DIRECTION ( 'NONE',  ( -0.000000000000000000, -1.000000000000000000, -0.000000000000000000 ) ) ;
#1219 = VECTOR ( 'NONE', #6035, 1000.000000000000000 ) ;
#1220 = AXIS2_PLACEMENT_3D ( 'NONE', #6977, #1801, #4075 ) ;
#1221 = ADVANCED_FACE ( 'NONE', ( #1858 ), #1292, .T. ) ;
#1222 = DIRECTION ( 'NONE',  ( 0.000000000000000000, 0.000000000000000000, 1.000000000000000000 ) ) ;
#1223 = ORIENTED_EDGE ( 'NONE', *, *, #6117, .F. ) ;
#1224 = CARTESIAN_POINT ( 'NONE',  ( -19.95989460129674598, -0.5000000000000004441, -45.95228620542319220 ) ) ;
#1225 = DIRECTION ( 'NONE',  ( 0.000000000000000000, 0.000000000000000000, 1.000000000000000000 ) ) ;
#1226 = DIRECTION ( 'NONE',  ( 0.000000000000000000, -1.000000000000000000, 0.000000000000000000 ) ) ;
#1227 = AXIS2_PLACEMENT_3D ( 'NONE', #2041, #3671, #6070 ) ;
#1228 = EDGE_CURVE ( 'NONE', #5752, #5838, #3264, .T. ) ;
#1229 = CARTESIAN_POINT ( 'NONE',  ( 40.93019163982339848, -1.214306433183764966E-14, 28.89168413795448842 ) ) ;
#1230 = DIRECTION ( 'NONE',  ( 0.000000000000000000, -1.000000000000000000, 0.000000000000000000 ) ) ;
#1231 = PLANE ( 'NONE',  #3863 ) ;
#1232 = DIRECTION ( 'NONE',  ( 0.000000000000000000, -1.000000000000000000, 0.000000000000000000 ) ) ;
#1233 = CIRCLE ( 'NONE', #5481, 2.149999999999922640 ) ;
#1234 = ORIENTED_EDGE ( 'NONE', *, *, #6653, .F. ) ;
#1235 = CARTESIAN_POINT ( 'NONE',  ( -31.61750601073502764, -0.5000000000000004441, 36.21313566429169128 ) ) ;
#1236 = ORIENTED_EDGE ( 'NONE', *, *, #6900, .T. ) ;
#1237 = ADVANCED_FACE ( 'NONE', ( #6462 ), #1089, .F. ) ;
#1238 = CARTESIAN_POINT ( 'NONE',  ( -49.98320533644603358, 9.500000000000000000, -5.568944909569768065 ) ) ;
#1239 = VERTEX_POINT ( 'NONE', #2468 ) ;
#1240 = CARTESIAN_POINT ( 'NONE',  ( -6.821949119721967492, 9.500000000000000000, -49.63336589642018026 ) ) ;
#1241 = CARTESIAN_POINT ( 'NONE',  ( -44.48304944195891153, -1.387778780781445676E-14, 25.19925839033084358 ) ) ;
#1242 = ORIENTED_EDGE ( 'NONE', *, *, #7237, .F. ) ;
#1243 = EDGE_LOOP ( 'NONE', ( #3642, #5046, #1624, #634 ) ) ;
#1244 = FACE_OUTER_BOUND ( 'NONE', #1596, .T. ) ;
#1245 = DIRECTION ( 'NONE',  ( 0.000000000000000000, -1.000000000000000000, 0.000000000000000000 ) ) ;
#1246 = EDGE_CURVE ( 'NONE', #2324, #4211, #2321, .T. ) ;
#1247 = DIRECTION ( 'NONE',  ( 8.659560562354993255E-17, -0.7071067811865426878, 0.7071067811865524577 ) ) ;
#1248 = EDGE_LOOP ( 'NONE', ( #5680, #1018, #4830, #4224 ) ) ;
#1249 = CARTESIAN_POINT ( 'NONE',  ( 13.51681823496726231, -1.214306433183764966E-14, 48.24215609612464561 ) ) ;
#1250 = ORIENTED_EDGE ( 'NONE', *, *, #3356, .F. ) ;
#1251 = DIRECTION ( 'NONE',  ( 0.000000000000000000, -1.000000000000000000, 0.000000000000000000 ) ) ;
#1252 = EDGE_LOOP ( 'NONE', ( #3331, #6908, #851, #5451 ) ) ;
#1253 = CARTESIAN_POINT ( 'NONE',  ( -49.98320533644603358, 9.500000000000000000, -3.418944909569844981 ) ) ;
#1254 = EDGE_CURVE ( 'NONE', #2416, #4717, #7404, .T. ) ;
#1255 = DIRECTION ( 'NONE',  ( 0.000000000000000000, -0.000000000000000000, -1.000000000000000000 ) ) ;
#1256 = ORIENTED_EDGE ( 'NONE', *, *, #6656, .T. ) ;
#1257 = DIRECTION ( 'NONE',  ( -0.000000000000000000, -1.000000000000000000, -0.000000000000000000 ) ) ;
#1258 = DIRECTION ( 'NONE',  ( 0.000000000000000000, 0.000000000000000000, -1.000000000000000000 ) ) ;
#1259 = EDGE_CURVE ( 'NONE', #4938, #723, #1902, .T. ) ;
#1260 = CONICAL_SURFACE ( 'NONE', #2359, 2.149999999999922640, 0.7853981633974552734 ) ;
#1261 = DIRECTION ( 'NONE',  ( 0.000000000000000000, 0.000000000000000000, 1.000000000000000000 ) ) ;
#1262 = CIRCLE ( 'NONE', #5641, 2.649999999999916422 ) ;
#1263 = CARTESIAN_POINT ( 'NONE',  ( 26.03115589677558006, 9.500000000000000000, 42.80641216777885916 ) ) ;
#1264 = FACE_BOUND ( 'NONE', #5121, .T. ) ;
#1265 = CARTESIAN_POINT ( 'NONE',  ( -44.48304944195906074, 9.500000000000000000, -23.04925839033061408 ) ) ;
#1266 = VERTEX_POINT ( 'NONE', #4629 ) ;
#1267 = AXIS2_PLACEMENT_3D ( 'NONE', #3978, #2200, #942 ) ;
#1268 = CARTESIAN_POINT ( 'NONE',  ( -13.51681823496694257, -1.387778780781445676E-14, -48.24215609612473799 ) ) ;
#1269 = ADVANCED_FACE ( 'NONE', ( #6963 ), #2789, .F. ) ;
#1270 = ORIENTED_EDGE ( 'NONE', *, *, #241, .T. ) ;
#1271 = CIRCLE ( 'NONE', #2363, 2.500000000000203393 ) ;
#1272 = CIRCLE ( 'NONE', #2126, 2.649999999999916422 ) ;
#1273 = AXIS2_PLACEMENT_3D ( 'NONE', #202, #2653, #5397 ) ;
#1274 = AXIS2_PLACEMENT_3D ( 'NONE', #3417, #4445, #3949 ) ;
#1275 = CONICAL_SURFACE ( 'NONE', #7106, 2.149999999999919531, 0.7853981633974552734 ) ;
#1276 = AXIS2_PLACEMENT_3D ( 'NONE', #2291, #1074, #6938 ) ;
#1277 = CARTESIAN_POINT ( 'NONE',  ( -31.61750601073502764, -0.5000000000000004441, 38.86313566429160460 ) ) ;
#1278 = ORIENTED_EDGE ( 'NONE', *, *, #1917, .F. ) ;
#1279 = CIRCLE ( 'NONE', #5039, 2.149999999999922640 ) ;
#1280 = CARTESIAN_POINT ( 'NONE',  ( 44.48304944195920996, -1.214306433183764966E-14, 25.19925839033023252 ) ) ;
#1281 = CIRCLE ( 'NONE', #2250, 2.149999999999922640 ) ;
#1282 = CIRCLE ( 'NONE', #2136, 2.649999999999916422 ) ;
#1283 = LINE ( 'NONE', #4701, #2603 ) ;
#1284 = EDGE_LOOP ( 'NONE', ( #7420, #1143, #2425, #866 ) ) ;
#1285 = EDGE_CURVE ( 'NONE', #981, #1266, #2929, .T. ) ;
#1286 = ORIENTED_EDGE ( 'NONE', *, *, #315, .T. ) ;
#1287 = DIRECTION ( 'NONE',  ( 0.000000000000000000, -1.000000000000000000, 0.000000000000000000 ) ) ;
#1288 = AXIS2_PLACEMENT_3D ( 'NONE', #2064, #5563, #6165 ) ;
#1289 = LOCAL_TIME ( 9, 54, 9.000000000000000000, #7291 ) ;
#1290 = AXIS2_PLACEMENT_3D ( 'NONE', #2336, #5798, #5725 ) ;
#1291 = FACE_OUTER_BOUND ( 'NONE', #5314, .T. ) ;
#1292 = PLANE ( 'NONE',  #4360 ) ;
#1293 = ORIENTED_EDGE ( 'NONE', *, *, #3470, .F. ) ;
#1294 = LINE ( 'NONE', #4169, #430 ) ;
#1295 = VERTEX_POINT ( 'NONE', #1176 ) ;
#1296 = DIRECTION ( 'NONE',  ( 0.000000000000000000, 1.000000000000000000, 0.000000000000000000 ) ) ;
#1297 = VERTEX_POINT ( 'NONE', #1134 ) ;
#1298 = AXIS2_PLACEMENT_3D ( 'NONE', #1136, #460, #3449 ) ;
#1299 = EDGE_CURVE ( 'NONE', #4097, #208, #3488, .T. ) ;
#1300 = CARTESIAN_POINT ( 'NONE',  ( 0.000000000000000000, 9.500000000000000000, -50.10000000000000142 ) ) ;
#1301 = ADVANCED_FACE ( 'NONE', ( #4667 ), #7004, .T. ) ;
#1302 = CARTESIAN_POINT ( 'NONE',  ( -53.18329137311566512, 11.00000000000000000, 15.42491956939448094 ) ) ;
#1303 = EDGE_LOOP ( 'NONE', ( #1861, #4436, #2930, #5989 ) ) ;
#1304 = LINE ( 'NONE', #4183, #1568 ) ;
#1305 = DIRECTION ( 'NONE',  ( 0.000000000000000000, 0.000000000000000000, 1.000000000000000000 ) ) ;
#1306 = CARTESIAN_POINT ( 'NONE',  ( 26.03115589677469899, -1.561251128379126385E-14, -42.80641216777942049 ) ) ;
#1307 = DIRECTION ( 'NONE',  ( 0.000000000000000000, 0.000000000000000000, -1.000000000000000000 ) ) ;
#1308 = FACE_BOUND ( 'NONE', #758, .T. ) ;
#1309 = LINE ( 'NONE', #1449, #912 ) ;
#1310 = ORIENTED_EDGE ( 'NONE', *, *, #5421, .T. ) ;
#1311 = DIRECTION ( 'NONE',  ( 0.000000000000000000, 1.000000000000000000, 0.000000000000000000 ) ) ;
#1312 = EDGE_LOOP ( 'NONE', ( #6471, #3587 ) ) ;
#1313 = EDGE_CURVE ( 'NONE', #6939, #5239, #3527, .T. ) ;
#1314 = AXIS2_PLACEMENT_3D ( 'NONE', #5137, #4526, #1722 ) ;
#1315 = CARTESIAN_POINT ( 'NONE',  ( -31.61750601073502764, -1.561251128379126385E-14, 38.86313566429160460 ) ) ;
#1316 = ORIENTED_EDGE ( 'NONE', *, *, #1246, .T. ) ;
#1317 = DIRECTION ( 'NONE',  ( 0.000000000000000000, 0.000000000000000000, 1.000000000000000000 ) ) ;
#1318 = DIRECTION ( 'NONE',  ( -0.000000000000000000, -1.000000000000000000, -0.000000000000000000 ) ) ;
#1319 = VERTEX_POINT ( 'NONE', #647 ) ;
#1320 = ORIENTED_EDGE ( 'NONE', *, *, #5049, .F. ) ;
#1321 = LINE ( 'NONE', #1390, #4191 ) ;
#1322 = AXIS2_PLACEMENT_3D ( 'NONE', #3834, #2857, #5176 ) ;
#1323 = ADVANCED_FACE ( 'NONE', ( #3561 ), #4724, .F. ) ;
#1324 = CYLINDRICAL_SURFACE ( 'NONE', #144, 60.64999999999999858 ) ;
#1325 = CYLINDRICAL_SURFACE ( 'NONE', #6180, 2.149999999999922640 ) ;
#1326 = ORIENTED_EDGE ( 'NONE', *, *, #1185, .T. ) ;
#1327 = CYLINDRICAL_SURFACE ( 'NONE', #194, 2.149999999999922640 ) ;
#1328 = VERTEX_POINT ( 'NONE', #1971 ) ;
#1329 = CARTESIAN_POINT ( 'NONE',  ( -40.93019163982300768, 9.500000000000000000, 28.89168413795503554 ) ) ;
#1330 = VERTEX_POINT ( 'NONE', #2042 ) ;
#1331 = LINE ( 'NONE', #6469, #2000 ) ;
#1332 = AXIS2_PLACEMENT_3D ( 'NONE', #7251, #4350, #6676 ) ;
#1333 = EDGE_CURVE ( 'NONE', #2702, #1330, #5947, .T. ) ;
#1334 = PLANE ( 'NONE',  #3212 ) ;
#1335 = EDGE_CURVE ( 'NONE', #1721, #2324, #841, .T. ) ;
#1336 = ORIENTED_EDGE ( 'NONE', *, *, #4721, .F. ) ;
#1337 = CARTESIAN_POINT ( 'NONE',  ( -42.31147425102297177, 11.00000000000000000, 33.22295860794585565 ) ) ;
#1338 = CARTESIAN_POINT ( 'NONE',  ( -26.03115589677527097, 9.500000000000000000, -44.95641216777896432 ) ) ;
#1339 = CIRCLE ( 'NONE', #5592, 2.149999999999922640 ) ;
#1340 = CARTESIAN_POINT ( 'NONE',  ( 3.501097292138986137E-13, 9.500000000000000000, 52.24999999999992184 ) ) ;
#1341 = EDGE_CURVE ( 'NONE', #6353, #2914, #5390, .T. ) ;
#1342 = CLOSED_SHELL ( 'NONE', ( #1104, #7019, #2165, #5530, #6532, #2121, #4187, #6585, #4118, #1852, #4156, #2897, #481, #2317, #1044, #2597, #7384, #1674, #2213, #473, #1237, #305, #6086, #4177, #6400, #5075, #2547, #6199, #3269, #3883, #993, #5243, #5686, #436, #4105, #2994, #5792, #2856, #3727, #2582, #2813, #52, #6421, #6989, #6644, #3696, #7161, #579, #5711, #6566, #4811, #1475, #1586, #3786, #1726, #5605, #3478, #4837, #3102, #3615, #761, #5949, #824, #826, #6772, #2868, #2265, #5333, #4585, #2255, #6010, #3657, #2293, #3074, #381, #5905, #6982, #5860, #4610, #4023, #4121, #920, #1612, #2686, #1899, #1984, #2573, #3769, #1870, #5125, #2755, #5940, #3837, #1969, #4333, #1960, #6543, #6161, #5804, #6350, #3684, #3314, #2545, #1523, #5411, #142, #6969, #817, #6484, #4312, #7284, #6829, #4484, #4754, #4258, #1490, #4626, #1453, #4570, #2378, #6181, #7508, #6868, #4065, #964, #1198, #4877, #662, #5067, #7051, #6320, #1301, #5214, #4239, #2243, #1742, #1380, #928, #6681, #3423, #339, #804, #7319, #3882, #551, #5883, #2445, #5034, #4578, #290, #1909, #5873, #2203, #5379, #5866, #3918, #5116, #2464, #5224, #4309, #4220, #4664, #5922, #3395, #3486, #7405, #692, #737, #700, #7517, #6613, #169, #3037, #6061, #4818, #1966, #3277, #1171, #553, #6591, #368, #5982, #4905, #3373, #3982, #907, #5400, #1221, #6001, #5317, #2409, #2802, #125, #1657, #6329, #7130, #2032, #4148, #1795, #2080, #6407, #4635, #5023, #3817, #3627, #2657, #3211, #3981, #2694, #6523, #4759, #5666, #84, #5652, #5518, #6360, #1092, #3235, #2147, #397, #4819, #7325, #1180, #2060, #2124, #253, #2936, #937, #6662, #4740, #2475, #4555, #5152, #7020, #6714, #3722, #6967, #2950, #1269, #6947, #4503, #4903, #1718, #4261, #1825, #1605, #870, #1464, #2781, #1323, #2069, #4616, #5368, #1821, #5629, #6171, #4098, #2506, #5709, #575, #3584, #6033, #496, #2316, #1802, #6105, #953, #3322, #164, #6456, #6794, #972, #5309 ) ) ;
#1343 = CARTESIAN_POINT ( 'NONE',  ( 47.20727219815306341, 9.500000000000000000, 14.62746856976603205 ) ) ;
#1344 = DIRECTION ( 'NONE',  ( 0.000000000000000000, 0.000000000000000000, -1.000000000000000000 ) ) ;
#1345 = CARTESIAN_POINT ( 'NONE',  ( -49.98320533644603358, -1.387778780781445676E-14, -1.268944909569921675 ) ) ;
#1346 = ORIENTED_EDGE ( 'NONE', *, *, #7129, .F. ) ;
#1347 = FACE_OUTER_BOUND ( 'NONE', #888, .T. ) ;
#1348 = VERTEX_POINT ( 'NONE', #7187 ) ;
#1349 = AXIS2_PLACEMENT_3D ( 'NONE', #6276, #3262, #5743 ) ;
#1350 = EDGE_CURVE ( 'NONE', #1544, #2038, #3035, .T. ) ;
#1351 = VECTOR ( 'NONE', #2928, 1000.000000000000000 ) ;
#1352 = DIRECTION ( 'NONE',  ( 8.659560562354995721E-17, -0.7071067811865422437, 0.7071067811865526798 ) ) ;
#1353 = CARTESIAN_POINT ( 'NONE',  ( 0.000000000000000000, 9.999999999999991118, 0.000000000000000000 ) ) ;
#1354 = DIRECTION ( 'NONE',  ( 0.000000000000000000, 1.000000000000000000, 0.000000000000000000 ) ) ;
#1355 = ORIENTED_EDGE ( 'NONE', *, *, #3955, .F. ) ;
#1356 = ORIENTED_EDGE ( 'NONE', *, *, #5551, .F. ) ;
#1357 = DIRECTION ( 'NONE',  ( 0.000000000000000000, -0.000000000000000000, -1.000000000000000000 ) ) ;
#1358 = EDGE_CURVE ( 'NONE', #6939, #1447, #6796, .T. ) ;
#1359 = CARTESIAN_POINT ( 'NONE',  ( -13.51681823496661572, 9.500000000000000000, 46.09215609612489573 ) ) ;
#1360 = DIRECTION ( 'NONE',  ( 0.000000000000000000, -1.000000000000000000, 0.000000000000000000 ) ) ;
#1361 = ORIENTED_EDGE ( 'NONE', *, *, #4447, .T. ) ;
#1362 = FACE_OUTER_BOUND ( 'NONE', #3833, .T. ) ;
#1363 = VERTEX_POINT ( 'NONE', #4249 ) ;
#1364 = DIRECTION ( 'NONE',  ( 0.000000000000000000, -1.000000000000000000, 0.000000000000000000 ) ) ;
#1365 = ORIENTED_EDGE ( 'NONE', *, *, #509, .T. ) ;
#1366 = LINE ( 'NONE', #6110, #7350 ) ;
#1367 = EDGE_CURVE ( 'NONE', #997, #3781, #126, .T. ) ;
#1368 = LINE ( 'NONE', #2054, #1025 ) ;
#1369 = EDGE_LOOP ( 'NONE', ( #5308, #5249, #311, #1965 ) ) ;
#1370 = CYLINDRICAL_SURFACE ( 'NONE', #2419, 2.149999999999922640 ) ;
#1371 = DIRECTION ( 'NONE',  ( -0.000000000000000000, -1.000000000000000000, -0.000000000000000000 ) ) ;
#1372 = EDGE_CURVE ( 'NONE', #7362, #6315, #5215, .T. ) ;
#1373 = DIRECTION ( 'NONE',  ( -0.000000000000000000, -1.000000000000000000, -0.000000000000000000 ) ) ;
#1374 = CYLINDRICAL_SURFACE ( 'NONE', #6144, 2.149999999999922640 ) ;
#1375 = DIRECTION ( 'NONE',  ( -0.9510565162951504226, 0.000000000000000000, -0.3090169943749572212 ) ) ;
#1376 = CYLINDRICAL_SURFACE ( 'NONE', #7480, 2.149999999999929745 ) ;
#1377 = ORIENTED_EDGE ( 'NONE', *, *, #6916, .F. ) ;
#1378 = DIRECTION ( 'NONE',  ( 0.000000000000000000, 0.000000000000000000, 1.000000000000000000 ) ) ;
#1379 = ORIENTED_EDGE ( 'NONE', *, *, #499, .T. ) ;
#1380 = ADVANCED_FACE ( 'NONE', ( #4282 ), #1325, .F. ) ;
#1381 = CIRCLE ( 'NONE', #6617, 2.149999999999922640 ) ;
#1382 = DIRECTION ( 'NONE',  ( 0.000000000000000000, -1.000000000000000000, 0.000000000000000000 ) ) ;
#1383 = CARTESIAN_POINT ( 'NONE',  ( -40.93019163982300768, 9.500000000000000000, 31.04168413795495951 ) ) ;
#1384 = CARTESIAN_POINT ( 'NONE',  ( 36.61488181033361400, -1.040834085586084257E-14, -32.04591247525505793 ) ) ;
#1385 = AXIS2_PLACEMENT_3D ( 'NONE', #3013, #3536, #1865 ) ;
#1386 = VERTEX_POINT ( 'NONE', #3780 ) ;
#1387 = AXIS2_PLACEMENT_3D ( 'NONE', #2842, #5161, #4590 ) ;
#1388 = AXIS2_PLACEMENT_3D ( 'NONE', #1717, #5674, #463 ) ;
#1389 = ORIENTED_EDGE ( 'NONE', *, *, #3054, .T. ) ;
#1390 = CARTESIAN_POINT ( 'NONE',  ( -36.61488181033408296, -1.214306433183764966E-14, -36.34591247525442981 ) ) ;
#1391 = AXIS2_PLACEMENT_3D ( 'NONE', #7026, #2524, #7136 ) ;
#1392 = AXIS2_PLACEMENT_3D ( 'NONE', #4523, #4485, #5060 ) ;
#1393 = AXIS2_PLACEMENT_3D ( 'NONE', #2601, #6065, #7178 ) ;
#1394 = CARTESIAN_POINT ( 'NONE',  ( 49.98320533644598385, -1.214306433183764966E-14, -3.418944909570555968 ) ) ;
#1395 = CIRCLE ( 'NONE', #556, 2.149999999999922640 ) ;
#1396 = VECTOR ( 'NONE', #6233, 1000.000000000000000 ) ;
#1397 = DIRECTION ( 'NONE',  ( -0.000000000000000000, -1.000000000000000000, -0.000000000000000000 ) ) ;
#1398 = ORIENTED_EDGE ( 'NONE', *, *, #266, .T. ) ;
#1399 = DIRECTION ( 'NONE',  ( 0.000000000000000000, 0.000000000000000000, -1.000000000000000000 ) ) ;
#1400 = EDGE_LOOP ( 'NONE', ( #4986, #2584, #6706, #6918 ) ) ;
#1401 = PLANE ( 'NONE',  #6985 ) ;
#1402 = ORIENTED_EDGE ( 'NONE', *, *, #5396, .T. ) ;
#1403 = DIRECTION ( 'NONE',  ( 0.000000000000000000, 0.000000000000000000, 1.000000000000000000 ) ) ;
#1404 = AXIS2_PLACEMENT_3D ( 'NONE', #3058, #5374, #1415 ) ;
#1405 = AXIS2_PLACEMENT_3D ( 'NONE', #1658, #7320, #2103 ) ;
#1406 = DIRECTION ( 'NONE',  ( 0.000000000000000000, 0.000000000000000000, -1.000000000000000000 ) ) ;
#1407 = EDGE_CURVE ( 'NONE', #3781, #997, #7163, .T. ) ;
#1408 = VECTOR ( 'NONE', #170, 1000.000000000000000 ) ;
#1409 = EDGE_LOOP ( 'NONE', ( #3386, #3128, #1286, #3118 ) ) ;
#1410 = LINE ( 'NONE', #3725, #6666 ) ;
#1411 = DIRECTION ( 'NONE',  ( 0.000000000000000000, -1.000000000000000000, 0.000000000000000000 ) ) ;
#1412 = DIRECTION ( 'NONE',  ( 0.000000000000000000, 1.000000000000000000, 0.000000000000000000 ) ) ;
#1413 = EDGE_CURVE ( 'NONE', #921, #2571, #5453, .T. ) ;
#1414 = CARTESIAN_POINT ( 'NONE',  ( 40.93019163982339848, 9.500000000000000000, 26.74168413795456445 ) ) ;
#1415 = DIRECTION ( 'NONE',  ( 0.000000000000000000, 0.000000000000000000, 1.000000000000000000 ) ) ;
#1416 = ORIENTED_EDGE ( 'NONE', *, *, #2410, .T. ) ;
#1417 = FACE_OUTER_BOUND ( 'NONE', #523, .T. ) ;
#1418 = ORIENTED_EDGE ( 'NONE', *, *, #617, .F. ) ;
#1419 = EDGE_CURVE ( 'NONE', #7158, #2177, #5822, .T. ) ;
#1420 = DIRECTION ( 'NONE',  ( 0.000000000000000000, 0.000000000000000000, -1.000000000000000000 ) ) ;
#1421 = CARTESIAN_POINT ( 'NONE',  ( -49.05211279288432280, -0.5000000000000004441, 10.19314625393714024 ) ) ;
#1422 = EDGE_CURVE ( 'NONE', #5202, #6380, #6924, .T. ) ;
#1423 = CARTESIAN_POINT ( 'NONE',  ( -36.61488181033384137, 9.500000000000000000, 32.04591247525484476 ) ) ;
#1424 = VERTEX_POINT ( 'NONE', #2507 ) ;
#1425 = ORIENTED_EDGE ( 'NONE', *, *, #266, .F. ) ;
#1426 = DIRECTION ( 'NONE',  ( 0.000000000000000000, -0.000000000000000000, -1.000000000000000000 ) ) ;
#1427 = DIRECTION ( 'NONE',  ( 0.000000000000000000, -1.000000000000000000, 0.000000000000000000 ) ) ;
#1428 = DIRECTION ( 'NONE',  ( 0.000000000000000000, -1.000000000000000000, 0.000000000000000000 ) ) ;
#1429 = EDGE_LOOP ( 'NONE', ( #2508, #3802, #2834, #1672 ) ) ;
#1430 = DIRECTION ( 'NONE',  ( 0.000000000000000000, -0.7071067811865435759, -0.7071067811865515695 ) ) ;
#1431 = EDGE_LOOP ( 'NONE', ( #5626, #5078, #6386, #3670 ) ) ;
#1432 = DIRECTION ( 'NONE',  ( 0.000000000000000000, 0.000000000000000000, 1.000000000000000000 ) ) ;
#1433 = CIRCLE ( 'NONE', #1943, 2.500000000000203393 ) ;
#1434 = ORIENTED_EDGE ( 'NONE', *, *, #3597, .F. ) ;
#1435 = LINE ( 'NONE', #3752, #3813 ) ;
#1436 = ORIENTED_EDGE ( 'NONE', *, *, #5182, .F. ) ;
#1437 = AXIS2_PLACEMENT_3D ( 'NONE', #4901, #4942, #4294 ) ;
#1438 = DIRECTION ( 'NONE',  ( 0.000000000000000000, -1.000000000000000000, 0.000000000000000000 ) ) ;
#1439 = VERTEX_POINT ( 'NONE', #3113 ) ;
#1440 = DIRECTION ( 'NONE',  ( 0.000000000000000000, -0.000000000000000000, -1.000000000000000000 ) ) ;
#1441 = CARTESIAN_POINT ( 'NONE',  ( -31.61750601073530476, 9.500000000000000000, -41.01313566429131185 ) ) ;
#1442 = AXIS2_PLACEMENT_3D ( 'NONE', #5562, #6704, #5484 ) ;
#1443 = VECTOR ( 'NONE', #86, 1000.000000000000000 ) ;
#1444 = EDGE_CURVE ( 'NONE', #5183, #2638, #3506, .T. ) ;
#1445 = APPLICATION_CONTEXT ( 'configuration controlled 3d designs of mechanical parts and assemblies' ) ;
#1446 = DIRECTION ( 'NONE',  ( 0.000000000000000000, -1.000000000000000000, 0.000000000000000000 ) ) ;
#1447 = VERTEX_POINT ( 'NONE', #335 ) ;
#1448 = CARTESIAN_POINT ( 'NONE',  ( -31.61750601073502764, 9.500000000000000000, 38.86313566429160460 ) ) ;
#1449 = CARTESIAN_POINT ( 'NONE',  ( 44.48304944195920996, 9.500000000000000000, 20.89925839033038812 ) ) ;
#1450 = ORIENTED_EDGE ( 'NONE', *, *, #162, .T. ) ;
#1451 = CARTESIAN_POINT ( 'NONE',  ( 47.20727219815270814, 9.500000000000000000, -16.77746856976694545 ) ) ;
#1452 = EDGE_LOOP ( 'NONE', ( #2800, #4395, #294, #858 ) ) ;
#1453 = ADVANCED_FACE ( 'NONE', ( #5430 ), #4962, .F. ) ;
#1454 = AXIS2_PLACEMENT_3D ( 'NONE', #5347, #7140, #1814 ) ;
#1455 = CONICAL_SURFACE ( 'NONE', #2555, 2.149999999999922640, 0.7853981633974539411 ) ;
#1456 = DIRECTION ( 'NONE',  ( 0.000000000000000000, 0.000000000000000000, -1.000000000000000000 ) ) ;
#1457 = DIRECTION ( 'NONE',  ( 0.000000000000000000, 1.000000000000000000, 0.000000000000000000 ) ) ;
#1458 = CARTESIAN_POINT ( 'NONE',  ( 0.000000000000000000, 0.9999999999999995559, 45.10000000000000142 ) ) ;
#1459 = AXIS2_PLACEMENT_3D ( 'NONE', #4400, #2205, #3862 ) ;
#1460 = ORIENTED_EDGE ( 'NONE', *, *, #5297, .F. ) ;
#1461 = ORIENTED_EDGE ( 'NONE', *, *, #6425, .T. ) ;
#1462 = VECTOR ( 'NONE', #1617, 1000.000000000000000 ) ;
#1463 = CARTESIAN_POINT ( 'NONE',  ( -49.98320533644603358, 9.500000000000000000, -3.418944909569844981 ) ) ;
#1464 = ADVANCED_FACE ( 'NONE', ( #6539 ), #6801, .F. ) ;
#1465 = CONICAL_SURFACE ( 'NONE', #1110, 2.149999999999922640, 0.7853981633974552734 ) ;
#1466 = CARTESIAN_POINT ( 'NONE',  ( -1.764570581285847650, 11.00000000000000000, 55.34687810223507398 ) ) ;
#1467 = DIRECTION ( 'NONE',  ( 0.000000000000000000, 0.000000000000000000, -1.000000000000000000 ) ) ;
#1468 = EDGE_LOOP ( 'NONE', ( #5103, #5207 ) ) ;
#1469 = LINE ( 'NONE', #7260, #186 ) ;
#1470 = ORIENTED_EDGE ( 'NONE', *, *, #720, .F. ) ;
#1471 = CARTESIAN_POINT ( 'NONE',  ( 55.22812996414072018, -0.5000000000000004441, -1.530420035677273916 ) ) ;
#1472 = VERTEX_POINT ( 'NONE', #262 ) ;
#1473 = LINE ( 'NONE', #4896, #4560 ) ;
#1474 = EDGE_LOOP ( 'NONE', ( #5689, #5848, #950, #7081 ) ) ;
#1475 = ADVANCED_FACE ( 'NONE', ( #4325 ), #5829, .F. ) ;
#1476 = DIRECTION ( 'NONE',  ( -0.000000000000000000, -1.000000000000000000, -0.000000000000000000 ) ) ;
#1477 = VERTEX_POINT ( 'NONE', #3745 ) ;
#1478 = CARTESIAN_POINT ( 'NONE',  ( -19.95989460129642978, 9.500000000000000000, 45.95228620542332720 ) ) ;
#1479 = CARTESIAN_POINT ( 'NONE',  ( -26.03115589677527097, -1.561251128379126385E-14, -40.65641216777911637 ) ) ;
#1480 = EDGE_CURVE ( 'NONE', #3237, #3361, #4392, .T. ) ;
#1481 = DIRECTION ( 'NONE',  ( 0.000000000000000000, 1.000000000000000000, 0.000000000000000000 ) ) ;
#1482 = VERTEX_POINT ( 'NONE', #938 ) ;
#1483 = EDGE_CURVE ( 'NONE', #444, #6092, #2113, .T. ) ;
#1484 = DIRECTION ( 'NONE',  ( 0.000000000000000000, -1.000000000000000000, 0.000000000000000000 ) ) ;
#1485 = LINE ( 'NONE', #3239, #4681 ) ;
#1486 = ORIENTED_EDGE ( 'NONE', *, *, #848, .T. ) ;
#1487 = CARTESIAN_POINT ( 'NONE',  ( 44.48304944195874100, -1.387778780781445676E-14, -20.89925839033127986 ) ) ;
#1488 = EDGE_LOOP ( 'NONE', ( #4617, #2065, #3924, #1850 ) ) ;
#1489 = CARTESIAN_POINT ( 'NONE',  ( -31.61750601073530476, 9.500000000000000000, -36.71313566429147812 ) ) ;
#1490 = ADVANCED_FACE ( 'NONE', ( #2804, #3930, #5692, #2684, #526, #2721, #487, #1618, #1090, #3289, #1007, #4435, #4466, #7371, #5734, #3853, #6267 ), #2230, .T. ) ;
#1491 = DIRECTION ( 'NONE',  ( 0.000000000000000000, 1.000000000000000000, 0.000000000000000000 ) ) ;
#1492 = CARTESIAN_POINT ( 'NONE',  ( 49.05211279288445780, -1.387778780781445676E-14, 8.043146253936551915 ) ) ;
#1493 = ORIENTED_EDGE ( 'NONE', *, *, #2837, .T. ) ;
#1494 = CIRCLE ( 'NONE', #2970, 2.149999999999922640 ) ;
#1495 = CIRCLE ( 'NONE', #2971, 2.149999999999922640 ) ;
#1496 = ORIENTED_EDGE ( 'NONE', *, *, #5832, .F. ) ;
#1497 = PERSON_AND_ORGANIZATION_ROLE ( 'design_supplier' ) ;
#1498 = AXIS2_PLACEMENT_3D ( 'NONE', #5662, #2770, #217 ) ;
#1499 = DIRECTION ( 'NONE',  ( 0.000000000000000000, 0.000000000000000000, 1.000000000000000000 ) ) ;
#1500 = DIRECTION ( 'NONE',  ( 0.000000000000000000, -0.7071067811865422437, -0.7071067811865526798 ) ) ;
#1501 = ORIENTED_EDGE ( 'NONE', *, *, #1367, .F. ) ;
#1502 = CIRCLE ( 'NONE', #423, 2.149999999999922196 ) ;
#1503 = EDGE_CURVE ( 'NONE', #3890, #444, #2184, .T. ) ;
#1504 = LINE ( 'NONE', #4327, #5037 ) ;
#1505 = ORIENTED_EDGE ( 'NONE', *, *, #7111, .T. ) ;
#1506 = PLANE ( 'NONE',  #2111 ) ;
#1507 = ORIENTED_EDGE ( 'NONE', *, *, #2049, .F. ) ;
#1508 = FACE_OUTER_BOUND ( 'NONE', #4637, .T. ) ;
#1509 = CONICAL_SURFACE ( 'NONE', #189, 2.149999999999922640, 0.7853981633974552734 ) ;
#1510 = AXIS2_PLACEMENT_3D ( 'NONE', #1302, #4143, #6514 ) ;
#1511 = VECTOR ( 'NONE', #6601, 1000.000000000000000 ) ;
#1512 = CIRCLE ( 'NONE', #2496, 2.149999999999922640 ) ;
#1513 = CONICAL_SURFACE ( 'NONE', #7474, 2.149999999999922640, 0.7853981633974552734 ) ;
#1514 = CARTESIAN_POINT ( 'NONE',  ( 49.98320533644604780, 9.500000000000000000, 3.418944909569508805 ) ) ;
#1515 = AXIS2_PLACEMENT_3D ( 'NONE', #1566, #2261, #3392 ) ;
#1516 = CARTESIAN_POINT ( 'NONE',  ( -49.98320533644600516, 9.500000000000000000, 3.418944909570193147 ) ) ;
#1517 = LINE ( 'NONE', #7132, #5665 ) ;
#1518 = VERTEX_POINT ( 'NONE', #5117 ) ;
#1519 = EDGE_CURVE ( 'NONE', #3731, #7389, #4546, .T. ) ;
#1520 = CIRCLE ( 'NONE', #6510, 2.149999999999922196 ) ;
#1521 = LINE ( 'NONE', #2742, #1200 ) ;
#1522 = CONICAL_SURFACE ( 'NONE', #4682, 2.149999999999922640, 0.7853981633974543852 ) ;
#1523 = ADVANCED_FACE ( 'NONE', ( #2764 ), #6882, .F. ) ;
#1524 = CIRCLE ( 'NONE', #4684, 2.500000000000202505 ) ;
#1525 = DIRECTION ( 'NONE',  ( -0.000000000000000000, -1.000000000000000000, -0.000000000000000000 ) ) ;
#1526 = LINE ( 'NONE', #3836, #6606 ) ;
#1527 = EDGE_LOOP ( 'NONE', ( #2043, #2084, #6170, #4881 ) ) ;
#1528 = CARTESIAN_POINT ( 'NONE',  ( -36.61488181033384137, 9.500000000000000000, 34.19591247525476518 ) ) ;
#1529 = CARTESIAN_POINT ( 'NONE',  ( 49.05211279288428017, -1.387778780781445676E-14, -12.34314625393742126 ) ) ;
#1530 = ORIENTED_EDGE ( 'NONE', *, *, #3403, .F. ) ;
#1531 = CARTESIAN_POINT ( 'NONE',  ( 0.000000000000000000, 9.500000000000000000, -50.10000000000000142 ) ) ;
#1532 = LINE ( 'NONE', #6906, #4619 ) ;
#1533 = CYLINDRICAL_SURFACE ( 'NONE', #6891, 2.149999999999922640 ) ;
#1534 = CARTESIAN_POINT ( 'NONE',  ( 13.23327348812998849, -0.5000000000000004441, -53.77054117068531269 ) ) ;
#1535 = CARTESIAN_POINT ( 'NONE',  ( -47.20727219815295683, -1.214306433183764966E-14, -16.77746856976627754 ) ) ;
#1536 = VERTEX_POINT ( 'NONE', #6183 ) ;
#1537 = ORIENTED_EDGE ( 'NONE', *, *, #2344, .F. ) ;
#1538 = PERSON_AND_ORGANIZATION ( #4236, #439 ) ;
#1539 = EDGE_CURVE ( 'NONE', #3630, #2095, #6558, .T. ) ;
#1540 = FACE_OUTER_BOUND ( 'NONE', #7298, .T. ) ;
#1541 = CARTESIAN_POINT ( 'NONE',  ( 19.95989460129610649, 9.500000000000000000, -45.95228620542344800 ) ) ;
#1542 = EDGE_LOOP ( 'NONE', ( #3733, #691, #2102, #1670 ) ) ;
#1543 = CARTESIAN_POINT ( 'NONE',  ( 13.51681823496627821, 9.500000000000000000, -50.39215609612484315 ) ) ;
#1544 = VERTEX_POINT ( 'NONE', #2157 ) ;
#1545 = CARTESIAN_POINT ( 'NONE',  ( 3.498464301520819496E-13, -1.214306433183764966E-14, 47.95000000000007390 ) ) ;
#1546 = VERTEX_POINT ( 'NONE', #3326 ) ;
#1547 = CARTESIAN_POINT ( 'NONE',  ( -36.61488181033384137, -1.561251128379126385E-14, 34.19591247525476518 ) ) ;
#1548 = EDGE_CURVE ( 'NONE', #3418, #7427, #2839, .T. ) ;
#1549 = DIRECTION ( 'NONE',  ( 0.000000000000000000, 0.000000000000000000, -1.000000000000000000 ) ) ;
#1550 = FACE_OUTER_BOUND ( 'NONE', #5426, .T. ) ;
#1551 = EDGE_LOOP ( 'NONE', ( #3068, #1663 ) ) ;
#1552 = CIRCLE ( 'NONE', #6054, 2.500000000000202949 ) ;
#1553 = CARTESIAN_POINT ( 'NONE',  ( 26.03115589677469899, 9.500000000000000000, -40.65641216777949296 ) ) ;
#1554 = ORIENTED_EDGE ( 'NONE', *, *, #5244, .F. ) ;
#1555 = CARTESIAN_POINT ( 'NONE',  ( 19.95989460129706217, 9.500000000000000000, 45.95228620542303588 ) ) ;
#1556 = CARTESIAN_POINT ( 'NONE',  ( -49.05211279288432280, 2.775557561562891351E-14, 10.19314625393714024 ) ) ;
#1557 = CIRCLE ( 'NONE', #2535, 2.649999999999916422 ) ;
#1558 = EDGE_CURVE ( 'NONE', #5465, #1834, #4853, .T. ) ;
#1559 = CARTESIAN_POINT ( 'NONE',  ( -6.821949119721967492, -0.5000000000000004441, -49.63336589642018026 ) ) ;
#1560 = ORIENTED_EDGE ( 'NONE', *, *, #5361, .T. ) ;
#1561 = DIRECTION ( 'NONE',  ( 0.000000000000000000, 1.000000000000000000, 0.000000000000000000 ) ) ;
#1562 = CIRCLE ( 'NONE', #958, 2.149999999999922640 ) ;
#1563 = DIRECTION ( 'NONE',  ( 0.000000000000000000, -0.7071067811865430208, -0.7071067811865521247 ) ) ;
#1564 = AXIS2_PLACEMENT_3D ( 'NONE', #3217, #6042, #6103 ) ;
#1565 = ORIENTED_EDGE ( 'NONE', *, *, #4525, .T. ) ;
#1566 = CARTESIAN_POINT ( 'NONE',  ( -31.61750601073530476, -0.5000000000000004441, -38.86313566429139144 ) ) ;
#1567 = CARTESIAN_POINT ( 'NONE',  ( 26.03115589677558006, -1.214306433183764966E-14, 42.80641216777885916 ) ) ;
#1568 = VECTOR ( 'NONE', #1257, 1000.000000000000000 ) ;
#1569 = AXIS2_PLACEMENT_3D ( 'NONE', #5077, #2194, #4506 ) ;
#1570 = PLANE ( 'NONE',  #440 ) ;
#1571 = FACE_BOUND ( 'NONE', #3171, .T. ) ;
#1572 = CARTESIAN_POINT ( 'NONE',  ( 19.95989460129706217, 9.500000000000000000, 43.80228620542310836 ) ) ;
#1573 = EDGE_LOOP ( 'NONE', ( #1780, #1195, #5785, #1436 ) ) ;
#1574 = VERTEX_POINT ( 'NONE', #7327 ) ;
#1575 = AXIS2_PLACEMENT_3D ( 'NONE', #2568, #4316, #4883 ) ;
#1576 = SECURITY_CLASSIFICATION_LEVEL ( 'unclassified' ) ;
#1577 = CIRCLE ( 'NONE', #6810, 60.64999999999999858 ) ;
#1578 = EDGE_CURVE ( 'NONE', #4341, #997, #371, .T. ) ;
#1579 = DIRECTION ( 'NONE',  ( 0.000000000000000000, 1.000000000000000000, 0.000000000000000000 ) ) ;
#1580 = AXIS2_PLACEMENT_3D ( 'NONE', #5586, #2814, #983 ) ;
#1581 = CARTESIAN_POINT ( 'NONE',  ( -6.821949119721629096, 9.500000000000000000, 51.78336589642015042 ) ) ;
#1582 = ORIENTED_EDGE ( 'NONE', *, *, #3151, .T. ) ;
#1583 = CONICAL_SURFACE ( 'NONE', #4743, 2.149999999999922640, 0.7853981633974557175 ) ;
#1584 = CARTESIAN_POINT ( 'NONE',  ( 44.48304944195874100, 9.500000000000000000, -25.19925839033112780 ) ) ;
#1585 = ORIENTED_EDGE ( 'NONE', *, *, #2430, .F. ) ;
#1586 = ADVANCED_FACE ( 'NONE', ( #6302 ), #1211, .F. ) ;
#1587 = LINE ( 'NONE', #3898, #5638 ) ;
#1588 = ORIENTED_EDGE ( 'NONE', *, *, #1064, .T. ) ;
#1589 = DIRECTION ( 'NONE',  ( 0.000000000000000000, -1.000000000000000000, 0.000000000000000000 ) ) ;
#1590 = AXIS2_PLACEMENT_3D ( 'NONE', #4475, #2736, #5053 ) ;
#1591 = CARTESIAN_POINT ( 'NONE',  ( -13.51681823496661572, 2.775557561562891351E-14, 50.39215609612474367 ) ) ;
#1592 = DIRECTION ( 'NONE',  ( 0.000000000000000000, 0.000000000000000000, -1.000000000000000000 ) ) ;
#1593 = ORIENTED_EDGE ( 'NONE', *, *, #4052, .F. ) ;
#1594 = AXIS2_PLACEMENT_3D ( 'NONE', #601, #2345, #6884 ) ;
#1595 = CARTESIAN_POINT ( 'NONE',  ( -49.98320533644603358, -1.387778780781445676E-14, -3.418944909569844981 ) ) ;
#1596 = EDGE_LOOP ( 'NONE', ( #2967, #3593 ) ) ;
#1597 = EDGE_CURVE ( 'NONE', #2075, #249, #7166, .T. ) ;
#1598 = DIRECTION ( 'NONE',  ( -0.000000000000000000, -1.000000000000000000, -0.000000000000000000 ) ) ;
#1599 = CARTESIAN_POINT ( 'NONE',  ( 55.22812996414072018, 11.00000000000000000, -4.030420035677476420 ) ) ;
#1600 = LINE ( 'NONE', #5097, #4189 ) ;
#1601 = ORIENTED_EDGE ( 'NONE', *, *, #275, .T. ) ;
#1602 = CARTESIAN_POINT ( 'NONE',  ( 44.48304944195920996, -1.214306433183764966E-14, 23.04925839033030854 ) ) ;
#1603 = DIRECTION ( 'NONE',  ( 8.659560562354990790E-17, -0.7071067811865430208, 0.7071067811865521247 ) ) ;
#1604 = ORIENTED_EDGE ( 'NONE', *, *, #2355, .F. ) ;
#1605 = ADVANCED_FACE ( 'NONE', ( #6838 ), #5460, .F. ) ;
#1606 = CARTESIAN_POINT ( 'NONE',  ( 3.498464301520819496E-13, -0.5000000000000004441, 50.10000000000000142 ) ) ;
#1607 = DIRECTION ( 'NONE',  ( 0.000000000000000000, -1.000000000000000000, 0.000000000000000000 ) ) ;
#1608 = CARTESIAN_POINT ( 'NONE',  ( -49.05211279288440807, -1.387778780781445676E-14, -12.34314625393672493 ) ) ;
#1609 = FACE_BOUND ( 'NONE', #3785, .T. ) ;
#1610 = CYLINDRICAL_SURFACE ( 'NONE', #2989, 2.500000000000203393 ) ;
#1611 = ORIENTED_EDGE ( 'NONE', *, *, #5776, .T. ) ;
#1612 = ADVANCED_FACE ( 'NONE', ( #6991 ), #4157, .F. ) ;
#1613 = EDGE_LOOP ( 'NONE', ( #6323, #3399 ) ) ;
#1614 = EDGE_CURVE ( 'NONE', #6402, #1482, #3515, .T. ) ;
#1615 = ORIENTED_EDGE ( 'NONE', *, *, #2766, .F. ) ;
#1616 = APPROVAL_DATE_TIME ( #6836, #3194 ) ;
#1617 = DIRECTION ( 'NONE',  ( -0.000000000000000000, -1.000000000000000000, -0.000000000000000000 ) ) ;
#1618 = FACE_BOUND ( 'NONE', #3739, .T. ) ;
#1619 = ORIENTED_EDGE ( 'NONE', *, *, #1313, .T. ) ;
#1620 = CARTESIAN_POINT ( 'NONE',  ( 40.93019163982339848, -1.214306433183764966E-14, 28.89168413795448842 ) ) ;
#1621 = DIRECTION ( 'NONE',  ( 0.000000000000000000, -1.000000000000000000, 0.000000000000000000 ) ) ;
#1622 = ORIENTED_EDGE ( 'NONE', *, *, #3383, .F. ) ;
#1623 = CYLINDRICAL_SURFACE ( 'NONE', #1993, 2.149999999999922640 ) ;
#1624 = ORIENTED_EDGE ( 'NONE', *, *, #1983, .T. ) ;
#1625 = CC_DESIGN_PERSON_AND_ORGANIZATION_ASSIGNMENT ( #1538, #6793, ( #3295 ) ) ;
#1626 = DIRECTION ( 'NONE',  ( 0.000000000000000000, -1.000000000000000000, 0.000000000000000000 ) ) ;
#1627 = CIRCLE ( 'NONE', #5875, 2.649999999999916422 ) ;
#1628 = FACE_OUTER_BOUND ( 'NONE', #4524, .T. ) ;
#1629 = CARTESIAN_POINT ( 'NONE',  ( 44.48304944195920996, 9.500000000000000000, 23.04925839033030854 ) ) ;
#1630 = ORIENTED_EDGE ( 'NONE', *, *, #786, .F. ) ;
#1631 = DIRECTION ( 'NONE',  ( -0.000000000000000000, -1.000000000000000000, -0.000000000000000000 ) ) ;
#1632 = EDGE_LOOP ( 'NONE', ( #7519, #1402 ) ) ;
#1633 = VECTOR ( 'NONE', #4286, 1000.000000000000000 ) ;
#1634 = CARTESIAN_POINT ( 'NONE',  ( 31.61750601073556766, -0.5000000000000004441, 41.51313566429107738 ) ) ;
#1635 = CONICAL_SURFACE ( 'NONE', #669, 2.149999999999922640, 0.7853981633974548293 ) ;
#1636 = EDGE_CURVE ( 'NONE', #6380, #5202, #362, .T. ) ;
#1637 = CARTESIAN_POINT ( 'NONE',  ( 49.05211279288445780, -0.5000000000000004441, 7.543146253936558132 ) ) ;
#1638 = AXIS2_PLACEMENT_3D ( 'NONE', #3255, #197, #2509 ) ;
#1639 = CIRCLE ( 'NONE', #4909, 2.649999999999916422 ) ;
#1640 = CIRCLE ( 'NONE', #2978, 2.149999999999922640 ) ;
#1641 = EDGE_CURVE ( 'NONE', #6060, #4215, #2308, .T. ) ;
#1642 = VECTOR ( 'NONE', #5328, 1000.000000000000000 ) ;
#1643 = CARTESIAN_POINT ( 'NONE',  ( -26.03115589677527097, -1.561251128379126385E-14, -42.80641216777904390 ) ) ;
#1644 = AXIS2_PLACEMENT_3D ( 'NONE', #2072, #4884, #752 ) ;
#1645 = DESIGN_CONTEXT ( 'detailed design', #1445, 'design' ) ;
#1646 = CIRCLE ( 'NONE', #3338, 2.149999999999922640 ) ;
#1647 = AXIS2_PLACEMENT_3D ( 'NONE', #4565, #1631, #502 ) ;
#1648 = ORIENTED_EDGE ( 'NONE', *, *, #519, .T. ) ;
#1649 = CARTESIAN_POINT ( 'NONE',  ( -26.03115589677498676, 9.500000000000000000, 40.65641216777929401 ) ) ;
#1650 = CARTESIAN_POINT ( 'NONE',  ( 26.03115589677558006, -1.214306433183764966E-14, 42.80641216777885916 ) ) ;
#1651 = VERTEX_POINT ( 'NONE', #637 ) ;
#1652 = CARTESIAN_POINT ( 'NONE',  ( 33.95964629695709647, 11.00000000000000000, -41.23937640599780963 ) ) ;
#1653 = CARTESIAN_POINT ( 'NONE',  ( 3.498464301520819496E-13, 9.500000000000000000, 50.10000000000000142 ) ) ;
#1654 = CIRCLE ( 'NONE', #7359, 2.649999999999919975 ) ;
#1655 = AXIS2_PLACEMENT_3D ( 'NONE', #2607, #4321, #1357 ) ;
#1656 = AXIS2_PLACEMENT_3D ( 'NONE', #145, #1382, #6530 ) ;
#1657 = ADVANCED_FACE ( 'NONE', ( #1201 ), #3479, .T. ) ;
#1658 = CARTESIAN_POINT ( 'NONE',  ( -49.05211279288440807, -1.387778780781445676E-14, -10.19314625393680274 ) ) ;
#1659 = FACE_BOUND ( 'NONE', #2045, .T. ) ;
#1660 = AXIS2_PLACEMENT_3D ( 'NONE', #2376, #2875, #5301 ) ;
#1661 = CARTESIAN_POINT ( 'NONE',  ( 13.23327348812998849, -0.5000000000000004441, -53.77054117068531269 ) ) ;
#1662 = VERTEX_POINT ( 'NONE', #5267 ) ;
#1663 = ORIENTED_EDGE ( 'NONE', *, *, #3456, .T. ) ;
#1664 = EDGE_CURVE ( 'NONE', #3165, #1167, #6343, .T. ) ;
#1665 = EDGE_CURVE ( 'NONE', #5139, #3225, #4009, .T. ) ;
#1666 = DIRECTION ( 'NONE',  ( 0.000000000000000000, 0.000000000000000000, 1.000000000000000000 ) ) ;
#1667 = ORIENTED_EDGE ( 'NONE', *, *, #7335, .F. ) ;
#1668 = DIRECTION ( 'NONE',  ( 0.000000000000000000, 0.000000000000000000, 1.000000000000000000 ) ) ;
#1669 = CARTESIAN_POINT ( 'NONE',  ( -47.20727219815284315, -0.5000000000000004441, 14.12746856976668930 ) ) ;
#1670 = ORIENTED_EDGE ( 'NONE', *, *, #3251, .F. ) ;
#1671 = DIRECTION ( 'NONE',  ( 0.000000000000000000, 1.000000000000000000, -0.000000000000000000 ) ) ;
#1672 = ORIENTED_EDGE ( 'NONE', *, *, #1664, .F. ) ;
#1673 = DIRECTION ( 'NONE',  ( 0.000000000000000000, 0.000000000000000000, 1.000000000000000000 ) ) ;
#1674 = ADVANCED_FACE ( 'NONE', ( #4698 ), #6753, .F. ) ;
#1675 = DIRECTION ( 'NONE',  ( -0.000000000000000000, -1.000000000000000000, -0.000000000000000000 ) ) ;
#1676 = CARTESIAN_POINT ( 'NONE',  ( -19.95989460129674598, 9.500000000000000000, -45.95228620542319220 ) ) ;
#1677 = EDGE_LOOP ( 'NONE', ( #4658, #4197 ) ) ;
#1678 = CARTESIAN_POINT ( 'NONE',  ( 49.05211279288445780, -0.5000000000000004441, 10.19314625393647411 ) ) ;
#1679 = ORIENTED_EDGE ( 'NONE', *, *, #1083, .T. ) ;
#1680 = DIRECTION ( 'NONE',  ( 0.000000000000000000, 0.000000000000000000, 1.000000000000000000 ) ) ;
#1681 = CARTESIAN_POINT ( 'NONE',  ( -44.48304944195906074, -0.5000000000000004441, -20.39925839033069721 ) ) ;
#1682 = DIRECTION ( 'NONE',  ( 0.000000000000000000, 0.000000000000000000, 1.000000000000000000 ) ) ;
#1683 = VERTEX_POINT ( 'NONE', #36 ) ;
#1684 = DIRECTION ( 'NONE',  ( 0.000000000000000000, -1.000000000000000000, 0.000000000000000000 ) ) ;
#1685 = DIRECTION ( 'NONE',  ( 0.000000000000000000, 1.000000000000000000, 0.000000000000000000 ) ) ;
#1686 = CARTESIAN_POINT ( 'NONE',  ( 26.03115589677558006, 9.500000000000000000, 42.80641216777885916 ) ) ;
#1687 = EDGE_CURVE ( 'NONE', #7093, #1477, #5235, .T. ) ;
#1688 = AXIS2_PLACEMENT_3D ( 'NONE', #3303, #2698, #3869 ) ;
#1689 = FACE_OUTER_BOUND ( 'NONE', #6580, .T. ) ;
#1690 = CIRCLE ( 'NONE', #3026, 2.500000000000203393 ) ;
#1691 = VECTOR ( 'NONE', #2241, 1000.000000000000000 ) ;
#1692 = CARTESIAN_POINT ( 'NONE',  ( -44.48304944195891153, 9.500000000000000000, 25.19925839033084358 ) ) ;
#1693 = FACE_BOUND ( 'NONE', #2406, .T. ) ;
#1694 = LINE ( 'NONE', #6411, #2382 ) ;
#1695 = ORIENTED_EDGE ( 'NONE', *, *, #6475, .T. ) ;
#1696 = EDGE_CURVE ( 'NONE', #3977, #979, #6881, .T. ) ;
#1697 = ORIENTED_EDGE ( 'NONE', *, *, #3140, .T. ) ;
#1698 = ORIENTED_EDGE ( 'NONE', *, *, #6636, .T. ) ;
#1699 = VECTOR ( 'NONE', #6745, 999.9999999999998863 ) ;
#1700 = VECTOR ( 'NONE', #3404, 1000.000000000000000 ) ;
#1701 = PLANE ( 'NONE',  #2257 ) ;
#1702 = ORIENTED_EDGE ( 'NONE', *, *, #4828, .F. ) ;
#1703 = CYLINDRICAL_SURFACE ( 'NONE', #748, 39.99999999999999289 ) ;
#1704 = FACE_OUTER_BOUND ( 'NONE', #7308, .T. ) ;
#1705 = ORIENTED_EDGE ( 'NONE', *, *, #5832, .T. ) ;
#1706 = ORIENTED_EDGE ( 'NONE', *, *, #464, .T. ) ;
#1707 = EDGE_CURVE ( 'NONE', #2510, #7279, #2385, .T. ) ;
#1708 = DIRECTION ( 'NONE',  ( -0.000000000000000000, -1.000000000000000000, -0.000000000000000000 ) ) ;
#1709 = VECTOR ( 'NONE', #6489, 1000.000000000000000 ) ;
#1710 = DIRECTION ( 'NONE',  ( 0.000000000000000000, 0.000000000000000000, 1.000000000000000000 ) ) ;
#1711 = CARTESIAN_POINT ( 'NONE',  ( -44.48304944195906074, -1.214306433183764966E-14, -23.04925839033061408 ) ) ;
#1712 = ORIENTED_EDGE ( 'NONE', *, *, #2631, .T. ) ;
#1713 = CARTESIAN_POINT ( 'NONE',  ( 2.632990618166714079E-16, 9.500000000000000000, -47.95000000000007390 ) ) ;
#1714 = EDGE_LOOP ( 'NONE', ( #5274, #6686 ) ) ;
#1715 = CARTESIAN_POINT ( 'NONE',  ( -24.12361884325211392, -0.5000000000000004441, 52.34417357029325046 ) ) ;
#1716 = AXIS2_PLACEMENT_3D ( 'NONE', #1723, #2295, #6437 ) ;
#1717 = CARTESIAN_POINT ( 'NONE',  ( -13.51681823496661572, -0.5000000000000004441, 48.24215609612481614 ) ) ;
#1718 = ADVANCED_FACE ( 'NONE', ( #2996 ), #803, .F. ) ;
#1719 = VECTOR ( 'NONE', #6345, 1000.000000000000000 ) ;
#1720 = CARTESIAN_POINT ( 'NONE',  ( -36.61488181033408296, 9.500000000000000000, -34.19591247525450228 ) ) ;
#1721 = VERTEX_POINT ( 'NONE', #2883 ) ;
#1722 = DIRECTION ( 'NONE',  ( 0.000000000000000000, 0.000000000000000000, -1.000000000000000000 ) ) ;
#1723 = CARTESIAN_POINT ( 'NONE',  ( 31.61750601073556766, 9.500000000000000000, 38.86313566429116406 ) ) ;
#1724 = CARTESIAN_POINT ( 'NONE',  ( -42.31147425102297177, -0.5000000000000004441, 33.22295860794585565 ) ) ;
#1725 = DIRECTION ( 'NONE',  ( 0.000000000000000000, -1.000000000000000000, 0.000000000000000000 ) ) ;
#1726 = ADVANCED_FACE ( 'NONE', ( #1779 ), #5656, .F. ) ;
#1727 = EDGE_CURVE ( 'NONE', #5690, #5488, #5196, .T. ) ;
#1728 = CARTESIAN_POINT ( 'NONE',  ( 5.523157064154562913E-15, 9.999999999999991118, -45.10000000000000142 ) ) ;
#1729 = FACE_BOUND ( 'NONE', #4519, .T. ) ;
#1730 = CARTESIAN_POINT ( 'NONE',  ( 47.20727219815270814, 9.500000000000000000, -16.77746856976694545 ) ) ;
#1731 = EDGE_LOOP ( 'NONE', ( #943, #3492 ) ) ;
#1732 = ORIENTED_EDGE ( 'NONE', *, *, #1914, .F. ) ;
#1733 = ORIENTED_EDGE ( 'NONE', *, *, #3362, .F. ) ;
#1734 = EDGE_CURVE ( 'NONE', #7470, #5036, #1282, .T. ) ;
#1735 = DIRECTION ( 'NONE',  ( 0.000000000000000000, -1.000000000000000000, 0.000000000000000000 ) ) ;
#1736 = ORIENTED_EDGE ( 'NONE', *, *, #3413, .T. ) ;
#1737 = CARTESIAN_POINT ( 'NONE',  ( -49.05211279288432280, 9.500000000000000000, 10.19314625393714024 ) ) ;
#1738 = DIRECTION ( 'NONE',  ( 0.000000000000000000, 0.000000000000000000, 1.000000000000000000 ) ) ;
#1739 = ORIENTED_EDGE ( 'NONE', *, *, #7153, .T. ) ;
#1740 = ORIENTED_EDGE ( 'NONE', *, *, #6025, .T. ) ;
#1741 = FACE_OUTER_BOUND ( 'NONE', #5236, .T. ) ;
#1742 = ADVANCED_FACE ( 'NONE', ( #4587 ), #1701, .T. ) ;
#1743 = FACE_OUTER_BOUND ( 'NONE', #1452, .T. ) ;
#1744 = CARTESIAN_POINT ( 'NONE',  ( 40.93019163982339848, -1.214306433183764966E-14, 28.89168413795448842 ) ) ;
#1745 = ORIENTED_EDGE ( 'NONE', *, *, #4746, .F. ) ;
#1746 = CARTESIAN_POINT ( 'NONE',  ( -13.51681823496661572, 9.500000000000000000, 50.39215609612474367 ) ) ;
#1747 = ORIENTED_EDGE ( 'NONE', *, *, #7483, .T. ) ;
#1748 = PLANE ( 'NONE',  #6426 ) ;
#1749 = CARTESIAN_POINT ( 'NONE',  ( -13.51681823496661572, 2.775557561562891351E-14, 48.24215609612481614 ) ) ;
#1750 = AXIS2_PLACEMENT_3D ( 'NONE', #352, #4944, #4985 ) ;
#1751 = VECTOR ( 'NONE', #3159, 1000.000000000000000 ) ;
#1752 = EDGE_CURVE ( 'NONE', #6571, #2778, #4434, .T. ) ;
#1753 = CIRCLE ( 'NONE', #7346, 2.649999999999916422 ) ;
#1754 = CARTESIAN_POINT ( 'NONE',  ( 40.93019163982339848, 9.500000000000000000, 28.89168413795448842 ) ) ;
#1755 = EDGE_CURVE ( 'NONE', #1829, #1574, #4767, .T. ) ;
#1756 = EDGE_LOOP ( 'NONE', ( #6805, #5141, #3342, #1021 ) ) ;
#1757 = CIRCLE ( 'NONE', #4787, 2.149999999999922640 ) ;
#1758 = DIRECTION ( 'NONE',  ( 0.000000000000000000, -1.000000000000000000, 0.000000000000000000 ) ) ;
#1759 = AXIS2_PLACEMENT_3D ( 'NONE', #5059, #3454, #388 ) ;
#1760 = DIRECTION ( 'NONE',  ( 0.000000000000000000, -0.7071067811865430208, -0.7071067811865521247 ) ) ;
#1761 = CARTESIAN_POINT ( 'NONE',  ( 49.98320533644604780, -0.5000000000000004441, 6.068944909569424340 ) ) ;
#1762 = FACE_OUTER_BOUND ( 'NONE', #4376, .T. ) ;
#1763 = VECTOR ( 'NONE', #7357, 999.9999999999998863 ) ;
#1764 = VECTOR ( 'NONE', #3385, 1000.000000000000000 ) ;
#1765 = VECTOR ( 'NONE', #2151, 1000.000000000000000 ) ;
#1766 = AXIS2_PLACEMENT_3D ( 'NONE', #5085, #1063, #982 ) ;
#1767 = CIRCLE ( 'NONE', #2606, 2.149999999999922640 ) ;
#1768 = CARTESIAN_POINT ( 'NONE',  ( -26.03115589677527097, -0.5000000000000004441, -42.80641216777904390 ) ) ;
#1769 = CC_DESIGN_PERSON_AND_ORGANIZATION_ASSIGNMENT ( #4502, #1497, ( #6135 ) ) ;
#1770 = CARTESIAN_POINT ( 'NONE',  ( 31.61750601073477895, 9.500000000000000000, -41.01313566429174529 ) ) ;
#1771 = FACE_BOUND ( 'NONE', #198, .T. ) ;
#1772 = DIRECTION ( 'NONE',  ( 0.000000000000000000, 1.000000000000000000, 0.000000000000000000 ) ) ;
#1773 = ORIENTED_EDGE ( 'NONE', *, *, #7155, .T. ) ;
#1774 = CIRCLE ( 'NONE', #438, 2.149999999999929745 ) ;
#1775 = VECTOR ( 'NONE', #6573, 1000.000000000000000 ) ;
#1776 = VERTEX_POINT ( 'NONE', #4240 ) ;
#1777 = VECTOR ( 'NONE', #2918, 1000.000000000000000 ) ;
#1778 = ORIENTED_EDGE ( 'NONE', *, *, #183, .F. ) ;
#1779 = FACE_OUTER_BOUND ( 'NONE', #386, .T. ) ;
#1780 = ORIENTED_EDGE ( 'NONE', *, *, #7236, .F. ) ;
#1781 = DIRECTION ( 'NONE',  ( 0.000000000000000000, 1.000000000000000000, 0.000000000000000000 ) ) ;
#1782 = LINE ( 'NONE', #2312, #4908 ) ;
#1783 = ORIENTED_EDGE ( 'NONE', *, *, #4340, .T. ) ;
#1784 = EDGE_LOOP ( 'NONE', ( #4860, #6058, #849, #5393 ) ) ;
#1785 = DIRECTION ( 'NONE',  ( 0.000000000000000000, 0.000000000000000000, -1.000000000000000000 ) ) ;
#1786 = EDGE_CURVE ( 'NONE', #2771, #5239, #1164, .T. ) ;
#1787 = DIRECTION ( 'NONE',  ( -0.000000000000000000, -1.000000000000000000, -0.000000000000000000 ) ) ;
#1788 = CARTESIAN_POINT ( 'NONE',  ( 31.61750601073477895, 9.500000000000000000, -38.86313566429182487 ) ) ;
#1789 = VERTEX_POINT ( 'NONE', #7098 ) ;
#1790 = DIRECTION ( 'NONE',  ( 0.000000000000000000, 0.000000000000000000, 1.000000000000000000 ) ) ;
#1791 = ORIENTED_EDGE ( 'NONE', *, *, #1503, .F. ) ;
#1792 = CARTESIAN_POINT ( 'NONE',  ( 47.20727219815306341, -0.5000000000000004441, 19.42746856976587466 ) ) ;
#1793 = ORIENTED_EDGE ( 'NONE', *, *, #1832, .F. ) ;
#1794 = FACE_OUTER_BOUND ( 'NONE', #7377, .T. ) ;
#1795 = ADVANCED_FACE ( 'NONE', ( #6034 ), #5380, .F. ) ;
#1796 = CARTESIAN_POINT ( 'NONE',  ( 13.51681823496627821, -0.5000000000000004441, -48.24215609612492273 ) ) ;
#1797 = VERTEX_POINT ( 'NONE', #7250 ) ;
#1798 = CARTESIAN_POINT ( 'NONE',  ( 55.22812996414072018, 11.00000000000000000, -6.530420035677678925 ) ) ;
#1799 = DIRECTION ( 'NONE',  ( 0.000000000000000000, -1.000000000000000000, -0.000000000000000000 ) ) ;
#1800 = CARTESIAN_POINT ( 'NONE',  ( -44.48304944195891153, -1.387778780781445676E-14, 23.04925839033091961 ) ) ;
#1801 = DIRECTION ( 'NONE',  ( 0.000000000000000000, -1.000000000000000000, 0.000000000000000000 ) ) ;
#1802 = ADVANCED_FACE ( 'NONE', ( #1994 ), #5454, .F. ) ;
#1803 = DIRECTION ( 'NONE',  ( 8.659560562354993255E-17, -0.7071067811865426878, 0.7071067811865524577 ) ) ;
#1804 = DIRECTION ( 'NONE',  ( 0.000000000000000000, -1.000000000000000000, 0.000000000000000000 ) ) ;
#1805 = CARTESIAN_POINT ( 'NONE',  ( -6.821949119721967492, 9.500000000000000000, -47.48336589642025984 ) ) ;
#1806 = AXIS2_PLACEMENT_3D ( 'NONE', #6287, #546, #5716 ) ;
#1807 = CARTESIAN_POINT ( 'NONE',  ( -40.93019163982300768, 9.500000000000000000, 28.89168413795503554 ) ) ;
#1808 = EDGE_LOOP ( 'NONE', ( #3841, #7095, #3149, #5057 ) ) ;
#1809 = FACE_OUTER_BOUND ( 'NONE', #3285, .T. ) ;
#1810 = EDGE_LOOP ( 'NONE', ( #1582, #3814 ) ) ;
#1811 = EDGE_CURVE ( 'NONE', #4702, #6448, #6512, .T. ) ;
#1812 = CARTESIAN_POINT ( 'NONE',  ( 47.20727219815270814, -1.040834085586084257E-14, -16.77746856976694545 ) ) ;
#1813 = ORIENTED_EDGE ( 'NONE', *, *, #2497, .F. ) ;
#1814 = DIRECTION ( 'NONE',  ( 0.000000000000000000, 0.000000000000000000, 1.000000000000000000 ) ) ;
#1815 = CARTESIAN_POINT ( 'NONE',  ( 44.48304944195920996, 9.500000000000000000, 20.89925839033038812 ) ) ;
#1816 = ORIENTED_EDGE ( 'NONE', *, *, #6220, .T. ) ;
#1817 = ORIENTED_EDGE ( 'NONE', *, *, #720, .T. ) ;
#1818 = CIRCLE ( 'NONE', #2427, 2.649999999999916422 ) ;
#1819 = AXIS2_PLACEMENT_3D ( 'NONE', #2815, #7454, #536 ) ;
#1820 = CARTESIAN_POINT ( 'NONE',  ( 47.20727219815306341, -1.561251128379126385E-14, 18.92746856976587821 ) ) ;
#1821 = ADVANCED_FACE ( 'NONE', ( #4812 ), #2744, .F. ) ;
#1822 = CARTESIAN_POINT ( 'NONE',  ( 3.501097292138986137E-13, -1.214306433183764966E-14, 52.24999999999992184 ) ) ;
#1823 = DIRECTION ( 'NONE',  ( 0.000000000000000000, -1.000000000000000000, 0.000000000000000000 ) ) ;
#1824 = EDGE_LOOP ( 'NONE', ( #970, #2963, #6878, #1425 ) ) ;
#1825 = ADVANCED_FACE ( 'NONE', ( #2599 ), #83, .F. ) ;
#1826 = DIRECTION ( 'NONE',  ( 0.000000000000000000, 0.000000000000000000, -1.000000000000000000 ) ) ;
#1827 = ORIENTED_EDGE ( 'NONE', *, *, #5172, .F. ) ;
#1828 = CARTESIAN_POINT ( 'NONE',  ( -47.20727219815295683, -0.5000000000000004441, -16.77746856976627754 ) ) ;
#1829 = VERTEX_POINT ( 'NONE', #749 ) ;
#1830 = CARTESIAN_POINT ( 'NONE',  ( -47.20727219815295683, -1.214306433183764966E-14, -16.77746856976627754 ) ) ;
#1831 = FACE_OUTER_BOUND ( 'NONE', #1784, .T. ) ;
#1832 = EDGE_CURVE ( 'NONE', #7396, #5610, #781, .T. ) ;
#1833 = AXIS2_PLACEMENT_3D ( 'NONE', #2129, #1016, #7379 ) ;
#1834 = VERTEX_POINT ( 'NONE', #3167 ) ;
#1835 = FACE_OUTER_BOUND ( 'NONE', #1040, .T. ) ;
#1836 = AXIS2_PLACEMENT_3D ( 'NONE', #5577, #1579, #2646 ) ;
#1837 = DIRECTION ( 'NONE',  ( 0.000000000000000000, 1.000000000000000000, 0.000000000000000000 ) ) ;
#1838 = AXIS2_PLACEMENT_3D ( 'NONE', #5462, #1427, #3743 ) ;
#1839 = DIRECTION ( 'NONE',  ( 0.000000000000000000, -1.000000000000000000, -0.000000000000000000 ) ) ;
#1840 = EDGE_CURVE ( 'NONE', #7069, #1482, #1046, .T. ) ;
#1841 = EDGE_CURVE ( 'NONE', #3001, #5273, #5780, .T. ) ;
#1842 = CARTESIAN_POINT ( 'NONE',  ( 26.03115589677469899, 9.500000000000000000, -40.65641216777949296 ) ) ;
#1843 = CARTESIAN_POINT ( 'NONE',  ( 0.000000000000000000, -0.5000000000000004441, -50.10000000000000142 ) ) ;
#1844 = DIRECTION ( 'NONE',  ( 0.000000000000000000, 0.000000000000000000, -1.000000000000000000 ) ) ;
#1845 = ORIENTED_EDGE ( 'NONE', *, *, #4834, .T. ) ;
#1846 = DIRECTION ( 'NONE',  ( 0.000000000000000000, 1.000000000000000000, 0.000000000000000000 ) ) ;
#1847 = VERTEX_POINT ( 'NONE', #4349 ) ;
#1848 = EDGE_CURVE ( 'NONE', #7396, #5690, #4802, .T. ) ;
#1849 = DIRECTION ( 'NONE',  ( 0.000000000000000000, -0.000000000000000000, -1.000000000000000000 ) ) ;
#1850 = ORIENTED_EDGE ( 'NONE', *, *, #3608, .F. ) ;
#1851 = CARTESIAN_POINT ( 'NONE',  ( -1.764570581285847650, -0.5000000000000004441, 55.34687810223507398 ) ) ;
#1852 = ADVANCED_FACE ( 'NONE', ( #2459 ), #818, .F. ) ;
#1853 = DIRECTION ( 'NONE',  ( -0.000000000000000000, -1.000000000000000000, -0.000000000000000000 ) ) ;
#1854 = VERTEX_POINT ( 'NONE', #3133 ) ;
#1855 = ORIENTED_EDGE ( 'NONE', *, *, #2968, .F. ) ;
#1856 = DIRECTION ( 'NONE',  ( 0.000000000000000000, -1.000000000000000000, 0.000000000000000000 ) ) ;
#1857 = CARTESIAN_POINT ( 'NONE',  ( -13.51681823496694257, -1.387778780781445676E-14, -48.24215609612473799 ) ) ;
#1858 = FACE_OUTER_BOUND ( 'NONE', #4528, .T. ) ;
#1859 = ORIENTED_EDGE ( 'NONE', *, *, #4390, .T. ) ;
#1860 = CARTESIAN_POINT ( 'NONE',  ( 6.821949119721279153, 9.500000000000000000, -49.63336589642025842 ) ) ;
#1861 = ORIENTED_EDGE ( 'NONE', *, *, #2623, .F. ) ;
#1862 = CARTESIAN_POINT ( 'NONE',  ( 47.20727219815306341, -1.561251128379126385E-14, 16.77746856976595780 ) ) ;
#1863 = ORIENTED_EDGE ( 'NONE', *, *, #767, .F. ) ;
#1864 = CARTESIAN_POINT ( 'NONE',  ( 31.61750601073556766, -1.214306433183764966E-14, 38.86313566429116406 ) ) ;
#1865 = DIRECTION ( 'NONE',  ( 0.000000000000000000, 0.000000000000000000, -1.000000000000000000 ) ) ;
#1866 = VERTEX_POINT ( 'NONE', #252 ) ;
#1867 = CIRCLE ( 'NONE', #2595, 2.649999999999916422 ) ;
#1868 = CARTESIAN_POINT ( 'NONE',  ( 49.05211279288428017, -0.5000000000000004441, -10.19314625393749729 ) ) ;
#1869 = CARTESIAN_POINT ( 'NONE',  ( 26.03115589677558006, -1.214306433183764966E-14, 44.95641216777878668 ) ) ;
#1870 = ADVANCED_FACE ( 'NONE', ( #2567 ), #1962, .F. ) ;
#1871 = AXIS2_PLACEMENT_3D ( 'NONE', #5122, #6768, #7449 ) ;
#1872 = AXIS2_PLACEMENT_3D ( 'NONE', #7131, #7089, #4835 ) ;
#1873 = DIRECTION ( 'NONE',  ( 0.000000000000000000, -1.000000000000000000, 0.000000000000000000 ) ) ;
#1874 = CONICAL_SURFACE ( 'NONE', #3337, 2.149999999999929745, 0.7853981633974552734 ) ;
#1875 = AXIS2_PLACEMENT_3D ( 'NONE', #4221, #696, #124 ) ;
#1876 = DIRECTION ( 'NONE',  ( 0.000000000000000000, 0.000000000000000000, -1.000000000000000000 ) ) ;
#1877 = DIRECTION ( 'NONE',  ( 0.000000000000000000, 1.000000000000000000, 0.000000000000000000 ) ) ;
#1878 = CARTESIAN_POINT ( 'NONE',  ( 7.427482836828697149E-15, 9.000000000000046185, 60.64999999999999858 ) ) ;
#1879 = EDGE_LOOP ( 'NONE', ( #4573, #2091 ) ) ;
#1880 = AXIS2_PLACEMENT_3D ( 'NONE', #4808, #3548, #531 ) ;
#1881 = CARTESIAN_POINT ( 'NONE',  ( -31.10451112088840731, -0.5000000000000004441, -45.81375353461597655 ) ) ;
#1882 = EDGE_LOOP ( 'NONE', ( #901, #2422 ) ) ;
#1883 = VECTOR ( 'NONE', #5291, 1000.000000000000000 ) ;
#1884 = CIRCLE ( 'NONE', #428, 2.149999999999922640 ) ;
#1885 = EDGE_CURVE ( 'NONE', #5854, #2352, #1524, .T. ) ;
#1886 = CIRCLE ( 'NONE', #1153, 46.10000000000001563 ) ;
#1887 = CIRCLE ( 'NONE', #2374, 2.649999999999916422 ) ;
#1888 = AXIS2_PLACEMENT_3D ( 'NONE', #1268, #5418, #5920 ) ;
#1889 = DIRECTION ( 'NONE',  ( -0.000000000000000000, -1.000000000000000000, -0.000000000000000000 ) ) ;
#1890 = EDGE_LOOP ( 'NONE', ( #158, #5899 ) ) ;
#1891 = AXIS2_PLACEMENT_3D ( 'NONE', #5192, #4038, #4727 ) ;
#1892 = CARTESIAN_POINT ( 'NONE',  ( -19.95989460129642978, 9.500000000000000000, 48.10228620542324762 ) ) ;
#1893 = LOCAL_TIME ( 9, 54, 9.000000000000000000, #5732 ) ;
#1894 = DIRECTION ( 'NONE',  ( 0.000000000000000000, 1.000000000000000000, 0.000000000000000000 ) ) ;
#1895 = ORIENTED_EDGE ( 'NONE', *, *, #3081, .F. ) ;
#1896 = ORIENTED_EDGE ( 'NONE', *, *, #2532, .T. ) ;
#1897 = CARTESIAN_POINT ( 'NONE',  ( 44.48304944195920996, -0.5000000000000004441, 25.69925839033022541 ) ) ;
#1898 = EDGE_CURVE ( 'NONE', #3078, #2924, #3736, .T. ) ;
#1899 = ADVANCED_FACE ( 'NONE', ( #2641 ), #3358, .F. ) ;
#1900 = CIRCLE ( 'NONE', #7366, 2.649999999999916422 ) ;
#1901 = DIRECTION ( 'NONE',  ( 0.000000000000000000, 0.000000000000000000, 1.000000000000000000 ) ) ;
#1902 = LINE ( 'NONE', #1212, #6555 ) ;
#1903 = EDGE_LOOP ( 'NONE', ( #1129, #3605, #2880, #846 ) ) ;
#1904 = CARTESIAN_POINT ( 'NONE',  ( 47.20727219815270814, 9.500000000000000000, -14.62746856976702681 ) ) ;
#1905 = EDGE_LOOP ( 'NONE', ( #7375, #1938 ) ) ;
#1906 = CARTESIAN_POINT ( 'NONE',  ( 36.61488181033361400, -1.040834085586084257E-14, -36.34591247525490587 ) ) ;
#1907 = ORIENTED_EDGE ( 'NONE', *, *, #6089, .T. ) ;
#1908 = CARTESIAN_POINT ( 'NONE',  ( 47.20727219815270814, -1.040834085586084257E-14, -14.62746856976702681 ) ) ;
#1909 = ADVANCED_FACE ( 'NONE', ( #2757 ), #3807, .F. ) ;
#1910 = CARTESIAN_POINT ( 'NONE',  ( 13.51681823496627821, 9.500000000000000000, -46.09215609612500231 ) ) ;
#1911 = ORIENTED_EDGE ( 'NONE', *, *, #1341, .F. ) ;
#1912 = LINE ( 'NONE', #4638, #2898 ) ;
#1913 = CARTESIAN_POINT ( 'NONE',  ( -19.95989460129642978, -1.387778780781445676E-14, 48.10228620542324762 ) ) ;
#1914 = EDGE_CURVE ( 'NONE', #6315, #7362, #205, .T. ) ;
#1915 = DIRECTION ( 'NONE',  ( -0.000000000000000000, -1.000000000000000000, -0.000000000000000000 ) ) ;
#1916 = CARTESIAN_POINT ( 'NONE',  ( 55.22812996414072018, 11.00000000000000000, -1.530420035677273916 ) ) ;
#1917 = EDGE_CURVE ( 'NONE', #5555, #3922, #915, .T. ) ;
#1918 = CYLINDRICAL_SURFACE ( 'NONE', #3034, 2.149999999999924416 ) ;
#1919 = DIRECTION ( 'NONE',  ( 0.000000000000000000, -0.7071067811865426878, -0.7071067811865524577 ) ) ;
#1920 = ORIENTED_EDGE ( 'NONE', *, *, #3062, .F. ) ;
#1921 = CYLINDRICAL_SURFACE ( 'NONE', #179, 2.149999999999922640 ) ;
#1922 = EDGE_LOOP ( 'NONE', ( #1588, #4379 ) ) ;
#1923 = CONICAL_SURFACE ( 'NONE', #5812, 2.149999999999922640, 0.7853981633974543852 ) ;
#1924 = CARTESIAN_POINT ( 'NONE',  ( -53.18329137311566512, 11.00000000000000000, 15.42491956939448094 ) ) ;
#1925 = EDGE_CURVE ( 'NONE', #6045, #6715, #2710, .T. ) ;
#1926 = DIRECTION ( 'NONE',  ( 0.000000000000000000, 1.000000000000000000, 0.000000000000000000 ) ) ;
#1927 = CARTESIAN_POINT ( 'NONE',  ( 40.93019163982280872, -0.5000000000000004441, -31.54168413795522952 ) ) ;
#1928 = ORIENTED_EDGE ( 'NONE', *, *, #4166, .T. ) ;
#1929 = ORIENTED_EDGE ( 'NONE', *, *, #4322, .T. ) ;
#1930 = MECHANICAL_CONTEXT ( 'NONE', #6604, 'mechanical' ) ;
#1931 = AXIS2_PLACEMENT_3D ( 'NONE', #768, #349, #6700 ) ;
#1932 = DIRECTION ( 'NONE',  ( 0.000000000000000000, 0.000000000000000000, -1.000000000000000000 ) ) ;
#1933 = DIRECTION ( 'NONE',  ( 0.000000000000000000, -1.000000000000000000, 0.000000000000000000 ) ) ;
#1934 = VERTEX_POINT ( 'NONE', #2185 ) ;
#1935 = VECTOR ( 'NONE', #3238, 1000.000000000000000 ) ;
#1936 = AXIS2_PLACEMENT_3D ( 'NONE', #3672, #3641, #7258 ) ;
#1937 = CARTESIAN_POINT ( 'NONE',  ( 36.61488181033430322, -1.734723475976807094E-14, 36.34591247525416691 ) ) ;
#1938 = ORIENTED_EDGE ( 'NONE', *, *, #4847, .T. ) ;
#1939 = EDGE_CURVE ( 'NONE', #1544, #3601, #7285, .T. ) ;
#1940 = DIRECTION ( 'NONE',  ( -0.9945218953682745111, 0.000000000000000000, 0.1045284632676437842 ) ) ;
#1941 = ORIENTED_EDGE ( 'NONE', *, *, #4463, .F. ) ;
#1942 = DIRECTION ( 'NONE',  ( 0.000000000000000000, -1.000000000000000000, 0.000000000000000000 ) ) ;
#1943 = AXIS2_PLACEMENT_3D ( 'NONE', #2869, #2703, #5062 ) ;
#1944 = AXIS2_PLACEMENT_3D ( 'NONE', #5657, #448, #6718 ) ;
#1945 = FACE_OUTER_BOUND ( 'NONE', #6271, .T. ) ;
#1946 = ORIENTED_EDGE ( 'NONE', *, *, #1341, .T. ) ;
#1947 = CARTESIAN_POINT ( 'NONE',  ( -13.51681823496661572, 9.500000000000000000, 48.24215609612481614 ) ) ;
#1948 = EDGE_CURVE ( 'NONE', #734, #4938, #6710, .T. ) ;
#1949 = VECTOR ( 'NONE', #5572, 1000.000000000000000 ) ;
#1950 = CARTESIAN_POINT ( 'NONE',  ( -24.12361884325211392, 11.00000000000000000, 49.84417357029304441 ) ) ;
#1951 = CONICAL_SURFACE ( 'NONE', #5225, 2.149999999999924416, 0.7853981633974557175 ) ;
#1952 = CYLINDRICAL_SURFACE ( 'NONE', #1992, 2.149999999999922640 ) ;
#1953 = CARTESIAN_POINT ( 'NONE',  ( -13.51681823496661572, -0.5000000000000004441, 45.59215609612486020 ) ) ;
#1954 = DIRECTION ( 'NONE',  ( 0.000000000000000000, -1.000000000000000000, 0.000000000000000000 ) ) ;
#1955 = DIRECTION ( 'NONE',  ( 0.000000000000000000, 0.000000000000000000, -1.000000000000000000 ) ) ;
#1956 = EDGE_LOOP ( 'NONE', ( #4082, #1418, #6546, #6005 ) ) ;
#1957 = CYLINDRICAL_SURFACE ( 'NONE', #2609, 2.500000000000199840 ) ;
#1958 = ORIENTED_EDGE ( 'NONE', *, *, #6053, .F. ) ;
#1959 = CIRCLE ( 'NONE', #6945, 45.10000000000000142 ) ;
#1960 = ADVANCED_FACE ( 'NONE', ( #2223 ), #929, .F. ) ;
#1961 = AXIS2_PLACEMENT_3D ( 'NONE', #721, #3112, #4324 ) ;
#1962 = CYLINDRICAL_SURFACE ( 'NONE', #3463, 2.149999999999915978 ) ;
#1963 = DIRECTION ( 'NONE',  ( 0.000000000000000000, -0.7071067811865432429, -0.7071067811865517916 ) ) ;
#1964 = CARTESIAN_POINT ( 'NONE',  ( -44.48304944195906074, 9.500000000000000000, -20.89925839033069010 ) ) ;
#1965 = ORIENTED_EDGE ( 'NONE', *, *, #7213, .T. ) ;
#1966 = ADVANCED_FACE ( 'NONE', ( #6756 ), #1570, .T. ) ;
#1967 = ORIENTED_EDGE ( 'NONE', *, *, #7153, .F. ) ;
#1968 = CARTESIAN_POINT ( 'NONE',  ( -31.10451112088840731, 11.00000000000000000, -48.31375353461617550 ) ) ;
#1969 = ADVANCED_FACE ( 'NONE', ( #3844 ), #7435, .F. ) ;
#1970 = CYLINDRICAL_SURFACE ( 'NONE', #4140, 2.500000000000203393 ) ;
#1971 = CARTESIAN_POINT ( 'NONE',  ( 52.09272677833285314, 11.00000000000000000, 16.28133226898357222 ) ) ;
#1972 = EDGE_LOOP ( 'NONE', ( #3879, #5520 ) ) ;
#1973 = DIRECTION ( 'NONE',  ( 0.000000000000000000, -1.000000000000000000, 0.000000000000000000 ) ) ;
#1974 = ORIENTED_EDGE ( 'NONE', *, *, #3180, .F. ) ;
#1975 = CYLINDRICAL_SURFACE ( 'NONE', #3803, 2.149999999999922640 ) ;
#1976 = ORIENTED_EDGE ( 'NONE', *, *, #5270, .F. ) ;
#1977 = DIRECTION ( 'NONE',  ( 0.000000000000000000, -0.000000000000000000, -1.000000000000000000 ) ) ;
#1978 = EDGE_CURVE ( 'NONE', #3922, #5202, #329, .T. ) ;
#1979 = CYLINDRICAL_SURFACE ( 'NONE', #4060, 2.149999999999922196 ) ;
#1980 = ORIENTED_EDGE ( 'NONE', *, *, #3227, .T. ) ;
#1981 = CARTESIAN_POINT ( 'NONE',  ( 40.93019163982339848, -1.214306433183764966E-14, 26.74168413795456445 ) ) ;
#1982 = CARTESIAN_POINT ( 'NONE',  ( 13.51681823496726231, 9.500000000000000000, 46.09215609612471809 ) ) ;
#1983 = EDGE_CURVE ( 'NONE', #7408, #3354, #4994, .T. ) ;
#1984 = ADVANCED_FACE ( 'NONE', ( #2794 ), #1533, .F. ) ;
#1985 = CARTESIAN_POINT ( 'NONE',  ( -9.781252527309565181, 11.00000000000000000, -54.50429087693013486 ) ) ;
#1986 = DIRECTION ( 'NONE',  ( 0.000000000000000000, -1.000000000000000000, 0.000000000000000000 ) ) ;
#1987 = DIRECTION ( 'NONE',  ( 0.000000000000000000, -1.000000000000000000, 0.000000000000000000 ) ) ;
#1988 = ORIENTED_EDGE ( 'NONE', *, *, #1350, .F. ) ;
#1989 = CYLINDRICAL_SURFACE ( 'NONE', #5642, 2.149999999999919531 ) ;
#1990 = EDGE_LOOP ( 'NONE', ( #7368, #5201, #5531, #1976 ) ) ;
#1991 = CONICAL_SURFACE ( 'NONE', #6485, 2.149999999999922640, 0.7853981633974548293 ) ;
#1992 = AXIS2_PLACEMENT_3D ( 'NONE', #6162, #320, #5017 ) ;
#1993 = AXIS2_PLACEMENT_3D ( 'NONE', #3937, #3258, #5618 ) ;
#1994 = FACE_OUTER_BOUND ( 'NONE', #6127, .T. ) ;
#1995 = DIRECTION ( 'NONE',  ( 0.000000000000000000, -0.000000000000000000, -1.000000000000000000 ) ) ;
#1996 = DIRECTION ( 'NONE',  ( 0.000000000000000000, 1.000000000000000000, 0.000000000000000000 ) ) ;
#1997 = AXIS2_PLACEMENT_3D ( 'NONE', #2656, #5438, #271 ) ;
#1998 = ORIENTED_EDGE ( 'NONE', *, *, #3243, .F. ) ;
#1999 = CONICAL_SURFACE ( 'NONE', #4663, 2.149999999999922640, 0.7853981633974543852 ) ;
#2000 = VECTOR ( 'NONE', #2403, 1000.000000000000000 ) ;
#2001 = EDGE_LOOP ( 'NONE', ( #6415, #40, #5929, #6668 ) ) ;
#2002 = CARTESIAN_POINT ( 'NONE',  ( -40.93019163982300768, 9.500000000000000000, 26.74168413795511512 ) ) ;
#2003 = AXIS2_PLACEMENT_3D ( 'NONE', #471, #4576, #3962 ) ;
#2004 = CIRCLE ( 'NONE', #3336, 2.149999999999922640 ) ;
#2005 = AXIS2_PLACEMENT_3D ( 'NONE', #184, #286, #3668 ) ;
#2006 = CARTESIAN_POINT ( 'NONE',  ( 36.61488181033361400, 9.500000000000000000, -36.34591247525490587 ) ) ;
#2007 = CIRCLE ( 'NONE', #5649, 2.149999999999922640 ) ;
#2008 = AXIS2_PLACEMENT_3D ( 'NONE', #2285, #6197, #7382 ) ;
#2009 = DIRECTION ( 'NONE',  ( 0.000000000000000000, -1.000000000000000000, 0.000000000000000000 ) ) ;
#2010 = VERTEX_POINT ( 'NONE', #3886 ) ;
#2011 = CARTESIAN_POINT ( 'NONE',  ( -13.51681823496661572, 2.775557561562891351E-14, 46.09215609612489573 ) ) ;
#2012 = ORIENTED_EDGE ( 'NONE', *, *, #626, .T. ) ;
#2013 = EDGE_CURVE ( 'NONE', #3225, #5747, #1900, .T. ) ;
#2014 = LINE ( 'NONE', #5503, #1141 ) ;
#2015 = ORIENTED_EDGE ( 'NONE', *, *, #156, .T. ) ;
#2016 = CARTESIAN_POINT ( 'NONE',  ( 26.03115589677469899, 9.500000000000000000, -42.80641216777942049 ) ) ;
#2017 = VECTOR ( 'NONE', #6634, 1000.000000000000000 ) ;
#2018 = ORIENTED_EDGE ( 'NONE', *, *, #4296, .F. ) ;
#2019 = CIRCLE ( 'NONE', #6264, 2.149999999999922640 ) ;
#2020 = AXIS2_PLACEMENT_3D ( 'NONE', #180, #6095, #3103 ) ;
#2021 = CARTESIAN_POINT ( 'NONE',  ( 26.03115589677558006, 9.500000000000000000, 44.95641216777878668 ) ) ;
#2022 = CIRCLE ( 'NONE', #6275, 2.649999999999916422 ) ;
#2023 = ORIENTED_EDGE ( 'NONE', *, *, #4941, .F. ) ;
#2024 = EDGE_CURVE ( 'NONE', #1266, #5552, #6214, .T. ) ;
#2025 = CARTESIAN_POINT ( 'NONE',  ( -44.48304944195891153, 9.500000000000000000, 25.19925839033084358 ) ) ;
#2026 = LINE ( 'NONE', #238, #4042 ) ;
#2027 = CYLINDRICAL_SURFACE ( 'NONE', #6732, 2.500000000000203393 ) ;
#2028 = EDGE_LOOP ( 'NONE', ( #6754, #5157 ) ) ;
#2029 = DIRECTION ( 'NONE',  ( 0.000000000000000000, 0.000000000000000000, -1.000000000000000000 ) ) ;
#2030 = LINE ( 'NONE', #246, #2017 ) ;
#2031 = VERTEX_POINT ( 'NONE', #4532 ) ;
#2032 = ADVANCED_FACE ( 'NONE', ( #5643 ), #441, .F. ) ;
#2033 = DIRECTION ( 'NONE',  ( 0.000000000000000000, 0.000000000000000000, 1.000000000000000000 ) ) ;
#2034 = ORIENTED_EDGE ( 'NONE', *, *, #455, .T. ) ;
#2035 = DIRECTION ( 'NONE',  ( 0.000000000000000000, 0.000000000000000000, 1.000000000000000000 ) ) ;
#2036 = DIRECTION ( 'NONE',  ( 0.000000000000000000, 0.000000000000000000, 1.000000000000000000 ) ) ;
#2037 = DIRECTION ( 'NONE',  ( -0.000000000000000000, -1.000000000000000000, -0.000000000000000000 ) ) ;
#2038 = VERTEX_POINT ( 'NONE', #6980 ) ;
#2039 = ORIENTED_EDGE ( 'NONE', *, *, #4746, .T. ) ;
#2040 = EDGE_CURVE ( 'NONE', #1789, #2975, #7247, .T. ) ;
#2041 = CARTESIAN_POINT ( 'NONE',  ( -47.20727219815284315, -0.5000000000000004441, 16.77746856976660439 ) ) ;
#2042 = CARTESIAN_POINT ( 'NONE',  ( -13.51681823496661572, 2.775557561562891351E-14, 50.39215609612474367 ) ) ;
#2043 = ORIENTED_EDGE ( 'NONE', *, *, #2525, .F. ) ;
#2044 = DIRECTION ( 'NONE',  ( 0.000000000000000000, -0.7071067811865432429, -0.7071067811865517916 ) ) ;
#2045 = EDGE_LOOP ( 'NONE', ( #2454, #5105 ) ) ;
#2046 = DIRECTION ( 'NONE',  ( 0.000000000000000000, 0.000000000000000000, -1.000000000000000000 ) ) ;
#2047 = CONICAL_SURFACE ( 'NONE', #4109, 2.149999999999922640, 0.7853981633974543852 ) ;
#2048 = ORIENTED_EDGE ( 'NONE', *, *, #3597, .T. ) ;
#2049 = EDGE_CURVE ( 'NONE', #3097, #4765, #3594, .T. ) ;
#2050 = DIRECTION ( 'NONE',  ( 0.000000000000000000, -1.000000000000000000, 0.000000000000000000 ) ) ;
#2051 = ORIENTED_EDGE ( 'NONE', *, *, #6237, .T. ) ;
#2052 = EDGE_CURVE ( 'NONE', #4703, #5055, #6516, .T. ) ;
#2053 = VECTOR ( 'NONE', #5362, 1000.000000000000000 ) ;
#2054 = CARTESIAN_POINT ( 'NONE',  ( -42.31147425102297177, 11.00000000000000000, 33.22295860794585565 ) ) ;
#2055 = EDGE_LOOP ( 'NONE', ( #6775, #3969, #5099, #5925 ) ) ;
#2056 = LINE ( 'NONE', #1981, #5699 ) ;
#2057 = DIRECTION ( 'NONE',  ( 0.000000000000000000, -1.000000000000000000, 0.000000000000000000 ) ) ;
#2058 = AXIS2_PLACEMENT_3D ( 'NONE', #663, #2413, #1192 ) ;
#2059 = VECTOR ( 'NONE', #2351, 1000.000000000000000 ) ;
#2060 = ADVANCED_FACE ( 'NONE', ( #2831 ), #3471, .F. ) ;
#2061 = LINE ( 'NONE', #2557, #6373 ) ;
#2062 = ORIENTED_EDGE ( 'NONE', *, *, #7268, .T. ) ;
#2063 = CARTESIAN_POINT ( 'NONE',  ( -49.05211279288432280, 2.775557561562891351E-14, 8.043146253937216272 ) ) ;
#2064 = CARTESIAN_POINT ( 'NONE',  ( -6.821949119721629096, 9.500000000000000000, 49.63336589642023000 ) ) ;
#2065 = ORIENTED_EDGE ( 'NONE', *, *, #4351, .T. ) ;
#2066 = CARTESIAN_POINT ( 'NONE',  ( 48.81408774733904465, -0.5000000000000004441, -26.14527610095353083 ) ) ;
#2067 = ORIENTED_EDGE ( 'NONE', *, *, #2959, .T. ) ;
#2068 = AXIS2_PLACEMENT_3D ( 'NONE', #4922, #5492, #4275 ) ;
#2069 = ADVANCED_FACE ( 'NONE', ( #1191 ), #4202, .F. ) ;
#2070 = DIRECTION ( 'NONE',  ( -0.000000000000000000, -1.000000000000000000, -0.000000000000000000 ) ) ;
#2071 = FACE_OUTER_BOUND ( 'NONE', #5367, .T. ) ;
#2072 = CARTESIAN_POINT ( 'NONE',  ( 0.000000000000000000, -1.214306433183764966E-14, -50.10000000000000142 ) ) ;
#2073 = CONICAL_SURFACE ( 'NONE', #3158, 2.149999999999922640, 0.7853981633974548293 ) ;
#2074 = ORIENTED_EDGE ( 'NONE', *, *, #566, .F. ) ;
#2075 = VERTEX_POINT ( 'NONE', #1842 ) ;
#2076 = CIRCLE ( 'NONE', #5724, 2.649999999999916422 ) ;
#2077 = DATE_AND_TIME ( #3365, #1893 ) ;
#2078 = EDGE_CURVE ( 'NONE', #2402, #5036, #629, .T. ) ;
#2079 = DIRECTION ( 'NONE',  ( -0.000000000000000000, -1.000000000000000000, -0.000000000000000000 ) ) ;
#2080 = ADVANCED_FACE ( 'NONE', ( #5259 ), #2946, .T. ) ;
#2081 = DIRECTION ( 'NONE',  ( 0.000000000000000000, -1.000000000000000000, 0.000000000000000000 ) ) ;
#2082 = VERTEX_POINT ( 'NONE', #1770 ) ;
#2083 = CARTESIAN_POINT ( 'NONE',  ( -19.95989460129674598, -1.387778780781445676E-14, -45.95228620542319220 ) ) ;
#2084 = ORIENTED_EDGE ( 'NONE', *, *, #1811, .F. ) ;
#2085 = LINE ( 'NONE', #3371, #7340 ) ;
#2086 = ORIENTED_EDGE ( 'NONE', *, *, #4766, .F. ) ;
#2087 = CARTESIAN_POINT ( 'NONE',  ( 48.81408774733904465, 11.00000000000000000, -26.14527610095353083 ) ) ;
#2088 = CARTESIAN_POINT ( 'NONE',  ( 49.05211279288428017, -0.5000000000000004441, -12.84314625393741416 ) ) ;
#2089 = CARTESIAN_POINT ( 'NONE',  ( 47.20727219815306341, 9.500000000000000000, 18.92746856976587821 ) ) ;
#2090 = DIRECTION ( 'NONE',  ( 0.000000000000000000, -1.000000000000000000, 0.000000000000000000 ) ) ;
#2091 = ORIENTED_EDGE ( 'NONE', *, *, #2052, .T. ) ;
#2092 = DIRECTION ( 'NONE',  ( 0.000000000000000000, 0.000000000000000000, -1.000000000000000000 ) ) ;
#2093 = DIRECTION ( 'NONE',  ( -0.000000000000000000, -1.000000000000000000, 0.000000000000000000 ) ) ;
#2094 = DIRECTION ( 'NONE',  ( 0.000000000000000000, 0.000000000000000000, -1.000000000000000000 ) ) ;
#2095 = VERTEX_POINT ( 'NONE', #4645 ) ;
#2096 = DIRECTION ( 'NONE',  ( 0.000000000000000000, 0.000000000000000000, -1.000000000000000000 ) ) ;
#2097 = DIRECTION ( 'NONE',  ( 0.000000000000000000, -0.7071067811865430208, -0.7071067811865521247 ) ) ;
#2098 = EDGE_LOOP ( 'NONE', ( #5919, #1365 ) ) ;
#2099 = LINE ( 'NONE', #1487, #4058 ) ;
#2100 = EDGE_CURVE ( 'NONE', #1179, #5351, #61, .T. ) ;
#2101 = ORIENTED_EDGE ( 'NONE', *, *, #1696, .F. ) ;
#2102 = ORIENTED_EDGE ( 'NONE', *, *, #3734, .F. ) ;
#2103 = DIRECTION ( 'NONE',  ( 0.000000000000000000, 0.000000000000000000, 1.000000000000000000 ) ) ;
#2104 = CARTESIAN_POINT ( 'NONE',  ( 26.03115589677558006, 9.500000000000000000, 42.80641216777885916 ) ) ;
#2105 = CARTESIAN_POINT ( 'NONE',  ( 49.98320533644598385, 9.500000000000000000, -3.418944909570555968 ) ) ;
#2106 = ORIENTED_EDGE ( 'NONE', *, *, #4260, .F. ) ;
#2107 = AXIS2_PLACEMENT_3D ( 'NONE', #4530, #2903, #6862 ) ;
#2108 = CONICAL_SURFACE ( 'NONE', #3084, 2.149999999999922640, 0.7853981633974539411 ) ;
#2109 = EDGE_CURVE ( 'NONE', #2542, #6504, #4690, .T. ) ;
#2110 = ORIENTED_EDGE ( 'NONE', *, *, #7516, .T. ) ;
#2111 = AXIS2_PLACEMENT_3D ( 'NONE', #6226, #6804, #3825 ) ;
#2112 = DIRECTION ( 'NONE',  ( 0.000000000000000000, -0.7071067811865430208, -0.7071067811865521247 ) ) ;
#2113 = LINE ( 'NONE', #3821, #3513 ) ;
#2114 = ORIENTED_EDGE ( 'NONE', *, *, #2717, .F. ) ;
#2115 = AXIS2_PLACEMENT_3D ( 'NONE', #6224, #6802, #5581 ) ;
#2116 = VECTOR ( 'NONE', #6817, 999.9999999999998863 ) ;
#2117 = CARTESIAN_POINT ( 'NONE',  ( -31.61750601073502764, 9.500000000000000000, 38.86313566429160460 ) ) ;
#2118 = VERTEX_POINT ( 'NONE', #593 ) ;
#2119 = DIRECTION ( 'NONE',  ( 0.000000000000000000, -1.000000000000000000, 0.000000000000000000 ) ) ;
#2120 = VERTEX_POINT ( 'NONE', #6409 ) ;
#2121 = ADVANCED_FACE ( 'NONE', ( #2910 ), #2984, .F. ) ;
#2122 = CARTESIAN_POINT ( 'NONE',  ( 7.427482836828697149E-15, -0.5000000000000004441, 60.64999999999999858 ) ) ;
#2123 = AXIS2_PLACEMENT_3D ( 'NONE', #2145, #847, #3164 ) ;
#2124 = ADVANCED_FACE ( 'NONE', ( #5144 ), #4571, .F. ) ;
#2125 = CIRCLE ( 'NONE', #1819, 2.500000000000203393 ) ;
#2126 = AXIS2_PLACEMENT_3D ( 'NONE', #3738, #820, #5537 ) ;
#2127 = AXIS2_PLACEMENT_3D ( 'NONE', #7333, #3334, #3860 ) ;
#2128 = AXIS2_PLACEMENT_3D ( 'NONE', #1249, #5895, #7078 ) ;
#2129 = CARTESIAN_POINT ( 'NONE',  ( 33.95964629695709647, -0.5000000000000004441, -43.73937640599801568 ) ) ;
#2130 = DIRECTION ( 'NONE',  ( 0.000000000000000000, -0.000000000000000000, -1.000000000000000000 ) ) ;
#2131 = CYLINDRICAL_SURFACE ( 'NONE', #5914, 2.149999999999922640 ) ;
#2132 = EDGE_LOOP ( 'NONE', ( #1501, #5187, #4244, #3856 ) ) ;
#2133 = CIRCLE ( 'NONE', #312, 2.500000000000202505 ) ;
#2134 = LINE ( 'NONE', #7421, #7272 ) ;
#2135 = SECURITY_CLASSIFICATION ( '', '', #1576 ) ;
#2136 = AXIS2_PLACEMENT_3D ( 'NONE', #7486, #7518, #2273 ) ;
#2137 = DIRECTION ( 'NONE',  ( 0.000000000000000000, 1.000000000000000000, 0.000000000000000000 ) ) ;
#2138 = EDGE_CURVE ( 'NONE', #1424, #2286, #5420, .T. ) ;
#2139 = AXIS2_PLACEMENT_3D ( 'NONE', #6946, #5190, #2301 ) ;
#2140 = CARTESIAN_POINT ( 'NONE',  ( 49.98320533644598385, 9.500000000000000000, -5.568944909570478607 ) ) ;
#2141 = ORIENTED_EDGE ( 'NONE', *, *, #4200, .T. ) ;
#2142 = FACE_OUTER_BOUND ( 'NONE', #4815, .T. ) ;
#2143 = FACE_OUTER_BOUND ( 'NONE', #2987, .T. ) ;
#2144 = ORIENTED_EDGE ( 'NONE', *, *, #7236, .T. ) ;
#2145 = CARTESIAN_POINT ( 'NONE',  ( -31.10451112088840731, 11.00000000000000000, -45.81375353461597655 ) ) ;
#2146 = FACE_OUTER_BOUND ( 'NONE', #6800, .T. ) ;
#2147 = ADVANCED_FACE ( 'NONE', ( #520 ), #3226, .F. ) ;
#2148 = EDGE_CURVE ( 'NONE', #5358, #2951, #4612, .T. ) ;
#2149 = DIRECTION ( 'NONE',  ( 0.000000000000000000, 0.000000000000000000, -1.000000000000000000 ) ) ;
#2150 = FACE_BOUND ( 'NONE', #4699, .T. ) ;
#2151 = DIRECTION ( 'NONE',  ( -0.000000000000000000, -1.000000000000000000, -0.000000000000000000 ) ) ;
#2152 = EDGE_LOOP ( 'NONE', ( #3777, #1184, #1859, #2106 ) ) ;
#2153 = ORIENTED_EDGE ( 'NONE', *, *, #4603, .F. ) ;
#2154 = DATE_AND_TIME ( #3892, #563 ) ;
#2155 = EDGE_CURVE ( 'NONE', #4215, #6060, #4076, .T. ) ;
#2156 = DIRECTION ( 'NONE',  ( 0.000000000000000000, 0.000000000000000000, 1.000000000000000000 ) ) ;
#2157 = CARTESIAN_POINT ( 'NONE',  ( 7.305018156913965156E-15, 11.00000000000000000, 58.65000000000006963 ) ) ;
#2158 = ORIENTED_EDGE ( 'NONE', *, *, #1285, .T. ) ;
#2159 = DIRECTION ( 'NONE',  ( 0.000000000000000000, 0.000000000000000000, -1.000000000000000000 ) ) ;
#2160 = VERTEX_POINT ( 'NONE', #1728 ) ;
#2161 = DIRECTION ( 'NONE',  ( 0.000000000000000000, 0.000000000000000000, 1.000000000000000000 ) ) ;
#2162 = ORIENTED_EDGE ( 'NONE', *, *, #1083, .F. ) ;
#2163 = DIRECTION ( 'NONE',  ( -0.000000000000000000, -1.000000000000000000, -0.000000000000000000 ) ) ;
#2164 = CARTESIAN_POINT ( 'NONE',  ( -31.61750601073530476, -0.5000000000000004441, -36.21313566429147812 ) ) ;
#2165 = ADVANCED_FACE ( 'NONE', ( #4035 ), #3267, .F. ) ;
#2166 = DIRECTION ( 'NONE',  ( -0.000000000000000000, -1.000000000000000000, -0.000000000000000000 ) ) ;
#2167 = ORIENTED_EDGE ( 'NONE', *, *, #4296, .T. ) ;
#2168 = CONICAL_SURFACE ( 'NONE', #1806, 2.149999999999922640, 0.7853981633974548293 ) ;
#2169 = FACE_OUTER_BOUND ( 'NONE', #3740, .T. ) ;
#2170 = EDGE_LOOP ( 'NONE', ( #1585, #6861, #2738, #394 ) ) ;
#2171 = DIRECTION ( 'NONE',  ( 0.000000000000000000, -1.000000000000000000, 0.000000000000000000 ) ) ;
#2172 = DIRECTION ( 'NONE',  ( 0.000000000000000000, 1.000000000000000000, 0.000000000000000000 ) ) ;
#2173 = AXIS2_PLACEMENT_3D ( 'NONE', #6235, #387, #7342 ) ;
#2174 = EDGE_CURVE ( 'NONE', #5091, #6308, #1517, .T. ) ;
#2175 = CARTESIAN_POINT ( 'NONE',  ( 44.48304944195874100, 9.500000000000000000, -20.89925839033127986 ) ) ;
#2176 = EDGE_CURVE ( 'NONE', #6921, #1163, #4977, .T. ) ;
#2177 = VERTEX_POINT ( 'NONE', #949 ) ;
#2178 = ORIENTED_EDGE ( 'NONE', *, *, #2639, .T. ) ;
#2179 = CARTESIAN_POINT ( 'NONE',  ( 40.93019163982280872, 9.500000000000000000, -31.04168413795523662 ) ) ;
#2180 = DIRECTION ( 'NONE',  ( 0.000000000000000000, -0.7071067811865429098, -0.7071067811865521247 ) ) ;
#2181 = VERTEX_POINT ( 'NONE', #3832 ) ;
#2182 = DIRECTION ( 'NONE',  ( 0.000000000000000000, 0.000000000000000000, -1.000000000000000000 ) ) ;
#2183 = CARTESIAN_POINT ( 'NONE',  ( 13.51681823496627821, -1.214306433183764966E-14, -50.39215609612484315 ) ) ;
#2184 = CIRCLE ( 'NONE', #4483, 2.500000000000199840 ) ;
#2185 = CARTESIAN_POINT ( 'NONE',  ( 13.51681823496627821, -1.214306433183764966E-14, -46.09215609612500231 ) ) ;
#2186 = LINE ( 'NONE', #6870, #3505 ) ;
#2187 = CARTESIAN_POINT ( 'NONE',  ( 47.20727219815306341, 9.500000000000000000, 14.62746856976603205 ) ) ;
#2188 = EDGE_LOOP ( 'NONE', ( #482, #3476, #4478, #821 ) ) ;
#2189 = EDGE_LOOP ( 'NONE', ( #7402, #1667, #3596, #196 ) ) ;
#2190 = VECTOR ( 'NONE', #4848, 1000.000000000000000 ) ;
#2191 = VECTOR ( 'NONE', #7292, 999.9999999999998863 ) ;
#2192 = DIRECTION ( 'NONE',  ( 0.000000000000000000, 0.000000000000000000, -1.000000000000000000 ) ) ;
#2193 = CIRCLE ( 'NONE', #5354, 2.649999999999916422 ) ;
#2194 = DIRECTION ( 'NONE',  ( 0.000000000000000000, -1.000000000000000000, 0.000000000000000000 ) ) ;
#2195 = ORIENTED_EDGE ( 'NONE', *, *, #6751, .T. ) ;
#2196 = CARTESIAN_POINT ( 'NONE',  ( -49.98320533644600516, -0.5000000000000004441, 3.418944909570193147 ) ) ;
#2197 = AXIS2_PLACEMENT_3D ( 'NONE', #3087, #5258, #702 ) ;
#2198 = DIRECTION ( 'NONE',  ( 0.000000000000000000, 0.000000000000000000, -1.000000000000000000 ) ) ;
#2199 = ORIENTED_EDGE ( 'NONE', *, *, #5639, .T. ) ;
#2200 = DIRECTION ( 'NONE',  ( 0.000000000000000000, -1.000000000000000000, 0.000000000000000000 ) ) ;
#2201 = ORIENTED_EDGE ( 'NONE', *, *, #5332, .T. ) ;
#2202 = CARTESIAN_POINT ( 'NONE',  ( -19.95989460129674598, 9.500000000000000000, -43.80228620542327178 ) ) ;
#2203 = ADVANCED_FACE ( 'NONE', ( #2696 ), #5554, .F. ) ;
#2204 = AXIS2_PLACEMENT_3D ( 'NONE', #4596, #7494, #6928 ) ;
#2205 = DIRECTION ( 'NONE',  ( -0.000000000000000000, -1.000000000000000000, -0.000000000000000000 ) ) ;
#2206 = CARTESIAN_POINT ( 'NONE',  ( 44.48304944195874100, 9.500000000000000000, -23.04925839033120383 ) ) ;
#2207 = VERTEX_POINT ( 'NONE', #3091 ) ;
#2208 = CIRCLE ( 'NONE', #1594, 2.649999999999916422 ) ;
#2209 = LINE ( 'NONE', #6316, #3458 ) ;
#2210 = ORIENTED_EDGE ( 'NONE', *, *, #6636, .F. ) ;
#2211 = DIRECTION ( 'NONE',  ( 0.000000000000000000, 0.000000000000000000, 1.000000000000000000 ) ) ;
#2212 = DIRECTION ( 'NONE',  ( 0.000000000000000000, 0.000000000000000000, -1.000000000000000000 ) ) ;
#2213 = ADVANCED_FACE ( 'NONE', ( #5916 ), #4323, .F. ) ;
#2214 = CARTESIAN_POINT ( 'NONE',  ( -47.04951716605319234, 11.00000000000000000, -26.70160200128175276 ) ) ;
#2215 = ORIENTED_EDGE ( 'NONE', *, *, #5977, .T. ) ;
#2216 = DIRECTION ( 'NONE',  ( 0.000000000000000000, 0.000000000000000000, -1.000000000000000000 ) ) ;
#2217 = CARTESIAN_POINT ( 'NONE',  ( -47.20727219815284315, -1.387778780781445676E-14, 14.62746856976668219 ) ) ;
#2218 = ORIENTED_EDGE ( 'NONE', *, *, #5473, .F. ) ;
#2219 = DIRECTION ( 'NONE',  ( -0.000000000000000000, -1.000000000000000000, -0.000000000000000000 ) ) ;
#2220 = CARTESIAN_POINT ( 'NONE',  ( -44.48304944195891153, 9.500000000000000000, 20.89925839033099564 ) ) ;
#2221 = EDGE_CURVE ( 'NONE', #223, #727, #2022, .T. ) ;
#2222 = EDGE_CURVE ( 'NONE', #4057, #137, #319, .T. ) ;
#2223 = FACE_OUTER_BOUND ( 'NONE', #2188, .T. ) ;
#2224 = FACE_BOUND ( 'NONE', #939, .T. ) ;
#2225 = CARTESIAN_POINT ( 'NONE',  ( -31.10451112088840731, 11.00000000000000000, -43.31375353461577049 ) ) ;
#2226 = ORIENTED_EDGE ( 'NONE', *, *, #7249, .T. ) ;
#2227 = VERTEX_POINT ( 'NONE', #6593 ) ;
#2228 = ORIENTED_EDGE ( 'NONE', *, *, #2013, .T. ) ;
#2229 = APPROVAL_STATUS ( 'not_yet_approved' ) ;
#2230 = PLANE ( 'NONE',  #4965 ) ;
#2231 = EDGE_LOOP ( 'NONE', ( #7318, #999, #2218, #4600 ) ) ;
#2232 = DIRECTION ( 'NONE',  ( -0.000000000000000000, -1.000000000000000000, -0.000000000000000000 ) ) ;
#2233 = DIRECTION ( 'NONE',  ( 0.000000000000000000, -1.000000000000000000, 0.000000000000000000 ) ) ;
#2234 = ORIENTED_EDGE ( 'NONE', *, *, #2943, .T. ) ;
#2235 = DIRECTION ( 'NONE',  ( -0.000000000000000000, -1.000000000000000000, -0.000000000000000000 ) ) ;
#2236 = EDGE_LOOP ( 'NONE', ( #4566, #297, #6493, #6689 ) ) ;
#2237 = DIRECTION ( 'NONE',  ( 0.000000000000000000, -1.000000000000000000, 0.000000000000000000 ) ) ;
#2238 = AXIS2_PLACEMENT_3D ( 'NONE', #3031, #5200, #2921 ) ;
#2239 = CARTESIAN_POINT ( 'NONE',  ( -31.61750601073530476, -0.5000000000000004441, -38.86313566429139144 ) ) ;
#2240 = AXIS2_PLACEMENT_3D ( 'NONE', #4522, #2137, #4482 ) ;
#2241 = DIRECTION ( 'NONE',  ( -0.000000000000000000, -1.000000000000000000, -0.000000000000000000 ) ) ;
#2242 = EDGE_LOOP ( 'NONE', ( #6826, #3891 ) ) ;
#2243 = ADVANCED_FACE ( 'NONE', ( #5589 ), #6729, .F. ) ;
#2244 = DIRECTION ( 'NONE',  ( -0.000000000000000000, -1.000000000000000000, -0.000000000000000000 ) ) ;
#2245 = ORIENTED_EDGE ( 'NONE', *, *, #3189, .T. ) ;
#2246 = CIRCLE ( 'NONE', #5514, 2.149999999999922640 ) ;
#2247 = CARTESIAN_POINT ( 'NONE',  ( -44.48304944195906074, -0.5000000000000004441, -25.69925839033053094 ) ) ;
#2248 = DIRECTION ( 'NONE',  ( 0.000000000000000000, 1.000000000000000000, 0.000000000000000000 ) ) ;
#2249 = AXIS2_PLACEMENT_3D ( 'NONE', #5927, #5774, #1738 ) ;
#2250 = AXIS2_PLACEMENT_3D ( 'NONE', #615, #3721, #4288 ) ;
#2251 = CIRCLE ( 'NONE', #5651, 2.649999999999916422 ) ;
#2252 = AXIS2_PLACEMENT_3D ( 'NONE', #7204, #6707, #815 ) ;
#2253 = CIRCLE ( 'NONE', #6256, 2.649999999999916422 ) ;
#2254 = CARTESIAN_POINT ( 'NONE',  ( 3.498464301520819496E-13, -1.214306433183764966E-14, 50.10000000000000142 ) ) ;
#2255 = ADVANCED_FACE ( 'NONE', ( #3659 ), #5414, .F. ) ;
#2256 = CIRCLE ( 'NONE', #6511, 2.149999999999922196 ) ;
#2257 = AXIS2_PLACEMENT_3D ( 'NONE', #4653, #2309, #4043 ) ;
#2258 = ORIENTED_EDGE ( 'NONE', *, *, #6080, .F. ) ;
#2259 = CARTESIAN_POINT ( 'NONE',  ( 26.03115589677469899, 9.500000000000000000, -42.80641216777942049 ) ) ;
#2260 = DIRECTION ( 'NONE',  ( 0.000000000000000000, 0.000000000000000000, 1.000000000000000000 ) ) ;
#2261 = DIRECTION ( 'NONE',  ( 0.000000000000000000, 1.000000000000000000, 0.000000000000000000 ) ) ;
#2262 = CARTESIAN_POINT ( 'NONE',  ( -54.85923426176246664, -0.5000000000000004441, -7.540228193700470705 ) ) ;
#2263 = CIRCLE ( 'NONE', #7002, 2.649999999999916422 ) ;
#2264 = EDGE_LOOP ( 'NONE', ( #4129, #1560, #6149, #3260 ) ) ;
#2265 = ADVANCED_FACE ( 'NONE', ( #7338 ), #2131, .F. ) ;
#2266 = CARTESIAN_POINT ( 'NONE',  ( -49.05211279288440807, -1.387778780781445676E-14, -10.19314625393680274 ) ) ;
#2267 = CARTESIAN_POINT ( 'NONE',  ( 0.000000000000000000, 0.9999999999999995559, -39.99999999999999289 ) ) ;
#2268 = AXIS2_PLACEMENT_3D ( 'NONE', #5129, #538, #5625 ) ;
#2269 = CARTESIAN_POINT ( 'NONE',  ( -49.05211279288432280, 9.500000000000000000, 8.043146253937216272 ) ) ;
#2270 = ORIENTED_EDGE ( 'NONE', *, *, #4390, .F. ) ;
#2271 = ORIENTED_EDGE ( 'NONE', *, *, #1539, .T. ) ;
#2272 = ORIENTED_EDGE ( 'NONE', *, *, #1597, .T. ) ;
#2273 = DIRECTION ( 'NONE',  ( 0.000000000000000000, 0.000000000000000000, 1.000000000000000000 ) ) ;
#2274 = ORIENTED_EDGE ( 'NONE', *, *, #6452, .F. ) ;
#2275 = CARTESIAN_POINT ( 'NONE',  ( -49.98320533644603358, 9.500000000000000000, -1.268944909569921675 ) ) ;
#2276 = EDGE_CURVE ( 'NONE', #2638, #5854, #4267, .T. ) ;
#2277 = DIRECTION ( 'NONE',  ( -0.000000000000000000, -1.000000000000000000, -0.000000000000000000 ) ) ;
#2278 = ORIENTED_EDGE ( 'NONE', *, *, #4494, .T. ) ;
#2279 = VERTEX_POINT ( 'NONE', #3619 ) ;
#2280 = CARTESIAN_POINT ( 'NONE',  ( 6.821949119722316546, -1.214306433183764966E-14, 49.63336589642008789 ) ) ;
#2281 = DIRECTION ( 'NONE',  ( -0.000000000000000000, -1.000000000000000000, -0.000000000000000000 ) ) ;
#2282 = DIRECTION ( 'NONE',  ( 0.000000000000000000, 0.000000000000000000, 1.000000000000000000 ) ) ;
#2283 = EDGE_LOOP ( 'NONE', ( #7033, #2348 ) ) ;
#2284 = EDGE_CURVE ( 'NONE', #2846, #64, #741, .T. ) ;
#2285 = CARTESIAN_POINT ( 'NONE',  ( 26.03115589677558006, 9.500000000000000000, 42.80641216777885916 ) ) ;
#2286 = VERTEX_POINT ( 'NONE', #3019 ) ;
#2287 = CARTESIAN_POINT ( 'NONE',  ( 47.20727219815306341, 9.500000000000000000, 18.92746856976587821 ) ) ;
#2288 = CARTESIAN_POINT ( 'NONE',  ( 0.000000000000000000, -0.5000000000000004441, 0.000000000000000000 ) ) ;
#2289 = EDGE_CURVE ( 'NONE', #4353, #6670, #6032, .T. ) ;
#2290 = AXIS2_PLACEMENT_3D ( 'NONE', #5633, #3877, #7504 ) ;
#2291 = CARTESIAN_POINT ( 'NONE',  ( 49.98320533644604780, -0.5000000000000004441, 3.418944909569508805 ) ) ;
#2292 = ORIENTED_EDGE ( 'NONE', *, *, #5089, .F. ) ;
#2293 = ADVANCED_FACE ( 'NONE', ( #2487 ), #1374, .F. ) ;
#2294 = LINE ( 'NONE', #6903, #5204 ) ;
#2295 = DIRECTION ( 'NONE',  ( 0.000000000000000000, -1.000000000000000000, 0.000000000000000000 ) ) ;
#2296 = CARTESIAN_POINT ( 'NONE',  ( 31.61750601073556766, -1.214306433183764966E-14, 38.86313566429116406 ) ) ;
#2297 = AXIS2_PLACEMENT_3D ( 'NONE', #6588, #4337, #5511 ) ;
#2298 = FACE_OUTER_BOUND ( 'NONE', #3624, .T. ) ;
#2299 = EDGE_CURVE ( 'NONE', #3320, #5690, #2520, .T. ) ;
#2300 = AXIS2_PLACEMENT_3D ( 'NONE', #2891, #6501, #5206 ) ;
#2301 = DIRECTION ( 'NONE',  ( 0.000000000000000000, 0.000000000000000000, 1.000000000000000000 ) ) ;
#2302 = FACE_BOUND ( 'NONE', #3254, .T. ) ;
#2303 = FACE_OUTER_BOUND ( 'NONE', #7263, .T. ) ;
#2304 = EDGE_LOOP ( 'NONE', ( #2645, #5970, #6223, #6502 ) ) ;
#2305 = VERTEX_POINT ( 'NONE', #1953 ) ;
#2306 = EDGE_CURVE ( 'NONE', #15, #5358, #4204, .T. ) ;
#2307 = AXIS2_PLACEMENT_3D ( 'NONE', #1843, #1877, #3092 ) ;
#2308 = CIRCLE ( 'NONE', #11, 2.649999999999916422 ) ;
#2309 = DIRECTION ( 'NONE',  ( 0.000000000000000000, -1.000000000000000000, 0.000000000000000000 ) ) ;
#2310 = VERTEX_POINT ( 'NONE', #6354 ) ;
#2311 = FACE_OUTER_BOUND ( 'NONE', #6075, .T. ) ;
#2312 = CARTESIAN_POINT ( 'NONE',  ( 31.61750601073477895, -1.214306433183764966E-14, -36.71313566429189734 ) ) ;
#2313 = ORIENTED_EDGE ( 'NONE', *, *, #7213, .F. ) ;
#2314 = VERTEX_POINT ( 'NONE', #2854 ) ;
#2315 = CARTESIAN_POINT ( 'NONE',  ( 39.95001788498536399, 11.00000000000000000, 40.84562160129073050 ) ) ;
#2316 = ADVANCED_FACE ( 'NONE', ( #4599 ), #5092, .F. ) ;
#2317 = ADVANCED_FACE ( 'NONE', ( #2777 ), #3301, .F. ) ;
#2318 = CIRCLE ( 'NONE', #3155, 2.149999999999922640 ) ;
#2319 = FACE_OUTER_BOUND ( 'NONE', #3410, .T. ) ;
#2320 = AXIS2_PLACEMENT_3D ( 'NONE', #1653, #517, #5831 ) ;
#2321 = LINE ( 'NONE', #154, #7283 ) ;
#2322 = ORIENTED_EDGE ( 'NONE', *, *, #5232, .F. ) ;
#2323 = FACE_OUTER_BOUND ( 'NONE', #6664, .T. ) ;
#2324 = VERTEX_POINT ( 'NONE', #1713 ) ;
#2325 = DIRECTION ( 'NONE',  ( 0.000000000000000000, 1.000000000000000000, 0.000000000000000000 ) ) ;
#2326 = AXIS2_PLACEMENT_3D ( 'NONE', #3426, #5255, #2260 ) ;
#2327 = DIRECTION ( 'NONE',  ( 0.000000000000000000, -1.000000000000000000, 0.000000000000000000 ) ) ;
#2328 = CIRCLE ( 'NONE', #2682, 2.149999999999922640 ) ;
#2329 = CARTESIAN_POINT ( 'NONE',  ( -19.95989460129674598, -0.5000000000000004441, -48.60228620542311262 ) ) ;
#2330 = ORIENTED_EDGE ( 'NONE', *, *, #1558, .T. ) ;
#2331 = DIRECTION ( 'NONE',  ( 0.000000000000000000, 0.000000000000000000, -1.000000000000000000 ) ) ;
#2332 = CARTESIAN_POINT ( 'NONE',  ( 40.93019163982280872, -1.214306433183764966E-14, -28.89168413795531620 ) ) ;
#2333 = CARTESIAN_POINT ( 'NONE',  ( 31.61750601073477895, -1.214306433183764966E-14, -38.86313566429182487 ) ) ;
#2334 = DIRECTION ( 'NONE',  ( -0.000000000000000000, -1.000000000000000000, -0.000000000000000000 ) ) ;
#2335 = CARTESIAN_POINT ( 'NONE',  ( 0.000000000000000000, -0.5000000000000004441, 0.000000000000000000 ) ) ;
#2336 = CARTESIAN_POINT ( 'NONE',  ( -26.03115589677498676, 9.500000000000000000, 42.80641216777921443 ) ) ;
#2337 = EDGE_CURVE ( 'NONE', #5351, #6783, #5542, .T. ) ;
#2338 = CARTESIAN_POINT ( 'NONE',  ( -49.98320533644600516, -1.214306433183764966E-14, 3.418944909570193147 ) ) ;
#2339 = DIRECTION ( 'NONE',  ( 0.000000000000000000, 0.000000000000000000, -1.000000000000000000 ) ) ;
#2340 = ORIENTED_EDGE ( 'NONE', *, *, #1358, .T. ) ;
#2341 = ORIENTED_EDGE ( 'NONE', *, *, #3622, .F. ) ;
#2342 = CARTESIAN_POINT ( 'NONE',  ( 19.95989460129706217, 9.500000000000000000, 48.10228620542295630 ) ) ;
#2343 = ORIENTED_EDGE ( 'NONE', *, *, #2916, .F. ) ;
#2344 = EDGE_CURVE ( 'NONE', #6894, #2031, #3229, .T. ) ;
#2345 = DIRECTION ( 'NONE',  ( 0.000000000000000000, 1.000000000000000000, 0.000000000000000000 ) ) ;
#2346 = FACE_OUTER_BOUND ( 'NONE', #5391, .T. ) ;
#2347 = ORIENTED_EDGE ( 'NONE', *, *, #7434, .T. ) ;
#2348 = ORIENTED_EDGE ( 'NONE', *, *, #4399, .T. ) ;
#2349 = DIRECTION ( 'NONE',  ( 0.000000000000000000, 0.000000000000000000, 1.000000000000000000 ) ) ;
#2350 = DIRECTION ( 'NONE',  ( 0.000000000000000000, -1.000000000000000000, 0.000000000000000000 ) ) ;
#2351 = DIRECTION ( 'NONE',  ( 8.659560562354983395E-17, -0.7071067811865435759, 0.7071067811865515695 ) ) ;
#2352 = VERTEX_POINT ( 'NONE', #417 ) ;
#2353 = CARTESIAN_POINT ( 'NONE',  ( -49.98320533644603358, -0.5000000000000004441, -3.418944909569844981 ) ) ;
#2354 = EDGE_LOOP ( 'NONE', ( #6300, #989 ) ) ;
#2355 = EDGE_CURVE ( 'NONE', #4158, #6468, #307, .T. ) ;
#2356 = CARTESIAN_POINT ( 'NONE',  ( -19.95989460129642978, -1.387778780781445676E-14, 43.80228620542340678 ) ) ;
#2357 = VERTEX_POINT ( 'NONE', #7497 ) ;
#2358 = CYLINDRICAL_SURFACE ( 'NONE', #5517, 2.149999999999922640 ) ;
#2359 = AXIS2_PLACEMENT_3D ( 'NONE', #3312, #5636, #2182 ) ;
#2360 = AXIS2_PLACEMENT_3D ( 'NONE', #7273, #277, #919 ) ;
#2361 = AXIS2_PLACEMENT_3D ( 'NONE', #1881, #4271, #6597 ) ;
#2362 = LINE ( 'NONE', #4790, #5900 ) ;
#2363 = AXIS2_PLACEMENT_3D ( 'NONE', #3265, #2737, #1100 ) ;
#2364 = ORIENTED_EDGE ( 'NONE', *, *, #6025, .F. ) ;
#2365 = AXIS2_PLACEMENT_3D ( 'NONE', #2808, #6305, #529 ) ;
#2366 = CARTESIAN_POINT ( 'NONE',  ( 0.000000000000000000, 11.00000000000000000, 0.000000000000000000 ) ) ;
#2367 = VECTOR ( 'NONE', #3011, 1000.000000000000000 ) ;
#2368 = CARTESIAN_POINT ( 'NONE',  ( -40.93019163982320663, -1.387778780781445676E-14, -28.89168413795475487 ) ) ;
#2369 = DIRECTION ( 'NONE',  ( 0.000000000000000000, 0.000000000000000000, -1.000000000000000000 ) ) ;
#2370 = DIRECTION ( 'NONE',  ( 0.000000000000000000, 1.000000000000000000, 0.000000000000000000 ) ) ;
#2371 = AXIS2_PLACEMENT_3D ( 'NONE', #4572, #6240, #5631 ) ;
#2372 = CIRCLE ( 'NONE', #5158, 2.149999999999922640 ) ;
#2373 = AXIS2_PLACEMENT_3D ( 'NONE', #4398, #6725, #5976 ) ;
#2374 = AXIS2_PLACEMENT_3D ( 'NONE', #2353, #2964, #157 ) ;
#2375 = DIRECTION ( 'NONE',  ( 0.000000000000000000, 0.000000000000000000, -1.000000000000000000 ) ) ;
#2376 = CARTESIAN_POINT ( 'NONE',  ( 20.89958796480521386, 11.00000000000000000, 51.27960459969808937 ) ) ;
#2377 = LINE ( 'NONE', #1805, #6062 ) ;
#2378 = ADVANCED_FACE ( 'NONE', ( #2169 ), #988, .F. ) ;
#2379 = CARTESIAN_POINT ( 'NONE',  ( -49.98320533644600516, 9.500000000000000000, 3.418944909570193147 ) ) ;
#2380 = VERTEX_POINT ( 'NONE', #5056 ) ;
#2381 = DIRECTION ( 'NONE',  ( 0.000000000000000000, -1.000000000000000000, 0.000000000000000000 ) ) ;
#2382 = VECTOR ( 'NONE', #3431, 999.9999999999998863 ) ;
#2383 = CIRCLE ( 'NONE', #204, 2.149999999999922640 ) ;
#2384 = ORIENTED_EDGE ( 'NONE', *, *, #2024, .T. ) ;
#2385 = CIRCLE ( 'NONE', #7122, 60.64999999999999858 ) ;
#2386 = EDGE_CURVE ( 'NONE', #1167, #3610, #7112, .T. ) ;
#2387 = AXIS2_PLACEMENT_3D ( 'NONE', #134, #2451, #3056 ) ;
#2388 = CARTESIAN_POINT ( 'NONE',  ( -13.51681823496694257, -1.387778780781445676E-14, -46.09215609612481046 ) ) ;
#2389 = ORIENTED_EDGE ( 'NONE', *, *, #4949, .T. ) ;
#2390 = DIRECTION ( 'NONE',  ( 0.000000000000000000, 1.000000000000000000, 0.000000000000000000 ) ) ;
#2391 = DIRECTION ( 'NONE',  ( -0.000000000000000000, -1.000000000000000000, -0.000000000000000000 ) ) ;
#2392 = ORIENTED_EDGE ( 'NONE', *, *, #6552, .T. ) ;
#2393 = ORIENTED_EDGE ( 'NONE', *, *, #867, .F. ) ;
#2394 = DIRECTION ( 'NONE',  ( 0.000000000000000000, -1.000000000000000000, 0.000000000000000000 ) ) ;
#2395 = EDGE_CURVE ( 'NONE', #4415, #3781, #5671, .T. ) ;
#2396 = CYLINDRICAL_SURFACE ( 'NONE', #2204, 2.149999999999924416 ) ;
#2397 = DIRECTION ( 'NONE',  ( -0.000000000000000000, -1.000000000000000000, -0.000000000000000000 ) ) ;
#2398 = EDGE_LOOP ( 'NONE', ( #2790, #4851, #461, #4144 ) ) ;
#2399 = DIRECTION ( 'NONE',  ( -0.000000000000000000, -1.000000000000000000, -0.000000000000000000 ) ) ;
#2400 = VERTEX_POINT ( 'NONE', #3379 ) ;
#2401 = FACE_OUTER_BOUND ( 'NONE', #5777, .T. ) ;
#2402 = VERTEX_POINT ( 'NONE', #1020 ) ;
#2403 = DIRECTION ( 'NONE',  ( -0.000000000000000000, -1.000000000000000000, -0.000000000000000000 ) ) ;
#2404 = EDGE_CURVE ( 'NONE', #5055, #4048, #2209, .T. ) ;
#2405 = LINE ( 'NONE', #765, #3098 ) ;
#2406 = EDGE_LOOP ( 'NONE', ( #4439, #7188 ) ) ;
#2407 = CARTESIAN_POINT ( 'NONE',  ( -49.05211279288440807, -0.5000000000000004441, -12.84314625393671783 ) ) ;
#2408 = CARTESIAN_POINT ( 'NONE',  ( 40.93019163982339848, 9.500000000000000000, 26.74168413795456445 ) ) ;
#2409 = ADVANCED_FACE ( 'NONE', ( #4518 ), #6850, .F. ) ;
#2410 = EDGE_CURVE ( 'NONE', #5619, #4344, #5408, .T. ) ;
#2411 = DIRECTION ( 'NONE',  ( 0.000000000000000000, 0.000000000000000000, -1.000000000000000000 ) ) ;
#2412 = DIRECTION ( 'NONE',  ( 0.000000000000000000, 0.000000000000000000, -1.000000000000000000 ) ) ;
#2413 = DIRECTION ( 'NONE',  ( -0.000000000000000000, -1.000000000000000000, -0.000000000000000000 ) ) ;
#2414 = AXIS2_PLACEMENT_3D ( 'NONE', #587, #5826, #4145 ) ;
#2415 = DIRECTION ( 'NONE',  ( 0.000000000000000000, -1.000000000000000000, 0.000000000000000000 ) ) ;
#2416 = VERTEX_POINT ( 'NONE', #5746 ) ;
#2417 = DIRECTION ( 'NONE',  ( 0.8660254037844361541, 0.000000000000000000, 0.5000000000000042188 ) ) ;
#2418 = EDGE_LOOP ( 'NONE', ( #7085, #6371, #1270, #5803 ) ) ;
#2419 = AXIS2_PLACEMENT_3D ( 'NONE', #1478, #5406, #6116 ) ;
#2420 = CC_DESIGN_DATE_AND_TIME_ASSIGNMENT ( #2077, #3321, ( #3295 ) ) ;
#2421 = DIRECTION ( 'NONE',  ( 0.000000000000000000, -0.7071067811865422437, -0.7071067811865526798 ) ) ;
#2422 = ORIENTED_EDGE ( 'NONE', *, *, #4993, .T. ) ;
#2423 = CARTESIAN_POINT ( 'NONE',  ( 48.81408774733904465, -0.5000000000000004441, -26.14527610095353083 ) ) ;
#2424 = DIRECTION ( 'NONE',  ( 0.000000000000000000, 0.000000000000000000, 1.000000000000000000 ) ) ;
#2425 = ORIENTED_EDGE ( 'NONE', *, *, #7274, .F. ) ;
#2426 = ORIENTED_EDGE ( 'NONE', *, *, #3776, .T. ) ;
#2427 = AXIS2_PLACEMENT_3D ( 'NONE', #3693, #812, #3126 ) ;
#2428 = AXIS2_PLACEMENT_3D ( 'NONE', #4778, #7113, #3005 ) ;
#2429 = CARTESIAN_POINT ( 'NONE',  ( -1.764570581285847650, 11.00000000000000000, 52.84687810223487503 ) ) ;
#2430 = EDGE_CURVE ( 'NONE', #2075, #1424, #6774, .T. ) ;
#2431 = DIRECTION ( 'NONE',  ( 0.000000000000000000, -0.000000000000000000, -1.000000000000000000 ) ) ;
#2432 = DIRECTION ( 'NONE',  ( 0.000000000000000000, -1.000000000000000000, 0.000000000000000000 ) ) ;
#2433 = ORIENTED_EDGE ( 'NONE', *, *, #5232, .T. ) ;
#2434 = FACE_OUTER_BOUND ( 'NONE', #7142, .T. ) ;
#2435 = ORIENTED_EDGE ( 'NONE', *, *, #3089, .T. ) ;
#2436 = EDGE_CURVE ( 'NONE', #5363, #2181, #2735, .T. ) ;
#2437 = CARTESIAN_POINT ( 'NONE',  ( -53.18329137311566512, -0.5000000000000004441, 15.42491956939448094 ) ) ;
#2438 = EDGE_LOOP ( 'NONE', ( #2270, #5815, #5350, #4441 ) ) ;
#2439 = DIRECTION ( 'NONE',  ( 0.000000000000000000, -1.000000000000000000, 0.000000000000000000 ) ) ;
#2440 = AXIS2_PLACEMENT_3D ( 'NONE', #2196, #4508, #6840 ) ;
#2441 = CIRCLE ( 'NONE', #6687, 2.149999999999922640 ) ;
#2442 = CYLINDRICAL_SURFACE ( 'NONE', #7224, 2.149999999999922640 ) ;
#2443 = CIRCLE ( 'NONE', #1590, 2.500000000000204281 ) ;
#2444 = ORIENTED_EDGE ( 'NONE', *, *, #7442, .F. ) ;
#2445 = ADVANCED_FACE ( 'NONE', ( #5784 ), #6280, .F. ) ;
#2446 = DIRECTION ( 'NONE',  ( -0.000000000000000000, -1.000000000000000000, -0.000000000000000000 ) ) ;
#2447 = CIRCLE ( 'NONE', #507, 2.649999999999916422 ) ;
#2448 = DIRECTION ( 'NONE',  ( 8.659560562354993255E-17, -0.7071067811865426878, 0.7071067811865524577 ) ) ;
#2449 = AXIS2_PLACEMENT_3D ( 'NONE', #5852, #646, #2961 ) ;
#2450 = LINE ( 'NONE', #4228, #4495 ) ;
#2451 = DIRECTION ( 'NONE',  ( 0.000000000000000000, -1.000000000000000000, 0.000000000000000000 ) ) ;
#2452 = CARTESIAN_POINT ( 'NONE',  ( -31.10451112088840731, 11.00000000000000000, -45.81375353461597655 ) ) ;
#2453 = DIRECTION ( 'NONE',  ( 0.000000000000000000, 0.000000000000000000, -1.000000000000000000 ) ) ;
#2454 = ORIENTED_EDGE ( 'NONE', *, *, #1073, .T. ) ;
#2455 = EDGE_CURVE ( 'NONE', #4717, #2416, #2251, .T. ) ;
#2456 = DIRECTION ( 'NONE',  ( 0.000000000000000000, 1.000000000000000000, 0.000000000000000000 ) ) ;
#2457 = ORIENTED_EDGE ( 'NONE', *, *, #4373, .F. ) ;
#2458 = EDGE_CURVE ( 'NONE', #5112, #137, #1294, .T. ) ;
#2459 = FACE_OUTER_BOUND ( 'NONE', #2939, .T. ) ;
#2460 = ORIENTED_EDGE ( 'NONE', *, *, #7415, .T. ) ;
#2461 = CARTESIAN_POINT ( 'NONE',  ( 47.20727219815306341, -1.561251128379126385E-14, 16.77746856976595780 ) ) ;
#2462 = CARTESIAN_POINT ( 'NONE',  ( 44.48304944195920996, -1.214306433183764966E-14, 25.19925839033023252 ) ) ;
#2463 = ORIENTED_EDGE ( 'NONE', *, *, #2078, .T. ) ;
#2464 = ADVANCED_FACE ( 'NONE', ( #3530 ), #690, .T. ) ;
#2465 = ORIENTED_EDGE ( 'NONE', *, *, #2906, .T. ) ;
#2466 = DIRECTION ( 'NONE',  ( 0.000000000000000000, 0.000000000000000000, 1.000000000000000000 ) ) ;
#2467 = CARTESIAN_POINT ( 'NONE',  ( -9.781252527309565181, -0.5000000000000004441, -52.00429087692993591 ) ) ;
#2468 = CARTESIAN_POINT ( 'NONE',  ( 36.61488181033361400, -0.5000000000000004441, -31.54591247525506503 ) ) ;
#2469 = EDGE_LOOP ( 'NONE', ( #3822, #2644, #4277, #3897 ) ) ;
#2470 = FACE_OUTER_BOUND ( 'NONE', #2055, .T. ) ;
#2471 = ORIENTED_EDGE ( 'NONE', *, *, #4520, .F. ) ;
#2472 = CARTESIAN_POINT ( 'NONE',  ( 49.98320533644598385, -1.214306433183764966E-14, -3.418944909570555968 ) ) ;
#2473 = VERTEX_POINT ( 'NONE', #6396 ) ;
#2474 = CARTESIAN_POINT ( 'NONE',  ( 19.95989460129706217, -1.214306433183764966E-14, 45.95228620542303588 ) ) ;
#2475 = ADVANCED_FACE ( 'NONE', ( #2323 ), #5290, .F. ) ;
#2476 = DIRECTION ( 'NONE',  ( 0.000000000000000000, -1.000000000000000000, 0.000000000000000000 ) ) ;
#2477 = ORIENTED_EDGE ( 'NONE', *, *, #486, .F. ) ;
#2478 = CONICAL_SURFACE ( 'NONE', #3682, 2.149999999999922640, 0.7853981633974552734 ) ;
#2479 = CIRCLE ( 'NONE', #4786, 2.149999999999922640 ) ;
#2480 = DIRECTION ( 'NONE',  ( 0.000000000000000000, 0.000000000000000000, 1.000000000000000000 ) ) ;
#2481 = DIRECTION ( 'NONE',  ( 0.000000000000000000, -0.000000000000000000, -1.000000000000000000 ) ) ;
#2482 = AXIS2_PLACEMENT_3D ( 'NONE', #1061, #7299, #4512 ) ;
#2483 = EDGE_CURVE ( 'NONE', #6045, #5448, #5906, .T. ) ;
#2484 = FACE_OUTER_BOUND ( 'NONE', #6902, .T. ) ;
#2485 = AXIS2_PLACEMENT_3D ( 'NONE', #7102, #7071, #7031 ) ;
#2486 = AXIS2_PLACEMENT_3D ( 'NONE', #2586, #952, #3726 ) ;
#2487 = FACE_OUTER_BOUND ( 'NONE', #2152, .T. ) ;
#2488 = FACE_OUTER_BOUND ( 'NONE', #830, .T. ) ;
#2489 = DIRECTION ( 'NONE',  ( -0.9945218953682745111, 0.000000000000000000, 0.1045284632676437842 ) ) ;
#2490 = ORIENTED_EDGE ( 'NONE', *, *, #534, .F. ) ;
#2491 = CIRCLE ( 'NONE', #3697, 2.500000000000203393 ) ;
#2492 = CARTESIAN_POINT ( 'NONE',  ( -47.20727219815284315, 9.500000000000000000, 16.77746856976660439 ) ) ;
#2493 = EDGE_LOOP ( 'NONE', ( #3613, #2210, #4104, #1783 ) ) ;
#2494 = VECTOR ( 'NONE', #7417, 1000.000000000000000 ) ;
#2495 = VECTOR ( 'NONE', #2677, 999.9999999999998863 ) ;
#2496 = AXIS2_PLACEMENT_3D ( 'NONE', #2280, #4514, #3261 ) ;
#2497 = EDGE_CURVE ( 'NONE', #3724, #6652, #1887, .T. ) ;
#2498 = CARTESIAN_POINT ( 'NONE',  ( 47.20727219815270814, -0.5000000000000004441, -16.77746856976694545 ) ) ;
#2499 = CIRCLE ( 'NONE', #1404, 2.149999999999922640 ) ;
#2500 = CARTESIAN_POINT ( 'NONE',  ( 0.000000000000000000, -0.5000000000000004441, 0.000000000000000000 ) ) ;
#2501 = AXIS2_PLACEMENT_3D ( 'NONE', #1924, #6599, #2528 ) ;
#2502 = DIRECTION ( 'NONE',  ( -0.000000000000000000, -1.000000000000000000, -0.000000000000000000 ) ) ;
#2503 = EDGE_LOOP ( 'NONE', ( #7219, #4940 ) ) ;
#2504 = ORIENTED_EDGE ( 'NONE', *, *, #1841, .T. ) ;
#2505 = LINE ( 'NONE', #1359, #4017 ) ;
#2506 = ADVANCED_FACE ( 'NONE', ( #4056 ), #1513, .F. ) ;
#2507 = CARTESIAN_POINT ( 'NONE',  ( 26.03115589677469899, -1.561251128379126385E-14, -40.65641216777949296 ) ) ;
#2508 = ORIENTED_EDGE ( 'NONE', *, *, #6736, .F. ) ;
#2509 = DIRECTION ( 'NONE',  ( 0.000000000000000000, 0.000000000000000000, -1.000000000000000000 ) ) ;
#2510 = VERTEX_POINT ( 'NONE', #5321 ) ;
#2511 = CARTESIAN_POINT ( 'NONE',  ( -54.85923426176246664, 11.00000000000000000, -7.540228193700470705 ) ) ;
#2512 = ORIENTED_EDGE ( 'NONE', *, *, #5742, .F. ) ;
#2513 = CARTESIAN_POINT ( 'NONE',  ( -42.31147425102297177, 11.00000000000000000, 35.72295860794606170 ) ) ;
#2514 = DIRECTION ( 'NONE',  ( -0.000000000000000000, -1.000000000000000000, -0.000000000000000000 ) ) ;
#2515 = EDGE_LOOP ( 'NONE', ( #3273, #1739 ) ) ;
#2516 = CARTESIAN_POINT ( 'NONE',  ( 13.51681823496627821, 9.500000000000000000, -48.24215609612492273 ) ) ;
#2517 = CYLINDRICAL_SURFACE ( 'NONE', #887, 2.500000000000203393 ) ;
#2518 = EDGE_CURVE ( 'NONE', #6648, #3448, #3815, .T. ) ;
#2519 = FACE_OUTER_BOUND ( 'NONE', #1202, .T. ) ;
#2520 = LINE ( 'NONE', #1343, #7493 ) ;
#2521 = CARTESIAN_POINT ( 'NONE',  ( 6.821949119722316546, -1.214306433183764966E-14, 51.78336589642001542 ) ) ;
#2522 = DIRECTION ( 'NONE',  ( 0.000000000000000000, 1.000000000000000000, 0.000000000000000000 ) ) ;
#2523 = ORIENTED_EDGE ( 'NONE', *, *, #3456, .F. ) ;
#2524 = DIRECTION ( 'NONE',  ( 0.000000000000000000, -1.000000000000000000, 0.000000000000000000 ) ) ;
#2525 = EDGE_CURVE ( 'NONE', #6448, #1330, #4096, .T. ) ;
#2526 = ORIENTED_EDGE ( 'NONE', *, *, #2155, .F. ) ;
#2527 = AXIS2_PLACEMENT_3D ( 'NONE', #129, #2446, #4072 ) ;
#2528 = DIRECTION ( 'NONE',  ( 0.000000000000000000, 0.000000000000000000, -1.000000000000000000 ) ) ;
#2529 = CARTESIAN_POINT ( 'NONE',  ( 13.51681823496726231, 9.500000000000000000, 48.24215609612464561 ) ) ;
#2530 = CARTESIAN_POINT ( 'NONE',  ( -19.95989460129642978, 9.500000000000000000, 45.95228620542332720 ) ) ;
#2531 = EDGE_LOOP ( 'NONE', ( #2023, #4824, #652, #2490 ) ) ;
#2532 = EDGE_CURVE ( 'NONE', #5112, #336, #3944, .T. ) ;
#2533 = ORIENTED_EDGE ( 'NONE', *, *, #4770, .F. ) ;
#2534 = PERSON_AND_ORGANIZATION ( #4236, #439 ) ;
#2535 = AXIS2_PLACEMENT_3D ( 'NONE', #4601, #1296, #3565 ) ;
#2536 = LINE ( 'NONE', #5998, #3166 ) ;
#2537 = DIRECTION ( 'NONE',  ( 0.9510565162951544194, 0.000000000000000000, -0.3090169943749448977 ) ) ;
#2538 = ORIENTED_EDGE ( 'NONE', *, *, #6298, .T. ) ;
#2539 = VECTOR ( 'NONE', #5415, 1000.000000000000000 ) ;
#2540 = AXIS2_PLACEMENT_3D ( 'NONE', #7216, #5544, #793 ) ;
#2541 = CARTESIAN_POINT ( 'NONE',  ( -13.51681823496694257, 9.500000000000000000, -48.24215609612473799 ) ) ;
#2542 = VERTEX_POINT ( 'NONE', #5282 ) ;
#2543 = DIRECTION ( 'NONE',  ( -0.000000000000000000, -1.000000000000000000, -0.000000000000000000 ) ) ;
#2544 = ORIENTED_EDGE ( 'NONE', *, *, #5326, .F. ) ;
#2545 = ADVANCED_FACE ( 'NONE', ( #2470 ), #6427, .F. ) ;
#2546 = FACE_OUTER_BOUND ( 'NONE', #3552, .T. ) ;
#2547 = ADVANCED_FACE ( 'NONE', ( #4780 ), #4796, .F. ) ;
#2548 = AXIS2_PLACEMENT_3D ( 'NONE', #3191, #1481, #1111 ) ;
#2549 = VECTOR ( 'NONE', #1500, 1000.000000000000114 ) ;
#2550 = DIRECTION ( 'NONE',  ( 0.000000000000000000, 0.000000000000000000, -1.000000000000000000 ) ) ;
#2551 = VERTEX_POINT ( 'NONE', #4669 ) ;
#2552 = CYLINDRICAL_SURFACE ( 'NONE', #4227, 2.149999999999922640 ) ;
#2553 = AXIS2_PLACEMENT_3D ( 'NONE', #1353, #2390, #4125 ) ;
#2554 = FACE_OUTER_BOUND ( 'NONE', #4945, .T. ) ;
#2555 = AXIS2_PLACEMENT_3D ( 'NONE', #1042, #5721, #5024 ) ;
#2556 = CIRCLE ( 'NONE', #1833, 2.500000000000203393 ) ;
#2557 = CARTESIAN_POINT ( 'NONE',  ( 3.501097292138986137E-13, 9.500000000000000000, 52.24999999999992184 ) ) ;
#2558 = VECTOR ( 'NONE', #2763, 1000.000000000000000 ) ;
#2559 = CYLINDRICAL_SURFACE ( 'NONE', #1442, 2.149999999999922640 ) ;
#2560 = DIRECTION ( 'NONE',  ( -0.000000000000000000, -1.000000000000000000, -0.000000000000000000 ) ) ;
#2561 = EDGE_LOOP ( 'NONE', ( #1920, #3607, #5771, #6565 ) ) ;
#2562 = LINE ( 'NONE', #4880, #1030 ) ;
#2563 = ORIENTED_EDGE ( 'NONE', *, *, #405, .T. ) ;
#2564 = AXIS2_PLACEMENT_3D ( 'NONE', #4165, #5932, #3560 ) ;
#2565 = EDGE_CURVE ( 'NONE', #1854, #2160, #4313, .T. ) ;
#2566 = CIRCLE ( 'NONE', #6827, 2.149999999999924416 ) ;
#2567 = FACE_OUTER_BOUND ( 'NONE', #7190, .T. ) ;
#2568 = CARTESIAN_POINT ( 'NONE',  ( -13.51681823496694257, -0.5000000000000004441, -48.24215609612473799 ) ) ;
#2569 = LINE ( 'NONE', #4318, #6381 ) ;
#2570 = ORIENTED_EDGE ( 'NONE', *, *, #6228, .T. ) ;
#2571 = VERTEX_POINT ( 'NONE', #1904 ) ;
#2572 = APPLICATION_PROTOCOL_DEFINITION ( 'international standard', 'config_control_design', 1994, #1445 ) ;
#2573 = ADVANCED_FACE ( 'NONE', ( #2434 ), #1327, .F. ) ;
#2574 = FACE_OUTER_BOUND ( 'NONE', #5783, .T. ) ;
#2575 = DIRECTION ( 'NONE',  ( 0.000000000000000000, -1.000000000000000000, 0.000000000000000000 ) ) ;
#2576 = VERTEX_POINT ( 'NONE', #6465 ) ;
#2577 = CARTESIAN_POINT ( 'NONE',  ( 40.93019163982339848, -1.214306433183764966E-14, 31.04168413795441239 ) ) ;
#2578 = EDGE_LOOP ( 'NONE', ( #5211, #6747 ) ) ;
#2579 = CARTESIAN_POINT ( 'NONE',  ( -36.61488181033408296, 9.500000000000000000, -34.19591247525450228 ) ) ;
#2580 = ORIENTED_EDGE ( 'NONE', *, *, #6973, .T. ) ;
#2581 = PLANE ( 'NONE',  #6383 ) ;
#2582 = ADVANCED_FACE ( 'NONE', ( #3563 ), #2614, .F. ) ;
#2583 = CYLINDRICAL_SURFACE ( 'NONE', #6865, 2.149999999999922640 ) ;
#2584 = ORIENTED_EDGE ( 'NONE', *, *, #4897, .T. ) ;
#2585 = LINE ( 'NONE', #6051, #7511 ) ;
#2586 = CARTESIAN_POINT ( 'NONE',  ( 47.20727219815270814, 9.500000000000000000, -16.77746856976694545 ) ) ;
#2587 = DIRECTION ( 'NONE',  ( 0.000000000000000000, 0.000000000000000000, -1.000000000000000000 ) ) ;
#2588 = EDGE_CURVE ( 'NONE', #6578, #4461, #6743, .T. ) ;
#2589 = ORIENTED_EDGE ( 'NONE', *, *, #2972, .T. ) ;
#2590 = LINE ( 'NONE', #2667, #5 ) ;
#2591 = CARTESIAN_POINT ( 'NONE',  ( 19.95989460129610649, 9.500000000000000000, -43.80228620542352758 ) ) ;
#2592 = ORIENTED_EDGE ( 'NONE', *, *, #7353, .F. ) ;
#2593 = DIRECTION ( 'NONE',  ( 8.659560562354985860E-17, -0.7071067811865431318, 0.7071067811865517916 ) ) ;
#2594 = ORIENTED_EDGE ( 'NONE', *, *, #5297, .T. ) ;
#2595 = AXIS2_PLACEMENT_3D ( 'NONE', #4108, #6976, #6439 ) ;
#2596 = VECTOR ( 'NONE', #3896, 1000.000000000000000 ) ;
#2597 = ADVANCED_FACE ( 'NONE', ( #5432 ), #4919, .F. ) ;
#2598 = VECTOR ( 'NONE', #231, 1000.000000000000000 ) ;
#2599 = FACE_OUTER_BOUND ( 'NONE', #5938, .T. ) ;
#2600 = CARTESIAN_POINT ( 'NONE',  ( 6.821949119721279153, -0.5000000000000004441, -46.98336589642033800 ) ) ;
#2601 = CARTESIAN_POINT ( 'NONE',  ( -49.05211279288432280, 9.500000000000000000, 10.19314625393714024 ) ) ;
#2602 = EDGE_LOOP ( 'NONE', ( #5500, #6480, #1773, #3669 ) ) ;
#2603 = VECTOR ( 'NONE', #6457, 1000.000000000000000 ) ;
#2604 = AXIS2_PLACEMENT_3D ( 'NONE', #1556, #6283, #3870 ) ;
#2605 = VERTEX_POINT ( 'NONE', #2577 ) ;
#2606 = AXIS2_PLACEMENT_3D ( 'NONE', #863, #3782, #6579 ) ;
#2607 = CARTESIAN_POINT ( 'NONE',  ( 0.000000000000000000, 9.500000000000000000, -50.10000000000000142 ) ) ;
#2608 = EDGE_CURVE ( 'NONE', #3405, #5417, #3101, .T. ) ;
#2609 = AXIS2_PLACEMENT_3D ( 'NONE', #174, #6447, #7171 ) ;
#2610 = CIRCLE ( 'NONE', #6508, 2.149999999999922640 ) ;
#2611 = VECTOR ( 'NONE', #3317, 1000.000000000000000 ) ;
#2612 = FACE_OUTER_BOUND ( 'NONE', #1243, .T. ) ;
#2613 = AXIS2_PLACEMENT_3D ( 'NONE', #3045, #5251, #2896 ) ;
#2614 = CONICAL_SURFACE ( 'NONE', #2128, 2.149999999999922640, 0.7853981633974539411 ) ;
#2615 = DIRECTION ( 'NONE',  ( 0.000000000000000000, -1.000000000000000000, 0.000000000000000000 ) ) ;
#2616 = EDGE_LOOP ( 'NONE', ( #3675, #3925, #4252, #6163 ) ) ;
#2617 = DIRECTION ( 'NONE',  ( -0.000000000000000000, -1.000000000000000000, -0.000000000000000000 ) ) ;
#2618 = ORIENTED_EDGE ( 'NONE', *, *, #6220, .F. ) ;
#2619 = DIRECTION ( 'NONE',  ( 0.000000000000000000, 1.000000000000000000, 0.000000000000000000 ) ) ;
#2620 = EDGE_LOOP ( 'NONE', ( #5342, #869 ) ) ;
#2621 = CARTESIAN_POINT ( 'NONE',  ( 36.61488181033430322, -1.734723475976807094E-14, 34.19591247525423228 ) ) ;
#2622 = CIRCLE ( 'NONE', #6880, 2.500000000000203393 ) ;
#2624 = VERTEX_POINT ( 'NONE', #4284 ) ;
#2623 = EDGE_CURVE ( 'NONE', #4863, #3327, #4394, .T. ) ;
#2625 = VECTOR ( 'NONE', #151, 999.9999999999998863 ) ;
#2626 = DIRECTION ( 'NONE',  ( -0.000000000000000000, -1.000000000000000000, -0.000000000000000000 ) ) ;
#2627 = AXIS2_PLACEMENT_3D ( 'NONE', #2266, #4579, #6909 ) ;
#2628 = ORIENTED_EDGE ( 'NONE', *, *, #7123, .F. ) ;
#2629 = DIRECTION ( 'NONE',  ( 0.000000000000000000, 1.000000000000000000, 0.000000000000000000 ) ) ;
#2630 = LINE ( 'NONE', #839, #4537 ) ;
#2631 = EDGE_CURVE ( 'NONE', #2997, #2605, #1504, .T. ) ;
#2632 = CARTESIAN_POINT ( 'NONE',  ( -54.85923426176246664, 11.00000000000000000, -7.540228193700470705 ) ) ;
#2633 = ORIENTED_EDGE ( 'NONE', *, *, #5608, .F. ) ;
#2634 = CARTESIAN_POINT ( 'NONE',  ( 36.61488181033430322, -1.734723475976807094E-14, 32.04591247525430475 ) ) ;
#2635 = FACE_OUTER_BOUND ( 'NONE', #3911, .T. ) ;
#2636 = ORIENTED_EDGE ( 'NONE', *, *, #7248, .F. ) ;
#2637 = CARTESIAN_POINT ( 'NONE',  ( 33.95964629695709647, -0.5000000000000004441, -46.23937640599822174 ) ) ;
#2638 = VERTEX_POINT ( 'NONE', #6720 ) ;
#2639 = EDGE_CURVE ( 'NONE', #5693, #3320, #679, .T. ) ;
#2640 = EDGE_CURVE ( 'NONE', #6176, #7060, #1767, .T. ) ;
#2641 = FACE_OUTER_BOUND ( 'NONE', #7439, .T. ) ;
#2642 = DIRECTION ( 'NONE',  ( 0.000000000000000000, 0.000000000000000000, 1.000000000000000000 ) ) ;
#2643 = LINE ( 'NONE', #4386, #791 ) ;
#2644 = ORIENTED_EDGE ( 'NONE', *, *, #3934, .T. ) ;
#2645 = ORIENTED_EDGE ( 'NONE', *, *, #1054, .F. ) ;
#2646 = DIRECTION ( 'NONE',  ( 0.000000000000000000, 0.000000000000000000, 1.000000000000000000 ) ) ;
#2647 = DIRECTION ( 'NONE',  ( 0.000000000000000000, -1.000000000000000000, 0.000000000000000000 ) ) ;
#2648 = ORIENTED_EDGE ( 'NONE', *, *, #5683, .F. ) ;
#2649 = PLANE ( 'NONE',  #6996 ) ;
#2650 = ORIENTED_EDGE ( 'NONE', *, *, #5270, .T. ) ;
#2651 = CARTESIAN_POINT ( 'NONE',  ( -13.51681823496694257, 9.500000000000000000, -48.24215609612473799 ) ) ;
#2652 = ORIENTED_EDGE ( 'NONE', *, *, #4210, .T. ) ;
#2653 = DIRECTION ( 'NONE',  ( 0.000000000000000000, -1.000000000000000000, 0.000000000000000000 ) ) ;
#2654 = VERTEX_POINT ( 'NONE', #3219 ) ;
#2655 = AXIS2_PLACEMENT_3D ( 'NONE', #5999, #2575, #894 ) ;
#2656 = CARTESIAN_POINT ( 'NONE',  ( -49.98320533644600516, -1.214306433183764966E-14, 3.418944909570193147 ) ) ;
#2657 = ADVANCED_FACE ( 'NONE', ( #795 ), #2649, .T. ) ;
#2658 = CARTESIAN_POINT ( 'NONE',  ( 13.23327348812998849, 11.00000000000000000, -51.27054117068510664 ) ) ;
#2659 = ORIENTED_EDGE ( 'NONE', *, *, #5823, .F. ) ;
#2660 = DIRECTION ( 'NONE',  ( 0.000000000000000000, -1.000000000000000000, 0.000000000000000000 ) ) ;
#2661 = DIRECTION ( 'NONE',  ( 0.000000000000000000, 0.000000000000000000, -1.000000000000000000 ) ) ;
#2662 = VECTOR ( 'NONE', #3729, 1000.000000000000114 ) ;
#2663 = AXIS2_PLACEMENT_3D ( 'NONE', #1541, #6222, #3366 ) ;
#2664 = CYLINDRICAL_SURFACE ( 'NONE', #6115, 2.500000000000202505 ) ;
#2665 = EDGE_CURVE ( 'NONE', #4203, #3717, #6867, .T. ) ;
#2666 = ORIENTED_EDGE ( 'NONE', *, *, #3107, .F. ) ;
#2667 = CARTESIAN_POINT ( 'NONE',  ( -31.61750601073530476, 9.500000000000000000, -41.01313566429131185 ) ) ;
#2668 = DIRECTION ( 'NONE',  ( 0.000000000000000000, 0.000000000000000000, -1.000000000000000000 ) ) ;
#2669 = ORIENTED_EDGE ( 'NONE', *, *, #6333, .T. ) ;
#2670 = DIRECTION ( 'NONE',  ( 0.000000000000000000, 0.000000000000000000, -1.000000000000000000 ) ) ;
#2671 = ORIENTED_EDGE ( 'NONE', *, *, #4721, .T. ) ;
#2672 = AXIS2_PLACEMENT_3D ( 'NONE', #5879, #75, #677 ) ;
#2673 = EDGE_CURVE ( 'NONE', #5994, #4893, #7297, .T. ) ;
#2674 = CARTESIAN_POINT ( 'NONE',  ( -1.764570581285847650, 11.00000000000000000, 55.34687810223507398 ) ) ;
#2675 = DIRECTION ( 'NONE',  ( -0.000000000000000000, -1.000000000000000000, -0.000000000000000000 ) ) ;
#2676 = EDGE_CURVE ( 'NONE', #5838, #1683, #4892, .T. ) ;
#2677 = DIRECTION ( 'NONE',  ( 0.000000000000000000, -0.7071067811865430208, -0.7071067811865521247 ) ) ;
#2678 = VECTOR ( 'NONE', #1675, 1000.000000000000000 ) ;
#2679 = ORIENTED_EDGE ( 'NONE', *, *, #4981, .T. ) ;
#2680 = ORIENTED_EDGE ( 'NONE', *, *, #5497, .F. ) ;
#2681 = APPROVAL_DATE_TIME ( #3849, #4084 ) ;
#2682 = AXIS2_PLACEMENT_3D ( 'NONE', #4132, #5245, #4665 ) ;
#2683 = DIRECTION ( 'NONE',  ( 0.000000000000000000, -1.000000000000000000, 0.000000000000000000 ) ) ;
#2684 = FACE_BOUND ( 'NONE', #650, .T. ) ;
#2685 = EDGE_LOOP ( 'NONE', ( #689, #1310 ) ) ;
#2686 = ADVANCED_FACE ( 'NONE', ( #940 ), #6610, .F. ) ;
#2687 = CYLINDRICAL_SURFACE ( 'NONE', #6250, 2.500000000000199840 ) ;
#2688 = VERTEX_POINT ( 'NONE', #4251 ) ;
#2689 = DIRECTION ( 'NONE',  ( -0.000000000000000000, -1.000000000000000000, -0.000000000000000000 ) ) ;
#2690 = ORIENTED_EDGE ( 'NONE', *, *, #7452, .T. ) ;
#2691 = DIRECTION ( 'NONE',  ( 0.000000000000000000, -1.000000000000000000, 0.000000000000000000 ) ) ;
#2692 = CARTESIAN_POINT ( 'NONE',  ( -49.05211279288440807, -1.387778780781445676E-14, -12.34314625393672493 ) ) ;
#2693 = LINE ( 'NONE', #947, #4545 ) ;
#2694 = ADVANCED_FACE ( 'NONE', ( #1362 ), #3115, .F. ) ;
#2695 = ORIENTED_EDGE ( 'NONE', *, *, #6937, .F. ) ;
#2696 = FACE_OUTER_BOUND ( 'NONE', #5114, .T. ) ;
#2697 = ORIENTED_EDGE ( 'NONE', *, *, #7155, .F. ) ;
#2698 = DIRECTION ( 'NONE',  ( 0.000000000000000000, 1.000000000000000000, 0.000000000000000000 ) ) ;
#2699 = FACE_OUTER_BOUND ( 'NONE', #2469, .T. ) ;
#2700 = EDGE_CURVE ( 'NONE', #5884, #899, #6119, .T. ) ;
#2701 = CARTESIAN_POINT ( 'NONE',  ( 40.93019163982280872, 9.500000000000000000, -28.89168413795531620 ) ) ;
#2702 = VERTEX_POINT ( 'NONE', #2011 ) ;
#2703 = DIRECTION ( 'NONE',  ( 0.000000000000000000, 1.000000000000000000, 0.000000000000000000 ) ) ;
#2704 = LINE ( 'NONE', #4454, #619 ) ;
#2705 = ORIENTED_EDGE ( 'NONE', *, *, #2299, .F. ) ;
#2706 = CARTESIAN_POINT ( 'NONE',  ( 31.61750601073556766, 9.500000000000000000, 36.71313566429124364 ) ) ;
#2707 = CARTESIAN_POINT ( 'NONE',  ( -26.03115589677527097, -1.561251128379126385E-14, -42.80641216777904390 ) ) ;
#2708 = EDGE_CURVE ( 'NONE', #2951, #6157, #3088, .T. ) ;
#2709 = VERTEX_POINT ( 'NONE', #3748 ) ;
#2710 = LINE ( 'NONE', #398, #686 ) ;
#2711 = FACE_OUTER_BOUND ( 'NONE', #971, .T. ) ;
#2712 = DIRECTION ( 'NONE',  ( -0.000000000000000000, -1.000000000000000000, -0.000000000000000000 ) ) ;
#2713 = ORIENTED_EDGE ( 'NONE', *, *, #3754, .F. ) ;
#2714 = AXIS2_PLACEMENT_3D ( 'NONE', #7128, #5912, #2977 ) ;
#2715 = VERTEX_POINT ( 'NONE', #6074 ) ;
#2716 = APPROVAL_ROLE ( '' ) ;
#2717 = EDGE_CURVE ( 'NONE', #1472, #64, #68, .T. ) ;
#2718 = VECTOR ( 'NONE', #4329, 1000.000000000000000 ) ;
#2719 = DIRECTION ( 'NONE',  ( 0.000000000000000000, 0.000000000000000000, -1.000000000000000000 ) ) ;
#2720 = CIRCLE ( 'NONE', #6378, 2.649999999999916422 ) ;
#2721 = FACE_BOUND ( 'NONE', #6814, .T. ) ;
#2722 = ORIENTED_EDGE ( 'NONE', *, *, #4861, .T. ) ;
#2723 = VECTOR ( 'NONE', #2277, 1000.000000000000000 ) ;
#2724 = AXIS2_PLACEMENT_3D ( 'NONE', #1599, #7343, #6777 ) ;
#2725 = CARTESIAN_POINT ( 'NONE',  ( -44.48304944195906074, -1.214306433183764966E-14, -25.19925839033053805 ) ) ;
#2726 = ORIENTED_EDGE ( 'NONE', *, *, #1848, .F. ) ;
#2727 = CYLINDRICAL_SURFACE ( 'NONE', #419, 2.149999999999922640 ) ;
#2728 = EDGE_LOOP ( 'NONE', ( #6397, #3673, #268, #4755 ) ) ;
#2729 = CARTESIAN_POINT ( 'NONE',  ( 40.93019163982280872, -1.214306433183764966E-14, -31.04168413795523662 ) ) ;
#2730 = CIRCLE ( 'NONE', #6013, 2.649999999999916422 ) ;
#2731 = AXIS2_PLACEMENT_3D ( 'NONE', #7348, #2823, #6285 ) ;
#2732 = CIRCLE ( 'NONE', #3574, 2.149999999999922640 ) ;
#2733 = CONICAL_SURFACE ( 'NONE', #7233, 2.149999999999922640, 0.7853981633974539411 ) ;
#2734 = EDGE_CURVE ( 'NONE', #3522, #5502, #1469, .T. ) ;
#2735 = CIRCLE ( 'NONE', #1036, 2.149999999999922640 ) ;
#2736 = DIRECTION ( 'NONE',  ( -0.000000000000000000, -1.000000000000000000, 0.000000000000000000 ) ) ;
#2737 = DIRECTION ( 'NONE',  ( 0.000000000000000000, 1.000000000000000000, 0.000000000000000000 ) ) ;
#2738 = ORIENTED_EDGE ( 'NONE', *, *, #1106, .T. ) ;
#2739 = DIRECTION ( 'NONE',  ( 0.000000000000000000, 0.000000000000000000, 1.000000000000000000 ) ) ;
#2740 = EDGE_LOOP ( 'NONE', ( #6769, #4552 ) ) ;
#2741 = AXIS2_PLACEMENT_3D ( 'NONE', #6562, #7202, #3661 ) ;
#2742 = CARTESIAN_POINT ( 'NONE',  ( -19.95989460129674598, 9.500000000000000000, -43.80228620542327178 ) ) ;
#2743 = AXIS2_PLACEMENT_3D ( 'NONE', #6388, #2394, #3441 ) ;
#2744 = CONICAL_SURFACE ( 'NONE', #5168, 2.149999999999922640, 0.7853981633974539411 ) ;
#2745 = DIRECTION ( 'NONE',  ( 0.000000000000000000, 0.000000000000000000, 1.000000000000000000 ) ) ;
#2746 = AXIS2_PLACEMENT_3D ( 'NONE', #4496, #6830, #5571 ) ;
#2747 = PLANE ( 'NONE',  #1392 ) ;
#2748 = VERTEX_POINT ( 'NONE', #6688 ) ;
#2749 = ORIENTED_EDGE ( 'NONE', *, *, #1898, .T. ) ;
#2750 = DIRECTION ( 'NONE',  ( -0.000000000000000000, -1.000000000000000000, -0.000000000000000000 ) ) ;
#2751 = CARTESIAN_POINT ( 'NONE',  ( -40.93019163982300768, -1.387778780781445676E-14, 28.89168413795503554 ) ) ;
#2752 = ORIENTED_EDGE ( 'NONE', *, *, #6036, .T. ) ;
#2753 = LINE ( 'NONE', #1652, #291 ) ;
#2754 = DIRECTION ( 'NONE',  ( 0.000000000000000000, 0.000000000000000000, 1.000000000000000000 ) ) ;
#2755 = ADVANCED_FACE ( 'NONE', ( #6766 ), #6270, .F. ) ;
#2756 = VERTEX_POINT ( 'NONE', #4438 ) ;
#2757 = FACE_OUTER_BOUND ( 'NONE', #139, .T. ) ;
#2758 = EDGE_CURVE ( 'NONE', #5448, #5495, #5616, .T. ) ;
#2759 = FACE_BOUND ( 'NONE', #5093, .T. ) ;
#2760 = DIRECTION ( 'NONE',  ( 0.000000000000000000, 0.000000000000000000, -1.000000000000000000 ) ) ;
#2761 = ORIENTED_EDGE ( 'NONE', *, *, #1140, .F. ) ;
#2762 = EDGE_LOOP ( 'NONE', ( #1355, #160, #6535, #6299 ) ) ;
#2763 = DIRECTION ( 'NONE',  ( -0.000000000000000000, -1.000000000000000000, -0.000000000000000000 ) ) ;
#2764 = FACE_OUTER_BOUND ( 'NONE', #6147, .T. ) ;
#2765 = ORIENTED_EDGE ( 'NONE', *, *, #5209, .T. ) ;
#2766 = EDGE_CURVE ( 'NONE', #6402, #2400, #1757, .T. ) ;
#2767 = CARTESIAN_POINT ( 'NONE',  ( 49.98320533644604780, 9.500000000000000000, 3.418944909569508805 ) ) ;
#2768 = LINE ( 'NONE', #5005, #2723 ) ;
#2769 = EDGE_LOOP ( 'NONE', ( #5635, #6972, #4564, #596 ) ) ;
#2770 = DIRECTION ( 'NONE',  ( -0.000000000000000000, -1.000000000000000000, -0.000000000000000000 ) ) ;
#2771 = VERTEX_POINT ( 'NONE', #6886 ) ;
#2772 = DIRECTION ( 'NONE',  ( -0.000000000000000000, -1.000000000000000000, 0.000000000000000000 ) ) ;
#2773 = PLANE ( 'NONE',  #1349 ) ;
#2774 = CARTESIAN_POINT ( 'NONE',  ( -49.98320533644603358, -1.387778780781445676E-14, -5.568944909569768065 ) ) ;
#2775 = ORIENTED_EDGE ( 'NONE', *, *, #475, .F. ) ;
#2776 = AXIS2_PLACEMENT_3D ( 'NONE', #6243, #1758, #4794 ) ;
#2777 = FACE_OUTER_BOUND ( 'NONE', #6339, .T. ) ;
#2778 = VERTEX_POINT ( 'NONE', #1543 ) ;
#2779 = EDGE_CURVE ( 'NONE', #3377, #2160, #408, .T. ) ;
#2780 = CARTESIAN_POINT ( 'NONE',  ( -44.48304944195891153, 9.500000000000000000, 20.89925839033099564 ) ) ;
#2781 = ADVANCED_FACE ( 'NONE', ( #6187 ), #5277, .F. ) ;
#2782 = CARTESIAN_POINT ( 'NONE',  ( 49.98320533644598385, 9.500000000000000000, -1.268944909570633772 ) ) ;
#2783 = CIRCLE ( 'NONE', #4347, 2.649999999999916422 ) ;
#2784 = DIRECTION ( 'NONE',  ( 0.000000000000000000, 1.000000000000000000, 0.000000000000000000 ) ) ;
#2785 = EDGE_LOOP ( 'NONE', ( #1615, #6529, #2278, #837 ) ) ;
#2786 = CARTESIAN_POINT ( 'NONE',  ( 55.22812996414072018, 11.00000000000000000, -4.030420035677476420 ) ) ;
#2787 = AXIS2_PLACEMENT_3D ( 'NONE', #2338, #4646, #2947 ) ;
#2788 = CYLINDRICAL_SURFACE ( 'NONE', #1288, 2.149999999999922640 ) ;
#2789 = CONICAL_SURFACE ( 'NONE', #356, 2.149999999999922640, 0.7853981633974552734 ) ;
#2790 = ORIENTED_EDGE ( 'NONE', *, *, #2532, .F. ) ;
#2791 = DIRECTION ( 'NONE',  ( 0.000000000000000000, -1.000000000000000000, 0.000000000000000000 ) ) ;
#2792 = DIRECTION ( 'NONE',  ( -0.000000000000000000, -1.000000000000000000, -0.000000000000000000 ) ) ;
#2793 = EDGE_LOOP ( 'NONE', ( #7241, #7230 ) ) ;
#2794 = FACE_OUTER_BOUND ( 'NONE', #5730, .T. ) ;
#2795 = FACE_BOUND ( 'NONE', #146, .T. ) ;
#2796 = DIRECTION ( 'NONE',  ( 0.000000000000000000, 0.000000000000000000, 1.000000000000000000 ) ) ;
#2797 = ORIENTED_EDGE ( 'NONE', *, *, #3304, .T. ) ;
#2798 = VERTEX_POINT ( 'NONE', #3369 ) ;
#2799 = AXIS2_PLACEMENT_3D ( 'NONE', #1240, #3553, #109 ) ;
#2800 = ORIENTED_EDGE ( 'NONE', *, *, #5776, .F. ) ;
#2801 = PERSON_AND_ORGANIZATION ( #4236, #439 ) ;
#2802 = ADVANCED_FACE ( 'NONE', ( #1704 ), #7489, .T. ) ;
#2803 = CIRCLE ( 'NONE', #6816, 2.149999999999922640 ) ;
#2804 = FACE_OUTER_BOUND ( 'NONE', #5195, .T. ) ;
#2805 = VERTEX_POINT ( 'NONE', #5045 ) ;
#2806 = DIRECTION ( 'NONE',  ( 8.659560562354993255E-17, -0.7071067811865426878, 0.7071067811865524577 ) ) ;
#2807 = AXIS2_PLACEMENT_3D ( 'NONE', #1768, #6102, #1499 ) ;
#2808 = CARTESIAN_POINT ( 'NONE',  ( -13.51681823496694257, -1.387778780781445676E-14, -48.24215609612473799 ) ) ;
#2809 = ORIENTED_EDGE ( 'NONE', *, *, #6590, .F. ) ;
#2810 = DIRECTION ( 'NONE',  ( 0.000000000000000000, 0.000000000000000000, -1.000000000000000000 ) ) ;
#2811 = ORIENTED_EDGE ( 'NONE', *, *, #534, .T. ) ;
#2812 = CARTESIAN_POINT ( 'NONE',  ( -26.03115589677527097, 9.500000000000000000, -42.80641216777904390 ) ) ;
#2813 = ADVANCED_FACE ( 'NONE', ( #3291 ), #1999, .F. ) ;
#2814 = DIRECTION ( 'NONE',  ( 0.000000000000000000, -1.000000000000000000, 0.000000000000000000 ) ) ;
#2815 = CARTESIAN_POINT ( 'NONE',  ( 13.23327348812998849, 11.00000000000000000, -53.77054117068531269 ) ) ;
#2816 = ORIENTED_EDGE ( 'NONE', *, *, #6849, .F. ) ;
#2817 = CARTESIAN_POINT ( 'NONE',  ( 49.05211279288445780, 9.500000000000000000, 10.19314625393647411 ) ) ;
#2818 = ORIENTED_EDGE ( 'NONE', *, *, #4410, .T. ) ;
#2819 = LINE ( 'NONE', #2780, #7156 ) ;
#2820 = CARTESIAN_POINT ( 'NONE',  ( 13.51681823496726231, 9.500000000000000000, 48.24215609612464561 ) ) ;
#2821 = EDGE_CURVE ( 'NONE', #4446, #5273, #4468, .T. ) ;
#2822 = PRODUCT_DEFINITION_SHAPE ( 'NONE', 'NONE',  #3295 ) ;
#2823 = DIRECTION ( 'NONE',  ( 0.000000000000000000, 1.000000000000000000, 0.000000000000000000 ) ) ;
#2824 = ORIENTED_EDGE ( 'NONE', *, *, #2410, .F. ) ;
#2825 = DIRECTION ( 'NONE',  ( 0.000000000000000000, 0.000000000000000000, -1.000000000000000000 ) ) ;
#2826 = DIRECTION ( 'NONE',  ( 0.000000000000000000, -1.000000000000000000, 0.000000000000000000 ) ) ;
#2827 = ORIENTED_EDGE ( 'NONE', *, *, #7137, .F. ) ;
#2828 = DIRECTION ( 'NONE',  ( 0.000000000000000000, 0.000000000000000000, -1.000000000000000000 ) ) ;
#2829 = DIRECTION ( 'NONE',  ( 0.000000000000000000, 0.000000000000000000, 1.000000000000000000 ) ) ;
#2830 = EDGE_CURVE ( 'NONE', #4809, #13, #5696, .T. ) ;
#2831 = FACE_OUTER_BOUND ( 'NONE', #6839, .T. ) ;
#2832 = FACE_BOUND ( 'NONE', #6077, .T. ) ;
#2833 = DIRECTION ( 'NONE',  ( -0.000000000000000000, -1.000000000000000000, -0.000000000000000000 ) ) ;
#2834 = ORIENTED_EDGE ( 'NONE', *, *, #935, .T. ) ;
#2835 = EDGE_LOOP ( 'NONE', ( #4763, #7063, #1817, #2648 ) ) ;
#2836 = EDGE_LOOP ( 'NONE', ( #4254, #532 ) ) ;
#2837 = EDGE_CURVE ( 'NONE', #1319, #3731, #1502, .T. ) ;
#2838 = CIRCLE ( 'NONE', #3795, 2.149999999999922640 ) ;
#2839 = LINE ( 'NONE', #5156, #2549 ) ;
#2840 = VERTEX_POINT ( 'NONE', #1669 ) ;
#2841 = CARTESIAN_POINT ( 'NONE',  ( 0.000000000000000000, 0.9999999999999995559, 0.000000000000000000 ) ) ;
#2842 = CARTESIAN_POINT ( 'NONE',  ( -49.98320533644603358, -0.5000000000000004441, -3.418944909569844981 ) ) ;
#2843 = ORIENTED_EDGE ( 'NONE', *, *, #892, .T. ) ;
#2844 = EDGE_CURVE ( 'NONE', #5884, #5139, #2768, .T. ) ;
#2845 = DIRECTION ( 'NONE',  ( 0.000000000000000000, 0.000000000000000000, 1.000000000000000000 ) ) ;
#2846 = VERTEX_POINT ( 'NONE', #5080 ) ;
#2847 = DIRECTION ( 'NONE',  ( 0.000000000000000000, 0.000000000000000000, -1.000000000000000000 ) ) ;
#2848 = AXIS2_PLACEMENT_3D ( 'NONE', #4470, #1671, #4968 ) ;
#2849 = AXIS2_PLACEMENT_3D ( 'NONE', #4859, #6649, #7189 ) ;
#2850 = CARTESIAN_POINT ( 'NONE',  ( -49.05211279288440807, 9.500000000000000000, -8.043146253936878765 ) ) ;
#2851 = CIRCLE ( 'NONE', #4788, 2.149999999999922640 ) ;
#2852 = CARTESIAN_POINT ( 'NONE',  ( 36.61488181033430322, -1.734723475976807094E-14, 34.19591247525423228 ) ) ;
#2853 = ORIENTED_EDGE ( 'NONE', *, *, #7143, .F. ) ;
#2854 = CARTESIAN_POINT ( 'NONE',  ( -40.93019163982300768, -1.387778780781445676E-14, 31.04168413795495951 ) ) ;
#2855 = ORIENTED_EDGE ( 'NONE', *, *, #3649, .T. ) ;
#2856 = ADVANCED_FACE ( 'NONE', ( #1128 ), #7225, .F. ) ;
#2857 = DIRECTION ( 'NONE',  ( -0.000000000000000000, -1.000000000000000000, -0.000000000000000000 ) ) ;
#2858 = CIRCLE ( 'NONE', #4791, 2.500000000000203393 ) ;
#2859 = CARTESIAN_POINT ( 'NONE',  ( -24.12361884325211392, 11.00000000000000000, 47.34417357029284545 ) ) ;
#2860 = CIRCLE ( 'NONE', #1152, 2.649999999999916422 ) ;
#2861 = VECTOR ( 'NONE', #7451, 999.9999999999998863 ) ;
#2862 = AXIS2_PLACEMENT_3D ( 'NONE', #4216, #612, #47 ) ;
#2863 = AXIS2_PLACEMENT_3D ( 'NONE', #2333, #7506, #7469 ) ;
#2864 = DIRECTION ( 'NONE',  ( 0.000000000000000000, 0.000000000000000000, 1.000000000000000000 ) ) ;
#2865 = VECTOR ( 'NONE', #5262, 1000.000000000000000 ) ;
#2866 = APPROVAL_PERSON_ORGANIZATION ( #3926, #4084, #5691 ) ;
#2867 = ORIENTED_EDGE ( 'NONE', *, *, #3964, .F. ) ;
#2868 = ADVANCED_FACE ( 'NONE', ( #3976 ), #4509, .F. ) ;
#2869 = CARTESIAN_POINT ( 'NONE',  ( -47.04951716605319234, -0.5000000000000004441, -29.20160200128195882 ) ) ;
#2870 = FACE_OUTER_BOUND ( 'NONE', #1070, .T. ) ;
#2871 = FACE_OUTER_BOUND ( 'NONE', #474, .T. ) ;
#2872 = ORIENTED_EDGE ( 'NONE', *, *, #5284, .T. ) ;
#2873 = VECTOR ( 'NONE', #1603, 999.9999999999998863 ) ;
#2874 = AXIS2_PLACEMENT_3D ( 'NONE', #7167, #910, #213 ) ;
#2875 = DIRECTION ( 'NONE',  ( -0.000000000000000000, -1.000000000000000000, -0.000000000000000000 ) ) ;
#2876 = FACE_BOUND ( 'NONE', #5818, .T. ) ;
#2877 = DIRECTION ( 'NONE',  ( 0.000000000000000000, -1.000000000000000000, 0.000000000000000000 ) ) ;
#2878 = ORIENTED_EDGE ( 'NONE', *, *, #3608, .T. ) ;
#2879 = EDGE_CURVE ( 'NONE', #5139, #5526, #4542, .T. ) ;
#2880 = ORIENTED_EDGE ( 'NONE', *, *, #6724, .F. ) ;
#2881 = EDGE_CURVE ( 'NONE', #6652, #3724, #6858, .T. ) ;
#2882 = ORIENTED_EDGE ( 'NONE', *, *, #6656, .F. ) ;
#2883 = CARTESIAN_POINT ( 'NONE',  ( 0.000000000000000000, 9.500000000000000000, -52.24999999999992184 ) ) ;
#2884 = ORIENTED_EDGE ( 'NONE', *, *, #6069, .T. ) ;
#2885 = CARTESIAN_POINT ( 'NONE',  ( -31.61750601073502764, -1.561251128379126385E-14, 41.01313566429153212 ) ) ;
#2886 = DIRECTION ( 'NONE',  ( 0.000000000000000000, 0.000000000000000000, -1.000000000000000000 ) ) ;
#2887 = ORIENTED_EDGE ( 'NONE', *, *, #6907, .T. ) ;
#2888 = EDGE_LOOP ( 'NONE', ( #5324, #1998, #4219, #4122 ) ) ;
#2889 = CARTESIAN_POINT ( 'NONE',  ( 49.98320533644604780, -1.387778780781445676E-14, 3.418944909569508805 ) ) ;
#2890 = DIRECTION ( 'NONE',  ( 0.000000000000000000, -1.000000000000000000, 0.000000000000000000 ) ) ;
#2891 = CARTESIAN_POINT ( 'NONE',  ( 13.51681823496627821, 9.500000000000000000, -48.24215609612492273 ) ) ;
#2892 = ORIENTED_EDGE ( 'NONE', *, *, #945, .T. ) ;
#2893 = DIRECTION ( 'NONE',  ( 0.000000000000000000, 0.000000000000000000, 1.000000000000000000 ) ) ;
#2894 = VERTEX_POINT ( 'NONE', #6920 ) ;
#2895 = CARTESIAN_POINT ( 'NONE',  ( 47.20727219815306341, 9.500000000000000000, 16.77746856976595780 ) ) ;
#2896 = DIRECTION ( 'NONE',  ( 0.000000000000000000, 0.000000000000000000, 1.000000000000000000 ) ) ;
#2897 = ADVANCED_FACE ( 'NONE', ( #374 ), #2687, .F. ) ;
#2898 = VECTOR ( 'NONE', #1186, 1000.000000000000000 ) ;
#2899 = CARTESIAN_POINT ( 'NONE',  ( -31.61750601073530476, -6.938893903907228378E-15, -36.71313566429147812 ) ) ;
#2900 = ORIENTED_EDGE ( 'NONE', *, *, #4002, .T. ) ;
#2901 = DIRECTION ( 'NONE',  ( 0.000000000000000000, 0.000000000000000000, 1.000000000000000000 ) ) ;
#2902 = CYLINDRICAL_SURFACE ( 'NONE', #140, 2.149999999999922640 ) ;
#2903 = DIRECTION ( 'NONE',  ( 0.000000000000000000, -1.000000000000000000, 0.000000000000000000 ) ) ;
#2904 = AXIS2_PLACEMENT_3D ( 'NONE', #7459, #4481, #2211 ) ;
#2905 = CARTESIAN_POINT ( 'NONE',  ( 47.20727219815270814, -1.040834085586084257E-14, -18.92746856976686587 ) ) ;
#2906 = EDGE_CURVE ( 'NONE', #604, #5964, #1283, .T. ) ;
#2907 = CARTESIAN_POINT ( 'NONE',  ( 20.89958796480521386, 11.00000000000000000, 48.77960459969788332 ) ) ;
#2908 = AXIS2_PLACEMENT_3D ( 'NONE', #6090, #3765, #4987 ) ;
#2909 = CIRCLE ( 'NONE', #6673, 2.149999999999929745 ) ;
#2910 = FACE_OUTER_BOUND ( 'NONE', #3719, .T. ) ;
#2911 = FACE_BOUND ( 'NONE', #4736, .T. ) ;
#2912 = CARTESIAN_POINT ( 'NONE',  ( 36.61488181033430322, -0.5000000000000004441, 36.84591247525415270 ) ) ;
#2913 = EDGE_LOOP ( 'NONE', ( #6760, #5320 ) ) ;
#2914 = VERTEX_POINT ( 'NONE', #2462 ) ;
#2915 = AXIS2_PLACEMENT_3D ( 'NONE', #6403, #3499, #3052 ) ;
#2916 = EDGE_CURVE ( 'NONE', #1518, #2207, #1262, .T. ) ;
#2917 = EDGE_CURVE ( 'NONE', #341, #3370, #896, .T. ) ;
#2918 = DIRECTION ( 'NONE',  ( -0.000000000000000000, -1.000000000000000000, -0.000000000000000000 ) ) ;
#2919 = VERTEX_POINT ( 'NONE', #5348 ) ;
#2920 = LINE ( 'NONE', #2275, #269 ) ;
#2921 = DIRECTION ( 'NONE',  ( 0.4067366430758002083, 0.000000000000000000, -0.9135454576426007556 ) ) ;
#2922 = CIRCLE ( 'NONE', #1575, 2.649999999999916422 ) ;
#2923 = ORIENTED_EDGE ( 'NONE', *, *, #3325, .T. ) ;
#2924 = VERTEX_POINT ( 'NONE', #77 ) ;
#2925 = AXIS2_PLACEMENT_3D ( 'NONE', #26, #1725, #7018 ) ;
#2926 = LINE ( 'NONE', #5778, #802 ) ;
#2927 = AXIS2_PLACEMENT_3D ( 'NONE', #2368, #2941, #623 ) ;
#2928 = DIRECTION ( 'NONE',  ( -0.000000000000000000, -1.000000000000000000, -0.000000000000000000 ) ) ;
#2929 = LINE ( 'NONE', #6394, #4113 ) ;
#2930 = ORIENTED_EDGE ( 'NONE', *, *, #1259, .T. ) ;
#2931 = DIRECTION ( 'NONE',  ( 0.000000000000000000, 0.000000000000000000, -1.000000000000000000 ) ) ;
#2932 = ORIENTED_EDGE ( 'NONE', *, *, #6452, .T. ) ;
#2933 = DIRECTION ( 'NONE',  ( 0.000000000000000000, -1.000000000000000000, 0.000000000000000000 ) ) ;
#2934 = CIRCLE ( 'NONE', #5234, 2.649999999999916422 ) ;
#2935 = DIRECTION ( 'NONE',  ( 0.000000000000000000, 0.000000000000000000, -1.000000000000000000 ) ) ;
#2936 = ADVANCED_FACE ( 'NONE', ( #2346 ), #6375, .F. ) ;
#2937 = AXIS2_PLACEMENT_3D ( 'NONE', #1857, #1245, #44 ) ;
#2938 = DIRECTION ( 'NONE',  ( -0.000000000000000000, -1.000000000000000000, -0.000000000000000000 ) ) ;
#2939 = EDGE_LOOP ( 'NONE', ( #707, #6317, #5197, #4670 ) ) ;
#2940 = DIRECTION ( 'NONE',  ( 0.000000000000000000, -1.000000000000000000, 0.000000000000000000 ) ) ;
#2941 = DIRECTION ( 'NONE',  ( 0.000000000000000000, -1.000000000000000000, 0.000000000000000000 ) ) ;
#2942 = DIRECTION ( 'NONE',  ( 0.000000000000000000, -1.000000000000000000, 0.000000000000000000 ) ) ;
#2943 = EDGE_CURVE ( 'NONE', #1834, #5465, #7344, .T. ) ;
#2944 = FACE_OUTER_BOUND ( 'NONE', #459, .T. ) ;
#2945 = CARTESIAN_POINT ( 'NONE',  ( 6.821949119721279153, -1.214306433183764966E-14, -49.63336589642025842 ) ) ;
#2946 = PLANE ( 'NONE',  #2995 ) ;
#2947 = DIRECTION ( 'NONE',  ( 0.000000000000000000, 0.000000000000000000, -1.000000000000000000 ) ) ;
#2948 = CARTESIAN_POINT ( 'NONE',  ( 19.95989460129706217, -1.214306433183764966E-14, 43.80228620542310836 ) ) ;
#2949 = ORIENTED_EDGE ( 'NONE', *, *, #7223, .F. ) ;
#2950 = ADVANCED_FACE ( 'NONE', ( #5313 ), #6735, .F. ) ;
#2951 = VERTEX_POINT ( 'NONE', #1241 ) ;
#2952 = VERTEX_POINT ( 'NONE', #6997 ) ;
#2953 = DIRECTION ( 'NONE',  ( 0.000000000000000000, -1.000000000000000000, 0.000000000000000000 ) ) ;
#2954 = ORIENTED_EDGE ( 'NONE', *, *, #3871, .F. ) ;
#2955 = DIRECTION ( 'NONE',  ( 0.000000000000000000, 0.000000000000000000, 1.000000000000000000 ) ) ;
#2956 = FACE_OUTER_BOUND ( 'NONE', #2616, .T. ) ;
#2957 = ORIENTED_EDGE ( 'NONE', *, *, #6096, .F. ) ;
#2958 = EDGE_LOOP ( 'NONE', ( #881, #1316, #6419, #7339 ) ) ;
#2959 = EDGE_CURVE ( 'NONE', #2551, #7205, #5398, .T. ) ;
#2960 = CARTESIAN_POINT ( 'NONE',  ( 20.89958796480521386, 11.00000000000000000, 53.77960459969829543 ) ) ;
#2961 = DIRECTION ( 'NONE',  ( 0.000000000000000000, 0.000000000000000000, -1.000000000000000000 ) ) ;
#2962 = CARTESIAN_POINT ( 'NONE',  ( 31.61750601073477895, -1.214306433183764966E-14, -38.86313566429182487 ) ) ;
#2963 = ORIENTED_EDGE ( 'NONE', *, *, #5901, .F. ) ;
#2964 = DIRECTION ( 'NONE',  ( 0.000000000000000000, 1.000000000000000000, 0.000000000000000000 ) ) ;
#2965 = EDGE_LOOP ( 'NONE', ( #6966, #2872 ) ) ;
#2966 = DIRECTION ( 'NONE',  ( 0.000000000000000000, 1.000000000000000000, 0.000000000000000000 ) ) ;
#2967 = ORIENTED_EDGE ( 'NONE', *, *, #6726, .T. ) ;
#2968 = EDGE_CURVE ( 'NONE', #1005, #4737, #6492, .T. ) ;
#2969 = DIRECTION ( 'NONE',  ( 0.000000000000000000, -1.000000000000000000, 0.000000000000000000 ) ) ;
#2970 = AXIS2_PLACEMENT_3D ( 'NONE', #769, #6519, #1258 ) ;
#2971 = AXIS2_PLACEMENT_3D ( 'NONE', #168, #3658, #60 ) ;
#2972 = EDGE_CURVE ( 'NONE', #3110, #7269, #603, .T. ) ;
#2973 = AXIS2_PLACEMENT_3D ( 'NONE', #1329, #3645, #2046 ) ;
#2974 = CARTESIAN_POINT ( 'NONE',  ( -19.95989460129642978, 9.500000000000000000, 45.95228620542332720 ) ) ;
#2975 = VERTEX_POINT ( 'NONE', #2 ) ;
#2976 = DIRECTION ( 'NONE',  ( 0.000000000000000000, 1.000000000000000000, 0.000000000000000000 ) ) ;
#2977 = DIRECTION ( 'NONE',  ( 0.000000000000000000, 0.000000000000000000, -1.000000000000000000 ) ) ;
#2978 = AXIS2_PLACEMENT_3D ( 'NONE', #4990, #6059, #3842 ) ;
#2979 = CIRCLE ( 'NONE', #7229, 2.500000000000203393 ) ;
#2980 = CIRCLE ( 'NONE', #555, 2.149999999999922640 ) ;
#2981 = AXIS2_PLACEMENT_3D ( 'NONE', #6806, #5164, #7492 ) ;
#2982 = AXIS2_PLACEMENT_3D ( 'NONE', #5855, #649, #120 ) ;
#2983 = DIRECTION ( 'NONE',  ( 0.000000000000000000, -0.7071067811865432429, -0.7071067811865517916 ) ) ;
#2984 = CYLINDRICAL_SURFACE ( 'NONE', #1660, 2.500000000000203393 ) ;
#2985 = CARTESIAN_POINT ( 'NONE',  ( -49.05211279288440807, 9.500000000000000000, -10.19314625393680274 ) ) ;
#2986 = CARTESIAN_POINT ( 'NONE',  ( 20.89958796480521386, 11.00000000000000000, 51.27960459969808937 ) ) ;
#2987 = EDGE_LOOP ( 'NONE', ( #6219, #3756, #3646, #4547 ) ) ;
#2988 = DIRECTION ( 'NONE',  ( 0.000000000000000000, 0.000000000000000000, -1.000000000000000000 ) ) ;
#2989 = AXIS2_PLACEMENT_3D ( 'NONE', #2986, #5304, #6445 ) ;
#2990 = CIRCLE ( 'NONE', #3347, 2.149999999999922640 ) ;
#2991 = ORIENTED_EDGE ( 'NONE', *, *, #244, .T. ) ;
#2992 = AXIS2_PLACEMENT_3D ( 'NONE', #3595, #5805, #5924 ) ;
#2993 = EDGE_CURVE ( 'NONE', #7104, #5871, #1782, .T. ) ;
#2994 = ADVANCED_FACE ( 'NONE', ( #2956 ), #1874, .F. ) ;
#2995 = AXIS2_PLACEMENT_3D ( 'NONE', #3429, #4150, #1157 ) ;
#2996 = FACE_OUTER_BOUND ( 'NONE', #5061, .T. ) ;
#2997 = VERTEX_POINT ( 'NONE', #6417 ) ;
#2998 = LINE ( 'NONE', #1280, #1709 ) ;
#2999 = FACE_OUTER_BOUND ( 'NONE', #4287, .T. ) ;
#3000 = ORIENTED_EDGE ( 'NONE', *, *, #4289, .F. ) ;
#3001 = VERTEX_POINT ( 'NONE', #6958 ) ;
#3002 = PLANE ( 'NONE',  #4923 ) ;
#3003 = EDGE_CURVE ( 'NONE', #1205, #6703, #5151, .T. ) ;
#3004 = CARTESIAN_POINT ( 'NONE',  ( 40.93019163982339848, -1.214306433183764966E-14, 28.89168413795448842 ) ) ;
#3005 = DIRECTION ( 'NONE',  ( 0.000000000000000000, 0.000000000000000000, 1.000000000000000000 ) ) ;
#3006 = ORIENTED_EDGE ( 'NONE', *, *, #6828, .T. ) ;
#3007 = CARTESIAN_POINT ( 'NONE',  ( -40.93019163982320663, 9.500000000000000000, -28.89168413795475487 ) ) ;
#3008 = ORIENTED_EDGE ( 'NONE', *, *, #5931, .T. ) ;
#3009 = CARTESIAN_POINT ( 'NONE',  ( -36.61488181033408296, -0.5000000000000004441, -34.19591247525450228 ) ) ;
#3010 = EDGE_LOOP ( 'NONE', ( #7496, #7356, #2162, #4020 ) ) ;
#3011 = DIRECTION ( 'NONE',  ( -0.000000000000000000, -1.000000000000000000, -0.000000000000000000 ) ) ;
#3012 = EDGE_CURVE ( 'NONE', #3097, #2120, #680, .T. ) ;
#3013 = CARTESIAN_POINT ( 'NONE',  ( 13.23327348812998849, 11.00000000000000000, -53.77054117068531269 ) ) ;
#3014 = EDGE_CURVE ( 'NONE', #4446, #712, #2732, .T. ) ;
#3015 = VERTEX_POINT ( 'NONE', #640 ) ;
#3016 = DIRECTION ( 'NONE',  ( 0.000000000000000000, 0.000000000000000000, 1.000000000000000000 ) ) ;
#3017 = DIRECTION ( 'NONE',  ( 0.000000000000000000, 0.000000000000000000, 1.000000000000000000 ) ) ;
#3018 = FACE_OUTER_BOUND ( 'NONE', #5934, .T. ) ;
#3019 = CARTESIAN_POINT ( 'NONE',  ( 26.03115589677469899, -1.561251128379126385E-14, -44.95641216777934090 ) ) ;
#3020 = FACE_OUTER_BOUND ( 'NONE', #4209, .T. ) ;
#3021 = AXIS2_PLACEMENT_3D ( 'NONE', #1024, #6158, #990 ) ;
#3022 = DIRECTION ( 'NONE',  ( 0.000000000000000000, -1.000000000000000000, 0.000000000000000000 ) ) ;
#3023 = ORIENTED_EDGE ( 'NONE', *, *, #3014, .T. ) ;
#3024 = CYLINDRICAL_SURFACE ( 'NONE', #5165, 2.500000000000203393 ) ;
#3025 = ORIENTED_EDGE ( 'NONE', *, *, #7206, .T. ) ;
#3026 = AXIS2_PLACEMENT_3D ( 'NONE', #2437, #1181, #582 ) ;
#3027 = AXIS2_PLACEMENT_3D ( 'NONE', #2962, #5280, #5319 ) ;
#3028 = CARTESIAN_POINT ( 'NONE',  ( 47.20727219815306341, -1.561251128379126385E-14, 14.62746856976603205 ) ) ;
#3029 = VERTEX_POINT ( 'NONE', #5880 ) ;
#3030 = DIRECTION ( 'NONE',  ( 0.000000000000000000, 0.000000000000000000, -1.000000000000000000 ) ) ;
#3031 = CARTESIAN_POINT ( 'NONE',  ( 33.95964629695709647, 11.00000000000000000, -43.73937640599801568 ) ) ;
#3032 = VERTEX_POINT ( 'NONE', #1815 ) ;
#3033 = ORIENTED_EDGE ( 'NONE', *, *, #1299, .T. ) ;
#3034 = AXIS2_PLACEMENT_3D ( 'NONE', #4080, #3660, #5953 ) ;
#3035 = CIRCLE ( 'NONE', #960, 58.65000000000006963 ) ;
#3036 = DIRECTION ( 'NONE',  ( 0.000000000000000000, 0.000000000000000000, -1.000000000000000000 ) ) ;
#3037 = ADVANCED_FACE ( 'NONE', ( #2999 ), #6385, .F. ) ;
#3038 = CARTESIAN_POINT ( 'NONE',  ( 2.632990618166714079E-16, -1.214306433183764966E-14, -47.95000000000007390 ) ) ;
#3039 = DIRECTION ( 'NONE',  ( 0.000000000000000000, -1.000000000000000000, 0.000000000000000000 ) ) ;
#3040 = ORIENTED_EDGE ( 'NONE', *, *, #6298, .F. ) ;
#3041 = CARTESIAN_POINT ( 'NONE',  ( 6.821949119722316546, 9.500000000000000000, 49.63336589642008789 ) ) ;
#3042 = EDGE_LOOP ( 'NONE', ( #353, #418, #4649, #4997 ) ) ;
#3043 = CARTESIAN_POINT ( 'NONE',  ( -40.93019163982300768, -1.387778780781445676E-14, 26.74168413795511512 ) ) ;
#3044 = ORIENTED_EDGE ( 'NONE', *, *, #6265, .T. ) ;
#3045 = CARTESIAN_POINT ( 'NONE',  ( 6.821949119722316546, -0.5000000000000004441, 49.63336589642008789 ) ) ;
#3046 = EDGE_CURVE ( 'NONE', #6424, #4211, #3208, .T. ) ;
#3047 = AXIS2_PLACEMENT_3D ( 'NONE', #2104, #3737, #4385 ) ;
#3048 = CIRCLE ( 'NONE', #2925, 2.500000000000205613 ) ;
#3049 = DIRECTION ( 'NONE',  ( 0.000000000000000000, 0.000000000000000000, -1.000000000000000000 ) ) ;
#3050 = AXIS2_PLACEMENT_3D ( 'NONE', #3540, #7016, #6975 ) ;
#3051 = ORIENTED_EDGE ( 'NONE', *, *, #2565, .T. ) ;
#3052 = DIRECTION ( 'NONE',  ( 0.000000000000000000, 0.000000000000000000, -1.000000000000000000 ) ) ;
#3053 = DIRECTION ( 'NONE',  ( -0.000000000000000000, -1.000000000000000000, -0.000000000000000000 ) ) ;
#3054 = EDGE_CURVE ( 'NONE', #899, #5526, #2643, .T. ) ;
#3055 = CARTESIAN_POINT ( 'NONE',  ( 26.03115589677469899, -1.561251128379126385E-14, -44.95641216777934090 ) ) ;
#3056 = DIRECTION ( 'NONE',  ( 0.000000000000000000, 0.000000000000000000, 1.000000000000000000 ) ) ;
#3057 = CARTESIAN_POINT ( 'NONE',  ( -47.20727219815284315, 9.500000000000000000, 18.92746856976652836 ) ) ;
#3058 = CARTESIAN_POINT ( 'NONE',  ( 40.93019163982280872, -1.214306433183764966E-14, -28.89168413795531620 ) ) ;
#3059 = VERTEX_POINT ( 'NONE', #1927 ) ;
#3060 = DIRECTION ( 'NONE',  ( -0.000000000000000000, -1.000000000000000000, -0.000000000000000000 ) ) ;
#3061 = ORIENTED_EDGE ( 'NONE', *, *, #4525, .F. ) ;
#3062 = EDGE_CURVE ( 'NONE', #5745, #5809, #2980, .T. ) ;
#3063 = CARTESIAN_POINT ( 'NONE',  ( 44.48304944195874100, -1.387778780781445676E-14, -23.04925839033120383 ) ) ;
#3064 = ORIENTED_EDGE ( 'NONE', *, *, #6113, .T. ) ;
#3065 = FACE_OUTER_BOUND ( 'NONE', #4006, .T. ) ;
#3066 = DIRECTION ( 'NONE',  ( 0.000000000000000000, 0.000000000000000000, 1.000000000000000000 ) ) ;
#3067 = ORIENTED_EDGE ( 'NONE', *, *, #6309, .F. ) ;
#3068 = ORIENTED_EDGE ( 'NONE', *, *, #3442, .T. ) ;
#3069 = DIRECTION ( 'NONE',  ( 1.000000000000000000, 0.000000000000000000, 0.000000000000000000 ) ) ;
#3070 = EDGE_CURVE ( 'NONE', #2181, #6045, #5456, .T. ) ;
#3071 = DIRECTION ( 'NONE',  ( 0.000000000000000000, -1.000000000000000000, 0.000000000000000000 ) ) ;
#3072 = DIRECTION ( 'NONE',  ( 0.000000000000000000, 0.000000000000000000, -1.000000000000000000 ) ) ;
#3073 = ORIENTED_EDGE ( 'NONE', *, *, #1687, .F. ) ;
#3074 = ADVANCED_FACE ( 'NONE', ( #6569 ), #4276, .F. ) ;
#3075 = CARTESIAN_POINT ( 'NONE',  ( -31.61750601073530476, 9.500000000000000000, -38.86313566429139144 ) ) ;
#3076 = ORIENTED_EDGE ( 'NONE', *, *, #4041, .F. ) ;
#3077 = DIRECTION ( 'NONE',  ( 0.000000000000000000, 0.000000000000000000, -1.000000000000000000 ) ) ;
#3078 = VERTEX_POINT ( 'NONE', #3708 ) ;
#3079 = DIRECTION ( 'NONE',  ( 0.000000000000000000, -1.000000000000000000, 0.000000000000000000 ) ) ;
#3080 = CARTESIAN_POINT ( 'NONE',  ( 47.20727219815270814, 9.500000000000000000, -18.92746856976686587 ) ) ;
#3081 = EDGE_CURVE ( 'NONE', #4040, #7014, #3812, .T. ) ;
#3082 = EDGE_LOOP ( 'NONE', ( #6234, #1791, #1088, #3333 ) ) ;
#3083 = AXIS2_PLACEMENT_3D ( 'NONE', #4873, #7271, #3233 ) ;
#3084 = AXIS2_PLACEMENT_3D ( 'NONE', #5334, #6476, #1190 ) ;
#3085 = DIRECTION ( 'NONE',  ( 0.000000000000000000, 1.000000000000000000, 0.000000000000000000 ) ) ;
#3086 = LINE ( 'NONE', #1913, #4652 ) ;
#3087 = CARTESIAN_POINT ( 'NONE',  ( -36.61488181033384137, 9.500000000000000000, 34.19591247525476518 ) ) ;
#3088 = CIRCLE ( 'NONE', #2849, 2.149999999999922640 ) ;
#3089 = EDGE_CURVE ( 'NONE', #5431, #3059, #6258, .T. ) ;
#3090 = AXIS2_PLACEMENT_3D ( 'NONE', #5015, #4602, #3990 ) ;
#3091 = CARTESIAN_POINT ( 'NONE',  ( -44.48304944195891153, -0.5000000000000004441, 25.69925839033083648 ) ) ;
#3092 = DIRECTION ( 'NONE',  ( 0.000000000000000000, 0.000000000000000000, 1.000000000000000000 ) ) ;
#3093 = DIRECTION ( 'NONE',  ( 0.000000000000000000, 0.000000000000000000, 1.000000000000000000 ) ) ;
#3094 = EDGE_LOOP ( 'NONE', ( #4745, #4582, #3416, #7300 ) ) ;
#3095 = AXIS2_PLACEMENT_3D ( 'NONE', #708, #745, #7280 ) ;
#3096 = DIRECTION ( 'NONE',  ( 0.000000000000000000, 0.000000000000000000, 1.000000000000000000 ) ) ;
#3097 = VERTEX_POINT ( 'NONE', #4924 ) ;
#3098 = VECTOR ( 'NONE', #4223, 1000.000000000000000 ) ;
#3099 = CIRCLE ( 'NONE', #1393, 2.149999999999924416 ) ;
#3100 = CIRCLE ( 'NONE', #678, 45.10000000000000142 ) ;
#3101 = CIRCLE ( 'NONE', #7351, 2.500000000000204725 ) ;
#3102 = ADVANCED_FACE ( 'NONE', ( #4849 ), #1032, .F. ) ;
#3103 = DIRECTION ( 'NONE',  ( 0.000000000000000000, 0.000000000000000000, -1.000000000000000000 ) ) ;
#3104 = CIRCLE ( 'NONE', #6134, 2.149999999999922640 ) ;
#3105 = FACE_OUTER_BOUND ( 'NONE', #6723, .T. ) ;
#3106 = CONICAL_SURFACE ( 'NONE', #7481, 2.149999999999924416, 0.7853981633974560506 ) ;
#3107 = EDGE_CURVE ( 'NONE', #5745, #1239, #3774, .T. ) ;
#3108 = AXIS2_PLACEMENT_3D ( 'NONE', #1315, #3666, #5959 ) ;
#3109 = LINE ( 'NONE', #3632, #675 ) ;
#3110 = VERTEX_POINT ( 'NONE', #6037 ) ;
#3111 = VERTEX_POINT ( 'NONE', #1423 ) ;
#3112 = DIRECTION ( 'NONE',  ( 0.000000000000000000, -1.000000000000000000, 0.000000000000000000 ) ) ;
#3113 = CARTESIAN_POINT ( 'NONE',  ( -53.18329137311566512, -0.5000000000000004441, 12.92491956939427844 ) ) ;
#3114 = ORIENTED_EDGE ( 'NONE', *, *, #2276, .T. ) ;
#3115 = CYLINDRICAL_SURFACE ( 'NONE', #5882, 2.149999999999922640 ) ;
#3116 = ORIENTED_EDGE ( 'NONE', *, *, #6671, .F. ) ;
#3117 = FACE_OUTER_BOUND ( 'NONE', #4621, .T. ) ;
#3118 = ORIENTED_EDGE ( 'NONE', *, *, #3639, .F. ) ;
#3119 = DIRECTION ( 'NONE',  ( 0.000000000000000000, -0.000000000000000000, -1.000000000000000000 ) ) ;
#3120 = CARTESIAN_POINT ( 'NONE',  ( 48.81408774733904465, 11.00000000000000000, -26.14527610095353083 ) ) ;
#3121 = ORIENTED_EDGE ( 'NONE', *, *, #1786, .F. ) ;
#3122 = DIRECTION ( 'NONE',  ( 8.659560562354994488E-17, -0.7071067811865425767, 0.7071067811865525687 ) ) ;
#3123 = DIRECTION ( 'NONE',  ( 0.000000000000000000, 0.000000000000000000, 1.000000000000000000 ) ) ;
#3124 = EDGE_CURVE ( 'NONE', #3890, #1439, #3109, .T. ) ;
#3125 = LINE ( 'NONE', #5595, #6008 ) ;
#3126 = DIRECTION ( 'NONE',  ( 0.000000000000000000, 0.000000000000000000, 1.000000000000000000 ) ) ;
#3127 = CARTESIAN_POINT ( 'NONE',  ( -44.48304944195906074, -1.214306433183764966E-14, -23.04925839033061408 ) ) ;
#3128 = ORIENTED_EDGE ( 'NONE', *, *, #499, .F. ) ;
#3129 = CARTESIAN_POINT ( 'NONE',  ( -49.98320533644600516, 9.500000000000000000, 1.268944909570270729 ) ) ;
#3130 = EDGE_LOOP ( 'NONE', ( #5878, #1896 ) ) ;
#3131 = EDGE_CURVE ( 'NONE', #4413, #5715, #3099, .T. ) ;
#3132 = CIRCLE ( 'NONE', #3872, 2.649999999999916422 ) ;
#3133 = CARTESIAN_POINT ( 'NONE',  ( 0.000000000000000000, 9.999999999999991118, 45.10000000000000142 ) ) ;
#3134 = DIRECTION ( 'NONE',  ( 0.7431448254773959095, 0.000000000000000000, -0.6691306063588564612 ) ) ;
#3135 = CARTESIAN_POINT ( 'NONE',  ( -42.31147425102297177, 11.00000000000000000, 35.72295860794606170 ) ) ;
#3136 = ORIENTED_EDGE ( 'NONE', *, *, #3742, .F. ) ;
#3137 = ORIENTED_EDGE ( 'NONE', *, *, #4679, .F. ) ;
#3138 = DIRECTION ( 'NONE',  ( 0.000000000000000000, 0.000000000000000000, 1.000000000000000000 ) ) ;
#3139 = AXIS2_PLACEMENT_3D ( 'NONE', #313, #2629, #3792 ) ;
#3140 = EDGE_CURVE ( 'NONE', #3111, #4765, #5424, .T. ) ;
#3141 = FACE_OUTER_BOUND ( 'NONE', #5253, .T. ) ;
#3142 = CARTESIAN_POINT ( 'NONE',  ( 0.000000000000000000, 0.9999999999999995559, 0.000000000000000000 ) ) ;
#3143 = VERTEX_POINT ( 'NONE', #7288 ) ;
#3144 = CIRCLE ( 'NONE', #1207, 2.149999999999922640 ) ;
#3145 = AXIS2_PLACEMENT_3D ( 'NONE', #3142, #2009, #3072 ) ;
#3146 = CARTESIAN_POINT ( 'NONE',  ( 49.05211279288445780, 9.500000000000000000, 8.043146253936551915 ) ) ;
#3147 = ORIENTED_EDGE ( 'NONE', *, *, #3558, .T. ) ;
#3148 = CARTESIAN_POINT ( 'NONE',  ( -26.03115589677527097, 9.500000000000000000, -40.65641216777911637 ) ) ;
#3149 = ORIENTED_EDGE ( 'NONE', *, *, #131, .T. ) ;
#3150 = CARTESIAN_POINT ( 'NONE',  ( 13.51681823496726231, -1.214306433183764966E-14, 48.24215609612464561 ) ) ;
#3151 = EDGE_CURVE ( 'NONE', #1536, #2010, #904, .T. ) ;
#3152 = FACE_OUTER_BOUND ( 'NONE', #5081, .T. ) ;
#3153 = VERTEX_POINT ( 'NONE', #1458 ) ;
#3154 = DIRECTION ( 'NONE',  ( 0.000000000000000000, 0.000000000000000000, -1.000000000000000000 ) ) ;
#3155 = AXIS2_PLACEMENT_3D ( 'NONE', #1620, #1093, #1668 ) ;
#3156 = DIRECTION ( 'NONE',  ( 8.659560562354993255E-17, -0.7071067811865426878, 0.7071067811865524577 ) ) ;
#3157 = EDGE_CURVE ( 'NONE', #4750, #5136, #7472, .T. ) ;
#3158 = AXIS2_PLACEMENT_3D ( 'NONE', #4639, #6326, #5864 ) ;
#3159 = DIRECTION ( 'NONE',  ( 0.000000000000000000, -0.7071067811865439090, -0.7071067811865512365 ) ) ;
#3160 = EDGE_CURVE ( 'NONE', #3564, #5600, #1272, .T. ) ;
#3161 = DIRECTION ( 'NONE',  ( 0.000000000000000000, 0.000000000000000000, -1.000000000000000000 ) ) ;
#3162 = LINE ( 'NONE', #2591, #5653 ) ;
#3163 = ORIENTED_EDGE ( 'NONE', *, *, #5901, .T. ) ;
#3164 = DIRECTION ( 'NONE',  ( -0.7431448254773859174, 0.000000000000000000, -0.6691306063588673414 ) ) ;
#3165 = VERTEX_POINT ( 'NONE', #7141 ) ;
#3166 = VECTOR ( 'NONE', #792, 999.9999999999998863 ) ;
#3167 = CARTESIAN_POINT ( 'NONE',  ( -47.20727219815284315, -1.387778780781445676E-14, 18.92746856976652836 ) ) ;
#3168 = EDGE_CURVE ( 'NONE', #6596, #5395, #6993, .T. ) ;
#3169 = PLANE ( 'NONE',  #3047 ) ;
#3170 = CARTESIAN_POINT ( 'NONE',  ( 55.22812996414072018, 11.00000000000000000, -6.530420035677678925 ) ) ;
#3171 = EDGE_LOOP ( 'NONE', ( #2900, #4858 ) ) ;
#3172 = ORIENTED_EDGE ( 'NONE', *, *, #4322, .F. ) ;
#3173 = PLANE ( 'NONE',  #1655 ) ;
#3174 = LINE ( 'NONE', #4889, #6451 ) ;
#3175 = CARTESIAN_POINT ( 'NONE',  ( -6.821949119721629096, -1.387778780781445676E-14, 49.63336589642023000 ) ) ;
#3176 = EDGE_LOOP ( 'NONE', ( #2580, #2811 ) ) ;
#3177 = EDGE_CURVE ( 'NONE', #921, #1447, #2569, .T. ) ;
#3178 = CARTESIAN_POINT ( 'NONE',  ( 3.498464301520819496E-13, -1.214306433183764966E-14, 47.95000000000007390 ) ) ;
#3179 = ORIENTED_EDGE ( 'NONE', *, *, #7274, .T. ) ;
#3180 = EDGE_CURVE ( 'NONE', #5183, #2352, #6641, .T. ) ;
#3181 = CARTESIAN_POINT ( 'NONE',  ( 49.05211279288445780, 9.500000000000000000, 8.043146253936551915 ) ) ;
#3182 = ORIENTED_EDGE ( 'NONE', *, *, #4536, .T. ) ;
#3183 = FACE_OUTER_BOUND ( 'NONE', #7254, .T. ) ;
#3184 = VERTEX_POINT ( 'NONE', #4534 ) ;
#3185 = DIRECTION ( 'NONE',  ( -0.000000000000000000, -1.000000000000000000, -0.000000000000000000 ) ) ;
#3186 = ORIENTED_EDGE ( 'NONE', *, *, #6807, .T. ) ;
#3187 = EDGE_CURVE ( 'NONE', #681, #2756, #2372, .T. ) ;
#3188 = CARTESIAN_POINT ( 'NONE',  ( -44.48304944195906074, 9.500000000000000000, -25.19925839033053805 ) ) ;
#3189 = EDGE_CURVE ( 'NONE', #5921, #1163, #7108, .T. ) ;
#3190 = FACE_OUTER_BOUND ( 'NONE', #1206, .T. ) ;
#3191 = CARTESIAN_POINT ( 'NONE',  ( -53.18329137311566512, -0.5000000000000004441, 15.42491956939448094 ) ) ;
#3192 = ORIENTED_EDGE ( 'NONE', *, *, #6762, .F. ) ;
#3193 = LINE ( 'NONE', #5521, #6672 ) ;
#3194 = APPROVAL ( #4887, 'UNSPECIFIED' ) ;
#3195 = FACE_OUTER_BOUND ( 'NONE', #347, .T. ) ;
#3196 = ORIENTED_EDGE ( 'NONE', *, *, #4335, .F. ) ;
#3197 = DIRECTION ( 'NONE',  ( -0.000000000000000000, -1.000000000000000000, -0.000000000000000000 ) ) ;
#3198 = ORIENTED_EDGE ( 'NONE', *, *, #882, .T. ) ;
#3199 = VECTOR ( 'NONE', #3655, 1000.000000000000000 ) ;
#3200 = CONICAL_SURFACE ( 'NONE', #4044, 2.149999999999922640, 0.7853981633974539411 ) ;
#3201 = VECTOR ( 'NONE', #7149, 1000.000000000000000 ) ;
#3202 = CIRCLE ( 'NONE', #2604, 2.149999999999924416 ) ;
#3203 = CARTESIAN_POINT ( 'NONE',  ( -47.20727219815284315, 9.500000000000000000, 16.77746856976660439 ) ) ;
#3204 = CARTESIAN_POINT ( 'NONE',  ( -26.03115589677498676, -1.387778780781445676E-14, 44.95641216777914195 ) ) ;
#3205 = DIRECTION ( 'NONE',  ( 0.000000000000000000, 1.000000000000000000, 0.000000000000000000 ) ) ;
#3206 = AXIS2_PLACEMENT_3D ( 'NONE', #4290, #6049, #4401 ) ;
#3207 = ORIENTED_EDGE ( 'NONE', *, *, #2040, .T. ) ;
#3208 = CIRCLE ( 'NONE', #1644, 2.149999999999922640 ) ;
#3209 = ORIENTED_EDGE ( 'NONE', *, *, #1228, .F. ) ;
#3210 = DIRECTION ( 'NONE',  ( -0.000000000000000000, -1.000000000000000000, -0.000000000000000000 ) ) ;
#3211 = ADVANCED_FACE ( 'NONE', ( #443 ), #7437, .F. ) ;
#3212 = AXIS2_PLACEMENT_3D ( 'NONE', #3572, #4716, #1255 ) ;
#3213 = CIRCLE ( 'NONE', #4190, 2.649999999999916422 ) ;
#3214 = CARTESIAN_POINT ( 'NONE',  ( 33.95964629695709647, 11.00000000000000000, -46.23937640599822174 ) ) ;
#3215 = VECTOR ( 'NONE', #3210, 1000.000000000000000 ) ;
#3216 = VECTOR ( 'NONE', #6138, 1000.000000000000000 ) ;
#3217 = CARTESIAN_POINT ( 'NONE',  ( 47.20727219815270814, 9.500000000000000000, -16.77746856976694545 ) ) ;
#3218 = EDGE_LOOP ( 'NONE', ( #6232, #7430, #3276, #6691 ) ) ;
#3219 = CARTESIAN_POINT ( 'NONE',  ( -36.61488181033408296, -0.5000000000000004441, -31.54591247525458897 ) ) ;
#3220 = ORIENTED_EDGE ( 'NONE', *, *, #3507, .T. ) ;
#3221 = DIRECTION ( 'NONE',  ( 0.000000000000000000, 0.000000000000000000, -1.000000000000000000 ) ) ;
#3222 = ORIENTED_EDGE ( 'NONE', *, *, #6683, .T. ) ;
#3223 = CARTESIAN_POINT ( 'NONE',  ( -31.61750601073502764, -1.561251128379126385E-14, 36.71313566429168418 ) ) ;
#3224 = CIRCLE ( 'NONE', #6515, 2.149999999999922640 ) ;
#3225 = VERTEX_POINT ( 'NONE', #3967 ) ;
#3226 = CONICAL_SURFACE ( 'NONE', #2627, 2.149999999999922640, 0.7853981633974552734 ) ;
#3227 = EDGE_CURVE ( 'NONE', #4685, #4048, #1884, .T. ) ;
#3228 = DIRECTION ( 'NONE',  ( 0.000000000000000000, 0.000000000000000000, -1.000000000000000000 ) ) ;
#3229 = CIRCLE ( 'NONE', #5180, 2.649999999999916422 ) ;
#3230 = DIRECTION ( 'NONE',  ( -0.000000000000000000, -1.000000000000000000, -0.000000000000000000 ) ) ;
#3231 = ORIENTED_EDGE ( 'NONE', *, *, #5596, .F. ) ;
#3232 = DIRECTION ( 'NONE',  ( 0.000000000000000000, 0.000000000000000000, -1.000000000000000000 ) ) ;
#3233 = DIRECTION ( 'NONE',  ( 0.000000000000000000, 0.000000000000000000, -1.000000000000000000 ) ) ;
#3234 = EDGE_CURVE ( 'NONE', #1776, #2120, #4310, .T. ) ;
#3235 = ADVANCED_FACE ( 'NONE', ( #6175 ), #4793, .F. ) ;
#3236 = CARTESIAN_POINT ( 'NONE',  ( 3.245314017740383903E-16, -0.5000000000000004441, -47.45000000000008100 ) ) ;
#3237 = VERTEX_POINT ( 'NONE', #1572 ) ;
#3238 = DIRECTION ( 'NONE',  ( 8.659560562354985860E-17, -0.7071067811865432429, 0.7071067811865517916 ) ) ;
#3239 = CARTESIAN_POINT ( 'NONE',  ( 26.03115589677558006, -1.214306433183764966E-14, 44.95641216777878668 ) ) ;
#3240 = ORIENTED_EDGE ( 'NONE', *, *, #6472, .F. ) ;
#3241 = DIRECTION ( 'NONE',  ( 0.000000000000000000, -1.000000000000000000, 0.000000000000000000 ) ) ;
#3242 = ORIENTED_EDGE ( 'NONE', *, *, #7088, .T. ) ;
#3243 = EDGE_CURVE ( 'NONE', #6273, #3408, #5903, .T. ) ;
#3244 = CIRCLE ( 'NONE', #2548, 2.500000000000203393 ) ;
#3245 = DIRECTION ( 'NONE',  ( 0.000000000000000000, -0.000000000000000000, -1.000000000000000000 ) ) ;
#3246 = FACE_OUTER_BOUND ( 'NONE', #6897, .T. ) ;
#3247 = CARTESIAN_POINT ( 'NONE',  ( 31.61750601073477895, 9.500000000000000000, -38.86313566429182487 ) ) ;
#3248 = VERTEX_POINT ( 'NONE', #522 ) ;
#3249 = EDGE_LOOP ( 'NONE', ( #4972, #3489 ) ) ;
#3250 = APPROVAL_STATUS ( 'not_yet_approved' ) ;
#3251 = EDGE_CURVE ( 'NONE', #1683, #6783, #4498, .T. ) ;
#3252 = DIRECTION ( 'NONE',  ( 0.000000000000000000, -1.000000000000000000, 0.000000000000000000 ) ) ;
#3253 = CARTESIAN_POINT ( 'NONE',  ( 0.000000000000000000, 11.00000000000000000, 0.000000000000000000 ) ) ;
#3254 = EDGE_LOOP ( 'NONE', ( #6029, #3464 ) ) ;
#3255 = CARTESIAN_POINT ( 'NONE',  ( -49.05211279288440807, 9.500000000000000000, -10.19314625393680274 ) ) ;
#3256 = EDGE_LOOP ( 'NONE', ( #6913, #1398 ) ) ;
#3257 = EDGE_CURVE ( 'NONE', #1386, #454, #3283, .T. ) ;
#3258 = DIRECTION ( 'NONE',  ( -0.000000000000000000, -1.000000000000000000, -0.000000000000000000 ) ) ;
#3259 = VECTOR ( 'NONE', #6200, 1000.000000000000000 ) ;
#3260 = ORIENTED_EDGE ( 'NONE', *, *, #7434, .F. ) ;
#3261 = DIRECTION ( 'NONE',  ( 0.000000000000000000, 0.000000000000000000, 1.000000000000000000 ) ) ;
#3262 = DIRECTION ( 'NONE',  ( 0.000000000000000000, -1.000000000000000000, 0.000000000000000000 ) ) ;
#3263 = AXIS2_PLACEMENT_3D ( 'NONE', #6560, #171, #6981 ) ;
#3264 = CIRCLE ( 'NONE', #3864, 2.149999999999922640 ) ;
#3265 = CARTESIAN_POINT ( 'NONE',  ( -42.31147425102297177, -0.5000000000000004441, 35.72295860794606170 ) ) ;
#3266 = ORIENTED_EDGE ( 'NONE', *, *, #6671, .T. ) ;
#3267 = CYLINDRICAL_SURFACE ( 'NONE', #3712, 2.500000000000202505 ) ;
#3268 = ORIENTED_EDGE ( 'NONE', *, *, #2906, .F. ) ;
#3269 = ADVANCED_FACE ( 'NONE', ( #4460 ), #6124, .F. ) ;
#3270 = CARTESIAN_POINT ( 'NONE',  ( -47.04951716605319234, 11.00000000000000000, -31.70160200128215777 ) ) ;
#3271 = DIRECTION ( 'NONE',  ( 0.000000000000000000, 0.000000000000000000, -1.000000000000000000 ) ) ;
#3272 = FACE_OUTER_BOUND ( 'NONE', #1474, .T. ) ;
#3273 = ORIENTED_EDGE ( 'NONE', *, *, #4092, .T. ) ;
#3274 = FACE_OUTER_BOUND ( 'NONE', #2888, .T. ) ;
#3275 = DIRECTION ( 'NONE',  ( 0.000000000000000000, 1.000000000000000000, 0.000000000000000000 ) ) ;
#3276 = ORIENTED_EDGE ( 'NONE', *, *, #2174, .T. ) ;
#3277 = ADVANCED_FACE ( 'NONE', ( #7400 ), #1085, .F. ) ;
#3278 = CARTESIAN_POINT ( 'NONE',  ( 31.61750601073556766, -1.214306433183764966E-14, 38.86313566429116406 ) ) ;
#3279 = DIRECTION ( 'NONE',  ( 0.000000000000000000, -1.000000000000000000, 0.000000000000000000 ) ) ;
#3280 = CIRCLE ( 'NONE', #6570, 2.649999999999916422 ) ;
#3281 = CARTESIAN_POINT ( 'NONE',  ( 49.98320533644598385, 9.500000000000000000, -3.418944909570555968 ) ) ;
#3282 = FACE_OUTER_BOUND ( 'NONE', #3950, .T. ) ;
#3283 = LINE ( 'NONE', #2225, #2611 ) ;
#3284 = ORIENTED_EDGE ( 'NONE', *, *, #4714, .F. ) ;
#3285 = EDGE_LOOP ( 'NONE', ( #1013, #5670, #257, #7181 ) ) ;
#3286 = EDGE_CURVE ( 'NONE', #7427, #2709, #2860, .T. ) ;
#3287 = CONICAL_SURFACE ( 'NONE', #4382, 2.149999999999922640, 0.7853981633974539411 ) ;
#3288 = LINE ( 'NONE', #404, #143 ) ;
#3289 = FACE_BOUND ( 'NONE', #6952, .T. ) ;
#3290 = ORIENTED_EDGE ( 'NONE', *, *, #1165, .T. ) ;
#3291 = FACE_OUTER_BOUND ( 'NONE', #5791, .T. ) ;
#3292 = ORIENTED_EDGE ( 'NONE', *, *, #566, .T. ) ;
#3293 = CYLINDRICAL_SURFACE ( 'NONE', #1498, 2.149999999999922640 ) ;
#3294 = ORIENTED_EDGE ( 'NONE', *, *, #5443, .F. ) ;
#3295 = PRODUCT_DEFINITION ( 'UNKNOWN', '', #6135, #1645 ) ;
#3296 = CARTESIAN_POINT ( 'NONE',  ( 0.000000000000000000, 11.00000000000000000, -60.64999999999999858 ) ) ;
#3297 = EDGE_CURVE ( 'NONE', #760, #3511, #3398, .T. ) ;
#3298 = CYLINDRICAL_SURFACE ( 'NONE', #1459, 2.149999999999922640 ) ;
#3299 = DIRECTION ( 'NONE',  ( 0.000000000000000000, -1.000000000000000000, 0.000000000000000000 ) ) ;
#3300 = ORIENTED_EDGE ( 'NONE', *, *, #7123, .T. ) ;
#3301 = CYLINDRICAL_SURFACE ( 'NONE', #2268, 2.500000000000203393 ) ;
#3302 = ORIENTED_EDGE ( 'NONE', *, *, #3490, .T. ) ;
#3303 = CARTESIAN_POINT ( 'NONE',  ( 13.51681823496726231, -0.5000000000000004441, 48.24215609612464561 ) ) ;
#3304 = EDGE_CURVE ( 'NONE', #4779, #1834, #3360, .T. ) ;
#3305 = DIRECTION ( 'NONE',  ( 0.000000000000000000, -1.000000000000000000, 0.000000000000000000 ) ) ;
#3306 = EDGE_CURVE ( 'NONE', #4413, #3977, #7477, .T. ) ;
#3307 = CARTESIAN_POINT ( 'NONE',  ( 36.61488181033430322, 9.500000000000000000, 32.04591247525430475 ) ) ;
#3308 = ORIENTED_EDGE ( 'NONE', *, *, #6751, .F. ) ;
#3309 = DIRECTION ( 'NONE',  ( 0.000000000000000000, 0.000000000000000000, 1.000000000000000000 ) ) ;
#3310 = DIRECTION ( 'NONE',  ( 0.000000000000000000, 0.000000000000000000, -1.000000000000000000 ) ) ;
#3311 = ORIENTED_EDGE ( 'NONE', *, *, #7296, .T. ) ;
#3312 = CARTESIAN_POINT ( 'NONE',  ( -6.821949119721629096, -1.387778780781445676E-14, 49.63336589642023000 ) ) ;
#3313 = CARTESIAN_POINT ( 'NONE',  ( -47.20727219815284315, 9.500000000000000000, 14.62746856976668219 ) ) ;
#3314 = ADVANCED_FACE ( 'NONE', ( #6140 ), #931, .F. ) ;
#3315 = DIRECTION ( 'NONE',  ( 8.659560562354985860E-17, -0.7071067811865432429, 0.7071067811865517916 ) ) ;
#3316 = FACE_BOUND ( 'NONE', #5955, .T. ) ;
#3317 = DIRECTION ( 'NONE',  ( -0.000000000000000000, -1.000000000000000000, -0.000000000000000000 ) ) ;
#3318 = ORIENTED_EDGE ( 'NONE', *, *, #7373, .T. ) ;
#3319 = AXIS2_PLACEMENT_3D ( 'NONE', #4338, #6085, #2661 ) ;
#3320 = VERTEX_POINT ( 'NONE', #2187 ) ;
#3321 = DATE_TIME_ROLE ( 'creation_date' ) ;
#3322 = ADVANCED_FACE ( 'NONE', ( #6832 ), #1610, .F. ) ;
#3323 = AXIS2_PLACEMENT_3D ( 'NONE', #3677, #2619, #7151 ) ;
#3324 = CARTESIAN_POINT ( 'NONE',  ( 33.95964629695709647, 11.00000000000000000, -46.23937640599822174 ) ) ;
#3325 = EDGE_CURVE ( 'NONE', #5994, #4097, #3704, .T. ) ;
#3326 = CARTESIAN_POINT ( 'NONE',  ( 33.95964629695709647, -0.5000000000000004441, -41.23937640599780963 ) ) ;
#3327 = VERTEX_POINT ( 'NONE', #2912 ) ;
#3328 = DIRECTION ( 'NONE',  ( 0.000000000000000000, 0.000000000000000000, 1.000000000000000000 ) ) ;
#3329 = CONICAL_SURFACE ( 'NONE', #1146, 2.149999999999922640, 0.7853981633974539411 ) ;
#3330 = DIRECTION ( 'NONE',  ( 0.000000000000000000, -0.7071067811865425767, -0.7071067811865525687 ) ) ;
#3331 = ORIENTED_EDGE ( 'NONE', *, *, #5332, .F. ) ;
#3332 = DIRECTION ( 'NONE',  ( 0.000000000000000000, 0.000000000000000000, -1.000000000000000000 ) ) ;
#3333 = ORIENTED_EDGE ( 'NONE', *, *, #626, .F. ) ;
#3334 = DIRECTION ( 'NONE',  ( -0.000000000000000000, -1.000000000000000000, 0.000000000000000000 ) ) ;
#3335 = CIRCLE ( 'NONE', #2003, 2.500000000000203393 ) ;
#3336 = AXIS2_PLACEMENT_3D ( 'NONE', #2254, #5751, #1682 ) ;
#3337 = AXIS2_PLACEMENT_3D ( 'NONE', #6490, #4088, #3599 ) ;
#3338 = AXIS2_PLACEMENT_3D ( 'NONE', #6274, #1626, #533 ) ;
#3339 = VECTOR ( 'NONE', #3867, 1000.000000000000000 ) ;
#3340 = CARTESIAN_POINT ( 'NONE',  ( -49.05211279288432280, 2.775557561562891351E-14, 8.043146253937216272 ) ) ;
#3341 = DIRECTION ( 'NONE',  ( 0.000000000000000000, -1.000000000000000000, 0.000000000000000000 ) ) ;
#3342 = ORIENTED_EDGE ( 'NONE', *, *, #5885, .T. ) ;
#3343 = DIRECTION ( 'NONE',  ( 0.000000000000000000, 1.000000000000000000, 0.000000000000000000 ) ) ;
#3344 = ORIENTED_EDGE ( 'NONE', *, *, #1925, .T. ) ;
#3345 = CIRCLE ( 'NONE', #4315, 2.500000000000204725 ) ;
#3346 = DIRECTION ( 'NONE',  ( 0.000000000000000000, 0.000000000000000000, -1.000000000000000000 ) ) ;
#3347 = AXIS2_PLACEMENT_3D ( 'NONE', #5241, #6494, #2466 ) ;
#3348 = AXIS2_PLACEMENT_3D ( 'NONE', #5310, #1735, #107 ) ;
#3349 = FACE_OUTER_BOUND ( 'NONE', #4319, .T. ) ;
#3350 = LINE ( 'NONE', #3460, #3580 ) ;
#3351 = ORIENTED_EDGE ( 'NONE', *, *, #5098, .T. ) ;
#3352 = CARTESIAN_POINT ( 'NONE',  ( -40.93019163982300768, -0.5000000000000004441, 31.54168413795495240 ) ) ;
#3353 = DIRECTION ( 'NONE',  ( 0.000000000000000000, 0.000000000000000000, 1.000000000000000000 ) ) ;
#3354 = VERTEX_POINT ( 'NONE', #7024 ) ;
#3355 = FACE_OUTER_BOUND ( 'NONE', #1135, .T. ) ;
#3356 = EDGE_CURVE ( 'NONE', #6650, #2118, #203, .T. ) ;
#3357 = CARTESIAN_POINT ( 'NONE',  ( 49.05211279288445780, -1.387778780781445676E-14, 10.19314625393647411 ) ) ;
#3358 = CYLINDRICAL_SURFACE ( 'NONE', #6136, 2.149999999999922640 ) ;
#3359 = FACE_BOUND ( 'NONE', #3249, .T. ) ;
#3360 = LINE ( 'NONE', #5146, #5033 ) ;
#3361 = VERTEX_POINT ( 'NONE', #2948 ) ;
#3362 = EDGE_CURVE ( 'NONE', #2118, #4768, #136, .T. ) ;
#3363 = ORIENTED_EDGE ( 'NONE', *, *, #5000, .T. ) ;
#3364 = ORIENTED_EDGE ( 'NONE', *, *, #542, .T. ) ;
#3365 = CALENDAR_DATE ( 2026, 26, 8 ) ;
#3366 = DIRECTION ( 'NONE',  ( 0.000000000000000000, 0.000000000000000000, -1.000000000000000000 ) ) ;
#3367 = ORIENTED_EDGE ( 'NONE', *, *, #5842, .F. ) ;
#3368 = CARTESIAN_POINT ( 'NONE',  ( -19.95989460129642978, 9.500000000000000000, 43.80228620542340678 ) ) ;
#3369 = CARTESIAN_POINT ( 'NONE',  ( -54.85923426176246664, 11.00000000000000000, -5.040228193700268200 ) ) ;
#3370 = VERTEX_POINT ( 'NONE', #102 ) ;
#3371 = CARTESIAN_POINT ( 'NONE',  ( -19.95989460129642978, 9.500000000000000000, 48.10228620542324762 ) ) ;
#3372 = EDGE_LOOP ( 'NONE', ( #2695, #1695, #2592, #2853 ) ) ;
#3373 = ADVANCED_FACE ( 'NONE', ( #63 ), #4116, .T. ) ;
#3374 = CARTESIAN_POINT ( 'NONE',  ( 0.000000000000000000, 11.00000000000000000, 0.000000000000000000 ) ) ;
#3375 = DIRECTION ( 'NONE',  ( 0.000000000000000000, -1.000000000000000000, 0.000000000000000000 ) ) ;
#3376 = DIRECTION ( 'NONE',  ( 0.000000000000000000, -1.000000000000000000, 0.000000000000000000 ) ) ;
#3377 = VERTEX_POINT ( 'NONE', #6912 ) ;
#3378 = CIRCLE ( 'NONE', #2776, 2.149999999999922640 ) ;
#3379 = CARTESIAN_POINT ( 'NONE',  ( -31.61750601073502764, 9.500000000000000000, 36.71313566429168418 ) ) ;
#3380 = ORIENTED_EDGE ( 'NONE', *, *, #5471, .F. ) ;
#3381 = FACE_OUTER_BOUND ( 'NONE', #6428, .T. ) ;
#3382 = CARTESIAN_POINT ( 'NONE',  ( 13.51681823496726231, -1.214306433183764966E-14, 46.09215609612471809 ) ) ;
#3383 = EDGE_CURVE ( 'NONE', #4353, #2654, #1694, .T. ) ;
#3384 = VECTOR ( 'NONE', #6776, 1000.000000000000000 ) ;
#3385 = DIRECTION ( 'NONE',  ( 8.659560562354985860E-17, -0.7071067811865432429, 0.7071067811865517916 ) ) ;
#3386 = ORIENTED_EDGE ( 'NONE', *, *, #7465, .F. ) ;
#3387 = DIRECTION ( 'NONE',  ( -0.000000000000000000, -1.000000000000000000, -0.000000000000000000 ) ) ;
#3388 = AXIS2_PLACEMENT_3D ( 'NONE', #4946, #1684, #2825 ) ;
#3389 = LINE ( 'NONE', #2217, #7484 ) ;
#3390 = AXIS2_PLACEMENT_3D ( 'NONE', #861, #2647, #4890 ) ;
#3391 = EDGE_LOOP ( 'NONE', ( #886, #4039 ) ) ;
#3392 = DIRECTION ( 'NONE',  ( 0.000000000000000000, 0.000000000000000000, 1.000000000000000000 ) ) ;
#3393 = CARTESIAN_POINT ( 'NONE',  ( 49.05211279288428017, -1.387778780781445676E-14, -10.19314625393749729 ) ) ;
#3394 = EDGE_CURVE ( 'NONE', #5526, #5747, #5761, .T. ) ;
#3395 = ADVANCED_FACE ( 'NONE', ( #2303 ), #4004, .T. ) ;
#3396 = DIRECTION ( 'NONE',  ( 0.000000000000000000, 0.000000000000000000, 1.000000000000000000 ) ) ;
#3397 = DIRECTION ( 'NONE',  ( 0.000000000000000000, 0.000000000000000000, -1.000000000000000000 ) ) ;
#3398 = LINE ( 'NONE', #5727, #5405 ) ;
#3399 = ORIENTED_EDGE ( 'NONE', *, *, #5923, .T. ) ;
#3400 = ORIENTED_EDGE ( 'NONE', *, *, #710, .F. ) ;
#3401 = CIRCLE ( 'NONE', #4370, 2.500000000000203393 ) ;
#3402 = ORIENTED_EDGE ( 'NONE', *, *, #7223, .T. ) ;
#3403 = EDGE_CURVE ( 'NONE', #7093, #3237, #1279, .T. ) ;
#3404 = DIRECTION ( 'NONE',  ( -0.000000000000000000, -1.000000000000000000, -0.000000000000000000 ) ) ;
#3405 = VERTEX_POINT ( 'NONE', #6336 ) ;
#3406 = DIRECTION ( 'NONE',  ( 0.000000000000000000, -1.000000000000000000, 0.000000000000000000 ) ) ;
#3407 = CARTESIAN_POINT ( 'NONE',  ( -49.98320533644600516, -1.214306433183764966E-14, 3.418944909570193147 ) ) ;
#3408 = VERTEX_POINT ( 'NONE', #1120 ) ;
#3409 = DIRECTION ( 'NONE',  ( 0.000000000000000000, 0.000000000000000000, 1.000000000000000000 ) ) ;
#3410 = EDGE_LOOP ( 'NONE', ( #6761, #3300 ) ) ;
#3411 = DIRECTION ( 'NONE',  ( 0.000000000000000000, -0.7071067811865430208, -0.7071067811865521247 ) ) ;
#3412 = AXIS2_PLACEMENT_3D ( 'NONE', #6607, #7109, #1901 ) ;
#3413 = EDGE_CURVE ( 'NONE', #3791, #1847, #562, .T. ) ;
#3414 = CARTESIAN_POINT ( 'NONE',  ( 6.821949119722316546, 9.500000000000000000, 49.63336589642008789 ) ) ;
#3415 = CARTESIAN_POINT ( 'NONE',  ( -44.48304944195891153, 9.500000000000000000, 23.04925839033091961 ) ) ;
#3416 = ORIENTED_EDGE ( 'NONE', *, *, #6956, .T. ) ;
#3417 = CARTESIAN_POINT ( 'NONE',  ( -19.95989460129642978, -1.387778780781445676E-14, 45.95228620542332720 ) ) ;
#3418 = VERTEX_POINT ( 'NONE', #7512 ) ;
#3419 = DIRECTION ( 'NONE',  ( 8.659560562354993255E-17, -0.7071067811865426878, 0.7071067811865524577 ) ) ;
#3420 = FACE_OUTER_BOUND ( 'NONE', #1252, .T. ) ;
#3421 = EDGE_CURVE ( 'NONE', #7389, #4507, #1043, .T. ) ;
#3422 = PLANE ( 'NONE',  #426 ) ;
#3423 = ADVANCED_FACE ( 'NONE', ( #4694 ), #4614, .T. ) ;
#3424 = EDGE_LOOP ( 'NONE', ( #6491, #4243, #4659, #6987 ) ) ;
#3425 = CARTESIAN_POINT ( 'NONE',  ( -44.48304944195906074, 9.500000000000000000, -25.19925839033053805 ) ) ;
#3426 = CARTESIAN_POINT ( 'NONE',  ( 52.09272677833285314, -0.5000000000000004441, 18.78133226898377472 ) ) ;
#3427 = CARTESIAN_POINT ( 'NONE',  ( 6.821949119722316546, 9.500000000000000000, 49.63336589642008789 ) ) ;
#3428 = EDGE_LOOP ( 'NONE', ( #4089, #3198, #7259, #3749 ) ) ;
#3429 = CARTESIAN_POINT ( 'NONE',  ( 19.95989460129706217, 9.500000000000000000, 45.95228620542303588 ) ) ;
#3430 = FACE_BOUND ( 'NONE', #1714, .T. ) ;
#3431 = DIRECTION ( 'NONE',  ( 8.659560562354994488E-17, -0.7071067811865425767, 0.7071067811865525687 ) ) ;
#3432 = ORIENTED_EDGE ( 'NONE', *, *, #3805, .T. ) ;
#3433 = ORIENTED_EDGE ( 'NONE', *, *, #3014, .F. ) ;
#3434 = VECTOR ( 'NONE', #130, 1000.000000000000000 ) ;
#3435 = CARTESIAN_POINT ( 'NONE',  ( -49.05211279288432280, 2.775557561562891351E-14, 10.19314625393714024 ) ) ;
#3436 = ORIENTED_EDGE ( 'NONE', *, *, #6818, .T. ) ;
#3437 = CARTESIAN_POINT ( 'NONE',  ( -19.95989460129642978, -1.387778780781445676E-14, 48.10228620542324762 ) ) ;
#3438 = CARTESIAN_POINT ( 'NONE',  ( -6.821949119721629096, -0.5000000000000004441, 49.63336589642023000 ) ) ;
#3439 = ORIENTED_EDGE ( 'NONE', *, *, #2221, .F. ) ;
#3440 = ORIENTED_EDGE ( 'NONE', *, *, #5568, .F. ) ;
#3441 = DIRECTION ( 'NONE',  ( 0.000000000000000000, 0.000000000000000000, 1.000000000000000000 ) ) ;
#3442 = EDGE_CURVE ( 'NONE', #3695, #4235, #3461, .T. ) ;
#3443 = CIRCLE ( 'NONE', #3323, 2.649999999999916422 ) ;
#3444 = AXIS2_PLACEMENT_3D ( 'NONE', #1204, #6534, #39 ) ;
#3445 = FACE_OUTER_BOUND ( 'NONE', #7323, .T. ) ;
#3446 = CIRCLE ( 'NONE', #3804, 2.149999999999922640 ) ;
#3447 = DIRECTION ( 'NONE',  ( 0.000000000000000000, 0.000000000000000000, -1.000000000000000000 ) ) ;
#3448 = VERTEX_POINT ( 'NONE', #4152 ) ;
#3449 = DIRECTION ( 'NONE',  ( 0.000000000000000000, 0.000000000000000000, -1.000000000000000000 ) ) ;
#3450 = ORIENTED_EDGE ( 'NONE', *, *, #1734, .T. ) ;
#3451 = AXIS2_PLACEMENT_3D ( 'NONE', #4306, #6749, #1378 ) ;
#3452 = FACE_OUTER_BOUND ( 'NONE', #1284, .T. ) ;
#3453 = AXIS2_PLACEMENT_3D ( 'NONE', #7049, #127, #4753 ) ;
#3454 = DIRECTION ( 'NONE',  ( 0.000000000000000000, -1.000000000000000000, 0.000000000000000000 ) ) ;
#3455 = AXIS2_PLACEMENT_3D ( 'NONE', #5645, #478, #3921 ) ;
#3456 = EDGE_CURVE ( 'NONE', #4235, #3695, #3104, .T. ) ;
#3457 = CIRCLE ( 'NONE', #2127, 2.500000000000204281 ) ;
#3458 = VECTOR ( 'NONE', #2244, 1000.000000000000000 ) ;
#3459 = CONICAL_SURFACE ( 'NONE', #199, 2.149999999999922640, 0.7853981633974543852 ) ;
#3460 = CARTESIAN_POINT ( 'NONE',  ( 0.000000000000000000, 9.500000000000000000, -52.24999999999992184 ) ) ;
#3461 = CIRCLE ( 'NONE', #4800, 2.149999999999922640 ) ;
#3462 = VECTOR ( 'NONE', #6537, 1000.000000000000000 ) ;
#3463 = AXIS2_PLACEMENT_3D ( 'NONE', #4314, #4846, #1456 ) ;
#3464 = ORIENTED_EDGE ( 'NONE', *, *, #2155, .T. ) ;
#3465 = FACE_OUTER_BOUND ( 'NONE', #1542, .T. ) ;
#3466 = CARTESIAN_POINT ( 'NONE',  ( 44.48304944195874100, 9.500000000000000000, -20.89925839033127986 ) ) ;
#3467 = CARTESIAN_POINT ( 'NONE',  ( -49.05211279288440807, -0.5000000000000004441, -7.543146253936885870 ) ) ;
#3468 = CARTESIAN_POINT ( 'NONE',  ( 39.95001788498536399, 11.00000000000000000, 38.34562160129052444 ) ) ;
#3469 = EDGE_CURVE ( 'NONE', #5417, #3405, #3345, .T. ) ;
#3470 = EDGE_CURVE ( 'NONE', #6286, #1295, #1520, .T. ) ;
#3471 = CONICAL_SURFACE ( 'NONE', #567, 2.149999999999922640, 0.7853981633974552734 ) ;
#3472 = DIRECTION ( 'NONE',  ( 0.000000000000000000, 1.000000000000000000, 0.000000000000000000 ) ) ;
#3473 = DIRECTION ( 'NONE',  ( 0.000000000000000000, 0.000000000000000000, 1.000000000000000000 ) ) ;
#3474 = FACE_BOUND ( 'NONE', #357, .T. ) ;
#3475 = DIRECTION ( 'NONE',  ( 0.000000000000000000, -1.000000000000000000, 0.000000000000000000 ) ) ;
#3476 = ORIENTED_EDGE ( 'NONE', *, *, #6755, .T. ) ;
#3477 = ORIENTED_EDGE ( 'NONE', *, *, #1254, .F. ) ;
#3478 = ADVANCED_FACE ( 'NONE', ( #6479 ), #6629, .F. ) ;
#3479 = PLANE ( 'NONE',  #966 ) ;
#3480 = ORIENTED_EDGE ( 'NONE', *, *, #2148, .F. ) ;
#3481 = CARTESIAN_POINT ( 'NONE',  ( -13.51681823496661572, 2.775557561562891351E-14, 48.24215609612481614 ) ) ;
#3482 = DIRECTION ( 'NONE',  ( -0.000000000000000000, -1.000000000000000000, -0.000000000000000000 ) ) ;
#3483 = ORIENTED_EDGE ( 'NONE', *, *, #592, .F. ) ;
#3484 = ORIENTED_EDGE ( 'NONE', *, *, #6210, .T. ) ;
#3485 = DIRECTION ( 'NONE',  ( 0.000000000000000000, 0.000000000000000000, 1.000000000000000000 ) ) ;
#3486 = ADVANCED_FACE ( 'NONE', ( #845 ), #4303, .F. ) ;
#3487 = DIRECTION ( 'NONE',  ( -0.000000000000000000, -1.000000000000000000, -0.000000000000000000 ) ) ;
#3488 = LINE ( 'NONE', #45, #2059 ) ;
#3489 = ORIENTED_EDGE ( 'NONE', *, *, #7083, .T. ) ;
#3490 = EDGE_CURVE ( 'NONE', #3781, #4737, #2030, .T. ) ;
#3491 = DIRECTION ( 'NONE',  ( 0.000000000000000000, -1.000000000000000000, 0.000000000000000000 ) ) ;
#3492 = ORIENTED_EDGE ( 'NONE', *, *, #4714, .T. ) ;
#3493 = DIRECTION ( 'NONE',  ( 0.000000000000000000, 0.000000000000000000, -1.000000000000000000 ) ) ;
#3494 = CARTESIAN_POINT ( 'NONE',  ( -47.20727219815295683, -1.214306433183764966E-14, -18.92746856976619796 ) ) ;
#3495 = AXIS2_PLACEMENT_3D ( 'NONE', #5793, #6473, #2901 ) ;
#3496 = CARTESIAN_POINT ( 'NONE',  ( 6.821949119722316546, -1.214306433183764966E-14, 47.48336589642016747 ) ) ;
#3497 = EDGE_CURVE ( 'NONE', #3032, #2402, #1309, .T. ) ;
#3498 = ORIENTED_EDGE ( 'NONE', *, *, #2109, .F. ) ;
#3499 = DIRECTION ( 'NONE',  ( -0.000000000000000000, -1.000000000000000000, -0.000000000000000000 ) ) ;
#3500 = FACE_OUTER_BOUND ( 'NONE', #6100, .T. ) ;
#3501 = FACE_OUTER_BOUND ( 'NONE', #1922, .T. ) ;
#3502 = AXIS2_PLACEMENT_3D ( 'NONE', #6506, #1216, #6467 ) ;
#3503 = DIRECTION ( 'NONE',  ( 0.000000000000000000, 0.000000000000000000, -1.000000000000000000 ) ) ;
#3504 = LINE ( 'NONE', #5948, #891 ) ;
#3505 = VECTOR ( 'NONE', #594, 1000.000000000000114 ) ;
#3506 = CIRCLE ( 'NONE', #240, 2.500000000000202949 ) ;
#3507 = EDGE_CURVE ( 'NONE', #985, #6308, #2499, .T. ) ;
#3508 = CARTESIAN_POINT ( 'NONE',  ( -44.48304944195891153, -1.387778780781445676E-14, 23.04925839033091961 ) ) ;
#3509 = DIRECTION ( 'NONE',  ( 0.000000000000000000, 0.000000000000000000, -1.000000000000000000 ) ) ;
#3510 = DIRECTION ( 'NONE',  ( -0.4067366430757883289, 0.000000000000000000, -0.9135454576426061957 ) ) ;
#3511 = VERTEX_POINT ( 'NONE', #813 ) ;
#3512 = ORIENTED_EDGE ( 'NONE', *, *, #1983, .F. ) ;
#3513 = VECTOR ( 'NONE', #6146, 1000.000000000000000 ) ;
#3514 = EDGE_CURVE ( 'NONE', #5715, #979, #3623, .T. ) ;
#3515 = LINE ( 'NONE', #599, #5951 ) ;
#3516 = EDGE_LOOP ( 'NONE', ( #4936, #2652 ) ) ;
#3517 = DIRECTION ( 'NONE',  ( 0.000000000000000000, -1.000000000000000000, 0.000000000000000000 ) ) ;
#3518 = EDGE_CURVE ( 'NONE', #3029, #6780, #5410, .T. ) ;
#3519 = CARTESIAN_POINT ( 'NONE',  ( -47.04951716605319234, 11.00000000000000000, -29.20160200128195882 ) ) ;
#3520 = AXIS2_PLACEMENT_3D ( 'NONE', #221, #3517, #2955 ) ;
#3521 = ORIENTED_EDGE ( 'NONE', *, *, #1372, .T. ) ;
#3522 = VERTEX_POINT ( 'NONE', #6057 ) ;
#3523 = CARTESIAN_POINT ( 'NONE',  ( -49.05211279288432280, 2.775557561562891351E-14, 10.19314625393714024 ) ) ;
#3524 = VECTOR ( 'NONE', #393, 1000.000000000000000 ) ;
#3525 = CARTESIAN_POINT ( 'NONE',  ( 26.03115589677558006, 9.500000000000000000, 40.65641216777893874 ) ) ;
#3526 = AXIS2_PLACEMENT_3D ( 'NONE', #5543, #133, #660 ) ;
#3527 = LINE ( 'NONE', #5853, #3628 ) ;
#3528 = ORIENTED_EDGE ( 'NONE', *, *, #4025, .F. ) ;
#3529 = PRODUCT_RELATED_PRODUCT_CATEGORY ( 'detail', '', ( #6284 ) ) ;
#3530 = FACE_OUTER_BOUND ( 'NONE', #4014, .T. ) ;
#3531 = EDGE_LOOP ( 'NONE', ( #6833, #3044, #1863, #2544 ) ) ;
#3532 = DIRECTION ( 'NONE',  ( 0.000000000000000000, 0.000000000000000000, -1.000000000000000000 ) ) ;
#3533 = ORIENTED_EDGE ( 'NONE', *, *, #6779, .F. ) ;
#3534 = DIRECTION ( 'NONE',  ( 0.000000000000000000, 0.000000000000000000, -1.000000000000000000 ) ) ;
#3535 = VECTOR ( 'NONE', #2806, 1000.000000000000000 ) ;
#3536 = DIRECTION ( 'NONE',  ( -0.000000000000000000, -1.000000000000000000, -0.000000000000000000 ) ) ;
#3537 = EDGE_LOOP ( 'NONE', ( #2034, #7324 ) ) ;
#3538 = EDGE_CURVE ( 'NONE', #4467, #2798, #4921, .T. ) ;
#3539 = LINE ( 'NONE', #5330, #7395 ) ;
#3540 = CARTESIAN_POINT ( 'NONE',  ( -6.821949119721967492, 9.500000000000000000, -49.63336589642018026 ) ) ;
#3541 = FACE_OUTER_BOUND ( 'NONE', #5113, .T. ) ;
#3542 = EDGE_CURVE ( 'NONE', #4040, #6047, #3162, .T. ) ;
#3543 = CARTESIAN_POINT ( 'NONE',  ( 0.000000000000000000, 0.9999999999999995559, 0.000000000000000000 ) ) ;
#3544 = CARTESIAN_POINT ( 'NONE',  ( 44.48304944195920996, -1.214306433183764966E-14, 20.89925839033038812 ) ) ;
#3545 = FACE_BOUND ( 'NONE', #4354, .T. ) ;
#3546 = CARTESIAN_POINT ( 'NONE',  ( 3.498464301520819496E-13, -1.214306433183764966E-14, 50.10000000000000142 ) ) ;
#3547 = ORIENTED_EDGE ( 'NONE', *, *, #3297, .T. ) ;
#3548 = DIRECTION ( 'NONE',  ( 0.000000000000000000, -1.000000000000000000, 0.000000000000000000 ) ) ;
#3549 = ORIENTED_EDGE ( 'NONE', *, *, #3177, .F. ) ;
#3550 = EDGE_CURVE ( 'NONE', #1424, #933, #215, .T. ) ;
#3551 = CARTESIAN_POINT ( 'NONE',  ( -49.05211279288440807, -0.5000000000000004441, -10.19314625393680274 ) ) ;
#3552 = EDGE_LOOP ( 'NONE', ( #6241, #79, #6395, #3268 ) ) ;
#3553 = DIRECTION ( 'NONE',  ( -0.000000000000000000, -1.000000000000000000, -0.000000000000000000 ) ) ;
#3554 = CARTESIAN_POINT ( 'NONE',  ( -6.821949119721967492, 9.500000000000000000, -51.78336589642010068 ) ) ;
#3555 = ORIENTED_EDGE ( 'NONE', *, *, #1154, .F. ) ;
#3556 = ORIENTED_EDGE ( 'NONE', *, *, #1335, .F. ) ;
#3557 = CARTESIAN_POINT ( 'NONE',  ( 49.98320533644598385, 9.500000000000000000, -3.418944909570555968 ) ) ;
#3558 = EDGE_CURVE ( 'NONE', #2352, #5854, #2133, .T. ) ;
#3559 = EDGE_CURVE ( 'NONE', #4538, #4712, #1654, .T. ) ;
#3560 = DIRECTION ( 'NONE',  ( 0.000000000000000000, 0.000000000000000000, -1.000000000000000000 ) ) ;
#3561 = FACE_OUTER_BOUND ( 'NONE', #4291, .T. ) ;
#3562 = ORIENTED_EDGE ( 'NONE', *, *, #2844, .F. ) ;
#3563 = FACE_OUTER_BOUND ( 'NONE', #2231, .T. ) ;
#3564 = VERTEX_POINT ( 'NONE', #5447 ) ;
#3565 = DIRECTION ( 'NONE',  ( 0.000000000000000000, 0.000000000000000000, 1.000000000000000000 ) ) ;
#3566 = ORIENTED_EDGE ( 'NONE', *, *, #7249, .F. ) ;
#3567 = CARTESIAN_POINT ( 'NONE',  ( -1.764570581285847650, 11.00000000000000000, 52.84687810223487503 ) ) ;
#3568 = CIRCLE ( 'NONE', #4164, 2.500000000000203393 ) ;
#3569 = AXIS2_PLACEMENT_3D ( 'NONE', #148, #4623, #5272 ) ;
#3570 = AXIS2_PLACEMENT_3D ( 'NONE', #6202, #5132, #5628 ) ;
#3571 = CIRCLE ( 'NONE', #3927, 2.149999999999922640 ) ;
#3572 = CARTESIAN_POINT ( 'NONE',  ( 49.05211279288428017, 9.500000000000000000, -10.19314625393749729 ) ) ;
#3573 = ORIENTED_EDGE ( 'NONE', *, *, #4348, .F. ) ;
#3574 = AXIS2_PLACEMENT_3D ( 'NONE', #571, #4047, #2886 ) ;
#3575 = CARTESIAN_POINT ( 'NONE',  ( -36.61488181033384137, 9.500000000000000000, 36.34591247525469271 ) ) ;
#3576 = CIRCLE ( 'NONE', #1028, 39.99999999999999289 ) ;
#3577 = AXIS2_PLACEMENT_3D ( 'NONE', #6044, #898, #337 ) ;
#3578 = DIRECTION ( 'NONE',  ( 0.000000000000000000, 0.000000000000000000, 1.000000000000000000 ) ) ;
#3579 = CIRCLE ( 'NONE', #6990, 2.149999999999922640 ) ;
#3580 = VECTOR ( 'NONE', #3957, 1000.000000000000000 ) ;
#3581 = AXIS2_PLACEMENT_3D ( 'NONE', #4331, #7301, #1403 ) ;
#3582 = DIRECTION ( 'NONE',  ( 0.000000000000000000, 0.000000000000000000, -1.000000000000000000 ) ) ;
#3583 = DIRECTION ( 'NONE',  ( -0.000000000000000000, -1.000000000000000000, -0.000000000000000000 ) ) ;
#3584 = ADVANCED_FACE ( 'NONE', ( #3195 ), #4806, .F. ) ;
#3585 = FACE_OUTER_BOUND ( 'NONE', #613, .T. ) ;
#3586 = DIRECTION ( 'NONE',  ( 0.000000000000000000, -1.000000000000000000, 0.000000000000000000 ) ) ;
#3587 = ORIENTED_EDGE ( 'NONE', *, *, #4511, .T. ) ;
#3588 = CARTESIAN_POINT ( 'NONE',  ( 0.000000000000000000, -0.5000000000000004441, -50.10000000000000142 ) ) ;
#3589 = AXIS2_PLACEMENT_3D ( 'NONE', #1730, #3475, #31 ) ;
#3590 = VECTOR ( 'NONE', #6460, 1000.000000000000000 ) ;
#3591 = ORIENTED_EDGE ( 'NONE', *, *, #1064, .F. ) ;
#3592 = AXIS2_PLACEMENT_3D ( 'NONE', #7176, #7207, #883 ) ;
#3593 = ORIENTED_EDGE ( 'NONE', *, *, #1124, .T. ) ;
#3594 = CIRCLE ( 'NONE', #327, 2.149999999999922640 ) ;
#3595 = CARTESIAN_POINT ( 'NONE',  ( -6.821949119721967492, -1.387778780781445676E-14, -49.63336589642018026 ) ) ;
#3596 = ORIENTED_EDGE ( 'NONE', *, *, #2395, .T. ) ;
#3597 = EDGE_CURVE ( 'NONE', #2688, #5708, #2622, .T. ) ;
#3598 = CYLINDRICAL_SURFACE ( 'NONE', #6684, 45.10000000000000142 ) ;
#3599 = DIRECTION ( 'NONE',  ( 0.000000000000000000, 0.000000000000000000, -1.000000000000000000 ) ) ;
#3600 = EDGE_LOOP ( 'NONE', ( #2523, #5375, #564, #4951 ) ) ;
#3601 = VERTEX_POINT ( 'NONE', #1878 ) ;
#3602 = DIRECTION ( 'NONE',  ( 0.000000000000000000, -1.000000000000000000, 0.000000000000000000 ) ) ;
#3603 = PLANE ( 'NONE',  #6819 ) ;
#3604 = CARTESIAN_POINT ( 'NONE',  ( -47.20727219815284315, -1.387778780781445676E-14, 16.77746856976660439 ) ) ;
#3605 = ORIENTED_EDGE ( 'NONE', *, *, #2993, .T. ) ;
#3606 = DIRECTION ( 'NONE',  ( 0.000000000000000000, -1.000000000000000000, 0.000000000000000000 ) ) ;
#3607 = ORIENTED_EDGE ( 'NONE', *, *, #3107, .T. ) ;
#3608 = EDGE_CURVE ( 'NONE', #7069, #6060, #5954, .T. ) ;
#3609 = DIRECTION ( 'NONE',  ( 0.000000000000000000, 0.000000000000000000, -1.000000000000000000 ) ) ;
#3610 = VERTEX_POINT ( 'NONE', #1345 ) ;
#3611 = CYLINDRICAL_SURFACE ( 'NONE', #5513, 2.149999999999922640 ) ;
#3612 = CARTESIAN_POINT ( 'NONE',  ( -26.03115589677498676, -0.5000000000000004441, 45.45641216777913485 ) ) ;
#3613 = ORIENTED_EDGE ( 'NONE', *, *, #3542, .F. ) ;
#3614 = CARTESIAN_POINT ( 'NONE',  ( -44.48304944195906074, -0.5000000000000004441, -23.04925839033061408 ) ) ;
#3615 = ADVANCED_FACE ( 'NONE', ( #4232 ), #4559, .F. ) ;
#3616 = CARTESIAN_POINT ( 'NONE',  ( -13.51681823496661572, 9.500000000000000000, 50.39215609612474367 ) ) ;
#3617 = AXIS2_PLACEMENT_3D ( 'NONE', #1947, #4871, #1440 ) ;
#3618 = CYLINDRICAL_SURFACE ( 'NONE', #4133, 2.149999999999922640 ) ;
#3619 = CARTESIAN_POINT ( 'NONE',  ( -31.10451112088840731, -0.5000000000000004441, -48.31375353461617550 ) ) ;
#3620 = FACE_BOUND ( 'NONE', #409, .T. ) ;
#3621 = AXIS2_PLACEMENT_3D ( 'NONE', #5440, #2660, #2092 ) ;
#3622 = EDGE_CURVE ( 'NONE', #734, #218, #1774, .T. ) ;
#3623 = LINE ( 'NONE', #5522, #5292 ) ;
#3624 = EDGE_LOOP ( 'NONE', ( #1062, #6955 ) ) ;
#3625 = CARTESIAN_POINT ( 'NONE',  ( -44.48304944195906074, 9.500000000000000000, -23.04925839033061408 ) ) ;
#3626 = ORIENTED_EDGE ( 'NONE', *, *, #2386, .F. ) ;
#3627 = ADVANCED_FACE ( 'NONE', ( #6595 ), #1376, .F. ) ;
#3628 = VECTOR ( 'NONE', #1247, 1000.000000000000000 ) ;
#3629 = CARTESIAN_POINT ( 'NONE',  ( 47.20727219815306341, -1.561251128379126385E-14, 16.77746856976595780 ) ) ;
#3630 = VERTEX_POINT ( 'NONE', #6208 ) ;
#3631 = FACE_OUTER_BOUND ( 'NONE', #648, .T. ) ;
#3632 = CARTESIAN_POINT ( 'NONE',  ( -53.18329137311566512, 11.00000000000000000, 12.92491956939427844 ) ) ;
#3633 = ORIENTED_EDGE ( 'NONE', *, *, #2916, .T. ) ;
#3634 = EDGE_CURVE ( 'NONE', #6582, #727, #1485, .T. ) ;
#3635 = VERTEX_POINT ( 'NONE', #7392 ) ;
#3636 = CIRCLE ( 'NONE', #4964, 2.500000000000206057 ) ;
#3637 = AXIS2_PLACEMENT_3D ( 'NONE', #1812, #4732, #6379 ) ;
#3638 = PLANE ( 'NONE',  #5909 ) ;
#3639 = EDGE_CURVE ( 'NONE', #856, #3635, #3213, .T. ) ;
#3640 = CARTESIAN_POINT ( 'NONE',  ( 36.61488181033361400, 9.500000000000000000, -34.19591247525498545 ) ) ;
#3641 = DIRECTION ( 'NONE',  ( -0.000000000000000000, -1.000000000000000000, 0.000000000000000000 ) ) ;
#3642 = ORIENTED_EDGE ( 'NONE', *, *, #7296, .F. ) ;
#3643 = DIRECTION ( 'NONE',  ( 0.000000000000000000, 0.000000000000000000, -1.000000000000000000 ) ) ;
#3644 = ORIENTED_EDGE ( 'NONE', *, *, #6726, .F. ) ;
#3645 = DIRECTION ( 'NONE',  ( -0.000000000000000000, -1.000000000000000000, -0.000000000000000000 ) ) ;
#3646 = ORIENTED_EDGE ( 'NONE', *, *, #4970, .T. ) ;
#3647 = CARTESIAN_POINT ( 'NONE',  ( 19.95989460129610649, 9.500000000000000000, -48.10228620542337552 ) ) ;
#3648 = AXIS2_PLACEMENT_3D ( 'NONE', #1851, #6533, #1317 ) ;
#3649 = EDGE_CURVE ( 'NONE', #3903, #4005, #996, .T. ) ;
#3650 = CONICAL_SURFACE ( 'NONE', #373, 2.149999999999922640, 0.7853981633974557175 ) ;
#3651 = DIRECTION ( 'NONE',  ( 0.000000000000000000, -1.000000000000000000, 0.000000000000000000 ) ) ;
#3652 = AXIS2_PLACEMENT_3D ( 'NONE', #1514, #1099, #1066 ) ;
#3653 = ORIENTED_EDGE ( 'NONE', *, *, #5098, .F. ) ;
#3654 = CARTESIAN_POINT ( 'NONE',  ( 19.95989460129706217, 9.500000000000000000, 45.95228620542303588 ) ) ;
#3655 = DIRECTION ( 'NONE',  ( -0.000000000000000000, -1.000000000000000000, -0.000000000000000000 ) ) ;
#3656 = EDGE_CURVE ( 'NONE', #2314, #5684, #3224, .T. ) ;
#3657 = ADVANCED_FACE ( 'NONE', ( #469 ), #2788, .F. ) ;
#3658 = DIRECTION ( 'NONE',  ( 0.000000000000000000, -1.000000000000000000, 0.000000000000000000 ) ) ;
#3659 = FACE_OUTER_BOUND ( 'NONE', #2398, .T. ) ;
#3660 = DIRECTION ( 'NONE',  ( -0.000000000000000000, -1.000000000000000000, -0.000000000000000000 ) ) ;
#3661 = DIRECTION ( 'NONE',  ( 0.000000000000000000, 0.000000000000000000, -1.000000000000000000 ) ) ;
#3662 = ORIENTED_EDGE ( 'NONE', *, *, #6237, .F. ) ;
#3663 = CARTESIAN_POINT ( 'NONE',  ( 36.61488181033430322, -0.5000000000000004441, 34.19591247525423228 ) ) ;
#3664 = ORIENTED_EDGE ( 'NONE', *, *, #965, .T. ) ;
#3665 = EDGE_CURVE ( 'NONE', #5809, #283, #5102, .T. ) ;
#3666 = DIRECTION ( 'NONE',  ( 0.000000000000000000, -1.000000000000000000, 0.000000000000000000 ) ) ;
#3667 = FACE_OUTER_BOUND ( 'NONE', #4480, .T. ) ;
#3668 = DIRECTION ( 'NONE',  ( 0.000000000000000000, 0.000000000000000000, -1.000000000000000000 ) ) ;
#3669 = ORIENTED_EDGE ( 'NONE', *, *, #3089, .F. ) ;
#3670 = ORIENTED_EDGE ( 'NONE', *, *, #1065, .F. ) ;
#3671 = DIRECTION ( 'NONE',  ( 0.000000000000000000, 1.000000000000000000, 0.000000000000000000 ) ) ;
#3672 = CARTESIAN_POINT ( 'NONE',  ( -1.764570581285847650, 11.00000000000000000, 55.34687810223507398 ) ) ;
#3673 = ORIENTED_EDGE ( 'NONE', *, *, #5497, .T. ) ;
#3674 = DIRECTION ( 'NONE',  ( 0.000000000000000000, 0.000000000000000000, -1.000000000000000000 ) ) ;
#3675 = ORIENTED_EDGE ( 'NONE', *, *, #7036, .F. ) ;
#3676 = EDGE_CURVE ( 'NONE', #5465, #2840, #3389, .T. ) ;
#3677 = CARTESIAN_POINT ( 'NONE',  ( 36.61488181033361400, -0.5000000000000004441, -34.19591247525498545 ) ) ;
#3678 = ORIENTED_EDGE ( 'NONE', *, *, #1246, .F. ) ;
#3679 = LINE ( 'NONE', #868, #5773 ) ;
#3680 = FACE_OUTER_BOUND ( 'NONE', #3531, .T. ) ;
#3681 = ORIENTED_EDGE ( 'NONE', *, *, #4449, .T. ) ;
#3682 = AXIS2_PLACEMENT_3D ( 'NONE', #1800, #57, #2369 ) ;
#3683 = CIRCLE ( 'NONE', #6487, 2.149999999999915978 ) ;
#3684 = ADVANCED_FACE ( 'NONE', ( #3799 ), #7315, .F. ) ;
#3685 = FACE_OUTER_BOUND ( 'NONE', #1613, .T. ) ;
#3686 = CYLINDRICAL_SURFACE ( 'NONE', #7096, 2.149999999999922196 ) ;
#3687 = AXIS2_PLACEMENT_3D ( 'NONE', #2579, #4253, #4935 ) ;
#3688 = VECTOR ( 'NONE', #909, 1000.000000000000000 ) ;
#3689 = CARTESIAN_POINT ( 'NONE',  ( -36.61488181033384137, -1.561251128379126385E-14, 34.19591247525476518 ) ) ;
#3690 = AXIS2_PLACEMENT_3D ( 'NONE', #5501, #296, #4932 ) ;
#3691 = AXIS2_PLACEMENT_3D ( 'NONE', #1864, #6509, #730 ) ;
#3692 = DIRECTION ( 'NONE',  ( 0.000000000000000000, 0.000000000000000000, -1.000000000000000000 ) ) ;
#3693 = CARTESIAN_POINT ( 'NONE',  ( 19.95989460129706217, -0.5000000000000004441, 45.95228620542303588 ) ) ;
#3694 = DIRECTION ( 'NONE',  ( 0.000000000000000000, 0.000000000000000000, -1.000000000000000000 ) ) ;
#3695 = VERTEX_POINT ( 'NONE', #3960 ) ;
#3696 = ADVANCED_FACE ( 'NONE', ( #4490 ), #917, .F. ) ;
#3697 = AXIS2_PLACEMENT_3D ( 'NONE', #5306, #104, #2417 ) ;
#3698 = DIRECTION ( 'NONE',  ( 0.000000000000000000, 0.000000000000000000, -1.000000000000000000 ) ) ;
#3699 = ORIENTED_EDGE ( 'NONE', *, *, #945, .F. ) ;
#3700 = CIRCLE ( 'NONE', #3941, 2.149999999999922640 ) ;
#3701 = AXIS2_PLACEMENT_3D ( 'NONE', #2530, #1318, #4352 ) ;
#3702 = CIRCLE ( 'NONE', #6019, 2.500000000000203393 ) ;
#3703 = DIRECTION ( 'NONE',  ( 0.000000000000000000, -1.000000000000000000, 0.000000000000000000 ) ) ;
#3704 = CIRCLE ( 'NONE', #7238, 2.149999999999922640 ) ;
#3705 = DIRECTION ( 'NONE',  ( 0.000000000000000000, -1.000000000000000000, 0.000000000000000000 ) ) ;
#3706 = AXIS2_PLACEMENT_3D ( 'NONE', #5620, #412, #4473 ) ;
#3707 = VECTOR ( 'NONE', #4420, 1000.000000000000000 ) ;
#3708 = CARTESIAN_POINT ( 'NONE',  ( -31.61750601073530476, 9.500000000000000000, -36.71313566429147812 ) ) ;
#3709 = EDGE_LOOP ( 'NONE', ( #2392, #3064 ) ) ;
#3710 = EDGE_LOOP ( 'NONE', ( #3699, #3076, #6834, #7447 ) ) ;
#3711 = PERSON_AND_ORGANIZATION ( #4236, #439 ) ;
#3712 = AXIS2_PLACEMENT_3D ( 'NONE', #346, #3230, #1876 ) ;
#3713 = DIRECTION ( 'NONE',  ( 0.000000000000000000, 0.000000000000000000, -1.000000000000000000 ) ) ;
#3714 = DIRECTION ( 'NONE',  ( 0.000000000000000000, 0.000000000000000000, 1.000000000000000000 ) ) ;
#3715 = VERTEX_POINT ( 'NONE', #355 ) ;
#3716 = DIRECTION ( 'NONE',  ( 0.000000000000000000, -1.000000000000000000, 0.000000000000000000 ) ) ;
#3717 = VERTEX_POINT ( 'NONE', #6823 ) ;
#3718 = DIRECTION ( 'NONE',  ( 0.000000000000000000, -1.000000000000000000, 0.000000000000000000 ) ) ;
#3719 = EDGE_LOOP ( 'NONE', ( #6932, #4899, #3380, #961 ) ) ;
#3720 = EDGE_CURVE ( 'NONE', #3610, #3724, #4412, .T. ) ;
#3721 = DIRECTION ( 'NONE',  ( 0.000000000000000000, -1.000000000000000000, 0.000000000000000000 ) ) ;
#3722 = ADVANCED_FACE ( 'NONE', ( #2143 ), #6204, .F. ) ;
#3723 = CARTESIAN_POINT ( 'NONE',  ( -47.20727219815295683, 9.500000000000000000, -14.62746856976635357 ) ) ;
#3724 = VERTEX_POINT ( 'NONE', #3840 ) ;
#3725 = CARTESIAN_POINT ( 'NONE',  ( 49.05211279288428017, 9.500000000000000000, -12.34314625393742126 ) ) ;
#3726 = DIRECTION ( 'NONE',  ( 0.000000000000000000, 0.000000000000000000, -1.000000000000000000 ) ) ;
#3727 = ADVANCED_FACE ( 'NONE', ( #2635 ), #4374, .F. ) ;
#3728 = DIRECTION ( 'NONE',  ( -0.000000000000000000, -1.000000000000000000, -0.000000000000000000 ) ) ;
#3729 = DIRECTION ( 'NONE',  ( 8.659560562354995721E-17, -0.7071067811865422437, 0.7071067811865526798 ) ) ;
#3730 = DIRECTION ( 'NONE',  ( 0.000000000000000000, -1.000000000000000000, 0.000000000000000000 ) ) ;
#3731 = VERTEX_POINT ( 'NONE', #4988 ) ;
#3732 = DIRECTION ( 'NONE',  ( 0.000000000000000000, 0.000000000000000000, 1.000000000000000000 ) ) ;
#3733 = ORIENTED_EDGE ( 'NONE', *, *, #95, .F. ) ;
#3734 = EDGE_CURVE ( 'NONE', #6783, #5351, #2193, .T. ) ;
#3735 = CIRCLE ( 'NONE', #3495, 2.649999999999916422 ) ;
#3736 = LINE ( 'NONE', #1489, #4561 ) ;
#3737 = DIRECTION ( 'NONE',  ( 0.000000000000000000, -1.000000000000000000, 0.000000000000000000 ) ) ;
#3738 = CARTESIAN_POINT ( 'NONE',  ( 31.61750601073556766, -0.5000000000000004441, 38.86313566429116406 ) ) ;
#3739 = EDGE_LOOP ( 'NONE', ( #6964, #155 ) ) ;
#3740 = EDGE_LOOP ( 'NONE', ( #4206, #5590, #1648, #2153 ) ) ;
#3741 = AXIS2_PLACEMENT_3D ( 'NONE', #1071, #6852, #1680 ) ;
#3742 = EDGE_CURVE ( 'NONE', #5417, #4203, #7355, .T. ) ;
#3743 = DIRECTION ( 'NONE',  ( 0.000000000000000000, 0.000000000000000000, 1.000000000000000000 ) ) ;
#3744 = EDGE_CURVE ( 'NONE', #1167, #6652, #2704, .T. ) ;
#3745 = CARTESIAN_POINT ( 'NONE',  ( 19.95989460129706217, -1.214306433183764966E-14, 48.10228620542295630 ) ) ;
#3746 = ORIENTED_EDGE ( 'NONE', *, *, #676, .T. ) ;
#3747 = CIRCLE ( 'NONE', #7048, 2.649999999999916422 ) ;
#3748 = CARTESIAN_POINT ( 'NONE',  ( -26.03115589677527097, -0.5000000000000004441, -40.15641216777912348 ) ) ;
#3749 = ORIENTED_EDGE ( 'NONE', *, *, #7516, .F. ) ;
#3750 = CARTESIAN_POINT ( 'NONE',  ( 49.05211279288445780, 9.500000000000000000, 12.34314625393639808 ) ) ;
#3751 = ORIENTED_EDGE ( 'NONE', *, *, #1696, .T. ) ;
#3752 = CARTESIAN_POINT ( 'NONE',  ( -44.48304944195891153, -1.387778780781445676E-14, 20.89925839033099564 ) ) ;
#3753 = ORIENTED_EDGE ( 'NONE', *, *, #1372, .F. ) ;
#3754 = EDGE_CURVE ( 'NONE', #208, #4893, #2934, .T. ) ;
#3755 = FACE_OUTER_BOUND ( 'NONE', #611, .T. ) ;
#3756 = ORIENTED_EDGE ( 'NONE', *, *, #71, .F. ) ;
#3757 = DIRECTION ( 'NONE',  ( 0.000000000000000000, -0.7071067811865430208, -0.7071067811865521247 ) ) ;
#3758 = CIRCLE ( 'NONE', #7054, 2.149999999999922640 ) ;
#3759 = DIRECTION ( 'NONE',  ( 0.000000000000000000, -0.000000000000000000, -1.000000000000000000 ) ) ;
#3760 = AXIS2_PLACEMENT_3D ( 'NONE', #6727, #6311, #3945 ) ;
#3761 = EDGE_CURVE ( 'NONE', #2702, #2305, #5794, .T. ) ;
#3762 = DIRECTION ( 'NONE',  ( 0.000000000000000000, 0.000000000000000000, -1.000000000000000000 ) ) ;
#3763 = AXIS2_PLACEMENT_3D ( 'NONE', #7406, #6717, #973 ) ;
#3764 = ORIENTED_EDGE ( 'NONE', *, *, #3934, .F. ) ;
#3765 = DIRECTION ( 'NONE',  ( 0.000000000000000000, -1.000000000000000000, 0.000000000000000000 ) ) ;
#3766 = DIRECTION ( 'NONE',  ( 8.659560562354985860E-17, -0.7071067811865432429, 0.7071067811865517916 ) ) ;
#3767 = ORIENTED_EDGE ( 'NONE', *, *, #2779, .F. ) ;
#3768 = DIRECTION ( 'NONE',  ( 0.000000000000000000, 0.000000000000000000, -1.000000000000000000 ) ) ;
#3769 = ADVANCED_FACE ( 'NONE', ( #23 ), #2902, .F. ) ;
#3770 = ORIENTED_EDGE ( 'NONE', *, *, #1519, .T. ) ;
#3771 = CIRCLE ( 'NONE', #2564, 2.149999999999924416 ) ;
#3772 = DIRECTION ( 'NONE',  ( 0.000000000000000000, 0.000000000000000000, 1.000000000000000000 ) ) ;
#3773 = CARTESIAN_POINT ( 'NONE',  ( -47.20727219815284315, 9.500000000000000000, 16.77746856976660439 ) ) ;
#3774 = LINE ( 'NONE', #1384, #4676 ) ;
#3775 = ORIENTED_EDGE ( 'NONE', *, *, #2665, .F. ) ;
#3776 = EDGE_CURVE ( 'NONE', #712, #3001, #5828, .T. ) ;
#3777 = ORIENTED_EDGE ( 'NONE', *, *, #5923, .F. ) ;
#3778 = LINE ( 'NONE', #7183, #6752 ) ;
#3779 = DIRECTION ( 'NONE',  ( -0.000000000000000000, -1.000000000000000000, -0.000000000000000000 ) ) ;
#3780 = CARTESIAN_POINT ( 'NONE',  ( -31.10451112088840731, 11.00000000000000000, -43.31375353461577049 ) ) ;
#3781 = VERTEX_POINT ( 'NONE', #6404 ) ;
#3782 = DIRECTION ( 'NONE',  ( 0.000000000000000000, -1.000000000000000000, 0.000000000000000000 ) ) ;
#3783 = ORIENTED_EDGE ( 'NONE', *, *, #18, .T. ) ;
#3784 = LINE ( 'NONE', #6076, #1633 ) ;
#3785 = EDGE_LOOP ( 'NONE', ( #6413, #7289 ) ) ;
#3786 = ADVANCED_FACE ( 'NONE', ( #56 ), #2073, .F. ) ;
#3787 = CYLINDRICAL_SURFACE ( 'NONE', #5289, 2.500000000000203393 ) ;
#3788 = ORIENTED_EDGE ( 'NONE', *, *, #5758, .T. ) ;
#3789 = EDGE_CURVE ( 'NONE', #7269, #2748, #3884, .T. ) ;
#3790 = FACE_OUTER_BOUND ( 'NONE', #188, .T. ) ;
#3791 = VERTEX_POINT ( 'NONE', #5138 ) ;
#3792 = DIRECTION ( 'NONE',  ( 0.000000000000000000, 0.000000000000000000, 1.000000000000000000 ) ) ;
#3793 = CARTESIAN_POINT ( 'NONE',  ( -40.93019163982300768, -0.5000000000000004441, 28.89168413795503554 ) ) ;
#3794 = EDGE_CURVE ( 'NONE', #2160, #1854, #1959, .T. ) ;
#3795 = AXIS2_PLACEMENT_3D ( 'NONE', #5557, #874, #3271 ) ;
#3796 = CARTESIAN_POINT ( 'NONE',  ( 0.000000000000000000, 0.9999999999999995559, -39.99999999999999289 ) ) ;
#3797 = VERTEX_POINT ( 'NONE', #588 ) ;
#3798 = LINE ( 'NONE', #2063, #4844 ) ;
#3799 = FACE_OUTER_BOUND ( 'NONE', #4358, .T. ) ;
#3800 = EDGE_LOOP ( 'NONE', ( #7135, #2101, #3854, #3284 ) ) ;
#3801 = CARTESIAN_POINT ( 'NONE',  ( -31.61750601073530476, 9.500000000000000000, -38.86313566429139144 ) ) ;
#3802 = ORIENTED_EDGE ( 'NONE', *, *, #4348, .T. ) ;
#3803 = AXIS2_PLACEMENT_3D ( 'NONE', #5973, #762, #3077 ) ;
#3804 = AXIS2_PLACEMENT_3D ( 'NONE', #2820, #6319, #541 ) ;
#3805 = EDGE_CURVE ( 'NONE', #4772, #3354, #7422, .T. ) ;
#3806 = AXIS2_PLACEMENT_3D ( 'NONE', #2066, #4414, #3732 ) ;
#3807 = CYLINDRICAL_SURFACE ( 'NONE', #7361, 2.149999999999922640 ) ;
#3808 = DIRECTION ( 'NONE',  ( 0.000000000000000000, 0.000000000000000000, -1.000000000000000000 ) ) ;
#3809 = DIRECTION ( 'NONE',  ( 0.000000000000000000, -1.000000000000000000, 0.000000000000000000 ) ) ;
#3810 = AXIS2_PLACEMENT_3D ( 'NONE', #383, #5622, #4477 ) ;
#3811 = ORIENTED_EDGE ( 'NONE', *, *, #1734, .F. ) ;
#3812 = CIRCLE ( 'NONE', #304, 2.149999999999922640 ) ;
#3813 = VECTOR ( 'NONE', #342, 1000.000000000000000 ) ;
#3814 = ORIENTED_EDGE ( 'NONE', *, *, #5376, .T. ) ;
#3815 = CIRCLE ( 'NONE', #6126, 2.149999999999922196 ) ;
#3816 = AXIS2_PLACEMENT_3D ( 'NONE', #3127, #1987, #3694 ) ;
#3817 = ADVANCED_FACE ( 'NONE', ( #3500 ), #5718, .T. ) ;
#3818 = DIRECTION ( 'NONE',  ( 0.000000000000000000, 0.000000000000000000, -1.000000000000000000 ) ) ;
#3819 = LOCAL_TIME ( 9, 54, 9.000000000000000000, #4389 ) ;
#3820 = VECTOR ( 'NONE', #1889, 1000.000000000000000 ) ;
#3821 = CARTESIAN_POINT ( 'NONE',  ( -53.18329137311566512, 11.00000000000000000, 17.92491956939468523 ) ) ;
#3822 = ORIENTED_EDGE ( 'NONE', *, *, #7425, .F. ) ;
#3823 = DIRECTION ( 'NONE',  ( -0.000000000000000000, -1.000000000000000000, -0.000000000000000000 ) ) ;
#3824 = EDGE_LOOP ( 'NONE', ( #4403, #5672 ) ) ;
#3825 = DIRECTION ( 'NONE',  ( 0.000000000000000000, -0.000000000000000000, -1.000000000000000000 ) ) ;
#3826 = ORIENTED_EDGE ( 'NONE', *, *, #1687, .T. ) ;
#3827 = CARTESIAN_POINT ( 'NONE',  ( 19.95989460129706217, -0.5000000000000004441, 43.30228620542311546 ) ) ;
#3828 = VECTOR ( 'NONE', #4079, 999.9999999999998863 ) ;
#3829 = CARTESIAN_POINT ( 'NONE',  ( 36.61488181033430322, 9.500000000000000000, 36.34591247525416691 ) ) ;
#3830 = EDGE_CURVE ( 'NONE', #2227, #1574, #6201, .T. ) ;
#3831 = FACE_OUTER_BOUND ( 'NONE', #4925, .T. ) ;
#3832 = CARTESIAN_POINT ( 'NONE',  ( -44.48304944195906074, 9.500000000000000000, -20.89925839033069010 ) ) ;
#3833 = EDGE_LOOP ( 'NONE', ( #1911, #3591, #3868, #635 ) ) ;
#3834 = CARTESIAN_POINT ( 'NONE',  ( 52.09272677833285314, 11.00000000000000000, 18.78133226898377472 ) ) ;
#3835 = FACE_OUTER_BOUND ( 'NONE', #6528, .T. ) ;
#3836 = CARTESIAN_POINT ( 'NONE',  ( 49.05211279288428017, 9.500000000000000000, -8.043146253937575096 ) ) ;
#3837 = ADVANCED_FACE ( 'NONE', ( #4687 ), #4575, .F. ) ;
#3838 = ORIENTED_EDGE ( 'NONE', *, *, #2078, .F. ) ;
#3839 = CARTESIAN_POINT ( 'NONE',  ( 49.98320533644598385, -0.5000000000000004441, -6.068944909570472390 ) ) ;
#3840 = CARTESIAN_POINT ( 'NONE',  ( -49.98320533644603358, -0.5000000000000004441, -0.7689449095699286696 ) ) ;
#3841 = ORIENTED_EDGE ( 'NONE', *, *, #1313, .F. ) ;
#3842 = DIRECTION ( 'NONE',  ( 0.000000000000000000, 0.000000000000000000, -1.000000000000000000 ) ) ;
#3843 = ORIENTED_EDGE ( 'NONE', *, *, #4142, .T. ) ;
#3844 = FACE_OUTER_BOUND ( 'NONE', #1121, .T. ) ;
#3845 = DIRECTION ( 'NONE',  ( 0.000000000000000000, -1.000000000000000000, 0.000000000000000000 ) ) ;
#3846 = DIRECTION ( 'NONE',  ( 0.000000000000000000, -1.000000000000000000, 0.000000000000000000 ) ) ;
#3847 = ORIENTED_EDGE ( 'NONE', *, *, #1444, .T. ) ;
#3848 = ORIENTED_EDGE ( 'NONE', *, *, #5942, .T. ) ;
#3849 = DATE_AND_TIME ( #6262, #3819 ) ;
#3850 = EDGE_CURVE ( 'NONE', #1662, #3015, #747, .T. ) ;
#3851 = VECTOR ( 'NONE', #3913, 999.9999999999998863 ) ;
#3852 = CARTESIAN_POINT ( 'NONE',  ( 19.95989460129610649, -1.561251128379126385E-14, -45.95228620542344800 ) ) ;
#3853 = FACE_BOUND ( 'NONE', #2028, .T. ) ;
#3854 = ORIENTED_EDGE ( 'NONE', *, *, #4934, .T. ) ;
#3855 = DIRECTION ( 'NONE',  ( 0.000000000000000000, 1.000000000000000000, 0.000000000000000000 ) ) ;
#3856 = ORIENTED_EDGE ( 'NONE', *, *, #3490, .F. ) ;
#3857 = FACE_OUTER_BOUND ( 'NONE', #1369, .T. ) ;
#3858 = AXIS2_PLACEMENT_3D ( 'NONE', #2516, #4831, #3232 ) ;
#3859 = VERTEX_POINT ( 'NONE', #4031 ) ;
#3860 = DIRECTION ( 'NONE',  ( 0.5877852522924683631, 0.000000000000000000, 0.8090169943749507819 ) ) ;
#3861 = EDGE_CURVE ( 'NONE', #6308, #985, #7302, .T. ) ;
#3862 = DIRECTION ( 'NONE',  ( 0.000000000000000000, 0.000000000000000000, -1.000000000000000000 ) ) ;
#3863 = AXIS2_PLACEMENT_3D ( 'NONE', #5836, #7023, #772 ) ;
#3864 = AXIS2_PLACEMENT_3D ( 'NONE', #5782, #3039, #12 ) ;
#3865 = CARTESIAN_POINT ( 'NONE',  ( 0.000000000000000000, 11.00000000000000000, 0.000000000000000000 ) ) ;
#3866 = ORIENTED_EDGE ( 'NONE', *, *, #4644, .T. ) ;
#3867 = DIRECTION ( 'NONE',  ( -0.000000000000000000, -1.000000000000000000, -0.000000000000000000 ) ) ;
#3868 = ORIENTED_EDGE ( 'NONE', *, *, #3497, .T. ) ;
#3869 = DIRECTION ( 'NONE',  ( 0.000000000000000000, 0.000000000000000000, 1.000000000000000000 ) ) ;
#3870 = DIRECTION ( 'NONE',  ( 0.000000000000000000, 0.000000000000000000, 1.000000000000000000 ) ) ;
#3871 = EDGE_CURVE ( 'NONE', #6578, #3630, #5754, .T. ) ;
#3872 = AXIS2_PLACEMENT_3D ( 'NONE', #1224, #2976, #3016 ) ;
#3873 = AXIS2_PLACEMENT_3D ( 'NONE', #5043, #2081, #1666 ) ;
#3874 = DIRECTION ( 'NONE',  ( 0.000000000000000000, -1.000000000000000000, 0.000000000000000000 ) ) ;
#3875 = CIRCLE ( 'NONE', #1454, 2.649999999999916422 ) ;
#3876 = ORIENTED_EDGE ( 'NONE', *, *, #6358, .F. ) ;
#3877 = DIRECTION ( 'NONE',  ( 0.000000000000000000, -1.000000000000000000, 0.000000000000000000 ) ) ;
#3878 = CARTESIAN_POINT ( 'NONE',  ( 3.498464301520819496E-13, -0.5000000000000004441, 50.10000000000000142 ) ) ;
#3879 = ORIENTED_EDGE ( 'NONE', *, *, #3160, .T. ) ;
#3880 = FACE_OUTER_BOUND ( 'NONE', #2561, .T. ) ;
#3881 = CARTESIAN_POINT ( 'NONE',  ( 0.000000000000000000, 9.000000000000046185, 0.000000000000000000 ) ) ;
#3882 = ADVANCED_FACE ( 'NONE', ( #2870 ), #5185, .T. ) ;
#3883 = ADVANCED_FACE ( 'NONE', ( #1628 ), #5967, .F. ) ;
#3884 = CIRCLE ( 'NONE', #6330, 2.149999999999922640 ) ;
#3885 = CIRCLE ( 'NONE', #622, 39.99999999999999289 ) ;
#3886 = CARTESIAN_POINT ( 'NONE',  ( 40.93019163982339848, -0.5000000000000004441, 31.54168413795440529 ) ) ;
#3887 = FACE_BOUND ( 'NONE', #2098, .T. ) ;
#3888 = CARTESIAN_POINT ( 'NONE',  ( 31.61750601073556766, 9.500000000000000000, 38.86313566429116406 ) ) ;
#3889 = CIRCLE ( 'NONE', #32, 2.149999999999922640 ) ;
#3890 = VERTEX_POINT ( 'NONE', #7303 ) ;
#3891 = ORIENTED_EDGE ( 'NONE', *, *, #2665, .T. ) ;
#3892 = CALENDAR_DATE ( 2026, 26, 8 ) ;
#3893 = DIRECTION ( 'NONE',  ( 0.000000000000000000, -1.000000000000000000, 0.000000000000000000 ) ) ;
#3894 = DIRECTION ( 'NONE',  ( -0.000000000000000000, -1.000000000000000000, -0.000000000000000000 ) ) ;
#3895 = ORIENTED_EDGE ( 'NONE', *, *, #4888, .T. ) ;
#3896 = DIRECTION ( 'NONE',  ( -0.000000000000000000, -1.000000000000000000, -0.000000000000000000 ) ) ;
#3897 = ORIENTED_EDGE ( 'NONE', *, *, #1948, .F. ) ;
#3898 = CARTESIAN_POINT ( 'NONE',  ( -42.31147425102297177, 11.00000000000000000, 38.22295860794626066 ) ) ;
#3899 = ORIENTED_EDGE ( 'NONE', *, *, #1914, .T. ) ;
#3900 = CARTESIAN_POINT ( 'NONE',  ( 0.000000000000000000, 11.00000000000000000, 0.000000000000000000 ) ) ;
#3901 = DIRECTION ( 'NONE',  ( 0.000000000000000000, 0.000000000000000000, -1.000000000000000000 ) ) ;
#3902 = DIRECTION ( 'NONE',  ( 0.000000000000000000, -1.000000000000000000, 0.000000000000000000 ) ) ;
#3903 = VERTEX_POINT ( 'NONE', #3983 ) ;
#3904 = EDGE_CURVE ( 'NONE', #2756, #681, #505, .T. ) ;
#3905 = DIRECTION ( 'NONE',  ( 0.000000000000000000, -1.000000000000000000, 0.000000000000000000 ) ) ;
#3906 = ORIENTED_EDGE ( 'NONE', *, *, #3286, .F. ) ;
#3907 = CYLINDRICAL_SURFACE ( 'NONE', #1322, 2.500000000000203393 ) ;
#3908 = CARTESIAN_POINT ( 'NONE',  ( -6.821949119721629096, 9.500000000000000000, 49.63336589642023000 ) ) ;
#3909 = CARTESIAN_POINT ( 'NONE',  ( 26.03115589677558006, 9.500000000000000000, 40.65641216777893874 ) ) ;
#3910 = EDGE_CURVE ( 'NONE', #5502, #3974, #4984, .T. ) ;
#3911 = EDGE_LOOP ( 'NONE', ( #3662, #2201, #4135, #2471 ) ) ;
#3912 = EDGE_LOOP ( 'NONE', ( #3182, #1816 ) ) ;
#3913 = DIRECTION ( 'NONE',  ( 8.659560562354990790E-17, -0.7071067811865430208, 0.7071067811865521247 ) ) ;
#3914 = DIRECTION ( 'NONE',  ( 0.000000000000000000, 0.000000000000000000, 1.000000000000000000 ) ) ;
#3915 = ORIENTED_EDGE ( 'NONE', *, *, #5489, .T. ) ;
#3916 = CYLINDRICAL_SURFACE ( 'NONE', #5285, 2.149999999999922640 ) ;
#3917 = DIRECTION ( 'NONE',  ( 0.000000000000000000, 0.000000000000000000, -1.000000000000000000 ) ) ;
#3918 = ADVANCED_FACE ( 'NONE', ( #457 ), #2773, .T. ) ;
#3919 = CARTESIAN_POINT ( 'NONE',  ( -47.20727219815295683, 9.500000000000000000, -16.77746856976627754 ) ) ;
#3920 = FACE_BOUND ( 'NONE', #6278, .T. ) ;
#3921 = DIRECTION ( 'NONE',  ( 0.000000000000000000, 0.000000000000000000, -1.000000000000000000 ) ) ;
#3922 = VERTEX_POINT ( 'NONE', #2692 ) ;
#3923 = AXIS2_PLACEMENT_3D ( 'NONE', #4186, #1226, #2481 ) ;
#3924 = ORIENTED_EDGE ( 'NONE', *, *, #1641, .F. ) ;
#3925 = ORIENTED_EDGE ( 'NONE', *, *, #2623, .T. ) ;
#3926 = PERSON_AND_ORGANIZATION ( #4236, #439 ) ;
#3927 = AXIS2_PLACEMENT_3D ( 'NONE', #5819, #2933, #5250 ) ;
#3928 = AXIS2_PLACEMENT_3D ( 'NONE', #3689, #7200, #6024 ) ;
#3929 = CONICAL_SURFACE ( 'NONE', #5025, 2.149999999999922640, 0.7853981633974548293 ) ;
#3930 = FACE_BOUND ( 'NONE', #926, .T. ) ;
#3931 = ORIENTED_EDGE ( 'NONE', *, *, #6561, .F. ) ;
#3932 = CARTESIAN_POINT ( 'NONE',  ( 44.48304944195874100, 9.500000000000000000, -25.19925839033112780 ) ) ;
#3933 = VECTOR ( 'NONE', #6547, 1000.000000000000000 ) ;
#3934 = EDGE_CURVE ( 'NONE', #218, #4863, #7416, .T. ) ;
#3935 = CARTESIAN_POINT ( 'NONE',  ( 31.61750601073556766, 9.500000000000000000, 38.86313566429116406 ) ) ;
#3936 = ORIENTED_EDGE ( 'NONE', *, *, #1755, .F. ) ;
#3937 = CARTESIAN_POINT ( 'NONE',  ( -44.48304944195906074, 9.500000000000000000, -23.04925839033061408 ) ) ;
#3938 = ORIENTED_EDGE ( 'NONE', *, *, #5767, .F. ) ;
#3939 = LINE ( 'NONE', #2729, #5160 ) ;
#3940 = CONICAL_SURFACE ( 'NONE', #4188, 2.149999999999922640, 0.7853981633974543852 ) ;
#3941 = AXIS2_PLACEMENT_3D ( 'NONE', #2974, #53, #3049 ) ;
#3942 = AXIS2_PLACEMENT_3D ( 'NONE', #1535, #3846, #5688 ) ;
#3943 = AXIS2_PLACEMENT_3D ( 'NONE', #4971, #7194, #270 ) ;
#3944 = CIRCLE ( 'NONE', #4185, 2.149999999999922640 ) ;
#3945 = DIRECTION ( 'NONE',  ( 0.000000000000000000, 0.000000000000000000, -1.000000000000000000 ) ) ;
#3946 = DIRECTION ( 'NONE',  ( 0.000000000000000000, -1.000000000000000000, 0.000000000000000000 ) ) ;
#3947 = ORIENTED_EDGE ( 'NONE', *, *, #5142, .T. ) ;
#3948 = EDGE_CURVE ( 'NONE', #4336, #5735, #27, .T. ) ;
#3949 = DIRECTION ( 'NONE',  ( 0.000000000000000000, 0.000000000000000000, 1.000000000000000000 ) ) ;
#3950 = EDGE_LOOP ( 'NONE', ( #452, #2062 ) ) ;
#3951 = AXIS2_PLACEMENT_3D ( 'NONE', #5837, #4581, #595 ) ;
#3952 = CARTESIAN_POINT ( 'NONE',  ( -47.20727219815295683, -1.214306433183764966E-14, -16.77746856976627754 ) ) ;
#3953 = CIRCLE ( 'NONE', #2743, 2.149999999999915978 ) ;
#3954 = CYLINDRICAL_SURFACE ( 'NONE', #2724, 2.500000000000202505 ) ;
#3955 = EDGE_CURVE ( 'NONE', #1330, #2624, #535, .T. ) ;
#3956 = CC_DESIGN_SECURITY_CLASSIFICATION ( #2135, ( #6135 ) ) ;
#3957 = DIRECTION ( 'NONE',  ( -0.000000000000000000, -1.000000000000000000, -0.000000000000000000 ) ) ;
#3958 = ORIENTED_EDGE ( 'NONE', *, *, #6926, .T. ) ;
#3959 = CYLINDRICAL_SURFACE ( 'NONE', #1314, 2.149999999999922640 ) ;
#3960 = CARTESIAN_POINT ( 'NONE',  ( -40.93019163982300768, 9.500000000000000000, 26.74168413795511512 ) ) ;
#3961 = EDGE_LOOP ( 'NONE', ( #3006, #2195 ) ) ;
#3962 = DIRECTION ( 'NONE',  ( 0.000000000000000000, 0.000000000000000000, 1.000000000000000000 ) ) ;
#3963 = ORIENTED_EDGE ( 'NONE', *, *, #738, .T. ) ;
#3964 = EDGE_CURVE ( 'NONE', #336, #5112, #256, .T. ) ;
#3965 = CARTESIAN_POINT ( 'NONE',  ( -13.51681823496694257, 9.500000000000000000, -48.24215609612473799 ) ) ;
#3966 = FACE_BOUND ( 'NONE', #5706, .T. ) ;
#3967 = CARTESIAN_POINT ( 'NONE',  ( -13.51681823496694257, -0.5000000000000004441, -45.59215609612481757 ) ) ;
#3968 = ORIENTED_EDGE ( 'NONE', *, *, #7195, .F. ) ;
#3969 = ORIENTED_EDGE ( 'NONE', *, *, #2430, .T. ) ;
#3970 = ORIENTED_EDGE ( 'NONE', *, *, #7097, .F. ) ;
#3971 = CALENDAR_DATE ( 2026, 26, 8 ) ;
#3972 = EDGE_CURVE ( 'NONE', #283, #1239, #4262, .T. ) ;
#3973 = DIRECTION ( 'NONE',  ( 0.000000000000000000, -1.000000000000000000, 0.000000000000000000 ) ) ;
#3974 = VERTEX_POINT ( 'NONE', #2164 ) ;
#3975 = CARTESIAN_POINT ( 'NONE',  ( 26.03115589677469899, -0.5000000000000004441, -42.80641216777942049 ) ) ;
#3976 = FACE_OUTER_BOUND ( 'NONE', #7203, .T. ) ;
#3977 = VERTEX_POINT ( 'NONE', #3340 ) ;
#3978 = CARTESIAN_POINT ( 'NONE',  ( 26.03115589677558006, -1.214306433183764966E-14, 42.80641216777885916 ) ) ;
#3979 = ORIENTED_EDGE ( 'NONE', *, *, #2355, .T. ) ;
#3980 = LINE ( 'NONE', #3296, #6742 ) ;
#3981 = ADVANCED_FACE ( 'NONE', ( #4443 ), #4515, .T. ) ;
#3982 = ADVANCED_FACE ( 'NONE', ( #4974 ), #382, .F. ) ;
#3983 = CARTESIAN_POINT ( 'NONE',  ( 49.05211279288428017, -1.387778780781445676E-14, -12.34314625393742126 ) ) ;
#3984 = DIRECTION ( 'NONE',  ( 0.000000000000000000, 0.000000000000000000, -1.000000000000000000 ) ) ;
#3985 = ORIENTED_EDGE ( 'NONE', *, *, #6342, .T. ) ;
#3986 = CIRCLE ( 'NONE', #5816, 2.649999999999916422 ) ;
#3987 = CARTESIAN_POINT ( 'NONE',  ( -19.95989460129642978, -0.5000000000000004441, 45.95228620542332720 ) ) ;
#3988 = ORIENTED_EDGE ( 'NONE', *, *, #2879, .T. ) ;
#3989 = DIRECTION ( 'NONE',  ( 0.000000000000000000, -1.000000000000000000, 0.000000000000000000 ) ) ;
#3990 = DIRECTION ( 'NONE',  ( 0.000000000000000000, 0.000000000000000000, -1.000000000000000000 ) ) ;
#3991 = AXIS2_PLACEMENT_3D ( 'NONE', #1862, #4711, #6398 ) ;
#3992 = FACE_OUTER_BOUND ( 'NONE', #763, .T. ) ;
#3993 = ORIENTED_EDGE ( 'NONE', *, *, #3744, .T. ) ;
#3994 = DIRECTION ( 'NONE',  ( 8.659560562354993255E-17, -0.7071067811865426878, 0.7071067811865524577 ) ) ;
#3995 = AXIS2_PLACEMENT_3D ( 'NONE', #4726, #4693, #3509 ) ;
#3996 = DIRECTION ( 'NONE',  ( 0.000000000000000000, -1.000000000000000000, 0.000000000000000000 ) ) ;
#3997 = VECTOR ( 'NONE', #3894, 1000.000000000000000 ) ;
#3998 = CARTESIAN_POINT ( 'NONE',  ( 0.000000000000000000, -1.214306433183764966E-14, -52.24999999999992184 ) ) ;
#3999 = LINE ( 'NONE', #7358, #5352 ) ;
#4000 = EDGE_LOOP ( 'NONE', ( #4285, #3344, #5584, #4591 ) ) ;
#4001 = DIRECTION ( 'NONE',  ( -0.000000000000000000, -1.000000000000000000, -0.000000000000000000 ) ) ;
#4002 = EDGE_CURVE ( 'NONE', #6188, #1546, #2556, .T. ) ;
#4003 = DIRECTION ( 'NONE',  ( 0.000000000000000000, -1.000000000000000000, 0.000000000000000000 ) ) ;
#4004 = PLANE ( 'NONE',  #684 ) ;
#4005 = VERTEX_POINT ( 'NONE', #2088 ) ;
#4006 = EDGE_LOOP ( 'NONE', ( #3767, #798, #5987, #3051 ) ) ;
#4007 = CONICAL_SURFACE ( 'NONE', #2553, 45.10000000000000142, 0.7853981633974517207 ) ;
#4008 = ORIENTED_EDGE ( 'NONE', *, *, #4511, .F. ) ;
#4009 = LINE ( 'NONE', #2388, #243 ) ;
#4010 = ORIENTED_EDGE ( 'NONE', *, *, #6251, .T. ) ;
#4011 = EDGE_CURVE ( 'NONE', #7408, #5006, #2803, .T. ) ;
#4012 = DIRECTION ( 'NONE',  ( 0.000000000000000000, 0.000000000000000000, -1.000000000000000000 ) ) ;
#4013 = DIRECTION ( 'NONE',  ( 0.000000000000000000, 0.000000000000000000, -1.000000000000000000 ) ) ;
#4014 = EDGE_LOOP ( 'NONE', ( #1706, #2570 ) ) ;
#4015 = ORIENTED_EDGE ( 'NONE', *, *, #7206, .F. ) ;
#4016 = CARTESIAN_POINT ( 'NONE',  ( -49.98320533644600516, -0.5000000000000004441, 6.068944909570109125 ) ) ;
#4017 = VECTOR ( 'NONE', #860, 1000.000000000000000 ) ;
#4018 = FACE_OUTER_BOUND ( 'NONE', #3010, .T. ) ;
#4019 = DIRECTION ( 'NONE',  ( 0.000000000000000000, 0.000000000000000000, -1.000000000000000000 ) ) ;
#4020 = ORIENTED_EDGE ( 'NONE', *, *, #986, .F. ) ;
#4021 = DIRECTION ( 'NONE',  ( 0.000000000000000000, 0.000000000000000000, -1.000000000000000000 ) ) ;
#4022 = ORIENTED_EDGE ( 'NONE', *, *, #3830, .F. ) ;
#4023 = ADVANCED_FACE ( 'NONE', ( #5668 ), #3298, .F. ) ;
#4024 = FACE_OUTER_BOUND ( 'NONE', #3042, .T. ) ;
#4025 = EDGE_CURVE ( 'NONE', #5600, #3564, #7065, .T. ) ;
#4026 = DIRECTION ( 'NONE',  ( 0.000000000000000000, 0.000000000000000000, -1.000000000000000000 ) ) ;
#4027 = DIRECTION ( 'NONE',  ( 0.000000000000000000, 0.000000000000000000, -1.000000000000000000 ) ) ;
#4028 = ORIENTED_EDGE ( 'NONE', *, *, #3469, .T. ) ;
#4029 = EDGE_CURVE ( 'NONE', #2952, #1348, #2443, .T. ) ;
#4030 = FACE_OUTER_BOUND ( 'NONE', #2170, .T. ) ;
#4031 = CARTESIAN_POINT ( 'NONE',  ( -36.61488181033408296, -0.5000000000000004441, -36.84591247525442270 ) ) ;
#4032 = CARTESIAN_POINT ( 'NONE',  ( -1.764570581285847428, 11.00000000000000000, 57.84687810223528004 ) ) ;
#4033 = LINE ( 'NONE', #2905, #5233 ) ;
#4034 = CARTESIAN_POINT ( 'NONE',  ( 6.821949119722316546, 9.500000000000000000, 47.48336589642016747 ) ) ;
#4035 = FACE_OUTER_BOUND ( 'NONE', #74, .T. ) ;
#4036 = FACE_BOUND ( 'NONE', #6435, .T. ) ;
#4037 = EDGE_CURVE ( 'NONE', #2576, #5555, #608, .T. ) ;
#4038 = DIRECTION ( 'NONE',  ( 0.000000000000000000, 1.000000000000000000, 0.000000000000000000 ) ) ;
#4039 = ORIENTED_EDGE ( 'NONE', *, *, #3754, .T. ) ;
#4040 = VERTEX_POINT ( 'NONE', #4742 ) ;
#4041 = EDGE_CURVE ( 'NONE', #3320, #5693, #3771, .T. ) ;
#4042 = VECTOR ( 'NONE', #5593, 1000.000000000000000 ) ;
#4043 = DIRECTION ( 'NONE',  ( 0.000000000000000000, -0.000000000000000000, -1.000000000000000000 ) ) ;
#4044 = AXIS2_PLACEMENT_3D ( 'NONE', #2945, #7021, #2411 ) ;
#4045 = EDGE_LOOP ( 'NONE', ( #641, #4963 ) ) ;
#4046 = DIRECTION ( 'NONE',  ( 0.000000000000000000, 0.000000000000000000, 1.000000000000000000 ) ) ;
#4047 = DIRECTION ( 'NONE',  ( 0.000000000000000000, -1.000000000000000000, 0.000000000000000000 ) ) ;
#4048 = VERTEX_POINT ( 'NONE', #6461 ) ;
#4049 = ORIENTED_EDGE ( 'NONE', *, *, #7064, .T. ) ;
#4050 = FACE_OUTER_BOUND ( 'NONE', #7221, .T. ) ;
#4051 = AXIS2_PLACEMENT_3D ( 'NONE', #6481, #4842, #3409 ) ;
#4052 = EDGE_CURVE ( 'NONE', #6670, #4353, #384, .T. ) ;
#4053 = CYLINDRICAL_SURFACE ( 'NONE', #5477, 2.500000000000202505 ) ;
#4054 = DIRECTION ( 'NONE',  ( 0.000000000000000000, 0.000000000000000000, -1.000000000000000000 ) ) ;
#4055 = ORIENTED_EDGE ( 'NONE', *, *, #5260, .F. ) ;
#4056 = FACE_OUTER_BOUND ( 'NONE', #7126, .T. ) ;
#4057 = VERTEX_POINT ( 'NONE', #1133 ) ;
#4058 = VECTOR ( 'NONE', #962, 999.9999999999998863 ) ;
#4059 = DIRECTION ( 'NONE',  ( 0.000000000000000000, 0.000000000000000000, -1.000000000000000000 ) ) ;
#4060 = AXIS2_PLACEMENT_3D ( 'NONE', #1516, #1476, #3228 ) ;
#4061 = FACE_OUTER_BOUND ( 'NONE', #4615, .T. ) ;
#4062 = AXIS2_PLACEMENT_3D ( 'NONE', #365, #5030, #6759 ) ;
#4063 = CIRCLE ( 'NONE', #6125, 2.149999999999922640 ) ;
#4064 = VECTOR ( 'NONE', #6002, 999.9999999999998863 ) ;
#4065 = ADVANCED_FACE ( 'NONE', ( #2319 ), #3603, .T. ) ;
#4066 = ORIENTED_EDGE ( 'NONE', *, *, #1000, .F. ) ;
#4067 = PLANE ( 'NONE',  #554 ) ;
#4068 = VECTOR ( 'NONE', #1919, 1000.000000000000000 ) ;
#4069 = CIRCLE ( 'NONE', #5655, 2.649999999999957723 ) ;
#4070 = AXIS2_PLACEMENT_3D ( 'NONE', #2674, #4953, #6253 ) ;
#4071 = ORIENTED_EDGE ( 'NONE', *, *, #5458, .F. ) ;
#4072 = DIRECTION ( 'NONE',  ( 0.000000000000000000, 0.000000000000000000, -1.000000000000000000 ) ) ;
#4073 = CARTESIAN_POINT ( 'NONE',  ( -13.51681823496661572, 2.775557561562891351E-14, 46.09215609612489573 ) ) ;
#4074 = LINE ( 'NONE', #5981, #7214 ) ;
#4075 = DIRECTION ( 'NONE',  ( 0.000000000000000000, -0.000000000000000000, -1.000000000000000000 ) ) ;
#4076 = CIRCLE ( 'NONE', #2139, 2.649999999999916422 ) ;
#4077 = EDGE_CURVE ( 'NONE', #7316, #1472, #7075, .T. ) ;
#4078 = DIRECTION ( 'NONE',  ( -0.000000000000000000, 1.000000000000000000, -0.000000000000000000 ) ) ;
#4079 = DIRECTION ( 'NONE',  ( 8.659560562354990790E-17, -0.7071067811865430208, 0.7071067811865521247 ) ) ;
#4080 = CARTESIAN_POINT ( 'NONE',  ( 47.20727219815306341, 9.500000000000000000, 16.77746856976595780 ) ) ;
#4081 = DIRECTION ( 'NONE',  ( 0.000000000000000000, -1.000000000000000000, 0.000000000000000000 ) ) ;
#4082 = ORIENTED_EDGE ( 'NONE', *, *, #2631, .F. ) ;
#4083 = ORIENTED_EDGE ( 'NONE', *, *, #6291, .T. ) ;
#4084 = APPROVAL ( #3250, 'UNSPECIFIED' ) ;
#4085 = DIRECTION ( 'NONE',  ( 0.000000000000000000, 0.000000000000000000, -1.000000000000000000 ) ) ;
#4086 = ORIENTED_EDGE ( 'NONE', *, *, #1939, .F. ) ;
#4087 = FACE_OUTER_BOUND ( 'NONE', #4913, .T. ) ;
#4088 = DIRECTION ( 'NONE',  ( 0.000000000000000000, -1.000000000000000000, 0.000000000000000000 ) ) ;
#4089 = ORIENTED_EDGE ( 'NONE', *, *, #1752, .F. ) ;
#4090 = ORIENTED_EDGE ( 'NONE', *, *, #5977, .F. ) ;
#4091 = CARTESIAN_POINT ( 'NONE',  ( -44.48304944195891153, -1.387778780781445676E-14, 23.04925839033091961 ) ) ;
#4092 = EDGE_CURVE ( 'NONE', #493, #5775, #2328, .T. ) ;
#4093 = DIRECTION ( 'NONE',  ( 0.000000000000000000, -1.000000000000000000, 0.000000000000000000 ) ) ;
#4094 = CARTESIAN_POINT ( 'NONE',  ( 49.05211279288428017, 9.500000000000000000, -12.34314625393742126 ) ) ;
#4095 = ORIENTED_EDGE ( 'NONE', *, *, #775, .F. ) ;
#4096 = LINE ( 'NONE', #1746, #7234 ) ;
#4097 = VERTEX_POINT ( 'NONE', #1822 ) ;
#4098 = ADVANCED_FACE ( 'NONE', ( #3445 ), #7306, .F. ) ;
#4099 = DIRECTION ( 'NONE',  ( 0.000000000000000000, 0.000000000000000000, 1.000000000000000000 ) ) ;
#4100 = EDGE_LOOP ( 'NONE', ( #941, #7487 ) ) ;
#4101 = CYLINDRICAL_SURFACE ( 'NONE', #4666, 2.149999999999922640 ) ;
#4102 = CIRCLE ( 'NONE', #6185, 2.149999999999922640 ) ;
#4103 = LINE ( 'NONE', #6433, #6739 ) ;
#4104 = ORIENTED_EDGE ( 'NONE', *, *, #25, .T. ) ;
#4105 = ADVANCED_FACE ( 'NONE', ( #687 ), #1465, .F. ) ;
#4106 = LINE ( 'NONE', #6518, #4464 ) ;
#4107 = DIRECTION ( 'NONE',  ( 0.000000000000000000, 0.000000000000000000, 1.000000000000000000 ) ) ;
#4108 = CARTESIAN_POINT ( 'NONE',  ( 44.48304944195920996, -0.5000000000000004441, 23.04925839033030854 ) ) ;
#4109 = AXIS2_PLACEMENT_3D ( 'NONE', #3952, #3989, #6318 ) ;
#4110 = CARTESIAN_POINT ( 'NONE',  ( -47.04951716605319234, 11.00000000000000000, -31.70160200128215777 ) ) ;
#4111 = CARTESIAN_POINT ( 'NONE',  ( -26.03115589677527097, 9.500000000000000000, -44.95641216777896432 ) ) ;
#4112 = VECTOR ( 'NONE', #101, 1000.000000000000000 ) ;
#4113 = VECTOR ( 'NONE', #117, 1000.000000000000000 ) ;
#4114 = CARTESIAN_POINT ( 'NONE',  ( 49.98320533644604780, -1.387778780781445676E-14, 3.418944909569508805 ) ) ;
#4115 = DIRECTION ( 'NONE',  ( -0.000000000000000000, -1.000000000000000000, -0.000000000000000000 ) ) ;
#4116 = PLANE ( 'NONE',  #3951 ) ;
#4117 = ORIENTED_EDGE ( 'NONE', *, *, #6015, .F. ) ;
#4118 = ADVANCED_FACE ( 'NONE', ( #4018 ), #6500, .F. ) ;
#4119 = FACE_OUTER_BOUND ( 'NONE', #530, .T. ) ;
#4120 = EDGE_LOOP ( 'NONE', ( #326, #1702, #5118, #1740 ) ) ;
#4121 = ADVANCED_FACE ( 'NONE', ( #1291 ), #2396, .F. ) ;
#4122 = ORIENTED_EDGE ( 'NONE', *, *, #6309, .T. ) ;
#4123 = DIRECTION ( 'NONE',  ( -0.000000000000000000, -1.000000000000000000, -0.000000000000000000 ) ) ;
#4124 = EDGE_LOOP ( 'NONE', ( #573, #7005, #5360, #665 ) ) ;
#4125 = DIRECTION ( 'NONE',  ( 0.000000000000000000, 0.000000000000000000, 1.000000000000000000 ) ) ;
#4126 = DIRECTION ( 'NONE',  ( 0.000000000000000000, 0.000000000000000000, 1.000000000000000000 ) ) ;
#4127 = AXIS2_PLACEMENT_3D ( 'NONE', #7030, #147, #7101 ) ;
#4128 = ORIENTED_EDGE ( 'NONE', *, *, #358, .T. ) ;
#4129 = ORIENTED_EDGE ( 'NONE', *, *, #799, .F. ) ;
#4130 = DIRECTION ( 'NONE',  ( 0.000000000000000000, 0.000000000000000000, -1.000000000000000000 ) ) ;
#4131 = VECTOR ( 'NONE', #548, 1000.000000000000000 ) ;
#4132 = CARTESIAN_POINT ( 'NONE',  ( -26.03115589677527097, 9.500000000000000000, -42.80641216777904390 ) ) ;
#4133 = AXIS2_PLACEMENT_3D ( 'NONE', #5834, #1915, #628 ) ;
#4134 = DIRECTION ( 'NONE',  ( 0.000000000000000000, -1.000000000000000000, 0.000000000000000000 ) ) ;
#4135 = ORIENTED_EDGE ( 'NONE', *, *, #6495, .F. ) ;
#4136 = DIRECTION ( 'NONE',  ( 0.000000000000000000, 1.000000000000000000, 0.000000000000000000 ) ) ;
#4137 = ORIENTED_EDGE ( 'NONE', *, *, #7185, .T. ) ;
#4138 = DIRECTION ( 'NONE',  ( 0.000000000000000000, -1.000000000000000000, 0.000000000000000000 ) ) ;
#4139 = ORIENTED_EDGE ( 'NONE', *, *, #6590, .T. ) ;
#4140 = AXIS2_PLACEMENT_3D ( 'NONE', #1466, #6576, #5355 ) ;
#4141 = CARTESIAN_POINT ( 'NONE',  ( -19.95989460129642978, -0.5000000000000004441, 48.60228620542324052 ) ) ;
#4142 = EDGE_CURVE ( 'NONE', #41, #1934, #4499, .T. ) ;
#4143 = DIRECTION ( 'NONE',  ( 0.000000000000000000, -1.000000000000000000, -0.000000000000000000 ) ) ;
#4144 = ORIENTED_EDGE ( 'NONE', *, *, #857, .F. ) ;
#4145 = DIRECTION ( 'NONE',  ( 0.000000000000000000, 0.000000000000000000, -1.000000000000000000 ) ) ;
#4146 = EDGE_CURVE ( 'NONE', #2160, #2551, #6422, .T. ) ;
#4147 = DIRECTION ( 'NONE',  ( 0.8660254037844361541, 0.000000000000000000, 0.5000000000000042188 ) ) ;
#4148 = ADVANCED_FACE ( 'NONE', ( #6393 ), #576, .T. ) ;
#4149 = FACE_OUTER_BOUND ( 'NONE', #2304, .T. ) ;
#4150 = DIRECTION ( 'NONE',  ( 0.000000000000000000, -1.000000000000000000, 0.000000000000000000 ) ) ;
#4151 = CARTESIAN_POINT ( 'NONE',  ( -36.61488181033384137, -1.561251128379126385E-14, 32.04591247525484476 ) ) ;
#4152 = CARTESIAN_POINT ( 'NONE',  ( 49.98320533644598385, -1.214306433183764966E-14, -5.568944909570478607 ) ) ;
#4153 = ORIENTED_EDGE ( 'NONE', *, *, #3177, .T. ) ;
#4154 = CARTESIAN_POINT ( 'NONE',  ( -53.18329137311566512, -0.5000000000000004441, 17.92491956939468523 ) ) ;
#4155 = ORIENTED_EDGE ( 'NONE', *, *, #378, .T. ) ;
#4156 = ADVANCED_FACE ( 'NONE', ( #1743 ), #4053, .F. ) ;
#4157 = CYLINDRICAL_SURFACE ( 'NONE', #732, 2.149999999999922640 ) ;
#4158 = VERTEX_POINT ( 'NONE', #3525 ) ;
#4159 = DIRECTION ( 'NONE',  ( -0.000000000000000000, -1.000000000000000000, -0.000000000000000000 ) ) ;
#4160 = DIRECTION ( 'NONE',  ( 8.659560562354994488E-17, -0.7071067811865425767, 0.7071067811865525687 ) ) ;
#4161 = ORIENTED_EDGE ( 'NONE', *, *, #2306, .F. ) ;
#4162 = EDGE_LOOP ( 'NONE', ( #515, #4263, #2340, #3549 ) ) ;
#4163 = DIRECTION ( 'NONE',  ( 0.000000000000000000, 0.000000000000000000, -1.000000000000000000 ) ) ;
#4164 = AXIS2_PLACEMENT_3D ( 'NONE', #624, #6474, #4147 ) ;
#4165 = CARTESIAN_POINT ( 'NONE',  ( 47.20727219815306341, 9.500000000000000000, 16.77746856976595780 ) ) ;
#4166 = EDGE_CURVE ( 'NONE', #2324, #1721, #6213, .T. ) ;
#4167 = FACE_OUTER_BOUND ( 'NONE', #6643, .T. ) ;
#4168 = ORIENTED_EDGE ( 'NONE', *, *, #1285, .F. ) ;
#4169 = CARTESIAN_POINT ( 'NONE',  ( 6.821949119722316546, 9.500000000000000000, 51.78336589642001542 ) ) ;
#4170 = ORIENTED_EDGE ( 'NONE', *, *, #3720, .F. ) ;
#4171 = CARTESIAN_POINT ( 'NONE',  ( 47.20727219815306341, -1.561251128379126385E-14, 14.62746856976603205 ) ) ;
#4172 = ORIENTED_EDGE ( 'NONE', *, *, #2708, .F. ) ;
#4173 = FACE_OUTER_BOUND ( 'NONE', #2958, .T. ) ;
#4174 = CONICAL_SURFACE ( 'NONE', #7462, 45.10000000000000142, 0.7853981633974517207 ) ;
#4175 = AXIS2_PLACEMENT_3D ( 'NONE', #3438, #4735, #4657 ) ;
#4176 = AXIS2_PLACEMENT_3D ( 'NONE', #1253, #2327, #7046 ) ;
#4177 = ADVANCED_FACE ( 'NONE', ( #5278 ), #4992, .F. ) ;
#4178 = CIRCLE ( 'NONE', #4661, 2.149999999999922640 ) ;
#4179 = DIRECTION ( 'NONE',  ( 0.000000000000000000, 1.000000000000000000, 0.000000000000000000 ) ) ;
#4180 = CIRCLE ( 'NONE', #1997, 2.149999999999922196 ) ;
#4181 = ORIENTED_EDGE ( 'NONE', *, *, #1480, .F. ) ;
#4182 = VECTOR ( 'NONE', #5847, 1000.000000000000000 ) ;
#4183 = CARTESIAN_POINT ( 'NONE',  ( 31.61750601073477895, 9.500000000000000000, -41.01313566429174529 ) ) ;
#4184 = CIRCLE ( 'NONE', #1273, 2.149999999999922640 ) ;
#4185 = AXIS2_PLACEMENT_3D ( 'NONE', #3041, #3491, #7006 ) ;
#4186 = CARTESIAN_POINT ( 'NONE',  ( 44.48304944195920996, 9.500000000000000000, 23.04925839033030854 ) ) ;
#4187 = ADVANCED_FACE ( 'NONE', ( #3141 ), #1970, .F. ) ;
#4188 = AXIS2_PLACEMENT_3D ( 'NONE', #138, #7062, #5988 ) ;
#4189 = VECTOR ( 'NONE', #543, 1000.000000000000114 ) ;
#4190 = AXIS2_PLACEMENT_3D ( 'NONE', #5679, #6244, #3914 ) ;
#4191 = VECTOR ( 'NONE', #289, 999.9999999999998863 ) ;
#4192 = AXIS2_PLACEMENT_3D ( 'NONE', #3629, #7139, #3772 ) ;
#4193 = FACE_OUTER_BOUND ( 'NONE', #7281, .T. ) ;
#4194 = CARTESIAN_POINT ( 'NONE',  ( 40.93019163982280872, 9.500000000000000000, -28.89168413795531620 ) ) ;
#4195 = FACE_BOUND ( 'NONE', #5740, .T. ) ;
#4196 = CARTESIAN_POINT ( 'NONE',  ( -47.20727219815295683, 9.500000000000000000, -16.77746856976627754 ) ) ;
#4197 = ORIENTED_EDGE ( 'NONE', *, *, #5608, .T. ) ;
#4198 = CARTESIAN_POINT ( 'NONE',  ( -44.48304944195906074, -1.214306433183764966E-14, -20.89925839033069010 ) ) ;
#4199 = VECTOR ( 'NONE', #2180, 1000.000000000000114 ) ;
#4200 = EDGE_CURVE ( 'NONE', #6176, #5809, #7215, .T. ) ;
#4201 = ORIENTED_EDGE ( 'NONE', *, *, #3910, .F. ) ;
#4202 = CONICAL_SURFACE ( 'NONE', #4928, 2.149999999999922640, 0.7853981633974543852 ) ;
#4203 = VERTEX_POINT ( 'NONE', #2467 ) ;
#4204 = CIRCLE ( 'NONE', #6520, 2.149999999999922640 ) ;
#4205 = DIRECTION ( 'NONE',  ( 0.000000000000000000, 0.000000000000000000, -1.000000000000000000 ) ) ;
#4206 = ORIENTED_EDGE ( 'NONE', *, *, #2176, .F. ) ;
#4207 = CYLINDRICAL_SURFACE ( 'NONE', #7293, 2.149999999999922640 ) ;
#4208 = CARTESIAN_POINT ( 'NONE',  ( -36.61488181033384137, -1.561251128379126385E-14, 36.34591247525469271 ) ) ;
#4209 = EDGE_LOOP ( 'NONE', ( #4366, #4083, #750, #288 ) ) ;
#4210 = EDGE_CURVE ( 'NONE', #2571, #921, #6698, .T. ) ;
#4211 = VERTEX_POINT ( 'NONE', #3038 ) ;
#4212 = LINE ( 'NONE', #823, #1775 ) ;
#4213 = CARTESIAN_POINT ( 'NONE',  ( 0.000000000000000000, 11.00000000000000000, 0.000000000000000000 ) ) ;
#4214 = DIRECTION ( 'NONE',  ( 0.000000000000000000, 1.000000000000000000, -0.000000000000000000 ) ) ;
#4215 = VERTEX_POINT ( 'NONE', #261 ) ;
#4216 = CARTESIAN_POINT ( 'NONE',  ( 44.48304944195874100, -1.387778780781445676E-14, -23.04925839033120383 ) ) ;
#4217 = EDGE_LOOP ( 'NONE', ( #4086, #4090, #2690, #5682 ) ) ;
#4218 = LINE ( 'NONE', #6544, #6864 ) ;
#4219 = ORIENTED_EDGE ( 'NONE', *, *, #5541, .T. ) ;
#4220 = ADVANCED_FACE ( 'NONE', ( #2612 ), #4777, .F. ) ;
#4221 = CARTESIAN_POINT ( 'NONE',  ( 39.95001788498536399, -0.5000000000000004441, 38.34562160129052444 ) ) ;
#4222 = EDGE_CURVE ( 'NONE', #6611, #3418, #7067, .T. ) ;
#4223 = DIRECTION ( 'NONE',  ( -0.000000000000000000, -1.000000000000000000, -0.000000000000000000 ) ) ;
#4224 = ORIENTED_EDGE ( 'NONE', *, *, #7501, .F. ) ;
#4225 = CYLINDRICAL_SURFACE ( 'NONE', #2915, 2.149999999999922640 ) ;
#4226 = CARTESIAN_POINT ( 'NONE',  ( 0.000000000000000000, -1.214306433183764966E-14, -50.10000000000000142 ) ) ;
#4227 = AXIS2_PLACEMENT_3D ( 'NONE', #3654, #274, #808 ) ;
#4228 = CARTESIAN_POINT ( 'NONE',  ( 6.821949119721279153, -1.214306433183764966E-14, -47.48336589642033090 ) ) ;
#4229 = DIRECTION ( 'NONE',  ( -0.000000000000000000, -1.000000000000000000, -0.000000000000000000 ) ) ;
#4230 = FACE_BOUND ( 'NONE', #5806, .T. ) ;
#4231 = AXIS2_PLACEMENT_3D ( 'NONE', #1555, #2171, #3346 ) ;
#4232 = FACE_OUTER_BOUND ( 'NONE', #6658, .T. ) ;
#4233 = ORIENTED_EDGE ( 'NONE', *, *, #3012, .F. ) ;
#4234 = CARTESIAN_POINT ( 'NONE',  ( 3.498464301520819496E-13, 9.500000000000000000, 50.10000000000000142 ) ) ;
#4235 = VERTEX_POINT ( 'NONE', #6538 ) ;
#4236 = PERSON ( 'UNSPECIFIED', 'UNSPECIFIED', 'UNSPECIFIED', ('UNSPECIFIED'), ('UNSPECIFIED'), ('UNSPECIFIED') ) ;
#4237 = CONICAL_SURFACE ( 'NONE', #4359, 2.149999999999922640, 0.7853981633974543852 ) ;
#4238 = VECTOR ( 'NONE', #1397, 1000.000000000000000 ) ;
#4239 = ADVANCED_FACE ( 'NONE', ( #192 ), #153, .T. ) ;
#4240 = CARTESIAN_POINT ( 'NONE',  ( -36.61488181033384137, -0.5000000000000004441, 31.54591247525485187 ) ) ;
#4241 = CARTESIAN_POINT ( 'NONE',  ( -19.95989460129674598, -1.387778780781445676E-14, -48.10228620542311972 ) ) ;
#4242 = DIRECTION ( 'NONE',  ( 0.000000000000000000, -1.000000000000000000, -0.000000000000000000 ) ) ;
#4243 = ORIENTED_EDGE ( 'NONE', *, *, #5767, .T. ) ;
#4244 = ORIENTED_EDGE ( 'NONE', *, *, #5966, .F. ) ;
#4245 = AXIS2_PLACEMENT_3D ( 'NONE', #5911, #2940, #7015 ) ;
#4246 = CARTESIAN_POINT ( 'NONE',  ( -26.03115589677498676, -0.5000000000000004441, 42.80641216777921443 ) ) ;
#4247 = EDGE_CURVE ( 'NONE', #1683, #1179, #6583, .T. ) ;
#4248 = DIRECTION ( 'NONE',  ( 0.000000000000000000, 0.000000000000000000, -1.000000000000000000 ) ) ;
#4249 = CARTESIAN_POINT ( 'NONE',  ( 13.51681823496726231, 9.500000000000000000, 46.09215609612471809 ) ) ;
#4250 = EDGE_LOOP ( 'NONE', ( #6328, #21, #544, #7217 ) ) ;
#4251 = CARTESIAN_POINT ( 'NONE',  ( -24.12361884325211392, -0.5000000000000004441, 47.34417357029284545 ) ) ;
#4252 = ORIENTED_EDGE ( 'NONE', *, *, #6069, .F. ) ;
#4253 = DIRECTION ( 'NONE',  ( 0.000000000000000000, -1.000000000000000000, 0.000000000000000000 ) ) ;
#4254 = ORIENTED_EDGE ( 'NONE', *, *, #6895, .T. ) ;
#4255 = DIRECTION ( 'NONE',  ( 0.000000000000000000, 0.000000000000000000, -1.000000000000000000 ) ) ;
#4256 = AXIS2_PLACEMENT_3D ( 'NONE', #364, #4995, #1995 ) ;
#4257 = CIRCLE ( 'NONE', #4738, 2.149999999999922640 ) ;
#4258 = ADVANCED_FACE ( 'NONE', ( #2574 ), #1324, .T. ) ;
#4259 = CYLINDRICAL_SURFACE ( 'NONE', #5031, 2.500000000000203393 ) ;
#4260 = EDGE_CURVE ( 'NONE', #4702, #2702, #2505, .T. ) ;
#4261 = ADVANCED_FACE ( 'NONE', ( #4820 ), #3287, .F. ) ;
#4262 = CIRCLE ( 'NONE', #6575, 2.649999999999916422 ) ;
#4263 = ORIENTED_EDGE ( 'NONE', *, *, #810, .T. ) ;
#4264 = FACE_OUTER_BOUND ( 'NONE', #6079, .T. ) ;
#4265 = DIRECTION ( 'NONE',  ( 0.000000000000000000, 1.000000000000000000, 0.000000000000000000 ) ) ;
#4266 = CYLINDRICAL_SURFACE ( 'NONE', #181, 2.149999999999922640 ) ;
#4267 = LINE ( 'NONE', #1916, #5051 ) ;
#4268 = CARTESIAN_POINT ( 'NONE',  ( -47.04951716605319234, 11.00000000000000000, -29.20160200128195882 ) ) ;
#4269 = CARTESIAN_POINT ( 'NONE',  ( 0.000000000000000000, -0.5000000000000004441, 0.000000000000000000 ) ) ;
#4270 = ORIENTED_EDGE ( 'NONE', *, *, #775, .T. ) ;
#4271 = DIRECTION ( 'NONE',  ( 0.000000000000000000, 1.000000000000000000, 0.000000000000000000 ) ) ;
#4272 = VERTEX_POINT ( 'NONE', #4929 ) ;
#4273 = EDGE_CURVE ( 'NONE', #2840, #5801, #508, .T. ) ;
#4274 = DIRECTION ( 'NONE',  ( 0.000000000000000000, 1.000000000000000000, 0.000000000000000000 ) ) ;
#4275 = DIRECTION ( 'NONE',  ( 0.000000000000000000, -0.000000000000000000, -1.000000000000000000 ) ) ;
#4276 = CYLINDRICAL_SURFACE ( 'NONE', #3701, 2.149999999999922640 ) ;
#4277 = ORIENTED_EDGE ( 'NONE', *, *, #7036, .T. ) ;
#4278 = ORIENTED_EDGE ( 'NONE', *, *, #4002, .F. ) ;
#4279 = CARTESIAN_POINT ( 'NONE',  ( 0.000000000000000000, 11.00000000000000000, -58.65000000000006963 ) ) ;
#4280 = EDGE_CURVE ( 'NONE', #5273, #2542, #3174, .T. ) ;
#4281 = DIRECTION ( 'NONE',  ( 0.000000000000000000, -1.000000000000000000, 0.000000000000000000 ) ) ;
#4282 = FACE_OUTER_BOUND ( 'NONE', #7455, .T. ) ;
#4283 = VERTEX_POINT ( 'NONE', #7257 ) ;
#4284 = CARTESIAN_POINT ( 'NONE',  ( -13.51681823496661572, -0.5000000000000004441, 50.89215609612477920 ) ) ;
#4285 = ORIENTED_EDGE ( 'NONE', *, *, #2483, .F. ) ;
#4286 = DIRECTION ( 'NONE',  ( -0.000000000000000000, -1.000000000000000000, -0.000000000000000000 ) ) ;
#4287 = EDGE_LOOP ( 'NONE', ( #480, #6083, #7114, #3751 ) ) ;
#4288 = DIRECTION ( 'NONE',  ( 0.000000000000000000, 0.000000000000000000, -1.000000000000000000 ) ) ;
#4289 = EDGE_CURVE ( 'NONE', #1834, #5801, #2536, .T. ) ;
#4290 = CARTESIAN_POINT ( 'NONE',  ( -26.03115589677498676, -1.387778780781445676E-14, 42.80641216777921443 ) ) ;
#4291 = EDGE_LOOP ( 'NONE', ( #6338, #864, #6488, #7393 ) ) ;
#4292 = VECTOR ( 'NONE', #1525, 1000.000000000000000 ) ;
#4293 = CIRCLE ( 'NONE', #1750, 2.149999999999922640 ) ;
#4294 = DIRECTION ( 'NONE',  ( 0.000000000000000000, -0.000000000000000000, -1.000000000000000000 ) ) ;
#4295 = DIRECTION ( 'NONE',  ( -0.000000000000000000, -1.000000000000000000, 0.000000000000000000 ) ) ;
#4296 = EDGE_CURVE ( 'NONE', #5775, #6611, #5428, .T. ) ;
#4297 = CONICAL_SURFACE ( 'NONE', #780, 2.149999999999922640, 0.7853981633974548293 ) ;
#4298 = CONICAL_SURFACE ( 'NONE', #3206, 2.149999999999922640, 0.7853981633974548293 ) ;
#4299 = DIRECTION ( 'NONE',  ( -0.000000000000000000, -1.000000000000000000, -0.000000000000000000 ) ) ;
#4300 = VECTOR ( 'NONE', #3855, 1000.000000000000000 ) ;
#4301 = CIRCLE ( 'NONE', #7345, 2.649999999999916422 ) ;
#4302 = CARTESIAN_POINT ( 'NONE',  ( -36.61488181033384137, 9.500000000000000000, 36.34591247525469271 ) ) ;
#4303 = CYLINDRICAL_SURFACE ( 'NONE', #7121, 2.149999999999922640 ) ;
#4304 = EDGE_LOOP ( 'NONE', ( #6792, #6094, #4605, #6341 ) ) ;
#4305 = CIRCLE ( 'NONE', #5897, 2.149999999999922640 ) ;
#4306 = CARTESIAN_POINT ( 'NONE',  ( 6.821949119721279153, -1.214306433183764966E-14, -49.63336589642025842 ) ) ;
#4307 = ORIENTED_EDGE ( 'NONE', *, *, #1885, .F. ) ;
#4308 = AXIS2_PLACEMENT_3D ( 'NONE', #1142, #465, #4027 ) ;
#4309 = ADVANCED_FACE ( 'NONE', ( #4855 ), #6041, .T. ) ;
#4310 = CIRCLE ( 'NONE', #4062, 2.649999999999916422 ) ;
#4311 = CIRCLE ( 'NONE', #3943, 2.500000000000203393 ) ;
#4312 = ADVANCED_FACE ( 'NONE', ( #4087 ), #1703, .F. ) ;
#4313 = CIRCLE ( 'NONE', #906, 45.10000000000000142 ) ;
#4314 = CARTESIAN_POINT ( 'NONE',  ( -31.61750601073530476, 9.500000000000000000, -38.86313566429139144 ) ) ;
#4315 = AXIS2_PLACEMENT_3D ( 'NONE', #4647, #4081, #3510 ) ;
#4316 = DIRECTION ( 'NONE',  ( 0.000000000000000000, 1.000000000000000000, 0.000000000000000000 ) ) ;
#4317 = VECTOR ( 'NONE', #1352, 1000.000000000000114 ) ;
#4318 = CARTESIAN_POINT ( 'NONE',  ( 47.20727219815270814, 9.500000000000000000, -18.92746856976686587 ) ) ;
#4319 = EDGE_LOOP ( 'NONE', ( #4510, #5810, #263, #4307 ) ) ;
#4320 = ORIENTED_EDGE ( 'NONE', *, *, #6153, .T. ) ;
#4321 = DIRECTION ( 'NONE',  ( 0.000000000000000000, -1.000000000000000000, 0.000000000000000000 ) ) ;
#4322 = EDGE_CURVE ( 'NONE', #7119, #5619, #4656, .T. ) ;
#4323 = CONICAL_SURFACE ( 'NONE', #7125, 2.149999999999922640, 0.7853981633974539411 ) ;
#4324 = DIRECTION ( 'NONE',  ( 0.000000000000000000, 0.000000000000000000, -1.000000000000000000 ) ) ;
#4325 = FACE_OUTER_BOUND ( 'NONE', #5147, .T. ) ;
#4326 = ORIENTED_EDGE ( 'NONE', *, *, #3325, .F. ) ;
#4327 = CARTESIAN_POINT ( 'NONE',  ( 40.93019163982339848, 9.500000000000000000, 31.04168413795441239 ) ) ;
#4328 = EDGE_LOOP ( 'NONE', ( #5623, #3450 ) ) ;
#4329 = DIRECTION ( 'NONE',  ( -0.000000000000000000, -1.000000000000000000, -0.000000000000000000 ) ) ;
#4330 = EDGE_LOOP ( 'NONE', ( #2538, #1565 ) ) ;
#4331 = CARTESIAN_POINT ( 'NONE',  ( 47.20727219815270814, -0.5000000000000004441, -16.77746856976694545 ) ) ;
#4332 = ORIENTED_EDGE ( 'NONE', *, *, #6434, .T. ) ;
#4333 = ADVANCED_FACE ( 'NONE', ( #2311 ), #5159, .F. ) ;
#4334 = DIRECTION ( 'NONE',  ( 0.000000000000000000, -0.000000000000000000, -1.000000000000000000 ) ) ;
#4335 = EDGE_CURVE ( 'NONE', #2914, #2402, #3889, .T. ) ;
#4336 = VERTEX_POINT ( 'NONE', #5237 ) ;
#4337 = DIRECTION ( 'NONE',  ( 0.000000000000000000, -1.000000000000000000, 0.000000000000000000 ) ) ;
#4338 = CARTESIAN_POINT ( 'NONE',  ( -19.95989460129642978, -1.387778780781445676E-14, 45.95228620542332720 ) ) ;
#4339 = CARTESIAN_POINT ( 'NONE',  ( 48.81408774733904465, 11.00000000000000000, -28.64527610095373689 ) ) ;
#4340 = EDGE_CURVE ( 'NONE', #1297, #6047, #627, .T. ) ;
#4341 = VERTEX_POINT ( 'NONE', #1127 ) ;
#4342 = FACE_OUTER_BOUND ( 'NONE', #581, .T. ) ;
#4343 = CARTESIAN_POINT ( 'NONE',  ( -40.93019163982320663, -0.5000000000000004441, -28.89168413795475487 ) ) ;
#4344 = VERTEX_POINT ( 'NONE', #3437 ) ;
#4345 = CARTESIAN_POINT ( 'NONE',  ( 40.93019163982280872, -1.214306433183764966E-14, -31.04168413795523662 ) ) ;
#4346 = EDGE_LOOP ( 'NONE', ( #3196, #5287, #1075, #3838 ) ) ;
#4347 = AXIS2_PLACEMENT_3D ( 'NONE', #5980, #3085, #7159 ) ;
#4348 = EDGE_CURVE ( 'NONE', #2919, #3610, #2920, .T. ) ;
#4349 = CARTESIAN_POINT ( 'NONE',  ( -54.85923426176246664, -0.5000000000000004441, -5.040228193700268200 ) ) ;
#4350 = DIRECTION ( 'NONE',  ( 0.000000000000000000, 1.000000000000000000, 0.000000000000000000 ) ) ;
#4351 = EDGE_CURVE ( 'NONE', #1482, #4215, #7445, .T. ) ;
#4352 = DIRECTION ( 'NONE',  ( 0.000000000000000000, 0.000000000000000000, -1.000000000000000000 ) ) ;
#4353 = VERTEX_POINT ( 'NONE', #6382 ) ;
#4354 = EDGE_LOOP ( 'NONE', ( #794, #605 ) ) ;
#4355 = VECTOR ( 'NONE', #6733, 1000.000000000000000 ) ;
#4356 = DIRECTION ( 'NONE',  ( -0.000000000000000000, -1.000000000000000000, -0.000000000000000000 ) ) ;
#4357 = DIRECTION ( 'NONE',  ( 0.000000000000000000, -1.000000000000000000, 0.000000000000000000 ) ) ;
#4358 = EDGE_LOOP ( 'NONE', ( #2957, #2818, #7144, #5567 ) ) ;
#4359 = AXIS2_PLACEMENT_3D ( 'NONE', #5338, #630, #135 ) ;
#4360 = AXIS2_PLACEMENT_3D ( 'NONE', #7076, #2432, #722 ) ;
#4361 = CARTESIAN_POINT ( 'NONE',  ( 47.20727219815306341, 9.500000000000000000, 16.77746856976595780 ) ) ;
#4362 = ORIENTED_EDGE ( 'NONE', *, *, #7268, .F. ) ;
#4363 = LINE ( 'NONE', #7220, #2718 ) ;
#4364 = ORIENTED_EDGE ( 'NONE', *, *, #4705, .F. ) ;
#4365 = CARTESIAN_POINT ( 'NONE',  ( 19.95989460129706217, 9.500000000000000000, 48.10228620542295630 ) ) ;
#4366 = ORIENTED_EDGE ( 'NONE', *, *, #3805, .F. ) ;
#4367 = CARTESIAN_POINT ( 'NONE',  ( 52.09272677833285314, 11.00000000000000000, 16.28133226898357222 ) ) ;
#4368 = ORIENTED_EDGE ( 'NONE', *, *, #4406, .F. ) ;
#4369 = DIRECTION ( 'NONE',  ( 0.000000000000000000, -0.7071067811865425767, -0.7071067811865525687 ) ) ;
#4370 = AXIS2_PLACEMENT_3D ( 'NONE', #1534, #6711, #853 ) ;
#4371 = CARTESIAN_POINT ( 'NONE',  ( -19.95989460129674598, -1.387778780781445676E-14, -48.10228620542311972 ) ) ;
#4372 = VECTOR ( 'NONE', #472, 1000.000000000000000 ) ;
#4373 = EDGE_CURVE ( 'NONE', #7279, #2510, #5851, .T. ) ;
#4374 = CONICAL_SURFACE ( 'NONE', #6694, 2.149999999999922640, 0.7853981633974543852 ) ;
#4375 = DIRECTION ( 'NONE',  ( -0.000000000000000000, -1.000000000000000000, -0.000000000000000000 ) ) ;
#4376 = EDGE_LOOP ( 'NONE', ( #994, #321, #4926, #2114 ) ) ;
#4377 = FACE_OUTER_BOUND ( 'NONE', #6587, .T. ) ;
#4378 = CARTESIAN_POINT ( 'NONE',  ( 19.95989460129706217, -1.214306433183764966E-14, 45.95228620542303588 ) ) ;
#4379 = ORIENTED_EDGE ( 'NONE', *, *, #7287, .T. ) ;
#4380 = CARTESIAN_POINT ( 'NONE',  ( -44.48304944195891153, -1.387778780781445676E-14, 20.89925839033099564 ) ) ;
#4381 = EDGE_LOOP ( 'NONE', ( #6418, #1091, #5247, #5582 ) ) ;
#4382 = AXIS2_PLACEMENT_3D ( 'NONE', #1394, #7146, #1932 ) ;
#4383 = EDGE_CURVE ( 'NONE', #5715, #4413, #2566, .T. ) ;
#4384 = DIRECTION ( 'NONE',  ( 0.000000000000000000, 0.000000000000000000, -1.000000000000000000 ) ) ;
#4385 = DIRECTION ( 'NONE',  ( 0.000000000000000000, -0.000000000000000000, -1.000000000000000000 ) ) ;
#4386 = CARTESIAN_POINT ( 'NONE',  ( -13.51681823496694257, 9.500000000000000000, -50.39215609612465840 ) ) ;
#4387 = ORIENTED_EDGE ( 'NONE', *, *, #2700, .F. ) ;
#4388 = ORIENTED_EDGE ( 'NONE', *, *, #3734, .T. ) ;
#4389 = COORDINATED_UNIVERSAL_TIME_OFFSET ( 5, 0, .BEHIND. ) ;
#4390 = EDGE_CURVE ( 'NONE', #1330, #2702, #1233, .T. ) ;
#4391 = DIRECTION ( 'NONE',  ( 0.000000000000000000, 0.000000000000000000, -1.000000000000000000 ) ) ;
#4392 = LINE ( 'NONE', #7443, #1700 ) ;
#4393 = ORIENTED_EDGE ( 'NONE', *, *, #7195, .T. ) ;
#4394 = LINE ( 'NONE', #1937, #4064 ) ;
#4395 = ORIENTED_EDGE ( 'NONE', *, *, #1054, .T. ) ;
#4396 = FACE_OUTER_BOUND ( 'NONE', #6073, .T. ) ;
#4397 = VERTEX_POINT ( 'NONE', #5807 ) ;
#4398 = CARTESIAN_POINT ( 'NONE',  ( 13.51681823496726231, -1.214306433183764966E-14, 48.24215609612464561 ) ) ;
#4399 = EDGE_CURVE ( 'NONE', #5801, #2840, #2208, .T. ) ;
#4400 = CARTESIAN_POINT ( 'NONE',  ( -47.20727219815284315, 9.500000000000000000, 16.77746856976660439 ) ) ;
#4401 = DIRECTION ( 'NONE',  ( 0.000000000000000000, 0.000000000000000000, -1.000000000000000000 ) ) ;
#4402 = DIRECTION ( 'NONE',  ( 0.000000000000000000, 1.000000000000000000, 0.000000000000000000 ) ) ;
#4403 = ORIENTED_EDGE ( 'NONE', *, *, #3234, .T. ) ;
#4404 = LINE ( 'NONE', #504, #3259 ) ;
#4405 = CARTESIAN_POINT ( 'NONE',  ( 49.98320533644598385, -1.214306433183764966E-14, -1.268944909570633772 ) ) ;
#4406 = EDGE_CURVE ( 'NONE', #503, #5230, #632, .T. ) ;
#4407 = AXIS2_PLACEMENT_3D ( 'NONE', #314, #2057, #3759 ) ;
#4408 = DIRECTION ( 'NONE',  ( -0.000000000000000000, -1.000000000000000000, -0.000000000000000000 ) ) ;
#4409 = ORIENTED_EDGE ( 'NONE', *, *, #4651, .F. ) ;
#4410 = EDGE_CURVE ( 'NONE', #7060, #5745, #5659, .T. ) ;
#4411 = DIRECTION ( 'NONE',  ( 0.000000000000000000, 0.000000000000000000, -1.000000000000000000 ) ) ;
#4412 = LINE ( 'NONE', #4947, #2873 ) ;
#4413 = VERTEX_POINT ( 'NONE', #7409 ) ;
#4414 = DIRECTION ( 'NONE',  ( 0.000000000000000000, 1.000000000000000000, 0.000000000000000000 ) ) ;
#4415 = VERTEX_POINT ( 'NONE', #528 ) ;
#4416 = VECTOR ( 'NONE', #831, 1000.000000000000000 ) ;
#4417 = VECTOR ( 'NONE', #3330, 999.9999999999998863 ) ;
#4418 = CIRCLE ( 'NONE', #5153, 2.149999999999922640 ) ;
#4419 = AXIS2_PLACEMENT_3D ( 'NONE', #325, #4950, #6167 ) ;
#4420 = DIRECTION ( 'NONE',  ( 8.659560562354873694E-17, -0.7071067811865524577, 0.7071067811865426878 ) ) ;
#4421 = EDGE_CURVE ( 'NONE', #4507, #7389, #5833, .T. ) ;
#4422 = CARTESIAN_POINT ( 'NONE',  ( 13.51681823496726231, -1.214306433183764966E-14, 50.39215609612456603 ) ) ;
#4423 = DIRECTION ( 'NONE',  ( 0.000000000000000000, -1.000000000000000000, 0.000000000000000000 ) ) ;
#4424 = CIRCLE ( 'NONE', #1151, 2.149999999999922640 ) ;
#4425 = ORIENTED_EDGE ( 'NONE', *, *, #3046, .T. ) ;
#4426 = VECTOR ( 'NONE', #5071, 1000.000000000000000 ) ;
#4427 = ORIENTED_EDGE ( 'NONE', *, *, #1841, .F. ) ;
#4428 = AXIS2_PLACEMENT_3D ( 'NONE', #1860, #6541, #3643 ) ;
#4429 = DATE_AND_TIME ( #3971, #5913 ) ;
#4430 = CIRCLE ( 'NONE', #2863, 2.149999999999922640 ) ;
#4431 = AXIS2_PLACEMENT_3D ( 'NONE', #4912, #5485, #2489 ) ;
#4432 = DIRECTION ( 'NONE',  ( 0.000000000000000000, -1.000000000000000000, 0.000000000000000000 ) ) ;
#4433 = AXIS2_PLACEMENT_3D ( 'NONE', #4091, #3602, #4704 ) ;
#4434 = CIRCLE ( 'NONE', #3592, 2.149999999999922640 ) ;
#4435 = FACE_BOUND ( 'NONE', #2503, .T. ) ;
#4436 = ORIENTED_EDGE ( 'NONE', *, *, #1165, .F. ) ;
#4437 = EDGE_CURVE ( 'NONE', #2605, #3184, #2318, .T. ) ;
#4438 = CARTESIAN_POINT ( 'NONE',  ( 49.98320533644598385, 9.500000000000000000, -1.268944909570633772 ) ) ;
#4439 = ORIENTED_EDGE ( 'NONE', *, *, #2881, .T. ) ;
#4440 = DIRECTION ( 'NONE',  ( -0.000000000000000000, -1.000000000000000000, -0.000000000000000000 ) ) ;
#4441 = ORIENTED_EDGE ( 'NONE', *, *, #3761, .F. ) ;
#4442 = CYLINDRICAL_SURFACE ( 'NONE', #5528, 60.64999999999999858 ) ;
#4443 = FACE_OUTER_BOUND ( 'NONE', #2913, .T. ) ;
#4444 = CARTESIAN_POINT ( 'NONE',  ( -49.98320533644600516, 9.500000000000000000, 1.268944909570270729 ) ) ;
#4445 = DIRECTION ( 'NONE',  ( 0.000000000000000000, -1.000000000000000000, 0.000000000000000000 ) ) ;
#4446 = VERTEX_POINT ( 'NONE', #3932 ) ;
#4447 = EDGE_CURVE ( 'NONE', #5273, #3001, #5463, .T. ) ;
#4448 = DIRECTION ( 'NONE',  ( -0.000000000000000000, -1.000000000000000000, -0.000000000000000000 ) ) ;
#4449 = EDGE_CURVE ( 'NONE', #3797, #933, #3280, .T. ) ;
#4450 = CARTESIAN_POINT ( 'NONE',  ( -49.98320533644603358, 9.500000000000000000, -3.418944909569844981 ) ) ;
#4451 = FACE_OUTER_BOUND ( 'NONE', #391, .T. ) ;
#4452 = EDGE_LOOP ( 'NONE', ( #3573, #278, #4469, #6387 ) ) ;
#4453 = CARTESIAN_POINT ( 'NONE',  ( 40.93019163982280872, -1.214306433183764966E-14, -26.74168413795539223 ) ) ;
#4454 = CARTESIAN_POINT ( 'NONE',  ( -49.98320533644603358, -1.387778780781445676E-14, -5.568944909569768065 ) ) ;
#4455 = ORIENTED_EDGE ( 'NONE', *, *, #2458, .F. ) ;
#4456 = CARTESIAN_POINT ( 'NONE',  ( 36.61488181033361400, 9.500000000000000000, -36.34591247525490587 ) ) ;
#4457 = DIRECTION ( 'NONE',  ( 0.000000000000000000, 0.000000000000000000, 1.000000000000000000 ) ) ;
#4458 = CARTESIAN_POINT ( 'NONE',  ( -13.51681823496694257, -0.5000000000000004441, -48.24215609612473799 ) ) ;
#4459 = CARTESIAN_POINT ( 'NONE',  ( 13.51681823496627821, -0.5000000000000004441, -50.89215609612483604 ) ) ;
#4460 = FACE_OUTER_BOUND ( 'NONE', #446, .T. ) ;
#4461 = VERTEX_POINT ( 'NONE', #6304 ) ;
#4462 = ORIENTED_EDGE ( 'NONE', *, *, #5089, .T. ) ;
#4463 = EDGE_CURVE ( 'NONE', #6650, #872, #5961, .T. ) ;
#4464 = VECTOR ( 'NONE', #699, 999.9999999999998863 ) ;
#4465 = CARTESIAN_POINT ( 'NONE',  ( 13.51681823496627821, -0.5000000000000004441, -48.24215609612492273 ) ) ;
#4466 = FACE_BOUND ( 'NONE', #1905, .T. ) ;
#4467 = VERTEX_POINT ( 'NONE', #639 ) ;
#4468 = LINE ( 'NONE', #1584, #2596 ) ;
#4469 = ORIENTED_EDGE ( 'NONE', *, *, #1664, .T. ) ;
#4470 = CARTESIAN_POINT ( 'NONE',  ( 0.000000000000000000, 11.00000000000000000, 0.000000000000000000 ) ) ;
#4471 = AXIS2_PLACEMENT_3D ( 'NONE', #462, #5094, #4521 ) ;
#4472 = ORIENTED_EDGE ( 'NONE', *, *, #1925, .F. ) ;
#4473 = DIRECTION ( 'NONE',  ( 0.000000000000000000, 0.000000000000000000, 1.000000000000000000 ) ) ;
#4474 = EDGE_CURVE ( 'NONE', #2914, #7470, #2998, .T. ) ;
#4475 = CARTESIAN_POINT ( 'NONE',  ( 20.89958796480521386, 11.00000000000000000, 51.27960459969808937 ) ) ;
#4476 = CIRCLE ( 'NONE', #5452, 2.149999999999922640 ) ;
#4477 = DIRECTION ( 'NONE',  ( 0.000000000000000000, 0.000000000000000000, 1.000000000000000000 ) ) ;
#4478 = ORIENTED_EDGE ( 'NONE', *, *, #2518, .T. ) ;
#4479 = DIRECTION ( 'NONE',  ( 0.000000000000000000, -1.000000000000000000, 0.000000000000000000 ) ) ;
#4480 = EDGE_LOOP ( 'NONE', ( #1057, #6430, #2589, #6225 ) ) ;
#4481 = DIRECTION ( 'NONE',  ( 0.000000000000000000, 1.000000000000000000, 0.000000000000000000 ) ) ;
#4482 = DIRECTION ( 'NONE',  ( 0.000000000000000000, 0.000000000000000000, 1.000000000000000000 ) ) ;
#4483 = AXIS2_PLACEMENT_3D ( 'NONE', #975, #5613, #7407 ) ;
#4484 = ADVANCED_FACE ( 'NONE', ( #3065 ), #3598, .F. ) ;
#4485 = DIRECTION ( 'NONE',  ( 0.000000000000000000, -1.000000000000000000, 0.000000000000000000 ) ) ;
#4486 = ORIENTED_EDGE ( 'NONE', *, *, #2943, .F. ) ;
#4487 = VECTOR ( 'NONE', #930, 1000.000000000000114 ) ;
#4488 = EDGE_LOOP ( 'NONE', ( #121, #2752 ) ) ;
#4489 = CARTESIAN_POINT ( 'NONE',  ( 19.95989460129610649, -0.5000000000000004441, -48.60228620542336841 ) ) ;
#4490 = FACE_OUTER_BOUND ( 'NONE', #467, .T. ) ;
#4491 = ORIENTED_EDGE ( 'NONE', *, *, #315, .F. ) ;
#4492 = DIRECTION ( 'NONE',  ( -0.000000000000000000, -1.000000000000000000, -0.000000000000000000 ) ) ;
#4493 = DIRECTION ( 'NONE',  ( -0.000000000000000000, -1.000000000000000000, -0.000000000000000000 ) ) ;
#4494 = EDGE_CURVE ( 'NONE', #1482, #7069, #3758, .T. ) ;
#4495 = VECTOR ( 'NONE', #4758, 1000.000000000000000 ) ;
#4496 = CARTESIAN_POINT ( 'NONE',  ( 49.05211279288445780, 9.500000000000000000, 10.19314625393647411 ) ) ;
#4497 = FACE_BOUND ( 'NONE', #4488, .T. ) ;
#4498 = LINE ( 'NONE', #1492, #2495 ) ;
#4499 = CIRCLE ( 'NONE', #5728, 2.149999999999922640 ) ;
#4500 = VERTEX_POINT ( 'NONE', #713 ) ;
#4501 = VERTEX_POINT ( 'NONE', #4769 ) ;
#4502 = PERSON_AND_ORGANIZATION ( #4236, #439 ) ;
#4503 = ADVANCED_FACE ( 'NONE', ( #3105 ), #1951, .F. ) ;
#4504 = AXIS2_PLACEMENT_3D ( 'NONE', #1168, #6994, #5198 ) ;
#4505 = CARTESIAN_POINT ( 'NONE',  ( -40.93019163982300768, -1.387778780781445676E-14, 31.04168413795495951 ) ) ;
#4506 = DIRECTION ( 'NONE',  ( 0.000000000000000000, 0.000000000000000000, -1.000000000000000000 ) ) ;
#4507 = VERTEX_POINT ( 'NONE', #5381 ) ;
#4508 = DIRECTION ( 'NONE',  ( 0.000000000000000000, 1.000000000000000000, 0.000000000000000000 ) ) ;
#4509 = CYLINDRICAL_SURFACE ( 'NONE', #6988, 2.149999999999922640 ) ;
#4510 = ORIENTED_EDGE ( 'NONE', *, *, #2276, .F. ) ;
#4511 = EDGE_CURVE ( 'NONE', #5610, #5488, #3875, .T. ) ;
#4512 = DIRECTION ( 'NONE',  ( 0.000000000000000000, -0.000000000000000000, -1.000000000000000000 ) ) ;
#4513 = ORIENTED_EDGE ( 'NONE', *, *, #1707, .T. ) ;
#4514 = DIRECTION ( 'NONE',  ( 0.000000000000000000, -1.000000000000000000, 0.000000000000000000 ) ) ;
#4515 = PLANE ( 'NONE',  #1580 ) ;
#4516 = DIRECTION ( 'NONE',  ( 0.000000000000000000, 0.000000000000000000, -1.000000000000000000 ) ) ;
#4517 = ORIENTED_EDGE ( 'NONE', *, *, #1885, .T. ) ;
#4518 = FACE_OUTER_BOUND ( 'NONE', #2189, .T. ) ;
#4519 = EDGE_LOOP ( 'NONE', ( #3147, #4517 ) ) ;
#4520 = EDGE_CURVE ( 'NONE', #3361, #7275, #5423, .T. ) ;
#4521 = DIRECTION ( 'NONE',  ( 0.000000000000000000, 0.000000000000000000, -1.000000000000000000 ) ) ;
#4522 = CARTESIAN_POINT ( 'NONE',  ( -47.04951716605319234, -0.5000000000000004441, -29.20160200128195882 ) ) ;
#4523 = CARTESIAN_POINT ( 'NONE',  ( -49.05211279288440807, 9.500000000000000000, -10.19314625393680274 ) ) ;
#4524 = EDGE_LOOP ( 'NONE', ( #6598, #2433, #3040, #876 ) ) ;
#4525 = EDGE_CURVE ( 'NONE', #7180, #4957, #739, .T. ) ;
#4526 = DIRECTION ( 'NONE',  ( -0.000000000000000000, -1.000000000000000000, -0.000000000000000000 ) ) ;
#4527 = DIRECTION ( 'NONE',  ( -0.000000000000000000, -1.000000000000000000, -0.000000000000000000 ) ) ;
#4528 = EDGE_LOOP ( 'NONE', ( #682, #4270 ) ) ;
#4529 = EDGE_CURVE ( 'NONE', #249, #2075, #5963, .T. ) ;
#4530 = CARTESIAN_POINT ( 'NONE',  ( 33.95964629695709647, 11.00000000000000000, -43.73937640599801568 ) ) ;
#4531 = CARTESIAN_POINT ( 'NONE',  ( 39.95001788498536399, -0.5000000000000004441, 35.84562160129032549 ) ) ;
#4532 = CARTESIAN_POINT ( 'NONE',  ( -19.95989460129642978, -0.5000000000000004441, 43.30228620542340678 ) ) ;
#4533 = FACE_BOUND ( 'NONE', #4045, .T. ) ;
#4534 = CARTESIAN_POINT ( 'NONE',  ( 40.93019163982339848, -1.214306433183764966E-14, 26.74168413795456445 ) ) ;
#4535 = ORIENTED_EDGE ( 'NONE', *, *, #2881, .F. ) ;
#4536 = EDGE_CURVE ( 'NONE', #5964, #6247, #5714, .T. ) ;
#4537 = VECTOR ( 'NONE', #3156, 1000.000000000000000 ) ;
#4538 = VERTEX_POINT ( 'NONE', #782 ) ;
#4539 = EDGE_CURVE ( 'NONE', #6047, #1297, #495, .T. ) ;
#4540 = VERTEX_POINT ( 'NONE', #1892 ) ;
#4541 = SHAPE_DEFINITION_REPRESENTATION ( #2822, #977 ) ;
#4542 = CIRCLE ( 'NONE', #2365, 2.149999999999922640 ) ;
#4543 = CIRCLE ( 'NONE', #5891, 2.149999999999922640 ) ;
#4544 = CIRCLE ( 'NONE', #3687, 2.149999999999922640 ) ;
#4545 = VECTOR ( 'NONE', #984, 1000.000000000000000 ) ;
#4546 = LINE ( 'NONE', #5578, #6438 ) ;
#4547 = ORIENTED_EDGE ( 'NONE', *, *, #509, .F. ) ;
#4548 = AXIS2_PLACEMENT_3D ( 'NONE', #7209, #3205, #5962 ) ;
#4549 = DIRECTION ( 'NONE',  ( 0.000000000000000000, 0.000000000000000000, -1.000000000000000000 ) ) ;
#4550 = CIRCLE ( 'NONE', #2373, 2.149999999999922640 ) ;
#4551 = DIRECTION ( 'NONE',  ( 0.000000000000000000, -0.7071067811865435759, -0.7071067811865515695 ) ) ;
#4552 = ORIENTED_EDGE ( 'NONE', *, *, #6389, .T. ) ;
#4553 = CARTESIAN_POINT ( 'NONE',  ( -26.03115589677527097, -1.561251128379126385E-14, -42.80641216777904390 ) ) ;
#4554 = ORIENTED_EDGE ( 'NONE', *, *, #2608, .F. ) ;
#4555 = ADVANCED_FACE ( 'NONE', ( #182 ), #7173, .F. ) ;
#4556 = LINE ( 'NONE', #6890, #905 ) ;
#4557 = CIRCLE ( 'NONE', #3806, 2.500000000000203393 ) ;
#4558 = VECTOR ( 'NONE', #6359, 1000.000000000000000 ) ;
#4559 = CONICAL_SURFACE ( 'NONE', #2741, 2.149999999999915978, 0.7853981633974543852 ) ;
#4560 = VECTOR ( 'NONE', #6654, 1000.000000000000000 ) ;
#4561 = VECTOR ( 'NONE', #5069, 1000.000000000000000 ) ;
#4562 = CARTESIAN_POINT ( 'NONE',  ( -40.93019163982320663, 9.500000000000000000, -28.89168413795475487 ) ) ;
#4563 = DIRECTION ( 'NONE',  ( 0.000000000000000000, -1.000000000000000000, 0.000000000000000000 ) ) ;
#4564 = ORIENTED_EDGE ( 'NONE', *, *, #7097, .T. ) ;
#4565 = CARTESIAN_POINT ( 'NONE',  ( -6.821949119721629096, 9.500000000000000000, 49.63336589642023000 ) ) ;
#4566 = ORIENTED_EDGE ( 'NONE', *, *, #6210, .F. ) ;
#4567 = DIRECTION ( 'NONE',  ( -0.000000000000000000, -1.000000000000000000, -0.000000000000000000 ) ) ;
#4568 = AXIS2_PLACEMENT_3D ( 'NONE', #5012, #4836, #5984 ) ;
#4569 = DIRECTION ( 'NONE',  ( 0.000000000000000000, -1.000000000000000000, 0.000000000000000000 ) ) ;
#4570 = ADVANCED_FACE ( 'NONE', ( #3631 ), #4007, .F. ) ;
#4571 = CONICAL_SURFACE ( 'NONE', #7010, 2.149999999999922640, 0.7853981633974548293 ) ;
#4572 = CARTESIAN_POINT ( 'NONE',  ( -49.05211279288440807, 9.500000000000000000, -10.19314625393680274 ) ) ;
#4573 = ORIENTED_EDGE ( 'NONE', *, *, #5958, .T. ) ;
#4574 = CYLINDRICAL_SURFACE ( 'NONE', #5074, 2.149999999999922640 ) ;
#4575 = CYLINDRICAL_SURFACE ( 'NONE', #3050, 2.149999999999922640 ) ;
#4576 = DIRECTION ( 'NONE',  ( 0.000000000000000000, 1.000000000000000000, 0.000000000000000000 ) ) ;
#4577 = DIRECTION ( 'NONE',  ( 0.000000000000000000, 1.000000000000000000, 0.000000000000000000 ) ) ;
#4578 = ADVANCED_FACE ( 'NONE', ( #3667 ), #6455, .F. ) ;
#4579 = DIRECTION ( 'NONE',  ( 0.000000000000000000, -1.000000000000000000, 0.000000000000000000 ) ) ;
#4580 = FACE_BOUND ( 'NONE', #5494, .T. ) ;
#4581 = DIRECTION ( 'NONE',  ( 0.000000000000000000, -1.000000000000000000, 0.000000000000000000 ) ) ;
#4582 = ORIENTED_EDGE ( 'NONE', *, *, #5942, .F. ) ;
#4583 = ORIENTED_EDGE ( 'NONE', *, *, #6762, .T. ) ;
#4584 = EDGE_LOOP ( 'NONE', ( #4388, #709 ) ) ;
#4585 = ADVANCED_FACE ( 'NONE', ( #4734 ), #4207, .F. ) ;
#4586 = EDGE_CURVE ( 'NONE', #2715, #6166, #850, .T. ) ;
#4587 = FACE_OUTER_BOUND ( 'NONE', #1882, .T. ) ;
#4588 = ORIENTED_EDGE ( 'NONE', *, *, #842, .T. ) ;
#4589 = DIRECTION ( 'NONE',  ( 0.000000000000000000, 0.000000000000000000, 1.000000000000000000 ) ) ;
#4590 = DIRECTION ( 'NONE',  ( 0.000000000000000000, 0.000000000000000000, 1.000000000000000000 ) ) ;
#4591 = ORIENTED_EDGE ( 'NONE', *, *, #2758, .F. ) ;
#4592 = ORIENTED_EDGE ( 'NONE', *, *, #6724, .T. ) ;
#4593 = CARTESIAN_POINT ( 'NONE',  ( 31.61750601073556766, -1.214306433183764966E-14, 41.01313566429108448 ) ) ;
#4594 = AXIS2_PLACEMENT_3D ( 'NONE', #2366, #7232, #3154 ) ;
#4595 = EDGE_CURVE ( 'NONE', #3354, #4538, #5992, .T. ) ;
#4596 = CARTESIAN_POINT ( 'NONE',  ( -49.05211279288432280, 9.500000000000000000, 10.19314625393714024 ) ) ;
#4597 = LINE ( 'NONE', #6893, #2494 ) ;
#4598 = ORIENTED_EDGE ( 'NONE', *, *, #5002, .F. ) ;
#4599 = FACE_OUTER_BOUND ( 'NONE', #3082, .T. ) ;
#4600 = ORIENTED_EDGE ( 'NONE', *, *, #273, .F. ) ;
#4601 = CARTESIAN_POINT ( 'NONE',  ( 40.93019163982280872, -0.5000000000000004441, -28.89168413795531620 ) ) ;
#4602 = DIRECTION ( 'NONE',  ( -0.000000000000000000, -1.000000000000000000, -0.000000000000000000 ) ) ;
#4603 = EDGE_CURVE ( 'NONE', #1163, #5921, #3401, .T. ) ;
#4604 = LINE ( 'NONE', #3909, #4558 ) ;
#4605 = ORIENTED_EDGE ( 'NONE', *, *, #2289, .T. ) ;
#4606 = CARTESIAN_POINT ( 'NONE',  ( 31.61750601073556766, 9.500000000000000000, 38.86313566429116406 ) ) ;
#4607 = AXIS2_PLACEMENT_3D ( 'NONE', #1421, #1457, #6064 ) ;
#4608 = CARTESIAN_POINT ( 'NONE',  ( 49.98320533644598385, 9.500000000000000000, -3.418944909570555968 ) ) ;
#4609 = DIRECTION ( 'NONE',  ( 0.000000000000000000, 0.000000000000000000, 1.000000000000000000 ) ) ;
#4610 = ADVANCED_FACE ( 'NONE', ( #6174 ), #4954, .F. ) ;
#4611 = LINE ( 'NONE', #4505, #2191 ) ;
#4612 = LINE ( 'NONE', #1692, #918 ) ;
#4613 = FACE_BOUND ( 'NONE', #5547, .T. ) ;
#4614 = PLANE ( 'NONE',  #3589 ) ;
#4615 = EDGE_LOOP ( 'NONE', ( #5650, #7029, #2463, #3811 ) ) ;
#4616 = ADVANCED_FACE ( 'NONE', ( #3246 ), #4618, .F. ) ;
#4617 = ORIENTED_EDGE ( 'NONE', *, *, #4494, .F. ) ;
#4618 = CONICAL_SURFACE ( 'NONE', #6808, 2.149999999999922640, 0.7853981633974557175 ) ;
#4619 = VECTOR ( 'NONE', #6292, 1000.000000000000000 ) ;
#4620 = DIRECTION ( 'NONE',  ( 0.000000000000000000, -1.000000000000000000, 0.000000000000000000 ) ) ;
#4621 = EDGE_LOOP ( 'NONE', ( #3555, #2426, #2504, #924 ) ) ;
#4622 = CARTESIAN_POINT ( 'NONE',  ( 44.48304944195920996, -1.214306433183764966E-14, 23.04925839033030854 ) ) ;
#4623 = DIRECTION ( 'NONE',  ( 0.000000000000000000, -1.000000000000000000, 0.000000000000000000 ) ) ;
#4624 = VERTEX_POINT ( 'NONE', #7208 ) ;
#4625 = EDGE_LOOP ( 'NONE', ( #3681, #3402 ) ) ;
#4626 = ADVANCED_FACE ( 'NONE', ( #399, #2711 ), #968, .F. ) ;
#4627 = CARTESIAN_POINT ( 'NONE',  ( -13.51681823496661572, -0.5000000000000004441, 48.24215609612481614 ) ) ;
#4628 = DIRECTION ( 'NONE',  ( 0.000000000000000000, -1.000000000000000000, 0.000000000000000000 ) ) ;
#4629 = CARTESIAN_POINT ( 'NONE',  ( -47.20727219815295683, -1.214306433183764966E-14, -14.62746856976635357 ) ) ;
#4630 = ORIENTED_EDGE ( 'NONE', *, *, #4586, .T. ) ;
#4631 = CARTESIAN_POINT ( 'NONE',  ( -6.821949119721629096, -1.387778780781445676E-14, 49.63336589642023000 ) ) ;
#4632 = ORIENTED_EDGE ( 'NONE', *, *, #4870, .T. ) ;
#4633 = CARTESIAN_POINT ( 'NONE',  ( 47.20727219815306341, -1.561251128379126385E-14, 16.77746856976595780 ) ) ;
#4634 = FACE_OUTER_BOUND ( 'NONE', #2438, .T. ) ;
#4635 = ADVANCED_FACE ( 'NONE', ( #2071 ), #3169, .T. ) ;
#4636 = CARTESIAN_POINT ( 'NONE',  ( -13.51681823496694257, 9.500000000000000000, -50.39215609612465840 ) ) ;
#4637 = EDGE_LOOP ( 'NONE', ( #6466, #2887, #4, #2636 ) ) ;
#4638 = CARTESIAN_POINT ( 'NONE',  ( -36.61488181033408296, 9.500000000000000000, -36.34591247525442981 ) ) ;
#4639 = CARTESIAN_POINT ( 'NONE',  ( -49.98320533644603358, -1.387778780781445676E-14, -3.418944909569844981 ) ) ;
#4640 = CARTESIAN_POINT ( 'NONE',  ( 0.000000000000000000, 9.999999999999991118, 0.000000000000000000 ) ) ;
#4641 = PLANE ( 'NONE',  #1220 ) ;
#4642 = EDGE_CURVE ( 'NONE', #2894, #4272, #7321, .T. ) ;
#4643 = DIRECTION ( 'NONE',  ( 0.000000000000000000, -1.000000000000000000, 0.000000000000000000 ) ) ;
#4644 = EDGE_CURVE ( 'NONE', #5658, #604, #6322, .T. ) ;
#4645 = CARTESIAN_POINT ( 'NONE',  ( 6.821949119721279153, -1.214306433183764966E-14, -47.48336589642033090 ) ) ;
#4646 = DIRECTION ( 'NONE',  ( 0.000000000000000000, -1.000000000000000000, 0.000000000000000000 ) ) ;
#4647 = CARTESIAN_POINT ( 'NONE',  ( -9.781252527309565181, 11.00000000000000000, -54.50429087693013486 ) ) ;
#4648 = ORIENTED_EDGE ( 'NONE', *, *, #6160, .F. ) ;
#4649 = ORIENTED_EDGE ( 'NONE', *, *, #328, .T. ) ;
#4650 = EDGE_CURVE ( 'NONE', #5708, #2688, #4856, .T. ) ;
#4651 = EDGE_CURVE ( 'NONE', #4779, #4500, #1339, .T. ) ;
#4652 = VECTOR ( 'NONE', #2448, 1000.000000000000000 ) ;
#4653 = CARTESIAN_POINT ( 'NONE',  ( 40.93019163982280872, 9.500000000000000000, -28.89168413795531620 ) ) ;
#4654 = AXIS2_PLACEMENT_3D ( 'NONE', #212, #4803, #5867 ) ;
#4655 = ORIENTED_EDGE ( 'NONE', *, *, #882, .F. ) ;
#4656 = LINE ( 'NONE', #3368, #1719 ) ;
#4657 = DIRECTION ( 'NONE',  ( 0.000000000000000000, 0.000000000000000000, 1.000000000000000000 ) ) ;
#4658 = ORIENTED_EDGE ( 'NONE', *, *, #5667, .T. ) ;
#4659 = ORIENTED_EDGE ( 'NONE', *, *, #3151, .F. ) ;
#4660 = CARTESIAN_POINT ( 'NONE',  ( -6.821949119721629096, 9.500000000000000000, 49.63336589642023000 ) ) ;
#4661 = AXIS2_PLACEMENT_3D ( 'NONE', #410, #6272, #5047 ) ;
#4662 = AXIS2_PLACEMENT_3D ( 'NONE', #1711, #3946, #5090 ) ;
#4663 = AXIS2_PLACEMENT_3D ( 'NONE', #7374, #1094, #2159 ) ;
#4664 = ADVANCED_FACE ( 'NONE', ( #3282 ), #5607, .T. ) ;
#4665 = DIRECTION ( 'NONE',  ( 0.000000000000000000, 0.000000000000000000, -1.000000000000000000 ) ) ;
#4666 = AXIS2_PLACEMENT_3D ( 'NONE', #1300, #1218, #3534 ) ;
#4667 = FACE_OUTER_BOUND ( 'NONE', #6984, .T. ) ;
#4668 = ORIENTED_EDGE ( 'NONE', *, *, #3469, .F. ) ;
#4669 = CARTESIAN_POINT ( 'NONE',  ( 5.645621744069300427E-15, 11.00000000000000000, -46.10000000000001563 ) ) ;
#4670 = ORIENTED_EDGE ( 'NONE', *, *, #3124, .F. ) ;
#4671 = AXIS2_PLACEMENT_3D ( 'NONE', #3588, #2456, #4729 ) ;
#4672 = DIRECTION ( 'NONE',  ( 0.000000000000000000, 1.000000000000000000, 0.000000000000000000 ) ) ;
#4673 = ORIENTED_EDGE ( 'NONE', *, *, #4529, .T. ) ;
#4674 = AXIS2_PLACEMENT_3D ( 'NONE', #1643, #5181, #7502 ) ;
#4675 = DIRECTION ( 'NONE',  ( -0.000000000000000000, -1.000000000000000000, -0.000000000000000000 ) ) ;
#4676 = VECTOR ( 'NONE', #5993, 1000.000000000000114 ) ;
#4677 = CIRCLE ( 'NONE', #5407, 2.149999999999922640 ) ;
#4678 = AXIS2_PLACEMENT_3D ( 'NONE', #1102, #5210, #7456 ) ;
#4679 = EDGE_CURVE ( 'NONE', #4712, #4538, #6193, .T. ) ;
#4680 = LINE ( 'NONE', #618, #4917 ) ;
#4681 = VECTOR ( 'NONE', #5020, 1000.000000000000000 ) ;
#4682 = AXIS2_PLACEMENT_3D ( 'NONE', #7074, #683, #7034 ) ;
#4683 = EDGE_CURVE ( 'NONE', #4235, #2314, #7365, .T. ) ;
#4684 = AXIS2_PLACEMENT_3D ( 'NONE', #6567, #4274, #6639 ) ;
#4685 = VERTEX_POINT ( 'NONE', #3204 ) ;
#4686 = DIRECTION ( 'NONE',  ( 0.000000000000000000, -0.7071067811865426878, -0.7071067811865524577 ) ) ;
#4687 = FACE_OUTER_BOUND ( 'NONE', #5549, .T. ) ;
#4688 = DIRECTION ( 'NONE',  ( 0.000000000000000000, 0.000000000000000000, 1.000000000000000000 ) ) ;
#4689 = LINE ( 'NONE', #1189, #251 ) ;
#4690 = CIRCLE ( 'NONE', #5299, 2.649999999999916422 ) ;
#4691 = CARTESIAN_POINT ( 'NONE',  ( -31.61750601073530476, -6.938893903907228378E-15, -38.86313566429139144 ) ) ;
#4692 = DIRECTION ( 'NONE',  ( -0.000000000000000000, -1.000000000000000000, -0.000000000000000000 ) ) ;
#4693 = DIRECTION ( 'NONE',  ( 0.000000000000000000, -1.000000000000000000, 0.000000000000000000 ) ) ;
#4694 = FACE_OUTER_BOUND ( 'NONE', #3516, .T. ) ;
#4695 = ORIENTED_EDGE ( 'NONE', *, *, #3243, .T. ) ;
#4696 = DIRECTION ( 'NONE',  ( 0.000000000000000000, 0.000000000000000000, -1.000000000000000000 ) ) ;
#4697 = VERTEX_POINT ( 'NONE', #819 ) ;
#4698 = FACE_OUTER_BOUND ( 'NONE', #1573, .T. ) ;
#4699 = EDGE_LOOP ( 'NONE', ( #655, #4895 ) ) ;
#4700 = CARTESIAN_POINT ( 'NONE',  ( 49.98320533644598385, -0.5000000000000004441, -3.418944909570555968 ) ) ;
#4701 = CARTESIAN_POINT ( 'NONE',  ( 48.81408774733904465, 11.00000000000000000, -28.64527610095373689 ) ) ;
#4702 = VERTEX_POINT ( 'NONE', #5455 ) ;
#4703 = VERTEX_POINT ( 'NONE', #254 ) ;
#4704 = DIRECTION ( 'NONE',  ( 0.000000000000000000, 0.000000000000000000, 1.000000000000000000 ) ) ;
#4705 = EDGE_CURVE ( 'NONE', #5747, #3225, #2922, .T. ) ;
#4706 = CARTESIAN_POINT ( 'NONE',  ( -36.61488181033408296, -1.214306433183764966E-14, -34.19591247525450228 ) ) ;
#4707 = CARTESIAN_POINT ( 'NONE',  ( 13.51681823496627821, -1.214306433183764966E-14, -48.24215609612492273 ) ) ;
#4708 = ORIENTED_EDGE ( 'NONE', *, *, #273, .T. ) ;
#4709 = DIRECTION ( 'NONE',  ( 0.000000000000000000, 0.000000000000000000, -1.000000000000000000 ) ) ;
#4710 = ORIENTED_EDGE ( 'NONE', *, *, #1898, .F. ) ;
#4711 = DIRECTION ( 'NONE',  ( 0.000000000000000000, -1.000000000000000000, 0.000000000000000000 ) ) ;
#4712 = VERTEX_POINT ( 'NONE', #6640 ) ;
#4713 = CARTESIAN_POINT ( 'NONE',  ( 7.427482836828697149E-15, 11.00000000000000000, 60.64999999999999858 ) ) ;
#4714 = EDGE_CURVE ( 'NONE', #5230, #503, #6557, .T. ) ;
#4715 = AXIS2_PLACEMENT_3D ( 'NONE', #6781, #1561, #995 ) ;
#4716 = DIRECTION ( 'NONE',  ( 0.000000000000000000, -1.000000000000000000, 0.000000000000000000 ) ) ;
#4717 = VERTEX_POINT ( 'NONE', #2600 ) ;
#4718 = CARTESIAN_POINT ( 'NONE',  ( -19.95989460129674598, 9.500000000000000000, -48.10228620542311972 ) ) ;
#4719 = CARTESIAN_POINT ( 'NONE',  ( 44.48304944195874100, -0.5000000000000004441, -20.39925839033128696 ) ) ;
#4720 = AXIS2_PLACEMENT_3D ( 'NONE', #16, #2325, #7080 ) ;
#4721 = EDGE_CURVE ( 'NONE', #1574, #2227, #5335, .T. ) ;
#4722 = CARTESIAN_POINT ( 'NONE',  ( -31.10451112088840731, 11.00000000000000000, -45.81375353461597655 ) ) ;
#4723 = AXIS2_PLACEMENT_3D ( 'NONE', #2985, #5302, #1344 ) ;
#4724 = CONICAL_SURFACE ( 'NONE', #3027, 2.149999999999922640, 0.7853981633974552734 ) ;
#4725 = CARTESIAN_POINT ( 'NONE',  ( 13.51681823496726231, 9.500000000000000000, 48.24215609612464561 ) ) ;
#4726 = CARTESIAN_POINT ( 'NONE',  ( 26.03115589677558006, 9.500000000000000000, 42.80641216777885916 ) ) ;
#4727 = DIRECTION ( 'NONE',  ( 0.000000000000000000, 0.000000000000000000, 1.000000000000000000 ) ) ;
#4728 = ORIENTED_EDGE ( 'NONE', *, *, #464, .F. ) ;
#4729 = DIRECTION ( 'NONE',  ( 0.000000000000000000, 0.000000000000000000, 1.000000000000000000 ) ) ;
#4730 = VERTEX_POINT ( 'NONE', #4459 ) ;
#4731 = EDGE_CURVE ( 'NONE', #1854, #7205, #2186, .T. ) ;
#4732 = DIRECTION ( 'NONE',  ( 0.000000000000000000, -1.000000000000000000, 0.000000000000000000 ) ) ;
#4733 = ORIENTED_EDGE ( 'NONE', *, *, #4650, .T. ) ;
#4734 = FACE_OUTER_BOUND ( 'NONE', #5032, .T. ) ;
#4735 = DIRECTION ( 'NONE',  ( 0.000000000000000000, 1.000000000000000000, 0.000000000000000000 ) ) ;
#4736 = EDGE_LOOP ( 'NONE', ( #1736, #6915 ) ) ;
#4737 = VERTEX_POINT ( 'NONE', #6789 ) ;
#4738 = AXIS2_PLACEMENT_3D ( 'NONE', #3393, #1607, #5066 ) ;
#4739 = CARTESIAN_POINT ( 'NONE',  ( 36.61488181033430322, 9.500000000000000000, 34.19591247525423228 ) ) ;
#4740 = ADVANCED_FACE ( 'NONE', ( #6215 ), #7162, .F. ) ;
#4741 = VECTOR ( 'NONE', #7505, 1000.000000000000000 ) ;
#4742 = CARTESIAN_POINT ( 'NONE',  ( 19.95989460129610649, 9.500000000000000000, -43.80228620542352758 ) ) ;
#4743 = AXIS2_PLACEMENT_3D ( 'NONE', #3852, #4643, #2192 ) ;
#4744 = CARTESIAN_POINT ( 'NONE',  ( 31.61750601073477895, -0.5000000000000004441, -38.86313566429182487 ) ) ;
#4745 = ORIENTED_EDGE ( 'NONE', *, *, #2024, .F. ) ;
#4746 = EDGE_CURVE ( 'NONE', #550, #6780, #5145, .T. ) ;
#4747 = DIRECTION ( 'NONE',  ( -0.000000000000000000, -1.000000000000000000, -0.000000000000000000 ) ) ;
#4748 = ORIENTED_EDGE ( 'NONE', *, *, #95, .T. ) ;
#4749 = CARTESIAN_POINT ( 'NONE',  ( 3.498464301520819496E-13, 9.500000000000000000, 47.95000000000007390 ) ) ;
#4750 = VERTEX_POINT ( 'NONE', #1084 ) ;
#4751 = VECTOR ( 'NONE', #3779, 1000.000000000000000 ) ;
#4752 = DIRECTION ( 'NONE',  ( 0.000000000000000000, 0.000000000000000000, 1.000000000000000000 ) ) ;
#4753 = DIRECTION ( 'NONE',  ( 0.000000000000000000, 0.000000000000000000, -1.000000000000000000 ) ) ;
#4754 = ADVANCED_FACE ( 'NONE', ( #6948, #1729, #6831, #2150, #1002, #559, #2832, #7476, #3920, #2911, #3474, #1659, #5191, #1571, #1119, #6335, #5687, #3430, #4580, #6910, #3966, #1693, #2759, #7510, #5760, #2876, #5799, #6295, #2302, #4613, #4533, #4036, #1158, #6254, #5228, #1609, #5726, #3887, #5110, #3316, #5644, #442, #5070, #7399, #521, #477, #4497, #3359, #2795, #7436, #2224, #1264, #6410, #4195, #1771, #6524, #3545, #1308, #3620, #6444, #5985, #3585, #4230 ), #1231, .F. ) ;
#4755 = ORIENTED_EDGE ( 'NONE', *, *, #5209, .F. ) ;
#4756 = CARTESIAN_POINT ( 'NONE',  ( 49.98320533644598385, -1.214306433183764966E-14, -1.268944909570633772 ) ) ;
#4757 = CARTESIAN_POINT ( 'NONE',  ( 6.821949119721279153, 9.500000000000000000, -51.78336589642017884 ) ) ;
#4758 = DIRECTION ( 'NONE',  ( 8.659560562354983395E-17, -0.7071067811865435759, 0.7071067811865515695 ) ) ;
#4759 = ADVANCED_FACE ( 'NONE', ( #7058 ), #1918, .F. ) ;
#4760 = CARTESIAN_POINT ( 'NONE',  ( 6.821949119722316546, 9.500000000000000000, 49.63336589642008789 ) ) ;
#4761 = DIRECTION ( 'NONE',  ( 0.000000000000000000, 0.000000000000000000, -1.000000000000000000 ) ) ;
#4762 = CARTESIAN_POINT ( 'NONE',  ( -24.12361884325211392, -0.5000000000000004441, 49.84417357029304441 ) ) ;
#4763 = ORIENTED_EDGE ( 'NONE', *, *, #5284, .F. ) ;
#4764 = LINE ( 'NONE', #7094, #6377 ) ;
#4765 = VERTEX_POINT ( 'NONE', #4151 ) ;
#4766 = EDGE_CURVE ( 'NONE', #525, #6540, #7403, .T. ) ;
#4767 = LINE ( 'NONE', #5345, #3820 ) ;
#4768 = VERTEX_POINT ( 'NONE', #30 ) ;
#4769 = CARTESIAN_POINT ( 'NONE',  ( 49.05211279288428017, -0.5000000000000004441, -7.543146253937581314 ) ) ;
#4770 = EDGE_CURVE ( 'NONE', #5611, #4624, #742, .T. ) ;
#4771 = DIRECTION ( 'NONE',  ( 0.000000000000000000, -1.000000000000000000, 0.000000000000000000 ) ) ;
#4772 = VERTEX_POINT ( 'NONE', #6478 ) ;
#4773 = ORIENTED_EDGE ( 'NONE', *, *, #1636, .T. ) ;
#4774 = DIRECTION ( 'NONE',  ( -0.000000000000000000, -1.000000000000000000, -0.000000000000000000 ) ) ;
#4775 = AXIS2_PLACEMENT_3D ( 'NONE', #4226, #2942, #3017 ) ;
#4776 = CONICAL_SURFACE ( 'NONE', #1872, 2.149999999999922640, 0.7853981633974548293 ) ;
#4777 = CYLINDRICAL_SURFACE ( 'NONE', #7184, 2.149999999999922640 ) ;
#4778 = CARTESIAN_POINT ( 'NONE',  ( 6.821949119721279153, -0.5000000000000004441, -49.63336589642025842 ) ) ;
#4779 = VERTEX_POINT ( 'NONE', #3057 ) ;
#4780 = FACE_OUTER_BOUND ( 'NONE', #6133, .T. ) ;
#4781 = ORIENTED_EDGE ( 'NONE', *, *, #6696, .T. ) ;
#4782 = DIRECTION ( 'NONE',  ( 0.000000000000000000, -1.000000000000000000, 0.000000000000000000 ) ) ;
#4783 = EDGE_LOOP ( 'NONE', ( #1622, #1593, #287, #2633 ) ) ;
#4784 = CARTESIAN_POINT ( 'NONE',  ( 6.821949119722316546, -0.5000000000000004441, 52.28336589642000831 ) ) ;
#4785 = AXIS2_PLACEMENT_3D ( 'NONE', #5583, #2119, #2810 ) ;
#4786 = AXIS2_PLACEMENT_3D ( 'NONE', #1229, #5300, #7055 ) ;
#4787 = AXIS2_PLACEMENT_3D ( 'NONE', #2117, #1621, #451 ) ;
#4788 = AXIS2_PLACEMENT_3D ( 'NONE', #7120, #2439, #4752 ) ;
#4789 = CIRCLE ( 'NONE', #552, 2.149999999999915978 ) ;
#4790 = CARTESIAN_POINT ( 'NONE',  ( 47.20727219815270814, 9.500000000000000000, -14.62746856976702681 ) ) ;
#4791 = AXIS2_PLACEMENT_3D ( 'NONE', #5744, #5587, #2282 ) ;
#4792 = ORIENTED_EDGE ( 'NONE', *, *, #1707, .F. ) ;
#4793 = CONICAL_SURFACE ( 'NONE', #3942, 2.149999999999922640, 0.7853981633974543852 ) ;
#4794 = DIRECTION ( 'NONE',  ( 0.000000000000000000, 0.000000000000000000, 1.000000000000000000 ) ) ;
#4795 = AXIS2_PLACEMENT_3D ( 'NONE', #1749, #6399, #1182 ) ;
#4796 = CONICAL_SURFACE ( 'NONE', #2862, 2.149999999999922640, 0.7853981633974548293 ) ;
#4797 = FACE_OUTER_BOUND ( 'NONE', #1081, .T. ) ;
#4798 = CIRCLE ( 'NONE', #1515, 2.649999999999916422 ) ;
#4799 = EDGE_CURVE ( 'NONE', #903, #2082, #6312, .T. ) ;
#4800 = AXIS2_PLACEMENT_3D ( 'NONE', #1807, #2415, #1844 ) ;
#4801 = APPROVAL_PERSON_ORGANIZATION ( #2801, #5108, #2716 ) ;
#4802 = CIRCLE ( 'NONE', #4192, 2.149999999999922640 ) ;
#4803 = DIRECTION ( 'NONE',  ( 0.000000000000000000, -1.000000000000000000, 0.000000000000000000 ) ) ;
#4804 = CARTESIAN_POINT ( 'NONE',  ( -13.51681823496661572, 9.500000000000000000, 48.24215609612481614 ) ) ;
#4805 = FACE_OUTER_BOUND ( 'NONE', #6999, .T. ) ;
#4806 = CYLINDRICAL_SURFACE ( 'NONE', #801, 2.500000000000203393 ) ;
#4807 = ORIENTED_EDGE ( 'NONE', *, *, #1840, .T. ) ;
#4808 = CARTESIAN_POINT ( 'NONE',  ( -49.05211279288432280, 9.500000000000000000, 10.19314625393714024 ) ) ;
#4809 = VERTEX_POINT ( 'NONE', #704 ) ;
#4810 = VECTOR ( 'NONE', #7057, 1000.000000000000000 ) ;
#4811 = ADVANCED_FACE ( 'NONE', ( #4805 ), #6795, .F. ) ;
#4812 = FACE_OUTER_BOUND ( 'NONE', #2769, .T. ) ;
#4813 = DIRECTION ( 'NONE',  ( 0.000000000000000000, 0.000000000000000000, 1.000000000000000000 ) ) ;
#4814 = CARTESIAN_POINT ( 'NONE',  ( 19.95989460129610649, -0.5000000000000004441, -45.95228620542344800 ) ) ;
#4815 = EDGE_LOOP ( 'NONE', ( #1967, #2167, #569, #3240 ) ) ;
#4816 = ORIENTED_EDGE ( 'NONE', *, *, #2483, .T. ) ;
#4817 = FACE_OUTER_BOUND ( 'NONE', #2836, .T. ) ;
#4818 = ADVANCED_FACE ( 'NONE', ( #2488 ), #7091, .F. ) ;
#4819 = ADVANCED_FACE ( 'NONE', ( #7133 ), #484, .F. ) ;
#4820 = FACE_OUTER_BOUND ( 'NONE', #1112, .T. ) ;
#4821 = CARTESIAN_POINT ( 'NONE',  ( -6.821949119721629096, -1.387778780781445676E-14, 49.63336589642023000 ) ) ;
#4822 = EDGE_LOOP ( 'NONE', ( #4710, #4728, #6812, #35 ) ) ;
#4823 = DIRECTION ( 'NONE',  ( -0.4067366430757883289, 0.000000000000000000, -0.9135454576426061957 ) ) ;
#4824 = ORIENTED_EDGE ( 'NONE', *, *, #2222, .F. ) ;
#4825 = DIRECTION ( 'NONE',  ( 0.000000000000000000, -1.000000000000000000, -0.000000000000000000 ) ) ;
#4826 = ORIENTED_EDGE ( 'NONE', *, *, #4770, .T. ) ;
#4827 = DIRECTION ( 'NONE',  ( -0.5877852522924796874, 0.000000000000000000, 0.8090169943749427883 ) ) ;
#4828 = EDGE_CURVE ( 'NONE', #3248, #2576, #5821, .T. ) ;
#4829 = DIRECTION ( 'NONE',  ( 0.000000000000000000, -1.000000000000000000, 0.000000000000000000 ) ) ;
#4830 = ORIENTED_EDGE ( 'NONE', *, *, #5667, .F. ) ;
#4831 = DIRECTION ( 'NONE',  ( -0.000000000000000000, -1.000000000000000000, -0.000000000000000000 ) ) ;
#4832 = FACE_OUTER_BOUND ( 'NONE', #1551, .T. ) ;
#4833 = CIRCLE ( 'NONE', #115, 2.500000000000198952 ) ;
#4834 = EDGE_CURVE ( 'NONE', #6468, #4158, #6554, .T. ) ;
#4835 = DIRECTION ( 'NONE',  ( 0.000000000000000000, 0.000000000000000000, -1.000000000000000000 ) ) ;
#4836 = DIRECTION ( 'NONE',  ( 0.000000000000000000, -1.000000000000000000, 0.000000000000000000 ) ) ;
#4837 = ADVANCED_FACE ( 'NONE', ( #3020 ), #4237, .F. ) ;
#4838 = CYLINDRICAL_SURFACE ( 'NONE', #5703, 2.149999999999922640 ) ;
#4839 = AXIS2_PLACEMENT_3D ( 'NONE', #651, #4138, #3609 ) ;
#4840 = CARTESIAN_POINT ( 'NONE',  ( 26.03115589677469899, -1.561251128379126385E-14, -40.65641216777949296 ) ) ;
#4841 = ORIENTED_EDGE ( 'NONE', *, *, #4539, .T. ) ;
#4842 = DIRECTION ( 'NONE',  ( 0.000000000000000000, -1.000000000000000000, 0.000000000000000000 ) ) ;
#4843 = ORIENTED_EDGE ( 'NONE', *, *, #2565, .F. ) ;
#4844 = VECTOR ( 'NONE', #6128, 999.9999999999998863 ) ;
#4845 = AXIS2_PLACEMENT_3D ( 'NONE', #4707, #5357, #3447 ) ;
#4846 = DIRECTION ( 'NONE',  ( -0.000000000000000000, -1.000000000000000000, -0.000000000000000000 ) ) ;
#4847 = EDGE_CURVE ( 'NONE', #1386, #7514, #3636, .T. ) ;
#4848 = DIRECTION ( 'NONE',  ( 0.000000000000000000, -0.7071067811865426878, -0.7071067811865524577 ) ) ;
#4849 = FACE_OUTER_BOUND ( 'NONE', #1248, .T. ) ;
#4850 = ORIENTED_EDGE ( 'NONE', *, *, #1636, .F. ) ;
#4851 = ORIENTED_EDGE ( 'NONE', *, *, #2458, .T. ) ;
#4852 = AXIS2_PLACEMENT_3D ( 'NONE', #1868, #656, #2480 ) ;
#4853 = CIRCLE ( 'NONE', #6930, 2.149999999999922640 ) ;
#4854 = PERSON_AND_ORGANIZATION_ROLE ( 'design_owner' ) ;
#4855 = FACE_OUTER_BOUND ( 'NONE', #7009, .T. ) ;
#4856 = CIRCLE ( 'NONE', #20, 2.500000000000203393 ) ;
#4857 = CARTESIAN_POINT ( 'NONE',  ( 0.000000000000000000, 11.00000000000000000, 0.000000000000000000 ) ) ;
#4858 = ORIENTED_EDGE ( 'NONE', *, *, #1113, .T. ) ;
#4859 = CARTESIAN_POINT ( 'NONE',  ( -44.48304944195891153, -1.387778780781445676E-14, 23.04925839033091961 ) ) ;
#4860 = ORIENTED_EDGE ( 'NONE', *, *, #318, .F. ) ;
#4861 = EDGE_CURVE ( 'NONE', #4910, #2748, #2377, .T. ) ;
#4862 = CARTESIAN_POINT ( 'NONE',  ( 31.61750601073556766, -1.214306433183764966E-14, 38.86313566429116406 ) ) ;
#4863 = VERTEX_POINT ( 'NONE', #7276 ) ;
#4864 = PLANE ( 'NONE',  #4918 ) ;
#4865 = AXIS2_PLACEMENT_3D ( 'NONE', #2239, #6154, #6809 ) ;
#4866 = AXIS2_PLACEMENT_3D ( 'NONE', #5076, #3252, #1006 ) ;
#4867 = LINE ( 'NONE', #2021, #4906 ) ;
#4868 = AXIS2_PLACEMENT_3D ( 'NONE', #570, #3406, #5772 ) ;
#4869 = ORIENTED_EDGE ( 'NONE', *, *, #3356, .T. ) ;
#4870 = EDGE_CURVE ( 'NONE', #5281, #3111, #3144, .T. ) ;
#4871 = DIRECTION ( 'NONE',  ( 0.000000000000000000, -1.000000000000000000, 0.000000000000000000 ) ) ;
#4872 = EDGE_CURVE ( 'NONE', #6655, #3522, #2590, .T. ) ;
#4873 = CARTESIAN_POINT ( 'NONE',  ( -19.95989460129642978, -1.387778780781445676E-14, 45.95228620542332720 ) ) ;
#4874 = AXIS2_PLACEMENT_3D ( 'NONE', #38, #1781, #3328 ) ;
#4875 = DIRECTION ( 'NONE',  ( 0.000000000000000000, 0.000000000000000000, -1.000000000000000000 ) ) ;
#4876 = LINE ( 'NONE', #2521, #1935 ) ;
#4877 = ADVANCED_FACE ( 'NONE', ( #245 ), #2559, .F. ) ;
#4878 = DIRECTION ( 'NONE',  ( 0.000000000000000000, 1.000000000000000000, 0.000000000000000000 ) ) ;
#4879 = EDGE_LOOP ( 'NONE', ( #5340, #4332, #4278, #228 ) ) ;
#4880 = CARTESIAN_POINT ( 'NONE',  ( -40.93019163982320663, -1.387778780781445676E-14, -26.74168413795483445 ) ) ;
#4881 = ORIENTED_EDGE ( 'NONE', *, *, #1333, .T. ) ;
#4882 = DIRECTION ( 'NONE',  ( -0.000000000000000000, -1.000000000000000000, -0.000000000000000000 ) ) ;
#4883 = DIRECTION ( 'NONE',  ( 0.000000000000000000, 0.000000000000000000, 1.000000000000000000 ) ) ;
#4884 = DIRECTION ( 'NONE',  ( 0.000000000000000000, -1.000000000000000000, 0.000000000000000000 ) ) ;
#4885 = ORIENTED_EDGE ( 'NONE', *, *, #7386, .F. ) ;
#4886 = ORIENTED_EDGE ( 'NONE', *, *, #5885, .F. ) ;
#4887 = APPROVAL_STATUS ( 'not_yet_approved' ) ;
#4888 = EDGE_CURVE ( 'NONE', #2082, #903, #1562, .T. ) ;
#4889 = CARTESIAN_POINT ( 'NONE',  ( 44.48304944195874100, -1.387778780781445676E-14, -25.19925839033112780 ) ) ;
#4890 = DIRECTION ( 'NONE',  ( 0.000000000000000000, 0.000000000000000000, 1.000000000000000000 ) ) ;
#4891 = ORIENTED_EDGE ( 'NONE', *, *, #6900, .F. ) ;
#4892 = LINE ( 'NONE', #3146, #3201 ) ;
#4893 = VERTEX_POINT ( 'NONE', #7242 ) ;
#4894 = FACE_OUTER_BOUND ( 'NONE', #6177, .T. ) ;
#4895 = ORIENTED_EDGE ( 'NONE', *, *, #2717, .T. ) ;
#4896 = CARTESIAN_POINT ( 'NONE',  ( 49.98320533644598385, -1.214306433183764966E-14, -5.568944909570478607 ) ) ;
#4897 = EDGE_CURVE ( 'NONE', #5281, #3097, #7314, .T. ) ;
#4898 = CARTESIAN_POINT ( 'NONE',  ( -6.821949119721629096, -0.5000000000000004441, 52.28336589642014332 ) ) ;
#4899 = ORIENTED_EDGE ( 'NONE', *, *, #7364, .T. ) ;
#4900 = CIRCLE ( 'NONE', #176, 2.649999999999916422 ) ;
#4901 = CARTESIAN_POINT ( 'NONE',  ( -19.95989460129674598, 9.500000000000000000, -45.95228620542319220 ) ) ;
#4902 = LINE ( 'NONE', #1982, #4292 ) ;
#4903 = ADVANCED_FACE ( 'NONE', ( #4342 ), #6179, .F. ) ;
#4904 = CIRCLE ( 'NONE', #6007, 2.500000000000203393 ) ;
#4905 = ADVANCED_FACE ( 'NONE', ( #4377 ), #4838, .F. ) ;
#4906 = VECTOR ( 'NONE', #4939, 1000.000000000000000 ) ;
#4907 = LINE ( 'NONE', #6632, #1751 ) ;
#4908 = VECTOR ( 'NONE', #4160, 999.9999999999998863 ) ;
#4909 = AXIS2_PLACEMENT_3D ( 'NONE', #5480, #4265, #6021 ) ;
#4910 = VERTEX_POINT ( 'NONE', #6164 ) ;
#4911 = DIRECTION ( 'NONE',  ( 0.000000000000000000, 0.000000000000000000, -1.000000000000000000 ) ) ;
#4912 = CARTESIAN_POINT ( 'NONE',  ( -54.85923426176246664, 11.00000000000000000, -7.540228193700470705 ) ) ;
#4913 = EDGE_LOOP ( 'NONE', ( #1356, #6463, #5856, #1745 ) ) ;
#4914 = CIRCLE ( 'NONE', #3451, 2.149999999999922640 ) ;
#4915 = CARTESIAN_POINT ( 'NONE',  ( 49.98320533644598385, -0.5000000000000004441, -3.418944909570555968 ) ) ;
#4916 = ORIENTED_EDGE ( 'NONE', *, *, #4934, .F. ) ;
#4917 = VECTOR ( 'NONE', #7013, 999.9999999999998863 ) ;
#4918 = AXIS2_PLACEMENT_3D ( 'NONE', #6078, #1942, #1977 ) ;
#4919 = CONICAL_SURFACE ( 'NONE', #1155, 2.149999999999922640, 0.7853981633974552734 ) ;
#4920 = CARTESIAN_POINT ( 'NONE',  ( 47.20727219815306341, -1.561251128379126385E-14, 18.92746856976587821 ) ) ;
#4921 = CIRCLE ( 'NONE', #4431, 2.500000000000203393 ) ;
#4922 = CARTESIAN_POINT ( 'NONE',  ( 0.000000000000000000, 0.9999999999999995559, 0.000000000000000000 ) ) ;
#4923 = AXIS2_PLACEMENT_3D ( 'NONE', #6349, #5316, #1131 ) ;
#4924 = CARTESIAN_POINT ( 'NONE',  ( -36.61488181033384137, -1.561251128379126385E-14, 36.34591247525469271 ) ) ;
#4925 = EDGE_LOOP ( 'NONE', ( #3023, #6099 ) ) ;
#4926 = ORIENTED_EDGE ( 'NONE', *, *, #2284, .T. ) ;
#4927 = CARTESIAN_POINT ( 'NONE',  ( 13.51681823496627821, 9.500000000000000000, -50.39215609612484315 ) ) ;
#4928 = AXIS2_PLACEMENT_3D ( 'NONE', #29, #5835, #6368 ) ;
#4929 = CARTESIAN_POINT ( 'NONE',  ( 13.51681823496726231, -0.5000000000000004441, 50.89215609612455893 ) ) ;
#4930 = DIRECTION ( 'NONE',  ( 0.000000000000000000, 0.000000000000000000, 1.000000000000000000 ) ) ;
#4931 = ORIENTED_EDGE ( 'NONE', *, *, #2306, .T. ) ;
#4932 = DIRECTION ( 'NONE',  ( 0.000000000000000000, 0.000000000000000000, 1.000000000000000000 ) ) ;
#4933 = VERTEX_POINT ( 'NONE', #6633 ) ;
#4934 = EDGE_CURVE ( 'NONE', #3977, #503, #3798, .T. ) ;
#4935 = DIRECTION ( 'NONE',  ( 0.000000000000000000, 0.000000000000000000, -1.000000000000000000 ) ) ;
#4936 = ORIENTED_EDGE ( 'NONE', *, *, #1413, .T. ) ;
#4937 = DIRECTION ( 'NONE',  ( 0.000000000000000000, -1.000000000000000000, 0.000000000000000000 ) ) ;
#4938 = VERTEX_POINT ( 'NONE', #2634 ) ;
#4939 = DIRECTION ( 'NONE',  ( -0.000000000000000000, -1.000000000000000000, -0.000000000000000000 ) ) ;
#4940 = ORIENTED_EDGE ( 'NONE', *, *, #4973, .T. ) ;
#4941 = EDGE_CURVE ( 'NONE', #137, #6873, #4876, .T. ) ;
#4942 = DIRECTION ( 'NONE',  ( 0.000000000000000000, -1.000000000000000000, 0.000000000000000000 ) ) ;
#4943 = CARTESIAN_POINT ( 'NONE',  ( -49.98320533644600516, 9.500000000000000000, 3.418944909570193147 ) ) ;
#4944 = DIRECTION ( 'NONE',  ( 0.000000000000000000, -1.000000000000000000, 0.000000000000000000 ) ) ;
#4945 = EDGE_LOOP ( 'NONE', ( #6039, #1293, #597, #1493 ) ) ;
#4946 = CARTESIAN_POINT ( 'NONE',  ( 49.05211279288428017, 9.500000000000000000, -10.19314625393749729 ) ) ;
#4947 = CARTESIAN_POINT ( 'NONE',  ( -49.98320533644603358, -1.387778780781445676E-14, -1.268944909569921675 ) ) ;
#4948 = ORIENTED_EDGE ( 'NONE', *, *, #5384, .T. ) ;
#4949 = EDGE_CURVE ( 'NONE', #5684, #4283, #7168, .T. ) ;
#4950 = DIRECTION ( 'NONE',  ( 0.000000000000000000, -1.000000000000000000, 0.000000000000000000 ) ) ;
#4951 = ORIENTED_EDGE ( 'NONE', *, *, #7479, .F. ) ;
#4952 = CONICAL_SURFACE ( 'NONE', #4839, 2.149999999999922640, 0.7853981633974539411 ) ;
#4953 = DIRECTION ( 'NONE',  ( -0.000000000000000000, -1.000000000000000000, 0.000000000000000000 ) ) ;
#4954 = CYLINDRICAL_SURFACE ( 'NONE', #5349, 2.149999999999922640 ) ;
#4955 = CARTESIAN_POINT ( 'NONE',  ( -36.61488181033384137, 9.500000000000000000, 32.04591247525484476 ) ) ;
#4956 = ORIENTED_EDGE ( 'NONE', *, *, #34, .T. ) ;
#4957 = VERTEX_POINT ( 'NONE', #3839 ) ;
#4958 = EDGE_CURVE ( 'NONE', #6803, #2894, #5950, .T. ) ;
#4959 = CIRCLE ( 'NONE', #5946, 2.149999999999922640 ) ;
#4960 = AXIS2_PLACEMENT_3D ( 'NONE', #3604, #577, #5814 ) ;
#4961 = PLANE ( 'NONE',  #4866 ) ;
#4962 = CYLINDRICAL_SURFACE ( 'NONE', #3145, 39.99999999999999289 ) ;
#4963 = ORIENTED_EDGE ( 'NONE', *, *, #2344, .T. ) ;
#4964 = AXIS2_PLACEMENT_3D ( 'NONE', #2452, #5261, #62 ) ;
#4965 = AXIS2_PLACEMENT_3D ( 'NONE', #3253, #5003, #406 ) ;
#4966 = DIRECTION ( 'NONE',  ( 0.000000000000000000, -0.000000000000000000, -1.000000000000000000 ) ) ;
#4967 = ORIENTED_EDGE ( 'NONE', *, *, #2639, .F. ) ;
#4968 = DIRECTION ( 'NONE',  ( 0.000000000000000000, 0.000000000000000000, 1.000000000000000000 ) ) ;
#4969 = EDGE_LOOP ( 'NONE', ( #561, #1087, #7444, #932 ) ) ;
#4970 = EDGE_CURVE ( 'NONE', #7073, #223, #957, .T. ) ;
#4971 = CARTESIAN_POINT ( 'NONE',  ( -9.781252527309565181, -0.5000000000000004441, -54.50429087693013486 ) ) ;
#4972 = ORIENTED_EDGE ( 'NONE', *, *, #1786, .T. ) ;
#4973 = EDGE_CURVE ( 'NONE', #760, #173, #840, .T. ) ;
#4974 = FACE_OUTER_BOUND ( 'NONE', #746, .T. ) ;
#4975 = DIRECTION ( 'NONE',  ( 0.000000000000000000, -0.000000000000000000, -1.000000000000000000 ) ) ;
#4976 = ORIENTED_EDGE ( 'NONE', *, *, #6160, .T. ) ;
#4977 = LINE ( 'NONE', #2658, #806 ) ;
#4978 = VERTEX_POINT ( 'NONE', #1414 ) ;
#4979 = FACE_OUTER_BOUND ( 'NONE', #527, .T. ) ;
#4980 = AXIS2_PLACEMENT_3D ( 'NONE', #4700, #6416, #5271 ) ;
#4981 = EDGE_CURVE ( 'NONE', #6611, #2709, #877, .T. ) ;
#4982 = CARTESIAN_POINT ( 'NONE',  ( -36.61488181033408296, -1.214306433183764966E-14, -36.34591247525442981 ) ) ;
#4983 = EDGE_CURVE ( 'NONE', #1651, #7275, #1818, .T. ) ;
#4984 = CIRCLE ( 'NONE', #4865, 2.649999999999916422 ) ;
#4985 = DIRECTION ( 'NONE',  ( 0.000000000000000000, 0.000000000000000000, 1.000000000000000000 ) ) ;
#4986 = ORIENTED_EDGE ( 'NONE', *, *, #4870, .F. ) ;
#4987 = DIRECTION ( 'NONE',  ( 0.000000000000000000, 0.000000000000000000, 1.000000000000000000 ) ) ;
#4988 = CARTESIAN_POINT ( 'NONE',  ( -49.98320533644600516, -1.214306433183764966E-14, 5.568944909570115342 ) ) ;
#4989 = ORIENTED_EDGE ( 'NONE', *, *, #5675, .T. ) ;
#4990 = CARTESIAN_POINT ( 'NONE',  ( 49.98320533644604780, 9.500000000000000000, 3.418944909569508805 ) ) ;
#4991 = ORIENTED_EDGE ( 'NONE', *, *, #6143, .F. ) ;
#4992 = CONICAL_SURFACE ( 'NONE', #5603, 2.149999999999922640, 0.7853981633974552734 ) ;
#4993 = EDGE_CURVE ( 'NONE', #1172, #5091, #4476, .T. ) ;
#4994 = LINE ( 'NONE', #5685, #1049 ) ;
#4995 = DIRECTION ( 'NONE',  ( 0.000000000000000000, -1.000000000000000000, 0.000000000000000000 ) ) ;
#4996 = DIRECTION ( 'NONE',  ( -0.000000000000000000, -1.000000000000000000, -0.000000000000000000 ) ) ;
#4997 = ORIENTED_EDGE ( 'NONE', *, *, #1113, .F. ) ;
#4998 = EDGE_LOOP ( 'NONE', ( #6914, #2824, #7100, #1537 ) ) ;
#4999 = PERSON_AND_ORGANIZATION ( #4236, #439 ) ;
#5000 = EDGE_CURVE ( 'NONE', #6424, #6540, #3193, .T. ) ;
#5001 = DIRECTION ( 'NONE',  ( 0.000000000000000000, 0.000000000000000000, 1.000000000000000000 ) ) ;
#5002 = EDGE_CURVE ( 'NONE', #1199, #4697, #6432, .T. ) ;
#5003 = DIRECTION ( 'NONE',  ( 0.000000000000000000, 1.000000000000000000, -0.000000000000000000 ) ) ;
#5004 = ORIENTED_EDGE ( 'NONE', *, *, #5750, .F. ) ;
#5005 = CARTESIAN_POINT ( 'NONE',  ( -13.51681823496694257, 9.500000000000000000, -46.09215609612481046 ) ) ;
#5006 = VERTEX_POINT ( 'NONE', #6324 ) ;
#5007 = CARTESIAN_POINT ( 'NONE',  ( -47.20727219815295683, -1.214306433183764966E-14, -16.77746856976627754 ) ) ;
#5008 = ORIENTED_EDGE ( 'NONE', *, *, #5823, .T. ) ;
#5009 = CARTESIAN_POINT ( 'NONE',  ( 44.48304944195920996, 9.500000000000000000, 23.04925839033030854 ) ) ;
#5010 = DIRECTION ( 'NONE',  ( 0.000000000000000000, -0.000000000000000000, -1.000000000000000000 ) ) ;
#5011 = CARTESIAN_POINT ( 'NONE',  ( -47.20727219815295683, 9.500000000000000000, -16.77746856976627754 ) ) ;
#5012 = CARTESIAN_POINT ( 'NONE',  ( 6.821949119722316546, -1.214306433183764966E-14, 49.63336589642008789 ) ) ;
#5013 = ORIENTED_EDGE ( 'NONE', *, *, #5429, .F. ) ;
#5014 = FACE_OUTER_BOUND ( 'NONE', #5383, .T. ) ;
#5015 = CARTESIAN_POINT ( 'NONE',  ( 36.61488181033430322, 9.500000000000000000, 34.19591247525423228 ) ) ;
#5016 = CIRCLE ( 'NONE', #59, 2.500000000000200728 ) ;
#5017 = DIRECTION ( 'NONE',  ( 0.000000000000000000, 0.000000000000000000, -1.000000000000000000 ) ) ;
#5018 = ORIENTED_EDGE ( 'NONE', *, *, #4973, .F. ) ;
#5019 = CARTESIAN_POINT ( 'NONE',  ( 6.821949119722316546, 9.500000000000000000, 51.78336589642001542 ) ) ;
#5020 = DIRECTION ( 'NONE',  ( 8.659560562354985860E-17, -0.7071067811865432429, 0.7071067811865517916 ) ) ;
#5021 = ORIENTED_EDGE ( 'NONE', *, *, #3830, .T. ) ;
#5022 = DIRECTION ( 'NONE',  ( 0.000000000000000000, 0.000000000000000000, 1.000000000000000000 ) ) ;
#5023 = ADVANCED_FACE ( 'NONE', ( #3274 ), #3959, .F. ) ;
#5024 = DIRECTION ( 'NONE',  ( 0.000000000000000000, 0.000000000000000000, -1.000000000000000000 ) ) ;
#5025 = AXIS2_PLACEMENT_3D ( 'NONE', #163, #2476, #654 ) ;
#5026 = AXIS2_PLACEMENT_3D ( 'NONE', #1108, #1072, #2212 ) ;
#5027 = AXIS2_PLACEMENT_3D ( 'NONE', #3278, #5449, #5022 ) ;
#5028 = DIRECTION ( 'NONE',  ( -0.000000000000000000, -1.000000000000000000, -0.000000000000000000 ) ) ;
#5029 = DIRECTION ( 'NONE',  ( 0.000000000000000000, 1.000000000000000000, 0.000000000000000000 ) ) ;
#5030 = DIRECTION ( 'NONE',  ( 0.000000000000000000, 1.000000000000000000, 0.000000000000000000 ) ) ;
#5031 = AXIS2_PLACEMENT_3D ( 'NONE', #3120, #3185, #1406 ) ;
#5032 = EDGE_LOOP ( 'NONE', ( #3308, #1236, #1505, #5457 ) ) ;
#5033 = VECTOR ( 'NONE', #400, 1000.000000000000000 ) ;
#5034 = ADVANCED_FACE ( 'NONE', ( #432 ), #7428, .T. ) ;
#5035 = CONICAL_SURFACE ( 'NONE', #1766, 2.149999999999922640, 0.7853981633974552734 ) ;
#5036 = VERTEX_POINT ( 'NONE', #7354 ) ;
#5037 = VECTOR ( 'NONE', #3823, 1000.000000000000000 ) ;
#5038 = APPROVAL_ROLE ( '' ) ;
#5039 = AXIS2_PLACEMENT_3D ( 'NONE', #631, #6370, #5918 ) ;
#5040 = LINE ( 'NONE', #6979, #6332 ) ;
#5041 = VECTOR ( 'NONE', #7212, 1000.000000000000000 ) ;
#5042 = AXIS2_PLACEMENT_3D ( 'NONE', #2498, #5491, #6063 ) ;
#5043 = CARTESIAN_POINT ( 'NONE',  ( 6.821949119721279153, -1.214306433183764966E-14, -49.63336589642025842 ) ) ;
#5044 = ORIENTED_EDGE ( 'NONE', *, *, #4595, .T. ) ;
#5045 = CARTESIAN_POINT ( 'NONE',  ( 20.89958796480521386, -0.5000000000000004441, 53.77960459969829543 ) ) ;
#5046 = ORIENTED_EDGE ( 'NONE', *, *, #4011, .F. ) ;
#5047 = DIRECTION ( 'NONE',  ( 0.000000000000000000, 0.000000000000000000, -1.000000000000000000 ) ) ;
#5048 = ORIENTED_EDGE ( 'NONE', *, *, #3558, .F. ) ;
#5049 = EDGE_CURVE ( 'NONE', #3408, #6273, #6168, .T. ) ;
#5050 = FACE_OUTER_BOUND ( 'NONE', #1488, .T. ) ;
#5051 = VECTOR ( 'NONE', #5372, 1000.000000000000000 ) ;
#5052 = EDGE_CURVE ( 'NONE', #2638, #5183, #1552, .T. ) ;
#5053 = DIRECTION ( 'NONE',  ( 0.5877852522924683631, 0.000000000000000000, 0.8090169943749507819 ) ) ;
#5054 = CYLINDRICAL_SURFACE ( 'NONE', #5888, 2.500000000000203393 ) ;
#5055 = VERTEX_POINT ( 'NONE', #1649 ) ;
#5056 = CARTESIAN_POINT ( 'NONE',  ( 13.51681823496726231, 9.500000000000000000, 50.39215609612456603 ) ) ;
#5057 = ORIENTED_EDGE ( 'NONE', *, *, #7083, .F. ) ;
#5058 = DIRECTION ( 'NONE',  ( 0.000000000000000000, 0.000000000000000000, -1.000000000000000000 ) ) ;
#5059 = CARTESIAN_POINT ( 'NONE',  ( -47.20727219815295683, 9.500000000000000000, -16.77746856976627754 ) ) ;
#5060 = DIRECTION ( 'NONE',  ( 0.000000000000000000, -0.000000000000000000, -1.000000000000000000 ) ) ;
#5061 = EDGE_LOOP ( 'NONE', ( #149, #2444, #833, #7507 ) ) ;
#5062 = DIRECTION ( 'NONE',  ( 0.000000000000000000, 0.000000000000000000, 1.000000000000000000 ) ) ;
#5063 = DIRECTION ( 'NONE',  ( -0.000000000000000000, -1.000000000000000000, -0.000000000000000000 ) ) ;
#5064 = ORIENTED_EDGE ( 'NONE', *, *, #162, .F. ) ;
#5065 = DIRECTION ( 'NONE',  ( -0.000000000000000000, -1.000000000000000000, -0.000000000000000000 ) ) ;
#5066 = DIRECTION ( 'NONE',  ( 0.000000000000000000, 0.000000000000000000, 1.000000000000000000 ) ) ;
#5067 = ADVANCED_FACE ( 'NONE', ( #4030 ), #4574, .F. ) ;
#5068 = EDGE_CURVE ( 'NONE', #5363, #5448, #5678, .T. ) ;
#5069 = DIRECTION ( 'NONE',  ( -0.000000000000000000, -1.000000000000000000, -0.000000000000000000 ) ) ;
#5070 = FACE_BOUND ( 'NONE', #1312, .T. ) ;
#5071 = DIRECTION ( 'NONE',  ( -0.000000000000000000, -1.000000000000000000, -0.000000000000000000 ) ) ;
#5072 = ORIENTED_EDGE ( 'NONE', *, *, #6189, .F. ) ;
#5073 = VERTEX_POINT ( 'NONE', #3352 ) ;
#5074 = AXIS2_PLACEMENT_3D ( 'NONE', #2259, #6207, #1114 ) ;
#5075 = ADVANCED_FACE ( 'NONE', ( #5101 ), #2168, .F. ) ;
#5076 = CARTESIAN_POINT ( 'NONE',  ( -6.821949119721967492, 9.500000000000000000, -49.63336589642018026 ) ) ;
#5077 = CARTESIAN_POINT ( 'NONE',  ( 26.03115589677469899, 9.500000000000000000, -42.80641216777942049 ) ) ;
#5078 = ORIENTED_EDGE ( 'NONE', *, *, #2779, .T. ) ;
#5079 = DIRECTION ( 'NONE',  ( -0.000000000000000000, -1.000000000000000000, -0.000000000000000000 ) ) ;
#5080 = CARTESIAN_POINT ( 'NONE',  ( 39.95001788498536399, 11.00000000000000000, 35.84562160129032549 ) ) ;
#5081 = EDGE_LOOP ( 'NONE', ( #4655, #6721, #2110, #3843 ) ) ;
#5082 = DIRECTION ( 'NONE',  ( -0.000000000000000000, -1.000000000000000000, -0.000000000000000000 ) ) ;
#5083 = CIRCLE ( 'NONE', #3139, 2.649999999999916422 ) ;
#5084 = EDGE_LOOP ( 'NONE', ( #3073, #7150, #7197, #3958 ) ) ;
#5085 = CARTESIAN_POINT ( 'NONE',  ( -31.61750601073502764, -1.561251128379126385E-14, 38.86313566429160460 ) ) ;
#5086 = CARTESIAN_POINT ( 'NONE',  ( 49.98320533644598385, -1.214306433183764966E-14, -3.418944909570555968 ) ) ;
#5087 = AXIS2_PLACEMENT_3D ( 'NONE', #4268, #6594, #1375 ) ;
#5088 = CIRCLE ( 'NONE', #5336, 2.149999999999922640 ) ;
#5089 = EDGE_CURVE ( 'NONE', #5555, #6380, #2294, .T. ) ;
#5090 = DIRECTION ( 'NONE',  ( 0.000000000000000000, 0.000000000000000000, -1.000000000000000000 ) ) ;
#5091 = VERTEX_POINT ( 'NONE', #2179 ) ;
#5092 = CYLINDRICAL_SURFACE ( 'NONE', #1298, 2.500000000000203393 ) ;
#5093 = EDGE_LOOP ( 'NONE', ( #7072, #6526 ) ) ;
#5094 = DIRECTION ( 'NONE',  ( 0.000000000000000000, -1.000000000000000000, 0.000000000000000000 ) ) ;
#5095 = LINE ( 'NONE', #2782, #6866 ) ;
#5096 = EDGE_CURVE ( 'NONE', #985, #5431, #5753, .T. ) ;
#5097 = CARTESIAN_POINT ( 'NONE',  ( 19.95989460129610649, -1.561251128379126385E-14, -48.10228620542337552 ) ) ;
#5098 = EDGE_CURVE ( 'NONE', #6998, #3511, #1433, .T. ) ;
#5099 = ORIENTED_EDGE ( 'NONE', *, *, #2138, .T. ) ;
#5100 = EDGE_LOOP ( 'NONE', ( #1213, #4028 ) ) ;
#5101 = FACE_OUTER_BOUND ( 'NONE', #694, .T. ) ;
#5102 = LINE ( 'NONE', #7429, #4199 ) ;
#5103 = ORIENTED_EDGE ( 'NONE', *, *, #3910, .T. ) ;
#5104 = FACE_OUTER_BOUND ( 'NONE', #6112, .T. ) ;
#5105 = ORIENTED_EDGE ( 'NONE', *, *, #6015, .T. ) ;
#5106 = AXIS2_PLACEMENT_3D ( 'NONE', #5086, #6892, #6846 ) ;
#5107 = CONICAL_SURFACE ( 'NONE', #3763, 2.149999999999922640, 0.7853981633974543852 ) ;
#5108 = APPROVAL ( #2229, 'UNSPECIFIED' ) ;
#5109 = DIRECTION ( 'NONE',  ( 0.000000000000000000, 1.000000000000000000, 0.000000000000000000 ) ) ;
#5110 = FACE_BOUND ( 'NONE', #1972, .T. ) ;
#5111 = DIRECTION ( 'NONE',  ( 0.000000000000000000, 1.000000000000000000, 0.000000000000000000 ) ) ;
#5112 = VERTEX_POINT ( 'NONE', #5019 ) ;
#5113 = EDGE_LOOP ( 'NONE', ( #5523, #5604, #1037, #1052 ) ) ;
#5114 = EDGE_LOOP ( 'NONE', ( #2680, #5597, #2765, #4869 ) ) ;
#5115 = COORDINATED_UNIVERSAL_TIME_OFFSET ( 5, 0, .BEHIND. ) ;
#5116 = ADVANCED_FACE ( 'NONE', ( #468 ), #1076, .F. ) ;
#5117 = CARTESIAN_POINT ( 'NONE',  ( -44.48304944195891153, -0.5000000000000004441, 20.39925839033100274 ) ) ;
#5118 = ORIENTED_EDGE ( 'NONE', *, *, #5786, .T. ) ;
#5119 = DIRECTION ( 'NONE',  ( 0.000000000000000000, -1.000000000000000000, 0.000000000000000000 ) ) ;
#5120 = CARTESIAN_POINT ( 'NONE',  ( -19.95989460129674598, 9.500000000000000000, -45.95228620542319220 ) ) ;
#5121 = EDGE_LOOP ( 'NONE', ( #4592, #1326 ) ) ;
#5122 = CARTESIAN_POINT ( 'NONE',  ( -6.821949119721629096, -0.5000000000000004441, 49.63336589642023000 ) ) ;
#5123 = ORIENTED_EDGE ( 'NONE', *, *, #1174, .F. ) ;
#5124 = CARTESIAN_POINT ( 'NONE',  ( 49.05211279288428017, -1.387778780781445676E-14, -10.19314625393749729 ) ) ;
#5125 = ADVANCED_FACE ( 'NONE', ( #2142 ), #5598, .F. ) ;
#5126 = DIRECTION ( 'NONE',  ( -0.000000000000000000, -1.000000000000000000, -0.000000000000000000 ) ) ;
#5127 = DIRECTION ( 'NONE',  ( 0.000000000000000000, -1.000000000000000000, 0.000000000000000000 ) ) ;
#5128 = ORIENTED_EDGE ( 'NONE', *, *, #7043, .F. ) ;
#5129 = CARTESIAN_POINT ( 'NONE',  ( -9.781252527309565181, 11.00000000000000000, -54.50429087693013486 ) ) ;
#5130 = ORIENTED_EDGE ( 'NONE', *, *, #219, .F. ) ;
#5131 = LINE ( 'NONE', #951, #3384 ) ;
#5132 = DIRECTION ( 'NONE',  ( 0.000000000000000000, -1.000000000000000000, 0.000000000000000000 ) ) ;
#5133 = EDGE_CURVE ( 'NONE', #2402, #2914, #4102, .T. ) ;
#5134 = ORIENTED_EDGE ( 'NONE', *, *, #4651, .T. ) ;
#5135 = CARTESIAN_POINT ( 'NONE',  ( 36.61488181033430322, -0.5000000000000004441, 31.54591247525431896 ) ) ;
#5136 = VERTEX_POINT ( 'NONE', #4489 ) ;
#5137 = CARTESIAN_POINT ( 'NONE',  ( 31.61750601073556766, 9.500000000000000000, 38.86313566429116406 ) ) ;
#5138 = CARTESIAN_POINT ( 'NONE',  ( -54.85923426176246664, -0.5000000000000004441, -10.04022819370067410 ) ) ;
#5139 = VERTEX_POINT ( 'NONE', #5184 ) ;
#5140 = DIRECTION ( 'NONE',  ( -0.000000000000000000, -1.000000000000000000, -0.000000000000000000 ) ) ;
#5141 = ORIENTED_EDGE ( 'NONE', *, *, #1019, .T. ) ;
#5142 = EDGE_CURVE ( 'NONE', #3143, #6348, #832, .T. ) ;
#5143 = EDGE_CURVE ( 'NONE', #2118, #6650, #3378, .T. ) ;
#5144 = FACE_OUTER_BOUND ( 'NONE', #7313, .T. ) ;
#5145 = LINE ( 'NONE', #2267, #6929 ) ;
#5146 = CARTESIAN_POINT ( 'NONE',  ( -47.20727219815284315, 9.500000000000000000, 18.92746856976652836 ) ) ;
#5147 = EDGE_LOOP ( 'NONE', ( #5763, #5478, #4368, #4916 ) ) ;
#5148 = AXIS2_PLACEMENT_3D ( 'NONE', #492, #5082, #7331 ) ;
#5149 = AXIS2_PLACEMENT_3D ( 'NONE', #4722, #6408, #2375 ) ;
#5150 = EDGE_LOOP ( 'NONE', ( #2726, #6730, #3231, #6844 ) ) ;
#5151 = CIRCLE ( 'NONE', #2249, 2.649999999999916422 ) ;
#5152 = ADVANCED_FACE ( 'NONE', ( #7127 ), #1923, .F. ) ;
#5153 = AXIS2_PLACEMENT_3D ( 'NONE', #2474, #2969, #5902 ) ;
#5154 = AXIS2_PLACEMENT_3D ( 'NONE', #2651, #4440, #3332 ) ;
#5155 = AXIS2_PLACEMENT_3D ( 'NONE', #1676, #3376, #6277 ) ;
#5156 = CARTESIAN_POINT ( 'NONE',  ( -26.03115589677527097, -1.561251128379126385E-14, -44.95641216777896432 ) ) ;
#5157 = ORIENTED_EDGE ( 'NONE', *, *, #318, .T. ) ;
#5158 = AXIS2_PLACEMENT_3D ( 'NONE', #2105, #6871, #6712 ) ;
#5159 = CYLINDRICAL_SURFACE ( 'NONE', #5242, 2.149999999999922640 ) ;
#5160 = VECTOR ( 'NONE', #3411, 999.9999999999998863 ) ;
#5161 = DIRECTION ( 'NONE',  ( 0.000000000000000000, 1.000000000000000000, 0.000000000000000000 ) ) ;
#5162 = ORIENTED_EDGE ( 'NONE', *, *, #6798, .T. ) ;
#5163 = ORIENTED_EDGE ( 'NONE', *, *, #6696, .F. ) ;
#5164 = DIRECTION ( 'NONE',  ( 0.000000000000000000, -1.000000000000000000, 0.000000000000000000 ) ) ;
#5165 = AXIS2_PLACEMENT_3D ( 'NONE', #5872, #667, #776 ) ;
#5166 = VECTOR ( 'NONE', #6705, 999.9999999999998863 ) ;
#5167 = CC_DESIGN_APPROVAL ( #3194, ( #3295 ) ) ;
#5168 = AXIS2_PLACEMENT_3D ( 'NONE', #852, #6675, #5422 ) ;
#5169 = DIRECTION ( 'NONE',  ( 0.000000000000000000, 0.000000000000000000, -1.000000000000000000 ) ) ;
#5170 = DIRECTION ( 'NONE',  ( 0.000000000000000000, 0.000000000000000000, 1.000000000000000000 ) ) ;
#5171 = ORIENTED_EDGE ( 'NONE', *, *, #6828, .F. ) ;
#5172 = EDGE_CURVE ( 'NONE', #872, #4768, #3132, .T. ) ;
#5173 = CARTESIAN_POINT ( 'NONE',  ( -44.48304944195906074, 9.500000000000000000, -23.04925839033061408 ) ) ;
#5174 = ORIENTED_EDGE ( 'NONE', *, *, #5615, .F. ) ;
#5175 = AXIS2_PLACEMENT_3D ( 'NONE', #7277, #4527, #1077 ) ;
#5176 = DIRECTION ( 'NONE',  ( 0.000000000000000000, 0.000000000000000000, -1.000000000000000000 ) ) ;
#5177 = CC_DESIGN_APPROVAL ( #5108, ( #2135 ) ) ;
#5178 = AXIS2_PLACEMENT_3D ( 'NONE', #4194, #385, #6477 ) ;
#5179 = CYLINDRICAL_SURFACE ( 'NONE', #295, 45.10000000000000142 ) ;
#5180 = AXIS2_PLACEMENT_3D ( 'NONE', #3987, #5707, #2893 ) ;
#5181 = DIRECTION ( 'NONE',  ( 0.000000000000000000, -1.000000000000000000, 0.000000000000000000 ) ) ;
#5182 = EDGE_CURVE ( 'NONE', #7269, #6703, #3539, .T. ) ;
#5183 = VERTEX_POINT ( 'NONE', #1798 ) ;
#5184 = CARTESIAN_POINT ( 'NONE',  ( -13.51681823496694257, -1.387778780781445676E-14, -46.09215609612481046 ) ) ;
#5185 = PLANE ( 'NONE',  #5474 ) ;
#5186 = CARTESIAN_POINT ( 'NONE',  ( -40.93019163982320663, -1.387778780781445676E-14, -28.89168413795475487 ) ) ;
#5187 = ORIENTED_EDGE ( 'NONE', *, *, #5450, .T. ) ;
#5188 = ORIENTED_EDGE ( 'NONE', *, *, #5199, .F. ) ;
#5189 = EDGE_CURVE ( 'NONE', #6951, #6670, #1912, .T. ) ;
#5190 = DIRECTION ( 'NONE',  ( 0.000000000000000000, 1.000000000000000000, 0.000000000000000000 ) ) ;
#5191 = FACE_BOUND ( 'NONE', #2242, .T. ) ;
#5192 = CARTESIAN_POINT ( 'NONE',  ( -54.85923426176246664, -0.5000000000000004441, -7.540228193700470705 ) ) ;
#5193 = EDGE_LOOP ( 'NONE', ( #3985, #4049 ) ) ;
#5194 = ORIENTED_EDGE ( 'NONE', *, *, #3744, .F. ) ;
#5195 = EDGE_LOOP ( 'NONE', ( #2215, #106 ) ) ;
#5196 = LINE ( 'NONE', #3028, #5529 ) ;
#5197 = ORIENTED_EDGE ( 'NONE', *, *, #5675, .F. ) ;
#5198 = DIRECTION ( 'NONE',  ( 0.000000000000000000, 0.000000000000000000, 1.000000000000000000 ) ) ;
#5199 = EDGE_CURVE ( 'NONE', #173, #760, #4833, .T. ) ;
#5200 = DIRECTION ( 'NONE',  ( 0.000000000000000000, -1.000000000000000000, 0.000000000000000000 ) ) ;
#5201 = ORIENTED_EDGE ( 'NONE', *, *, #42, .T. ) ;
#5202 = VERTEX_POINT ( 'NONE', #2407 ) ;
#5203 = LINE ( 'NONE', #2960, #685 ) ;
#5204 = VECTOR ( 'NONE', #3994, 1000.000000000000000 ) ;
#5205 = CARTESIAN_POINT ( 'NONE',  ( 13.51681823496726231, 9.500000000000000000, 48.24215609612464561 ) ) ;
#5206 = DIRECTION ( 'NONE',  ( 0.000000000000000000, -0.000000000000000000, -1.000000000000000000 ) ) ;
#5207 = ORIENTED_EDGE ( 'NONE', *, *, #6358, .T. ) ;
#5208 = CONICAL_SURFACE ( 'NONE', #234, 2.149999999999915978, 0.7853981633974543852 ) ;
#5209 = EDGE_CURVE ( 'NONE', #2177, #6650, #5863, .T. ) ;
#5210 = DIRECTION ( 'NONE',  ( -0.000000000000000000, -1.000000000000000000, -0.000000000000000000 ) ) ;
#5211 = ORIENTED_EDGE ( 'NONE', *, *, #6708, .T. ) ;
#5212 = DIRECTION ( 'NONE',  ( 0.000000000000000000, -1.000000000000000000, 0.000000000000000000 ) ) ;
#5213 = CARTESIAN_POINT ( 'NONE',  ( -36.61488181033384137, 9.500000000000000000, 34.19591247525476518 ) ) ;
#5214 = ADVANCED_FACE ( 'NONE', ( #166 ), #7052, .F. ) ;
#5215 = CIRCLE ( 'NONE', #1936, 2.500000000000202949 ) ;
#5216 = FACE_OUTER_BOUND ( 'NONE', #753, .T. ) ;
#5217 = ORIENTED_EDGE ( 'NONE', *, *, #4289, .T. ) ;
#5218 = LINE ( 'NONE', #4756, #5219 ) ;
#5219 = VECTOR ( 'NONE', #1145, 1000.000000000000000 ) ;
#5220 = CARTESIAN_POINT ( 'NONE',  ( 6.821949119721279153, 9.500000000000000000, -51.78336589642017884 ) ) ;
#5221 = VECTOR ( 'NONE', #73, 1000.000000000000000 ) ;
#5222 = DIRECTION ( 'NONE',  ( 0.000000000000000000, 0.000000000000000000, -1.000000000000000000 ) ) ;
#5223 = CARTESIAN_POINT ( 'NONE',  ( 6.821949119721279153, 9.500000000000000000, -49.63336589642025842 ) ) ;
#5224 = ADVANCED_FACE ( 'NONE', ( #1835 ), #4225, .F. ) ;
#5225 = AXIS2_PLACEMENT_3D ( 'NONE', #2461, #5846, #3030 ) ;
#5226 = DIRECTION ( 'NONE',  ( 0.000000000000000000, -0.7071067811865435759, -0.7071067811865515695 ) ) ;
#5227 = DIRECTION ( 'NONE',  ( 0.000000000000000000, 0.000000000000000000, -1.000000000000000000 ) ) ;
#5228 = FACE_BOUND ( 'NONE', #3176, .T. ) ;
#5229 = DIRECTION ( 'NONE',  ( 0.000000000000000000, -0.7071067811865431318, -0.7071067811865517916 ) ) ;
#5230 = VERTEX_POINT ( 'NONE', #22 ) ;
#5231 = ORIENTED_EDGE ( 'NONE', *, *, #676, .F. ) ;
#5232 = EDGE_CURVE ( 'NONE', #6648, #7180, #5218, .T. ) ;
#5233 = VECTOR ( 'NONE', #5257, 1000.000000000000000 ) ;
#5234 = AXIS2_PLACEMENT_3D ( 'NONE', #3878, #5634, #433 ) ;
#5235 = LINE ( 'NONE', #2342, #1777 ) ;
#5236 = EDGE_LOOP ( 'NONE', ( #5839, #3, #4364, #5329 ) ) ;
#5237 = CARTESIAN_POINT ( 'NONE',  ( 49.98320533644604780, 9.500000000000000000, 1.268944909569585944 ) ) ;
#5238 = CARTESIAN_POINT ( 'NONE',  ( -47.20727219815284315, -1.387778780781445676E-14, 16.77746856976660439 ) ) ;
#5239 = VERTEX_POINT ( 'NONE', #7086 ) ;
#5240 = EDGE_LOOP ( 'NONE', ( #5729, #4326, #247, #2713 ) ) ;
#5241 = CARTESIAN_POINT ( 'NONE',  ( -40.93019163982320663, -1.387778780781445676E-14, -28.89168413795475487 ) ) ;
#5242 = AXIS2_PLACEMENT_3D ( 'NONE', #2767, #489, #1009 ) ;
#5243 = ADVANCED_FACE ( 'NONE', ( #3465 ), #10, .F. ) ;
#5244 = EDGE_CURVE ( 'NONE', #4005, #4501, #6785, .T. ) ;
#5245 = DIRECTION ( 'NONE',  ( 0.000000000000000000, -1.000000000000000000, 0.000000000000000000 ) ) ;
#5246 = CARTESIAN_POINT ( 'NONE',  ( -9.781252527309565181, 11.00000000000000000, -57.00429087693034091 ) ) ;
#5247 = ORIENTED_EDGE ( 'NONE', *, *, #602, .T. ) ;
#5248 = DIRECTION ( 'NONE',  ( 0.000000000000000000, -0.000000000000000000, -1.000000000000000000 ) ) ;
#5249 = ORIENTED_EDGE ( 'NONE', *, *, #2436, .F. ) ;
#5250 = DIRECTION ( 'NONE',  ( 0.000000000000000000, 0.000000000000000000, -1.000000000000000000 ) ) ;
#5251 = DIRECTION ( 'NONE',  ( 0.000000000000000000, 1.000000000000000000, 0.000000000000000000 ) ) ;
#5252 = CYLINDRICAL_SURFACE ( 'NONE', #1385, 2.500000000000203393 ) ;
#5253 = EDGE_LOOP ( 'NONE', ( #1732, #2460, #111, #5896 ) ) ;
#5254 = DIRECTION ( 'NONE',  ( 0.000000000000000000, 0.000000000000000000, 1.000000000000000000 ) ) ;
#5255 = DIRECTION ( 'NONE',  ( 0.000000000000000000, 1.000000000000000000, 0.000000000000000000 ) ) ;
#5256 = CYLINDRICAL_SURFACE ( 'NONE', #5757, 2.500000000000203393 ) ;
#5257 = DIRECTION ( 'NONE',  ( 0.000000000000000000, -0.7071067811865426878, -0.7071067811865524577 ) ) ;
#5258 = DIRECTION ( 'NONE',  ( -0.000000000000000000, -1.000000000000000000, -0.000000000000000000 ) ) ;
#5259 = FACE_OUTER_BOUND ( 'NONE', #5700, .T. ) ;
#5260 = EDGE_CURVE ( 'NONE', #2207, #1518, #3735, .T. ) ;
#5261 = DIRECTION ( 'NONE',  ( 0.000000000000000000, -1.000000000000000000, 0.000000000000000000 ) ) ;
#5262 = DIRECTION ( 'NONE',  ( 8.659560562354993255E-17, -0.7071067811865426878, 0.7071067811865524577 ) ) ;
#5263 = ORIENTED_EDGE ( 'NONE', *, *, #3497, .F. ) ;
#5264 = FACE_OUTER_BOUND ( 'NONE', #2835, .T. ) ;
#5265 = ORIENTED_EDGE ( 'NONE', *, *, #5471, .T. ) ;
#5266 = AXIS2_PLACEMENT_3D ( 'NONE', #1606, #1041, #1305 ) ;
#5267 = CARTESIAN_POINT ( 'NONE',  ( -24.12361884325211392, 11.00000000000000000, 47.34417357029284545 ) ) ;
#5268 = AXIS2_PLACEMENT_3D ( 'NONE', #6740, #1412, #6087 ) ;
#5269 = ORIENTED_EDGE ( 'NONE', *, *, #1422, .F. ) ;
#5270 = EDGE_CURVE ( 'NONE', #2082, #4809, #1304, .T. ) ;
#5271 = DIRECTION ( 'NONE',  ( 0.000000000000000000, 0.000000000000000000, 1.000000000000000000 ) ) ;
#5272 = DIRECTION ( 'NONE',  ( 0.000000000000000000, 0.000000000000000000, -1.000000000000000000 ) ) ;
#5273 = VERTEX_POINT ( 'NONE', #621 ) ;
#5274 = ORIENTED_EDGE ( 'NONE', *, *, #3559, .T. ) ;
#5275 = DIRECTION ( 'NONE',  ( 0.000000000000000000, 1.000000000000000000, 0.000000000000000000 ) ) ;
#5276 = AXIS2_PLACEMENT_3D ( 'NONE', #5469, #2543, #865 ) ;
#5277 = CONICAL_SURFACE ( 'NONE', #6619, 2.149999999999922640, 0.7853981633974548293 ) ;
#5278 = FACE_OUTER_BOUND ( 'NONE', #1903, .T. ) ;
#5279 = AXIS2_PLACEMENT_3D ( 'NONE', #3908, #7500, #6236 ) ;
#5280 = DIRECTION ( 'NONE',  ( 0.000000000000000000, -1.000000000000000000, 0.000000000000000000 ) ) ;
#5281 = VERTEX_POINT ( 'NONE', #3575 ) ;
#5282 = CARTESIAN_POINT ( 'NONE',  ( 44.48304944195874100, -0.5000000000000004441, -25.69925839033112069 ) ) ;
#5283 = ORIENTED_EDGE ( 'NONE', *, *, #7335, .T. ) ;
#5284 = EDGE_CURVE ( 'NONE', #367, #2357, #1193, .T. ) ;
#5285 = AXIS2_PLACEMENT_3D ( 'NONE', #5681, #2219, #589 ) ;
#5286 = FACE_OUTER_BOUND ( 'NONE', #6709, .T. ) ;
#5287 = ORIENTED_EDGE ( 'NONE', *, *, #4474, .T. ) ;
#5288 = CARTESIAN_POINT ( 'NONE',  ( 44.48304944195920996, -1.214306433183764966E-14, 23.04925839033030854 ) ) ;
#5289 = AXIS2_PLACEMENT_3D ( 'NONE', #2087, #300, #4255 ) ;
#5290 = CONICAL_SURFACE ( 'NONE', #6627, 2.149999999999922640, 0.7853981633974552734 ) ;
#5291 = DIRECTION ( 'NONE',  ( -0.000000000000000000, -1.000000000000000000, -0.000000000000000000 ) ) ;
#5292 = VECTOR ( 'NONE', #5986, 1000.000000000000000 ) ;
#5293 = AXIS2_PLACEMENT_3D ( 'NONE', #755, #3138, #3069 ) ;
#5294 = AXIS2_PLACEMENT_3D ( 'NONE', #3063, #3703, #2035 ) ;
#5295 = EDGE_LOOP ( 'NONE', ( #3764, #2341, #5459, #3290 ) ) ;
#5296 = DIRECTION ( 'NONE',  ( -0.9510565162951504226, 0.000000000000000000, -0.3090169943749572212 ) ) ;
#5297 = EDGE_CURVE ( 'NONE', #5677, #3564, #4106, .T. ) ;
#5298 = CARTESIAN_POINT ( 'NONE',  ( 13.51681823496627821, 9.500000000000000000, -46.09215609612500231 ) ) ;
#5299 = AXIS2_PLACEMENT_3D ( 'NONE', #6334, #661, #5759 ) ;
#5300 = DIRECTION ( 'NONE',  ( 0.000000000000000000, -1.000000000000000000, 0.000000000000000000 ) ) ;
#5301 = DIRECTION ( 'NONE',  ( 0.000000000000000000, 0.000000000000000000, -1.000000000000000000 ) ) ;
#5302 = DIRECTION ( 'NONE',  ( 0.000000000000000000, -1.000000000000000000, 0.000000000000000000 ) ) ;
#5303 = EDGE_CURVE ( 'NONE', #6715, #5495, #7165, .T. ) ;
#5304 = DIRECTION ( 'NONE',  ( -0.000000000000000000, -1.000000000000000000, -0.000000000000000000 ) ) ;
#5305 = ORIENTED_EDGE ( 'NONE', *, *, #6218, .F. ) ;
#5306 = CARTESIAN_POINT ( 'NONE',  ( 39.95001788498536399, 11.00000000000000000, 38.34562160129052444 ) ) ;
#5307 = ORIENTED_EDGE ( 'NONE', *, *, #4092, .F. ) ;
#5308 = ORIENTED_EDGE ( 'NONE', *, *, #3070, .F. ) ;
#5309 = ADVANCED_FACE ( 'NONE', ( #55 ), #345, .T. ) ;
#5310 = CARTESIAN_POINT ( 'NONE',  ( 49.98320533644604780, -1.387778780781445676E-14, 3.418944909569508805 ) ) ;
#5311 = ORIENTED_EDGE ( 'NONE', *, *, #705, .T. ) ;
#5312 = CARTESIAN_POINT ( 'NONE',  ( -31.61750601073502764, -1.561251128379126385E-14, 38.86313566429160460 ) ) ;
#5313 = FACE_OUTER_BOUND ( 'NONE', #1303, .T. ) ;
#5314 = EDGE_LOOP ( 'NONE', ( #976, #5574, #5162, #572 ) ) ;
#5315 = ORIENTED_EDGE ( 'NONE', *, *, #4799, .T. ) ;
#5316 = DIRECTION ( 'NONE',  ( 0.000000000000000000, -1.000000000000000000, 0.000000000000000000 ) ) ;
#5317 = ADVANCED_FACE ( 'NONE', ( #3685 ), #7270, .T. ) ;
#5318 = CARTESIAN_POINT ( 'NONE',  ( -42.31147425102297177, 11.00000000000000000, 35.72295860794606170 ) ) ;
#5319 = DIRECTION ( 'NONE',  ( 0.000000000000000000, 0.000000000000000000, -1.000000000000000000 ) ) ;
#5320 = ORIENTED_EDGE ( 'NONE', *, *, #6653, .T. ) ;
#5321 = CARTESIAN_POINT ( 'NONE',  ( 0.000000000000000000, -0.5000000000000004441, -60.64999999999999858 ) ) ;
#5322 = EDGE_LOOP ( 'NONE', ( #3678, #3556, #118, #4425 ) ) ;
#5323 = CARTESIAN_POINT ( 'NONE',  ( -47.20727219815295683, 9.500000000000000000, -18.92746856976619796 ) ) ;
#5324 = ORIENTED_EDGE ( 'NONE', *, *, #6497, .F. ) ;
#5325 = LINE ( 'NONE', #4713, #2367 ) ;
#5326 = EDGE_CURVE ( 'NONE', #2975, #4933, #5479, .T. ) ;
#5327 = VECTOR ( 'NONE', #3419, 1000.000000000000000 ) ;
#5328 = DIRECTION ( 'NONE',  ( 0.000000000000000000, -0.7071067811865432429, -0.7071067811865517916 ) ) ;
#5329 = ORIENTED_EDGE ( 'NONE', *, *, #3394, .F. ) ;
#5330 = CARTESIAN_POINT ( 'NONE',  ( -6.821949119721967492, -1.387778780781445676E-14, -51.78336589642010068 ) ) ;
#5331 = CARTESIAN_POINT ( 'NONE',  ( 26.03115589677558006, 9.500000000000000000, 44.95641216777878668 ) ) ;
#5332 = EDGE_CURVE ( 'NONE', #1477, #1651, #6018, .T. ) ;
#5333 = ADVANCED_FACE ( 'NONE', ( #913 ), #2552, .F. ) ;
#5334 = CARTESIAN_POINT ( 'NONE',  ( 44.48304944195920996, -1.214306433183764966E-14, 23.04925839033030854 ) ) ;
#5335 = CIRCLE ( 'NONE', #1332, 2.500000000000203393 ) ;
#5336 = AXIS2_PLACEMENT_3D ( 'NONE', #2206, #3902, #3984 ) ;
#5337 = DIRECTION ( 'NONE',  ( -0.000000000000000000, -1.000000000000000000, -0.000000000000000000 ) ) ;
#5338 = CARTESIAN_POINT ( 'NONE',  ( -40.93019163982320663, -1.387778780781445676E-14, -28.89168413795475487 ) ) ;
#5339 = DIRECTION ( 'NONE',  ( 0.000000000000000000, 0.000000000000000000, 1.000000000000000000 ) ) ;
#5340 = ORIENTED_EDGE ( 'NONE', *, *, #6389, .F. ) ;
#5341 = CARTESIAN_POINT ( 'NONE',  ( 19.95989460129610649, -1.561251128379126385E-14, -43.80228620542352758 ) ) ;
#5342 = ORIENTED_EDGE ( 'NONE', *, *, #5172, .T. ) ;
#5343 = EDGE_LOOP ( 'NONE', ( #5004, #87, #2039, #1601 ) ) ;
#5344 = CC_DESIGN_PERSON_AND_ORGANIZATION_ASSIGNMENT ( #2534, #4854, ( #6284 ) ) ;
#5345 = CARTESIAN_POINT ( 'NONE',  ( 52.09272677833285314, 11.00000000000000000, 21.28133226898397723 ) ) ;
#5346 = ORIENTED_EDGE ( 'NONE', *, *, #4340, .F. ) ;
#5347 = CARTESIAN_POINT ( 'NONE',  ( 47.20727219815306341, -0.5000000000000004441, 16.77746856976595780 ) ) ;
#5348 = CARTESIAN_POINT ( 'NONE',  ( -49.98320533644603358, 9.500000000000000000, -1.268944909569921675 ) ) ;
#5349 = AXIS2_PLACEMENT_3D ( 'NONE', #6097, #2675, #7286 ) ;
#5350 = ORIENTED_EDGE ( 'NONE', *, *, #7305, .F. ) ;
#5351 = VERTEX_POINT ( 'NONE', #6625 ) ;
#5352 = VECTOR ( 'NONE', #2792, 1000.000000000000000 ) ;
#5353 = CYLINDRICAL_SURFACE ( 'NONE', #7239, 2.149999999999922640 ) ;
#5354 = AXIS2_PLACEMENT_3D ( 'NONE', #959, #3275, #923 ) ;
#5355 = DIRECTION ( 'NONE',  ( 0.000000000000000000, 0.000000000000000000, -1.000000000000000000 ) ) ;
#5356 = CIRCLE ( 'NONE', #5841, 2.500000000000203393 ) ;
#5357 = DIRECTION ( 'NONE',  ( 0.000000000000000000, -1.000000000000000000, 0.000000000000000000 ) ) ;
#5358 = VERTEX_POINT ( 'NONE', #2025 ) ;
#5359 = CARTESIAN_POINT ( 'NONE',  ( -19.95989460129674598, -1.387778780781445676E-14, -45.95228620542319220 ) ) ;
#5360 = ORIENTED_EDGE ( 'NONE', *, *, #1917, .T. ) ;
#5361 = EDGE_CURVE ( 'NONE', #1934, #3715, #2585, .T. ) ;
#5362 = DIRECTION ( 'NONE',  ( -0.000000000000000000, -1.000000000000000000, -0.000000000000000000 ) ) ;
#5363 = VERTEX_POINT ( 'NONE', #3188 ) ;
#5364 = VECTOR ( 'NONE', #1787, 1000.000000000000000 ) ;
#5365 = DIRECTION ( 'NONE',  ( -0.000000000000000000, -1.000000000000000000, -0.000000000000000000 ) ) ;
#5366 = FACE_OUTER_BOUND ( 'NONE', #5538, .T. ) ;
#5367 = EDGE_LOOP ( 'NONE', ( #3979, #1845 ) ) ;
#5368 = ADVANCED_FACE ( 'NONE', ( #4264 ), #7397, .F. ) ;
#5369 = DIRECTION ( 'NONE',  ( -0.000000000000000000, -1.000000000000000000, -0.000000000000000000 ) ) ;
#5370 = DIRECTION ( 'NONE',  ( 0.000000000000000000, 0.000000000000000000, -1.000000000000000000 ) ) ;
#5371 = CARTESIAN_POINT ( 'NONE',  ( -31.10451112088840731, -0.5000000000000004441, -43.31375353461577049 ) ) ;
#5372 = DIRECTION ( 'NONE',  ( -0.000000000000000000, -1.000000000000000000, -0.000000000000000000 ) ) ;
#5373 = DIRECTION ( 'NONE',  ( 0.000000000000000000, -1.000000000000000000, 0.000000000000000000 ) ) ;
#5374 = DIRECTION ( 'NONE',  ( 0.000000000000000000, -1.000000000000000000, 0.000000000000000000 ) ) ;
#5375 = ORIENTED_EDGE ( 'NONE', *, *, #4683, .T. ) ;
#5376 = EDGE_CURVE ( 'NONE', #2010, #1536, #5083, .T. ) ;
#5377 = DIRECTION ( 'NONE',  ( 0.000000000000000000, 0.000000000000000000, -1.000000000000000000 ) ) ;
#5378 = ORIENTED_EDGE ( 'NONE', *, *, #2404, .F. ) ;
#5379 = ADVANCED_FACE ( 'NONE', ( #7198 ), #209, .T. ) ;
#5380 = CYLINDRICAL_SURFACE ( 'NONE', #6266, 2.149999999999922640 ) ;
#5381 = CARTESIAN_POINT ( 'NONE',  ( -49.98320533644600516, -0.5000000000000004441, 0.7689449095702772796 ) ) ;
#5382 = DIRECTION ( 'NONE',  ( 0.000000000000000000, 0.000000000000000000, -1.000000000000000000 ) ) ;
#5383 = EDGE_LOOP ( 'NONE', ( #3116, #6848, #4022, #6245 ) ) ;
#5384 = EDGE_CURVE ( 'NONE', #3184, #1536, #2056, .T. ) ;
#5385 = ORIENTED_EDGE ( 'NONE', *, *, #6973, .F. ) ;
#5386 = DIRECTION ( 'NONE',  ( 0.000000000000000000, 1.000000000000000000, 0.000000000000000000 ) ) ;
#5387 = AXIS2_PLACEMENT_3D ( 'NONE', #7160, #1411, #350 ) ;
#5388 = AXIS2_PLACEMENT_3D ( 'NONE', #3543, #4078, #3582 ) ;
#5389 = DIRECTION ( 'NONE',  ( 0.000000000000000000, 0.000000000000000000, -1.000000000000000000 ) ) ;
#5390 = LINE ( 'NONE', #7147, #4238 ) ;
#5391 = EDGE_LOOP ( 'NONE', ( #5762, #6960, #2878, #2526 ) ) ;
#5392 = DIRECTION ( 'NONE',  ( 0.000000000000000000, -1.000000000000000000, 0.000000000000000000 ) ) ;
#5393 = ORIENTED_EDGE ( 'NONE', *, *, #519, .F. ) ;
#5394 = CARTESIAN_POINT ( 'NONE',  ( 31.61750601073477895, -0.5000000000000004441, -36.21313566429190445 ) ) ;
#5395 = VERTEX_POINT ( 'NONE', #1337 ) ;
#5396 = EDGE_CURVE ( 'NONE', #5552, #537, #6172, .T. ) ;
#5397 = DIRECTION ( 'NONE',  ( 0.000000000000000000, 0.000000000000000000, -1.000000000000000000 ) ) ;
#5398 = CIRCLE ( 'NONE', #2485, 46.10000000000001563 ) ;
#5399 = CIRCLE ( 'NONE', #1759, 2.149999999999922640 ) ;
#5400 = ADVANCED_FACE ( 'NONE', ( #4979 ), #1370, .F. ) ;
#5401 = CIRCLE ( 'NONE', #2123, 2.500000000000206057 ) ;
#5402 = CYLINDRICAL_SURFACE ( 'NONE', #784, 2.500000000000203393 ) ;
#5403 = VECTOR ( 'NONE', #2166, 1000.000000000000000 ) ;
#5404 = EDGE_LOOP ( 'NONE', ( #3480, #4161, #7172, #3318 ) ) ;
#5405 = VECTOR ( 'NONE', #2833, 1000.000000000000000 ) ;
#5406 = DIRECTION ( 'NONE',  ( -0.000000000000000000, -1.000000000000000000, -0.000000000000000000 ) ) ;
#5407 = AXIS2_PLACEMENT_3D ( 'NONE', #7378, #2237, #1673 ) ;
#5408 = CIRCLE ( 'NONE', #1274, 2.149999999999922640 ) ;
#5409 = FACE_OUTER_BOUND ( 'NONE', #4250, .T. ) ;
#5410 = CIRCLE ( 'NONE', #316, 39.99999999999999289 ) ;
#5411 = ADVANCED_FACE ( 'NONE', ( #6659 ), #7309, .F. ) ;
#5412 = CC_DESIGN_APPROVAL ( #4084, ( #6135 ) ) ;
#5413 = CARTESIAN_POINT ( 'NONE',  ( -24.12361884325211392, 11.00000000000000000, 49.84417357029304441 ) ) ;
#5414 = CYLINDRICAL_SURFACE ( 'NONE', #695, 2.149999999999922640 ) ;
#5415 = DIRECTION ( 'NONE',  ( 0.000000000000000000, -0.7071067811865432429, -0.7071067811865517916 ) ) ;
#5416 = CARTESIAN_POINT ( 'NONE',  ( 36.61488181033430322, 9.500000000000000000, 34.19591247525423228 ) ) ;
#5417 = VERTEX_POINT ( 'NONE', #5556 ) ;
#5418 = DIRECTION ( 'NONE',  ( 0.000000000000000000, -1.000000000000000000, 0.000000000000000000 ) ) ;
#5419 = ORIENTED_EDGE ( 'NONE', *, *, #93, .T. ) ;
#5420 = CIRCLE ( 'NONE', #5536, 2.149999999999922640 ) ;
#5421 = EDGE_CURVE ( 'NONE', #2576, #3248, #6548, .T. ) ;
#5422 = DIRECTION ( 'NONE',  ( 0.000000000000000000, 0.000000000000000000, -1.000000000000000000 ) ) ;
#5423 = LINE ( 'NONE', #751, #616 ) ;
#5424 = LINE ( 'NONE', #4955, #6874 ) ;
#5425 = EDGE_LOOP ( 'NONE', ( #4137, #2067 ) ) ;
#5426 = EDGE_LOOP ( 'NONE', ( #4931, #2932 ) ) ;
#5427 = LINE ( 'NONE', #2002, #6391 ) ;
#5428 = LINE ( 'NONE', #226, #987 ) ;
#5429 = EDGE_CURVE ( 'NONE', #4768, #872, #2783, .T. ) ;
#5430 = FACE_OUTER_BOUND ( 'NONE', #5343, .T. ) ;
#5431 = VERTEX_POINT ( 'NONE', #237 ) ;
#5432 = FACE_OUTER_BOUND ( 'NONE', #232, .T. ) ;
#5433 = ORIENTED_EDGE ( 'NONE', *, *, #1978, .T. ) ;
#5434 = LINE ( 'NONE', #159, #2598 ) ;
#5435 = ORIENTED_EDGE ( 'NONE', *, *, #1503, .T. ) ;
#5436 = CARTESIAN_POINT ( 'NONE',  ( 26.03115589677558006, -1.214306433183764966E-14, 40.65641216777893874 ) ) ;
#5437 = CC_DESIGN_PERSON_AND_ORGANIZATION_ASSIGNMENT ( #4999, #6879, ( #2135 ) ) ;
#5438 = DIRECTION ( 'NONE',  ( 0.000000000000000000, -1.000000000000000000, 0.000000000000000000 ) ) ;
#5439 = ORIENTED_EDGE ( 'NONE', *, *, #7012, .T. ) ;
#5440 = CARTESIAN_POINT ( 'NONE',  ( -49.05211279288440807, 9.500000000000000000, -10.19314625393680274 ) ) ;
#5441 = CARTESIAN_POINT ( 'NONE',  ( -49.98320533644603358, -0.5000000000000004441, -6.068944909569760959 ) ) ;
#5442 = AXIS2_PLACEMENT_3D ( 'NONE', #4606, #1038, #6940 ) ;
#5443 = EDGE_CURVE ( 'NONE', #1199, #3903, #1410, .T. ) ;
#5444 = CARTESIAN_POINT ( 'NONE',  ( -49.98320533644600516, 9.500000000000000000, 3.418944909570193147 ) ) ;
#5445 = CARTESIAN_POINT ( 'NONE',  ( -26.03115589677527097, -1.561251128379126385E-14, -40.65641216777911637 ) ) ;
#5446 = CIRCLE ( 'NONE', #1688, 2.649999999999916422 ) ;
#5447 = CARTESIAN_POINT ( 'NONE',  ( 31.61750601073556766, -0.5000000000000004441, 36.21313566429125075 ) ) ;
#5448 = VERTEX_POINT ( 'NONE', #7499 ) ;
#5449 = DIRECTION ( 'NONE',  ( 0.000000000000000000, -1.000000000000000000, 0.000000000000000000 ) ) ;
#5450 = EDGE_CURVE ( 'NONE', #997, #1005, #5673, .T. ) ;
#5451 = ORIENTED_EDGE ( 'NONE', *, *, #4983, .F. ) ;
#5452 = AXIS2_PLACEMENT_3D ( 'NONE', #6056, #844, #3161 ) ;
#5453 = CIRCLE ( 'NONE', #1564, 2.149999999999919531 ) ;
#5454 = CYLINDRICAL_SURFACE ( 'NONE', #2020, 2.500000000000203393 ) ;
#5455 = CARTESIAN_POINT ( 'NONE',  ( -13.51681823496661572, 9.500000000000000000, 46.09215609612489573 ) ) ;
#5456 = LINE ( 'NONE', #1964, #1511 ) ;
#5457 = ORIENTED_EDGE ( 'NONE', *, *, #6674, .F. ) ;
#5458 = EDGE_CURVE ( 'NONE', #4765, #1776, #4404, .T. ) ;
#5459 = ORIENTED_EDGE ( 'NONE', *, *, #1948, .T. ) ;
#5460 = CONICAL_SURFACE ( 'NONE', #3637, 2.149999999999919531, 0.7853981633974552734 ) ;
#5461 = LINE ( 'NONE', #4927, #3462 ) ;
#5462 = CARTESIAN_POINT ( 'NONE',  ( -26.03115589677527097, -1.561251128379126385E-14, -42.80641216777904390 ) ) ;
#5463 = CIRCLE ( 'NONE', #974, 2.149999999999922640 ) ;
#5464 = CARTESIAN_POINT ( 'NONE',  ( 40.93019163982280872, -1.214306433183764966E-14, -28.89168413795531620 ) ) ;
#5465 = VERTEX_POINT ( 'NONE', #1105 ) ;
#5466 = AXIS2_PLACEMENT_3D ( 'NONE', #3468, #2334, #590 ) ;
#5467 = CARTESIAN_POINT ( 'NONE',  ( 44.48304944195920996, 9.500000000000000000, 23.04925839033030854 ) ) ;
#5468 = ORIENTED_EDGE ( 'NONE', *, *, #2640, .T. ) ;
#5469 = CARTESIAN_POINT ( 'NONE',  ( 44.48304944195874100, 9.500000000000000000, -23.04925839033120383 ) ) ;
#5470 = ORIENTED_EDGE ( 'NONE', *, *, #6036, .F. ) ;
#5471 = EDGE_CURVE ( 'NONE', #1797, #2805, #5570, .T. ) ;
#5472 = FACE_OUTER_BOUND ( 'NONE', #6835, .T. ) ;
#5473 = EDGE_CURVE ( 'NONE', #2310, #4272, #5446, .T. ) ;
#5474 = AXIS2_PLACEMENT_3D ( 'NONE', #4608, #6942, #5010 ) ;
#5475 = VECTOR ( 'NONE', #2983, 1000.000000000000000 ) ;
#5476 = DIRECTION ( 'NONE',  ( 0.000000000000000000, 0.000000000000000000, -1.000000000000000000 ) ) ;
#5477 = AXIS2_PLACEMENT_3D ( 'NONE', #1175, #3487, #5813 ) ;
#5478 = ORIENTED_EDGE ( 'NONE', *, *, #778, .T. ) ;
#5479 = LINE ( 'NONE', #6084, #5566 ) ;
#5480 = CARTESIAN_POINT ( 'NONE',  ( 19.95989460129610649, -0.5000000000000004441, -45.95228620542344800 ) ) ;
#5481 = AXIS2_PLACEMENT_3D ( 'NONE', #3481, #5119, #4046 ) ;
#5482 = CARTESIAN_POINT ( 'NONE',  ( 13.23327348812998849, 11.00000000000000000, -56.27054117068551164 ) ) ;
#5483 = EDGE_LOOP ( 'NONE', ( #4891, #5171, #411, #7450 ) ) ;
#5484 = DIRECTION ( 'NONE',  ( 0.000000000000000000, 0.000000000000000000, -1.000000000000000000 ) ) ;
#5485 = DIRECTION ( 'NONE',  ( 0.000000000000000000, -1.000000000000000000, -0.000000000000000000 ) ) ;
#5486 = ORIENTED_EDGE ( 'NONE', *, *, #3542, .T. ) ;
#5487 = DIRECTION ( 'NONE',  ( 0.000000000000000000, 0.000000000000000000, -1.000000000000000000 ) ) ;
#5488 = VERTEX_POINT ( 'NONE', #5627 ) ;
#5489 = EDGE_CURVE ( 'NONE', #173, #6998, #7385, .T. ) ;
#5490 = ORIENTED_EDGE ( 'NONE', *, *, #5958, .F. ) ;
#5491 = DIRECTION ( 'NONE',  ( 0.000000000000000000, 1.000000000000000000, 0.000000000000000000 ) ) ;
#5492 = DIRECTION ( 'NONE',  ( 0.000000000000000000, -1.000000000000000000, 0.000000000000000000 ) ) ;
#5493 = DIRECTION ( 'NONE',  ( 0.000000000000000000, -1.000000000000000000, 0.000000000000000000 ) ) ;
#5494 = EDGE_LOOP ( 'NONE', ( #6851, #600 ) ) ;
#5495 = VERTEX_POINT ( 'NONE', #2247 ) ;
#5496 = DIRECTION ( 'NONE',  ( 0.000000000000000000, 0.000000000000000000, 1.000000000000000000 ) ) ;
#5497 = EDGE_CURVE ( 'NONE', #7158, #2118, #1521, .T. ) ;
#5498 = DIRECTION ( 'NONE',  ( 0.000000000000000000, -0.000000000000000000, -1.000000000000000000 ) ) ;
#5499 = DIRECTION ( 'NONE',  ( 0.000000000000000000, 0.000000000000000000, 1.000000000000000000 ) ) ;
#5500 = ORIENTED_EDGE ( 'NONE', *, *, #5096, .F. ) ;
#5501 = CARTESIAN_POINT ( 'NONE',  ( 39.95001788498536399, -0.5000000000000004441, 38.34562160129052444 ) ) ;
#5502 = VERTEX_POINT ( 'NONE', #540 ) ;
#5503 = CARTESIAN_POINT ( 'NONE',  ( 40.93019163982339848, -1.214306433183764966E-14, 31.04168413795441239 ) ) ;
#5504 = ORIENTED_EDGE ( 'NONE', *, *, #2734, .F. ) ;
#5505 = DIRECTION ( 'NONE',  ( 0.000000000000000000, 0.000000000000000000, -1.000000000000000000 ) ) ;
#5506 = ORIENTED_EDGE ( 'NONE', *, *, #3948, .T. ) ;
#5507 = EDGE_CURVE ( 'NONE', #15, #6157, #2819, .T. ) ;
#5508 = CARTESIAN_POINT ( 'NONE',  ( -49.05211279288432280, 2.775557561562891351E-14, 12.34314625393706422 ) ) ;
#5509 = ORIENTED_EDGE ( 'NONE', *, *, #2404, .T. ) ;
#5510 = CIRCLE ( 'NONE', #5266, 2.649999999999916422 ) ;
#5511 = DIRECTION ( 'NONE',  ( 0.000000000000000000, 0.000000000000000000, -1.000000000000000000 ) ) ;
#5512 = DIRECTION ( 'NONE',  ( 0.000000000000000000, 0.000000000000000000, -1.000000000000000000 ) ) ;
#5513 = AXIS2_PLACEMENT_3D ( 'NONE', #5789, #4675, #2935 ) ;
#5514 = AXIS2_PLACEMENT_3D ( 'NONE', #4553, #6722, #2161 ) ;
#5515 = CARTESIAN_POINT ( 'NONE',  ( -40.93019163982300768, 9.500000000000000000, 28.89168413795503554 ) ) ;
#5516 = AXIS2_PLACEMENT_3D ( 'NONE', #1661, #5111, #2796 ) ;
#5517 = AXIS2_PLACEMENT_3D ( 'NONE', #5213, #5365, #17 ) ;
#5518 = ADVANCED_FACE ( 'NONE', ( #5748 ), #7515, .F. ) ;
#5519 = AXIS2_PLACEMENT_3D ( 'NONE', #1595, #4479, #7419 ) ;
#5520 = ORIENTED_EDGE ( 'NONE', *, *, #4025, .T. ) ;
#5521 = CARTESIAN_POINT ( 'NONE',  ( 0.000000000000000000, -1.214306433183764966E-14, -52.24999999999992184 ) ) ;
#5522 = CARTESIAN_POINT ( 'NONE',  ( -49.05211279288432280, 9.500000000000000000, 12.34314625393706422 ) ) ;
#5523 = ORIENTED_EDGE ( 'NONE', *, *, #3794, .F. ) ;
#5524 = CIRCLE ( 'NONE', #3095, 2.149999999999922640 ) ;
#5525 = CARTESIAN_POINT ( 'NONE',  ( -6.821949119721967492, -1.387778780781445676E-14, -49.63336589642018026 ) ) ;
#5526 = VERTEX_POINT ( 'NONE', #5710 ) ;
#5527 = AXIS2_PLACEMENT_3D ( 'NONE', #6855, #5713, #6901 ) ;
#5528 = AXIS2_PLACEMENT_3D ( 'NONE', #3900, #6152, #5585 ) ;
#5529 = VECTOR ( 'NONE', #2421, 1000.000000000000114 ) ;
#5530 = ADVANCED_FACE ( 'NONE', ( #5014 ), #3907, .F. ) ;
#5531 = ORIENTED_EDGE ( 'NONE', *, *, #6340, .T. ) ;
#5532 = DIRECTION ( 'NONE',  ( 0.000000000000000000, -1.000000000000000000, 0.000000000000000000 ) ) ;
#5533 = AXIS2_PLACEMENT_3D ( 'NONE', #323, #6860, #3310 ) ;
#5534 = DIRECTION ( 'NONE',  ( 0.000000000000000000, 0.000000000000000000, -1.000000000000000000 ) ) ;
#5535 = AXIS2_PLACEMENT_3D ( 'NONE', #4739, #1856, #4163 ) ;
#5536 = AXIS2_PLACEMENT_3D ( 'NONE', #1082, #558, #3396 ) ;
#5537 = DIRECTION ( 'NONE',  ( 0.000000000000000000, 0.000000000000000000, 1.000000000000000000 ) ) ;
#5538 = EDGE_LOOP ( 'NONE', ( #1117, #4320 ) ) ;
#5539 = ORIENTED_EDGE ( 'NONE', *, *, #5966, .T. ) ;
#5540 = CARTESIAN_POINT ( 'NONE',  ( -36.61488181033408296, 9.500000000000000000, -32.04591247525458186 ) ) ;
#5541 = EDGE_CURVE ( 'NONE', #6273, #5677, #5131, .T. ) ;
#5542 = CIRCLE ( 'NONE', #927, 2.649999999999916422 ) ;
#5543 = CARTESIAN_POINT ( 'NONE',  ( 36.61488181033361400, -1.040834085586084257E-14, -34.19591247525498545 ) ) ;
#5544 = DIRECTION ( 'NONE',  ( 0.000000000000000000, 1.000000000000000000, 0.000000000000000000 ) ) ;
#5545 = ORIENTED_EDGE ( 'NONE', *, *, #4410, .F. ) ;
#5546 = CARTESIAN_POINT ( 'NONE',  ( 36.61488181033430322, 9.500000000000000000, 34.19591247525423228 ) ) ;
#5547 = EDGE_LOOP ( 'NONE', ( #5647, #6260 ) ) ;
#5548 = DIRECTION ( 'NONE',  ( 0.000000000000000000, 0.000000000000000000, 1.000000000000000000 ) ) ;
#5549 = EDGE_LOOP ( 'NONE', ( #6088, #2722, #2144, #5617 ) ) ;
#5550 = DIRECTION ( 'NONE',  ( 0.000000000000000000, -0.7071067811865435759, -0.7071067811865515695 ) ) ;
#5552 = VERTEX_POINT ( 'NONE', #6282 ) ;
#5551 = EDGE_CURVE ( 'NONE', #2473, #550, #6301, .T. ) ;
#5553 = DIRECTION ( 'NONE',  ( -0.000000000000000000, -1.000000000000000000, -0.000000000000000000 ) ) ;
#5554 = CYLINDRICAL_SURFACE ( 'NONE', #2874, 2.149999999999922640 ) ;
#5555 = VERTEX_POINT ( 'NONE', #6898 ) ;
#5556 = CARTESIAN_POINT ( 'NONE',  ( -9.781252527309565181, 11.00000000000000000, -52.00429087692993591 ) ) ;
#5557 = CARTESIAN_POINT ( 'NONE',  ( 19.95989460129610649, 9.500000000000000000, -45.95228620542344800 ) ) ;
#5558 = EDGE_CURVE ( 'NONE', #6458, #4933, #835, .T. ) ;
#5559 = AXIS2_PLACEMENT_3D ( 'NONE', #6702, #1446, #3762 ) ;
#5560 = DIRECTION ( 'NONE',  ( 0.000000000000000000, -1.000000000000000000, 0.000000000000000000 ) ) ;
#5561 = ORIENTED_EDGE ( 'NONE', *, *, #6624, .F. ) ;
#5562 = CARTESIAN_POINT ( 'NONE',  ( 19.95989460129610649, 9.500000000000000000, -45.95228620542344800 ) ) ;
#5563 = DIRECTION ( 'NONE',  ( -0.000000000000000000, -1.000000000000000000, -0.000000000000000000 ) ) ;
#5564 = EDGE_LOOP ( 'NONE', ( #6767, #5134 ) ) ;
#5565 = FACE_OUTER_BOUND ( 'NONE', #5322, .T. ) ;
#5566 = VECTOR ( 'NONE', #3757, 999.9999999999998863 ) ;
#5567 = ORIENTED_EDGE ( 'NONE', *, *, #4200, .F. ) ;
#5568 = EDGE_CURVE ( 'NONE', #7482, #4353, #2134, .T. ) ;
#5569 = EDGE_CURVE ( 'NONE', #3237, #7093, #598, .T. ) ;
#5570 = CIRCLE ( 'NONE', #2904, 2.500000000000203393 ) ;
#5571 = DIRECTION ( 'NONE',  ( 0.000000000000000000, 0.000000000000000000, -1.000000000000000000 ) ) ;
#5572 = DIRECTION ( 'NONE',  ( 8.659560562354983395E-17, -0.7071067811865435759, 0.7071067811865515695 ) ) ;
#5573 = CARTESIAN_POINT ( 'NONE',  ( 40.93019163982339848, 9.500000000000000000, 28.89168413795448842 ) ) ;
#5574 = ORIENTED_EDGE ( 'NONE', *, *, #3514, .T. ) ;
#5575 = ORIENTED_EDGE ( 'NONE', *, *, #6497, .T. ) ;
#5576 = CONICAL_SURFACE ( 'NONE', #4960, 2.149999999999922640, 0.7853981633974548293 ) ;
#5577 = CARTESIAN_POINT ( 'NONE',  ( 13.51681823496726231, -0.5000000000000004441, 48.24215609612464561 ) ) ;
#5578 = CARTESIAN_POINT ( 'NONE',  ( -49.98320533644600516, -1.214306433183764966E-14, 5.568944909570115342 ) ) ;
#5579 = ORIENTED_EDGE ( 'NONE', *, *, #3012, .T. ) ;
#5580 = AXIS2_PLACEMENT_3D ( 'NONE', #3551, #6414, #6453 ) ;
#5581 = DIRECTION ( 'NONE',  ( 0.000000000000000000, -0.000000000000000000, -1.000000000000000000 ) ) ;
#5582 = ORIENTED_EDGE ( 'NONE', *, *, #3421, .F. ) ;
#5583 = CARTESIAN_POINT ( 'NONE',  ( -26.03115589677498676, 9.500000000000000000, 42.80641216777921443 ) ) ;
#5584 = ORIENTED_EDGE ( 'NONE', *, *, #211, .F. ) ;
#5585 = DIRECTION ( 'NONE',  ( 0.000000000000000000, 0.000000000000000000, -1.000000000000000000 ) ) ;
#5586 = CARTESIAN_POINT ( 'NONE',  ( 40.93019163982339848, 9.500000000000000000, 28.89168413795448842 ) ) ;
#5587 = DIRECTION ( 'NONE',  ( 0.000000000000000000, 1.000000000000000000, 0.000000000000000000 ) ) ;
#5588 = EDGE_CURVE ( 'NONE', #2778, #6571, #954, .T. ) ;
#5589 = FACE_OUTER_BOUND ( 'NONE', #3218, .T. ) ;
#5590 = ORIENTED_EDGE ( 'NONE', *, *, #1132, .F. ) ;
#5591 = DIRECTION ( 'NONE',  ( 0.000000000000000000, -1.000000000000000000, 0.000000000000000000 ) ) ;
#5592 = AXIS2_PLACEMENT_3D ( 'NONE', #3773, #330, #3808 ) ;
#5593 = DIRECTION ( 'NONE',  ( 8.659560562354983395E-17, -0.7071067811865435759, 0.7071067811865515695 ) ) ;
#5594 = AXIS2_PLACEMENT_3D ( 'NONE', #3414, #3375, #3901 ) ;
#5595 = CARTESIAN_POINT ( 'NONE',  ( -31.10451112088840731, 11.00000000000000000, -48.31375353461617550 ) ) ;
#5596 = EDGE_CURVE ( 'NONE', #5488, #5610, #1080, .T. ) ;
#5597 = ORIENTED_EDGE ( 'NONE', *, *, #1055, .F. ) ;
#5598 = CYLINDRICAL_SURFACE ( 'NONE', #6661, 2.149999999999922640 ) ;
#5599 = CARTESIAN_POINT ( 'NONE',  ( -9.781252527309565181, 11.00000000000000000, -52.00429087692993591 ) ) ;
#5600 = VERTEX_POINT ( 'NONE', #1634 ) ;
#5601 = CARTESIAN_POINT ( 'NONE',  ( 6.821949119722316546, -0.5000000000000004441, 46.98336589642017458 ) ) ;
#5602 = DIRECTION ( 'NONE',  ( 0.000000000000000000, -1.000000000000000000, 0.000000000000000000 ) ) ;
#5603 = AXIS2_PLACEMENT_3D ( 'NONE', #85, #6682, #4248 ) ;
#5604 = ORIENTED_EDGE ( 'NONE', *, *, #4146, .T. ) ;
#5605 = ADVANCED_FACE ( 'NONE', ( #3381 ), #2047, .F. ) ;
#5606 = DIRECTION ( 'NONE',  ( 0.000000000000000000, 0.000000000000000000, -1.000000000000000000 ) ) ;
#5607 = PLANE ( 'NONE',  #4256 ) ;
#5608 = EDGE_CURVE ( 'NONE', #2654, #3859, #3986, .T. ) ;
#5609 = DIRECTION ( 'NONE',  ( 0.000000000000000000, 0.000000000000000000, 1.000000000000000000 ) ) ;
#5610 = VERTEX_POINT ( 'NONE', #1792 ) ;
#5611 = VERTEX_POINT ( 'NONE', #5323 ) ;
#5612 = DIRECTION ( 'NONE',  ( 0.000000000000000000, 1.000000000000000000, 0.000000000000000000 ) ) ;
#5613 = DIRECTION ( 'NONE',  ( 0.000000000000000000, -1.000000000000000000, -0.000000000000000000 ) ) ;
#5614 = ORIENTED_EDGE ( 'NONE', *, *, #5541, .F. ) ;
#5615 = EDGE_CURVE ( 'NONE', #537, #5552, #6787, .T. ) ;
#5616 = LINE ( 'NONE', #2725, #1027 ) ;
#5617 = ORIENTED_EDGE ( 'NONE', *, *, #2972, .F. ) ;
#5618 = DIRECTION ( 'NONE',  ( 0.000000000000000000, 0.000000000000000000, -1.000000000000000000 ) ) ;
#5619 = VERTEX_POINT ( 'NONE', #2356 ) ;
#5620 = CARTESIAN_POINT ( 'NONE',  ( -40.93019163982300768, -0.5000000000000004441, 28.89168413795503554 ) ) ;
#5621 = DIRECTION ( 'NONE',  ( 0.000000000000000000, 1.000000000000000000, 0.000000000000000000 ) ) ;
#5622 = DIRECTION ( 'NONE',  ( 0.000000000000000000, 1.000000000000000000, 0.000000000000000000 ) ) ;
#5623 = ORIENTED_EDGE ( 'NONE', *, *, #6513, .T. ) ;
#5624 = EDGE_CURVE ( 'NONE', #1447, #6939, #719, .T. ) ;
#5625 = DIRECTION ( 'NONE',  ( 0.000000000000000000, 0.000000000000000000, -1.000000000000000000 ) ) ;
#5626 = ORIENTED_EDGE ( 'NONE', *, *, #405, .F. ) ;
#5627 = CARTESIAN_POINT ( 'NONE',  ( 47.20727219815306341, -0.5000000000000004441, 14.12746856976604093 ) ) ;
#5628 = DIRECTION ( 'NONE',  ( 0.000000000000000000, 0.000000000000000000, -1.000000000000000000 ) ) ;
#5629 = ADVANCED_FACE ( 'NONE', ( #2401 ), #4952, .F. ) ;
#5630 = CIRCLE ( 'NONE', #5996, 2.649999999999916422 ) ;
#5631 = DIRECTION ( 'NONE',  ( 0.000000000000000000, 0.000000000000000000, -1.000000000000000000 ) ) ;
#5632 = ORIENTED_EDGE ( 'NONE', *, *, #4539, .F. ) ;
#5633 = CARTESIAN_POINT ( 'NONE',  ( 49.05211279288445780, 9.500000000000000000, 10.19314625393647411 ) ) ;
#5634 = DIRECTION ( 'NONE',  ( 0.000000000000000000, 1.000000000000000000, 0.000000000000000000 ) ) ;
#5635 = ORIENTED_EDGE ( 'NONE', *, *, #358, .F. ) ;
#5636 = DIRECTION ( 'NONE',  ( 0.000000000000000000, -1.000000000000000000, 0.000000000000000000 ) ) ;
#5637 = DIRECTION ( 'NONE',  ( 0.000000000000000000, 0.000000000000000000, 1.000000000000000000 ) ) ;
#5638 = VECTOR ( 'NONE', #453, 1000.000000000000000 ) ;
#5639 = EDGE_CURVE ( 'NONE', #3059, #5431, #1557, .T. ) ;
#5640 = VECTOR ( 'NONE', #871, 1000.000000000000000 ) ;
#5641 = AXIS2_PLACEMENT_3D ( 'NONE', #110, #1894, #4126 ) ;
#5642 = AXIS2_PLACEMENT_3D ( 'NONE', #1451, #3197, #3698 ) ;
#5643 = FACE_OUTER_BOUND ( 'NONE', #5483, .T. ) ;
#5644 = FACE_BOUND ( 'NONE', #1810, .T. ) ;
#5645 = CARTESIAN_POINT ( 'NONE',  ( -44.48304944195891153, 9.500000000000000000, 23.04925839033091961 ) ) ;
#5646 = CIRCLE ( 'NONE', #1276, 2.649999999999915978 ) ;
#5647 = ORIENTED_EDGE ( 'NONE', *, *, #7458, .T. ) ;
#5648 = AXIS2_PLACEMENT_3D ( 'NONE', #4814, #1996, #885 ) ;
#5649 = AXIS2_PLACEMENT_3D ( 'NONE', #1547, #1589, #6845 ) ;
#5650 = ORIENTED_EDGE ( 'NONE', *, *, #4474, .F. ) ;
#5651 = AXIS2_PLACEMENT_3D ( 'NONE', #6503, #759, #1214 ) ;
#5652 = ADVANCED_FACE ( 'NONE', ( #5286 ), #5208, .F. ) ;
#5653 = VECTOR ( 'NONE', #172, 1000.000000000000000 ) ;
#5654 = FACE_OUTER_BOUND ( 'NONE', #7042, .T. ) ;
#5655 = AXIS2_PLACEMENT_3D ( 'NONE', #4627, #5275, #2349 ) ;
#5656 = CONICAL_SURFACE ( 'NONE', #6631, 2.149999999999922640, 0.7853981633974552734 ) ;
#5657 = CARTESIAN_POINT ( 'NONE',  ( -49.98320533644600516, -1.214306433183764966E-14, 3.418944909570193147 ) ) ;
#5658 = VERTEX_POINT ( 'NONE', #122 ) ;
#5659 = LINE ( 'NONE', #450, #132 ) ;
#5660 = DIRECTION ( 'NONE',  ( 0.000000000000000000, -1.000000000000000000, 0.000000000000000000 ) ) ;
#5661 = ORIENTED_EDGE ( 'NONE', *, *, #6683, .F. ) ;
#5662 = CARTESIAN_POINT ( 'NONE',  ( -13.51681823496661572, 9.500000000000000000, 48.24215609612481614 ) ) ;
#5663 = ORIENTED_EDGE ( 'NONE', *, *, #225, .T. ) ;
#5664 = DIRECTION ( 'NONE',  ( 0.000000000000000000, -1.000000000000000000, 0.000000000000000000 ) ) ;
#5665 = VECTOR ( 'NONE', #6522, 1000.000000000000000 ) ;
#5666 = ADVANCED_FACE ( 'NONE', ( #5898 ), #1748, .T. ) ;
#5667 = EDGE_CURVE ( 'NONE', #3859, #2654, #351, .T. ) ;
#5668 = FACE_OUTER_BOUND ( 'NONE', #377, .T. ) ;
#5669 = CARTESIAN_POINT ( 'NONE',  ( 40.93019163982280872, 9.500000000000000000, -26.74168413795539223 ) ) ;
#5670 = ORIENTED_EDGE ( 'NONE', *, *, #3550, .T. ) ;
#5671 = LINE ( 'NONE', #6813, #1396 ) ;
#5672 = ORIENTED_EDGE ( 'NONE', *, *, #716, .T. ) ;
#5673 = LINE ( 'NONE', #6815, #5327 ) ;
#5674 = DIRECTION ( 'NONE',  ( 0.000000000000000000, 1.000000000000000000, 0.000000000000000000 ) ) ;
#5675 = EDGE_CURVE ( 'NONE', #1439, #6092, #1690, .T. ) ;
#5676 = FACE_OUTER_BOUND ( 'NONE', #4120, .T. ) ;
#5677 = VERTEX_POINT ( 'NONE', #6429 ) ;
#5678 = LINE ( 'NONE', #3425, #948 ) ;
#5679 = CARTESIAN_POINT ( 'NONE',  ( -26.03115589677498676, -0.5000000000000004441, 42.80641216777921443 ) ) ;
#5680 = ORIENTED_EDGE ( 'NONE', *, *, #2289, .F. ) ;
#5681 = CARTESIAN_POINT ( 'NONE',  ( 31.61750601073477895, 9.500000000000000000, -38.86313566429182487 ) ) ;
#5682 = ORIENTED_EDGE ( 'NONE', *, *, #93, .F. ) ;
#5683 = EDGE_CURVE ( 'NONE', #2357, #5994, #728, .T. ) ;
#5684 = VERTEX_POINT ( 'NONE', #3043 ) ;
#5685 = CARTESIAN_POINT ( 'NONE',  ( -40.93019163982320663, 9.500000000000000000, -31.04168413795467885 ) ) ;
#5686 = ADVANCED_FACE ( 'NONE', ( #90 ), #724, .F. ) ;
#5687 = FACE_BOUND ( 'NONE', #1677, .T. ) ;
#5688 = DIRECTION ( 'NONE',  ( 0.000000000000000000, 0.000000000000000000, -1.000000000000000000 ) ) ;
#5689 = ORIENTED_EDGE ( 'NONE', *, *, #4683, .F. ) ;
#5690 = VERTEX_POINT ( 'NONE', #4171 ) ;
#5691 = APPROVAL_ROLE ( '' ) ;
#5692 = FACE_BOUND ( 'NONE', #6824, .T. ) ;
#5693 = VERTEX_POINT ( 'NONE', #2287 ) ;
#5694 = EDGE_CURVE ( 'NONE', #5690, #7396, #4959, .T. ) ;
#5695 = DIRECTION ( 'NONE',  ( 0.000000000000000000, 1.000000000000000000, 0.000000000000000000 ) ) ;
#5696 = LINE ( 'NONE', #1010, #4417 ) ;
#5697 = ORIENTED_EDGE ( 'NONE', *, *, #4280, .F. ) ;
#5698 = CYLINDRICAL_SURFACE ( 'NONE', #5148, 2.149999999999924416 ) ;
#5699 = VECTOR ( 'NONE', #4369, 999.9999999999998863 ) ;
#5700 = EDGE_LOOP ( 'NONE', ( #302, #7079 ) ) ;
#5701 = CARTESIAN_POINT ( 'NONE',  ( -6.821949119721967492, -1.387778780781445676E-14, -51.78336589642010068 ) ) ;
#5702 = DIRECTION ( 'NONE',  ( 0.000000000000000000, 1.000000000000000000, 0.000000000000000000 ) ) ;
#5703 = AXIS2_PLACEMENT_3D ( 'NONE', #1448, #214, #2096 ) ;
#5704 = AXIS2_PLACEMENT_3D ( 'NONE', #458, #6847, #500 ) ;
#5705 = LINE ( 'NONE', #4444, #1691 ) ;
#5706 = EDGE_LOOP ( 'NONE', ( #6536, #4773 ) ) ;
#5707 = DIRECTION ( 'NONE',  ( 0.000000000000000000, 1.000000000000000000, 0.000000000000000000 ) ) ;
#5708 = VERTEX_POINT ( 'NONE', #1715 ) ;
#5709 = ADVANCED_FACE ( 'NONE', ( #4024 ), #7008, .F. ) ;
#5710 = CARTESIAN_POINT ( 'NONE',  ( -13.51681823496694257, -1.387778780781445676E-14, -50.39215609612465840 ) ) ;
#5711 = ADVANCED_FACE ( 'NONE', ( #3452 ), #5887, .F. ) ;
#5712 = LINE ( 'NONE', #1026, #2116 ) ;
#5713 = DIRECTION ( 'NONE',  ( 0.000000000000000000, -1.000000000000000000, 0.000000000000000000 ) ) ;
#5714 = CIRCLE ( 'NONE', #6071, 2.500000000000203393 ) ;
#5715 = VERTEX_POINT ( 'NONE', #5857 ) ;
#5716 = DIRECTION ( 'NONE',  ( 0.000000000000000000, 0.000000000000000000, -1.000000000000000000 ) ) ;
#5717 = AXIS2_PLACEMENT_3D ( 'NONE', #1567, #6786, #5637 ) ;
#5718 = PLANE ( 'NONE',  #1716 ) ;
#5719 = ORIENTED_EDGE ( 'NONE', *, *, #4437, .T. ) ;
#5720 = CARTESIAN_POINT ( 'NONE',  ( 36.61488181033361400, -1.040834085586084257E-14, -34.19591247525498545 ) ) ;
#5721 = DIRECTION ( 'NONE',  ( 0.000000000000000000, -1.000000000000000000, 0.000000000000000000 ) ) ;
#5722 = AXIS2_PLACEMENT_3D ( 'NONE', #6194, #5621, #414 ) ;
#5723 = ORIENTED_EDGE ( 'NONE', *, *, #7175, .T. ) ;
#5724 = AXIS2_PLACEMENT_3D ( 'NONE', #4465, #5612, #2156 ) ;
#5725 = DIRECTION ( 'NONE',  ( 0.000000000000000000, 0.000000000000000000, -1.000000000000000000 ) ) ;
#5726 = FACE_BOUND ( 'NONE', #1890, .T. ) ;
#5727 = CARTESIAN_POINT ( 'NONE',  ( -47.04951716605319234, 11.00000000000000000, -26.70160200128175276 ) ) ;
#5728 = AXIS2_PLACEMENT_3D ( 'NONE', #7003, #4093, #1710 ) ;
#5729 = ORIENTED_EDGE ( 'NONE', *, *, #1299, .F. ) ;
#5730 = EDGE_LOOP ( 'NONE', ( #372, #7383, #4816, #895 ) ) ;
#5731 = ORIENTED_EDGE ( 'NONE', *, *, #6708, .F. ) ;
#5732 = COORDINATED_UNIVERSAL_TIME_OFFSET ( 5, 0, .BEHIND. ) ;
#5733 = EDGE_CURVE ( 'NONE', #2357, #367, #3571, .T. ) ;
#5734 = FACE_BOUND ( 'NONE', #2740, .T. ) ;
#5735 = VERTEX_POINT ( 'NONE', #49 ) ;
#5736 = DIRECTION ( 'NONE',  ( 0.000000000000000000, -1.000000000000000000, 0.000000000000000000 ) ) ;
#5737 = DIRECTION ( 'NONE',  ( -0.000000000000000000, -1.000000000000000000, -0.000000000000000000 ) ) ;
#5738 = ORIENTED_EDGE ( 'NONE', *, *, #1578, .T. ) ;
#5739 = PLANE ( 'NONE',  #1880 ) ;
#5740 = EDGE_LOOP ( 'NONE', ( #3222, #1068 ) ) ;
#5741 = CARTESIAN_POINT ( 'NONE',  ( 0.000000000000000000, 11.00000000000000000, 46.10000000000001563 ) ) ;
#5742 = EDGE_CURVE ( 'NONE', #3015, #5708, #4363, .T. ) ;
#5743 = DIRECTION ( 'NONE',  ( 0.000000000000000000, -0.000000000000000000, -1.000000000000000000 ) ) ;
#5744 = CARTESIAN_POINT ( 'NONE',  ( 33.95964629695709647, -0.5000000000000004441, -43.73937640599801568 ) ) ;
#5745 = VERTEX_POINT ( 'NONE', #6581 ) ;
#5746 = CARTESIAN_POINT ( 'NONE',  ( 6.821949119721279153, -0.5000000000000004441, -52.28336589642017174 ) ) ;
#5747 = VERTEX_POINT ( 'NONE', #6108 ) ;
#5748 = FACE_OUTER_BOUND ( 'NONE', #4783, .T. ) ;
#5749 = DIRECTION ( 'NONE',  ( 0.000000000000000000, -1.000000000000000000, 0.000000000000000000 ) ) ;
#5750 = EDGE_CURVE ( 'NONE', #2473, #3029, #5434, .T. ) ;
#5751 = DIRECTION ( 'NONE',  ( 0.000000000000000000, -1.000000000000000000, 0.000000000000000000 ) ) ;
#5752 = VERTEX_POINT ( 'NONE', #3750 ) ;
#5753 = LINE ( 'NONE', #4453, #3851 ) ;
#5754 = LINE ( 'NONE', #5220, #4131 ) ;
#5755 = FACE_OUTER_BOUND ( 'NONE', #1177, .T. ) ;
#5756 = ORIENTED_EDGE ( 'NONE', *, *, #348, .F. ) ;
#5757 = AXIS2_PLACEMENT_3D ( 'NONE', #167, #5830, #5370 ) ;
#5758 = EDGE_CURVE ( 'NONE', #4703, #4685, #6651, .T. ) ;
#5759 = DIRECTION ( 'NONE',  ( 0.000000000000000000, 0.000000000000000000, 1.000000000000000000 ) ) ;
#5760 = FACE_BOUND ( 'NONE', #2283, .T. ) ;
#5761 = LINE ( 'NONE', #1194, #81 ) ;
#5762 = ORIENTED_EDGE ( 'NONE', *, *, #4351, .F. ) ;
#5763 = ORIENTED_EDGE ( 'NONE', *, *, #6798, .F. ) ;
#5764 = ORIENTED_EDGE ( 'NONE', *, *, #5802, .F. ) ;
#5765 = AXIS2_PLACEMENT_3D ( 'NONE', #7446, #7410, #2198 ) ;
#5766 = AXIS2_PLACEMENT_3D ( 'NONE', #809, #4295, #6628 ) ;
#5767 = EDGE_CURVE ( 'NONE', #2605, #2010, #2014, .T. ) ;
#5768 = CIRCLE ( 'NONE', #4419, 2.149999999999922640 ) ;
#5769 = CONICAL_SURFACE ( 'NONE', #4662, 2.149999999999922640, 0.7853981633974539411 ) ;
#5770 = DIRECTION ( 'NONE',  ( 0.000000000000000000, -1.000000000000000000, 0.000000000000000000 ) ) ;
#5771 = ORIENTED_EDGE ( 'NONE', *, *, #3972, .F. ) ;
#5772 = DIRECTION ( 'NONE',  ( 0.000000000000000000, 0.000000000000000000, 1.000000000000000000 ) ) ;
#5773 = VECTOR ( 'NONE', #6006, 1000.000000000000000 ) ;
#5774 = DIRECTION ( 'NONE',  ( 0.000000000000000000, 1.000000000000000000, 0.000000000000000000 ) ) ;
#5775 = VERTEX_POINT ( 'NONE', #3148 ) ;
#5776 = EDGE_CURVE ( 'NONE', #2798, #4467, #4904, .T. ) ;
#5777 = EDGE_LOOP ( 'NONE', ( #2882, #5845, #3363, #2086 ) ) ;
#5778 = CARTESIAN_POINT ( 'NONE',  ( -1.764570581285847428, 11.00000000000000000, 57.84687810223528004 ) ) ;
#5779 = AXIS2_PLACEMENT_3D ( 'NONE', #6246, #6943, #5222 ) ;
#5780 = CIRCLE ( 'NONE', #5294, 2.149999999999922640 ) ;
#5781 = CARTESIAN_POINT ( 'NONE',  ( 6.821949119721279153, 9.500000000000000000, -49.63336589642025842 ) ) ;
#5782 = CARTESIAN_POINT ( 'NONE',  ( 49.05211279288445780, 9.500000000000000000, 10.19314625393647411 ) ) ;
#5783 = EDGE_LOOP ( 'NONE', ( #5960, #5419, #6923, #4513 ) ) ;
#5784 = FACE_OUTER_BOUND ( 'NONE', #4969, .T. ) ;
#5785 = ORIENTED_EDGE ( 'NONE', *, *, #731, .F. ) ;
#5786 = EDGE_CURVE ( 'NONE', #3248, #3922, #3784, .T. ) ;
#5787 = DIRECTION ( 'NONE',  ( 0.000000000000000000, -1.000000000000000000, 0.000000000000000000 ) ) ;
#5788 = VECTOR ( 'NONE', #3315, 1000.000000000000000 ) ;
#5789 = CARTESIAN_POINT ( 'NONE',  ( 6.821949119721279153, 9.500000000000000000, -49.63336589642025842 ) ) ;
#5790 = DIRECTION ( 'NONE',  ( 0.000000000000000000, 0.000000000000000000, -1.000000000000000000 ) ) ;
#5791 = EDGE_LOOP ( 'NONE', ( #1242, #586, #5385, #1630 ) ) ;
#5792 = ADVANCED_FACE ( 'NONE', ( #298 ), #4297, .F. ) ;
#5793 = CARTESIAN_POINT ( 'NONE',  ( -44.48304944195891153, -0.5000000000000004441, 23.04925839033091961 ) ) ;
#5794 = LINE ( 'NONE', #4073, #6449 ) ;
#5795 = CARTESIAN_POINT ( 'NONE',  ( 40.93019163982280872, 9.500000000000000000, -28.89168413795531620 ) ) ;
#5796 = DIRECTION ( 'NONE',  ( -0.000000000000000000, -1.000000000000000000, -0.000000000000000000 ) ) ;
#5797 = CARTESIAN_POINT ( 'NONE',  ( 36.61488181033361400, -0.5000000000000004441, -36.84591247525489877 ) ) ;
#5798 = DIRECTION ( 'NONE',  ( 0.000000000000000000, -1.000000000000000000, 0.000000000000000000 ) ) ;
#5799 = FACE_BOUND ( 'NONE', #7027, .T. ) ;
#5800 = DIRECTION ( 'NONE',  ( 0.000000000000000000, -1.000000000000000000, 0.000000000000000000 ) ) ;
#5801 = VERTEX_POINT ( 'NONE', #797 ) ;
#5802 = EDGE_CURVE ( 'NONE', #3448, #6648, #6496, .T. ) ;
#5803 = ORIENTED_EDGE ( 'NONE', *, *, #6333, .F. ) ;
#5804 = ADVANCED_FACE ( 'NONE', ( #3117 ), #7191, .F. ) ;
#5805 = DIRECTION ( 'NONE',  ( 0.000000000000000000, -1.000000000000000000, 0.000000000000000000 ) ) ;
#5806 = EDGE_LOOP ( 'NONE', ( #7352, #668 ) ) ;
#5807 = CARTESIAN_POINT ( 'NONE',  ( 13.23327348812998849, 11.00000000000000000, -56.27054117068551164 ) ) ;
#5808 = DIRECTION ( 'NONE',  ( 0.000000000000000000, 0.000000000000000000, -1.000000000000000000 ) ) ;
#5809 = VERTEX_POINT ( 'NONE', #1906 ) ;
#5810 = ORIENTED_EDGE ( 'NONE', *, *, #1444, .F. ) ;
#5811 = LINE ( 'NONE', #607, #3215 ) ;
#5812 = AXIS2_PLACEMENT_3D ( 'NONE', #97, #5944, #2331 ) ;
#5813 = DIRECTION ( 'NONE',  ( 0.000000000000000000, 0.000000000000000000, -1.000000000000000000 ) ) ;
#5814 = DIRECTION ( 'NONE',  ( 0.000000000000000000, 0.000000000000000000, -1.000000000000000000 ) ) ;
#5815 = ORIENTED_EDGE ( 'NONE', *, *, #3955, .T. ) ;
#5816 = AXIS2_PLACEMENT_3D ( 'NONE', #3009, #2966, #4099 ) ;
#5817 = CARTESIAN_POINT ( 'NONE',  ( 26.03115589677469899, 9.500000000000000000, -42.80641216777942049 ) ) ;
#5818 = EDGE_LOOP ( 'NONE', ( #3633, #6238 ) ) ;
#5819 = CARTESIAN_POINT ( 'NONE',  ( 3.498464301520819496E-13, 9.500000000000000000, 50.10000000000000142 ) ) ;
#5820 = CARTESIAN_POINT ( 'NONE',  ( -47.04951716605319234, -0.5000000000000004441, -31.70160200128215777 ) ) ;
#5821 = CIRCLE ( 'NONE', #4723, 2.149999999999922640 ) ;
#5822 = CIRCLE ( 'NONE', #2655, 2.149999999999922640 ) ;
#5823 = EDGE_CURVE ( 'NONE', #4461, #2095, #4218, .T. ) ;
#5824 = LINE ( 'NONE', #3496, #1642 ) ;
#5825 = EDGE_LOOP ( 'NONE', ( #3000, #1170, #6130, #1122 ) ) ;
#5826 = DIRECTION ( 'NONE',  ( 0.000000000000000000, -1.000000000000000000, 0.000000000000000000 ) ) ;
#5827 = AXIS2_PLACEMENT_3D ( 'NONE', #3614, #6436, #5254 ) ;
#5828 = LINE ( 'NONE', #3466, #4741 ) ;
#5829 = CONICAL_SURFACE ( 'NONE', #6186, 2.149999999999924416, 0.7853981633974560506 ) ;
#5830 = DIRECTION ( 'NONE',  ( -0.000000000000000000, -1.000000000000000000, -0.000000000000000000 ) ) ;
#5831 = DIRECTION ( 'NONE',  ( 0.000000000000000000, 0.000000000000000000, -1.000000000000000000 ) ) ;
#5832 = EDGE_CURVE ( 'NONE', #1239, #283, #3443, .T. ) ;
#5833 = CIRCLE ( 'NONE', #2440, 2.649999999999915978 ) ;
#5834 = CARTESIAN_POINT ( 'NONE',  ( -26.03115589677498676, 9.500000000000000000, 42.80641216777921443 ) ) ;
#5835 = DIRECTION ( 'NONE',  ( 0.000000000000000000, -1.000000000000000000, 0.000000000000000000 ) ) ;
#5836 = CARTESIAN_POINT ( 'NONE',  ( 0.000000000000000000, -0.5000000000000004441, 0.000000000000000000 ) ) ;
#5837 = CARTESIAN_POINT ( 'NONE',  ( -31.61750601073502764, 9.500000000000000000, 38.86313566429160460 ) ) ;
#5838 = VERTEX_POINT ( 'NONE', #3181 ) ;
#5839 = ORIENTED_EDGE ( 'NONE', *, *, #2879, .F. ) ;
#5840 = AXIS2_PLACEMENT_3D ( 'NONE', #7336, #5126, #7453 ) ;
#5841 = AXIS2_PLACEMENT_3D ( 'NONE', #369, #4432, #3818 ) ;
#5842 = EDGE_CURVE ( 'NONE', #6951, #7482, #4544, .T. ) ;
#5843 = AXIS2_PLACEMENT_3D ( 'NONE', #5318, #2281, #9 ) ;
#5844 = DIRECTION ( 'NONE',  ( 0.000000000000000000, 1.000000000000000000, 0.000000000000000000 ) ) ;
#5845 = ORIENTED_EDGE ( 'NONE', *, *, #3046, .F. ) ;
#5846 = DIRECTION ( 'NONE',  ( 0.000000000000000000, -1.000000000000000000, 0.000000000000000000 ) ) ;
#5847 = DIRECTION ( 'NONE',  ( 8.659560562354985860E-17, -0.7071067811865432429, 0.7071067811865517916 ) ) ;
#5848 = ORIENTED_EDGE ( 'NONE', *, *, #3442, .F. ) ;
#5849 = ORIENTED_EDGE ( 'NONE', *, *, #1978, .F. ) ;
#5850 = LINE ( 'NONE', #6420, #3590 ) ;
#5851 = CIRCLE ( 'NONE', #4504, 60.64999999999999858 ) ;
#5852 = CARTESIAN_POINT ( 'NONE',  ( 0.000000000000000000, 9.500000000000000000, -50.10000000000000142 ) ) ;
#5853 = CARTESIAN_POINT ( 'NONE',  ( 47.20727219815270814, -1.040834085586084257E-14, -14.62746856976702681 ) ) ;
#5854 = VERTEX_POINT ( 'NONE', #1471 ) ;
#5855 = CARTESIAN_POINT ( 'NONE',  ( -44.48304944195906074, -1.214306433183764966E-14, -23.04925839033061408 ) ) ;
#5856 = ORIENTED_EDGE ( 'NONE', *, *, #3518, .T. ) ;
#5857 = CARTESIAN_POINT ( 'NONE',  ( -49.05211279288432280, 9.500000000000000000, 12.34314625393706422 ) ) ;
#5858 = ORIENTED_EDGE ( 'NONE', *, *, #738, .F. ) ;
#5859 = LINE ( 'NONE', #3567, #6376 ) ;
#5860 = ADVANCED_FACE ( 'NONE', ( #7262 ), #6690, .F. ) ;
#5861 = DIRECTION ( 'NONE',  ( 0.000000000000000000, 0.000000000000000000, 1.000000000000000000 ) ) ;
#5862 = EDGE_LOOP ( 'NONE', ( #7490, #754 ) ) ;
#5863 = LINE ( 'NONE', #4718, #7035 ) ;
#5864 = DIRECTION ( 'NONE',  ( 0.000000000000000000, 0.000000000000000000, -1.000000000000000000 ) ) ;
#5865 = FACE_OUTER_BOUND ( 'NONE', #5995, .T. ) ;
#5866 = ADVANCED_FACE ( 'NONE', ( #6004 ), #1975, .F. ) ;
#5867 = DIRECTION ( 'NONE',  ( 0.000000000000000000, 0.000000000000000000, -1.000000000000000000 ) ) ;
#5868 = DIRECTION ( 'NONE',  ( 0.000000000000000000, 0.000000000000000000, 1.000000000000000000 ) ) ;
#5869 = CARTESIAN_POINT ( 'NONE',  ( -47.20727219815295683, 9.500000000000000000, -18.92746856976619796 ) ) ;
#5870 = DIRECTION ( 'NONE',  ( 0.000000000000000000, 0.000000000000000000, -1.000000000000000000 ) ) ;
#5871 = VERTEX_POINT ( 'NONE', #5394 ) ;
#5872 = CARTESIAN_POINT ( 'NONE',  ( -24.12361884325211392, 11.00000000000000000, 49.84417357029304441 ) ) ;
#5873 = ADVANCED_FACE ( 'NONE', ( #6614 ), #1401, .T. ) ;
#5874 = ORIENTED_EDGE ( 'NONE', *, *, #5802, .T. ) ;
#5875 = AXIS2_PLACEMENT_3D ( 'NONE', #6405, #5945, #4688 ) ;
#5876 = CARTESIAN_POINT ( 'NONE',  ( 0.000000000000000000, -0.5000000000000004441, 0.000000000000000000 ) ) ;
#5877 = CIRCLE ( 'NONE', #4654, 2.149999999999915978 ) ;
#5878 = ORIENTED_EDGE ( 'NONE', *, *, #3964, .T. ) ;
#5879 = CARTESIAN_POINT ( 'NONE',  ( 3.498464301520819496E-13, -1.214306433183764966E-14, 50.10000000000000142 ) ) ;
#5880 = CARTESIAN_POINT ( 'NONE',  ( 4.898587196589412237E-15, -0.5000000000000004441, 39.99999999999999289 ) ) ;
#5881 = ORIENTED_EDGE ( 'NONE', *, *, #1413, .F. ) ;
#5882 = AXIS2_PLACEMENT_3D ( 'NONE', #5467, #2617, #3674 ) ;
#5883 = ADVANCED_FACE ( 'NONE', ( #4894 ), #6150, .T. ) ;
#5884 = VERTEX_POINT ( 'NONE', #376 ) ;
#5885 = EDGE_CURVE ( 'NONE', #6582, #7073, #301, .T. ) ;
#5886 = DIRECTION ( 'NONE',  ( 0.000000000000000000, -1.000000000000000000, 0.000000000000000000 ) ) ;
#5887 = CONICAL_SURFACE ( 'NONE', #1022, 2.149999999999922640, 0.7853981633974548293 ) ;
#5888 = AXIS2_PLACEMENT_3D ( 'NONE', #7380, #6231, #4019 ) ;
#5889 = VECTOR ( 'NONE', #1430, 1000.000000000000000 ) ;
#5890 = CARTESIAN_POINT ( 'NONE',  ( 39.95001788498536399, 11.00000000000000000, 40.84562160129073050 ) ) ;
#5891 = AXIS2_PLACEMENT_3D ( 'NONE', #4450, #4569, #6357 ) ;
#5892 = AXIS2_PLACEMENT_3D ( 'NONE', #4361, #1973, #6106 ) ;
#5893 = DIRECTION ( 'NONE',  ( 0.000000000000000000, 1.000000000000000000, 0.000000000000000000 ) ) ;
#5894 = ORIENTED_EDGE ( 'NONE', *, *, #7415, .F. ) ;
#5895 = DIRECTION ( 'NONE',  ( 0.000000000000000000, -1.000000000000000000, 0.000000000000000000 ) ) ;
#5896 = ORIENTED_EDGE ( 'NONE', *, *, #6885, .F. ) ;
#5897 = AXIS2_PLACEMENT_3D ( 'NONE', #2296, #7394, #4609 ) ;
#5898 = FACE_OUTER_BOUND ( 'NONE', #565, .T. ) ;
#5899 = ORIENTED_EDGE ( 'NONE', *, *, #4983, .T. ) ;
#5900 = VECTOR ( 'NONE', #2938, 1000.000000000000000 ) ;
#5901 = EDGE_CURVE ( 'NONE', #3418, #6611, #2246, .T. ) ;
#5902 = DIRECTION ( 'NONE',  ( 0.000000000000000000, 0.000000000000000000, 1.000000000000000000 ) ) ;
#5903 = CIRCLE ( 'NONE', #191, 2.149999999999922640 ) ;
#5904 = CIRCLE ( 'NONE', #6995, 2.149999999999922640 ) ;
#5905 = ADVANCED_FACE ( 'NONE', ( #6307 ), #2727, .F. ) ;
#5906 = CIRCLE ( 'NONE', #2982, 2.149999999999922640 ) ;
#5907 = FACE_OUTER_BOUND ( 'NONE', #6635, .T. ) ;
#5908 = AXIS2_PLACEMENT_3D ( 'NONE', #3247, #4996, #6790 ) ;
#5909 = AXIS2_PLACEMENT_3D ( 'NONE', #1463, #6068, #1426 ) ;
#5910 = ORIENTED_EDGE ( 'NONE', *, *, #705, .F. ) ;
#5911 = CARTESIAN_POINT ( 'NONE',  ( 3.498464301520819496E-13, 9.500000000000000000, 50.10000000000000142 ) ) ;
#5912 = DIRECTION ( 'NONE',  ( -0.000000000000000000, -1.000000000000000000, -0.000000000000000000 ) ) ;
#5913 = LOCAL_TIME ( 9, 54, 9.000000000000000000, #5115 ) ;
#5914 = AXIS2_PLACEMENT_3D ( 'NONE', #1263, #3583, #7090 ) ;
#5915 = CARTESIAN_POINT ( 'NONE',  ( -53.18329137311566512, 11.00000000000000000, 17.92491956939468523 ) ) ;
#5916 = FACE_OUTER_BOUND ( 'NONE', #7244, .T. ) ;
#5917 = CARTESIAN_POINT ( 'NONE',  ( 31.61750601073477895, 9.500000000000000000, -38.86313566429182487 ) ) ;
#5918 = DIRECTION ( 'NONE',  ( 0.000000000000000000, 0.000000000000000000, -1.000000000000000000 ) ) ;
#5919 = ORIENTED_EDGE ( 'NONE', *, *, #2221, .T. ) ;
#5920 = DIRECTION ( 'NONE',  ( 0.000000000000000000, 0.000000000000000000, 1.000000000000000000 ) ) ;
#5921 = VERTEX_POINT ( 'NONE', #6888 ) ;
#5922 = ADVANCED_FACE ( 'NONE', ( #3857 ), #1623, .F. ) ;
#5923 = EDGE_CURVE ( 'NONE', #6448, #4702, #4178, .T. ) ;
#5924 = DIRECTION ( 'NONE',  ( 0.000000000000000000, 0.000000000000000000, -1.000000000000000000 ) ) ;
#5925 = ORIENTED_EDGE ( 'NONE', *, *, #1106, .F. ) ;
#5926 = DIRECTION ( 'NONE',  ( 0.000000000000000000, 1.000000000000000000, 0.000000000000000000 ) ) ;
#5927 = CARTESIAN_POINT ( 'NONE',  ( -6.821949119721967492, -0.5000000000000004441, -49.63336589642018026 ) ) ;
#5928 = ORIENTED_EDGE ( 'NONE', *, *, #2766, .T. ) ;
#5929 = ORIENTED_EDGE ( 'NONE', *, *, #7137, .T. ) ;
#5930 = LINE ( 'NONE', #718, #2625 ) ;
#5931 = EDGE_CURVE ( 'NONE', #4540, #4344, #2085, .T. ) ;
#5932 = DIRECTION ( 'NONE',  ( 0.000000000000000000, -1.000000000000000000, 0.000000000000000000 ) ) ;
#5933 = CARTESIAN_POINT ( 'NONE',  ( -6.821949119721967492, -0.5000000000000004441, -46.98336589642026695 ) ) ;
#5934 = EDGE_LOOP ( 'NONE', ( #4170, #3626, #3993, #1813 ) ) ;
#5935 = DIRECTION ( 'NONE',  ( 0.000000000000000000, 0.000000000000000000, -1.000000000000000000 ) ) ;
#5936 = ORIENTED_EDGE ( 'NONE', *, *, #3538, .T. ) ;
#5937 = CARTESIAN_POINT ( 'NONE',  ( -31.61750601073530476, -6.938893903907228378E-15, -38.86313566429139144 ) ) ;
#5938 = EDGE_LOOP ( 'NONE', ( #3192, #1137, #2855, #5470 ) ) ;
#5939 = DIRECTION ( 'NONE',  ( 0.000000000000000000, -1.000000000000000000, 0.000000000000000000 ) ) ;
#5940 = ADVANCED_FACE ( 'NONE', ( #7412 ), #6190, .F. ) ;
#5941 = LINE ( 'NONE', #5978, #790 ) ;
#5942 = EDGE_CURVE ( 'NONE', #4624, #1266, #1381, .T. ) ;
#5943 = ORIENTED_EDGE ( 'NONE', *, *, #6472, .T. ) ;
#5944 = DIRECTION ( 'NONE',  ( 0.000000000000000000, -1.000000000000000000, 0.000000000000000000 ) ) ;
#5945 = DIRECTION ( 'NONE',  ( 0.000000000000000000, 1.000000000000000000, 0.000000000000000000 ) ) ;
#5946 = AXIS2_PLACEMENT_3D ( 'NONE', #4633, #6935, #1138 ) ;
#5947 = CIRCLE ( 'NONE', #3390, 2.149999999999922640 ) ;
#5948 = CARTESIAN_POINT ( 'NONE',  ( -6.821949119721967492, -1.387778780781445676E-14, -47.48336589642025984 ) ) ;
#5949 = ADVANCED_FACE ( 'NONE', ( #7376 ), #5698, .F. ) ;
#5950 = CIRCLE ( 'NONE', #2908, 2.149999999999922640 ) ;
#5951 = VECTOR ( 'NONE', #4123, 1000.000000000000000 ) ;
#5952 = DIRECTION ( 'NONE',  ( 0.000000000000000000, 0.000000000000000000, 1.000000000000000000 ) ) ;
#5953 = DIRECTION ( 'NONE',  ( 0.000000000000000000, 0.000000000000000000, -1.000000000000000000 ) ) ;
#5954 = LINE ( 'NONE', #743, #4068 ) ;
#5955 = EDGE_LOOP ( 'NONE', ( #2884, #7440 ) ) ;
#5956 = FACE_OUTER_BOUND ( 'NONE', #7007, .T. ) ;
#5957 = ORIENTED_EDGE ( 'NONE', *, *, #6818, .F. ) ;
#5958 = EDGE_CURVE ( 'NONE', #5055, #4703, #890, .T. ) ;
#5959 = DIRECTION ( 'NONE',  ( 0.000000000000000000, 0.000000000000000000, 1.000000000000000000 ) ) ;
#5960 = ORIENTED_EDGE ( 'NONE', *, *, #6907, .F. ) ;
#5961 = LINE ( 'NONE', #4241, #2190 ) ;
#5962 = DIRECTION ( 'NONE',  ( 0.000000000000000000, 0.000000000000000000, 1.000000000000000000 ) ) ;
#5963 = CIRCLE ( 'NONE', #4127, 2.149999999999922640 ) ;
#5964 = VERTEX_POINT ( 'NONE', #1012 ) ;
#5965 = EDGE_LOOP ( 'NONE', ( #78, #7478, #4535, #5194 ) ) ;
#5966 = EDGE_CURVE ( 'NONE', #4737, #1005, #666, .T. ) ;
#5967 = CONICAL_SURFACE ( 'NONE', #5106, 2.149999999999922640, 0.7853981633974539411 ) ;
#5968 = DIRECTION ( 'NONE',  ( -0.000000000000000000, -1.000000000000000000, -0.000000000000000000 ) ) ;
#5969 = CARTESIAN_POINT ( 'NONE',  ( 0.000000000000000000, 9.500000000000000000, -50.10000000000000142 ) ) ;
#5970 = ORIENTED_EDGE ( 'NONE', *, *, #3538, .F. ) ;
#5971 = DIRECTION ( 'NONE',  ( -0.000000000000000000, -1.000000000000000000, -0.000000000000000000 ) ) ;
#5972 = ORIENTED_EDGE ( 'NONE', *, *, #5049, .T. ) ;
#5973 = CARTESIAN_POINT ( 'NONE',  ( -26.03115589677527097, 9.500000000000000000, -42.80641216777904390 ) ) ;
#5974 = ORIENTED_EDGE ( 'NONE', *, *, #4731, .T. ) ;
#5975 = AXIS2_PLACEMENT_3D ( 'NONE', #4706, #7037, #116 ) ;
#5976 = DIRECTION ( 'NONE',  ( 0.000000000000000000, 0.000000000000000000, 1.000000000000000000 ) ) ;
#5977 = EDGE_CURVE ( 'NONE', #2038, #1544, #6114, .T. ) ;
#5978 = CARTESIAN_POINT ( 'NONE',  ( 6.821949119722316546, 9.500000000000000000, 47.48336589642016747 ) ) ;
#5979 = ORIENTED_EDGE ( 'NONE', *, *, #219, .T. ) ;
#5980 = CARTESIAN_POINT ( 'NONE',  ( -19.95989460129674598, -0.5000000000000004441, -45.95228620542319220 ) ) ;
#5981 = CARTESIAN_POINT ( 'NONE',  ( 31.61750601073556766, 9.500000000000000000, 41.01313566429108448 ) ) ;
#5982 = ADVANCED_FACE ( 'NONE', ( #4396 ), #1506, .T. ) ;
#5983 = DIRECTION ( 'NONE',  ( 0.000000000000000000, 0.000000000000000000, 1.000000000000000000 ) ) ;
#5984 = DIRECTION ( 'NONE',  ( 0.000000000000000000, 0.000000000000000000, 1.000000000000000000 ) ) ;
#5985 = FACE_BOUND ( 'NONE', #165, .T. ) ;
#5986 = DIRECTION ( 'NONE',  ( -0.000000000000000000, -1.000000000000000000, -0.000000000000000000 ) ) ;
#5987 = ORIENTED_EDGE ( 'NONE', *, *, #1065, .T. ) ;
#5988 = DIRECTION ( 'NONE',  ( 0.000000000000000000, 0.000000000000000000, -1.000000000000000000 ) ) ;
#5989 = ORIENTED_EDGE ( 'NONE', *, *, #152, .F. ) ;
#5990 = EDGE_CURVE ( 'NONE', #6596, #3143, #1587, .T. ) ;
#5991 = CARTESIAN_POINT ( 'NONE',  ( 19.95989460129706217, 9.500000000000000000, 45.95228620542303588 ) ) ;
#5992 = LINE ( 'NONE', #285, #4487 ) ;
#5993 = DIRECTION ( 'NONE',  ( 8.659560562354989558E-17, -0.7071067811865429098, 0.7071067811865521247 ) ) ;
#5994 = VERTEX_POINT ( 'NONE', #1545 ) ;
#5995 = EDGE_LOOP ( 'NONE', ( #4172, #4139, #2343, #6459 ) ) ;
#5996 = AXIS2_PLACEMENT_3D ( 'NONE', #3793, #916, #3123 ) ;
#5997 = CIRCLE ( 'NONE', #5268, 2.649999999999916422 ) ;
#5998 = CARTESIAN_POINT ( 'NONE',  ( -47.20727219815284315, -1.387778780781445676E-14, 18.92746856976652836 ) ) ;
#5999 = CARTESIAN_POINT ( 'NONE',  ( -19.95989460129674598, 9.500000000000000000, -45.95228620542319220 ) ) ;
#6000 = ORIENTED_EDGE ( 'NONE', *, *, #7458, .F. ) ;
#6001 = ADVANCED_FACE ( 'NONE', ( #980 ), #3293, .F. ) ;
#6002 = DIRECTION ( 'NONE',  ( 8.659560562354994488E-17, -0.7071067811865425767, 0.7071067811865525687 ) ) ;
#6003 = ORIENTED_EDGE ( 'NONE', *, *, #716, .F. ) ;
#6004 = FACE_OUTER_BOUND ( 'NONE', #6642, .T. ) ;
#6005 = ORIENTED_EDGE ( 'NONE', *, *, #403, .T. ) ;
#6006 = DIRECTION ( 'NONE',  ( -0.000000000000000000, -1.000000000000000000, -0.000000000000000000 ) ) ;
#6007 = AXIS2_PLACEMENT_3D ( 'NONE', #2511, #4825, #1940 ) ;
#6008 = VECTOR ( 'NONE', #4375, 1000.000000000000000 ) ;
#6009 = CIRCLE ( 'NONE', #6498, 2.149999999999923084 ) ;
#6010 = ADVANCED_FACE ( 'NONE', ( #5264 ), #1921, .F. ) ;
#6011 = AXIS2_PLACEMENT_3D ( 'NONE', #2541, #264, #7218 ) ;
#6012 = AXIS2_PLACEMENT_3D ( 'NONE', #7235, #5749, #7387 ) ;
#6013 = AXIS2_PLACEMENT_3D ( 'NONE', #4915, #7245, #2033 ) ;
#6014 = LINE ( 'NONE', #836, #67 ) ;
#6015 = EDGE_CURVE ( 'NONE', #454, #2279, #6731, .T. ) ;
#6016 = EDGE_LOOP ( 'NONE', ( #717, #6857, #1697, #2226 ) ) ;
#6017 = AXIS2_PLACEMENT_3D ( 'NONE', #7367, #3809, #2760 ) ;
#6018 = LINE ( 'NONE', #873, #6545 ) ;
#6019 = AXIS2_PLACEMENT_3D ( 'NONE', #2513, #834, #4827 ) ;
#6020 = AXIS2_PLACEMENT_3D ( 'NONE', #5817, #2399, #4709 ) ;
#6021 = DIRECTION ( 'NONE',  ( 0.000000000000000000, 0.000000000000000000, 1.000000000000000000 ) ) ;
#6022 = AXIS2_PLACEMENT_3D ( 'NONE', #7059, #1772, #664 ) ;
#6023 = AXIS2_PLACEMENT_3D ( 'NONE', #284, #220, #1420 ) ;
#6024 = DIRECTION ( 'NONE',  ( 0.000000000000000000, 0.000000000000000000, -1.000000000000000000 ) ) ;
#6025 = EDGE_CURVE ( 'NONE', #3922, #5555, #6372, .T. ) ;
#6026 = DIRECTION ( 'NONE',  ( -0.000000000000000000, -1.000000000000000000, -0.000000000000000000 ) ) ;
#6027 = CARTESIAN_POINT ( 'NONE',  ( 26.03115589677558006, -1.214306433183764966E-14, 40.65641216777893874 ) ) ;
#6028 = CARTESIAN_POINT ( 'NONE',  ( 36.61488181033430322, 9.500000000000000000, 34.19591247525423228 ) ) ;
#6029 = ORIENTED_EDGE ( 'NONE', *, *, #1641, .T. ) ;
#6030 = DIRECTION ( 'NONE',  ( -0.000000000000000000, -1.000000000000000000, -0.000000000000000000 ) ) ;
#6031 = ORIENTED_EDGE ( 'NONE', *, *, #5376, .F. ) ;
#6032 = CIRCLE ( 'NONE', #2387, 2.149999999999922640 ) ;
#6033 = ADVANCED_FACE ( 'NONE', ( #4119 ), #1957, .F. ) ;
#6034 = FACE_OUTER_BOUND ( 'NONE', #5084, .T. ) ;
#6035 = DIRECTION ( 'NONE',  ( -0.000000000000000000, -1.000000000000000000, -0.000000000000000000 ) ) ;
#6036 = EDGE_CURVE ( 'NONE', #4501, #4005, #1753, .T. ) ;
#6037 = CARTESIAN_POINT ( 'NONE',  ( -6.821949119721967492, 9.500000000000000000, -51.78336589642010068 ) ) ;
#6038 = EDGE_LOOP ( 'NONE', ( #7103, #5928 ) ) ;
#6039 = ORIENTED_EDGE ( 'NONE', *, *, #225, .F. ) ;
#6040 = LINE ( 'NONE', #4279, #5041 ) ;
#6041 = PLANE ( 'NONE',  #6337 ) ;
#6042 = DIRECTION ( 'NONE',  ( 0.000000000000000000, -1.000000000000000000, 0.000000000000000000 ) ) ;
#6043 = EDGE_LOOP ( 'NONE', ( #1679, #3947 ) ) ;
#6044 = CARTESIAN_POINT ( 'NONE',  ( -9.781252527309565181, -0.5000000000000004441, -54.50429087693013486 ) ) ;
#6045 = VERTEX_POINT ( 'NONE', #4198 ) ;
#6046 = DIRECTION ( 'NONE',  ( -0.000000000000000000, -1.000000000000000000, -0.000000000000000000 ) ) ;
#6047 = VERTEX_POINT ( 'NONE', #5341 ) ;
#6048 = DIRECTION ( 'NONE',  ( 0.000000000000000000, 0.000000000000000000, -1.000000000000000000 ) ) ;
#6049 = DIRECTION ( 'NONE',  ( 0.000000000000000000, -1.000000000000000000, 0.000000000000000000 ) ) ;
#6050 = EDGE_LOOP ( 'NONE', ( #5018, #3547, #3653, #6602 ) ) ;
#6051 = CARTESIAN_POINT ( 'NONE',  ( 13.51681823496627821, -1.214306433183764966E-14, -46.09215609612500231 ) ) ;
#6052 = DIRECTION ( 'NONE',  ( 0.000000000000000000, 0.000000000000000000, -1.000000000000000000 ) ) ;
#6053 = EDGE_CURVE ( 'NONE', #4500, #4779, #908, .T. ) ;
#6054 = AXIS2_PLACEMENT_3D ( 'NONE', #2786, #6859, #7466 ) ;
#6055 = DIRECTION ( 'NONE',  ( -0.000000000000000000, -1.000000000000000000, -0.000000000000000000 ) ) ;
#6056 = CARTESIAN_POINT ( 'NONE',  ( 40.93019163982280872, 9.500000000000000000, -28.89168413795531620 ) ) ;
#6057 = CARTESIAN_POINT ( 'NONE',  ( -31.61750601073530476, -6.938893903907228378E-15, -41.01313566429131185 ) ) ;
#6058 = ORIENTED_EDGE ( 'NONE', *, *, #2176, .T. ) ;
#6059 = DIRECTION ( 'NONE',  ( 0.000000000000000000, -1.000000000000000000, 0.000000000000000000 ) ) ;
#6060 = VERTEX_POINT ( 'NONE', #1235 ) ;
#6061 = ADVANCED_FACE ( 'NONE', ( #1347 ), #5739, .T. ) ;
#6062 = VECTOR ( 'NONE', #4115, 1000.000000000000000 ) ;
#6063 = DIRECTION ( 'NONE',  ( 0.000000000000000000, 0.000000000000000000, 1.000000000000000000 ) ) ;
#6064 = DIRECTION ( 'NONE',  ( 0.000000000000000000, 0.000000000000000000, 1.000000000000000000 ) ) ;
#6065 = DIRECTION ( 'NONE',  ( 0.000000000000000000, -1.000000000000000000, 0.000000000000000000 ) ) ;
#6066 = ORIENTED_EDGE ( 'NONE', *, *, #1124, .F. ) ;
#6067 = ORIENTED_EDGE ( 'NONE', *, *, #6153, .F. ) ;
#6068 = DIRECTION ( 'NONE',  ( 0.000000000000000000, -1.000000000000000000, 0.000000000000000000 ) ) ;
#6069 = EDGE_CURVE ( 'NONE', #723, #3327, #6121, .T. ) ;
#6070 = DIRECTION ( 'NONE',  ( 0.000000000000000000, 0.000000000000000000, 1.000000000000000000 ) ) ;
#6071 = AXIS2_PLACEMENT_3D ( 'NONE', #2423, #1926, #6568 ) ;
#6072 = CARTESIAN_POINT ( 'NONE',  ( 55.22812996414072018, 11.00000000000000000, -4.030420035677476420 ) ) ;
#6073 = EDGE_LOOP ( 'NONE', ( #466, #4632 ) ) ;
#6074 = CARTESIAN_POINT ( 'NONE',  ( -1.764570581285847650, -0.5000000000000004441, 52.84687810223487503 ) ) ;
#6075 = EDGE_LOOP ( 'NONE', ( #338, #1747, #3207, #2827 ) ) ;
#6076 = CARTESIAN_POINT ( 'NONE',  ( -49.05211279288440807, 9.500000000000000000, -12.34314625393672493 ) ) ;
#6077 = EDGE_LOOP ( 'NONE', ( #2048, #4733 ) ) ;
#6078 = CARTESIAN_POINT ( 'NONE',  ( 6.821949119722316546, 9.500000000000000000, 49.63336589642008789 ) ) ;
#6079 = EDGE_LOOP ( 'NONE', ( #6517, #501, #2347, #5130 ) ) ;
#6080 = EDGE_CURVE ( 'NONE', #5658, #6247, #4764, .T. ) ;
#6081 = CIRCLE ( 'NONE', #2807, 2.649999999999916422 ) ;
#6082 = CARTESIAN_POINT ( 'NONE',  ( -49.98320533644603358, -1.387778780781445676E-14, -3.418944909569844981 ) ) ;
#6083 = ORIENTED_EDGE ( 'NONE', *, *, #3131, .F. ) ;
#6084 = CARTESIAN_POINT ( 'NONE',  ( 49.98320533644604780, -1.387778780781445676E-14, 1.268944909569585944 ) ) ;
#6085 = DIRECTION ( 'NONE',  ( 0.000000000000000000, -1.000000000000000000, 0.000000000000000000 ) ) ;
#6086 = ADVANCED_FACE ( 'NONE', ( #1809 ), #3940, .F. ) ;
#6087 = DIRECTION ( 'NONE',  ( 0.000000000000000000, 0.000000000000000000, 1.000000000000000000 ) ) ;
#6088 = ORIENTED_EDGE ( 'NONE', *, *, #7064, .F. ) ;
#6089 = EDGE_CURVE ( 'NONE', #2181, #5363, #3579, .T. ) ;
#6090 = CARTESIAN_POINT ( 'NONE',  ( 13.51681823496726231, -1.214306433183764966E-14, 48.24215609612464561 ) ) ;
#6091 = DIRECTION ( 'NONE',  ( 0.000000000000000000, 0.000000000000000000, -1.000000000000000000 ) ) ;
#6092 = VERTEX_POINT ( 'NONE', #4154 ) ;
#6093 = DIRECTION ( 'NONE',  ( 0.000000000000000000, -1.000000000000000000, 0.000000000000000000 ) ) ;
#6094 = ORIENTED_EDGE ( 'NONE', *, *, #5568, .T. ) ;
#6095 = DIRECTION ( 'NONE',  ( -0.000000000000000000, -1.000000000000000000, -0.000000000000000000 ) ) ;
#6096 = EDGE_CURVE ( 'NONE', #7060, #6176, #425, .T. ) ;
#6097 = CARTESIAN_POINT ( 'NONE',  ( -44.48304944195891153, 9.500000000000000000, 23.04925839033091961 ) ) ;
#6098 = DIRECTION ( 'NONE',  ( 0.000000000000000000, 0.000000000000000000, 1.000000000000000000 ) ) ;
#6099 = ORIENTED_EDGE ( 'NONE', *, *, #1154, .T. ) ;
#6100 = EDGE_LOOP ( 'NONE', ( #4695, #5972 ) ) ;
#6101 = FACE_OUTER_BOUND ( 'NONE', #123, .T. ) ;
#6102 = DIRECTION ( 'NONE',  ( 0.000000000000000000, 1.000000000000000000, 0.000000000000000000 ) ) ;
#6103 = DIRECTION ( 'NONE',  ( 0.000000000000000000, 0.000000000000000000, -1.000000000000000000 ) ) ;
#6104 = ORIENTED_EDGE ( 'NONE', *, *, #5000, .F. ) ;
#6105 = ADVANCED_FACE ( 'NONE', ( #5956 ), #3024, .F. ) ;
#6106 = DIRECTION ( 'NONE',  ( 0.000000000000000000, 0.000000000000000000, -1.000000000000000000 ) ) ;
#6107 = ORIENTED_EDGE ( 'NONE', *, *, #2100, .F. ) ;
#6108 = CARTESIAN_POINT ( 'NONE',  ( -13.51681823496694257, -0.5000000000000004441, -50.89215609612465130 ) ) ;
#6109 = ORIENTED_EDGE ( 'NONE', *, *, #3665, .T. ) ;
#6110 = CARTESIAN_POINT ( 'NONE',  ( 6.821949119721279153, -1.214306433183764966E-14, -51.78336589642017884 ) ) ;
#6111 = CARTESIAN_POINT ( 'NONE',  ( -1.764570581285847650, 11.00000000000000000, 55.34687810223507398 ) ) ;
#6112 = EDGE_LOOP ( 'NONE', ( #33, #6151, #3220, #6212 ) ) ;
#6113 = EDGE_CURVE ( 'NONE', #7316, #2846, #2491, .T. ) ;
#6114 = CIRCLE ( 'NONE', #2848, 58.65000000000006963 ) ;
#6115 = AXIS2_PLACEMENT_3D ( 'NONE', #2632, #955, #2587 ) ;
#6116 = DIRECTION ( 'NONE',  ( 0.000000000000000000, 0.000000000000000000, -1.000000000000000000 ) ) ;
#6117 = EDGE_CURVE ( 'NONE', #6540, #525, #6738, .T. ) ;
#6118 = DIRECTION ( 'NONE',  ( -0.000000000000000000, -1.000000000000000000, -0.000000000000000000 ) ) ;
#6119 = CIRCLE ( 'NONE', #6011, 2.149999999999922640 ) ;
#6120 = CIRCLE ( 'NONE', #6012, 2.149999999999922640 ) ;
#6121 = CIRCLE ( 'NONE', #6505, 2.649999999999916422 ) ;
#6122 = AXIS2_PLACEMENT_3D ( 'NONE', #3865, #4563, #4516 ) ;
#6123 = LINE ( 'NONE', #5482, #6978 ) ;
#6124 = CONICAL_SURFACE ( 'NONE', #6017, 2.149999999999922640, 0.7853981633974548293 ) ;
#6125 = AXIS2_PLACEMENT_3D ( 'NONE', #2812, #1014, #2847 ) ;
#6126 = AXIS2_PLACEMENT_3D ( 'NONE', #88, #6965, #1790 ) ;
#6127 = EDGE_LOOP ( 'NONE', ( #6268, #1346, #822, #7192 ) ) ;
#6128 = DIRECTION ( 'NONE',  ( 0.000000000000000000, -0.7071067811865420216, -0.7071067811865531239 ) ) ;
#6129 = DIRECTION ( 'NONE',  ( 0.000000000000000000, -1.000000000000000000, 0.000000000000000000 ) ) ;
#6130 = ORIENTED_EDGE ( 'NONE', *, *, #3676, .T. ) ;
#6131 = CIRCLE ( 'NONE', #2252, 60.64999999999999858 ) ;
#6132 = CARTESIAN_POINT ( 'NONE',  ( 48.81408774733904465, -0.5000000000000004441, -23.64527610095332832 ) ) ;
#6133 = EDGE_LOOP ( 'NONE', ( #4427, #3484, #3498, #5697 ) ) ;
#6134 = AXIS2_PLACEMENT_3D ( 'NONE', #1159, #5800, #2339 ) ;
#6135 = PRODUCT_DEFINITION_FORMATION_WITH_SPECIFIED_SOURCE ( 'ANY', '', #6284, .NOT_KNOWN. ) ;
#6136 = AXIS2_PLACEMENT_3D ( 'NONE', #3919, #6869, #5606 ) ;
#6137 = MANIFOLD_SOLID_BREP ( 'Chamfer4', #1342 ) ;
#6138 = DIRECTION ( 'NONE',  ( -0.000000000000000000, -1.000000000000000000, -0.000000000000000000 ) ) ;
#6139 = CARTESIAN_POINT ( 'NONE',  ( 19.95989460129610649, -1.561251128379126385E-14, -45.95228620542344800 ) ) ;
#6140 = FACE_OUTER_BOUND ( 'NONE', #1990, .T. ) ;
#6141 = ORIENTED_EDGE ( 'NONE', *, *, #6916, .T. ) ;
#6142 = ORIENTED_EDGE ( 'NONE', *, *, #3972, .T. ) ;
#6143 = EDGE_CURVE ( 'NONE', #5526, #5139, #7227, .T. ) ;
#6144 = AXIS2_PLACEMENT_3D ( 'NONE', #4804, #4229, #6559 ) ;
#6145 = CARTESIAN_POINT ( 'NONE',  ( -44.48304944195906074, -0.5000000000000004441, -23.04925839033061408 ) ) ;
#6146 = DIRECTION ( 'NONE',  ( -0.000000000000000000, -1.000000000000000000, -0.000000000000000000 ) ) ;
#6147 = EDGE_LOOP ( 'NONE', ( #1895, #5486, #4841, #642 ) ) ;
#6148 = CARTESIAN_POINT ( 'NONE',  ( -9.781252527309565181, 11.00000000000000000, -54.50429087693013486 ) ) ;
#6149 = ORIENTED_EDGE ( 'NONE', *, *, #842, .F. ) ;
#6150 = PLANE ( 'NONE',  #2482 ) ;
#6151 = ORIENTED_EDGE ( 'NONE', *, *, #7448, .T. ) ;
#6152 = DIRECTION ( 'NONE',  ( -0.000000000000000000, -1.000000000000000000, -0.000000000000000000 ) ) ;
#6153 = EDGE_CURVE ( 'NONE', #4697, #1199, #5524, .T. ) ;
#6154 = DIRECTION ( 'NONE',  ( 0.000000000000000000, 1.000000000000000000, 0.000000000000000000 ) ) ;
#6155 = PLANE ( 'NONE',  #7471 ) ;
#6156 = CARTESIAN_POINT ( 'NONE',  ( 0.000000000000000000, -1.214306433183764966E-14, -50.10000000000000142 ) ) ;
#6157 = VERTEX_POINT ( 'NONE', #4380 ) ;
#6158 = DIRECTION ( 'NONE',  ( 0.000000000000000000, -1.000000000000000000, 0.000000000000000000 ) ) ;
#6159 = CYLINDRICAL_SURFACE ( 'NONE', #2486, 2.149999999999919531 ) ;
#6160 = EDGE_CURVE ( 'NONE', #2095, #3630, #4914, .T. ) ;
#6161 = ADVANCED_FACE ( 'NONE', ( #880 ), #1989, .F. ) ;
#6162 = CARTESIAN_POINT ( 'NONE',  ( 49.98320533644604780, 9.500000000000000000, 3.418944909569508805 ) ) ;
#6163 = ORIENTED_EDGE ( 'NONE', *, *, #1259, .F. ) ;
#6164 = CARTESIAN_POINT ( 'NONE',  ( -6.821949119721967492, 9.500000000000000000, -47.48336589642025984 ) ) ;
#6165 = DIRECTION ( 'NONE',  ( 0.000000000000000000, 0.000000000000000000, -1.000000000000000000 ) ) ;
#6166 = VERTEX_POINT ( 'NONE', #6669 ) ;
#6167 = DIRECTION ( 'NONE',  ( 0.000000000000000000, 0.000000000000000000, 1.000000000000000000 ) ) ;
#6168 = CIRCLE ( 'NONE', #5442, 2.149999999999922640 ) ;
#6169 = CARTESIAN_POINT ( 'NONE',  ( 31.61750601073477895, -0.5000000000000004441, -41.51313566429173818 ) ) ;
#6170 = ORIENTED_EDGE ( 'NONE', *, *, #4260, .T. ) ;
#6171 = ADVANCED_FACE ( 'NONE', ( #359 ), #1509, .F. ) ;
#6172 = CIRCLE ( 'NONE', #1931, 2.649999999999916422 ) ;
#6173 = CARTESIAN_POINT ( 'NONE',  ( -44.48304944195906074, 9.500000000000000000, -23.04925839033061408 ) ) ;
#6174 = FACE_OUTER_BOUND ( 'NONE', #1103, .T. ) ;
#6175 = FACE_OUTER_BOUND ( 'NONE', #3094, .T. ) ;
#6176 = VERTEX_POINT ( 'NONE', #4456 ) ;
#6177 = EDGE_LOOP ( 'NONE', ( #5506, #4010 ) ) ;
#6178 = APPROVAL_DATE_TIME ( #4429, #5108 ) ;
#6179 = CONICAL_SURFACE ( 'NONE', #7047, 2.149999999999922640, 0.7853981633974548293 ) ;
#6180 = AXIS2_PLACEMENT_3D ( 'NONE', #6608, #6577, #1467 ) ;
#6181 = ADVANCED_FACE ( 'NONE', ( #5565 ), #6637, .F. ) ;
#6182 = CARTESIAN_POINT ( 'NONE',  ( 3.501709615538559434E-13, -0.5000000000000004441, 52.74999999999991473 ) ) ;
#6183 = CARTESIAN_POINT ( 'NONE',  ( 40.93019163982339848, -0.5000000000000004441, 26.24168413795457155 ) ) ;
#6184 = VERTEX_POINT ( 'NONE', #5601 ) ;
#6185 = AXIS2_PLACEMENT_3D ( 'NONE', #1602, #7391, #3309 ) ;
#6186 = AXIS2_PLACEMENT_3D ( 'NONE', #6647, #1428, #293 ) ;
#6187 = FACE_OUTER_BOUND ( 'NONE', #7433, .T. ) ;
#6188 = VERTEX_POINT ( 'NONE', #2637 ) ;
#6189 = EDGE_CURVE ( 'NONE', #512, #3601, #6131, .T. ) ;
#6190 = CYLINDRICAL_SURFACE ( 'NONE', #5154, 2.149999999999922640 ) ;
#6191 = EDGE_LOOP ( 'NONE', ( #2199, #2435 ) ) ;
#6192 = DIRECTION ( 'NONE',  ( 0.000000000000000000, 0.000000000000000000, 1.000000000000000000 ) ) ;
#6193 = CIRCLE ( 'NONE', #250, 2.649999999999919975 ) ;
#6194 = CARTESIAN_POINT ( 'NONE',  ( 31.61750601073556766, -0.5000000000000004441, 38.86313566429116406 ) ) ;
#6195 = FACE_OUTER_BOUND ( 'NONE', #5825, .T. ) ;
#6196 = ORIENTED_EDGE ( 'NONE', *, *, #6228, .F. ) ;
#6197 = DIRECTION ( 'NONE',  ( 0.000000000000000000, -1.000000000000000000, 0.000000000000000000 ) ) ;
#6198 = EDGE_LOOP ( 'NONE', ( #4233, #3566, #911, #6003 ) ) ;
#6199 = ADVANCED_FACE ( 'NONE', ( #1417 ), #1275, .F. ) ;
#6200 = DIRECTION ( 'NONE',  ( 0.000000000000000000, -0.7071067811865432429, -0.7071067811865517916 ) ) ;
#6201 = CIRCLE ( 'NONE', #2326, 2.500000000000203393 ) ;
#6202 = CARTESIAN_POINT ( 'NONE',  ( 13.51681823496726231, 9.500000000000000000, 48.24215609612464561 ) ) ;
#6203 = AXIS2_PLACEMENT_3D ( 'NONE', #5223, #6944, #3503 ) ;
#6204 = CONICAL_SURFACE ( 'NONE', #1107, 2.149999999999922640, 0.7853981633974543852 ) ;
#6205 = LINE ( 'NONE', #2899, #1764 ) ;
#6206 = ORIENTED_EDGE ( 'NONE', *, *, #6574, .F. ) ;
#6207 = DIRECTION ( 'NONE',  ( -0.000000000000000000, -1.000000000000000000, -0.000000000000000000 ) ) ;
#6208 = CARTESIAN_POINT ( 'NONE',  ( 6.821949119721279153, -1.214306433183764966E-14, -51.78336589642017884 ) ) ;
#6209 = ORIENTED_EDGE ( 'NONE', *, *, #1939, .T. ) ;
#6210 = EDGE_CURVE ( 'NONE', #3001, #6504, #2099, .T. ) ;
#6211 = DIRECTION ( 'NONE',  ( 0.000000000000000000, 0.000000000000000000, -1.000000000000000000 ) ) ;
#6212 = ORIENTED_EDGE ( 'NONE', *, *, #2174, .F. ) ;
#6213 = CIRCLE ( 'NONE', #2449, 2.149999999999922640 ) ;
#6214 = LINE ( 'NONE', #1001, #5788 ) ;
#6215 = FACE_OUTER_BOUND ( 'NONE', #2762, .T. ) ;
#6216 = DIRECTION ( 'NONE',  ( 0.000000000000000000, 1.000000000000000000, 0.000000000000000000 ) ) ;
#6217 = EDGE_LOOP ( 'NONE', ( #4066, #3770, #360, #620 ) ) ;
#6218 = EDGE_CURVE ( 'NONE', #7503, #5677, #789, .T. ) ;
#6219 = ORIENTED_EDGE ( 'NONE', *, *, #3634, .F. ) ;
#6220 = EDGE_CURVE ( 'NONE', #6247, #5964, #4557, .T. ) ;
#6221 = CARTESIAN_POINT ( 'NONE',  ( 26.03115589677469899, 9.500000000000000000, -44.95641216777934090 ) ) ;
#6222 = DIRECTION ( 'NONE',  ( -0.000000000000000000, -1.000000000000000000, -0.000000000000000000 ) ) ;
#6223 = ORIENTED_EDGE ( 'NONE', *, *, #114, .T. ) ;
#6224 = CARTESIAN_POINT ( 'NONE',  ( -6.821949119721629096, 9.500000000000000000, 49.63336589642023000 ) ) ;
#6225 = ORIENTED_EDGE ( 'NONE', *, *, #3789, .T. ) ;
#6226 = CARTESIAN_POINT ( 'NONE',  ( -36.61488181033384137, 9.500000000000000000, 34.19591247525476518 ) ) ;
#6227 = ORIENTED_EDGE ( 'NONE', *, *, #7311, .T. ) ;
#6228 = EDGE_CURVE ( 'NONE', #3078, #6655, #4789, .T. ) ;
#6229 = CARTESIAN_POINT ( 'NONE',  ( 26.03115589677469899, -0.5000000000000004441, -42.80641216777942049 ) ) ;
#6230 = CARTESIAN_POINT ( 'NONE',  ( 36.61488181033361400, -0.5000000000000004441, -34.19591247525498545 ) ) ;
#6231 = DIRECTION ( 'NONE',  ( -0.000000000000000000, -1.000000000000000000, -0.000000000000000000 ) ) ;
#6232 = ORIENTED_EDGE ( 'NONE', *, *, #7448, .F. ) ;
#6233 = DIRECTION ( 'NONE',  ( -0.000000000000000000, -1.000000000000000000, -0.000000000000000000 ) ) ;
#6234 = ORIENTED_EDGE ( 'NONE', *, *, #1483, .F. ) ;
#6235 = CARTESIAN_POINT ( 'NONE',  ( 49.98320533644604780, -0.5000000000000004441, 3.418944909569508805 ) ) ;
#6236 = DIRECTION ( 'NONE',  ( 0.000000000000000000, 0.000000000000000000, -1.000000000000000000 ) ) ;
#6237 = EDGE_CURVE ( 'NONE', #1477, #3361, #5768, .T. ) ;
#6238 = ORIENTED_EDGE ( 'NONE', *, *, #5260, .T. ) ;
#6239 = AXIS2_PLACEMENT_3D ( 'NONE', #658, #6553, #1188 ) ;
#6240 = DIRECTION ( 'NONE',  ( -0.000000000000000000, -1.000000000000000000, -0.000000000000000000 ) ) ;
#6241 = ORIENTED_EDGE ( 'NONE', *, *, #4644, .F. ) ;
#6242 = ORIENTED_EDGE ( 'NONE', *, *, #3904, .T. ) ;
#6243 = CARTESIAN_POINT ( 'NONE',  ( -19.95989460129674598, -1.387778780781445676E-14, -45.95228620542319220 ) ) ;
#6244 = DIRECTION ( 'NONE',  ( 0.000000000000000000, 1.000000000000000000, 0.000000000000000000 ) ) ;
#6245 = ORIENTED_EDGE ( 'NONE', *, *, #1029, .F. ) ;
#6246 = CARTESIAN_POINT ( 'NONE',  ( -6.821949119721967492, 9.500000000000000000, -49.63336589642018026 ) ) ;
#6247 = VERTEX_POINT ( 'NONE', #6132 ) ;
#6248 = AXIS2_PLACEMENT_3D ( 'NONE', #2472, #4782, #1432 ) ;
#6249 = CIRCLE ( 'NONE', #7341, 2.149999999999922196 ) ;
#6250 = AXIS2_PLACEMENT_3D ( 'NONE', #3519, #2391, #714 ) ;
#6251 = EDGE_CURVE ( 'NONE', #5735, #4336, #1640, .T. ) ;
#6252 = CIRCLE ( 'NONE', #5279, 2.149999999999922640 ) ;
#6253 = DIRECTION ( 'NONE',  ( 0.2079116908177531808, 0.000000000000000000, 0.9781476007338069101 ) ) ;
#6254 = FACE_BOUND ( 'NONE', #3391, .T. ) ;
#6255 = DIRECTION ( 'NONE',  ( 0.000000000000000000, 0.000000000000000000, -1.000000000000000000 ) ) ;
#6256 = AXIS2_PLACEMENT_3D ( 'NONE', #1559, #992, #7463 ) ;
#6257 = ORIENTED_EDGE ( 'NONE', *, *, #1055, .T. ) ;
#6258 = CIRCLE ( 'NONE', #6741, 2.649999999999916422 ) ;
#6259 = CIRCLE ( 'NONE', #2981, 2.149999999999922640 ) ;
#6260 = ORIENTED_EDGE ( 'NONE', *, *, #3639, .T. ) ;
#6261 = AXIS2_PLACEMENT_3D ( 'NONE', #2817, #6896, #580 ) ;
#6262 = CALENDAR_DATE ( 2026, 26, 8 ) ;
#6263 = EDGE_CURVE ( 'NONE', #7514, #1386, #5401, .T. ) ;
#6264 = AXIS2_PLACEMENT_3D ( 'NONE', #5009, #5886, #4130 ) ;
#6265 = EDGE_CURVE ( 'NONE', #1789, #6458, #248, .T. ) ;
#6266 = AXIS2_PLACEMENT_3D ( 'NONE', #5991, #4882, #4205 ) ;
#6267 = FACE_BOUND ( 'NONE', #5425, .T. ) ;
#6268 = ORIENTED_EDGE ( 'NONE', *, *, #5990, .F. ) ;
#6269 = CARTESIAN_POINT ( 'NONE',  ( 44.48304944195874100, -1.387778780781445676E-14, -23.04925839033120383 ) ) ;
#6270 = CYLINDRICAL_SURFACE ( 'NONE', #545, 2.149999999999922640 ) ;
#6271 = EDGE_LOOP ( 'NONE', ( #5894, #3753, #1215, #5858 ) ) ;
#6272 = DIRECTION ( 'NONE',  ( 0.000000000000000000, -1.000000000000000000, 0.000000000000000000 ) ) ;
#6273 = VERTEX_POINT ( 'NONE', #2706 ) ;
#6274 = CARTESIAN_POINT ( 'NONE',  ( -31.61750601073502764, 9.500000000000000000, 38.86313566429160460 ) ) ;
#6275 = AXIS2_PLACEMENT_3D ( 'NONE', #7307, #4402, #5952 ) ;
#6276 = CARTESIAN_POINT ( 'NONE',  ( -26.03115589677527097, 9.500000000000000000, -42.80641216777904390 ) ) ;
#6277 = DIRECTION ( 'NONE',  ( 0.000000000000000000, 0.000000000000000000, -1.000000000000000000 ) ) ;
#6278 = EDGE_LOOP ( 'NONE', ( #4989, #2012 ) ) ;
#6279 = EDGE_LOOP ( 'NONE', ( #4886, #6344, #3439, #449 ) ) ;
#6280 = CYLINDRICAL_SURFACE ( 'NONE', #6261, 2.149999999999922640 ) ;
#6281 = ORIENTED_EDGE ( 'NONE', *, *, #5443, .T. ) ;
#6282 = CARTESIAN_POINT ( 'NONE',  ( -47.20727219815295683, -0.5000000000000004441, -14.12746856976635890 ) ) ;
#6283 = DIRECTION ( 'NONE',  ( 0.000000000000000000, -1.000000000000000000, 0.000000000000000000 ) ) ;
#6284 = PRODUCT ( 'Cycloidal Housing Upper', 'Cycloidal Housing Upper', '', ( #1930 ) ) ;
#6285 = DIRECTION ( 'NONE',  ( 0.000000000000000000, 0.000000000000000000, 1.000000000000000000 ) ) ;
#6286 = VERTEX_POINT ( 'NONE', #3129 ) ;
#6287 = CARTESIAN_POINT ( 'NONE',  ( 40.93019163982280872, -1.214306433183764966E-14, -28.89168413795531620 ) ) ;
#6288 = DIRECTION ( 'NONE',  ( 0.000000000000000000, 0.000000000000000000, -1.000000000000000000 ) ) ;
#6289 = ORIENTED_EDGE ( 'NONE', *, *, #3362, .T. ) ;
#6290 = FACE_OUTER_BOUND ( 'NONE', #6603, .T. ) ;
#6291 = EDGE_CURVE ( 'NONE', #4772, #4712, #2562, .T. ) ;
#6292 = DIRECTION ( 'NONE',  ( -0.000000000000000000, -1.000000000000000000, -0.000000000000000000 ) ) ;
#6293 = ORIENTED_EDGE ( 'NONE', *, *, #4958, .F. ) ;
#6294 = CARTESIAN_POINT ( 'NONE',  ( 7.182553476999234741E-15, 11.00000000000000000, 58.65000000000006963 ) ) ;
#6295 = FACE_BOUND ( 'NONE', #3824, .T. ) ;
#6296 = CARTESIAN_POINT ( 'NONE',  ( -26.03115589677498676, -1.387778780781445676E-14, 42.80641216777921443 ) ) ;
#6297 = ORIENTED_EDGE ( 'NONE', *, *, #3507, .F. ) ;
#6298 = EDGE_CURVE ( 'NONE', #4957, #7180, #2730, .T. ) ;
#6299 = ORIENTED_EDGE ( 'NONE', *, *, #6856, .F. ) ;
#6300 = ORIENTED_EDGE ( 'NONE', *, *, #3622, .T. ) ;
#6301 = CIRCLE ( 'NONE', #7040, 39.99999999999999289 ) ;
#6302 = FACE_OUTER_BOUND ( 'NONE', #6217, .T. ) ;
#6303 = EDGE_LOOP ( 'NONE', ( #5305, #3025, #7491, #1460 ) ) ;
#6304 = CARTESIAN_POINT ( 'NONE',  ( 6.821949119721279153, 9.500000000000000000, -47.48336589642033090 ) ) ;
#6305 = DIRECTION ( 'NONE',  ( 0.000000000000000000, -1.000000000000000000, 0.000000000000000000 ) ) ;
#6306 = EDGE_LOOP ( 'NONE', ( #3521, #3899 ) ) ;
#6307 = FACE_OUTER_BOUND ( 'NONE', #2785, .T. ) ;
#6308 = VERTEX_POINT ( 'NONE', #4345 ) ;
#6309 = EDGE_CURVE ( 'NONE', #5677, #7503, #4305, .T. ) ;
#6310 = DIRECTION ( 'NONE',  ( 0.000000000000000000, 0.000000000000000000, 1.000000000000000000 ) ) ;
#6311 = DIRECTION ( 'NONE',  ( 0.000000000000000000, -1.000000000000000000, 0.000000000000000000 ) ) ;
#6312 = CIRCLE ( 'NONE', #7282, 2.149999999999922640 ) ;
#6313 = AXIS2_PLACEMENT_3D ( 'NONE', #1788, #4134, #6423 ) ;
#6314 = PLANE ( 'NONE',  #485 ) ;
#6315 = VERTEX_POINT ( 'NONE', #4032 ) ;
#6316 = CARTESIAN_POINT ( 'NONE',  ( -26.03115589677498676, 9.500000000000000000, 40.65641216777929401 ) ) ;
#6317 = ORIENTED_EDGE ( 'NONE', *, *, #1483, .T. ) ;
#6318 = DIRECTION ( 'NONE',  ( 0.000000000000000000, 0.000000000000000000, -1.000000000000000000 ) ) ;
#6319 = DIRECTION ( 'NONE',  ( 0.000000000000000000, -1.000000000000000000, 0.000000000000000000 ) ) ;
#6320 = ADVANCED_FACE ( 'NONE', ( #3355 ), #3916, .F. ) ;
#6321 = CYLINDRICAL_SURFACE ( 'NONE', #2371, 2.149999999999922640 ) ;
#6322 = CIRCLE ( 'NONE', #370, 2.500000000000205613 ) ;
#6323 = ORIENTED_EDGE ( 'NONE', *, *, #1811, .T. ) ;
#6324 = CARTESIAN_POINT ( 'NONE',  ( -40.93019163982320663, 9.500000000000000000, -26.74168413795483445 ) ) ;
#6325 = AXIS2_PLACEMENT_3D ( 'NONE', #58, #2370, #6365 ) ;
#6326 = DIRECTION ( 'NONE',  ( 0.000000000000000000, -1.000000000000000000, 0.000000000000000000 ) ) ;
#6327 = DIRECTION ( 'NONE',  ( 0.000000000000000000, 0.000000000000000000, -1.000000000000000000 ) ) ;
#6328 = ORIENTED_EDGE ( 'NONE', *, *, #6113, .F. ) ;
#6329 = ADVANCED_FACE ( 'NONE', ( #5755 ), #1116, .F. ) ;
#6330 = AXIS2_PLACEMENT_3D ( 'NONE', #1147, #2826, #4107 ) ;
#6331 = ORIENTED_EDGE ( 'NONE', *, *, #5733, .F. ) ;
#6332 = VECTOR ( 'NONE', #2079, 1000.000000000000000 ) ;
#6333 = EDGE_CURVE ( 'NONE', #2805, #1797, #3335, .T. ) ;
#6334 = CARTESIAN_POINT ( 'NONE',  ( 44.48304944195874100, -0.5000000000000004441, -23.04925839033120383 ) ) ;
#6335 = FACE_BOUND ( 'NONE', #1468, .T. ) ;
#6336 = CARTESIAN_POINT ( 'NONE',  ( -9.781252527309565181, 11.00000000000000000, -57.00429087693034091 ) ) ;
#6337 = AXIS2_PLACEMENT_3D ( 'NONE', #7186, #4281, #825 ) ;
#6338 = ORIENTED_EDGE ( 'NONE', *, *, #2993, .F. ) ;
#6339 = EDGE_LOOP ( 'NONE', ( #4668, #6986, #5128, #7253 ) ) ;
#6340 = EDGE_CURVE ( 'NONE', #7104, #4809, #4430, .T. ) ;
#6341 = ORIENTED_EDGE ( 'NONE', *, *, #5189, .F. ) ;
#6342 = EDGE_CURVE ( 'NONE', #3110, #4910, #7117, .T. ) ;
#6343 = LINE ( 'NONE', #1238, #5221 ) ;
#6344 = ORIENTED_EDGE ( 'NONE', *, *, #3634, .T. ) ;
#6345 = DIRECTION ( 'NONE',  ( -0.000000000000000000, -1.000000000000000000, -0.000000000000000000 ) ) ;
#6346 = CARTESIAN_POINT ( 'NONE',  ( 36.61488181033361400, -1.040834085586084257E-14, -34.19591247525498545 ) ) ;
#6347 = ORIENTED_EDGE ( 'NONE', *, *, #6143, .T. ) ;
#6348 = VERTEX_POINT ( 'NONE', #1724 ) ;
#6349 = CARTESIAN_POINT ( 'NONE',  ( -47.20727219815295683, 9.500000000000000000, -16.77746856976627754 ) ) ;
#6350 = ADVANCED_FACE ( 'NONE', ( #5104 ), #24, .F. ) ;
#6351 = DIRECTION ( 'NONE',  ( 8.659560562354963673E-17, 0.7071067811865451302, -0.7071067811865500152 ) ) ;
#6352 = DIRECTION ( 'NONE',  ( 0.000000000000000000, -0.7071067811865425767, -0.7071067811865525687 ) ) ;
#6353 = VERTEX_POINT ( 'NONE', #6784 ) ;
#6354 = CARTESIAN_POINT ( 'NONE',  ( 13.51681823496726231, -0.5000000000000004441, 45.59215609612472520 ) ) ;
#6355 = ORIENTED_EDGE ( 'NONE', *, *, #3081, .T. ) ;
#6356 = CARTESIAN_POINT ( 'NONE',  ( 33.95964629695709647, 11.00000000000000000, -43.73937640599801568 ) ) ;
#6357 = DIRECTION ( 'NONE',  ( 0.000000000000000000, 0.000000000000000000, -1.000000000000000000 ) ) ;
#6358 = EDGE_CURVE ( 'NONE', #3974, #5502, #4798, .T. ) ;
#6359 = DIRECTION ( 'NONE',  ( -0.000000000000000000, -1.000000000000000000, -0.000000000000000000 ) ) ;
#6360 = ADVANCED_FACE ( 'NONE', ( #2871 ), #3459, .F. ) ;
#6361 = ORIENTED_EDGE ( 'NONE', *, *, #1000, .T. ) ;
#6362 = CARTESIAN_POINT ( 'NONE',  ( -31.61750601073530476, 9.500000000000000000, -38.86313566429139144 ) ) ;
#6363 = CARTESIAN_POINT ( 'NONE',  ( -36.61488181033408296, 9.500000000000000000, -34.19591247525450228 ) ) ;
#6364 = DIRECTION ( 'NONE',  ( -0.000000000000000000, -1.000000000000000000, -0.000000000000000000 ) ) ;
#6365 = DIRECTION ( 'NONE',  ( 0.000000000000000000, 0.000000000000000000, 1.000000000000000000 ) ) ;
#6366 = CONICAL_SURFACE ( 'NONE', #3083, 2.149999999999922640, 0.7853981633974552734 ) ;
#6367 = CYLINDRICAL_SURFACE ( 'NONE', #259, 2.149999999999922640 ) ;
#6368 = DIRECTION ( 'NONE',  ( 0.000000000000000000, 0.000000000000000000, -1.000000000000000000 ) ) ;
#6369 = CARTESIAN_POINT ( 'NONE',  ( -13.51681823496661572, 2.775557561562891351E-14, 48.24215609612481614 ) ) ;
#6370 = DIRECTION ( 'NONE',  ( 0.000000000000000000, -1.000000000000000000, 0.000000000000000000 ) ) ;
#6371 = ORIENTED_EDGE ( 'NONE', *, *, #7175, .F. ) ;
#6372 = CIRCLE ( 'NONE', #4051, 2.149999999999922640 ) ;
#6373 = VECTOR ( 'NONE', #4299, 1000.000000000000000 ) ;
#6374 = ORIENTED_EDGE ( 'NONE', *, *, #5096, .T. ) ;
#6375 = CONICAL_SURFACE ( 'NONE', #3569, 2.149999999999922640, 0.7853981633974552734 ) ;
#6376 = VECTOR ( 'NONE', #653, 1000.000000000000000 ) ;
#6377 = VECTOR ( 'NONE', #65, 1000.000000000000000 ) ;
#6378 = AXIS2_PLACEMENT_3D ( 'NONE', #1796, #4179, #5861 ) ;
#6379 = DIRECTION ( 'NONE',  ( 0.000000000000000000, 0.000000000000000000, -1.000000000000000000 ) ) ;
#6380 = VERTEX_POINT ( 'NONE', #3467 ) ;
#6381 = VECTOR ( 'NONE', #854, 1000.000000000000000 ) ;
#6382 = CARTESIAN_POINT ( 'NONE',  ( -36.61488181033408296, -1.214306433183764966E-14, -32.04591247525458186 ) ) ;
#6383 = AXIS2_PLACEMENT_3D ( 'NONE', #2016, #4937, #3119 ) ;
#6384 = AXIS2_PLACEMENT_3D ( 'NONE', #3075, #5392, #5248 ) ;
#6385 = CYLINDRICAL_SURFACE ( 'NONE', #6499, 2.149999999999924416 ) ;
#6386 = ORIENTED_EDGE ( 'NONE', *, *, #3794, .T. ) ;
#6387 = ORIENTED_EDGE ( 'NONE', *, *, #2386, .T. ) ;
#6388 = CARTESIAN_POINT ( 'NONE',  ( -31.61750601073530476, -6.938893903907228378E-15, -38.86313566429139144 ) ) ;
#6389 = EDGE_CURVE ( 'NONE', #3370, #341, #6748, .T. ) ;
#6390 = AXIS2_PLACEMENT_3D ( 'NONE', #6983, #3022, #706 ) ;
#6391 = VECTOR ( 'NONE', #4774, 1000.000000000000000 ) ;
#6392 = AXIS2_PLACEMENT_3D ( 'NONE', #3435, #5770, #7028 ) ;
#6393 = FACE_OUTER_BOUND ( 'NONE', #3961, .T. ) ;
#6394 = CARTESIAN_POINT ( 'NONE',  ( -47.20727219815295683, 9.500000000000000000, -14.62746856976635357 ) ) ;
#6395 = ORIENTED_EDGE ( 'NONE', *, *, #4536, .F. ) ;
#6396 = CARTESIAN_POINT ( 'NONE',  ( 4.898587196589412237E-15, 0.9999999999999995559, 39.99999999999999289 ) ) ;
#6397 = ORIENTED_EDGE ( 'NONE', *, *, #1419, .F. ) ;
#6398 = DIRECTION ( 'NONE',  ( 0.000000000000000000, 0.000000000000000000, -1.000000000000000000 ) ) ;
#6399 = DIRECTION ( 'NONE',  ( 0.000000000000000000, -1.000000000000000000, 0.000000000000000000 ) ) ;
#6400 = ADVANCED_FACE ( 'NONE', ( #3880 ), #1991, .F. ) ;
#6401 = DIRECTION ( 'NONE',  ( -0.000000000000000000, -1.000000000000000000, -0.000000000000000000 ) ) ;
#6402 = VERTEX_POINT ( 'NONE', #6905 ) ;
#6403 = CARTESIAN_POINT ( 'NONE',  ( -36.61488181033408296, 9.500000000000000000, -34.19591247525450228 ) ) ;
#6404 = CARTESIAN_POINT ( 'NONE',  ( -6.821949119721629096, -1.387778780781445676E-14, 47.48336589642030248 ) ) ;
#6405 = CARTESIAN_POINT ( 'NONE',  ( 19.95989460129706217, -0.5000000000000004441, 45.95228620542303588 ) ) ;
#6406 = CYLINDRICAL_SURFACE ( 'NONE', #6203, 2.149999999999922640 ) ;
#6407 = ADVANCED_FACE ( 'NONE', ( #6290 ), #1079, .F. ) ;
#6408 = DIRECTION ( 'NONE',  ( -0.000000000000000000, -1.000000000000000000, -0.000000000000000000 ) ) ;
#6409 = CARTESIAN_POINT ( 'NONE',  ( -36.61488181033384137, -0.5000000000000004441, 36.84591247525468560 ) ) ;
#6410 = FACE_BOUND ( 'NONE', #4625, .T. ) ;
#6411 = CARTESIAN_POINT ( 'NONE',  ( -36.61488181033408296, -1.214306433183764966E-14, -32.04591247525458186 ) ) ;
#6412 = ORIENTED_EDGE ( 'NONE', *, *, #4335, .T. ) ;
#6413 = ORIENTED_EDGE ( 'NONE', *, *, #5473, .T. ) ;
#6414 = DIRECTION ( 'NONE',  ( 0.000000000000000000, 1.000000000000000000, 0.000000000000000000 ) ) ;
#6415 = ORIENTED_EDGE ( 'NONE', *, *, #7483, .F. ) ;
#6416 = DIRECTION ( 'NONE',  ( 0.000000000000000000, 1.000000000000000000, 0.000000000000000000 ) ) ;
#6417 = CARTESIAN_POINT ( 'NONE',  ( 40.93019163982339848, 9.500000000000000000, 31.04168413795441239 ) ) ;
#6418 = ORIENTED_EDGE ( 'NONE', *, *, #1519, .F. ) ;
#6419 = ORIENTED_EDGE ( 'NONE', *, *, #6561, .T. ) ;
#6420 = CARTESIAN_POINT ( 'NONE',  ( -40.93019163982320663, 9.500000000000000000, -26.74168413795483445 ) ) ;
#6421 = ADVANCED_FACE ( 'NONE', ( #998 ), #1260, .F. ) ;
#6422 = LINE ( 'NONE', #1210, #7193 ) ;
#6423 = DIRECTION ( 'NONE',  ( 0.000000000000000000, -0.000000000000000000, -1.000000000000000000 ) ) ;
#6424 = VERTEX_POINT ( 'NONE', #3998 ) ;
#6425 = EDGE_CURVE ( 'NONE', #6504, #2542, #4900, .T. ) ;
#6426 = AXIS2_PLACEMENT_3D ( 'NONE', #2895, #5212, #693 ) ;
#6427 = CYLINDRICAL_SURFACE ( 'NONE', #6020, 2.149999999999922640 ) ;
#6428 = EDGE_LOOP ( 'NONE', ( #1377, #2384, #5174, #299 ) ) ;
#6429 = CARTESIAN_POINT ( 'NONE',  ( 31.61750601073556766, -1.214306433183764966E-14, 36.71313566429124364 ) ) ;
#6430 = ORIENTED_EDGE ( 'NONE', *, *, #6342, .F. ) ;
#6431 = DIRECTION ( 'NONE',  ( 0.000000000000000000, -1.000000000000000000, 0.000000000000000000 ) ) ;
#6432 = CIRCLE ( 'NONE', #3388, 2.149999999999922640 ) ;
#6433 = CARTESIAN_POINT ( 'NONE',  ( 19.95989460129610649, -1.561251128379126385E-14, -43.80228620542352758 ) ) ;
#6434 = EDGE_CURVE ( 'NONE', #3370, #1546, #2753, .T. ) ;
#6435 = EDGE_LOOP ( 'NONE', ( #230, #6959 ) ) ;
#6436 = DIRECTION ( 'NONE',  ( 0.000000000000000000, 1.000000000000000000, 0.000000000000000000 ) ) ;
#6437 = DIRECTION ( 'NONE',  ( 0.000000000000000000, -0.000000000000000000, -1.000000000000000000 ) ) ;
#6438 = VECTOR ( 'NONE', #6764, 1000.000000000000000 ) ;
#6439 = DIRECTION ( 'NONE',  ( 0.000000000000000000, 0.000000000000000000, 1.000000000000000000 ) ) ;
#6440 = LINE ( 'NONE', #3055, #5475 ) ;
#6441 = CIRCLE ( 'NONE', #1836, 2.649999999999916422 ) ;
#6442 = EDGE_CURVE ( 'NONE', #4893, #208, #5510, .T. ) ;
#6443 = DIRECTION ( 'NONE',  ( 0.000000000000000000, 0.000000000000000000, -1.000000000000000000 ) ) ;
#6444 = FACE_BOUND ( 'NONE', #2620, .T. ) ;
#6445 = DIRECTION ( 'NONE',  ( 0.000000000000000000, 0.000000000000000000, -1.000000000000000000 ) ) ;
#6446 = ORIENTED_EDGE ( 'NONE', *, *, #810, .F. ) ;
#6447 = DIRECTION ( 'NONE',  ( -0.000000000000000000, -1.000000000000000000, -0.000000000000000000 ) ) ;
#6448 = VERTEX_POINT ( 'NONE', #3616 ) ;
#6449 = VECTOR ( 'NONE', #1760, 1000.000000000000000 ) ;
#6450 = CIRCLE ( 'NONE', #3526, 2.149999999999922640 ) ;
#6451 = VECTOR ( 'NONE', #292, 999.9999999999998863 ) ;
#6452 = EDGE_CURVE ( 'NONE', #5358, #15, #1494, .T. ) ;
#6453 = DIRECTION ( 'NONE',  ( 0.000000000000000000, 0.000000000000000000, 1.000000000000000000 ) ) ;
#6454 = ORIENTED_EDGE ( 'NONE', *, *, #3234, .F. ) ;
#6455 = CYLINDRICAL_SURFACE ( 'NONE', #2799, 2.149999999999922640 ) ;
#6456 = ADVANCED_FACE ( 'NONE', ( #7053 ), #736, .F. ) ;
#6457 = DIRECTION ( 'NONE',  ( -0.000000000000000000, -1.000000000000000000, -0.000000000000000000 ) ) ;
#6458 = VERTEX_POINT ( 'NONE', #1761 ) ;
#6459 = ORIENTED_EDGE ( 'NONE', *, *, #7088, .F. ) ;
#6460 = DIRECTION ( 'NONE',  ( -0.000000000000000000, -1.000000000000000000, -0.000000000000000000 ) ) ;
#6461 = CARTESIAN_POINT ( 'NONE',  ( -26.03115589677498676, -1.387778780781445676E-14, 40.65641216777929401 ) ) ;
#6462 = FACE_OUTER_BOUND ( 'NONE', #2264, .T. ) ;
#6463 = ORIENTED_EDGE ( 'NONE', *, *, #5750, .T. ) ;
#6464 = CC_DESIGN_PERSON_AND_ORGANIZATION_ASSIGNMENT ( #1053, #934, ( #6135 ) ) ;
#6465 = CARTESIAN_POINT ( 'NONE',  ( -49.05211279288440807, 9.500000000000000000, -8.043146253936878765 ) ) ;
#6466 = ORIENTED_EDGE ( 'NONE', *, *, #6189, .T. ) ;
#6467 = DIRECTION ( 'NONE',  ( 0.000000000000000000, 0.000000000000000000, 1.000000000000000000 ) ) ;
#6468 = VERTEX_POINT ( 'NONE', #5331 ) ;
#6469 = CARTESIAN_POINT ( 'NONE',  ( 13.51681823496726231, 9.500000000000000000, 50.39215609612456603 ) ) ;
#6470 = CARTESIAN_POINT ( 'NONE',  ( 13.51681823496627821, -1.214306433183764966E-14, -48.24215609612492273 ) ) ;
#6471 = ORIENTED_EDGE ( 'NONE', *, *, #5596, .T. ) ;
#6472 = EDGE_CURVE ( 'NONE', #493, #3418, #7017, .T. ) ;
#6473 = DIRECTION ( 'NONE',  ( 0.000000000000000000, 1.000000000000000000, 0.000000000000000000 ) ) ;
#6474 = DIRECTION ( 'NONE',  ( -0.000000000000000000, -1.000000000000000000, 0.000000000000000000 ) ) ;
#6475 = EDGE_CURVE ( 'NONE', #4344, #6894, #3086, .T. ) ;
#6476 = DIRECTION ( 'NONE',  ( 0.000000000000000000, -1.000000000000000000, 0.000000000000000000 ) ) ;
#6477 = DIRECTION ( 'NONE',  ( 0.000000000000000000, 0.000000000000000000, -1.000000000000000000 ) ) ;
#6478 = CARTESIAN_POINT ( 'NONE',  ( -40.93019163982320663, -1.387778780781445676E-14, -26.74168413795483445 ) ) ;
#6479 = FACE_OUTER_BOUND ( 'NONE', #4000, .T. ) ;
#6480 = ORIENTED_EDGE ( 'NONE', *, *, #3861, .F. ) ;
#6481 = CARTESIAN_POINT ( 'NONE',  ( -49.05211279288440807, -1.387778780781445676E-14, -10.19314625393680274 ) ) ;
#6482 = ORIENTED_EDGE ( 'NONE', *, *, #3054, .F. ) ;
#6483 = ORIENTED_EDGE ( 'NONE', *, *, #1407, .F. ) ;
#6484 = ADVANCED_FACE ( 'NONE', ( #3541 ), #4174, .F. ) ;
#6485 = AXIS2_PLACEMENT_3D ( 'NONE', #5720, #2791, #6211 ) ;
#6486 = CARTESIAN_POINT ( 'NONE',  ( -49.98320533644603358, 9.500000000000000000, -3.418944909569844981 ) ) ;
#6487 = AXIS2_PLACEMENT_3D ( 'NONE', #4691, #1873, #5983 ) ;
#6488 = ORIENTED_EDGE ( 'NONE', *, *, #2830, .T. ) ;
#6489 = DIRECTION ( 'NONE',  ( 8.659560562354983395E-17, -0.7071067811865435759, 0.7071067811865515695 ) ) ;
#6490 = CARTESIAN_POINT ( 'NONE',  ( 36.61488181033430322, -1.734723475976807094E-14, 34.19591247525423228 ) ) ;
#6491 = ORIENTED_EDGE ( 'NONE', *, *, #4437, .F. ) ;
#6492 = CIRCLE ( 'NONE', #4175, 2.649999999999916422 ) ;
#6493 = ORIENTED_EDGE ( 'NONE', *, *, #4280, .T. ) ;
#6494 = DIRECTION ( 'NONE',  ( 0.000000000000000000, -1.000000000000000000, 0.000000000000000000 ) ) ;
#6495 = EDGE_CURVE ( 'NONE', #7275, #1651, #1627, .T. ) ;
#6496 = CIRCLE ( 'NONE', #6248, 2.149999999999922196 ) ;
#6497 = EDGE_CURVE ( 'NONE', #3408, #7503, #4074, .T. ) ;
#6498 = AXIS2_PLACEMENT_3D ( 'NONE', #6082, #4829, #805 ) ;
#6499 = AXIS2_PLACEMENT_3D ( 'NONE', #1169, #3482, #5808 ) ;
#6500 = CYLINDRICAL_SURFACE ( 'NONE', #5843, 2.500000000000203393 ) ;
#6501 = DIRECTION ( 'NONE',  ( 0.000000000000000000, -1.000000000000000000, 0.000000000000000000 ) ) ;
#6502 = ORIENTED_EDGE ( 'NONE', *, *, #8, .F. ) ;
#6503 = CARTESIAN_POINT ( 'NONE',  ( 6.821949119721279153, -0.5000000000000004441, -49.63336589642025842 ) ) ;
#6504 = VERTEX_POINT ( 'NONE', #4719 ) ;
#6505 = AXIS2_PLACEMENT_3D ( 'NONE', #3663, #1311, #2845 ) ;
#6506 = CARTESIAN_POINT ( 'NONE',  ( 47.20727219815270814, -1.040834085586084257E-14, -16.77746856976694545 ) ) ;
#6507 = ORIENTED_EDGE ( 'NONE', *, *, #5507, .F. ) ;
#6508 = AXIS2_PLACEMENT_3D ( 'NONE', #6470, #3651, #1222 ) ;
#6509 = DIRECTION ( 'NONE',  ( 0.000000000000000000, -1.000000000000000000, 0.000000000000000000 ) ) ;
#6510 = AXIS2_PLACEMENT_3D ( 'NONE', #2379, #1232, #5870 ) ;
#6511 = AXIS2_PLACEMENT_3D ( 'NONE', #2889, #1173, #3485 ) ;
#6512 = CIRCLE ( 'NONE', #1656, 2.149999999999922640 ) ;
#6513 = EDGE_CURVE ( 'NONE', #5036, #7470, #1867, .T. ) ;
#6514 = DIRECTION ( 'NONE',  ( -0.8660254037844430375, 0.000000000000000000, 0.4999999999999923395 ) ) ;
#6515 = AXIS2_PLACEMENT_3D ( 'NONE', #2751, #1039, #3353 ) ;
#6516 = CIRCLE ( 'NONE', #1290, 2.149999999999922640 ) ;
#6517 = ORIENTED_EDGE ( 'NONE', *, *, #5361, .F. ) ;
#6518 = CARTESIAN_POINT ( 'NONE',  ( 31.61750601073556766, -1.214306433183764966E-14, 36.71313566429124364 ) ) ;
#6519 = DIRECTION ( 'NONE',  ( 0.000000000000000000, -1.000000000000000000, 0.000000000000000000 ) ) ;
#6520 = AXIS2_PLACEMENT_3D ( 'NONE', #14, #3905, #1069 ) ;
#6521 = DIRECTION ( 'NONE',  ( -0.2079116908177662260, 0.000000000000000000, 0.9781476007338042455 ) ) ;
#6522 = DIRECTION ( 'NONE',  ( -0.000000000000000000, -1.000000000000000000, -0.000000000000000000 ) ) ;
#6523 = ADVANCED_FACE ( 'NONE', ( #3501 ), #701, .T. ) ;
#6524 = FACE_BOUND ( 'NONE', #2793, .T. ) ;
#6525 = DIRECTION ( 'NONE',  ( 0.000000000000000000, 0.000000000000000000, -1.000000000000000000 ) ) ;
#6526 = ORIENTED_EDGE ( 'NONE', *, *, #3421, .T. ) ;
#6527 = DIRECTION ( 'NONE',  ( 0.000000000000000000, -1.000000000000000000, 0.000000000000000000 ) ) ;
#6528 = EDGE_LOOP ( 'NONE', ( #6446, #5881, #4153, #1197 ) ) ;
#6529 = ORIENTED_EDGE ( 'NONE', *, *, #1614, .T. ) ;
#6530 = DIRECTION ( 'NONE',  ( 0.000000000000000000, 0.000000000000000000, -1.000000000000000000 ) ) ;
#6531 = EDGE_LOOP ( 'NONE', ( #5468, #66 ) ) ;
#6532 = ADVANCED_FACE ( 'NONE', ( #5409 ), #5256, .F. ) ;
#6533 = DIRECTION ( 'NONE',  ( 0.000000000000000000, 1.000000000000000000, 0.000000000000000000 ) ) ;
#6534 = DIRECTION ( 'NONE',  ( 0.000000000000000000, -1.000000000000000000, 0.000000000000000000 ) ) ;
#6535 = ORIENTED_EDGE ( 'NONE', *, *, #3761, .T. ) ;
#6536 = ORIENTED_EDGE ( 'NONE', *, *, #1422, .T. ) ;
#6537 = DIRECTION ( 'NONE',  ( -0.000000000000000000, -1.000000000000000000, -0.000000000000000000 ) ) ;
#6538 = CARTESIAN_POINT ( 'NONE',  ( -40.93019163982300768, 9.500000000000000000, 31.04168413795495951 ) ) ;
#6539 = FACE_OUTER_BOUND ( 'NONE', #2602, .T. ) ;
#6540 = VERTEX_POINT ( 'NONE', #7087 ) ;
#6541 = DIRECTION ( 'NONE',  ( 0.000000000000000000, -1.000000000000000000, 0.000000000000000000 ) ) ;
#6542 = ORIENTED_EDGE ( 'NONE', *, *, #3003, .F. ) ;
#6543 = ADVANCED_FACE ( 'NONE', ( #4797 ), #210, .F. ) ;
#6544 = CARTESIAN_POINT ( 'NONE',  ( 6.821949119721279153, 9.500000000000000000, -47.48336589642033090 ) ) ;
#6545 = VECTOR ( 'NONE', #6551, 1000.000000000000000 ) ;
#6546 = ORIENTED_EDGE ( 'NONE', *, *, #6574, .T. ) ;
#6547 = DIRECTION ( 'NONE',  ( 0.000000000000000000, -0.7071067811865432429, -0.7071067811865517916 ) ) ;
#6548 = CIRCLE ( 'NONE', #3621, 2.149999999999922640 ) ;
#6549 = CARTESIAN_POINT ( 'NONE',  ( 31.61750601073477895, 9.500000000000000000, -36.71313566429189734 ) ) ;
#6550 = ORIENTED_EDGE ( 'NONE', *, *, #4872, .F. ) ;
#6551 = DIRECTION ( 'NONE',  ( 8.659560562354985860E-17, -0.7071067811865432429, 0.7071067811865517916 ) ) ;
#6552 = EDGE_CURVE ( 'NONE', #2846, #7316, #3568, .T. ) ;
#6553 = DIRECTION ( 'NONE',  ( -0.000000000000000000, -1.000000000000000000, -0.000000000000000000 ) ) ;
#6554 = CIRCLE ( 'NONE', #3995, 2.149999999999922640 ) ;
#6555 = VECTOR ( 'NONE', #6352, 999.9999999999998863 ) ;
#6556 = FACE_OUTER_BOUND ( 'NONE', #4346, .T. ) ;
#6557 = CIRCLE ( 'NONE', #4607, 2.649999999999959499 ) ;
#6558 = CIRCLE ( 'NONE', #3873, 2.149999999999922640 ) ;
#6559 = DIRECTION ( 'NONE',  ( 0.000000000000000000, 0.000000000000000000, -1.000000000000000000 ) ) ;
#6560 = CARTESIAN_POINT ( 'NONE',  ( -47.20727219815284315, -1.387778780781445676E-14, 16.77746856976660439 ) ) ;
#6561 = EDGE_CURVE ( 'NONE', #4211, #6424, #659, .T. ) ;
#6562 = CARTESIAN_POINT ( 'NONE',  ( -31.61750601073530476, -6.938893903907228378E-15, -38.86313566429139144 ) ) ;
#6563 = ORIENTED_EDGE ( 'NONE', *, *, #4383, .T. ) ;
#6564 = CARTESIAN_POINT ( 'NONE',  ( 49.05211279288428017, -0.5000000000000004441, -10.19314625393749729 ) ) ;
#6565 = ORIENTED_EDGE ( 'NONE', *, *, #3665, .F. ) ;
#6566 = ADVANCED_FACE ( 'NONE', ( #5865 ), #2478, .F. ) ;
#6567 = CARTESIAN_POINT ( 'NONE',  ( 55.22812996414072018, -0.5000000000000004441, -4.030420035677476420 ) ) ;
#6568 = DIRECTION ( 'NONE',  ( 0.000000000000000000, 0.000000000000000000, 1.000000000000000000 ) ) ;
#6569 = FACE_OUTER_BOUND ( 'NONE', #54, .T. ) ;
#6570 = AXIS2_PLACEMENT_3D ( 'NONE', #3975, #5695, #6919 ) ;
#6571 = VERTEX_POINT ( 'NONE', #5298 ) ;
#6572 = ORIENTED_EDGE ( 'NONE', *, *, #178, .F. ) ;
#6573 = DIRECTION ( 'NONE',  ( -0.000000000000000000, -1.000000000000000000, -0.000000000000000000 ) ) ;
#6574 = EDGE_CURVE ( 'NONE', #4978, #3184, #98, .T. ) ;
#6575 = AXIS2_PLACEMENT_3D ( 'NONE', #6230, #5702, #497 ) ;
#6576 = DIRECTION ( 'NONE',  ( -0.000000000000000000, -1.000000000000000000, -0.000000000000000000 ) ) ;
#6577 = DIRECTION ( 'NONE',  ( -0.000000000000000000, -1.000000000000000000, -0.000000000000000000 ) ) ;
#6578 = VERTEX_POINT ( 'NONE', #4757 ) ;
#6579 = DIRECTION ( 'NONE',  ( 0.000000000000000000, 0.000000000000000000, -1.000000000000000000 ) ) ;
#6580 = EDGE_LOOP ( 'NONE', ( #1470, #3033, #401, #7261 ) ) ;
#6581 = CARTESIAN_POINT ( 'NONE',  ( 36.61488181033361400, -1.040834085586084257E-14, -32.04591247525505793 ) ) ;
#6582 = VERTEX_POINT ( 'NONE', #1869 ) ;
#6583 = CIRCLE ( 'NONE', #3412, 2.149999999999922640 ) ;
#6584 = DIRECTION ( 'NONE',  ( 0.000000000000000000, 0.000000000000000000, -1.000000000000000000 ) ) ;
#6585 = ADVANCED_FACE ( 'NONE', ( #3190 ), #2517, .F. ) ;
#6586 = CARTESIAN_POINT ( 'NONE',  ( 40.93019163982280872, -1.214306433183764966E-14, -26.74168413795539223 ) ) ;
#6587 = EDGE_LOOP ( 'NONE', ( #7464, #46, #3664, #4807 ) ) ;
#6588 = CARTESIAN_POINT ( 'NONE',  ( 13.51681823496627821, -1.214306433183764966E-14, -48.24215609612492273 ) ) ;
#6589 = FACE_OUTER_BOUND ( 'NONE', #3372, .T. ) ;
#6590 = EDGE_CURVE ( 'NONE', #2951, #2207, #2630, .T. ) ;
#6591 = ADVANCED_FACE ( 'NONE', ( #4832 ), #6701, .T. ) ;
#6592 = FACE_OUTER_BOUND ( 'NONE', #185, .T. ) ;
#6593 = CARTESIAN_POINT ( 'NONE',  ( 52.09272677833285314, -0.5000000000000004441, 16.28133226898357222 ) ) ;
#6594 = DIRECTION ( 'NONE',  ( 0.000000000000000000, -1.000000000000000000, 0.000000000000000000 ) ) ;
#6595 = FACE_OUTER_BOUND ( 'NONE', #5295, .T. ) ;
#6596 = VERTEX_POINT ( 'NONE', #6660 ) ;
#6597 = DIRECTION ( 'NONE',  ( 0.000000000000000000, 0.000000000000000000, 1.000000000000000000 ) ) ;
#6598 = ORIENTED_EDGE ( 'NONE', *, *, #2518, .F. ) ;
#6599 = DIRECTION ( 'NONE',  ( -0.000000000000000000, -1.000000000000000000, -0.000000000000000000 ) ) ;
#6600 = CARTESIAN_POINT ( 'NONE',  ( 48.81408774733904465, 11.00000000000000000, -26.14527610095353083 ) ) ;
#6601 = DIRECTION ( 'NONE',  ( -0.000000000000000000, -1.000000000000000000, -0.000000000000000000 ) ) ;
#6602 = ORIENTED_EDGE ( 'NONE', *, *, #5489, .F. ) ;
#6603 = EDGE_LOOP ( 'NONE', ( #6883, #1604, #1060, #7411 ) ) ;
#6604 = APPLICATION_CONTEXT ( 'configuration controlled 3d designs of mechanical parts and assemblies' ) ;
#6605 = CONICAL_SURFACE ( 'NONE', #3319, 2.149999999999922640, 0.7853981633974552734 ) ;
#6606 = VECTOR ( 'NONE', #3728, 1000.000000000000000 ) ;
#6607 = CARTESIAN_POINT ( 'NONE',  ( 49.05211279288445780, -1.387778780781445676E-14, 10.19314625393647411 ) ) ;
#6608 = CARTESIAN_POINT ( 'NONE',  ( 44.48304944195874100, 9.500000000000000000, -23.04925839033120383 ) ) ;
#6609 = ORIENTED_EDGE ( 'NONE', *, *, #4273, .F. ) ;
#6610 = CYLINDRICAL_SURFACE ( 'NONE', #1638, 2.149999999999922640 ) ;
#6611 = VERTEX_POINT ( 'NONE', #1479 ) ;
#6612 = CIRCLE ( 'NONE', #5559, 2.149999999999922640 ) ;
#6613 = ADVANCED_FACE ( 'NONE', ( #2554 ), #3686, .F. ) ;
#6614 = FACE_OUTER_BOUND ( 'NONE', #2578, .T. ) ;
#6615 = ORIENTED_EDGE ( 'NONE', *, *, #3304, .F. ) ;
#6616 = CARTESIAN_POINT ( 'NONE',  ( 31.61750601073477895, -1.214306433183764966E-14, -36.71313566429189734 ) ) ;
#6617 = AXIS2_PLACEMENT_3D ( 'NONE', #5007, #1096, #5548 ) ;
#6618 = CONICAL_SURFACE ( 'NONE', #6122, 58.65000000000006963, 0.7853981633974415066 ) ;
#6619 = AXIS2_PLACEMENT_3D ( 'NONE', #6346, #2233, #978 ) ;
#6620 = CIRCLE ( 'NONE', #1875, 2.500000000000203393 ) ;
#6621 = CARTESIAN_POINT ( 'NONE',  ( 44.48304944195874100, 9.500000000000000000, -23.04925839033120383 ) ) ;
#6622 = AXIS2_PLACEMENT_3D ( 'NONE', #1720, #3874, #5790 ) ;
#6623 = ORIENTED_EDGE ( 'NONE', *, *, #1419, .T. ) ;
#6624 = EDGE_CURVE ( 'NONE', #5073, #4283, #5630, .T. ) ;
#6625 = CARTESIAN_POINT ( 'NONE',  ( 49.05211279288445780, -0.5000000000000004441, 12.84314625393639098 ) ) ;
#6626 = AXIS2_PLACEMENT_3D ( 'NONE', #5124, #5664, #6192 ) ;
#6627 = AXIS2_PLACEMENT_3D ( 'NONE', #4631, #3606, #2931 ) ;
#6628 = DIRECTION ( 'NONE',  ( 0.9945218953682728458, 0.000000000000000000, 0.1045284632676570791 ) ) ;
#6629 = CONICAL_SURFACE ( 'NONE', #3816, 2.149999999999922640, 0.7853981633974539411 ) ;
#6630 = CIRCLE ( 'NONE', #4433, 2.149999999999922640 ) ;
#6631 = AXIS2_PLACEMENT_3D ( 'NONE', #6917, #4620, #1166 ) ;
#6632 = CARTESIAN_POINT ( 'NONE',  ( -49.98320533644600516, -1.214306433183764966E-14, 1.268944909570270729 ) ) ;
#6633 = CARTESIAN_POINT ( 'NONE',  ( 49.98320533644604780, -0.5000000000000004441, 0.7689449095695929381 ) ) ;
#6634 = DIRECTION ( 'NONE',  ( 0.000000000000000000, -0.7071067811865426878, -0.7071067811865524577 ) ) ;
#6635 = EDGE_LOOP ( 'NONE', ( #7148, #1946, #6412, #5263 ) ) ;
#6636 = EDGE_CURVE ( 'NONE', #7014, #4040, #2838, .T. ) ;
#6637 = CYLINDRICAL_SURFACE ( 'NONE', #308, 2.149999999999922640 ) ;
#6638 = ORIENTED_EDGE ( 'NONE', *, *, #3850, .F. ) ;
#6639 = DIRECTION ( 'NONE',  ( 0.000000000000000000, 0.000000000000000000, 1.000000000000000000 ) ) ;
#6640 = CARTESIAN_POINT ( 'NONE',  ( -40.93019163982320663, -0.5000000000000004441, -26.24168413795483801 ) ) ;
#6641 = LINE ( 'NONE', #3170, #4426 ) ;
#6642 = EDGE_LOOP ( 'NONE', ( #2018, #5307, #5943, #3163 ) ) ;
#6643 = EDGE_LOOP ( 'NONE', ( #633, #96 ) ) ;
#6644 = ADVANCED_FACE ( 'NONE', ( #6589 ), #6366, .F. ) ;
#6645 = DIRECTION ( 'NONE',  ( 8.659560562354990790E-17, -0.7071067811865430208, 0.7071067811865521247 ) ) ;
#6646 = CARTESIAN_POINT ( 'NONE',  ( -40.93019163982320663, 9.500000000000000000, -28.89168413795475487 ) ) ;
#6647 = CARTESIAN_POINT ( 'NONE',  ( -49.05211279288432280, 2.775557561562891351E-14, 10.19314625393714024 ) ) ;
#6648 = VERTEX_POINT ( 'NONE', #4405 ) ;
#6649 = DIRECTION ( 'NONE',  ( 0.000000000000000000, -1.000000000000000000, 0.000000000000000000 ) ) ;
#6650 = VERTEX_POINT ( 'NONE', #4371 ) ;
#6651 = LINE ( 'NONE', #7118, #4416 ) ;
#6652 = VERTEX_POINT ( 'NONE', #5441 ) ;
#6653 = EDGE_CURVE ( 'NONE', #2997, #4978, #7334, .T. ) ;
#6654 = DIRECTION ( 'NONE',  ( 0.000000000000000000, -0.7071067811865435759, -0.7071067811865515695 ) ) ;
#6655 = VERTEX_POINT ( 'NONE', #1441 ) ;
#6656 = EDGE_CURVE ( 'NONE', #4211, #525, #2026, .T. ) ;
#6657 = CARTESIAN_POINT ( 'NONE',  ( 13.51681823496627821, 9.500000000000000000, -48.24215609612492273 ) ) ;
#6658 = EDGE_LOOP ( 'NONE', ( #343, #5311, #4201, #5504 ) ) ;
#6659 = FACE_OUTER_BOUND ( 'NONE', #3428, .T. ) ;
#6660 = CARTESIAN_POINT ( 'NONE',  ( -42.31147425102297177, 11.00000000000000000, 38.22295860794626066 ) ) ;
#6661 = AXIS2_PLACEMENT_3D ( 'NONE', #392, #3387, #513 ) ;
#6662 = ADVANCED_FACE ( 'NONE', ( #7199 ), #6605, .F. ) ;
#6663 = DIRECTION ( 'NONE',  ( 0.000000000000000000, 0.000000000000000000, -1.000000000000000000 ) ) ;
#6664 = EDGE_LOOP ( 'NONE', ( #6744, #6483, #3302, #1855 ) ) ;
#6665 = CARTESIAN_POINT ( 'NONE',  ( 49.05211279288445780, -1.387778780781445676E-14, 10.19314625393647411 ) ) ;
#6666 = VECTOR ( 'NONE', #838, 1000.000000000000000 ) ;
#6667 = CARTESIAN_POINT ( 'NONE',  ( -31.10451112088840731, 11.00000000000000000, -45.81375353461597655 ) ) ;
#6668 = ORIENTED_EDGE ( 'NONE', *, *, #7442, .T. ) ;
#6669 = CARTESIAN_POINT ( 'NONE',  ( -1.764570581285847428, -0.5000000000000004441, 57.84687810223528004 ) ) ;
#6670 = VERTEX_POINT ( 'NONE', #4982 ) ;
#6671 = EDGE_CURVE ( 'NONE', #1829, #1328, #5016, .T. ) ;
#6672 = VECTOR ( 'NONE', #322, 1000.000000000000000 ) ;
#6673 = AXIS2_PLACEMENT_3D ( 'NONE', #2852, #3341, #5170 ) ;
#6674 = EDGE_CURVE ( 'NONE', #1363, #6803, #4902, .T. ) ;
#6675 = DIRECTION ( 'NONE',  ( 0.000000000000000000, -1.000000000000000000, 0.000000000000000000 ) ) ;
#6676 = DIRECTION ( 'NONE',  ( 0.000000000000000000, 0.000000000000000000, 1.000000000000000000 ) ) ;
#6677 = CARTESIAN_POINT ( 'NONE',  ( 40.93019163982280872, -0.5000000000000004441, -28.89168413795531620 ) ) ;
#6678 = ORIENTED_EDGE ( 'NONE', *, *, #731, .T. ) ;
#6679 = ORIENTED_EDGE ( 'NONE', *, *, #5694, .F. ) ;
#6680 =( NAMED_UNIT ( * ) SI_UNIT ( $, .STERADIAN. ) SOLID_ANGLE_UNIT ( ) );
#6681 = ADVANCED_FACE ( 'NONE', ( #3835 ), #6159, .F. ) ;
#6682 = DIRECTION ( 'NONE',  ( 0.000000000000000000, -1.000000000000000000, 0.000000000000000000 ) ) ;
#6683 = EDGE_CURVE ( 'NONE', #5136, #4750, #1639, .T. ) ;
#6684 = AXIS2_PLACEMENT_3D ( 'NONE', #2500, #5926, #1203 ) ;
#6685 = DIRECTION ( 'NONE',  ( 0.000000000000000000, 0.000000000000000000, 1.000000000000000000 ) ) ;
#6686 = ORIENTED_EDGE ( 'NONE', *, *, #4679, .T. ) ;
#6687 = AXIS2_PLACEMENT_3D ( 'NONE', #3357, #396, #2829 ) ;
#6688 = CARTESIAN_POINT ( 'NONE',  ( -6.821949119721967492, -1.387778780781445676E-14, -47.48336589642025984 ) ) ;
#6689 = ORIENTED_EDGE ( 'NONE', *, *, #6425, .F. ) ;
#6690 = CYLINDRICAL_SURFACE ( 'NONE', #2973, 2.149999999999922640 ) ;
#6691 = ORIENTED_EDGE ( 'NONE', *, *, #3861, .T. ) ;
#6692 = DIRECTION ( 'NONE',  ( -0.000000000000000000, 1.000000000000000000, -0.000000000000000000 ) ) ;
#6693 = ORIENTED_EDGE ( 'NONE', *, *, #2821, .T. ) ;
#6694 = AXIS2_PLACEMENT_3D ( 'NONE', #4378, #6129, #2668 ) ;
#6695 = CIRCLE ( 'NONE', #7066, 2.149999999999922640 ) ;
#6696 = EDGE_CURVE ( 'NONE', #1328, #1829, #6737, .T. ) ;
#6697 = DIRECTION ( 'NONE',  ( 0.000000000000000000, -1.000000000000000000, 0.000000000000000000 ) ) ;
#6698 = CIRCLE ( 'NONE', #1961, 2.149999999999919531 ) ;
#6699 = ORIENTED_EDGE ( 'NONE', *, *, #3676, .F. ) ;
#6700 = DIRECTION ( 'NONE',  ( 0.000000000000000000, 0.000000000000000000, 1.000000000000000000 ) ) ;
#6701 = PLANE ( 'NONE',  #4407 ) ;
#6702 = CARTESIAN_POINT ( 'NONE',  ( 40.93019163982339848, 9.500000000000000000, 28.89168413795448842 ) ) ;
#6703 = VERTEX_POINT ( 'NONE', #276 ) ;
#6704 = DIRECTION ( 'NONE',  ( -0.000000000000000000, -1.000000000000000000, -0.000000000000000000 ) ) ;
#6705 = DIRECTION ( 'NONE',  ( 0.000000000000000000, -0.7071067811865430208, -0.7071067811865521247 ) ) ;
#6706 = ORIENTED_EDGE ( 'NONE', *, *, #2049, .T. ) ;
#6707 = DIRECTION ( 'NONE',  ( 0.000000000000000000, -1.000000000000000000, 0.000000000000000000 ) ) ;
#6708 = EDGE_CURVE ( 'NONE', #899, #5884, #6120, .T. ) ;
#6709 = EDGE_LOOP ( 'NONE', ( #5910, #105, #1008, #3876 ) ) ;
#6710 = LINE ( 'NONE', #476, #3216 ) ;
#6711 = DIRECTION ( 'NONE',  ( 0.000000000000000000, 1.000000000000000000, 0.000000000000000000 ) ) ;
#6712 = DIRECTION ( 'NONE',  ( 0.000000000000000000, 0.000000000000000000, -1.000000000000000000 ) ) ;
#6713 = ORIENTED_EDGE ( 'NONE', *, *, #2968, .T. ) ;
#6714 = ADVANCED_FACE ( 'NONE', ( #3420 ), #306, .F. ) ;
#6715 = VERTEX_POINT ( 'NONE', #1681 ) ;
#6716 = CALENDAR_DATE ( 2026, 26, 8 ) ;
#6717 = DIRECTION ( 'NONE',  ( 0.000000000000000000, -1.000000000000000000, 0.000000000000000000 ) ) ;
#6718 = DIRECTION ( 'NONE',  ( 0.000000000000000000, 0.000000000000000000, -1.000000000000000000 ) ) ;
#6719 = ORIENTED_EDGE ( 'NONE', *, *, #3776, .F. ) ;
#6720 = CARTESIAN_POINT ( 'NONE',  ( 55.22812996414072018, 11.00000000000000000, -1.530420035677273916 ) ) ;
#6721 = ORIENTED_EDGE ( 'NONE', *, *, #5588, .F. ) ;
#6722 = DIRECTION ( 'NONE',  ( 0.000000000000000000, -1.000000000000000000, 0.000000000000000000 ) ) ;
#6723 = EDGE_LOOP ( 'NONE', ( #1793, #6679, #862, #4008 ) ) ;
#6724 = EDGE_CURVE ( 'NONE', #13, #5871, #4301, .T. ) ;
#6725 = DIRECTION ( 'NONE',  ( 0.000000000000000000, -1.000000000000000000, 0.000000000000000000 ) ) ;
#6726 = EDGE_CURVE ( 'NONE', #5611, #981, #5399, .T. ) ;
#6727 = CARTESIAN_POINT ( 'NONE',  ( 49.98320533644598385, 9.500000000000000000, -3.418944909570555968 ) ) ;
#6728 = CARTESIAN_POINT ( 'NONE',  ( 49.98320533644604780, -1.387778780781445676E-14, 3.418944909569508805 ) ) ;
#6729 = CYLINDRICAL_SURFACE ( 'NONE', #5178, 2.149999999999922640 ) ;
#6730 = ORIENTED_EDGE ( 'NONE', *, *, #1832, .T. ) ;
#6731 = CIRCLE ( 'NONE', #2361, 2.500000000000203393 ) ;
#6732 = AXIS2_PLACEMENT_3D ( 'NONE', #1985, #6055, #4875 ) ;
#6733 = DIRECTION ( 'NONE',  ( -0.000000000000000000, -1.000000000000000000, -0.000000000000000000 ) ) ;
#6734 = DIRECTION ( 'NONE',  ( 0.9945218953682728458, 0.000000000000000000, 0.1045284632676570791 ) ) ;
#6735 = CONICAL_SURFACE ( 'NONE', #3444, 2.149999999999929745, 0.7853981633974552734 ) ;
#6736 = EDGE_CURVE ( 'NONE', #2919, #3165, #4543, .T. ) ;
#6737 = CIRCLE ( 'NONE', #5766, 2.500000000000200728 ) ;
#6738 = CIRCLE ( 'NONE', #4671, 2.649999999999916422 ) ;
#6739 = VECTOR ( 'NONE', #6971, 1000.000000000000114 ) ;
#6740 = CARTESIAN_POINT ( 'NONE',  ( 26.03115589677558006, -0.5000000000000004441, 42.80641216777885916 ) ) ;
#6741 = AXIS2_PLACEMENT_3D ( 'NONE', #6677, #1354, #6098 ) ;
#6742 = VECTOR ( 'NONE', #2163, 1000.000000000000000 ) ;
#6743 = CIRCLE ( 'NONE', #4428, 2.149999999999922640 ) ;
#6744 = ORIENTED_EDGE ( 'NONE', *, *, #5450, .F. ) ;
#6745 = DIRECTION ( 'NONE',  ( 0.000000000000000000, -0.7071067811865430208, -0.7071067811865521247 ) ) ;
#6746 = DIRECTION ( 'NONE',  ( 0.000000000000000000, 0.000000000000000000, -1.000000000000000000 ) ) ;
#6747 = ORIENTED_EDGE ( 'NONE', *, *, #2700, .T. ) ;
#6748 = CIRCLE ( 'NONE', #2107, 2.500000000000204281 ) ;
#6749 = DIRECTION ( 'NONE',  ( 0.000000000000000000, -1.000000000000000000, 0.000000000000000000 ) ) ;
#6750 = LINE ( 'NONE', #3313, #498 ) ;
#6751 = EDGE_CURVE ( 'NONE', #2380, #1363, #3446, .T. ) ;
#6752 = VECTOR ( 'NONE', #6645, 999.9999999999998863 ) ;
#6753 = CONICAL_SURFACE ( 'NONE', #2992, 2.149999999999922640, 0.7853981633974552734 ) ;
#6754 = ORIENTED_EDGE ( 'NONE', *, *, #1132, .T. ) ;
#6755 = EDGE_CURVE ( 'NONE', #2756, #6648, #5095, .T. ) ;
#6756 = FACE_OUTER_BOUND ( 'NONE', #5564, .T. ) ;
#6757 = CARTESIAN_POINT ( 'NONE',  ( -40.93019163982320663, -0.5000000000000004441, -28.89168413795475487 ) ) ;
#6758 = AXIS2_PLACEMENT_3D ( 'NONE', #4725, #4692, #5227 ) ;
#6759 = DIRECTION ( 'NONE',  ( 0.000000000000000000, 0.000000000000000000, 1.000000000000000000 ) ) ;
#6760 = ORIENTED_EDGE ( 'NONE', *, *, #617, .T. ) ;
#6761 = ORIENTED_EDGE ( 'NONE', *, *, #2588, .T. ) ;
#6762 = EDGE_CURVE ( 'NONE', #1866, #4501, #5712, .T. ) ;
#6763 = LINE ( 'NONE', #28, #1109 ) ;
#6764 = DIRECTION ( 'NONE',  ( 8.659560562354979697E-17, -0.7071067811865439090, 0.7071067811865512365 ) ) ;
#6765 = ORIENTED_EDGE ( 'NONE', *, *, #2148, .T. ) ;
#6766 = FACE_OUTER_BOUND ( 'NONE', #2728, .T. ) ;
#6767 = ORIENTED_EDGE ( 'NONE', *, *, #6053, .T. ) ;
#6768 = DIRECTION ( 'NONE',  ( 0.000000000000000000, 1.000000000000000000, 0.000000000000000000 ) ) ;
#6769 = ORIENTED_EDGE ( 'NONE', *, *, #2917, .T. ) ;
#6770 = DIRECTION ( 'NONE',  ( 0.000000000000000000, 0.000000000000000000, 1.000000000000000000 ) ) ;
#6771 = DIRECTION ( 'NONE',  ( 0.000000000000000000, -1.000000000000000000, 0.000000000000000000 ) ) ;
#6772 = ADVANCED_FACE ( 'NONE', ( #2699 ), #7423, .F. ) ;
#6773 = CARTESIAN_POINT ( 'NONE',  ( 49.05211279288445780, -1.387778780781445676E-14, 12.34314625393639808 ) ) ;
#6774 = LINE ( 'NONE', #1553, #3339 ) ;
#6775 = ORIENTED_EDGE ( 'NONE', *, *, #1597, .F. ) ;
#6776 = DIRECTION ( 'NONE',  ( -0.000000000000000000, -1.000000000000000000, -0.000000000000000000 ) ) ;
#6777 = DIRECTION ( 'NONE',  ( 0.000000000000000000, 0.000000000000000000, -1.000000000000000000 ) ) ;
#6778 = CARTESIAN_POINT ( 'NONE',  ( 26.03115589677558006, -0.5000000000000004441, 45.45641216777877958 ) ) ;
#6779 = EDGE_CURVE ( 'NONE', #3511, #6998, #187, .T. ) ;
#6780 = VERTEX_POINT ( 'NONE', #6853 ) ;
#6781 = CARTESIAN_POINT ( 'NONE',  ( -42.31147425102297177, -0.5000000000000004441, 35.72295860794606170 ) ) ;
#6782 = DIRECTION ( 'NONE',  ( 0.000000000000000000, -1.000000000000000000, 0.000000000000000000 ) ) ;
#6783 = VERTEX_POINT ( 'NONE', #1637 ) ;
#6784 = CARTESIAN_POINT ( 'NONE',  ( 44.48304944195920996, 9.500000000000000000, 25.19925839033023252 ) ) ;
#6785 = CIRCLE ( 'NONE', #4852, 2.649999999999916422 ) ;
#6786 = DIRECTION ( 'NONE',  ( 0.000000000000000000, -1.000000000000000000, 0.000000000000000000 ) ) ;
#6787 = CIRCLE ( 'NONE', #119, 2.649999999999916422 ) ;
#6788 = DIRECTION ( 'NONE',  ( 0.000000000000000000, 0.000000000000000000, 1.000000000000000000 ) ) ;
#6789 = CARTESIAN_POINT ( 'NONE',  ( -6.821949119721629096, -0.5000000000000004441, 46.98336589642030958 ) ) ;
#6790 = DIRECTION ( 'NONE',  ( 0.000000000000000000, 0.000000000000000000, -1.000000000000000000 ) ) ;
#6791 = ORIENTED_EDGE ( 'NONE', *, *, #1196, .T. ) ;
#6792 = ORIENTED_EDGE ( 'NONE', *, *, #644, .F. ) ;
#6793 = PERSON_AND_ORGANIZATION_ROLE ( 'creator' ) ;
#6794 = ADVANCED_FACE ( 'NONE', ( #3349 ), #3954, .F. ) ;
#6795 = CONICAL_SURFACE ( 'NONE', #3263, 2.149999999999922640, 0.7853981633974548293 ) ;
#6796 = CIRCLE ( 'NONE', #606, 2.149999999999919531 ) ;
#6797 = CARTESIAN_POINT ( 'NONE',  ( 31.61750601073477895, -1.214306433183764966E-14, -38.86313566429182487 ) ) ;
#6798 = EDGE_CURVE ( 'NONE', #979, #3977, #3202, .T. ) ;
#6799 = DIRECTION ( 'NONE',  ( 0.000000000000000000, 0.000000000000000000, 1.000000000000000000 ) ) ;
#6800 = EDGE_LOOP ( 'NONE', ( #3483, #6331, #788, #2923 ) ) ;
#6801 = CONICAL_SURFACE ( 'NONE', #609, 2.149999999999922640, 0.7853981633974548293 ) ;
#6802 = DIRECTION ( 'NONE',  ( 0.000000000000000000, -1.000000000000000000, 0.000000000000000000 ) ) ;
#6803 = VERTEX_POINT ( 'NONE', #3382 ) ;
#6804 = DIRECTION ( 'NONE',  ( 0.000000000000000000, -1.000000000000000000, 0.000000000000000000 ) ) ;
#6805 = ORIENTED_EDGE ( 'NONE', *, *, #4834, .F. ) ;
#6806 = CARTESIAN_POINT ( 'NONE',  ( -40.93019163982320663, 9.500000000000000000, -28.89168413795475487 ) ) ;
#6807 = EDGE_CURVE ( 'NONE', #550, #2473, #3576, .T. ) ;
#6808 = AXIS2_PLACEMENT_3D ( 'NONE', #6139, #3845, #5534 ) ;
#6809 = DIRECTION ( 'NONE',  ( 0.000000000000000000, 0.000000000000000000, 1.000000000000000000 ) ) ;
#6810 = AXIS2_PLACEMENT_3D ( 'NONE', #3881, #5602, #2754 ) ;
#6811 = FACE_OUTER_BOUND ( 'NONE', #1051, .T. ) ;
#6812 = ORIENTED_EDGE ( 'NONE', *, *, #4872, .T. ) ;
#6813 = CARTESIAN_POINT ( 'NONE',  ( -6.821949119721629096, 9.500000000000000000, 47.48336589642030248 ) ) ;
#6814 = EDGE_LOOP ( 'NONE', ( #5723, #7328 ) ) ;
#6815 = CARTESIAN_POINT ( 'NONE',  ( -6.821949119721629096, -1.387778780781445676E-14, 51.78336589642015042 ) ) ;
#6816 = AXIS2_PLACEMENT_3D ( 'NONE', #4562, #6771, #1549 ) ;
#6817 = DIRECTION ( 'NONE',  ( 8.659560562354990790E-17, -0.7071067811865430208, 0.7071067811865521247 ) ) ;
#6818 = EDGE_CURVE ( 'NONE', #1662, #2688, #6936, .T. ) ;
#6819 = AXIS2_PLACEMENT_3D ( 'NONE', #5781, #2890, #2431 ) ;
#6820 = DIRECTION ( 'NONE',  ( 0.000000000000000000, -0.000000000000000000, -1.000000000000000000 ) ) ;
#6821 = ORIENTED_EDGE ( 'NONE', *, *, #3187, .T. ) ;
#6822 = DIRECTION ( 'NONE',  ( -0.000000000000000000, -1.000000000000000000, -0.000000000000000000 ) ) ;
#6823 = CARTESIAN_POINT ( 'NONE',  ( -9.781252527309565181, -0.5000000000000004441, -57.00429087693034091 ) ) ;
#6824 = EDGE_LOOP ( 'NONE', ( #3847, #777 ) ) ;
#6825 = CARTESIAN_POINT ( 'NONE',  ( 44.48304944195874100, -0.5000000000000004441, -23.04925839033120383 ) ) ;
#6826 = ORIENTED_EDGE ( 'NONE', *, *, #7043, .T. ) ;
#6827 = AXIS2_PLACEMENT_3D ( 'NONE', #1737, #5736, #4549 ) ;
#6828 = EDGE_CURVE ( 'NONE', #1363, #2380, #7467, .T. ) ;
#6829 = ADVANCED_FACE ( 'NONE', ( #422 ), #5179, .F. ) ;
#6830 = DIRECTION ( 'NONE',  ( -0.000000000000000000, -1.000000000000000000, -0.000000000000000000 ) ) ;
#6831 = FACE_BOUND ( 'NONE', #1004, .T. ) ;
#6832 = FACE_OUTER_BOUND ( 'NONE', #2418, .T. ) ;
#6833 = ORIENTED_EDGE ( 'NONE', *, *, #2040, .F. ) ;
#6834 = ORIENTED_EDGE ( 'NONE', *, *, #2299, .T. ) ;
#6835 = EDGE_LOOP ( 'NONE', ( #4673, #2272 ) ) ;
#6836 = DATE_AND_TIME ( #6716, #1289 ) ;
#6837 = LINE ( 'NONE', #2907, #1462 ) ;
#6838 = FACE_OUTER_BOUND ( 'NONE', #1808, .T. ) ;
#6839 = EDGE_LOOP ( 'NONE', ( #2809, #265, #3242, #4055 ) ) ;
#6840 = DIRECTION ( 'NONE',  ( 0.000000000000000000, 0.000000000000000000, 1.000000000000000000 ) ) ;
#6841 = DIRECTION ( 'NONE',  ( -0.000000000000000000, -1.000000000000000000, -0.000000000000000000 ) ) ;
#6842 = ORIENTED_EDGE ( 'NONE', *, *, #2109, .T. ) ;
#6843 = DIRECTION ( 'NONE',  ( 0.000000000000000000, 0.000000000000000000, -1.000000000000000000 ) ) ;
#6844 = ORIENTED_EDGE ( 'NONE', *, *, #1727, .F. ) ;
#6845 = DIRECTION ( 'NONE',  ( 0.000000000000000000, 0.000000000000000000, 1.000000000000000000 ) ) ;
#6846 = DIRECTION ( 'NONE',  ( 0.000000000000000000, 0.000000000000000000, -1.000000000000000000 ) ) ;
#6847 = DIRECTION ( 'NONE',  ( 0.000000000000000000, -1.000000000000000000, 0.000000000000000000 ) ) ;
#6848 = ORIENTED_EDGE ( 'NONE', *, *, #1755, .T. ) ;
#6849 = EDGE_CURVE ( 'NONE', #4341, #4415, #6252, .T. ) ;
#6850 = CYLINDRICAL_SURFACE ( 'NONE', #1647, 2.149999999999922640 ) ;
#6851 = ORIENTED_EDGE ( 'NONE', *, *, #211, .T. ) ;
#6852 = DIRECTION ( 'NONE',  ( 0.000000000000000000, 1.000000000000000000, 0.000000000000000000 ) ) ;
#6853 = CARTESIAN_POINT ( 'NONE',  ( 0.000000000000000000, -0.5000000000000004441, -39.99999999999999289 ) ) ;
#6854 = AXIS2_PLACEMENT_3D ( 'NONE', #2701, #5560, #2094 ) ;
#6855 = CARTESIAN_POINT ( 'NONE',  ( -40.93019163982300768, -1.387778780781445676E-14, 28.89168413795503554 ) ) ;
#6856 = EDGE_CURVE ( 'NONE', #2624, #2305, #69, .T. ) ;
#6857 = ORIENTED_EDGE ( 'NONE', *, *, #7001, .F. ) ;
#6858 = CIRCLE ( 'NONE', #1387, 2.649999999999916422 ) ;
#6859 = DIRECTION ( 'NONE',  ( 0.000000000000000000, -1.000000000000000000, 0.000000000000000000 ) ) ;
#6860 = DIRECTION ( 'NONE',  ( 0.000000000000000000, -1.000000000000000000, 0.000000000000000000 ) ) ;
#6861 = ORIENTED_EDGE ( 'NONE', *, *, #4529, .F. ) ;
#6862 = DIRECTION ( 'NONE',  ( 0.4067366430758002083, 0.000000000000000000, -0.9135454576426007556 ) ) ;
#6863 = CYLINDRICAL_SURFACE ( 'NONE', #2320, 2.149999999999922640 ) ;
#6864 = VECTOR ( 'NONE', #6046, 1000.000000000000000 ) ;
#6865 = AXIS2_PLACEMENT_3D ( 'NONE', #6657, #2626, #2550 ) ;
#6866 = VECTOR ( 'NONE', #1139, 1000.000000000000000 ) ;
#6867 = CIRCLE ( 'NONE', #3577, 2.500000000000203393 ) ;
#6868 = ADVANCED_FACE ( 'NONE', ( #1794 ), #3611, .F. ) ;
#6869 = DIRECTION ( 'NONE',  ( -0.000000000000000000, -1.000000000000000000, -0.000000000000000000 ) ) ;
#6870 = CARTESIAN_POINT ( 'NONE',  ( 0.000000000000000000, 9.999999999999991118, 45.10000000000000142 ) ) ;
#6871 = DIRECTION ( 'NONE',  ( 0.000000000000000000, -1.000000000000000000, 0.000000000000000000 ) ) ;
#6872 = CIRCLE ( 'NONE', #2731, 2.649999999999916422 ) ;
#6873 = VERTEX_POINT ( 'NONE', #4784 ) ;
#6874 = VECTOR ( 'NONE', #2502, 1000.000000000000000 ) ;
#6875 = CIRCLE ( 'NONE', #7473, 2.149999999999929745 ) ;
#6876 = ORIENTED_EDGE ( 'NONE', *, *, #5758, .F. ) ;
#6877 = AXIS2_PLACEMENT_3D ( 'NONE', #3281, #5028, #1047 ) ;
#6878 = ORIENTED_EDGE ( 'NONE', *, *, #1548, .T. ) ;
#6879 = PERSON_AND_ORGANIZATION_ROLE ( 'classification_officer' ) ;
#6880 = AXIS2_PLACEMENT_3D ( 'NONE', #4762, #7134, #7092 ) ;
#6881 = CIRCLE ( 'NONE', #6392, 2.149999999999924416 ) ;
#6882 = CYLINDRICAL_SURFACE ( 'NONE', #2663, 2.149999999999922640 ) ;
#6883 = ORIENTED_EDGE ( 'NONE', *, *, #1019, .F. ) ;
#6884 = DIRECTION ( 'NONE',  ( 0.000000000000000000, 0.000000000000000000, 1.000000000000000000 ) ) ;
#6885 = EDGE_CURVE ( 'NONE', #7362, #2715, #5859, .T. ) ;
#6886 = CARTESIAN_POINT ( 'NONE',  ( 47.20727219815270814, -0.5000000000000004441, -19.42746856976686232 ) ) ;
#6887 = EDGE_LOOP ( 'NONE', ( #3938, #272, #4948, #6031 ) ) ;
#6888 = CARTESIAN_POINT ( 'NONE',  ( 13.23327348812998849, -0.5000000000000004441, -56.27054117068551164 ) ) ;
#6889 = ORIENTED_EDGE ( 'NONE', *, *, #3297, .F. ) ;
#6890 = CARTESIAN_POINT ( 'NONE',  ( -19.95989460129642978, -1.387778780781445676E-14, 43.80228620542340678 ) ) ;
#6891 = AXIS2_PLACEMENT_3D ( 'NONE', #6173, #967, #2149 ) ;
#6892 = DIRECTION ( 'NONE',  ( 0.000000000000000000, -1.000000000000000000, 0.000000000000000000 ) ) ;
#6893 = CARTESIAN_POINT ( 'NONE',  ( 26.03115589677469899, 9.500000000000000000, -44.95641216777934090 ) ) ;
#6894 = VERTEX_POINT ( 'NONE', #4141 ) ;
#6895 = EDGE_CURVE ( 'NONE', #3165, #2919, #547, .T. ) ;
#6896 = DIRECTION ( 'NONE',  ( -0.000000000000000000, -1.000000000000000000, -0.000000000000000000 ) ) ;
#6897 = EDGE_LOOP ( 'NONE', ( #2393, #5346, #3746, #112 ) ) ;
#6898 = CARTESIAN_POINT ( 'NONE',  ( -49.05211279288440807, -1.387778780781445676E-14, -8.043146253936878765 ) ) ;
#6899 = CARTESIAN_POINT ( 'NONE',  ( 0.000000000000000000, 0.9999999999999995559, 0.000000000000000000 ) ) ;
#6900 = EDGE_CURVE ( 'NONE', #2380, #2894, #1331, .T. ) ;
#6901 = DIRECTION ( 'NONE',  ( 0.000000000000000000, 0.000000000000000000, 1.000000000000000000 ) ) ;
#6902 = EDGE_LOOP ( 'NONE', ( #7246, #3788, #1980, #5378 ) ) ;
#6903 = CARTESIAN_POINT ( 'NONE',  ( -49.05211279288440807, -1.387778780781445676E-14, -8.043146253936878765 ) ) ;
#6904 = DIRECTION ( 'NONE',  ( -0.2079116908177662260, 0.000000000000000000, 0.9781476007338042455 ) ) ;
#6905 = CARTESIAN_POINT ( 'NONE',  ( -31.61750601073502764, 9.500000000000000000, 41.01313566429153212 ) ) ;
#6906 = CARTESIAN_POINT ( 'NONE',  ( 19.95989460129610649, 9.500000000000000000, -48.10228620542337552 ) ) ;
#6907 = EDGE_CURVE ( 'NONE', #3601, #7279, #5325, .T. ) ;
#6908 = ORIENTED_EDGE ( 'NONE', *, *, #6926, .F. ) ;
#6909 = DIRECTION ( 'NONE',  ( 0.000000000000000000, 0.000000000000000000, -1.000000000000000000 ) ) ;
#6910 = FACE_BOUND ( 'NONE', #1632, .T. ) ;
#6911 = AXIS2_PLACEMENT_3D ( 'NONE', #6362, #6822, #2216 ) ;
#6912 = CARTESIAN_POINT ( 'NONE',  ( 5.523157064154562913E-15, 0.9999999999999995559, -45.10000000000000142 ) ) ;
#6913 = ORIENTED_EDGE ( 'NONE', *, *, #3286, .T. ) ;
#6914 = ORIENTED_EDGE ( 'NONE', *, *, #6475, .F. ) ;
#6915 = ORIENTED_EDGE ( 'NONE', *, *, #8, .T. ) ;
#6916 = EDGE_CURVE ( 'NONE', #1266, #4624, #7226, .T. ) ;
#6917 = CARTESIAN_POINT ( 'NONE',  ( -49.05211279288440807, -1.387778780781445676E-14, -10.19314625393680274 ) ) ;
#6918 = ORIENTED_EDGE ( 'NONE', *, *, #3140, .F. ) ;
#6919 = DIRECTION ( 'NONE',  ( 0.000000000000000000, 0.000000000000000000, 1.000000000000000000 ) ) ;
#6920 = CARTESIAN_POINT ( 'NONE',  ( 13.51681823496726231, -1.214306433183764966E-14, 50.39215609612456603 ) ) ;
#6921 = VERTEX_POINT ( 'NONE', #7011 ) ;
#6922 = AXIS2_PLACEMENT_3D ( 'NONE', #6356, #6968, #4059 ) ;
#6923 = ORIENTED_EDGE ( 'NONE', *, *, #7248, .T. ) ;
#6924 = CIRCLE ( 'NONE', #2540, 2.649999999999916422 ) ;
#6925 = DIRECTION ( 'NONE',  ( 0.000000000000000000, -1.000000000000000000, 0.000000000000000000 ) ) ;
#6926 = EDGE_CURVE ( 'NONE', #3361, #1477, #4418, .T. ) ;
#6927 = EDGE_CURVE ( 'NONE', #64, #1472, #6620, .T. ) ;
#6928 = DIRECTION ( 'NONE',  ( 0.000000000000000000, 0.000000000000000000, -1.000000000000000000 ) ) ;
#6929 = VECTOR ( 'NONE', #1048, 1000.000000000000000 ) ;
#6930 = AXIS2_PLACEMENT_3D ( 'NONE', #1056, #3973, #6799 ) ;
#6931 = FACE_OUTER_BOUND ( 'NONE', #956, .T. ) ;
#6932 = ORIENTED_EDGE ( 'NONE', *, *, #4029, .F. ) ;
#6933 = DIRECTION ( 'NONE',  ( 0.000000000000000000, -1.000000000000000000, 0.000000000000000000 ) ) ;
#6934 = EDGE_LOOP ( 'NONE', ( #5265, #2669 ) ) ;
#6935 = DIRECTION ( 'NONE',  ( 0.000000000000000000, -1.000000000000000000, 0.000000000000000000 ) ) ;
#6936 = LINE ( 'NONE', #2859, #671 ) ;
#6937 = EDGE_CURVE ( 'NONE', #4344, #5619, #2851, .T. ) ;
#6938 = DIRECTION ( 'NONE',  ( 0.000000000000000000, 0.000000000000000000, 1.000000000000000000 ) ) ;
#6939 = VERTEX_POINT ( 'NONE', #1908 ) ;
#6940 = DIRECTION ( 'NONE',  ( 0.000000000000000000, 0.000000000000000000, -1.000000000000000000 ) ) ;
#6941 = CIRCLE ( 'NONE', #5717, 2.149999999999922640 ) ;
#6942 = DIRECTION ( 'NONE',  ( 0.000000000000000000, -1.000000000000000000, 0.000000000000000000 ) ) ;
#6943 = DIRECTION ( 'NONE',  ( 0.000000000000000000, -1.000000000000000000, 0.000000000000000000 ) ) ;
#6944 = DIRECTION ( 'NONE',  ( -0.000000000000000000, -1.000000000000000000, -0.000000000000000000 ) ) ;
#6945 = AXIS2_PLACEMENT_3D ( 'NONE', #1187, #1685, #1225 ) ;
#6946 = CARTESIAN_POINT ( 'NONE',  ( -31.61750601073502764, -0.5000000000000004441, 38.86313566429160460 ) ) ;
#6947 = ADVANCED_FACE ( 'NONE', ( #4061 ), #3329, .F. ) ;
#6948 = FACE_BOUND ( 'NONE', #3912, .T. ) ;
#6949 = CARTESIAN_POINT ( 'NONE',  ( -19.95989460129674598, -1.387778780781445676E-14, -43.80228620542327178 ) ) ;
#6950 = AXIS2_PLACEMENT_3D ( 'NONE', #5205, #4628, #6962 ) ;
#6951 = VERTEX_POINT ( 'NONE', #6970 ) ;
#6952 = EDGE_LOOP ( 'NONE', ( #5435, #1486 ) ) ;
#6953 = ORIENTED_EDGE ( 'NONE', *, *, #5303, .F. ) ;
#6954 = DIRECTION ( 'NONE',  ( 8.659560562354985860E-17, -0.7071067811865431318, 0.7071067811865517916 ) ) ;
#6955 = ORIENTED_EDGE ( 'NONE', *, *, #585, .T. ) ;
#6956 = EDGE_CURVE ( 'NONE', #4624, #537, #7082, .T. ) ;
#6957 = DIRECTION ( 'NONE',  ( 0.000000000000000000, -1.000000000000000000, 0.000000000000000000 ) ) ;
#6958 = CARTESIAN_POINT ( 'NONE',  ( 44.48304944195874100, -1.387778780781445676E-14, -20.89925839033127986 ) ) ;
#6959 = ORIENTED_EDGE ( 'NONE', *, *, #6856, .T. ) ;
#6960 = ORIENTED_EDGE ( 'NONE', *, *, #1840, .F. ) ;
#6961 = CARTESIAN_POINT ( 'NONE',  ( -40.93019163982320663, 9.500000000000000000, -31.04168413795467885 ) ) ;
#6962 = DIRECTION ( 'NONE',  ( 0.000000000000000000, -0.000000000000000000, -1.000000000000000000 ) ) ;
#6963 = FACE_OUTER_BOUND ( 'NONE', #6887, .T. ) ;
#6964 = ORIENTED_EDGE ( 'NONE', *, *, #3850, .T. ) ;
#6965 = DIRECTION ( 'NONE',  ( 0.000000000000000000, -1.000000000000000000, 0.000000000000000000 ) ) ;
#6966 = ORIENTED_EDGE ( 'NONE', *, *, #5733, .T. ) ;
#6967 = ADVANCED_FACE ( 'NONE', ( #583 ), #787, .F. ) ;
#6968 = DIRECTION ( 'NONE',  ( -0.000000000000000000, -1.000000000000000000, -0.000000000000000000 ) ) ;
#6969 = ADVANCED_FACE ( 'NONE', ( #4173 ), #4101, .F. ) ;
#6970 = CARTESIAN_POINT ( 'NONE',  ( -36.61488181033408296, 9.500000000000000000, -36.34591247525442981 ) ) ;
#6971 = DIRECTION ( 'NONE',  ( 8.659560562354995721E-17, -0.7071067811865422437, 0.7071067811865526798 ) ) ;
#6972 = ORIENTED_EDGE ( 'NONE', *, *, #1539, .F. ) ;
#6973 = EDGE_CURVE ( 'NONE', #6184, #6873, #424, .T. ) ;
#6974 = DIRECTION ( 'NONE',  ( 0.000000000000000000, -1.000000000000000000, 0.000000000000000000 ) ) ;
#6975 = DIRECTION ( 'NONE',  ( 0.000000000000000000, 0.000000000000000000, -1.000000000000000000 ) ) ;
#6976 = DIRECTION ( 'NONE',  ( 0.000000000000000000, 1.000000000000000000, 0.000000000000000000 ) ) ;
#6977 = CARTESIAN_POINT ( 'NONE',  ( -49.98320533644600516, 9.500000000000000000, 3.418944909570193147 ) ) ;
#6978 = VECTOR ( 'NONE', #4408, 1000.000000000000000 ) ;
#6979 = CARTESIAN_POINT ( 'NONE',  ( -49.98320533644600516, 9.500000000000000000, 5.568944909570115342 ) ) ;
#6980 = CARTESIAN_POINT ( 'NONE',  ( 0.000000000000000000, 11.00000000000000000, -58.65000000000006963 ) ) ;
#6981 = DIRECTION ( 'NONE',  ( 0.000000000000000000, 0.000000000000000000, -1.000000000000000000 ) ) ;
#6982 = ADVANCED_FACE ( 'NONE', ( #51 ), #2358, .F. ) ;
#6983 = CARTESIAN_POINT ( 'NONE',  ( -19.95989460129674598, -1.387778780781445676E-14, -45.95228620542319220 ) ) ;
#6984 = EDGE_LOOP ( 'NONE', ( #3895, #5315 ) ) ;
#6985 = AXIS2_PLACEMENT_3D ( 'NONE', #200, #3718, #267 ) ;
#6986 = ORIENTED_EDGE ( 'NONE', *, *, #3742, .T. ) ;
#6987 = ORIENTED_EDGE ( 'NONE', *, *, #5384, .F. ) ;
#6988 = AXIS2_PLACEMENT_3D ( 'NONE', #3935, #5737, #490 ) ;
#6989 = ADVANCED_FACE ( 'NONE', ( #4634 ), #193, .F. ) ;
#6990 = AXIS2_PLACEMENT_3D ( 'NONE', #3625, #2381, #4696 ) ;
#6991 = FACE_OUTER_BOUND ( 'NONE', #1429, .T. ) ;
#6992 = ORIENTED_EDGE ( 'NONE', *, *, #3131, .T. ) ;
#6993 = CIRCLE ( 'NONE', #7231, 2.500000000000203393 ) ;
#6994 = DIRECTION ( 'NONE',  ( 0.000000000000000000, 1.000000000000000000, 0.000000000000000000 ) ) ;
#6995 = AXIS2_PLACEMENT_3D ( 'NONE', #7264, #2050, #6584 ) ;
#6996 = AXIS2_PLACEMENT_3D ( 'NONE', #5546, #229, #4966 ) ;
#6997 = CARTESIAN_POINT ( 'NONE',  ( 20.89958796480521386, 11.00000000000000000, 53.77960459969829543 ) ) ;
#6998 = VERTEX_POINT ( 'NONE', #5820 ) ;
#6999 = EDGE_LOOP ( 'NONE', ( #4486, #5217, #6609, #6699 ) ) ;
#7000 = DIRECTION ( 'NONE',  ( 0.000000000000000000, 0.000000000000000000, -1.000000000000000000 ) ) ;
#7001 = EDGE_CURVE ( 'NONE', #3111, #5281, #1281, .T. ) ;
#7002 = AXIS2_PLACEMENT_3D ( 'NONE', #113, #80, #643 ) ;
#7003 = CARTESIAN_POINT ( 'NONE',  ( 13.51681823496627821, -1.214306433183764966E-14, -48.24215609612492273 ) ) ;
#7004 = PLANE ( 'NONE',  #6313 ) ;
#7005 = ORIENTED_EDGE ( 'NONE', *, *, #4037, .T. ) ;
#7006 = DIRECTION ( 'NONE',  ( 0.000000000000000000, 0.000000000000000000, -1.000000000000000000 ) ) ;
#7007 = EDGE_LOOP ( 'NONE', ( #2512, #6638, #3436, #1095 ) ) ;
#7008 = CYLINDRICAL_SURFACE ( 'NONE', #6922, 2.500000000000203393 ) ;
#7009 = EDGE_LOOP ( 'NONE', ( #1160, #7513 ) ) ;
#7010 = AXIS2_PLACEMENT_3D ( 'NONE', #7475, #100, #2412 ) ;
#7011 = CARTESIAN_POINT ( 'NONE',  ( 13.23327348812998849, 11.00000000000000000, -51.27054117068510664 ) ) ;
#7012 = EDGE_CURVE ( 'NONE', #3448, #4957, #1473, .T. ) ;
#7013 = DIRECTION ( 'NONE',  ( 8.659560562355001884E-17, -0.7071067811865420216, 0.7071067811865531239 ) ) ;
#7014 = VERTEX_POINT ( 'NONE', #3647 ) ;
#7015 = DIRECTION ( 'NONE',  ( 0.000000000000000000, 0.000000000000000000, -1.000000000000000000 ) ) ;
#7016 = DIRECTION ( 'NONE',  ( -0.000000000000000000, -1.000000000000000000, -0.000000000000000000 ) ) ;
#7017 = LINE ( 'NONE', #1338, #3199 ) ;
#7018 = DIRECTION ( 'NONE',  ( 0.7431448254773959095, 0.000000000000000000, -0.6691306063588564612 ) ) ;
#7019 = ADVANCED_FACE ( 'NONE', ( #2546 ), #3787, .F. ) ;
#7020 = ADVANCED_FACE ( 'NONE', ( #3183 ), #2733, .F. ) ;
#7021 = DIRECTION ( 'NONE',  ( 0.000000000000000000, -1.000000000000000000, 0.000000000000000000 ) ) ;
#7022 = CARTESIAN_POINT ( 'NONE',  ( -36.61488181033384137, -1.561251128379126385E-14, 34.19591247525476518 ) ) ;
#7023 = DIRECTION ( 'NONE',  ( 0.000000000000000000, 1.000000000000000000, 0.000000000000000000 ) ) ;
#7024 = CARTESIAN_POINT ( 'NONE',  ( -40.93019163982320663, -1.387778780781445676E-14, -31.04168413795467885 ) ) ;
#7025 = ORIENTED_EDGE ( 'NONE', *, *, #2844, .T. ) ;
#7026 = CARTESIAN_POINT ( 'NONE',  ( 36.61488181033361400, 9.500000000000000000, -34.19591247525498545 ) ) ;
#7027 = EDGE_LOOP ( 'NONE', ( #3179, #37 ) ) ;
#7028 = DIRECTION ( 'NONE',  ( 0.000000000000000000, 0.000000000000000000, 1.000000000000000000 ) ) ;
#7029 = ORIENTED_EDGE ( 'NONE', *, *, #5133, .F. ) ;
#7030 = CARTESIAN_POINT ( 'NONE',  ( 26.03115589677469899, 9.500000000000000000, -42.80641216777942049 ) ) ;
#7031 = DIRECTION ( 'NONE',  ( 0.000000000000000000, 0.000000000000000000, 1.000000000000000000 ) ) ;
#7032 = ORIENTED_EDGE ( 'NONE', *, *, #6218, .T. ) ;
#7033 = ORIENTED_EDGE ( 'NONE', *, *, #4273, .T. ) ;
#7034 = DIRECTION ( 'NONE',  ( 0.000000000000000000, 0.000000000000000000, -1.000000000000000000 ) ) ;
#7035 = VECTOR ( 'NONE', #5369, 1000.000000000000000 ) ;
#7036 = EDGE_CURVE ( 'NONE', #4863, #4938, #6875, .T. ) ;
#7037 = DIRECTION ( 'NONE',  ( 0.000000000000000000, -1.000000000000000000, 0.000000000000000000 ) ) ;
#7038 = LINE ( 'NONE', #5246, #1443 ) ;
#7039 = ORIENTED_EDGE ( 'NONE', *, *, #1358, .F. ) ;
#7040 = AXIS2_PLACEMENT_3D ( 'NONE', #420, #5591, #5058 ) ;
#7041 = CARTESIAN_POINT ( 'NONE',  ( 0.000000000000000000, 9.999999999999991118, 0.000000000000000000 ) ) ;
#7042 = EDGE_LOOP ( 'NONE', ( #5632, #1126, #5661, #5231 ) ) ;
#7043 = EDGE_CURVE ( 'NONE', #3717, #4203, #4311, .T. ) ;
#7044 = DIRECTION ( 'NONE',  ( 0.000000000000000000, 0.000000000000000000, 1.000000000000000000 ) ) ;
#7045 = ORIENTED_EDGE ( 'NONE', *, *, #1335, .T. ) ;
#7046 = DIRECTION ( 'NONE',  ( 0.000000000000000000, 0.000000000000000000, -1.000000000000000000 ) ) ;
#7047 = AXIS2_PLACEMENT_3D ( 'NONE', #6665, #1986, #4411 ) ;
#7048 = AXIS2_PLACEMENT_3D ( 'NONE', #4744, #5893, #610 ) ;
#7049 = CARTESIAN_POINT ( 'NONE',  ( 44.48304944195920996, 9.500000000000000000, 23.04925839033030854 ) ) ;
#7050 = ORIENTED_EDGE ( 'NONE', *, *, #5742, .T. ) ;
#7051 = ADVANCED_FACE ( 'NONE', ( #5472 ), #2581, .T. ) ;
#7052 = CYLINDRICAL_SURFACE ( 'NONE', #2527, 2.149999999999922640 ) ;
#7053 = FACE_OUTER_BOUND ( 'NONE', #785, .T. ) ;
#7054 = AXIS2_PLACEMENT_3D ( 'NONE', #5312, #7177, #4813 ) ;
#7055 = DIRECTION ( 'NONE',  ( 0.000000000000000000, 0.000000000000000000, 1.000000000000000000 ) ) ;
#7056 = CIRCLE ( 'NONE', #7174, 2.500000000000202505 ) ;
#7057 = DIRECTION ( 'NONE',  ( 0.000000000000000000, -0.7071067811865435759, -0.7071067811865515695 ) ) ;
#7058 = FACE_OUTER_BOUND ( 'NONE', #3710, .T. ) ;
#7059 = CARTESIAN_POINT ( 'NONE',  ( -49.98320533644600516, -0.5000000000000004441, 3.418944909570193147 ) ) ;
#7060 = VERTEX_POINT ( 'NONE', #902 ) ;
#7061 = EDGE_CURVE ( 'NONE', #3153, #3377, #3100, .T. ) ;
#7062 = DIRECTION ( 'NONE',  ( 0.000000000000000000, -1.000000000000000000, 0.000000000000000000 ) ) ;
#7063 = ORIENTED_EDGE ( 'NONE', *, *, #592, .T. ) ;
#7064 = EDGE_CURVE ( 'NONE', #4910, #3110, #5904, .T. ) ;
#7065 = CIRCLE ( 'NONE', #5722, 2.649999999999916422 ) ;
#7066 = AXIS2_PLACEMENT_3D ( 'NONE', #6797, #2683, #5001 ) ;
#7067 = CIRCLE ( 'NONE', #1838, 2.149999999999922640 ) ;
#7068 = DIRECTION ( 'NONE',  ( 0.000000000000000000, 0.000000000000000000, 1.000000000000000000 ) ) ;
#7069 = VERTEX_POINT ( 'NONE', #3223 ) ;
#7070 = DIRECTION ( 'NONE',  ( 0.000000000000000000, 0.000000000000000000, -1.000000000000000000 ) ) ;
#7071 = DIRECTION ( 'NONE',  ( -0.000000000000000000, -1.000000000000000000, 0.000000000000000000 ) ) ;
#7072 = ORIENTED_EDGE ( 'NONE', *, *, #4421, .T. ) ;
#7073 = VERTEX_POINT ( 'NONE', #5436 ) ;
#7074 = CARTESIAN_POINT ( 'NONE',  ( -13.51681823496694257, -1.387778780781445676E-14, -48.24215609612473799 ) ) ;
#7075 = LINE ( 'NONE', #5890, #5364 ) ;
#7076 = CARTESIAN_POINT ( 'NONE',  ( -19.95989460129642978, 9.500000000000000000, 45.95228620542332720 ) ) ;
#7077 = ORIENTED_EDGE ( 'NONE', *, *, #1029, .T. ) ;
#7078 = DIRECTION ( 'NONE',  ( 0.000000000000000000, 0.000000000000000000, -1.000000000000000000 ) ) ;
#7079 = ORIENTED_EDGE ( 'NONE', *, *, #3403, .T. ) ;
#7080 = DIRECTION ( 'NONE',  ( 0.000000000000000000, 0.000000000000000000, 1.000000000000000000 ) ) ;
#7081 = ORIENTED_EDGE ( 'NONE', *, *, #710, .T. ) ;
#7082 = LINE ( 'NONE', #3494, #3933 ) ;
#7083 = EDGE_CURVE ( 'NONE', #5239, #2771, #76, .T. ) ;
#7084 = DIRECTION ( 'NONE',  ( -0.000000000000000000, -1.000000000000000000, -0.000000000000000000 ) ) ;
#7085 = ORIENTED_EDGE ( 'NONE', *, *, #7364, .F. ) ;
#7086 = CARTESIAN_POINT ( 'NONE',  ( 47.20727219815270814, -0.5000000000000004441, -14.12746856976702858 ) ) ;
#7087 = CARTESIAN_POINT ( 'NONE',  ( 0.000000000000000000, -0.5000000000000004441, -52.74999999999991473 ) ) ;
#7088 = EDGE_CURVE ( 'NONE', #6157, #1518, #1435, .T. ) ;
#7089 = DIRECTION ( 'NONE',  ( 0.000000000000000000, -1.000000000000000000, 0.000000000000000000 ) ) ;
#7090 = DIRECTION ( 'NONE',  ( 0.000000000000000000, 0.000000000000000000, -1.000000000000000000 ) ) ;
#7091 = CYLINDRICAL_SURFACE ( 'NONE', #2058, 2.149999999999922640 ) ;
#7092 = DIRECTION ( 'NONE',  ( 0.000000000000000000, 0.000000000000000000, 1.000000000000000000 ) ) ;
#7093 = VERTEX_POINT ( 'NONE', #4365 ) ;
#7094 = CARTESIAN_POINT ( 'NONE',  ( 48.81408774733904465, 11.00000000000000000, -23.64527610095332832 ) ) ;
#7095 = ORIENTED_EDGE ( 'NONE', *, *, #5624, .F. ) ;
#7096 = AXIS2_PLACEMENT_3D ( 'NONE', #4943, #6118, #6052 ) ;
#7097 = EDGE_CURVE ( 'NONE', #3630, #2416, #1366, .T. ) ;
#7098 = CARTESIAN_POINT ( 'NONE',  ( 49.98320533644604780, -1.387778780781445676E-14, 5.568944909569431445 ) ) ;
#7099 = CIRCLE ( 'NONE', #6854, 2.149999999999922640 ) ;
#7100 = ORIENTED_EDGE ( 'NONE', *, *, #7143, .T. ) ;
#7101 = DIRECTION ( 'NONE',  ( 0.000000000000000000, 0.000000000000000000, -1.000000000000000000 ) ) ;
#7102 = CARTESIAN_POINT ( 'NONE',  ( 0.000000000000000000, 11.00000000000000000, 0.000000000000000000 ) ) ;
#7103 = ORIENTED_EDGE ( 'NONE', *, *, #7266, .T. ) ;
#7104 = VERTEX_POINT ( 'NONE', #6616 ) ;
#7105 = CARTESIAN_POINT ( 'NONE',  ( 31.61750601073556766, -1.214306433183764966E-14, 41.01313566429108448 ) ) ;
#7106 = AXIS2_PLACEMENT_3D ( 'NONE', #7317, #3241, #2670 ) ;
#7107 = CIRCLE ( 'NONE', #3810, 2.500000000000203393 ) ;
#7108 = CIRCLE ( 'NONE', #5516, 2.500000000000203393 ) ;
#7109 = DIRECTION ( 'NONE',  ( 0.000000000000000000, -1.000000000000000000, 0.000000000000000000 ) ) ;
#7110 = CIRCLE ( 'NONE', #1034, 2.649999999999916422 ) ;
#7111 = EDGE_CURVE ( 'NONE', #2894, #6803, #4550, .T. ) ;
#7112 = CIRCLE ( 'NONE', #5519, 2.149999999999923084 ) ;
#7113 = DIRECTION ( 'NONE',  ( 0.000000000000000000, 1.000000000000000000, 0.000000000000000000 ) ) ;
#7114 = ORIENTED_EDGE ( 'NONE', *, *, #3306, .T. ) ;
#7115 = DIRECTION ( 'NONE',  ( 0.000000000000000000, 0.000000000000000000, 1.000000000000000000 ) ) ;
#7116 = ORIENTED_EDGE ( 'NONE', *, *, #2708, .T. ) ;
#7117 = CIRCLE ( 'NONE', #5779, 2.149999999999922640 ) ;
#7118 = CARTESIAN_POINT ( 'NONE',  ( -26.03115589677498676, 9.500000000000000000, 44.95641216777914195 ) ) ;
#7119 = VERTEX_POINT ( 'NONE', #764 ) ;
#7120 = CARTESIAN_POINT ( 'NONE',  ( -19.95989460129642978, -1.387778780781445676E-14, 45.95228620542332720 ) ) ;
#7121 = AXIS2_PLACEMENT_3D ( 'NONE', #4196, #280, #6525 ) ;
#7122 = AXIS2_PLACEMENT_3D ( 'NONE', #5876, #711, #673 ) ;
#7123 = EDGE_CURVE ( 'NONE', #4461, #6578, #4184, .T. ) ;
#7124 = LINE ( 'NONE', #1910, #1883 ) ;
#7125 = AXIS2_PLACEMENT_3D ( 'NONE', #6156, #2090, #1307 ) ;
#7126 = EDGE_LOOP ( 'NONE', ( #1733, #1250, #416, #5013 ) ) ;
#7127 = FACE_OUTER_BOUND ( 'NONE', #2531, .T. ) ;
#7128 = CARTESIAN_POINT ( 'NONE',  ( 49.05211279288428017, 9.500000000000000000, -10.19314625393749729 ) ) ;
#7129 = EDGE_CURVE ( 'NONE', #5395, #6596, #3702, .T. ) ;
#7130 = ADVANCED_FACE ( 'NONE', ( #7154 ), #4864, .T. ) ;
#7131 = CARTESIAN_POINT ( 'NONE',  ( -49.98320533644603358, -1.387778780781445676E-14, -3.418944909569844981 ) ) ;
#7132 = CARTESIAN_POINT ( 'NONE',  ( 40.93019163982280872, 9.500000000000000000, -31.04168413795523662 ) ) ;
#7133 = FACE_OUTER_BOUND ( 'NONE', #4381, .T. ) ;
#7134 = DIRECTION ( 'NONE',  ( 0.000000000000000000, 1.000000000000000000, 0.000000000000000000 ) ) ;
#7135 = ORIENTED_EDGE ( 'NONE', *, *, #778, .F. ) ;
#7136 = DIRECTION ( 'NONE',  ( 0.000000000000000000, 0.000000000000000000, -1.000000000000000000 ) ) ;
#7137 = EDGE_CURVE ( 'NONE', #4336, #2975, #3679, .T. ) ;
#7138 = ORIENTED_EDGE ( 'NONE', *, *, #2337, .F. ) ;
#7139 = DIRECTION ( 'NONE',  ( 0.000000000000000000, -1.000000000000000000, 0.000000000000000000 ) ) ;
#7140 = DIRECTION ( 'NONE',  ( 0.000000000000000000, 1.000000000000000000, 0.000000000000000000 ) ) ;
#7141 = CARTESIAN_POINT ( 'NONE',  ( -49.98320533644603358, 9.500000000000000000, -5.568944909569768065 ) ) ;
#7142 = EDGE_LOOP ( 'NONE', ( #4362, #3311, #3432, #3512 ) ) ;
#7143 = EDGE_CURVE ( 'NONE', #5619, #2031, #4556, .T. ) ;
#7144 = ORIENTED_EDGE ( 'NONE', *, *, #3062, .T. ) ;
#7145 = APPLICATION_PROTOCOL_DEFINITION ( 'international standard', 'config_control_design', 1994, #6604 ) ;
#7146 = DIRECTION ( 'NONE',  ( 0.000000000000000000, -1.000000000000000000, 0.000000000000000000 ) ) ;
#7147 = CARTESIAN_POINT ( 'NONE',  ( 44.48304944195920996, 9.500000000000000000, 25.19925839033023252 ) ) ;
#7148 = ORIENTED_EDGE ( 'NONE', *, *, #7287, .F. ) ;
#7149 = DIRECTION ( 'NONE',  ( -0.000000000000000000, -1.000000000000000000, -0.000000000000000000 ) ) ;
#7150 = ORIENTED_EDGE ( 'NONE', *, *, #5569, .F. ) ;
#7151 = DIRECTION ( 'NONE',  ( 0.000000000000000000, 0.000000000000000000, 1.000000000000000000 ) ) ;
#7152 = ORIENTED_EDGE ( 'NONE', *, *, #6937, .T. ) ;
#7153 = EDGE_CURVE ( 'NONE', #5775, #493, #4063, .T. ) ;
#7154 = FACE_OUTER_BOUND ( 'NONE', #3130, .T. ) ;
#7155 = EDGE_CURVE ( 'NONE', #6308, #3059, #3939, .T. ) ;
#7156 = VECTOR ( 'NONE', #1598, 1000.000000000000000 ) ;
#7157 = LINE ( 'NONE', #2089, #5640 ) ;
#7158 = VERTEX_POINT ( 'NONE', #2202 ) ;
#7159 = DIRECTION ( 'NONE',  ( 0.000000000000000000, 0.000000000000000000, 1.000000000000000000 ) ) ;
#7160 = CARTESIAN_POINT ( 'NONE',  ( 40.93019163982339848, 9.500000000000000000, 28.89168413795448842 ) ) ;
#7161 = ADVANCED_FACE ( 'NONE', ( #5050 ), #5035, .F. ) ;
#7162 = CONICAL_SURFACE ( 'NONE', #361, 2.149999999999922640, 0.7853981633974547183 ) ;
#7163 = CIRCLE ( 'NONE', #725, 2.149999999999922640 ) ;
#7164 = CYLINDRICAL_SURFACE ( 'NONE', #5149, 2.500000000000203393 ) ;
#7165 = CIRCLE ( 'NONE', #5827, 2.649999999999916422 ) ;
#7166 = CIRCLE ( 'NONE', #1569, 2.149999999999922640 ) ;
#7167 = CARTESIAN_POINT ( 'NONE',  ( -19.95989460129674598, 9.500000000000000000, -45.95228620542319220 ) ) ;
#7168 = LINE ( 'NONE', #354, #1699 ) ;
#7169 = DIRECTION ( 'NONE',  ( 0.000000000000000000, -1.000000000000000000, 0.000000000000000000 ) ) ;
#7170 = EDGE_LOOP ( 'NONE', ( #2816, #5738, #7413, #258 ) ) ;
#7171 = DIRECTION ( 'NONE',  ( 0.000000000000000000, 0.000000000000000000, -1.000000000000000000 ) ) ;
#7172 = ORIENTED_EDGE ( 'NONE', *, *, #5507, .T. ) ;
#7173 = CONICAL_SURFACE ( 'NONE', #2672, 2.149999999999922640, 0.7853981633974539411 ) ;
#7174 = AXIS2_PLACEMENT_3D ( 'NONE', #2262, #4577, #4457 ) ;
#7175 = EDGE_CURVE ( 'NONE', #1348, #2952, #3457, .T. ) ;
#7176 = CARTESIAN_POINT ( 'NONE',  ( 13.51681823496627821, 9.500000000000000000, -48.24215609612492273 ) ) ;
#7177 = DIRECTION ( 'NONE',  ( 0.000000000000000000, -1.000000000000000000, 0.000000000000000000 ) ) ;
#7178 = DIRECTION ( 'NONE',  ( 0.000000000000000000, 0.000000000000000000, -1.000000000000000000 ) ) ;
#7179 = AXIS2_PLACEMENT_3D ( 'NONE', #657, #1799, #6904 ) ;
#7180 = VERTEX_POINT ( 'NONE', #944 ) ;
#7181 = ORIENTED_EDGE ( 'NONE', *, *, #378, .F. ) ;
#7182 = CIRCLE ( 'NONE', #6325, 2.649999999999916422 ) ;
#7183 = CARTESIAN_POINT ( 'NONE',  ( -26.03115589677498676, -1.387778780781445676E-14, 44.95641216777914195 ) ) ;
#7184 = AXIS2_PLACEMENT_3D ( 'NONE', #6646, #756, #3713 ) ;
#7185 = EDGE_CURVE ( 'NONE', #7205, #2551, #1886, .T. ) ;
#7186 = CARTESIAN_POINT ( 'NONE',  ( -36.61488181033408296, 9.500000000000000000, -34.19591247525450228 ) ) ;
#7187 = CARTESIAN_POINT ( 'NONE',  ( 20.89958796480521386, 11.00000000000000000, 48.77960459969788332 ) ) ;
#7188 = ORIENTED_EDGE ( 'NONE', *, *, #2497, .T. ) ;
#7189 = DIRECTION ( 'NONE',  ( 0.000000000000000000, 0.000000000000000000, 1.000000000000000000 ) ) ;
#7190 = EDGE_LOOP ( 'NONE', ( #6196, #2749, #6227, #6550 ) ) ;
#7191 = CYLINDRICAL_SURFACE ( 'NONE', #5276, 2.149999999999922640 ) ;
#7192 = ORIENTED_EDGE ( 'NONE', *, *, #5142, .F. ) ;
#7193 = VECTOR ( 'NONE', #6351, 1000.000000000000114 ) ;
#7194 = DIRECTION ( 'NONE',  ( 0.000000000000000000, 1.000000000000000000, 0.000000000000000000 ) ) ;
#7195 = EDGE_CURVE ( 'NONE', #1866, #3903, #429, .T. ) ;
#7196 = FACE_OUTER_BOUND ( 'NONE', #1409, .T. ) ;
#7197 = ORIENTED_EDGE ( 'NONE', *, *, #1480, .T. ) ;
#7198 = FACE_OUTER_BOUND ( 'NONE', #7418, .T. ) ;
#7199 = FACE_OUTER_BOUND ( 'NONE', #4998, .T. ) ;
#7200 = DIRECTION ( 'NONE',  ( 0.000000000000000000, -1.000000000000000000, 0.000000000000000000 ) ) ;
#7201 = CARTESIAN_POINT ( 'NONE',  ( 31.61750601073477895, 9.500000000000000000, -38.86313566429182487 ) ) ;
#7202 = DIRECTION ( 'NONE',  ( 0.000000000000000000, -1.000000000000000000, 0.000000000000000000 ) ) ;
#7203 = EDGE_LOOP ( 'NONE', ( #1320, #5575, #7032, #5614 ) ) ;
#7204 = CARTESIAN_POINT ( 'NONE',  ( 0.000000000000000000, 9.000000000000046185, 0.000000000000000000 ) ) ;
#7205 = VERTEX_POINT ( 'NONE', #5741 ) ;
#7206 = EDGE_CURVE ( 'NONE', #7503, #5600, #379, .T. ) ;
#7207 = DIRECTION ( 'NONE',  ( 0.000000000000000000, -1.000000000000000000, 0.000000000000000000 ) ) ;
#7208 = CARTESIAN_POINT ( 'NONE',  ( -47.20727219815295683, -1.214306433183764966E-14, -18.92746856976619796 ) ) ;
#7209 = CARTESIAN_POINT ( 'NONE',  ( 40.93019163982339848, -0.5000000000000004441, 28.89168413795448842 ) ) ;
#7210 = ORIENTED_EDGE ( 'NONE', *, *, #3003, .T. ) ;
#7211 = ORIENTED_EDGE ( 'NONE', *, *, #4847, .F. ) ;
#7212 = DIRECTION ( 'NONE',  ( 0.000000000000000000, -0.7071067811865524577, -0.7071067811865426878 ) ) ;
#7213 = EDGE_CURVE ( 'NONE', #5448, #6045, #4677, .T. ) ;
#7214 = VECTOR ( 'NONE', #3053, 1000.000000000000000 ) ;
#7215 = LINE ( 'NONE', #2006, #4751 ) ;
#7216 = CARTESIAN_POINT ( 'NONE',  ( -49.05211279288440807, -0.5000000000000004441, -10.19314625393680274 ) ) ;
#7217 = ORIENTED_EDGE ( 'NONE', *, *, #2284, .F. ) ;
#7218 = DIRECTION ( 'NONE',  ( 0.000000000000000000, 0.000000000000000000, -1.000000000000000000 ) ) ;
#7219 = ORIENTED_EDGE ( 'NONE', *, *, #5199, .T. ) ;
#7220 = CARTESIAN_POINT ( 'NONE',  ( -24.12361884325211392, 11.00000000000000000, 52.34417357029325046 ) ) ;
#7221 = EDGE_LOOP ( 'NONE', ( #479, #828, #2015, #5874 ) ) ;
#7222 = DIRECTION ( 'NONE',  ( 0.000000000000000000, -1.000000000000000000, 0.000000000000000000 ) ) ;
#7223 = EDGE_CURVE ( 'NONE', #933, #3797, #7110, .T. ) ;
#7224 = AXIS2_PLACEMENT_3D ( 'NONE', #1754, #7084, #94 ) ;
#7225 = CONICAL_SURFACE ( 'NONE', #5765, 2.149999999999922640, 0.7853981633974543852 ) ;
#7226 = CIRCLE ( 'NONE', #897, 2.149999999999922640 ) ;
#7227 = CIRCLE ( 'NONE', #1888, 2.149999999999922640 ) ;
#7228 = DIRECTION ( 'NONE',  ( 0.000000000000000000, 0.000000000000000000, -1.000000000000000000 ) ) ;
#7229 = AXIS2_PLACEMENT_3D ( 'NONE', #1031, #2784, #2864 ) ;
#7230 = ORIENTED_EDGE ( 'NONE', *, *, #2455, .T. ) ;
#7231 = AXIS2_PLACEMENT_3D ( 'NONE', #3135, #4242, #255 ) ;
#7232 = DIRECTION ( 'NONE',  ( 0.000000000000000000, -1.000000000000000000, 0.000000000000000000 ) ) ;
#7233 = AXIS2_PLACEMENT_3D ( 'NONE', #3150, #7222, #5505 ) ;
#7234 = VECTOR ( 'NONE', #726, 1000.000000000000000 ) ;
#7235 = CARTESIAN_POINT ( 'NONE',  ( -13.51681823496694257, 9.500000000000000000, -48.24215609612473799 ) ) ;
#7236 = EDGE_CURVE ( 'NONE', #2748, #7269, #1395, .T. ) ;
#7237 = EDGE_CURVE ( 'NONE', #137, #4057, #1512, .T. ) ;
#7238 = AXIS2_PLACEMENT_3D ( 'NONE', #3546, #2877, #5339 ) ;
#7239 = AXIS2_PLACEMENT_3D ( 'NONE', #3557, #7, #3036 ) ;
#7240 = CARTESIAN_POINT ( 'NONE',  ( 0.000000000000000000, 9.000000000000046185, -60.64999999999999858 ) ) ;
#7241 = ORIENTED_EDGE ( 'NONE', *, *, #1254, .T. ) ;
#7242 = CARTESIAN_POINT ( 'NONE',  ( 3.498464301520819496E-13, -0.5000000000000004441, 47.45000000000008100 ) ) ;
#7243 = DIRECTION ( 'NONE',  ( 0.000000000000000000, 0.000000000000000000, 1.000000000000000000 ) ) ;
#7244 = EDGE_LOOP ( 'NONE', ( #3931, #1256, #1223, #6104 ) ) ;
#7245 = DIRECTION ( 'NONE',  ( 0.000000000000000000, 1.000000000000000000, 0.000000000000000000 ) ) ;
#7246 = ORIENTED_EDGE ( 'NONE', *, *, #2052, .F. ) ;
#7247 = CIRCLE ( 'NONE', #207, 2.149999999999922196 ) ;
#7248 = EDGE_CURVE ( 'NONE', #512, #2510, #3980, .T. ) ;
#7249 = EDGE_CURVE ( 'NONE', #4765, #3097, #2007, .T. ) ;
#7250 = CARTESIAN_POINT ( 'NONE',  ( 20.89958796480521386, -0.5000000000000004441, 48.77960459969788332 ) ) ;
#7251 = CARTESIAN_POINT ( 'NONE',  ( 52.09272677833285314, -0.5000000000000004441, 18.78133226898377472 ) ) ;
#7252 = DIRECTION ( 'NONE',  ( -0.000000000000000000, -1.000000000000000000, -0.000000000000000000 ) ) ;
#7253 = ORIENTED_EDGE ( 'NONE', *, *, #1196, .F. ) ;
#7254 = EDGE_LOOP ( 'NONE', ( #488, #6293, #4708, #1778 ) ) ;
#7255 =( LENGTH_UNIT ( ) NAMED_UNIT ( * ) SI_UNIT ( .MILLI., .METRE. ) );
#7256 = CC_DESIGN_DATE_AND_TIME_ASSIGNMENT ( #2154, #7441, ( #2135 ) ) ;
#7257 = CARTESIAN_POINT ( 'NONE',  ( -40.93019163982300768, -0.5000000000000004441, 26.24168413795512222 ) ) ;
#7258 = DIRECTION ( 'NONE',  ( 0.2079116908177531808, 0.000000000000000000, 0.9781476007338069101 ) ) ;
#7259 = ORIENTED_EDGE ( 'NONE', *, *, #799, .T. ) ;
#7260 = CARTESIAN_POINT ( 'NONE',  ( -31.61750601073530476, -6.938893903907228378E-15, -41.01313566429131185 ) ) ;
#7261 = ORIENTED_EDGE ( 'NONE', *, *, #2673, .F. ) ;
#7262 = FACE_OUTER_BOUND ( 'NONE', #3600, .T. ) ;
#7263 = EDGE_LOOP ( 'NONE', ( #48, #1907 ) ) ;
#7264 = CARTESIAN_POINT ( 'NONE',  ( -6.821949119721967492, 9.500000000000000000, -49.63336589642018026 ) ) ;
#7265 = ORIENTED_EDGE ( 'NONE', *, *, #3394, .T. ) ;
#7266 = EDGE_CURVE ( 'NONE', #2400, #6402, #1646, .T. ) ;
#7267 = LINE ( 'NONE', #4367, #3688 ) ;
#7268 = EDGE_CURVE ( 'NONE', #5006, #7408, #6259, .T. ) ;
#7269 = VERTEX_POINT ( 'NONE', #5701 ) ;
#7270 = PLANE ( 'NONE',  #3617 ) ;
#7271 = DIRECTION ( 'NONE',  ( 0.000000000000000000, -1.000000000000000000, 0.000000000000000000 ) ) ;
#7272 = VECTOR ( 'NONE', #4448, 1000.000000000000000 ) ;
#7273 = CARTESIAN_POINT ( 'NONE',  ( 6.821949119722316546, -0.5000000000000004441, 49.63336589642008789 ) ) ;
#7274 = EDGE_CURVE ( 'NONE', #4283, #5073, #7360, .T. ) ;
#7275 = VERTEX_POINT ( 'NONE', #3827 ) ;
#7276 = CARTESIAN_POINT ( 'NONE',  ( 36.61488181033430322, -1.734723475976807094E-14, 36.34591247525416691 ) ) ;
#7277 = CARTESIAN_POINT ( 'NONE',  ( 36.61488181033361400, 9.500000000000000000, -34.19591247525498545 ) ) ;
#7278 = AXIS2_PLACEMENT_3D ( 'NONE', #3175, #1933, #6685 ) ;
#7279 = VERTEX_POINT ( 'NONE', #2122 ) ;
#7280 = DIRECTION ( 'NONE',  ( 0.000000000000000000, 0.000000000000000000, -1.000000000000000000 ) ) ;
#7281 = EDGE_LOOP ( 'NONE', ( #7211, #50, #1217, #2074 ) ) ;
#7282 = AXIS2_PLACEMENT_3D ( 'NONE', #5917, #5373, #4761 ) ;
#7283 = VECTOR ( 'NONE', #2397, 1000.000000000000000 ) ;
#7284 = ADVANCED_FACE ( 'NONE', ( #1508 ), #4442, .T. ) ;
#7285 = LINE ( 'NONE', #6294, #3707 ) ;
#7286 = DIRECTION ( 'NONE',  ( 0.000000000000000000, 0.000000000000000000, -1.000000000000000000 ) ) ;
#7287 = EDGE_CURVE ( 'NONE', #6353, #3032, #2019, .T. ) ;
#7288 = CARTESIAN_POINT ( 'NONE',  ( -42.31147425102297177, -0.5000000000000004441, 38.22295860794626066 ) ) ;
#7289 = ORIENTED_EDGE ( 'NONE', *, *, #183, .T. ) ;
#7290 = ORIENTED_EDGE ( 'NONE', *, *, #3257, .F. ) ;
#7291 = COORDINATED_UNIVERSAL_TIME_OFFSET ( 5, 0, .BEHIND. ) ;
#7292 = DIRECTION ( 'NONE',  ( 8.659560562354990790E-17, -0.7071067811865430208, 0.7071067811865521247 ) ) ;
#7293 = AXIS2_PLACEMENT_3D ( 'NONE', #2529, #4159, #7070 ) ;
#7294 = DIRECTION ( 'NONE',  ( 0.000000000000000000, -1.000000000000000000, 0.000000000000000000 ) ) ;
#7295 = ORIENTED_EDGE ( 'NONE', *, *, #3251, .T. ) ;
#7296 = EDGE_CURVE ( 'NONE', #5006, #4772, #5850, .T. ) ;
#7297 = LINE ( 'NONE', #3178, #5889 ) ;
#7298 = EDGE_LOOP ( 'NONE', ( #7457, #4598, #6281, #4956 ) ) ;
#7299 = DIRECTION ( 'NONE',  ( 0.000000000000000000, -1.000000000000000000, 0.000000000000000000 ) ) ;
#7300 = ORIENTED_EDGE ( 'NONE', *, *, #5396, .F. ) ;
#7301 = DIRECTION ( 'NONE',  ( 0.000000000000000000, 1.000000000000000000, 0.000000000000000000 ) ) ;
#7302 = CIRCLE ( 'NONE', #855, 2.149999999999922640 ) ;
#7303 = CARTESIAN_POINT ( 'NONE',  ( -53.18329137311566512, 11.00000000000000000, 12.92491956939427844 ) ) ;
#7304 = CARTESIAN_POINT ( 'NONE',  ( 26.03115589677469899, -0.5000000000000004441, -40.15641216777950007 ) ) ;
#7305 = EDGE_CURVE ( 'NONE', #2305, #2624, #4069, .T. ) ;
#7306 = CONICAL_SURFACE ( 'NONE', #2937, 2.149999999999922640, 0.7853981633974543852 ) ;
#7307 = CARTESIAN_POINT ( 'NONE',  ( 26.03115589677558006, -0.5000000000000004441, 42.80641216777885916 ) ) ;
#7308 = EDGE_LOOP ( 'NONE', ( #5283, #91 ) ) ;
#7309 = CYLINDRICAL_SURFACE ( 'NONE', #3858, 2.149999999999922640 ) ;
#7310 = CARTESIAN_POINT ( 'NONE',  ( 52.09272677833285314, 11.00000000000000000, 18.78133226898377472 ) ) ;
#7311 = EDGE_CURVE ( 'NONE', #2924, #3522, #3953, .T. ) ;
#7312 = CARTESIAN_POINT ( 'NONE',  ( -49.05211279288432280, -0.5000000000000004441, 7.543146253937179857 ) ) ;
#7313 = EDGE_LOOP ( 'NONE', ( #6572, #3400, #2389, #5561 ) ) ;
#7314 = LINE ( 'NONE', #4302, #239 ) ;
#7315 = CYLINDRICAL_SURFACE ( 'NONE', #5175, 2.149999999999922640 ) ;
#7316 = VERTEX_POINT ( 'NONE', #2315 ) ;
#7317 = CARTESIAN_POINT ( 'NONE',  ( 47.20727219815270814, -1.040834085586084257E-14, -16.77746856976694545 ) ) ;
#7318 = ORIENTED_EDGE ( 'NONE', *, *, #7111, .F. ) ;
#7319 = ADVANCED_FACE ( 'NONE', ( #4050 ), #5353, .F. ) ;
#7320 = DIRECTION ( 'NONE',  ( 0.000000000000000000, -1.000000000000000000, 0.000000000000000000 ) ) ;
#7321 = LINE ( 'NONE', #4422, #1949 ) ;
#7322 = DIRECTION ( 'NONE',  ( 0.000000000000000000, 0.000000000000000000, -1.000000000000000000 ) ) ;
#7323 = EDGE_LOOP ( 'NONE', ( #814, #4991, #7265, #332 ) ) ;
#7324 = ORIENTED_EDGE ( 'NONE', *, *, #1228, .T. ) ;
#7325 = ADVANCED_FACE ( 'NONE', ( #1209 ), #3106, .F. ) ;
#7326 = FACE_OUTER_BOUND ( 'NONE', #5193, .T. ) ;
#7327 = CARTESIAN_POINT ( 'NONE',  ( 52.09272677833285314, -0.5000000000000004441, 21.28133226898397723 ) ) ;
#7328 = ORIENTED_EDGE ( 'NONE', *, *, #4029, .T. ) ;
#7329 = CARTESIAN_POINT ( 'NONE',  ( 5.523157064154562913E-15, -0.5000000000000004441, -45.10000000000000142 ) ) ;
#7330 = ORIENTED_EDGE ( 'NONE', *, *, #42, .F. ) ;
#7331 = DIRECTION ( 'NONE',  ( 0.000000000000000000, 0.000000000000000000, -1.000000000000000000 ) ) ;
#7332 = EDGE_LOOP ( 'NONE', ( #4387, #7025, #3988, #6482 ) ) ;
#7333 = CARTESIAN_POINT ( 'NONE',  ( 20.89958796480521386, 11.00000000000000000, 51.27960459969808937 ) ) ;
#7334 = CIRCLE ( 'NONE', #5387, 2.149999999999922640 ) ;
#7335 = EDGE_CURVE ( 'NONE', #4415, #4341, #2383, .T. ) ;
#7336 = CARTESIAN_POINT ( 'NONE',  ( -26.03115589677498676, 9.500000000000000000, 42.80641216777921443 ) ) ;
#7337 = DIRECTION ( 'NONE',  ( 0.000000000000000000, 0.000000000000000000, -1.000000000000000000 ) ) ;
#7338 = FACE_OUTER_BOUND ( 'NONE', #1756, .T. ) ;
#7339 = ORIENTED_EDGE ( 'NONE', *, *, #636, .F. ) ;
#7340 = VECTOR ( 'NONE', #2689, 1000.000000000000000 ) ;
#7341 = AXIS2_PLACEMENT_3D ( 'NONE', #5444, #242, #843 ) ;
#7342 = DIRECTION ( 'NONE',  ( 0.000000000000000000, 0.000000000000000000, 1.000000000000000000 ) ) ;
#7343 = DIRECTION ( 'NONE',  ( -0.000000000000000000, -1.000000000000000000, -0.000000000000000000 ) ) ;
#7344 = CIRCLE ( 'NONE', #1144, 2.149999999999922640 ) ;
#7345 = AXIS2_PLACEMENT_3D ( 'NONE', #7460, #2172, #991 ) ;
#7346 = AXIS2_PLACEMENT_3D ( 'NONE', #6564, #1846, #3096 ) ;
#7347 = CIRCLE ( 'NONE', #1510, 2.500000000000199840 ) ;
#7348 = CARTESIAN_POINT ( 'NONE',  ( -36.61488181033384137, -0.5000000000000004441, 34.19591247525476518 ) ) ;
#7349 = AXIS2_PLACEMENT_3D ( 'NONE', #5573, #2712, #7322 ) ;
#7350 = VECTOR ( 'NONE', #5550, 1000.000000000000000 ) ;
#7351 = AXIS2_PLACEMENT_3D ( 'NONE', #6148, #3716, #4823 ) ;
#7352 = ORIENTED_EDGE ( 'NONE', *, *, #275, .F. ) ;
#7353 = EDGE_CURVE ( 'NONE', #2031, #6894, #2263, .T. ) ;
#7354 = CARTESIAN_POINT ( 'NONE',  ( 44.48304944195920996, -0.5000000000000004441, 20.39925839033039168 ) ) ;
#7355 = LINE ( 'NONE', #5599, #3524 ) ;
#7356 = ORIENTED_EDGE ( 'NONE', *, *, #5990, .T. ) ;
#7357 = DIRECTION ( 'NONE',  ( 8.659560562354990790E-17, -0.7071067811865430208, 0.7071067811865521247 ) ) ;
#7358 = CARTESIAN_POINT ( 'NONE',  ( -54.85923426176246664, 11.00000000000000000, -10.04022819370067410 ) ) ;
#7359 = AXIS2_PLACEMENT_3D ( 'NONE', #4343, #2522, #3093 ) ;
#7360 = CIRCLE ( 'NONE', #3706, 2.649999999999916422 ) ;
#7361 = AXIS2_PLACEMENT_3D ( 'NONE', #3965, #2070, #4384 ) ;
#7362 = VERTEX_POINT ( 'NONE', #2429 ) ;
#7363 = DIRECTION ( 'NONE',  ( -0.000000000000000000, -1.000000000000000000, -0.000000000000000000 ) ) ;
#7364 = EDGE_CURVE ( 'NONE', #2952, #2805, #5203, .T. ) ;
#7365 = LINE ( 'NONE', #1383, #1219 ) ;
#7366 = AXIS2_PLACEMENT_3D ( 'NONE', #4458, #5109, #6788 ) ;
#7367 = CARTESIAN_POINT ( 'NONE',  ( 49.05211279288428017, -1.387778780781445676E-14, -10.19314625393749729 ) ) ;
#7368 = ORIENTED_EDGE ( 'NONE', *, *, #4799, .F. ) ;
#7369 = ORIENTED_EDGE ( 'NONE', *, *, #5551, .T. ) ;
#7370 = CARTESIAN_POINT ( 'NONE',  ( 49.05211279288428017, 9.500000000000000000, -10.19314625393749729 ) ) ;
#7371 = FACE_BOUND ( 'NONE', #5100, .T. ) ;
#7372 = EDGE_LOOP ( 'NONE', ( #4015, #3067, #2594, #3528 ) ) ;
#7373 = EDGE_CURVE ( 'NONE', #6157, #2951, #6630, .T. ) ;
#7374 = CARTESIAN_POINT ( 'NONE',  ( 6.821949119722316546, -1.214306433183764966E-14, 49.63336589642008789 ) ) ;
#7375 = ORIENTED_EDGE ( 'NONE', *, *, #6263, .T. ) ;
#7376 = FACE_OUTER_BOUND ( 'NONE', #1011, .T. ) ;
#7377 = EDGE_LOOP ( 'NONE', ( #2659, #879, #324, #2271 ) ) ;
#7378 = CARTESIAN_POINT ( 'NONE',  ( -44.48304944195906074, -1.214306433183764966E-14, -23.04925839033061408 ) ) ;
#7379 = DIRECTION ( 'NONE',  ( 0.000000000000000000, 0.000000000000000000, 1.000000000000000000 ) ) ;
#7380 = CARTESIAN_POINT ( 'NONE',  ( 33.95964629695709647, 11.00000000000000000, -43.73937640599801568 ) ) ;
#7381 = EDGE_LOOP ( 'NONE', ( #5936, #1611 ) ) ;
#7382 = DIRECTION ( 'NONE',  ( 0.000000000000000000, 0.000000000000000000, -1.000000000000000000 ) ) ;
#7383 = ORIENTED_EDGE ( 'NONE', *, *, #3070, .T. ) ;
#7384 = ADVANCED_FACE ( 'NONE', ( #1741 ), #1522, .F. ) ;
#7385 = LINE ( 'NONE', #3270, #4355 ) ;
#7386 = EDGE_CURVE ( 'NONE', #3354, #4772, #2990, .T. ) ;
#7387 = DIRECTION ( 'NONE',  ( 0.000000000000000000, 0.000000000000000000, -1.000000000000000000 ) ) ;
#7388 = DIRECTION ( 'NONE',  ( 0.000000000000000000, -1.000000000000000000, 0.000000000000000000 ) ) ;
#7389 = VERTEX_POINT ( 'NONE', #4016 ) ;
#7390 = ORIENTED_EDGE ( 'NONE', *, *, #18, .F. ) ;
#7391 = DIRECTION ( 'NONE',  ( 0.000000000000000000, -1.000000000000000000, 0.000000000000000000 ) ) ;
#7392 = CARTESIAN_POINT ( 'NONE',  ( -26.03115589677498676, -0.5000000000000004441, 40.15641216777930111 ) ) ;
#7393 = ORIENTED_EDGE ( 'NONE', *, *, #1185, .F. ) ;
#7394 = DIRECTION ( 'NONE',  ( 0.000000000000000000, -1.000000000000000000, 0.000000000000000000 ) ) ;
#7395 = VECTOR ( 'NONE', #4686, 1000.000000000000000 ) ;
#7396 = VERTEX_POINT ( 'NONE', #1820 ) ;
#7397 = CONICAL_SURFACE ( 'NONE', #2297, 2.149999999999922640, 0.7853981633974552734 ) ;
#7398 = DIRECTION ( 'NONE',  ( 8.659560562354983395E-17, -0.7071067811865435759, 0.7071067811865515695 ) ) ;
#7399 = FACE_BOUND ( 'NONE', #4584, .T. ) ;
#7400 = FACE_OUTER_BOUND ( 'NONE', #5404, .T. ) ;
#7401 = ORIENTED_EDGE ( 'NONE', *, *, #2222, .T. ) ;
#7402 = ORIENTED_EDGE ( 'NONE', *, *, #1578, .F. ) ;
#7403 = CIRCLE ( 'NONE', #2307, 2.649999999999916422 ) ;
#7404 = CIRCLE ( 'NONE', #2428, 2.649999999999916422 ) ;
#7405 = ADVANCED_FACE ( 'NONE', ( #1244 ), #3002, .T. ) ;
#7406 = CARTESIAN_POINT ( 'NONE',  ( -36.61488181033384137, -1.561251128379126385E-14, 34.19591247525476518 ) ) ;
#7407 = DIRECTION ( 'NONE',  ( -0.8660254037844430375, 0.000000000000000000, 0.4999999999999923395 ) ) ;
#7408 = VERTEX_POINT ( 'NONE', #6961 ) ;
#7409 = CARTESIAN_POINT ( 'NONE',  ( -49.05211279288432280, 9.500000000000000000, 8.043146253937216272 ) ) ;
#7410 = DIRECTION ( 'NONE',  ( 0.000000000000000000, -1.000000000000000000, 0.000000000000000000 ) ) ;
#7411 = ORIENTED_EDGE ( 'NONE', *, *, #71, .T. ) ;
#7412 = FACE_OUTER_BOUND ( 'NONE', #7332, .T. ) ;
#7413 = ORIENTED_EDGE ( 'NONE', *, *, #1367, .T. ) ;
#7414 = DIRECTION ( 'NONE',  ( 0.000000000000000000, 0.000000000000000000, 1.000000000000000000 ) ) ;
#7415 = EDGE_CURVE ( 'NONE', #6315, #6166, #2926, .T. ) ;
#7416 = LINE ( 'NONE', #3829, #2678 ) ;
#7417 = DIRECTION ( 'NONE',  ( -0.000000000000000000, -1.000000000000000000, -0.000000000000000000 ) ) ;
#7418 = EDGE_LOOP ( 'NONE', ( #6257, #6623 ) ) ;
#7419 = DIRECTION ( 'NONE',  ( 0.000000000000000000, 0.000000000000000000, 1.000000000000000000 ) ) ;
#7420 = ORIENTED_EDGE ( 'NONE', *, *, #3656, .F. ) ;
#7421 = CARTESIAN_POINT ( 'NONE',  ( -36.61488181033408296, 9.500000000000000000, -32.04591247525458186 ) ) ;
#7422 = CIRCLE ( 'NONE', #2927, 2.149999999999922640 ) ;
#7423 = CYLINDRICAL_SURFACE ( 'NONE', #3090, 2.149999999999929745 ) ;
#7424 = CIRCLE ( 'NONE', #859, 2.500000000000202505 ) ;
#7425 = EDGE_CURVE ( 'NONE', #218, #734, #914, .T. ) ;
#7426 = CARTESIAN_POINT ( 'NONE',  ( 19.95989460129610649, 9.500000000000000000, -45.95228620542344800 ) ) ;
#7427 = VERTEX_POINT ( 'NONE', #43 ) ;
#7428 = PLANE ( 'NONE',  #2290 ) ;
#7429 = CARTESIAN_POINT ( 'NONE',  ( 36.61488181033361400, -1.040834085586084257E-14, -36.34591247525490587 ) ) ;
#7430 = ORIENTED_EDGE ( 'NONE', *, *, #511, .F. ) ;
#7431 = DIRECTION ( 'NONE',  ( 0.000000000000000000, 1.000000000000000000, 0.000000000000000000 ) ) ;
#7432 = FACE_OUTER_BOUND ( 'NONE', #1824, .T. ) ;
#7433 = EDGE_LOOP ( 'NONE', ( #2666, #5756, #6109, #1496 ) ) ;
#7434 = EDGE_CURVE ( 'NONE', #41, #4730, #5930, .T. ) ;
#7435 = CYLINDRICAL_SURFACE ( 'NONE', #2746, 2.149999999999922640 ) ;
#7436 = FACE_BOUND ( 'NONE', #6191, .T. ) ;
#7437 = CYLINDRICAL_SURFACE ( 'NONE', #7349, 2.149999999999922640 ) ;
#7438 = ORIENTED_EDGE ( 'NONE', *, *, #5052, .F. ) ;
#7439 = EDGE_LOOP ( 'NONE', ( #6066, #2158, #6141, #2533 ) ) ;
#7440 = ORIENTED_EDGE ( 'NONE', *, *, #152, .T. ) ;
#7441 = DATE_TIME_ROLE ( 'classification_date' ) ;
#7442 = EDGE_CURVE ( 'NONE', #2975, #1789, #2256, .T. ) ;
#7443 = CARTESIAN_POINT ( 'NONE',  ( 19.95989460129706217, 9.500000000000000000, 43.80228620542310836 ) ) ;
#7444 = ORIENTED_EDGE ( 'NONE', *, *, #2676, .T. ) ;
#7445 = LINE ( 'NONE', #2885, #3535 ) ;
#7446 = CARTESIAN_POINT ( 'NONE',  ( 26.03115589677558006, -1.214306433183764966E-14, 42.80641216777885916 ) ) ;
#7447 = ORIENTED_EDGE ( 'NONE', *, *, #5694, .T. ) ;
#7448 = EDGE_CURVE ( 'NONE', #1172, #985, #5811, .T. ) ;
#7449 = DIRECTION ( 'NONE',  ( 0.000000000000000000, 0.000000000000000000, 1.000000000000000000 ) ) ;
#7450 = ORIENTED_EDGE ( 'NONE', *, *, #4958, .T. ) ;
#7451 = DIRECTION ( 'NONE',  ( 8.659560562354990790E-17, -0.7071067811865430208, 0.7071067811865521247 ) ) ;
#7452 = EDGE_CURVE ( 'NONE', #2038, #512, #6040, .T. ) ;
#7453 = DIRECTION ( 'NONE',  ( 0.000000000000000000, 0.000000000000000000, -1.000000000000000000 ) ) ;
#7454 = DIRECTION ( 'NONE',  ( 0.000000000000000000, -1.000000000000000000, 0.000000000000000000 ) ) ;
#7455 = EDGE_LOOP ( 'NONE', ( #6719, #3433, #6693, #1361 ) ) ;
#7456 = DIRECTION ( 'NONE',  ( 0.000000000000000000, 0.000000000000000000, -1.000000000000000000 ) ) ;
#7457 = ORIENTED_EDGE ( 'NONE', *, *, #542, .F. ) ;
#7458 = EDGE_CURVE ( 'NONE', #3635, #856, #82, .T. ) ;
#7459 = CARTESIAN_POINT ( 'NONE',  ( 20.89958796480521386, -0.5000000000000004441, 51.27960459969808937 ) ) ;
#7460 = CARTESIAN_POINT ( 'NONE',  ( 31.61750601073477895, -0.5000000000000004441, -38.86313566429182487 ) ) ;
#7461 = AXIS2_PLACEMENT_3D ( 'NONE', #1686, #4492, #6327 ) ;
#7462 = AXIS2_PLACEMENT_3D ( 'NONE', #4640, #1837, #3578 ) ;
#7463 = DIRECTION ( 'NONE',  ( 0.000000000000000000, 0.000000000000000000, 1.000000000000000000 ) ) ;
#7464 = ORIENTED_EDGE ( 'NONE', *, *, #1614, .F. ) ;
#7465 = EDGE_CURVE ( 'NONE', #4685, #856, #3778, .T. ) ;
#7466 = DIRECTION ( 'NONE',  ( 0.9510565162951544194, 0.000000000000000000, -0.3090169943749448977 ) ) ;
#7467 = CIRCLE ( 'NONE', #3570, 2.149999999999922640 ) ;
#7468 = DIRECTION ( 'NONE',  ( 0.000000000000000000, 0.000000000000000000, -1.000000000000000000 ) ) ;
#7469 = DIRECTION ( 'NONE',  ( 0.000000000000000000, 0.000000000000000000, 1.000000000000000000 ) ) ;
#7470 = VERTEX_POINT ( 'NONE', #1897 ) ;
#7471 = AXIS2_PLACEMENT_3D ( 'NONE', #6621, #206, #4334 ) ;
#7472 = CIRCLE ( 'NONE', #5648, 2.649999999999916422 ) ;
#7473 = AXIS2_PLACEMENT_3D ( 'NONE', #2621, #3079, #800 ) ;
#7474 = AXIS2_PLACEMENT_3D ( 'NONE', #5359, #1178, #5935 ) ;
#7475 = CARTESIAN_POINT ( 'NONE',  ( -40.93019163982300768, -1.387778780781445676E-14, 28.89168413795503554 ) ) ;
#7476 = FACE_BOUND ( 'NONE', #6043, .T. ) ;
#7477 = LINE ( 'NONE', #2269, #1765 ) ;
#7478 = ORIENTED_EDGE ( 'NONE', *, *, #3720, .T. ) ;
#7479 = EDGE_CURVE ( 'NONE', #3695, #5684, #5427, .T. ) ;
#7480 = AXIS2_PLACEMENT_3D ( 'NONE', #6028, #5063, #6746 ) ;
#7481 = AXIS2_PLACEMENT_3D ( 'NONE', #3523, #6925, #1785 ) ;
#7482 = VERTEX_POINT ( 'NONE', #5540 ) ;
#7483 = EDGE_CURVE ( 'NONE', #5735, #1789, #4212, .T. ) ;
#7484 = VECTOR ( 'NONE', #2097, 999.9999999999998863 ) ;
#7485 = VECTOR ( 'NONE', #363, 1000.000000000000000 ) ;
#7486 = CARTESIAN_POINT ( 'NONE',  ( 44.48304944195920996, -0.5000000000000004441, 23.04925839033030854 ) ) ;
#7487 = ORIENTED_EDGE ( 'NONE', *, *, #5558, .T. ) ;
#7488 = DIRECTION ( 'NONE',  ( 0.000000000000000000, -1.000000000000000000, 0.000000000000000000 ) ) ;
#7489 = PLANE ( 'NONE',  #2115 ) ;
#7490 = ORIENTED_EDGE ( 'NONE', *, *, #7129, .T. ) ;
#7491 = ORIENTED_EDGE ( 'NONE', *, *, #3160, .F. ) ;
#7492 = DIRECTION ( 'NONE',  ( 0.000000000000000000, 0.000000000000000000, -1.000000000000000000 ) ) ;
#7493 = VECTOR ( 'NONE', #771, 1000.000000000000000 ) ;
#7494 = DIRECTION ( 'NONE',  ( -0.000000000000000000, -1.000000000000000000, -0.000000000000000000 ) ) ;
#7495 = DIRECTION ( 'NONE',  ( 0.000000000000000000, -1.000000000000000000, 0.000000000000000000 ) ) ;
#7496 = ORIENTED_EDGE ( 'NONE', *, *, #3168, .F. ) ;
#7497 = CARTESIAN_POINT ( 'NONE',  ( 3.498464301520819496E-13, 9.500000000000000000, 47.95000000000007390 ) ) ;
#7498 = ORIENTED_EDGE ( 'NONE', *, *, #5143, .F. ) ;
#7499 = CARTESIAN_POINT ( 'NONE',  ( -44.48304944195906074, -1.214306433183764966E-14, -25.19925839033053805 ) ) ;
#7500 = DIRECTION ( 'NONE',  ( 0.000000000000000000, -1.000000000000000000, 0.000000000000000000 ) ) ;
#7501 = EDGE_CURVE ( 'NONE', #6670, #3859, #1321, .T. ) ;
#7502 = DIRECTION ( 'NONE',  ( 0.000000000000000000, 0.000000000000000000, -1.000000000000000000 ) ) ;
#7503 = VERTEX_POINT ( 'NONE', #7105 ) ;
#7504 = DIRECTION ( 'NONE',  ( 0.000000000000000000, -0.000000000000000000, -1.000000000000000000 ) ) ;
#7505 = DIRECTION ( 'NONE',  ( -0.000000000000000000, -1.000000000000000000, -0.000000000000000000 ) ) ;
#7506 = DIRECTION ( 'NONE',  ( 0.000000000000000000, -1.000000000000000000, 0.000000000000000000 ) ) ;
#7507 = ORIENTED_EDGE ( 'NONE', *, *, #5558, .F. ) ;
#7508 = ADVANCED_FACE ( 'NONE', ( #6101 ), #3173, .T. ) ;
#7509 = CARTESIAN_POINT ( 'NONE',  ( 49.05211279288445780, -1.387778780781445676E-14, 12.34314625393639808 ) ) ;
#7510 = FACE_BOUND ( 'NONE', #1731, .T. ) ;
#7511 = VECTOR ( 'NONE', #3122, 999.9999999999998863 ) ;
#7512 = CARTESIAN_POINT ( 'NONE',  ( -26.03115589677527097, -1.561251128379126385E-14, -44.95641216777896432 ) ) ;
#7513 = ORIENTED_EDGE ( 'NONE', *, *, #644, .T. ) ;
#7514 = VERTEX_POINT ( 'NONE', #1968 ) ;
#7515 = CONICAL_SURFACE ( 'NONE', #3021, 2.149999999999922640, 0.7853981633974552734 ) ;
#7516 = EDGE_CURVE ( 'NONE', #2778, #41, #5461, .T. ) ;
#7517 = ADVANCED_FACE ( 'NONE', ( #4817 ), #3638, .T. ) ;
#7518 = DIRECTION ( 'NONE',  ( 0.000000000000000000, 1.000000000000000000, 0.000000000000000000 ) ) ;
#7519 = ORIENTED_EDGE ( 'NONE', *, *, #5615, .T. ) ;
ENDSEC;
END-ISO-10303-21;
