ISO-10303-21;
HEADER;
FILE_DESCRIPTION (( 'STEP AP203' ),
    '1' );
FILE_NAME ('disc 1.STEP',
    '2026-08-12T15:07:39',
    ( '' ),
    ( '' ),
    'SwSTEP 2.0',
    'SolidWorks 2025',
    '' );
FILE_SCHEMA (( 'CONFIG_CONTROL_DESIGN' ));
ENDSEC;

DATA;
#1 = CARTESIAN_POINT ( 'NONE',  ( -13.08109660344878300, 10.00000000000000000, 45.95544314647273154 ) ) ;
#2 = CARTESIAN_POINT ( 'NONE',  ( 5.975729839017136058, 10.00000000000000000, -48.47079846589457475 ) ) ;
#3 = CARTESIAN_POINT ( 'NONE',  ( 14.66602667471831722, 10.00000000000000000, -44.62819223824802606 ) ) ;
#4 = CARTESIAN_POINT ( 'NONE',  ( 0.000000000000000000, 0.000000000000000000, -26.50000000000000000 ) ) ;
#5 = CARTESIAN_POINT ( 'NONE',  ( -44.07800587009995752, 10.00000000000000000, 20.79623943134178532 ) ) ;
#6 = CARTESIAN_POINT ( 'NONE',  ( 20.13559923306334554, 10.00000000000000000, 42.53991421653525151 ) ) ;
#7 = LINE ( 'NONE', #410, #624 ) ;
#8 = CARTESIAN_POINT ( 'NONE',  ( 25.40479977759299146, 10.00000000000000000, 40.37037995076605768 ) ) ;
#9 = CARTESIAN_POINT ( 'NONE',  ( 42.86506084908662473, 10.00000000000000000, -20.60058251564622722 ) ) ;
#10 = CARTESIAN_POINT ( 'NONE',  ( 0.000000000000000000, 10.00000000000000000, 0.000000000000000000 ) ) ;
#11 = ORIENTED_EDGE ( 'NONE', *, *, #5597, .T. ) ;
#12 = CARTESIAN_POINT ( 'NONE',  ( 39.74564810804976389, 2.758210326803123280E-13, -26.84209189636689530 ) ) ;
#13 = CARTESIAN_POINT ( 'NONE',  ( -37.86857215203296789, 0.000000000000000000, 29.75700132858588987 ) ) ;
#14 = CARTESIAN_POINT ( 'NONE',  ( -44.61787746719021186, 0.000000000000000000, -15.33803748487596508 ) ) ;
#15 = CARTESIAN_POINT ( 'NONE',  ( 39.25387599954630247, 10.00000000000000000, 29.22991207900612309 ) ) ;
#16 = ADVANCED_FACE ( 'NONE', ( #6715 ), #5618, .F. ) ;
#17 = ADVANCED_FACE ( 'NONE', ( #909 ), #997, .F. ) ;
#18 = DIRECTION ( 'NONE',  ( 0.9579701941536316046, -7.120343644530292481E-16, -0.2868677519576807167 ) ) ;
#19 = DIRECTION ( 'NONE',  ( 0.000000000000000000, 0.000000000000000000, 1.000000000000000000 ) ) ;
#20 = ORIENTED_EDGE ( 'NONE', *, *, #2844, .T. ) ;
#21 = CARTESIAN_POINT ( 'NONE',  ( 28.88027686918722736, 2.758210326803123280E-13, -39.07120267849331441 ) ) ;
#22 = CARTESIAN_POINT ( 'NONE',  ( 42.79010272571515827, 2.758210326803123280E-13, -20.31157491044789865 ) ) ;
#23 = CARTESIAN_POINT ( 'NONE',  ( 10.24325350211505636, 0.000000000000000000, 47.27854813166505465 ) ) ;
#24 = CARTESIAN_POINT ( 'NONE',  ( -0.7726084938741105690, 0.000000000000000000, -48.81229980319636041 ) ) ;
#25 = CARTESIAN_POINT ( 'NONE',  ( 47.05522970340850009, 10.00000000000000000, 0.5483646429962999447 ) ) ;
#26 = CARTESIAN_POINT ( 'NONE',  ( -47.42108593938024086, 10.00000000000000000, -4.803653317953778590 ) ) ;
#27 = CARTESIAN_POINT ( 'NONE',  ( 45.23344692447137305, 2.758210326803123280E-13, -12.69171918333470472 ) ) ;
#28 = CARTESIAN_POINT ( 'NONE',  ( -26.30578014802206610, 10.00000000000000000, 40.99517880117666380 ) ) ;
#29 = FACE_BOUND ( 'NONE', #1620, .T. ) ;
#30 = CARTESIAN_POINT ( 'NONE',  ( -36.65677987737331733, 10.00000000000000000, -32.13663260289995804 ) ) ;
#31 = CARTESIAN_POINT ( 'NONE',  ( -17.95805789152745646, 10.00000000000000000, -43.44286953885498548 ) ) ;
#32 = AXIS2_PLACEMENT_3D ( 'NONE', #6565, #4989, #6640 ) ;
#33 = EDGE_CURVE ( 'NONE', #4699, #3626, #5484, .T. ) ;
#34 = CARTESIAN_POINT ( 'NONE',  ( 46.20419157655948084, 0.000000000000000000, -11.70495020558956512 ) ) ;
#35 = CARTESIAN_POINT ( 'NONE',  ( -40.11221095402077452, 2.758210326803123280E-13, -26.86667732648169604 ) ) ;
#36 = CARTESIAN_POINT ( 'NONE',  ( 47.79968281755294157, 10.00000000000000000, -1.615430749889427808 ) ) ;
#37 = CARTESIAN_POINT ( 'NONE',  ( -0.7726084942256823407, 10.00000000000000000, 48.81229980285928605 ) ) ;
#38 = AXIS2_PLACEMENT_3D ( 'NONE', #741, #708, #6383 ) ;
#39 = CARTESIAN_POINT ( 'NONE',  ( -44.54563008450114836, 3.105155021998484699E-13, 18.12500773640193685 ) ) ;
#40 = CARTESIAN_POINT ( 'NONE',  ( -23.64884737586219643, 10.00000000000000000, 40.61141378183859274 ) ) ;
#41 = CARTESIAN_POINT ( 'NONE',  ( 4.437374478000601030, 10.00000000000000000, -48.70163177475913585 ) ) ;
#42 = CARTESIAN_POINT ( 'NONE',  ( 13.39376134504259852, 2.758210326803123280E-13, -45.61081825756858876 ) ) ;
#43 = FACE_OUTER_BOUND ( 'NONE', #3771, .T. ) ;
#44 = VECTOR ( 'NONE', #2208, 1000.000000000000000 ) ;
#45 = CARTESIAN_POINT ( 'NONE',  ( 19.88971653157062036, 3.105155021998484699E-13, 42.81059083866684034 ) ) ;
#46 = AXIS2_PLACEMENT_3D ( 'NONE', #585, #5089, #2277 ) ;
#47 = CARTESIAN_POINT ( 'NONE',  ( 35.60221757813911125, 10.00000000000000000, 33.58179431255224756 ) ) ;
#48 = CARTESIAN_POINT ( 'NONE',  ( 45.76231138110704677, 10.00000000000000000, -15.01062630788144148 ) ) ;
#49 = FACE_OUTER_BOUND ( 'NONE', #7260, .T. ) ;
#50 = EDGE_LOOP ( 'NONE', ( #6496, #6791, #4537, #5819 ) ) ;
#51 = CARTESIAN_POINT ( 'NONE',  ( 37.32867823460211554, 2.758210326803123280E-13, -29.49145376580781530 ) ) ;
#52 = CARTESIAN_POINT ( 'NONE',  ( -44.07800587009995752, 0.000000000000000000, 20.79623943134178532 ) ) ;
#53 = VECTOR ( 'NONE', #6871, 1000.000000000000000 ) ;
#54 = CARTESIAN_POINT ( 'NONE',  ( -45.16415474052955403, 0.000000000000000000, -14.94574159297189908 ) ) ;
#55 = CARTESIAN_POINT ( 'NONE',  ( 39.97798511483510708, 10.00000000000000000, 28.13588990574455195 ) ) ;
#56 = CARTESIAN_POINT ( 'NONE',  ( -37.68019582137012691, 10.00000000000000000, 29.24677134222053709 ) ) ;
#57 = DIRECTION ( 'NONE',  ( -3.964541573183182870E-16, -1.000000000000000000, 1.158175138636003392E-15 ) ) ;
#58 = CARTESIAN_POINT ( 'NONE',  ( 0.000000000000000000, 3.999999999999985345, 0.000000000000000000 ) ) ;
#59 = VERTEX_POINT ( 'NONE', #4819 ) ;
#60 = CARTESIAN_POINT ( 'NONE',  ( 25.40124455813498372, 10.00000000000000000, -41.42371570279335202 ) ) ;
#61 = EDGE_CURVE ( 'NONE', #7155, #3393, #761, .T. ) ;
#62 = CARTESIAN_POINT ( 'NONE',  ( -9.502749607612642535, 0.000000000000000000, 47.81401925504493988 ) ) ;
#63 = CARTESIAN_POINT ( 'NONE',  ( -7.715636490963277083, 0.000000000000000000, -48.26192936911747466 ) ) ;
#64 = CARTESIAN_POINT ( 'NONE',  ( 46.69101150204836159, 3.105155021998484699E-13, 5.972326457509365305 ) ) ;
#65 = CARTESIAN_POINT ( 'NONE',  ( -46.85395203707653167, 10.00000000000000000, -3.462104312925134320 ) ) ;
#66 = CARTESIAN_POINT ( 'NONE',  ( 46.99151132232189809, 2.758210326803123280E-13, -11.51396662814373251 ) ) ;
#67 = CARTESIAN_POINT ( 'NONE',  ( -22.56135536630490535, 3.105155021998484699E-13, 41.88270893765066916 ) ) ;
#68 = DIRECTION ( 'NONE',  ( 0.000000000000000000, 1.000000000000000000, -0.000000000000000000 ) ) ;
#69 = CARTESIAN_POINT ( 'NONE',  ( -40.96071364664462067, 10.00000000000000000, -26.61260217059113131 ) ) ;
#70 = CARTESIAN_POINT ( 'NONE',  ( 40.98477501304218862, 0.000000000000000000, 24.03147806767870520 ) ) ;
#71 = CARTESIAN_POINT ( 'NONE',  ( 39.57312328629932097, 0.000000000000000000, -26.28176479692137590 ) ) ;
#72 = AXIS2_PLACEMENT_3D ( 'NONE', #2512, #1400, #4801 ) ;
#73 = CARTESIAN_POINT ( 'NONE',  ( -41.52998209296890764, 10.00000000000000000, -24.07168728809728364 ) ) ;
#74 = EDGE_CURVE ( 'NONE', #4926, #6265, #3018, .T. ) ;
#75 = CARTESIAN_POINT ( 'NONE',  ( -2.990908725482608332, 3.105155021998484699E-13, 48.49416211901183971 ) ) ;
#76 = CARTESIAN_POINT ( 'NONE',  ( -44.39459263277777978, 10.00000000000000000, 15.60716637409060503 ) ) ;
#77 = CARTESIAN_POINT ( 'NONE',  ( -22.19333903263364149, 10.00000000000000000, 43.50383015200330306 ) ) ;
#78 = CARTESIAN_POINT ( 'NONE',  ( -9.701618094257106861, 10.00000000000000000, -47.61329664888269519 ) ) ;
#79 = CARTESIAN_POINT ( 'NONE',  ( 3.498989426539049319, 10.00000000000000000, -48.05621757618709466 ) ) ;
#80 = DIRECTION ( 'NONE',  ( 0.000000000000000000, 1.000000000000000000, -0.000000000000000000 ) ) ;
#81 = CARTESIAN_POINT ( 'NONE',  ( -43.31420226924486627, 10.00000000000000000, 20.99041119054365367 ) ) ;
#82 = CARTESIAN_POINT ( 'NONE',  ( 21.90432779135733199, 3.105155021998484699E-13, 42.06592276779085893 ) ) ;
#83 = CARTESIAN_POINT ( 'NONE',  ( 19.51888808935384745, 10.00000000000000000, 43.61227867120651780 ) ) ;
#84 = CARTESIAN_POINT ( 'NONE',  ( 47.46479847253061024, 10.00000000000000000, -11.15575955011806997 ) ) ;
#85 = CYLINDRICAL_SURFACE ( 'NONE', #6149, 0.8999999999999998002 ) ;
#86 = ORIENTED_EDGE ( 'NONE', *, *, #6534, .F. ) ;
#87 = CARTESIAN_POINT ( 'NONE',  ( 39.61256526123549548, 10.00000000000000000, -26.47368447863380325 ) ) ;
#88 = APPROVAL_PERSON_ORGANIZATION ( #5504, #1434, #3725 ) ;
#89 = CARTESIAN_POINT ( 'NONE',  ( -43.87735155583479951, 0.000000000000000000, 20.91222684283142996 ) ) ;
#90 = CARTESIAN_POINT ( 'NONE',  ( -41.41186500487701494, 0.000000000000000000, -23.77125310610893294 ) ) ;
#91 = CARTESIAN_POINT ( 'NONE',  ( 36.68117242702464154, 3.105155021998484699E-13, 29.67325348888392966 ) ) ;
#92 = PERSON_AND_ORGANIZATION ( #1874, #318 ) ;
#93 = CARTESIAN_POINT ( 'NONE',  ( -33.35277019341329208, 3.105155021998484699E-13, 33.30754164136921247 ) ) ;
#94 = CARTESIAN_POINT ( 'NONE',  ( 45.52156229588413794, 10.00000000000000000, 12.23057545315109884 ) ) ;
#95 = FACE_OUTER_BOUND ( 'NONE', #4611, .T. ) ;
#96 = ORIENTED_EDGE ( 'NONE', *, *, #338, .F. ) ;
#97 = CARTESIAN_POINT ( 'NONE',  ( 29.18936109829999026, 10.00000000000000000, -39.05559196659149279 ) ) ;
#98 = CARTESIAN_POINT ( 'NONE',  ( -3.503852009756390995, 0.000000000000000000, 47.53478937393789039 ) ) ;
#99 = CARTESIAN_POINT ( 'NONE',  ( -4.644197830607593502, 0.000000000000000000, -46.75014313090552776 ) ) ;
#100 = CARTESIAN_POINT ( 'NONE',  ( 48.41393903336175697, 3.105155021998484699E-13, 4.612104440943443073 ) ) ;
#101 = CARTESIAN_POINT ( 'NONE',  ( -49.00000000000067502, 10.00000000000000000, -0.07038305244003149885 ) ) ;
#102 = CARTESIAN_POINT ( 'NONE',  ( -25.29633491910676923, 3.105155021998484699E-13, 40.58947445109057384 ) ) ;
#103 = CARTESIAN_POINT ( 'NONE',  ( 0.000000000000000000, 10.00000000000000000, -42.50000000000000711 ) ) ;
#104 = CARTESIAN_POINT ( 'NONE',  ( -47.06317427215724791, 0.000000000000000000, 4.281247490904887876 ) ) ;
#105 = CARTESIAN_POINT ( 'NONE',  ( -45.77446269631538200, 10.00000000000000000, -14.74881787313361947 ) ) ;
#106 = CARTESIAN_POINT ( 'NONE',  ( 34.84168427728115347, 0.000000000000000000, 34.38458398776165126 ) ) ;
#107 = CARTESIAN_POINT ( 'NONE',  ( 40.04913083370458082, 0.000000000000000000, -27.72877957922662873 ) ) ;
#108 = CARTESIAN_POINT ( 'NONE',  ( -42.54723761386655667, 2.758210326803123280E-13, -21.13044767255253120 ) ) ;
#109 = CARTESIAN_POINT ( 'NONE',  ( -0.1479874805285353312, 10.00000000000000000, 48.21897113100977350 ) ) ;
#110 = CARTESIAN_POINT ( 'NONE',  ( -44.70801936880577898, 3.105155021998484699E-13, 20.07285128571200161 ) ) ;
#111 = CARTESIAN_POINT ( 'NONE',  ( -28.02428562179208527, 10.00000000000000000, 39.99167870383464418 ) ) ;
#112 = CARTESIAN_POINT ( 'NONE',  ( -9.952330259017823977, 10.00000000000000000, -46.88277020341504908 ) ) ;
#113 = CARTESIAN_POINT ( 'NONE',  ( 5.686910107805054793, 10.00000000000000000, -48.60980721976390839 ) ) ;
#114 = CARTESIAN_POINT ( 'NONE',  ( -43.70179320605875262, 10.00000000000000000, 20.99370316739435793 ) ) ;
#115 = CARTESIAN_POINT ( 'NONE',  ( 19.59474247380835266, 3.105155021998484699E-13, 43.33409176322279421 ) ) ;
#116 = CARTESIAN_POINT ( 'NONE',  ( 17.61835056714791747, 10.00000000000000000, 45.60566623168478628 ) ) ;
#117 = CARTESIAN_POINT ( 'NONE',  ( 38.74052491849111135, 10.00000000000000000, -29.52576027889990584 ) ) ;
#118 = LINE ( 'NONE', #6156, #2977 ) ;
#119 = ORIENTED_EDGE ( 'NONE', *, *, #2492, .T. ) ;
#120 = CARTESIAN_POINT ( 'NONE',  ( 39.57312328629932097, 2.758210326803123280E-13, -26.28176479692137590 ) ) ;
#121 = EDGE_CURVE ( 'NONE', #6950, #5434, #3753, .T. ) ;
#122 = CARTESIAN_POINT ( 'NONE',  ( -41.68120872562597867, 0.000000000000000000, -21.73595169722976550 ) ) ;
#123 = CARTESIAN_POINT ( 'NONE',  ( 41.29244157184334796, 10.00000000000000000, 23.97810055945765129 ) ) ;
#124 = CARTESIAN_POINT ( 'NONE',  ( 46.54892818206474203, 10.00000000000000000, 7.223747721253187315 ) ) ;
#125 = CARTESIAN_POINT ( 'NONE',  ( -49.00000000000002842, 10.00000000000000000, -3.531486802060992653E-10 ) ) ;
#126 = ORIENTED_EDGE ( 'NONE', *, *, #990, .F. ) ;
#127 = CARTESIAN_POINT ( 'NONE',  ( 30.15150723476501682, 2.758210326803123280E-13, -38.63869330524254053 ) ) ;
#128 = CARTESIAN_POINT ( 'NONE',  ( -2.744104049135769774, 0.000000000000000000, 48.68087826237168514 ) ) ;
#129 = CARTESIAN_POINT ( 'NONE',  ( -6.195896857940245361, 0.000000000000000000, -47.02075252584022280 ) ) ;
#130 = CARTESIAN_POINT ( 'NONE',  ( 47.46122657533407363, 3.105155021998484699E-13, 5.116862069185624584 ) ) ;
#131 = CARTESIAN_POINT ( 'NONE',  ( -46.92501412294099339, 2.758210326803123280E-13, -3.914778266450924527 ) ) ;
#132 = CARTESIAN_POINT ( 'NONE',  ( -33.46714325955761637, 10.00000000000000000, 34.93885925296681449 ) ) ;
#133 = CARTESIAN_POINT ( 'NONE',  ( 9.499999999999793943, 0.000000000000000000, 17.35448267190446003 ) ) ;
#134 = CARTESIAN_POINT ( 'NONE',  ( -46.85395203710152856, 0.000000000000000000, 3.462104312256067740 ) ) ;
#135 = CARTESIAN_POINT ( 'NONE',  ( -47.17400383435051481, 10.00000000000000000, -12.62173967468753055 ) ) ;
#136 = CARTESIAN_POINT ( 'NONE',  ( -16.34082967223938354, 2.758210326803123280E-13, -45.13494020345122237 ) ) ;
#137 = ORIENTED_EDGE ( 'NONE', *, *, #6576, .F. ) ;
#138 = AXIS2_PLACEMENT_3D ( 'NONE', #2472, #6324, #1847 ) ;
#139 = CARTESIAN_POINT ( 'NONE',  ( 34.84168427752873498, 0.000000000000000000, -34.38458398784221259 ) ) ;
#140 = CARTESIAN_POINT ( 'NONE',  ( -43.11875750453297229, 2.758210326803123280E-13, -20.99969512177191078 ) ) ;
#141 = CARTESIAN_POINT ( 'NONE',  ( -14.27147613886922350, 3.105155021998484699E-13, 46.71547522530534025 ) ) ;
#142 = CARTESIAN_POINT ( 'NONE',  ( -48.20490586507293784, 3.105155021998484699E-13, 7.715346297840635970 ) ) ;
#143 = CARTESIAN_POINT ( 'NONE',  ( -28.25630724264258475, 10.00000000000000000, 39.42846835214629664 ) ) ;
#144 = CARTESIAN_POINT ( 'NONE',  ( -1.739070291964700310, 10.00000000000000000, -48.97997532753041128 ) ) ;
#145 = CARTESIAN_POINT ( 'NONE',  ( 4.691435564937480152, 10.00000000000000000, -48.74242142725789506 ) ) ;
#146 = CARTESIAN_POINT ( 'NONE',  ( 43.11834910094705009, 0.000000000000000000, 21.11566684127869564 ) ) ;
#147 = CC_DESIGN_DATE_AND_TIME_ASSIGNMENT ( #1472, #3687, ( #2749 ) ) ;
#148 = ORIENTED_EDGE ( 'NONE', *, *, #3386, .F. ) ;
#149 = EDGE_CURVE ( 'NONE', #4680, #6580, #4898, .T. ) ;
#150 = AXIS2_PLACEMENT_3D ( 'NONE', #4981, #7221, #819 ) ;
#151 = CARTESIAN_POINT ( 'NONE',  ( -46.71854250030197875, 10.00000000000000000, 11.79070647623763080 ) ) ;
#152 = CARTESIAN_POINT ( 'NONE',  ( 19.45768270924172327, 10.00000000000000000, 43.89147979868471339 ) ) ;
#153 = CARTESIAN_POINT ( 'NONE',  ( 25.40124455783663393, 10.00000000000000000, 41.42371570264468517 ) ) ;
#154 = CARTESIAN_POINT ( 'NONE',  ( 39.73764011238700533, 10.00000000000000000, -28.68182798094965591 ) ) ;
#155 = AXIS2_PLACEMENT_3D ( 'NONE', #1461, #7034, #2124 ) ;
#156 = CARTESIAN_POINT ( 'NONE',  ( 0.000000000000000000, 5.000000000000000000, -15.09999999999999964 ) ) ;
#157 = EDGE_LOOP ( 'NONE', ( #5378, #6782, #5394, #2032 ) ) ;
#158 = CARTESIAN_POINT ( 'NONE',  ( -41.30425800356859867, 0.000000000000000000, -23.47811729628864441 ) ) ;
#159 = CARTESIAN_POINT ( 'NONE',  ( -33.46261586827019130, 2.758210326803123280E-13, -35.22616371442756389 ) ) ;
#160 = CARTESIAN_POINT ( 'NONE',  ( 40.03198010913040150, 3.105155021998484699E-13, 27.35000873458740145 ) ) ;
#161 = AXIS2_PLACEMENT_3D ( 'NONE', #7252, #5674, #5639 ) ;
#162 = DATE_TIME_ROLE ( 'classification_date' ) ;
#163 = CARTESIAN_POINT ( 'NONE',  ( -36.11136541559732649, 3.105155021998484699E-13, 32.23010507145544068 ) ) ;
#164 = CARTESIAN_POINT ( 'NONE',  ( 47.83125034135041176, 10.00000000000000000, 8.960660099667196121 ) ) ;
#165 = DIRECTION ( 'NONE',  ( 0.000000000000000000, 0.7071067811865512365, 0.7071067811865439090 ) ) ;
#166 = CARTESIAN_POINT ( 'NONE',  ( 25.11164975891753315, 10.00000000000000000, -41.93029834468455164 ) ) ;
#167 = CARTESIAN_POINT ( 'NONE',  ( 43.11834910109919861, 2.758210326803123280E-13, -21.11566684129976323 ) ) ;
#168 = VECTOR ( 'NONE', #6390, 1000.000000000000000 ) ;
#169 = CARTESIAN_POINT ( 'NONE',  ( -2.990908725482608332, 0.000000000000000000, 48.49416211901183971 ) ) ;
#170 = CARTESIAN_POINT ( 'NONE',  ( -6.488374333360489743, 0.000000000000000000, -47.25539575134589398 ) ) ;
#171 = CARTESIAN_POINT ( 'NONE',  ( 46.81736925802925953, 3.105155021998484699E-13, 7.894077009628501784 ) ) ;
#172 = CARTESIAN_POINT ( 'NONE',  ( -49.00000000000067502, 2.758210326803123280E-13, -0.07038305244003149885 ) ) ;
#173 = CARTESIAN_POINT ( 'NONE',  ( 43.44038315519323845, 10.00000000000000000, -18.39358694126267224 ) ) ;
#174 = DIRECTION ( 'NONE',  ( 0.000000000000000000, 0.000000000000000000, 1.000000000000000000 ) ) ;
#175 = FACE_BOUND ( 'NONE', #4177, .T. ) ;
#176 = VERTEX_POINT ( 'NONE', #5253 ) ;
#177 = CARTESIAN_POINT ( 'NONE',  ( -41.76916595823358591, 10.00000000000000000, -24.30200957740734324 ) ) ;
#178 = CARTESIAN_POINT ( 'NONE',  ( 36.68117242702464154, 0.000000000000000000, 29.67325348888392966 ) ) ;
#179 = CARTESIAN_POINT ( 'NONE',  ( 35.88785589673904752, 0.000000000000000000, -30.34166624303892945 ) ) ;
#180 = CARTESIAN_POINT ( 'NONE',  ( -40.40192023881714078, 2.758210326803123280E-13, -26.87585679227152013 ) ) ;
#181 = CARTESIAN_POINT ( 'NONE',  ( -9.502749607612642535, 10.00000000000000000, 47.81401925504493988 ) ) ;
#182 = CARTESIAN_POINT ( 'NONE',  ( -48.20490586507293784, 10.00000000000000000, 7.715346297840635970 ) ) ;
#183 = CARTESIAN_POINT ( 'NONE',  ( -6.836039188508168607, 10.00000000000000000, -47.67364694789878854 ) ) ;
#184 = CARTESIAN_POINT ( 'NONE',  ( 9.638685458078610324, 10.00000000000000000, -46.58617613187983153 ) ) ;
#185 = CARTESIAN_POINT ( 'NONE',  ( 43.46957936547061507, 0.000000000000000000, 22.49346172919071662 ) ) ;
#186 = CARTESIAN_POINT ( 'NONE',  ( -47.07165387564119641, 10.00000000000000000, 12.22458185506077832 ) ) ;
#187 = CARTESIAN_POINT ( 'NONE',  ( 9.888361411916978483, 3.105155021998484699E-13, 46.79348573638527853 ) ) ;
#188 = CARTESIAN_POINT ( 'NONE',  ( 18.56707514706781126, 10.00000000000000000, 45.34511145879790206 ) ) ;
#189 = CARTESIAN_POINT ( 'NONE',  ( 40.04918307755477969, 10.00000000000000000, -27.54279833525259846 ) ) ;
#190 = DIRECTION ( 'NONE',  ( -0.000000000000000000, 1.000000000000000000, -0.000000000000000000 ) ) ;
#191 = EDGE_LOOP ( 'NONE', ( #2696, #1724, #2551, #2264 ) ) ;
#192 = CARTESIAN_POINT ( 'NONE',  ( -48.27679355247365578, 0.000000000000000000, -5.475449116906773384 ) ) ;
#193 = CARTESIAN_POINT ( 'NONE',  ( -28.02428562150406322, 2.758210326803123280E-13, -39.99167870436807704 ) ) ;
#194 = CARTESIAN_POINT ( 'NONE',  ( 32.31229380692504805, 3.105155021998484699E-13, 34.45895843396883862 ) ) ;
#195 = CARTESIAN_POINT ( 'NONE',  ( -36.93269067717616139, 3.105155021998484699E-13, 32.01126726963894242 ) ) ;
#196 = CARTESIAN_POINT ( 'NONE',  ( 46.69101150204836159, 10.00000000000000000, 5.972326457509365305 ) ) ;
#197 = CARTESIAN_POINT ( 'NONE',  ( 0.000000000000000000, 2.000000000000000000, 0.000000000000000000 ) ) ;
#198 = CARTESIAN_POINT ( 'NONE',  ( 24.36367472575058102, 10.00000000000000000, -42.51832489761836342 ) ) ;
#199 = CARTESIAN_POINT ( 'NONE',  ( -7.423693273924905078, 0.000000000000000000, 48.18061274185853193 ) ) ;
#200 = CARTESIAN_POINT ( 'NONE',  ( -15.53621156479634280, 0.000000000000000000, -46.44024945229885759 ) ) ;
#201 = CARTESIAN_POINT ( 'NONE',  ( 48.77209273863802963, 3.105155021998484699E-13, 2.531838819621492487 ) ) ;
#202 = FACE_OUTER_BOUND ( 'NONE', #4752, .T. ) ;
#203 = DIRECTION ( 'NONE',  ( 0.000000000000000000, 0.000000000000000000, 1.000000000000000000 ) ) ;
#204 = CARTESIAN_POINT ( 'NONE',  ( -48.13644352861246034, 0.000000000000000000, 1.545359651500180398 ) ) ;
#205 = VERTEX_POINT ( 'NONE', #715 ) ;
#206 = CARTESIAN_POINT ( 'NONE',  ( -44.78155854334718100, 10.00000000000000000, -18.29746868200954779 ) ) ;
#207 = CARTESIAN_POINT ( 'NONE',  ( 35.59206882336751931, 0.000000000000000000, -30.97119661158752280 ) ) ;
#208 = CARTESIAN_POINT ( 'NONE',  ( -43.87735155568416445, 2.758210326803123280E-13, -20.91222684347910743 ) ) ;
#209 = CARTESIAN_POINT ( 'NONE',  ( -10.57080365356085494, 3.105155021998484699E-13, 45.97443897790501666 ) ) ;
#210 = CARTESIAN_POINT ( 'NONE',  ( -46.98971807205598594, 10.00000000000000000, 12.04115489073013201 ) ) ;
#211 = CARTESIAN_POINT ( 'NONE',  ( -4.644197830607593502, 10.00000000000000000, -46.75014313090552776 ) ) ;
#212 = CARTESIAN_POINT ( 'NONE',  ( 4.045410638497346056, 10.00000000000000000, -48.57583986866325176 ) ) ;
#213 = CARTESIAN_POINT ( 'NONE',  ( 43.09234470829333219, 0.000000000000000000, 18.77071706432569087 ) ) ;
#214 = CARTESIAN_POINT ( 'NONE',  ( -41.75264547509615198, 0.000000000000000000, 25.58881073407637885 ) ) ;
#215 = ORIENTED_EDGE ( 'NONE', *, *, #1661, .T. ) ;
#216 = CARTESIAN_POINT ( 'NONE',  ( -48.09558287331679338, 10.00000000000000000, 5.252459889381681180 ) ) ;
#217 = CARTESIAN_POINT ( 'NONE',  ( 10.45795325562310119, 3.105155021998484699E-13, 47.41714284067161600 ) ) ;
#218 = CARTESIAN_POINT ( 'NONE',  ( -4.140029180282105870, 10.00000000000000000, 46.95380462300855129 ) ) ;
#219 = CARTESIAN_POINT ( 'NONE',  ( 35.66008209012070296, 10.00000000000000000, -32.26743866810095795 ) ) ;
#220 = DIRECTION ( 'NONE',  ( 0.000000000000000000, 1.000000000000000000, 0.000000000000000000 ) ) ;
#221 = ORIENTED_EDGE ( 'NONE', *, *, #4730, .F. ) ;
#222 = CONICAL_SURFACE ( 'NONE', #3863, 6.524999999999999467, 0.7853981633974439491 ) ;
#223 = CARTESIAN_POINT ( 'NONE',  ( -47.79401905899558045, 0.000000000000000000, -8.161078932511340867 ) ) ;
#224 = CARTESIAN_POINT ( 'NONE',  ( -28.16252507900433244, 10.00000000000000000, -38.71819953359096189 ) ) ;
#225 = CARTESIAN_POINT ( 'NONE',  ( 35.83547300738513286, 10.00000000000000000, 32.76542501791433182 ) ) ;
#226 = CARTESIAN_POINT ( 'NONE',  ( -40.96071364683631089, 3.105155021998484699E-13, 26.61260216996445038 ) ) ;
#227 = CARTESIAN_POINT ( 'NONE',  ( 47.01001761814102053, 10.00000000000000000, 0.2271179980517399055 ) ) ;
#228 = CARTESIAN_POINT ( 'NONE',  ( 25.98076211353339815, 5.000000000000000000, -14.99999999999957900 ) ) ;
#229 = CARTESIAN_POINT ( 'NONE',  ( 22.91024116607295014, 10.00000000000000000, -42.63720566932308031 ) ) ;
#230 = CARTESIAN_POINT ( 'NONE',  ( -21.96948000173770765, 0.000000000000000000, 43.73324238589106017 ) ) ;
#231 = APPROVAL ( #5467, 'UNSPECIFIED' ) ;
#232 = CARTESIAN_POINT ( 'NONE',  ( -18.40204756939328590, 0.000000000000000000, -43.41389834617501720 ) ) ;
#233 = CARTESIAN_POINT ( 'NONE',  ( 46.16891714022615645, 10.00000000000000000, 16.29749940164699495 ) ) ;
#234 = DIRECTION ( 'NONE',  ( 0.000000000000000000, 1.000000000000000000, 0.000000000000000000 ) ) ;
#235 = CARTESIAN_POINT ( 'NONE',  ( 25.98076211353288301, 1.500000000000000000, 15.00000000000047784 ) ) ;
#236 = DIRECTION ( 'NONE',  ( 0.000000000000000000, 1.000000000000000000, 0.000000000000000000 ) ) ;
#237 = ORIENTED_EDGE ( 'NONE', *, *, #1728, .F. ) ;
#238 = CARTESIAN_POINT ( 'NONE',  ( -48.20490586501740893, 10.00000000000000000, -7.715346298519425439 ) ) ;
#239 = VERTEX_POINT ( 'NONE', #1402 ) ;
#240 = CARTESIAN_POINT ( 'NONE',  ( 30.96471119739343436, 0.000000000000000000, -37.31029519942948980 ) ) ;
#241 = CARTESIAN_POINT ( 'NONE',  ( -44.94078716842351184, 10.00000000000000000, -19.37988316404937095 ) ) ;
#242 = CARTESIAN_POINT ( 'NONE',  ( -9.701618094600064524, 3.105155021998484699E-13, 47.61329664848133802 ) ) ;
#243 = CARTESIAN_POINT ( 'NONE',  ( -46.22327082322716763, 10.00000000000000000, 11.24711602213648121 ) ) ;
#244 = ADVANCED_FACE ( 'NONE', ( #1954 ), #1369, .F. ) ;
#245 = CARTESIAN_POINT ( 'NONE',  ( -20.53663542222595595, 10.00000000000000000, -44.26616660397868941 ) ) ;
#246 = CARTESIAN_POINT ( 'NONE',  ( 3.415515231684342456, 10.00000000000000000, -47.90363493238852755 ) ) ;
#247 = CARTESIAN_POINT ( 'NONE',  ( 46.16891714022615645, 0.000000000000000000, 16.29749940164699495 ) ) ;
#248 = CARTESIAN_POINT ( 'NONE',  ( -41.40346119679664838, 0.000000000000000000, 22.19282339070225518 ) ) ;
#249 = CARTESIAN_POINT ( 'NONE',  ( -46.46132477048541176, 10.00000000000000000, 11.55733942136279424 ) ) ;
#250 = CARTESIAN_POINT ( 'NONE',  ( 16.67966783511800344, 10.00000000000000000, 45.35459813145998709 ) ) ;
#251 = CARTESIAN_POINT ( 'NONE',  ( 4.045410638147467708, 10.00000000000000000, 48.57583986836085188 ) ) ;
#252 = CARTESIAN_POINT ( 'NONE',  ( 47.46058379547157813, 0.000000000000000000, 8.519075685039375401 ) ) ;
#253 = CARTESIAN_POINT ( 'NONE',  ( 35.52546921106628020, 10.00000000000000000, -31.64043456674146881 ) ) ;
#254 = LINE ( 'NONE', #2497, #5906 ) ;
#255 = ORIENTED_EDGE ( 'NONE', *, *, #2163, .T. ) ;
#256 = CONICAL_SURFACE ( 'NONE', #5203, 15.09999999999999964, 0.7853981633974500554 ) ;
#257 = CARTESIAN_POINT ( 'NONE',  ( -30.56645755469000747, 10.00000000000000000, -36.64244819198545144 ) ) ;
#258 = CARTESIAN_POINT ( 'NONE',  ( 33.57032259454191347, 3.105155021998484699E-13, 34.56409139248570739 ) ) ;
#259 = CARTESIAN_POINT ( 'NONE',  ( -41.40346119679664838, 3.105155021998484699E-13, 22.19282339070225518 ) ) ;
#260 = CARTESIAN_POINT ( 'NONE',  ( -31.96777131242016523, 3.105155021998484699E-13, 36.89581434568024321 ) ) ;
#261 = CIRCLE ( 'NONE', #1779, 7.525000000000018119 ) ;
#262 = CARTESIAN_POINT ( 'NONE',  ( 40.02751475087486455, 10.00000000000000000, 27.91137694777663825 ) ) ;
#263 = DIRECTION ( 'NONE',  ( 0.000000000000000000, 0.000000000000000000, 1.000000000000000000 ) ) ;
#264 = CARTESIAN_POINT ( 'NONE',  ( 19.49309979437110485, 2.758210326803123280E-13, -44.16816589585721431 ) ) ;
#265 = CARTESIAN_POINT ( 'NONE',  ( -25.58491539914414759, 0.000000000000000000, 40.72150743516377247 ) ) ;
#266 = VECTOR ( 'NONE', #4789, 1000.000000000000000 ) ;
#267 = CARTESIAN_POINT ( 'NONE',  ( -20.16989368156881213, 0.000000000000000000, -44.22350273549039912 ) ) ;
#268 = CARTESIAN_POINT ( 'NONE',  ( 46.47266627683387696, 3.105155021998484699E-13, 11.59441795637594375 ) ) ;
#269 = CARTESIAN_POINT ( 'NONE',  ( 46.99999999999997158, 0.000000000000000000, -4.799259554187569168E-12 ) ) ;
#270 = DIRECTION ( 'NONE',  ( -0.000000000000000000, 1.000000000000000000, -0.000000000000000000 ) ) ;
#271 = CARTESIAN_POINT ( 'NONE',  ( 25.98076211353339815, 5.000000000000000000, -14.99999999999957900 ) ) ;
#272 = ORIENTED_EDGE ( 'NONE', *, *, #5566, .T. ) ;
#273 = CARTESIAN_POINT ( 'NONE',  ( -22.68260106858051017, 10.00000000000000000, 41.57123939433080295 ) ) ;
#274 = AXIS2_PLACEMENT_3D ( 'NONE', #2605, #7106, #2049 ) ;
#275 = FACE_OUTER_BOUND ( 'NONE', #736, .T. ) ;
#276 = CARTESIAN_POINT ( 'NONE',  ( -19.98302025225905965, 2.758210326803123280E-13, -44.17308355618402516 ) ) ;
#277 = ORIENTED_EDGE ( 'NONE', *, *, #4604, .T. ) ;
#278 = CARTESIAN_POINT ( 'NONE',  ( 30.78997066976540253, 0.000000000000000000, 36.14083870392153131 ) ) ;
#279 = CARTESIAN_POINT ( 'NONE',  ( 30.79779147608912737, 0.000000000000000000, -36.76856092968582601 ) ) ;
#280 = CIRCLE ( 'NONE', #4156, 3.499999999999999556 ) ;
#281 = CARTESIAN_POINT ( 'NONE',  ( -44.85295710366439437, 2.758210326803123280E-13, -19.73540441202000295 ) ) ;
#282 = CARTESIAN_POINT ( 'NONE',  ( 48.27420884676259760, 2.758210326803123280E-13, -4.756445711797379516 ) ) ;
#283 = CARTESIAN_POINT ( 'NONE',  ( -8.352241861748312957, 3.105155021998484699E-13, 48.28702373624292221 ) ) ;
#284 = CARTESIAN_POINT ( 'NONE',  ( -46.21235154911381926, 3.105155021998484699E-13, 9.132568660383977743 ) ) ;
#285 = CARTESIAN_POINT ( 'NONE',  ( -22.85283134669405314, 10.00000000000000000, -41.27660938883851571 ) ) ;
#286 = CARTESIAN_POINT ( 'NONE',  ( 3.415515231684342456, 2.758210326803123280E-13, -47.90363493238852755 ) ) ;
#287 = CARTESIAN_POINT ( 'NONE',  ( -47.14519658003514735, 10.00000000000000000, 13.37863006677303979 ) ) ;
#288 = CARTESIAN_POINT ( 'NONE',  ( 10.11438034126333285, 10.00000000000000000, 47.01625643733036952 ) ) ;
#289 = CARTESIAN_POINT ( 'NONE',  ( -3.231370336853427894, 10.00000000000000000, 48.02384020727905778 ) ) ;
#290 = CARTESIAN_POINT ( 'NONE',  ( 47.76896890538773022, 0.000000000000000000, 4.954753279271195687 ) ) ;
#291 = CARTESIAN_POINT ( 'NONE',  ( 21.90432779166033939, 10.00000000000000000, -42.06592276796460794 ) ) ;
#292 = CARTESIAN_POINT ( 'NONE',  ( 22.72236348826744035, -5.868986283848342644, 28.66770533816860222 ) ) ;
#293 = ORIENTED_EDGE ( 'NONE', *, *, #3830, .T. ) ;
#294 = CARTESIAN_POINT ( 'NONE',  ( -48.41781468095580010, 0.000000000000000000, -5.750934167702263622 ) ) ;
#295 = CARTESIAN_POINT ( 'NONE',  ( -29.53041312804161223, 10.00000000000000000, -36.70068046428787056 ) ) ;
#296 = CARTESIAN_POINT ( 'NONE',  ( 35.73409833031710292, 10.00000000000000000, 33.28966224867235013 ) ) ;
#297 = CARTESIAN_POINT ( 'NONE',  ( -41.88715047131236702, 3.105155021998484699E-13, 24.94795369224215875 ) ) ;
#298 = CARTESIAN_POINT ( 'NONE',  ( -28.17542666231035398, 10.00000000000000000, 38.89176394469549081 ) ) ;
#299 = CARTESIAN_POINT ( 'NONE',  ( 42.86537817323266353, 10.00000000000000000, 19.22876030366260380 ) ) ;
#300 = CARTESIAN_POINT ( 'NONE',  ( 47.01001761814419666, 10.00000000000000000, -0.2271179980560636136 ) ) ;
#301 = CARTESIAN_POINT ( 'NONE',  ( -16.44346210324423296, 0.000000000000000000, 44.82887006669356111 ) ) ;
#302 = CARTESIAN_POINT ( 'NONE',  ( -23.97613782508700453, 0.000000000000000000, -40.49207715378800287 ) ) ;
#303 = CARTESIAN_POINT ( 'NONE',  ( 47.66789133759289143, 10.00000000000000000, 10.88445959773475380 ) ) ;
#304 = CARTESIAN_POINT ( 'NONE',  ( 0.000000000000000000, 5.000000000000000000, -22.47500000000000853 ) ) ;
#305 = AXIS2_PLACEMENT_3D ( 'NONE', #4171, #5283, #6493 ) ;
#306 = CYLINDRICAL_SURFACE ( 'NONE', #5136, 42.50000000000000711 ) ;
#307 = FACE_BOUND ( 'NONE', #6975, .T. ) ;
#308 = ORIENTED_EDGE ( 'NONE', *, *, #4987, .T. ) ;
#309 = CARTESIAN_POINT ( 'NONE',  ( 25.98076211353339815, 1.500000000000000000, -14.99999999999957900 ) ) ;
#310 = ORIENTED_EDGE ( 'NONE', *, *, #990, .T. ) ;
#311 = CARTESIAN_POINT ( 'NONE',  ( 31.01521223620300916, 0.000000000000000000, 35.45478607993765507 ) ) ;
#312 = CC_DESIGN_APPROVAL ( #457, ( #3961 ) ) ;
#313 = CARTESIAN_POINT ( 'NONE',  ( 24.89161173604185961, 0.000000000000000000, -42.16141674386349081 ) ) ;
#314 = CARTESIAN_POINT ( 'NONE',  ( -44.04032416192935528, 10.00000000000000000, -16.58051099783835980 ) ) ;
#315 = CARTESIAN_POINT ( 'NONE',  ( 47.28240673518403980, 10.00000000000000000, -5.240457780494574891 ) ) ;
#316 = CARTESIAN_POINT ( 'NONE',  ( -20.16989368188736265, 3.105155021998484699E-13, 44.22350273501361784 ) ) ;
#317 = CARTESIAN_POINT ( 'NONE',  ( -49.00000000000002842, 10.00000000000000000, -3.531486802060992653E-10 ) ) ;
#318 = ORGANIZATION ( 'NAUO-ORG1', 'UNSPECIFIED', 'UNSPECIFIED' ) ;
#319 = CARTESIAN_POINT ( 'NONE',  ( -27.90557941530940411, 10.00000000000000000, -40.15990372591959812 ) ) ;
#320 = CARTESIAN_POINT ( 'NONE',  ( 0.1113255318571442914, 2.758210326803123280E-13, -47.75585073242009315 ) ) ;
#321 = ORIENTED_EDGE ( 'NONE', *, *, #4147, .T. ) ;
#322 = ADVANCED_FACE ( 'NONE', ( #6460 ), #750, .F. ) ;
#323 = ADVANCED_FACE ( 'NONE', ( #4137 ), #1887, .F. ) ;
#324 = DIRECTION ( 'NONE',  ( 0.000000000000000000, 0.7071067811865505703, 0.7071067811865444641 ) ) ;
#325 = CARTESIAN_POINT ( 'NONE',  ( 10.69817096318923255, 10.00000000000000000, 47.51997400064495025 ) ) ;
#326 = CARTESIAN_POINT ( 'NONE',  ( 3.202426590175039944, 10.00000000000000000, 47.62871612187132797 ) ) ;
#327 = CARTESIAN_POINT ( 'NONE',  ( 47.01651976824830115, 0.000000000000000000, 8.150104650336842838 ) ) ;
#328 = CARTESIAN_POINT ( 'NONE',  ( 19.09554366382848656, 10.00000000000000000, -44.95965823793940785 ) ) ;
#329 = DIRECTION ( 'NONE',  ( -0.000000000000000000, 1.000000000000000000, -0.000000000000000000 ) ) ;
#330 = ORIENTED_EDGE ( 'NONE', *, *, #367, .F. ) ;
#331 = CARTESIAN_POINT ( 'NONE',  ( -47.42108593938024086, 0.000000000000000000, -4.803653317953778590 ) ) ;
#332 = CARTESIAN_POINT ( 'NONE',  ( -33.35277019317332048, 10.00000000000000000, -33.30754164194094358 ) ) ;
#333 = CARTESIAN_POINT ( 'NONE',  ( 35.58016677073935341, 10.00000000000000000, 31.96031499099560236 ) ) ;
#334 = CARTESIAN_POINT ( 'NONE',  ( -41.75264547509615198, 10.00000000000000000, 25.58881073407637885 ) ) ;
#335 = CARTESIAN_POINT ( 'NONE',  ( -28.51769218306010956, 3.105155021998484699E-13, 37.44943886017198764 ) ) ;
#336 = CARTESIAN_POINT ( 'NONE',  ( 44.16854487187053024, 10.00000000000000000, 18.00862112953056382 ) ) ;
#337 = CARTESIAN_POINT ( 'NONE',  ( 47.09184339539632447, 10.00000000000000000, -5.407811128156800429 ) ) ;
#338 = EDGE_CURVE ( 'NONE', #1885, #2008, #1065, .T. ) ;
#339 = EDGE_LOOP ( 'NONE', ( #4912, #837 ) ) ;
#340 = VECTOR ( 'NONE', #1146, 1000.000000000000000 ) ;
#341 = CARTESIAN_POINT ( 'NONE',  ( -19.01068499173365467, 0.000000000000000000, 43.53569918578677544 ) ) ;
#342 = CARTESIAN_POINT ( 'NONE',  ( -19.53254084227967624, 0.000000000000000000, -43.80290274801825490 ) ) ;
#343 = APPLICATION_PROTOCOL_DEFINITION ( 'international standard', 'config_control_design', 1994, #5191 ) ;
#344 = CARTESIAN_POINT ( 'NONE',  ( 47.01651976824830115, 3.105155021998484699E-13, 8.150104650336842838 ) ) ;
#345 = CARTESIAN_POINT ( 'NONE',  ( 0.000000000000000000, 5.000000000000000000, -30.00000000000000000 ) ) ;
#346 = DATE_AND_TIME ( #3690, #3611 ) ;
#347 = CYLINDRICAL_SURFACE ( 'NONE', #1503, 42.50000000000000711 ) ;
#348 = CARTESIAN_POINT ( 'NONE',  ( -25.98076211353329867, 3.999999999999973355, 8.474999999999763389 ) ) ;
#349 = ORIENTED_EDGE ( 'NONE', *, *, #7117, .T. ) ;
#350 = ORIENTED_EDGE ( 'NONE', *, *, #4281, .T. ) ;
#351 = CARTESIAN_POINT ( 'NONE',  ( 30.88106224464516103, 0.000000000000000000, 37.60959895122658025 ) ) ;
#352 = CARTESIAN_POINT ( 'NONE',  ( 33.73411894796562649, 0.000000000000000000, -34.64725733244092964 ) ) ;
#353 = CARTESIAN_POINT ( 'NONE',  ( -46.06605038831766308, 2.758210326803123280E-13, -14.76835635972747518 ) ) ;
#354 = CARTESIAN_POINT ( 'NONE',  ( 47.46122657537090817, 2.758210326803123280E-13, -5.116862069175397210 ) ) ;
#355 = CARTESIAN_POINT ( 'NONE',  ( -21.67370368699710781, 10.00000000000000000, 43.94910676293515195 ) ) ;
#356 = CARTESIAN_POINT ( 'NONE',  ( -48.73775252399465785, 3.105155021998484699E-13, 1.062583229773684357 ) ) ;
#357 = CARTESIAN_POINT ( 'NONE',  ( -17.45161947546543146, 10.00000000000000000, -43.61432089167389847 ) ) ;
#358 = CARTESIAN_POINT ( 'NONE',  ( 3.049674978476205833, 10.00000000000000000, -47.47408321639377959 ) ) ;
#359 = EDGE_LOOP ( 'NONE', ( #3074, #5680, #2886, #3431 ) ) ;
#360 = DIRECTION ( 'NONE',  ( 0.000000000000000000, 0.000000000000000000, 1.000000000000000000 ) ) ;
#361 = CARTESIAN_POINT ( 'NONE',  ( -2.133709875451472726E-13, 1.500000000000000000, 30.00000000000000000 ) ) ;
#362 = CARTESIAN_POINT ( 'NONE',  ( 9.345597098019135629, 3.105155021998484699E-13, 46.42551185390585999 ) ) ;
#363 = CARTESIAN_POINT ( 'NONE',  ( 3.313832755917772488, 10.00000000000000000, 47.76238363015728794 ) ) ;
#364 = CARTESIAN_POINT ( 'NONE',  ( 48.77209273863802963, 0.000000000000000000, 2.531838819621492487 ) ) ;
#365 = CARTESIAN_POINT ( 'NONE',  ( 18.26350984908127018, 10.00000000000000000, -45.47796463887212326 ) ) ;
#366 = EDGE_CURVE ( 'NONE', #3951, #4664, #5430, .T. ) ;
#367 = EDGE_CURVE ( 'NONE', #5783, #986, #2839, .T. ) ;
#368 = CARTESIAN_POINT ( 'NONE',  ( 9.499999999999793943, 5.000000000000000000, 17.35448267190446003 ) ) ;
#369 = EDGE_LOOP ( 'NONE', ( #2861, #5907 ) ) ;
#370 = CARTESIAN_POINT ( 'NONE',  ( -33.27739363061889577, 2.758210326803123280E-13, -34.44930059947426315 ) ) ;
#371 = CARTESIAN_POINT ( 'NONE',  ( 27.00987747813763562, 3.105155021998484699E-13, 38.62986057936476669 ) ) ;
#372 = CARTESIAN_POINT ( 'NONE',  ( -37.64950513550373756, 3.105155021998484699E-13, 28.42368189153648572 ) ) ;
#373 = CARTESIAN_POINT ( 'NONE',  ( -31.10802785787805647, 10.00000000000000000, 36.84253340256477571 ) ) ;
#374 = CARTESIAN_POINT ( 'NONE',  ( 40.03198010913040150, 10.00000000000000000, 27.35000873458740145 ) ) ;
#375 = CARTESIAN_POINT ( 'NONE',  ( 48.87775430137079269, 10.00000000000000000, -3.552822324683477362 ) ) ;
#376 = VECTOR ( 'NONE', #6825, 1000.000000000000000 ) ;
#377 = VERTEX_POINT ( 'NONE', #4803 ) ;
#378 = CARTESIAN_POINT ( 'NONE',  ( 42.54913690589000197, 10.00000000000000000, -23.80135955396234948 ) ) ;
#379 = CARTESIAN_POINT ( 'NONE',  ( -19.68822740932168358, 0.000000000000000000, 43.92142064847359251 ) ) ;
#380 = CARTESIAN_POINT ( 'NONE',  ( -28.26301930803733242, 0.000000000000000000, -39.23805508166571343 ) ) ;
#381 = PERSON_AND_ORGANIZATION ( #3204, #5727 ) ;
#382 = CARTESIAN_POINT ( 'NONE',  ( 47.23806058846963651, 3.105155021998484699E-13, 11.36639356205567708 ) ) ;
#383 = CARTESIAN_POINT ( 'NONE',  ( 0.000000000000000000, 0.000000000000000000, 0.000000000000000000 ) ) ;
#384 = CYLINDRICAL_SURFACE ( 'NONE', #2987, 13.10000000000000142 ) ;
#385 = CARTESIAN_POINT ( 'NONE',  ( 25.98076211353339815, 1.500000000000000000, -21.52499999999957581 ) ) ;
#386 = ORIENTED_EDGE ( 'NONE', *, *, #6223, .T. ) ;
#387 = CARTESIAN_POINT ( 'NONE',  ( 33.23961192620502203, 10.00000000000000000, -34.45801783344721514 ) ) ;
#388 = CARTESIAN_POINT ( 'NONE',  ( -22.34997608210678166, 2.758210326803123280E-13, -43.27906376230852459 ) ) ;
#389 = EDGE_LOOP ( 'NONE', ( #2969, #6238, #5933, #7035 ) ) ;
#390 = CARTESIAN_POINT ( 'NONE',  ( 27.00987747813763562, 0.000000000000000000, 38.62986057936476669 ) ) ;
#391 = CARTESIAN_POINT ( 'NONE',  ( 30.40816549910367783, 0.000000000000000000, -38.41069024788193786 ) ) ;
#392 = CARTESIAN_POINT ( 'NONE',  ( -46.10143807492499946, 10.00000000000000000, -11.02467881611131162 ) ) ;
#393 = CARTESIAN_POINT ( 'NONE',  ( 47.46058379553293349, 2.758210326803123280E-13, -8.519075685029187994 ) ) ;
#394 = CARTESIAN_POINT ( 'NONE',  ( -19.98302025257725489, 10.00000000000000000, 44.17308355570857969 ) ) ;
#395 = VECTOR ( 'NONE', #3755, 1000.000000000000000 ) ;
#396 = CYLINDRICAL_SURFACE ( 'NONE', #2627, 0.9000000000000014655 ) ;
#397 = CARTESIAN_POINT ( 'NONE',  ( -24.32017664412100899, 10.00000000000000000, -40.42943719114787626 ) ) ;
#398 = CARTESIAN_POINT ( 'NONE',  ( -0.1479874801812377516, 10.00000000000000000, -48.21897113134239277 ) ) ;
#399 = AXIS2_PLACEMENT_3D ( 'NONE', #1918, #6357, #6833 ) ;
#400 = ORIENTED_EDGE ( 'NONE', *, *, #743, .T. ) ;
#401 = DIRECTION ( 'NONE',  ( -0.000000000000000000, -1.000000000000000000, 0.000000000000000000 ) ) ;
#402 = CARTESIAN_POINT ( 'NONE',  ( 5.324552022189197764, 3.105155021998484699E-13, 48.71455882866226261 ) ) ;
#403 = CARTESIAN_POINT ( 'NONE',  ( -12.84417367610372551, 10.00000000000000000, 45.79109786995854137 ) ) ;
#404 = CARTESIAN_POINT ( 'NONE',  ( 47.83125034135041176, 0.000000000000000000, 8.960660099667196121 ) ) ;
#405 = CARTESIAN_POINT ( 'NONE',  ( 27.00987747841588060, 10.00000000000000000, -38.62986057950179486 ) ) ;
#406 = CARTESIAN_POINT ( 'NONE',  ( 21.90432779166033939, 2.758210326803123280E-13, -42.06592276796460794 ) ) ;
#407 = LINE ( 'NONE', #3130, #1207 ) ;
#408 = ORIENTED_EDGE ( 'NONE', *, *, #3398, .T. ) ;
#409 = CARTESIAN_POINT ( 'NONE',  ( 25.28302191772680274, 3.105155021998484699E-13, 41.68034871153472665 ) ) ;
#410 = CARTESIAN_POINT ( 'NONE',  ( 11.90255470057654463, 0.5000000000000327516, 33.25958427549098673 ) ) ;
#411 = CARTESIAN_POINT ( 'NONE',  ( 42.76889367697482669, 10.00000000000000000, 19.64455119567547214 ) ) ;
#412 = CARTESIAN_POINT ( 'NONE',  ( 25.98076211353339815, 1.500000000000000000, -14.99999999999957900 ) ) ;
#413 = CARTESIAN_POINT ( 'NONE',  ( -31.36650230825674512, 0.000000000000000000, 36.97315242616055286 ) ) ;
#414 = VECTOR ( 'NONE', #5729, 1000.000000000000000 ) ;
#415 = CARTESIAN_POINT ( 'NONE',  ( -33.23888001619938848, 0.000000000000000000, -34.16152856408135818 ) ) ;
#416 = APPROVAL_DATE_TIME ( #5389, #231 ) ;
#417 = CARTESIAN_POINT ( 'NONE',  ( 41.61168374960330141, 3.105155021998484699E-13, 23.93017586742096370 ) ) ;
#418 = CARTESIAN_POINT ( 'NONE',  ( 0.000000000000000000, 2.000000000000000000, 0.000000000000000000 ) ) ;
#419 = FACE_OUTER_BOUND ( 'NONE', #5106, .T. ) ;
#420 = EDGE_LOOP ( 'NONE', ( #4027, #5169, #716, #148 ) ) ;
#421 = CARTESIAN_POINT ( 'NONE',  ( -38.01378767782049550, 10.00000000000000000, 30.51941404773861422 ) ) ;
#422 = CARTESIAN_POINT ( 'NONE',  ( 35.82279732335787514, 10.00000000000000000, -32.51019160154715593 ) ) ;
#423 = CARTESIAN_POINT ( 'NONE',  ( -24.99081225330401068, 2.758210326803123280E-13, -40.48006136511772723 ) ) ;
#424 = CARTESIAN_POINT ( 'NONE',  ( 6.712294464892390344, 0.000000000000000000, 47.35351200882237777 ) ) ;
#425 = CARTESIAN_POINT ( 'NONE',  ( 19.49309979437110485, 0.000000000000000000, -44.16816589585721431 ) ) ;
#426 = CARTESIAN_POINT ( 'NONE',  ( -46.69386976621652252, 10.00000000000000000, -8.594477431465724848 ) ) ;
#427 = CARTESIAN_POINT ( 'NONE',  ( 48.89907398105253833, 2.758210326803123280E-13, -3.215505859448902548 ) ) ;
#428 = CARTESIAN_POINT ( 'NONE',  ( -47.66417753838507565, 10.00000000000000000, 1.815838320205932721 ) ) ;
#429 = CARTESIAN_POINT ( 'NONE',  ( -39.56029081510322243, 10.00000000000000000, -26.79554503619569061 ) ) ;
#430 = CARTESIAN_POINT ( 'NONE',  ( -9.256225765493898194, 10.00000000000000000, -47.99028174820654158 ) ) ;
#431 = EDGE_CURVE ( 'NONE', #2133, #2323, #5885, .T. ) ;
#432 = ORIENTED_EDGE ( 'NONE', *, *, #6443, .T. ) ;
#433 = CARTESIAN_POINT ( 'NONE',  ( 43.09234470842852716, 0.000000000000000000, -18.77071706434695386 ) ) ;
#434 = CARTESIAN_POINT ( 'NONE',  ( 25.98076211353339815, 0.000000000000000000, -14.99999999999957900 ) ) ;
#435 = APPROVAL_PERSON_ORGANIZATION ( #6084, #549, #4908 ) ;
#436 = CARTESIAN_POINT ( 'NONE',  ( 3.049674978134273129, 3.105155021998484699E-13, 47.47408321608416770 ) ) ;
#437 = CARTESIAN_POINT ( 'NONE',  ( -46.01862772539637092, 0.000000000000000000, 9.527638197073789783 ) ) ;
#438 = CARTESIAN_POINT ( 'NONE',  ( -18.40204756970596378, 10.00000000000000000, 43.41389834571099016 ) ) ;
#439 = CARTESIAN_POINT ( 'NONE',  ( 30.79779147608912737, 10.00000000000000000, -36.76856092968582601 ) ) ;
#440 = CARTESIAN_POINT ( 'NONE',  ( 15.94902323086655116, 10.00000000000000000, -44.75368592630054820 ) ) ;
#441 = CARTESIAN_POINT ( 'NONE',  ( 0.000000000000000000, 5.000000000000000000, 0.000000000000000000 ) ) ;
#442 = CARTESIAN_POINT ( 'NONE',  ( 30.86910644769476875, 10.00000000000000000, 35.79831709876035006 ) ) ;
#443 = CARTESIAN_POINT ( 'NONE',  ( -2.133709875451472726E-13, 1.500000000000000000, 30.00000000000000000 ) ) ;
#444 = CARTESIAN_POINT ( 'NONE',  ( 30.78413878900440892, 10.00000000000000000, 37.88899995952667865 ) ) ;
#445 = DIRECTION ( 'NONE',  ( 0.000000000000000000, 0.000000000000000000, 1.000000000000000000 ) ) ;
#446 = CARTESIAN_POINT ( 'NONE',  ( -49.00000000000002842, 10.00000000000000000, -3.531486802060992653E-10 ) ) ;
#447 = ORIENTED_EDGE ( 'NONE', *, *, #3387, .F. ) ;
#448 = CARTESIAN_POINT ( 'NONE',  ( -33.39357040528364706, 0.000000000000000000, 35.52784148734748015 ) ) ;
#449 = CARTESIAN_POINT ( 'NONE',  ( -28.32447849061481193, 0.000000000000000000, -37.80513279534243765 ) ) ;
#450 = CALENDAR_DATE ( 2026, 12, 8 ) ;
#451 = CARTESIAN_POINT ( 'NONE',  ( 44.95693045144007982, 3.105155021998484699E-13, 17.93557531665695137 ) ) ;
#452 = CARTESIAN_POINT ( 'NONE',  ( -2.129423611654457122E-13, 0.000000000000000000, 26.50000000000000000 ) ) ;
#453 = CYLINDRICAL_SURFACE ( 'NONE', #5312, 6.524999999999995914 ) ;
#454 = ORIENTED_EDGE ( 'NONE', *, *, #1661, .F. ) ;
#455 = CARTESIAN_POINT ( 'NONE',  ( 33.92280546877942271, 2.758210326803123280E-13, -34.67371199711350016 ) ) ;
#456 = CARTESIAN_POINT ( 'NONE',  ( -26.04487969008613391, 2.758210326803123280E-13, -40.98070861216582017 ) ) ;
#457 = APPROVAL ( #6673, 'UNSPECIFIED' ) ;
#458 = ADVANCED_FACE ( 'NONE', ( #175, #5320, #3656, #5903, #2514, #6391, #6358, #7048, #1295, #1335, #3112, #3589, #5358, #3552, #5833, #307 ), #4728, .F. ) ;
#459 = CARTESIAN_POINT ( 'NONE',  ( 11.28158826323719843, 0.000000000000000000, 47.62331684550641597 ) ) ;
#460 = CARTESIAN_POINT ( 'NONE',  ( 10.69817096353150809, 0.000000000000000000, -47.51997400089940982 ) ) ;
#461 = CARTESIAN_POINT ( 'NONE',  ( -47.79401905899558045, 10.00000000000000000, -8.161078932511340867 ) ) ;
#462 = CARTESIAN_POINT ( 'NONE',  ( 45.20527538362650688, 10.00000000000000000, -17.82219091192827420 ) ) ;
#463 = CARTESIAN_POINT ( 'NONE',  ( -16.54945442444102710, 3.105155021998484699E-13, 44.53514656127515536 ) ) ;
#464 = CARTESIAN_POINT ( 'NONE',  ( -48.53784371710394652, 10.00000000000000000, 6.792624207195005148 ) ) ;
#465 = CARTESIAN_POINT ( 'NONE',  ( -36.11136541536514954, 10.00000000000000000, -32.23010507204705277 ) ) ;
#466 = CARTESIAN_POINT ( 'NONE',  ( -13.08109660311778377, 2.758210326803123280E-13, -45.95544314689851007 ) ) ;
#467 = CARTESIAN_POINT ( 'NONE',  ( 39.66449070730438109, 0.000000000000000000, 25.22900976876788448 ) ) ;
#468 = CARTESIAN_POINT ( 'NONE',  ( 46.65782213717702120, 0.000000000000000000, -7.580822739797713261 ) ) ;
#469 = FACE_OUTER_BOUND ( 'NONE', #2243, .T. ) ;
#470 = CARTESIAN_POINT ( 'NONE',  ( 7.988445472473713060, 10.00000000000000000, 46.31133393131796794 ) ) ;
#471 = EDGE_CURVE ( 'NONE', #1623, #239, #2550, .T. ) ;
#472 = CARTESIAN_POINT ( 'NONE',  ( -44.87847118984348072, 0.000000000000000000, 15.11923143057803109 ) ) ;
#473 = CARTESIAN_POINT ( 'NONE',  ( -13.30744967007983881, 10.00000000000000000, 46.12998155877874495 ) ) ;
#474 = CARTESIAN_POINT ( 'NONE',  ( 7.357205119058143339, 10.00000000000000000, -46.60345391097529699 ) ) ;
#475 = CARTESIAN_POINT ( 'NONE',  ( 13.39376134504259852, 10.00000000000000000, -45.61081825756858876 ) ) ;
#476 = CARTESIAN_POINT ( 'NONE',  ( 9.500000000000133227, 0.000000000000000000, -16.45448267190425895 ) ) ;
#477 = CARTESIAN_POINT ( 'NONE',  ( 28.14737955430765837, 10.00000000000000000, 38.75389351849127451 ) ) ;
#478 = DIRECTION ( 'NONE',  ( -0.000000000000000000, 1.000000000000000000, -0.000000000000000000 ) ) ;
#479 = CARTESIAN_POINT ( 'NONE',  ( 28.88027686890584178, 10.00000000000000000, 39.07120267836979366 ) ) ;
#480 = CARTESIAN_POINT ( 'NONE',  ( 43.32333055686369505, 10.00000000000000000, -21.30485502515950813 ) ) ;
#481 = CARTESIAN_POINT ( 'NONE',  ( -46.22327082314613023, 10.00000000000000000, -11.24711602280099498 ) ) ;
#482 = CARTESIAN_POINT ( 'NONE',  ( -36.93269067717616139, 0.000000000000000000, 32.01126726963894242 ) ) ;
#483 = CARTESIAN_POINT ( 'NONE',  ( -36.11136541536514954, 0.000000000000000000, -32.23010507204705277 ) ) ;
#484 = CALENDAR_DATE ( 2026, 12, 8 ) ;
#485 = CARTESIAN_POINT ( 'NONE',  ( 43.52754636355199835, 3.105155021998484699E-13, 22.16671749007829106 ) ) ;
#486 =( LENGTH_UNIT ( ) NAMED_UNIT ( * ) SI_UNIT ( .MILLI., .METRE. ) );
#487 = CIRCLE ( 'NONE', #5317, 3.499999999999999556 ) ;
#488 = DIRECTION ( 'NONE',  ( 0.000000000000000000, 0.000000000000000000, 1.000000000000000000 ) ) ;
#489 = CYLINDRICAL_SURFACE ( 'NONE', #6018, 0.8999999999999998002 ) ;
#490 = VERTEX_POINT ( 'NONE', #959 ) ;
#491 = CARTESIAN_POINT ( 'NONE',  ( 34.12262364864761821, 2.758210326803123280E-13, -34.65295765593768351 ) ) ;
#492 = CARTESIAN_POINT ( 'NONE',  ( -27.51569821798948468, 10.00000000000000000, -40.55297343757489870 ) ) ;
#493 = VERTEX_POINT ( 'NONE', #1988 ) ;
#494 = CARTESIAN_POINT ( 'NONE',  ( 12.72176798425815036, 0.000000000000000000, 47.11054574171100739 ) ) ;
#495 = CARTESIAN_POINT ( 'NONE',  ( 4.691435564937480152, 0.000000000000000000, -48.74242142725789506 ) ) ;
#496 = CARTESIAN_POINT ( 'NONE',  ( 12.27621833645988048, 3.382710778154773834E-14, 34.50740186172188118 ) ) ;
#497 = DESIGN_CONTEXT ( 'detailed design', #5191, 'design' ) ;
#498 = CARTESIAN_POINT ( 'NONE',  ( -48.53784371705505407, 10.00000000000000000, -6.792624207876193587 ) ) ;
#499 = CARTESIAN_POINT ( 'NONE',  ( 47.93386787982855424, 2.758210326803123280E-13, -10.21794103202034876 ) ) ;
#500 = CARTESIAN_POINT ( 'NONE',  ( -27.51569821828158879, 10.00000000000000000, 40.55297343704524593 ) ) ;
#501 = DIRECTION ( 'NONE',  ( 0.2868677519576806056, 1.035495069920062815E-15, 0.9579701941536314935 ) ) ;
#502 = CIRCLE ( 'NONE', #6386, 0.9000000000000014655 ) ;
#503 = CARTESIAN_POINT ( 'NONE',  ( -30.24515585865679057, 10.00000000000000000, -36.59799261131097126 ) ) ;
#504 = CARTESIAN_POINT ( 'NONE',  ( -8.352241861400523604, 10.00000000000000000, -48.28702373663467995 ) ) ;
#505 = CARTESIAN_POINT ( 'NONE',  ( 39.55886165367351737, 0.000000000000000000, 25.66122345097295465 ) ) ;
#506 = CARTESIAN_POINT ( 'NONE',  ( 45.20527538362650688, 0.000000000000000000, -17.82219091192827420 ) ) ;
#507 = AXIS2_PLACEMENT_3D ( 'NONE', #5407, #4302, #3847 ) ;
#508 = CARTESIAN_POINT ( 'NONE',  ( -33.23888001619938848, 10.00000000000000000, -34.16152856408135818 ) ) ;
#509 = CARTESIAN_POINT ( 'NONE',  ( 8.332725805580999179, 10.00000000000000000, 46.25062801752088859 ) ) ;
#510 = CARTESIAN_POINT ( 'NONE',  ( -44.20468725715348057, 3.105155021998484699E-13, 17.58185684065307441 ) ) ;
#511 = CARTESIAN_POINT ( 'NONE',  ( -47.13538552600084586, 0.000000000000000000, 12.41905783075455361 ) ) ;
#512 = CARTESIAN_POINT ( 'NONE',  ( -19.01068499173365467, 10.00000000000000000, 43.53569918578677544 ) ) ;
#513 = CARTESIAN_POINT ( 'NONE',  ( 15.15457490086989800, 10.00000000000000000, -44.57514820163137159 ) ) ;
#514 = CARTESIAN_POINT ( 'NONE',  ( 10.24325350245556443, 10.00000000000000000, -47.27854813192278272 ) ) ;
#515 = VECTOR ( 'NONE', #4517, 1000.000000000000000 ) ;
#516 = CARTESIAN_POINT ( 'NONE',  ( 0.000000000000000000, 2.000000000000000000, 0.000000000000000000 ) ) ;
#517 = CARTESIAN_POINT ( 'NONE',  ( 30.96471119712467512, 3.105155021998484699E-13, 37.31029519932096150 ) ) ;
#518 = CARTESIAN_POINT ( 'NONE',  ( 0.000000000000000000, 2.000000000000000000, -15.09999999999999964 ) ) ;
#519 = CARTESIAN_POINT ( 'NONE',  ( 27.00987747813763562, 10.00000000000000000, 38.62986057936476669 ) ) ;
#520 = CARTESIAN_POINT ( 'NONE',  ( 46.73312850818038555, 10.00000000000000000, -11.52153102619965352 ) ) ;
#521 = DIRECTION ( 'NONE',  ( 0.000000000000000000, 0.000000000000000000, 1.000000000000000000 ) ) ;
#522 = ORIENTED_EDGE ( 'NONE', *, *, #588, .T. ) ;
#523 = CARTESIAN_POINT ( 'NONE',  ( -30.86198350476038854, 0.000000000000000000, 36.71469742177191620 ) ) ;
#524 = CARTESIAN_POINT ( 'NONE',  ( -31.36650230799046568, 0.000000000000000000, -36.97315242671792390 ) ) ;
#525 = CARTESIAN_POINT ( 'NONE',  ( 42.81119672062071402, 3.105155021998484699E-13, 23.61110974962256748 ) ) ;
#526 = MECHANICAL_CONTEXT ( 'NONE', #2928, 'mechanical' ) ;
#527 = CARTESIAN_POINT ( 'NONE',  ( 25.98076211353339815, 5.000000000000000000, -22.52499999999959712 ) ) ;
#528 = DIRECTION ( 'NONE',  ( 0.000000000000000000, 1.000000000000000000, 0.000000000000000000 ) ) ;
#529 = ORIENTED_EDGE ( 'NONE', *, *, #4148, .F. ) ;
#530 = CARTESIAN_POINT ( 'NONE',  ( 31.01521223645841019, 10.00000000000000000, -35.45478608004575705 ) ) ;
#531 = CARTESIAN_POINT ( 'NONE',  ( -22.68260106828111233, 10.00000000000000000, -41.57123939482565333 ) ) ;
#532 = VERTEX_POINT ( 'NONE', #2661 ) ;
#533 = CARTESIAN_POINT ( 'NONE',  ( 13.57351805840716175, 0.000000000000000000, 45.34377807296348806 ) ) ;
#534 = CARTESIAN_POINT ( 'NONE',  ( 14.66602667471831722, 0.000000000000000000, -44.62819223824802606 ) ) ;
#535 = CARTESIAN_POINT ( 'NONE',  ( -46.43680524443367119, 10.00000000000000000, -8.834271826187066523 ) ) ;
#536 = CARTESIAN_POINT ( 'NONE',  ( 47.66789133767134956, 10.00000000000000000, -10.88445959772304050 ) ) ;
#537 = CARTESIAN_POINT ( 'NONE',  ( -28.20116912971579737, 3.105155021998484699E-13, 39.62164887822070369 ) ) ;
#538 = FACE_BOUND ( 'NONE', #6978, .T. ) ;
#539 = CARTESIAN_POINT ( 'NONE',  ( -38.01112908134991386, 10.00000000000000000, -29.96605618915118185 ) ) ;
#540 = CARTESIAN_POINT ( 'NONE',  ( -11.91936587392812719, 2.758210326803123280E-13, -45.53037859734133974 ) ) ;
#541 = CARTESIAN_POINT ( 'NONE',  ( 42.76889367711633838, 0.000000000000000000, -19.64455119569904795 ) ) ;
#542 = CARTESIAN_POINT ( 'NONE',  ( -33.23888001619938848, 2.758210326803123280E-13, -34.16152856408135818 ) ) ;
#543 = CARTESIAN_POINT ( 'NONE',  ( -0.7726084942256823407, 3.105155021998484699E-13, 48.81229980285928605 ) ) ;
#544 = CARTESIAN_POINT ( 'NONE',  ( -44.61787746730065152, 3.105155021998484699E-13, 15.33803748422301361 ) ) ;
#545 = CARTESIAN_POINT ( 'NONE',  ( -5.782359242915688036, 10.00000000000000000, 46.81295823605800166 ) ) ;
#546 = CARTESIAN_POINT ( 'NONE',  ( 12.85569815128456206, 10.00000000000000000, -46.98456258057459678 ) ) ;
#547 = CARTESIAN_POINT ( 'NONE',  ( 9.888361412254010219, 2.758210326803123280E-13, -46.79348573664567112 ) ) ;
#548 = DIRECTION ( 'NONE',  ( 0.000000000000000000, 1.000000000000000000, 0.000000000000000000 ) ) ;
#549 = APPROVAL ( #4985, 'UNSPECIFIED' ) ;
#550 = ADVANCED_FACE ( 'NONE', ( #6599 ), #3766, .F. ) ;
#551 = AXIS2_PLACEMENT_3D ( 'NONE', #5356, #2583, #5251 ) ;
#552 = CARTESIAN_POINT ( 'NONE',  ( -41.30425800373770784, 10.00000000000000000, 23.47811729565954764 ) ) ;
#553 = CARTESIAN_POINT ( 'NONE',  ( 19.45183231348334729, 10.00000000000000000, 44.45506784287194080 ) ) ;
#554 = DIRECTION ( 'NONE',  ( 0.000000000000000000, 0.000000000000000000, -1.000000000000000000 ) ) ;
#555 = CARTESIAN_POINT ( 'NONE',  ( 35.12322994193915093, 10.00000000000000000, 34.17700911191675317 ) ) ;
#556 = CARTESIAN_POINT ( 'NONE',  ( 44.95693045156922807, 10.00000000000000000, -17.93557531666483129 ) ) ;
#557 = DIRECTION ( 'NONE',  ( 0.000000000000000000, 1.000000000000000000, 0.000000000000000000 ) ) ;
#558 = EDGE_LOOP ( 'NONE', ( #2578, #1299, #576, #4744 ) ) ;
#559 = CARTESIAN_POINT ( 'NONE',  ( -37.43648903217425783, 0.000000000000000000, 31.62128862603388058 ) ) ;
#560 = CARTESIAN_POINT ( 'NONE',  ( -44.03837754278066541, 0.000000000000000000, -16.93020044257862722 ) ) ;
#561 = CARTESIAN_POINT ( 'NONE',  ( 43.32333055671023203, 10.00000000000000000, 21.30485502513987583 ) ) ;
#562 = DIRECTION ( 'NONE',  ( -0.000000000000000000, 1.000000000000000000, -0.000000000000000000 ) ) ;
#563 = ADVANCED_FACE ( 'NONE', ( #5393 ), #4245, .T. ) ;
#564 = CARTESIAN_POINT ( 'NONE',  ( -25.98076211353298604, 1.500000000000000000, -15.00000000000030020 ) ) ;
#565 = VERTEX_POINT ( 'NONE', #348 ) ;
#566 = CARTESIAN_POINT ( 'NONE',  ( 25.47802476145604089, 10.00000000000000000, -40.00263191549169761 ) ) ;
#567 = CARTESIAN_POINT ( 'NONE',  ( 13.80912449900867678, 0.000000000000000000, 45.08558218978291876 ) ) ;
#568 = CARTESIAN_POINT ( 'NONE',  ( 15.15457490086989800, 0.000000000000000000, -44.57514820163137159 ) ) ;
#569 = CARTESIAN_POINT ( 'NONE',  ( 46.99999999999889155, 3.105155021998484699E-13, 0.07678126517037280052 ) ) ;
#570 = DIRECTION ( 'NONE',  ( 0.000000000000000000, 1.000000000000000000, -0.000000000000000000 ) ) ;
#571 = CARTESIAN_POINT ( 'NONE',  ( 47.23806058855154077, 10.00000000000000000, -11.36639356204707063 ) ) ;
#572 = CARTESIAN_POINT ( 'NONE',  ( -22.19333903263364149, 10.00000000000000000, 43.50383015200330306 ) ) ;
#573 = DIRECTION ( 'NONE',  ( 0.000000000000000000, 0.000000000000000000, 1.000000000000000000 ) ) ;
#574 = CARTESIAN_POINT ( 'NONE',  ( -35.88073939974772486, 10.00000000000000000, -32.12601103825731030 ) ) ;
#575 = CARTESIAN_POINT ( 'NONE',  ( -10.06524238203714816, 10.00000000000000000, -46.62468967080147308 ) ) ;
#576 = ORIENTED_EDGE ( 'NONE', *, *, #4213, .T. ) ;
#577 = AXIS2_PLACEMENT_3D ( 'NONE', #6122, #3324, #488 ) ;
#578 = CARTESIAN_POINT ( 'NONE',  ( 46.73312850818038555, 0.000000000000000000, -11.52153102619965352 ) ) ;
#579 = CARTESIAN_POINT ( 'NONE',  ( -38.01112908134991386, 2.758210326803123280E-13, -29.96605618915118185 ) ) ;
#580 = CARTESIAN_POINT ( 'NONE',  ( 0.4501098784875324776, 3.105155021998484699E-13, 47.40705556647197483 ) ) ;
#581 = CARTESIAN_POINT ( 'NONE',  ( -44.51039127677249496, 3.105155021998484699E-13, 20.38323919275816820 ) ) ;
#582 = CARTESIAN_POINT ( 'NONE',  ( -25.58491539914414759, 10.00000000000000000, 40.72150743516377247 ) ) ;
#583 = CARTESIAN_POINT ( 'NONE',  ( 16.49437868896478676, 10.00000000000000000, -45.07905301767738848 ) ) ;
#584 = CARTESIAN_POINT ( 'NONE',  ( 14.16787126586086920, 2.758210326803123280E-13, -44.82238695560720743 ) ) ;
#585 = CARTESIAN_POINT ( 'NONE',  ( -25.98076211353298604, 1.500000000000000000, -15.00000000000030020 ) ) ;
#586 = CARTESIAN_POINT ( 'NONE',  ( -44.85295710380655976, 10.00000000000000000, 19.73540441136534085 ) ) ;
#587 = CARTESIAN_POINT ( 'NONE',  ( 23.75687818077963342, 3.105155021998484699E-13, 42.71247589132966027 ) ) ;
#588 = EDGE_CURVE ( 'NONE', #1148, #6288, #2483, .T. ) ;
#589 = CARTESIAN_POINT ( 'NONE',  ( 30.86910644769476875, 10.00000000000000000, 35.79831709876035006 ) ) ;
#590 = CARTESIAN_POINT ( 'NONE',  ( -25.98076211353298604, 1.500000000000000000, -15.00000000000030020 ) ) ;
#591 = ORIENTED_EDGE ( 'NONE', *, *, #5566, .F. ) ;
#592 = CARTESIAN_POINT ( 'NONE',  ( 37.65319715666666411, 10.00000000000000000, -29.48977352692323706 ) ) ;
#593 = CARTESIAN_POINT ( 'NONE',  ( -43.11875750468413315, 0.000000000000000000, 20.99969512112969028 ) ) ;
#594 = CARTESIAN_POINT ( 'NONE',  ( -44.29340605239300288, 0.000000000000000000, -20.62220960337688780 ) ) ;
#595 = CARTESIAN_POINT ( 'NONE',  ( 39.66449070730438109, 10.00000000000000000, 25.22900976876788448 ) ) ;
#596 = PERSON_AND_ORGANIZATION ( #3204, #5727 ) ;
#597 = DIRECTION ( 'NONE',  ( 0.000000000000000000, 0.000000000000000000, 1.000000000000000000 ) ) ;
#598 = CARTESIAN_POINT ( 'NONE',  ( 25.98076211353288301, 3.999999999999973355, 8.475000000000479261 ) ) ;
#599 = VERTEX_POINT ( 'NONE', #2101 ) ;
#600 = CARTESIAN_POINT ( 'NONE',  ( 25.46978455773414041, 10.00000000000000000, -41.15945164482073437 ) ) ;
#601 = CARTESIAN_POINT ( 'NONE',  ( 42.86506084908662473, 10.00000000000000000, -20.60058251564622722 ) ) ;
#602 = CARTESIAN_POINT ( 'NONE',  ( -6.488374333700841490, 0.000000000000000000, 47.25539575096761524 ) ) ;
#603 = ADVANCED_FACE ( 'NONE', ( #1583 ), #453, .F. ) ;
#604 = CARTESIAN_POINT ( 'NONE',  ( 1.391503987108191120, 0.000000000000000000, -46.97380805610476528 ) ) ;
#605 = CARTESIAN_POINT ( 'NONE',  ( 48.11266214965051802, 10.00000000000000000, 4.857465167293119279 ) ) ;
#606 = CARTESIAN_POINT ( 'NONE',  ( -46.85395203707653167, 2.758210326803123280E-13, -3.462104312925134320 ) ) ;
#607 = CARTESIAN_POINT ( 'NONE',  ( 47.46479847253061024, 10.00000000000000000, -11.15575955011806997 ) ) ;
#608 = CARTESIAN_POINT ( 'NONE',  ( -25.29633491910676923, 10.00000000000000000, 40.58947445109057384 ) ) ;
#609 = CARTESIAN_POINT ( 'NONE',  ( 0.000000000000000000, 5.000000000000000000, 0.000000000000000000 ) ) ;
#610 = CARTESIAN_POINT ( 'NONE',  ( -44.96480565695613052, 10.00000000000000000, -19.06027129942014398 ) ) ;
#611 = CARTESIAN_POINT ( 'NONE',  ( -13.96927544748932526, 10.00000000000000000, -46.65319621144183770 ) ) ;
#612 = CIRCLE ( 'NONE', #1654, 0.8999999999999998002 ) ;
#613 = CARTESIAN_POINT ( 'NONE',  ( 38.98907634021674085, 0.000000000000000000, 29.41053317186247895 ) ) ;
#614 = CARTESIAN_POINT ( 'NONE',  ( 43.52754636371169994, 0.000000000000000000, -22.16671749009647385 ) ) ;
#615 = CARTESIAN_POINT ( 'NONE',  ( -41.21469895921492821, 2.758210326803123280E-13, -26.39902915811773809 ) ) ;
#616 = CARTESIAN_POINT ( 'NONE',  ( -25.98076211353329867, 1.500000000000000000, 8.474999999999763389 ) ) ;
#617 = CARTESIAN_POINT ( 'NONE',  ( -1.079191094428147757, 10.00000000000000000, 48.90950489367619269 ) ) ;
#618 = CARTESIAN_POINT ( 'NONE',  ( -42.92429725523004436, 3.105155021998484699E-13, 21.02530292055599759 ) ) ;
#619 = CARTESIAN_POINT ( 'NONE',  ( -21.96948000173770765, 10.00000000000000000, 43.73324238589106017 ) ) ;
#620 = CARTESIAN_POINT ( 'NONE',  ( 3.202426590518085980, 10.00000000000000000, -47.62871612217983142 ) ) ;
#621 = CARTESIAN_POINT ( 'NONE',  ( 4.045410638497346056, 2.758210326803123280E-13, -48.57583986866325176 ) ) ;
#622 = CARTESIAN_POINT ( 'NONE',  ( 0.000000000000000000, 5.000000000000000000, -42.50000000000000711 ) ) ;
#623 = CARTESIAN_POINT ( 'NONE',  ( 24.06705234674091898, 10.00000000000000000, 42.63747644591656183 ) ) ;
#624 = VECTOR ( 'NONE', #3791, 1000.000000000000000 ) ;
#625 = CARTESIAN_POINT ( 'NONE',  ( 11.64692101351079501, 10.00000000000000000, 47.59855720196431861 ) ) ;
#626 = CARTESIAN_POINT ( 'NONE',  ( 44.44231156581875553, 10.00000000000000000, -17.94223960956480468 ) ) ;
#627 = CARTESIAN_POINT ( 'NONE',  ( -25.98076211353298604, 0.000000000000000000, -11.50000000000030020 ) ) ;
#628 = ORIENTED_EDGE ( 'NONE', *, *, #6547, .F. ) ;
#629 = CARTESIAN_POINT ( 'NONE',  ( 39.66449070748612371, 10.00000000000000000, -25.22900976881382462 ) ) ;
#630 = CARTESIAN_POINT ( 'NONE',  ( -41.21469895940511208, 0.000000000000000000, 26.39902915748928791 ) ) ;
#631 = AXIS2_PLACEMENT_3D ( 'NONE', #6284, #1231, #3486 ) ;
#632 = CARTESIAN_POINT ( 'NONE',  ( -41.61562696374377168, 0.000000000000000000, -25.88321177555231500 ) ) ;
#633 = CARTESIAN_POINT ( 'NONE',  ( 39.83533076696142672, 3.105155021998484699E-13, 27.01599365178982737 ) ) ;
#634 = CARTESIAN_POINT ( 'NONE',  ( -36.38351655475856461, 10.00000000000000000, 32.20849532054290876 ) ) ;
#635 = CARTESIAN_POINT ( 'NONE',  ( 46.81736925802925953, 10.00000000000000000, 7.894077009628501784 ) ) ;
#636 = CARTESIAN_POINT ( 'NONE',  ( 0.000000000000000000, 1.500000000000000000, -23.47499999999999432 ) ) ;
#637 = VERTEX_POINT ( 'NONE', #385 ) ;
#638 = CARTESIAN_POINT ( 'NONE',  ( 27.00987747841588060, 10.00000000000000000, -38.62986057950179486 ) ) ;
#639 = CARTESIAN_POINT ( 'NONE',  ( 3.415515231339314450, 0.000000000000000000, 47.90363493208165835 ) ) ;
#640 = CARTESIAN_POINT ( 'NONE',  ( 2.226095765777967195, 0.000000000000000000, -47.01870026990192031 ) ) ;
#641 = CARTESIAN_POINT ( 'NONE',  ( 47.17301182533338277, 3.105155021998484699E-13, 0.8301019439075196793 ) ) ;
#642 = CARTESIAN_POINT ( 'NONE',  ( -47.85537724533744353, 10.00000000000000000, -5.156957751989829752 ) ) ;
#643 = CARTESIAN_POINT ( 'NONE',  ( -22.50334853433975724, 10.00000000000000000, 42.20200591817334868 ) ) ;
#644 = DIRECTION ( 'NONE',  ( -0.000000000000000000, 1.000000000000000000, -0.000000000000000000 ) ) ;
#645 = CARTESIAN_POINT ( 'NONE',  ( -46.69674352706957166, 0.000000000000000000, 14.30181089849609499 ) ) ;
#646 = CARTESIAN_POINT ( 'NONE',  ( -44.03837754278066541, 10.00000000000000000, -16.93020044257862722 ) ) ;
#647 = CARTESIAN_POINT ( 'NONE',  ( -14.27147613853274954, 10.00000000000000000, -46.71547522573959554 ) ) ;
#648 = ORIENTED_EDGE ( 'NONE', *, *, #5275, .F. ) ;
#649 = CARTESIAN_POINT ( 'NONE',  ( 35.80442074991306356, 0.000000000000000000, 33.02487383568355739 ) ) ;
#650 = CARTESIAN_POINT ( 'NONE',  ( 36.37930582233019550, 0.000000000000000000, -29.84978400709643864 ) ) ;
#651 = CARTESIAN_POINT ( 'NONE',  ( -40.68918230783149426, 10.00000000000000000, -26.75914453760809408 ) ) ;
#652 = CARTESIAN_POINT ( 'NONE',  ( 48.33900278726238753, 10.00000000000000000, -1.878659982060433720 ) ) ;
#653 = CARTESIAN_POINT ( 'NONE',  ( -0.04239865900228344253, 3.105155021998484699E-13, 47.96256748000540426 ) ) ;
#654 = CARTESIAN_POINT ( 'NONE',  ( -44.94032137160552764, 10.00000000000000000, 18.78739623922156099 ) ) ;
#655 = CARTESIAN_POINT ( 'NONE',  ( -22.46789492696770196, 10.00000000000000000, 43.04588155701134156 ) ) ;
#656 = EDGE_CURVE ( 'NONE', #5941, #2690, #6605, .T. ) ;
#657 = CARTESIAN_POINT ( 'NONE',  ( 2.226095765777967195, 10.00000000000000000, -47.01870026990192031 ) ) ;
#658 = CARTESIAN_POINT ( 'NONE',  ( 7.357205119058143339, 10.00000000000000000, -46.60345391097529699 ) ) ;
#659 = CARTESIAN_POINT ( 'NONE',  ( 45.52156229588413794, 0.000000000000000000, 12.23057545315109884 ) ) ;
#660 = CIRCLE ( 'NONE', #305, 13.10000000000000142 ) ;
#661 = CARTESIAN_POINT ( 'NONE',  ( 23.45473061529353132, 3.105155021998484699E-13, 42.73591345920117135 ) ) ;
#662 = CARTESIAN_POINT ( 'NONE',  ( 48.64595250870810617, 0.000000000000000000, -4.273903290900043395 ) ) ;
#663 = CARTESIAN_POINT ( 'NONE',  ( 13.08602879888290538, 10.00000000000000000, 46.68338290334923357 ) ) ;
#664 = CARTESIAN_POINT ( 'NONE',  ( 35.60221757838101553, 10.00000000000000000, -33.58179431262733061 ) ) ;
#665 = DIRECTION ( 'NONE',  ( 0.000000000000000000, 1.000000000000000000, 0.000000000000000000 ) ) ;
#666 = VERTEX_POINT ( 'NONE', #2585 ) ;
#667 = CARTESIAN_POINT ( 'NONE',  ( 39.95867164683923534, 10.00000000000000000, -27.17191083037187482 ) ) ;
#668 = CARTESIAN_POINT ( 'NONE',  ( -43.87735155568416445, 0.000000000000000000, -20.91222684347910743 ) ) ;
#669 = CARTESIAN_POINT ( 'NONE',  ( 39.61256526104482134, 3.105155021998484699E-13, 26.47368447858744389 ) ) ;
#670 = APPROVAL_ROLE ( '' ) ;
#671 = CARTESIAN_POINT ( 'NONE',  ( -34.52033369154238329, 3.105155021998484699E-13, 32.14397764991450401 ) ) ;
#672 = CARTESIAN_POINT ( 'NONE',  ( 45.09766806940967143, 10.00000000000000000, 13.82349709878816135 ) ) ;
#673 = DIRECTION ( 'NONE',  ( 8.659560562354895880E-17, 0.7071067811865505703, -0.7071067811865444641 ) ) ;
#674 = ORIENTED_EDGE ( 'NONE', *, *, #7208, .T. ) ;
#675 = CARTESIAN_POINT ( 'NONE',  ( 27.00987747841588060, 2.758210326803123280E-13, -38.62986057950179486 ) ) ;
#676 = CARTESIAN_POINT ( 'NONE',  ( -2.441654944199910915, 0.000000000000000000, 48.83377677742858225 ) ) ;
#677 = CARTESIAN_POINT ( 'NONE',  ( -8.970409855017525302, 0.000000000000000000, -48.13220495053219850 ) ) ;
#678 = CARTESIAN_POINT ( 'NONE',  ( 48.33900278724887301, 10.00000000000000000, 1.878659982076978041 ) ) ;
#679 = FACE_OUTER_BOUND ( 'NONE', #3167, .T. ) ;
#680 = CARTESIAN_POINT ( 'NONE',  ( -32.54682302964439344, 10.00000000000000000, 36.61614350244668969 ) ) ;
#681 = CARTESIAN_POINT ( 'NONE',  ( 46.99999999999997158, 10.00000000000000000, -4.799259554187569168E-12 ) ) ;
#682 = CARTESIAN_POINT ( 'NONE',  ( -46.88379344560703288, 0.000000000000000000, 14.04151760477095934 ) ) ;
#683 = EDGE_CURVE ( 'NONE', #2323, #2133, #1773, .T. ) ;
#684 = EDGE_CURVE ( 'NONE', #6958, #1851, #4837, .T. ) ;
#685 = CARTESIAN_POINT ( 'NONE',  ( -42.92429725507866323, 10.00000000000000000, -21.02530292119681832 ) ) ;
#686 = CARTESIAN_POINT ( 'NONE',  ( -16.05118333579127210, 2.758210326803123280E-13, -46.03578262158539758 ) ) ;
#687 = CARTESIAN_POINT ( 'NONE',  ( 35.82279732312366605, 0.000000000000000000, 32.51019160147357923 ) ) ;
#688 = CARTESIAN_POINT ( 'NONE',  ( 43.46957936563258329, 0.000000000000000000, -22.49346172920927955 ) ) ;
#689 = CARTESIAN_POINT ( 'NONE',  ( -41.88464801797805848, 10.00000000000000000, -24.61070792502201954 ) ) ;
#690 = CARTESIAN_POINT ( 'NONE',  ( -3.758474395040011018, 3.105155021998484699E-13, 47.23970171735749801 ) ) ;
#691 = CARTESIAN_POINT ( 'NONE',  ( -46.50258969469062009, 10.00000000000000000, 14.49509937299239581 ) ) ;
#692 = CARTESIAN_POINT ( 'NONE',  ( -27.51569821828158879, 10.00000000000000000, 40.55297343704524593 ) ) ;
#693 = CARTESIAN_POINT ( 'NONE',  ( -3.179053583592042820, 10.00000000000000000, -48.27698387068920027 ) ) ;
#694 = CARTESIAN_POINT ( 'NONE',  ( 6.876009029063434141, 2.758210326803123280E-13, -47.07331053832953671 ) ) ;
#695 = CARTESIAN_POINT ( 'NONE',  ( 42.79010272556886463, 0.000000000000000000, 20.31157491042446495 ) ) ;
#696 = CARTESIAN_POINT ( 'NONE',  ( -47.22625722620323074, 10.00000000000000000, 4.565049818918780922 ) ) ;
#697 = CARTESIAN_POINT ( 'NONE',  ( 22.91024116576586778, 10.00000000000000000, 42.63720566915654331 ) ) ;
#698 = CARTESIAN_POINT ( 'NONE',  ( 12.53951192159675010, 10.00000000000000000, 47.25069560539586888 ) ) ;
#699 = CARTESIAN_POINT ( 'NONE',  ( 39.88625831933374855, 10.00000000000000000, -28.39642949162978169 ) ) ;
#700 = CYLINDRICAL_SURFACE ( 'NONE', #843, 6.524999999999999467 ) ;
#701 = ORIENTED_EDGE ( 'NONE', *, *, #2672, .F. ) ;
#702 = CARTESIAN_POINT ( 'NONE',  ( 39.55886165385840769, 2.758210326803123280E-13, -25.66122345101966573 ) ) ;
#703 = CARTESIAN_POINT ( 'NONE',  ( -41.43207856221283691, 0.000000000000000000, -26.15909552961273477 ) ) ;
#704 = CARTESIAN_POINT ( 'NONE',  ( -33.39357040502779483, 2.758210326803123280E-13, -35.52784148791953100 ) ) ;
#705 = CARTESIAN_POINT ( 'NONE',  ( 38.98907634021674085, 10.00000000000000000, 29.41053317186247895 ) ) ;
#706 = CARTESIAN_POINT ( 'NONE',  ( -36.65677987760469847, 3.105155021998484699E-13, 32.13663260230433139 ) ) ;
#707 = CARTESIAN_POINT ( 'NONE',  ( 47.28240673514632419, 10.00000000000000000, 5.240457780503508189 ) ) ;
#708 = DIRECTION ( 'NONE',  ( -0.000000000000000000, 1.000000000000000000, -0.000000000000000000 ) ) ;
#709 = CARTESIAN_POINT ( 'NONE',  ( 25.28302191802704613, 2.758210326803123280E-13, -41.68034871168424615 ) ) ;
#710 = CARTESIAN_POINT ( 'NONE',  ( 4.238307288420894103, 0.000000000000000000, 48.64906680998767285 ) ) ;
#711 = CARTESIAN_POINT ( 'NONE',  ( -5.261528142357095206, 0.000000000000000000, -46.69895909887053875 ) ) ;
#712 = CARTESIAN_POINT ( 'NONE',  ( 48.65575631687137559, 10.00000000000000000, 2.284027950658315209 ) ) ;
#713 = CARTESIAN_POINT ( 'NONE',  ( -47.06317427212636773, 2.758210326803123280E-13, -4.281247491575454589 ) ) ;
#714 = CARTESIAN_POINT ( 'NONE',  ( -25.98076211353298604, 5.000000000000000000, -7.475000000000283862 ) ) ;
#715 = CARTESIAN_POINT ( 'NONE',  ( 25.98076211353288301, 3.999999999999973355, 21.52500000000047820 ) ) ;
#716 = ORIENTED_EDGE ( 'NONE', *, *, #6099, .T. ) ;
#717 = CARTESIAN_POINT ( 'NONE',  ( -40.40192023881714078, 10.00000000000000000, -26.87585679227152013 ) ) ;
#718 = CARTESIAN_POINT ( 'NONE',  ( -15.81831764419400521, 10.00000000000000000, -46.26082462723084632 ) ) ;
#719 = ORIENTED_EDGE ( 'NONE', *, *, #4730, .T. ) ;
#720 = CARTESIAN_POINT ( 'NONE',  ( 39.92127943705481385, 0.000000000000000000, -24.76003750522744085 ) ) ;
#721 = CARTESIAN_POINT ( 'NONE',  ( -39.84587845282160856, 2.758210326803123280E-13, -26.78375227041117412 ) ) ;
#722 = CARTESIAN_POINT ( 'NONE',  ( -6.836039188851542825, 3.105155021998484699E-13, 47.67364694751805843 ) ) ;
#723 = CARTESIAN_POINT ( 'NONE',  ( -46.69386976627848185, 10.00000000000000000, 8.594477430797812900 ) ) ;
#724 = CIRCLE ( 'NONE', #4250, 3.499999999999999556 ) ;
#725 = CARTESIAN_POINT ( 'NONE',  ( -7.423693273577876894, 10.00000000000000000, -48.18061274224353951 ) ) ;
#726 = CARTESIAN_POINT ( 'NONE',  ( 7.357205119058143339, 2.758210326803123280E-13, -46.60345391097529699 ) ) ;
#727 = CARTESIAN_POINT ( 'NONE',  ( 43.51869010671406102, 0.000000000000000000, 21.85829326923358451 ) ) ;
#728 = AXIS2_PLACEMENT_3D ( 'NONE', #3356, #1648, #2798 ) ;
#729 = CARTESIAN_POINT ( 'NONE',  ( -47.04987646364885023, 10.00000000000000000, 13.70285447908336884 ) ) ;
#730 = CARTESIAN_POINT ( 'NONE',  ( 11.28158826323719843, 3.105155021998484699E-13, 47.62331684550641597 ) ) ;
#731 = CARTESIAN_POINT ( 'NONE',  ( 25.38699238972189320, 10.00000000000000000, 40.65148568266904050 ) ) ;
#732 = ADVANCED_FACE ( 'NONE', ( #419 ), #5433, .F. ) ;
#733 = CARTESIAN_POINT ( 'NONE',  ( 40.04913083370458082, 10.00000000000000000, -27.72877957922662873 ) ) ;
#734 = VECTOR ( 'NONE', #2355, 1000.000000000000114 ) ;
#735 = DIRECTION ( 'NONE',  ( 0.000000000000000000, 0.000000000000000000, 1.000000000000000000 ) ) ;
#736 = EDGE_LOOP ( 'NONE', ( #3732, #1336 ) ) ;
#737 = CARTESIAN_POINT ( 'NONE',  ( -29.12806626575416402, 2.758210326803123280E-13, -36.87879801421694026 ) ) ;
#738 = CARTESIAN_POINT ( 'NONE',  ( 37.65319715645428289, 10.00000000000000000, 29.48977352686276632 ) ) ;
#739 = AXIS2_PLACEMENT_3D ( 'NONE', #6739, #1642, #2162 ) ;
#740 = CARTESIAN_POINT ( 'NONE',  ( 48.85883658863325252, 10.00000000000000000, 2.840538227089084877 ) ) ;
#741 = CARTESIAN_POINT ( 'NONE',  ( -19.00000000000000000, -5.000000000000000000, -3.261280134836397337E-13 ) ) ;
#742 = CARTESIAN_POINT ( 'NONE',  ( 23.45473061560131711, 2.758210326803123280E-13, -42.73591345936370800 ) ) ;
#743 = EDGE_CURVE ( 'NONE', #1761, #4889, #6728, .T. ) ;
#744 = AXIS2_PLACEMENT_3D ( 'NONE', #6541, #1485, #5987 ) ;
#745 = CARTESIAN_POINT ( 'NONE',  ( -7.168168959158637499, 0.000000000000000000, 48.06001249968313260 ) ) ;
#746 = CARTESIAN_POINT ( 'NONE',  ( -22.68260106828111233, 0.000000000000000000, -41.57123939482565333 ) ) ;
#747 = CARTESIAN_POINT ( 'NONE',  ( 48.27420884672838497, 3.105155021998484699E-13, 4.756445711813475086 ) ) ;
#748 = DIRECTION ( 'NONE',  ( -0.2868677519576807167, -9.957673495588588163E-16, -0.9579701941536316046 ) ) ;
#749 = FACE_OUTER_BOUND ( 'NONE', #5800, .T. ) ;
#750 = CYLINDRICAL_SURFACE ( 'NONE', #4129, 3.499999999999999556 ) ;
#751 = EDGE_LOOP ( 'NONE', ( #2665, #2363, #3148, #2079 ) ) ;
#752 = CARTESIAN_POINT ( 'NONE',  ( -41.40346119663684021, 10.00000000000000000, -22.19282339133211224 ) ) ;
#753 = CARTESIAN_POINT ( 'NONE',  ( 40.02751475107594104, 0.000000000000000000, -27.91137694781996004 ) ) ;
#754 = CARTESIAN_POINT ( 'NONE',  ( -44.10101440059207789, 2.758210326803123280E-13, -16.23747025751027451 ) ) ;
#755 = CARTESIAN_POINT ( 'NONE',  ( -7.715636491310879919, 10.00000000000000000, 48.26192936873041361 ) ) ;
#756 = CARTESIAN_POINT ( 'NONE',  ( -46.46132477048541176, 10.00000000000000000, 11.55733942136279424 ) ) ;
#757 = CARTESIAN_POINT ( 'NONE',  ( -2.744104048785144467, 10.00000000000000000, -48.68087826272296326 ) ) ;
#758 = CARTESIAN_POINT ( 'NONE',  ( 46.10308376676828601, 0.000000000000000000, 16.61030621710673572 ) ) ;
#759 = CARTESIAN_POINT ( 'NONE',  ( -39.84587845301444275, 0.000000000000000000, 26.78375226979251522 ) ) ;
#760 = ORIENTED_EDGE ( 'NONE', *, *, #3386, .T. ) ;
#761 = CIRCLE ( 'NONE', #4885, 42.50000000000000711 ) ;
#762 = CARTESIAN_POINT ( 'NONE',  ( -45.92140164616926512, 10.00000000000000000, 9.943727799588213401 ) ) ;
#763 = CARTESIAN_POINT ( 'NONE',  ( 13.14435199892035833, 3.105155021998484699E-13, 46.49983071065356910 ) ) ;
#764 = CARTESIAN_POINT ( 'NONE',  ( 13.57351805840716175, 10.00000000000000000, 45.34377807296348806 ) ) ;
#765 = CARTESIAN_POINT ( 'NONE',  ( 38.49040888289671614, 10.00000000000000000, -29.60139600630218482 ) ) ;
#766 = CC_DESIGN_PERSON_AND_ORGANIZATION_ASSIGNMENT ( #7187, #6635, ( #6318 ) ) ;
#767 = ADVANCED_FACE ( 'NONE', ( #4911 ), #1475, .F. ) ;
#768 = CARTESIAN_POINT ( 'NONE',  ( -19.00000000000000000, 0.000000000000000000, -3.261280134836397337E-13 ) ) ;
#769 = VERTEX_POINT ( 'NONE', #5540 ) ;
#770 = CARTESIAN_POINT ( 'NONE',  ( -46.90313647493102422, 0.000000000000000000, -2.927686507435609542 ) ) ;
#771 = CARTESIAN_POINT ( 'NONE',  ( -30.86198350449595296, 10.00000000000000000, -36.71469742232581979 ) ) ;
#772 = CARTESIAN_POINT ( 'NONE',  ( 31.57222170595121824, 3.105155021998484699E-13, 34.79723650301753679 ) ) ;
#773 = CARTESIAN_POINT ( 'NONE',  ( -37.75959108563729671, 10.00000000000000000, 29.51705101376870743 ) ) ;
#774 = CARTESIAN_POINT ( 'NONE',  ( 48.87775430134514920, 10.00000000000000000, 3.552822324703895251 ) ) ;
#775 = DIRECTION ( 'NONE',  ( -0.000000000000000000, 1.000000000000000000, -0.000000000000000000 ) ) ;
#776 = CARTESIAN_POINT ( 'NONE',  ( 19.88971653187900301, 2.758210326803123280E-13, -42.81059083885514127 ) ) ;
#777 = AXIS2_PLACEMENT_3D ( 'NONE', #2849, #2292, #4787 ) ;
#778 = CARTESIAN_POINT ( 'NONE',  ( -18.74850481332812535, 0.000000000000000000, 43.46023206279544127 ) ) ;
#779 = CARTESIAN_POINT ( 'NONE',  ( -19.82035793626815945, 0.000000000000000000, -44.06996243744298880 ) ) ;
#780 = CARTESIAN_POINT ( 'NONE',  ( 45.96777246645206816, 10.00000000000000000, 15.15830727928372390 ) ) ;
#781 = ADVANCED_FACE ( 'NONE', ( #5976 ), #489, .F. ) ;
#782 = CARTESIAN_POINT ( 'NONE',  ( 25.98076211353288301, 1.500000000000000000, 21.52500000000047820 ) ) ;
#783 = CARTESIAN_POINT ( 'NONE',  ( -2.125719055087036327E-13, 3.999999999999974243, 23.47499999999999787 ) ) ;
#784 = CARTESIAN_POINT ( 'NONE',  ( -48.95866733249467018, 0.000000000000000000, 0.5030180420591534585 ) ) ;
#785 = VERTEX_POINT ( 'NONE', #1439 ) ;
#786 = CARTESIAN_POINT ( 'NONE',  ( -47.38230242927597402, 10.00000000000000000, -2.063423480710345981 ) ) ;
#787 = ORIENTED_EDGE ( 'NONE', *, *, #2405, .F. ) ;
#788 = CARTESIAN_POINT ( 'NONE',  ( 20.13559923336973512, 0.000000000000000000, -42.53991421672181872 ) ) ;
#789 = CARTESIAN_POINT ( 'NONE',  ( -44.03837754278066541, 2.758210326803123280E-13, -16.93020044257862722 ) ) ;
#790 = CARTESIAN_POINT ( 'NONE',  ( -6.945798611005028711, 3.105155021998484699E-13, 47.90163114914786746 ) ) ;
#791 = CARTESIAN_POINT ( 'NONE',  ( -47.04987646364885023, 10.00000000000000000, 13.70285447908336884 ) ) ;
#792 = CARTESIAN_POINT ( 'NONE',  ( -8.970409855017525302, 10.00000000000000000, -48.13220495053219850 ) ) ;
#793 = CARTESIAN_POINT ( 'NONE',  ( 0.1113255318571442914, 10.00000000000000000, -47.75585073242009315 ) ) ;
#794 = CARTESIAN_POINT ( 'NONE',  ( 45.86937228520461218, 0.000000000000000000, 11.90446282062516126 ) ) ;
#795 = CARTESIAN_POINT ( 'NONE',  ( -38.39712722003937984, 0.000000000000000000, 27.21667281793020265 ) ) ;
#796 = CARTESIAN_POINT ( 'NONE',  ( -47.63553300538149671, 10.00000000000000000, 4.999436368009451570 ) ) ;
#797 = CARTESIAN_POINT ( 'NONE',  ( 13.08602879888290538, 3.105155021998484699E-13, 46.68338290334923357 ) ) ;
#798 = CARTESIAN_POINT ( 'NONE',  ( 7.661018336118911698, 10.00000000000000000, 46.43029501587044905 ) ) ;
#799 = CARTESIAN_POINT ( 'NONE',  ( 47.22685241202866280, 0.000000000000000000, 8.369913015178092053 ) ) ;
#800 = CARTESIAN_POINT ( 'NONE',  ( 38.23685236802580079, 10.00000000000000000, -29.63323264098844945 ) ) ;
#801 = DIRECTION ( 'NONE',  ( 0.000000000000000000, 0.000000000000000000, 1.000000000000000000 ) ) ;
#802 = ORIENTED_EDGE ( 'NONE', *, *, #3159, .T. ) ;
#803 = CARTESIAN_POINT ( 'NONE',  ( -28.17542666203026513, 10.00000000000000000, -38.89176394523000369 ) ) ;
#804 = CARTESIAN_POINT ( 'NONE',  ( 35.39194185210557464, 10.00000000000000000, 33.89496606794419620 ) ) ;
#805 = ADVANCED_FACE ( 'NONE', ( #5940 ), #256, .F. ) ;
#806 = CARTESIAN_POINT ( 'NONE',  ( -41.88464801815526073, 3.105155021998484699E-13, 24.61070792438869859 ) ) ;
#807 = CARTESIAN_POINT ( 'NONE',  ( -28.78612952760985522, 3.105155021998484699E-13, 37.13504542227317984 ) ) ;
#808 = CARTESIAN_POINT ( 'NONE',  ( 42.81119672062071402, 10.00000000000000000, 23.61110974962256748 ) ) ;
#809 = LINE ( 'NONE', #3545, #2488 ) ;
#810 = CARTESIAN_POINT ( 'NONE',  ( 24.06705234704800489, 10.00000000000000000, -42.63747644607472864 ) ) ;
#811 = CARTESIAN_POINT ( 'NONE',  ( -19.82035793658560152, 0.000000000000000000, 44.06996243696865179 ) ) ;
#812 = CARTESIAN_POINT ( 'NONE',  ( -12.84417367577392000, 0.000000000000000000, -45.79109787038265011 ) ) ;
#813 = CARTESIAN_POINT ( 'NONE',  ( 46.10308376676828601, 10.00000000000000000, 16.61030621710673572 ) ) ;
#814 = LINE ( 'NONE', #2548, #6525 ) ;
#815 = CARTESIAN_POINT ( 'NONE',  ( 25.98076211353288301, 1.500000000000000000, 11.50000000000047784 ) ) ;
#816 = CARTESIAN_POINT ( 'NONE',  ( 0.09618328318430735546, 0.4999999999999987232, 0.9953636401062498917 ) ) ;
#817 = ORIENTED_EDGE ( 'NONE', *, *, #4016, .F. ) ;
#818 = CARTESIAN_POINT ( 'NONE',  ( -26.04487969038131467, 10.00000000000000000, 40.98070861164669054 ) ) ;
#819 = DIRECTION ( 'NONE',  ( 0.000000000000000000, 0.000000000000000000, 1.000000000000000000 ) ) ;
#820 = VERTEX_POINT ( 'NONE', #3254 ) ;
#821 = CARTESIAN_POINT ( 'NONE',  ( 25.47802476116791581, 0.000000000000000000, 40.00263191534361340 ) ) ;
#822 = CARTESIAN_POINT ( 'NONE',  ( 30.86910644795256786, 0.000000000000000000, -35.79831709886952495 ) ) ;
#823 = CARTESIAN_POINT ( 'NONE',  ( -44.39459263266536482, 10.00000000000000000, -15.60716637474194890 ) ) ;
#824 = CARTESIAN_POINT ( 'NONE',  ( 47.22685241208903761, 2.758210326803123280E-13, -8.369913015169588633 ) ) ;
#825 = CARTESIAN_POINT ( 'NONE',  ( -7.168168959158637499, 10.00000000000000000, 48.06001249968313260 ) ) ;
#826 = CARTESIAN_POINT ( 'NONE',  ( -46.22327082322716763, 3.105155021998484699E-13, 11.24711602213648121 ) ) ;
#827 = CARTESIAN_POINT ( 'NONE',  ( -22.46789492665763177, 10.00000000000000000, -43.04588155750463585 ) ) ;
#828 = CARTESIAN_POINT ( 'NONE',  ( 0.2609790350577760321, 10.00000000000000000, -47.57974351001768554 ) ) ;
#829 = AXIS2_PLACEMENT_3D ( 'NONE', #271, #3004, #2440 ) ;
#830 = EDGE_CURVE ( 'NONE', #5941, #4699, #4874, .T. ) ;
#831 = CARTESIAN_POINT ( 'NONE',  ( -45.91785491656715124, 10.00000000000000000, 10.35711534448367921 ) ) ;
#832 = CARTESIAN_POINT ( 'NONE',  ( 10.96263895570430869, 10.00000000000000000, 47.59147069010536768 ) ) ;
#833 = CARTESIAN_POINT ( 'NONE',  ( 2.226095765439310092, 10.00000000000000000, 47.01870026958645354 ) ) ;
#834 = CARTESIAN_POINT ( 'NONE',  ( 47.66789133759289143, 0.000000000000000000, 10.88445959773475380 ) ) ;
#835 = CARTESIAN_POINT ( 'NONE',  ( 20.94506685108207478, 10.00000000000000000, -42.07842875146094030 ) ) ;
#836 = DIRECTION ( 'NONE',  ( -0.000000000000000000, 1.000000000000000000, -0.000000000000000000 ) ) ;
#837 = ORIENTED_EDGE ( 'NONE', *, *, #5461, .F. ) ;
#838 = CARTESIAN_POINT ( 'NONE',  ( -48.51587056971138168, 0.000000000000000000, -6.075331518999544045 ) ) ;
#839 = CARTESIAN_POINT ( 'NONE',  ( -28.16194582709016103, 2.758210326803123280E-13, -38.54419687471803968 ) ) ;
#840 = CARTESIAN_POINT ( 'NONE',  ( 33.06835334206766674, 10.00000000000000000, 34.42723213769848911 ) ) ;
#841 = CARTESIAN_POINT ( 'NONE',  ( -38.39712722003937984, 10.00000000000000000, 27.21667281793020265 ) ) ;
#842 = CARTESIAN_POINT ( 'NONE',  ( -30.56645755495390659, 3.105155021998484699E-13, 36.64244819143367238 ) ) ;
#843 = AXIS2_PLACEMENT_3D ( 'NONE', #2952, #5747, #801 ) ;
#844 = CARTESIAN_POINT ( 'NONE',  ( 43.44038315506078618, 10.00000000000000000, 18.39358694124389970 ) ) ;
#845 = FACE_OUTER_BOUND ( 'NONE', #4729, .T. ) ;
#846 = CARTESIAN_POINT ( 'NONE',  ( 24.36367472575058102, 2.758210326803123280E-13, -42.51832489761836342 ) ) ;
#847 = CARTESIAN_POINT ( 'NONE',  ( -12.28171053032986215, 0.000000000000000000, 45.57967856523683992 ) ) ;
#848 = CIRCLE ( 'NONE', #2502, 6.524999999999999467 ) ;
#849 = CARTESIAN_POINT ( 'NONE',  ( -16.75100435947566169, 0.000000000000000000, -44.21375863612132662 ) ) ;
#850 = CARTESIAN_POINT ( 'NONE',  ( 47.22685241202866280, 3.105155021998484699E-13, 8.369913015178092053 ) ) ;
#851 = DIRECTION ( 'NONE',  ( 1.732131318657525647E-16, -1.000000000000000000, 9.875861415989489186E-16 ) ) ;
#852 = PERSON_AND_ORGANIZATION_ROLE ( 'classification_officer' ) ;
#853 = LINE ( 'NONE', #3765, #4049 ) ;
#854 = DIRECTION ( 'NONE',  ( -0.000000000000000000, 1.000000000000000000, -0.000000000000000000 ) ) ;
#855 = EDGE_LOOP ( 'NONE', ( #4994, #1706, #3022, #6991 ) ) ;
#856 = CIRCLE ( 'NONE', #507, 6.524999999999999467 ) ;
#857 = DIRECTION ( 'NONE',  ( 0.000000000000000000, 1.000000000000000000, -0.000000000000000000 ) ) ;
#858 = EDGE_CURVE ( 'NONE', #5097, #5952, #2719, .T. ) ;
#859 = VERTEX_POINT ( 'NONE', #3913 ) ;
#860 = CARTESIAN_POINT ( 'NONE',  ( 20.47677587887367068, 0.000000000000000000, 42.28341895293079489 ) ) ;
#861 = CARTESIAN_POINT ( 'NONE',  ( 28.14737955458677021, 0.000000000000000000, -38.75389351862006038 ) ) ;
#862 = CIRCLE ( 'NONE', #2388, 0.9000000000000014655 ) ;
#863 = CARTESIAN_POINT ( 'NONE',  ( -44.87847118973455451, 2.758210326803123280E-13, -15.11923143123286195 ) ) ;
#864 = CARTESIAN_POINT ( 'NONE',  ( 47.93386787982855424, 10.00000000000000000, -10.21794103202034876 ) ) ;
#865 = CARTESIAN_POINT ( 'NONE',  ( -13.96927544782533204, 3.105155021998484699E-13, 46.65319621100964298 ) ) ;
#866 = CARTESIAN_POINT ( 'NONE',  ( -48.86852676800263851, 3.105155021998484699E-13, 0.7683555395103107699 ) ) ;
#867 = CARTESIAN_POINT ( 'NONE',  ( -27.73717641467479567, 10.00000000000000000, -40.35445773134681247 ) ) ;
#868 = CARTESIAN_POINT ( 'NONE',  ( -0.5186480863561776511, 10.00000000000000000, -48.66061967868357385 ) ) ;
#869 = ORIENTED_EDGE ( 'NONE', *, *, #958, .F. ) ;
#870 = DIRECTION ( 'NONE',  ( 0.000000000000000000, 0.000000000000000000, 1.000000000000000000 ) ) ;
#871 = CARTESIAN_POINT ( 'NONE',  ( 14.66602667439688190, 10.00000000000000000, 44.62819223802210900 ) ) ;
#872 = EDGE_CURVE ( 'NONE', #937, #1831, #1308, .T. ) ;
#873 = CARTESIAN_POINT ( 'NONE',  ( 6.390356373323012207, 10.00000000000000000, 48.13437006774628202 ) ) ;
#874 = CARTESIAN_POINT ( 'NONE',  ( 47.61220692420179290, 0.000000000000000000, 5.030362386582936551 ) ) ;
#875 = CARTESIAN_POINT ( 'NONE',  ( 19.49309979437110485, 10.00000000000000000, -44.16816589585721431 ) ) ;
#876 = DIRECTION ( 'NONE',  ( 0.000000000000000000, 0.000000000000000000, 1.000000000000000000 ) ) ;
#877 = CARTESIAN_POINT ( 'NONE',  ( -47.19120256422553439, 0.000000000000000000, -12.82691039617843209 ) ) ;
#878 = CARTESIAN_POINT ( 'NONE',  ( -37.62320027528993194, 2.758210326803123280E-13, -28.87622266440891039 ) ) ;
#879 = CARTESIAN_POINT ( 'NONE',  ( 35.60221757813911125, 3.105155021998484699E-13, 33.58179431255224756 ) ) ;
#880 = CARTESIAN_POINT ( 'NONE',  ( -41.52998209314235822, 3.105155021998484699E-13, 24.07168728746654551 ) ) ;
#881 = CARTESIAN_POINT ( 'NONE',  ( -28.51769218306010956, 10.00000000000000000, 37.44943886017198764 ) ) ;
#882 = CARTESIAN_POINT ( 'NONE',  ( 45.43748171300844518, 10.00000000000000000, 17.66119879895233780 ) ) ;
#883 = DIRECTION ( 'NONE',  ( -0.000000000000000000, 1.000000000000000000, -0.000000000000000000 ) ) ;
#884 = CARTESIAN_POINT ( 'NONE',  ( -11.91936587425607463, 0.000000000000000000, 45.53037859692393852 ) ) ;
#885 = CARTESIAN_POINT ( 'NONE',  ( -16.44346210292139432, 0.000000000000000000, -44.82887006714345546 ) ) ;
#886 = COORDINATED_UNIVERSAL_TIME_OFFSET ( 5, 0, .BEHIND. ) ;
#887 = CARTESIAN_POINT ( 'NONE',  ( 45.23344692437991199, 3.105155021998484699E-13, 12.69171918332886229 ) ) ;
#888 = DIRECTION ( 'NONE',  ( -0.000000000000000000, 1.000000000000000000, -0.000000000000000000 ) ) ;
#889 = CARTESIAN_POINT ( 'NONE',  ( -2.133709875451472726E-13, 5.000000000000000000, 30.00000000000000000 ) ) ;
#890 = CARTESIAN_POINT ( 'NONE',  ( 0.000000000000000000, 10.00000000000000000, 0.000000000000000000 ) ) ;
#891 = ORIENTED_EDGE ( 'NONE', *, *, #431, .F. ) ;
#892 = EDGE_LOOP ( 'NONE', ( #310, #1268 ) ) ;
#893 = CARTESIAN_POINT ( 'NONE',  ( 19.72309172767731766, 0.000000000000000000, 43.06451694029816935 ) ) ;
#894 = APPROVAL_PERSON_ORGANIZATION ( #596, #2525, #2845 ) ;
#895 = CARTESIAN_POINT ( 'NONE',  ( 21.45409433957454581, 0.000000000000000000, -42.01324511761499281 ) ) ;
#896 = CARTESIAN_POINT ( 'NONE',  ( -44.22058171022048612, 2.758210326803123280E-13, -15.90896177375730680 ) ) ;
#897 = CARTESIAN_POINT ( 'NONE',  ( 47.97904408508092899, 2.758210326803123280E-13, -9.555865791217094340 ) ) ;
#898 = CARTESIAN_POINT ( 'NONE',  ( -20.76633825524200816, 10.00000000000000000, 44.25637569993732257 ) ) ;
#899 = APPROVAL ( #5788, 'UNKNOWN' ) ;
#900 = EDGE_CURVE ( 'NONE', #532, #599, #1734, .T. ) ;
#901 = CARTESIAN_POINT ( 'NONE',  ( -48.51587056975520085, 10.00000000000000000, 6.075331518318511037 ) ) ;
#902 = CARTESIAN_POINT ( 'NONE',  ( -23.64884737556966599, 10.00000000000000000, -40.61141378234051302 ) ) ;
#903 = CARTESIAN_POINT ( 'NONE',  ( -3.231370336507539243, 10.00000000000000000, -48.02384020763385308 ) ) ;
#904 = ORIENTED_EDGE ( 'NONE', *, *, #1007, .T. ) ;
#905 = CARTESIAN_POINT ( 'NONE',  ( -49.00000000000002842, 0.000000000000000000, -3.531486802060992653E-10 ) ) ;
#906 = DIRECTION ( 'NONE',  ( 0.000000000000000000, 0.000000000000000000, 1.000000000000000000 ) ) ;
#907 = CARTESIAN_POINT ( 'NONE',  ( 3.202426590175039944, 3.105155021998484699E-13, 47.62871612187132797 ) ) ;
#908 = CARTESIAN_POINT ( 'NONE',  ( 5.975729838668017990, 10.00000000000000000, 48.47079846560605887 ) ) ;
#909 = FACE_OUTER_BOUND ( 'NONE', #4790, .T. ) ;
#910 = CARTESIAN_POINT ( 'NONE',  ( 18.84111122075580269, 10.00000000000000000, -45.17269837914102482 ) ) ;
#911 = LINE ( 'NONE', #3166, #1789 ) ;
#912 = CARTESIAN_POINT ( 'NONE',  ( -38.08528399282198507, 10.00000000000000000, -27.50812628936863646 ) ) ;
#913 = CARTESIAN_POINT ( 'NONE',  ( 32.59837096023531444, 10.00000000000000000, 34.41267711602824875 ) ) ;
#914 = CARTESIAN_POINT ( 'NONE',  ( -42.73316591954514365, 10.00000000000000000, 21.06864559280228377 ) ) ;
#915 = CARTESIAN_POINT ( 'NONE',  ( -30.24515585892036995, 3.105155021998484699E-13, 36.59799261076151566 ) ) ;
#916 = CARTESIAN_POINT ( 'NONE',  ( 43.47613484967973108, 10.00000000000000000, 21.55116089258905276 ) ) ;
#917 = CARTESIAN_POINT ( 'NONE',  ( 48.64595250870810617, 10.00000000000000000, -4.273903290900043395 ) ) ;
#918 = AXIS2_PLACEMENT_3D ( 'NONE', #2213, #1035, #5104 ) ;
#919 = CARTESIAN_POINT ( 'NONE',  ( -13.96927544782533204, 0.000000000000000000, 46.65319621100964298 ) ) ;
#920 = CARTESIAN_POINT ( 'NONE',  ( -37.19850707000892953, 0.000000000000000000, -31.83470540819453731 ) ) ;
#921 = PERSON_AND_ORGANIZATION ( #3204, #5727 ) ;
#922 = CARTESIAN_POINT ( 'NONE',  ( 47.22685241202866280, 10.00000000000000000, 8.369913015178092053 ) ) ;
#923 = DIRECTION ( 'NONE',  ( 0.000000000000000000, 0.000000000000000000, 1.000000000000000000 ) ) ;
#924 = CARTESIAN_POINT ( 'NONE',  ( 0.000000000000000000, 3.999999999999985345, 0.000000000000000000 ) ) ;
#925 = ORIENTED_EDGE ( 'NONE', *, *, #3608, .F. ) ;
#926 = CARTESIAN_POINT ( 'NONE',  ( 33.73411894796562649, 10.00000000000000000, -34.64725733244092964 ) ) ;
#927 = CARTESIAN_POINT ( 'NONE',  ( -22.85283134669405314, 10.00000000000000000, -41.27660938883851571 ) ) ;
#928 = EDGE_LOOP ( 'NONE', ( #2443, #2027, #2412, #330 ) ) ;
#929 = CARTESIAN_POINT ( 'NONE',  ( 24.36367472544436197, 0.000000000000000000, 42.51832489746226429 ) ) ;
#930 = CARTESIAN_POINT ( 'NONE',  ( 23.75687818108725580, 0.000000000000000000, -42.71247589149013635 ) ) ;
#931 = CARTESIAN_POINT ( 'NONE',  ( -47.19120256422553439, 10.00000000000000000, -12.82691039617843209 ) ) ;
#932 = CARTESIAN_POINT ( 'NONE',  ( 48.81657376000020321, 10.00000000000000000, -3.843863664540267067 ) ) ;
#933 = CARTESIAN_POINT ( 'NONE',  ( -17.45161947577955175, 10.00000000000000000, 43.61432089121670685 ) ) ;
#934 = FACE_OUTER_BOUND ( 'NONE', #389, .T. ) ;
#935 = CARTESIAN_POINT ( 'NONE',  ( -18.74850481301510996, 10.00000000000000000, -43.46023206326197652 ) ) ;
#936 = CARTESIAN_POINT ( 'NONE',  ( -2.441654943848182935, 10.00000000000000000, -48.83377677777771453 ) ) ;
#937 = VERTEX_POINT ( 'NONE', #636 ) ;
#938 = CARTESIAN_POINT ( 'NONE',  ( -48.73775252399465785, 10.00000000000000000, 1.062583229773684357 ) ) ;
#939 = CARTESIAN_POINT ( 'NONE',  ( 7.661018336118911698, 3.105155021998484699E-13, 46.43029501587044905 ) ) ;
#940 = CARTESIAN_POINT ( 'NONE',  ( -3.179053583939763783, 10.00000000000000000, 48.27698387033478866 ) ) ;
#941 = CARTESIAN_POINT ( 'NONE',  ( 46.50200907402340533, 0.000000000000000000, 6.786246342412955990 ) ) ;
#942 = CARTESIAN_POINT ( 'NONE',  ( 24.06705234704800489, 10.00000000000000000, -42.63747644607472864 ) ) ;
#943 = CARTESIAN_POINT ( 'NONE',  ( 19.00000000000000000, -5.000000000000000000, -0.8999999999998017364 ) ) ;
#944 = AXIS2_PLACEMENT_3D ( 'NONE', #5218, #6938, #1265 ) ;
#945 = CARTESIAN_POINT ( 'NONE',  ( 25.46978455743765579, 10.00000000000000000, 41.15945164467253647 ) ) ;
#946 = CARTESIAN_POINT ( 'NONE',  ( 11.42095920628385741, 0.5000000000000336398, 33.92165911943856571 ) ) ;
#947 = CARTESIAN_POINT ( 'NONE',  ( 39.57312328610999685, 10.00000000000000000, 26.28176479687477141 ) ) ;
#948 = CARTESIAN_POINT ( 'NONE',  ( 48.73228654715994423, 10.00000000000000000, -4.086991198139762638 ) ) ;
#949 = AXIS2_PLACEMENT_3D ( 'NONE', #6164, #6237, #1656 ) ;
#950 = ORIENTED_EDGE ( 'NONE', *, *, #5991, .T. ) ;
#951 = CARTESIAN_POINT ( 'NONE',  ( -30.56645755495390659, 0.000000000000000000, 36.64244819143367238 ) ) ;
#952 = CARTESIAN_POINT ( 'NONE',  ( -33.24425336356483740, 0.000000000000000000, -33.77181024464491088 ) ) ;
#953 = PERSON_AND_ORGANIZATION ( #3204, #5727 ) ;
#954 = CARTESIAN_POINT ( 'NONE',  ( 43.03688288602829459, 3.105155021998484699E-13, 23.36444628936250112 ) ) ;
#955 = AXIS2_PLACEMENT_3D ( 'NONE', #5131, #1723, #5611 ) ;
#956 =( NAMED_UNIT ( * ) PLANE_ANGLE_UNIT ( ) SI_UNIT ( $, .RADIAN. ) );
#957 = DIRECTION ( 'NONE',  ( 0.000000000000000000, 1.000000000000000000, -0.000000000000000000 ) ) ;
#958 = EDGE_CURVE ( 'NONE', #532, #5472, #1070, .T. ) ;
#959 = CARTESIAN_POINT ( 'NONE',  ( -2.125719055087036327E-13, 1.500000000000000000, 23.47499999999999432 ) ) ;
#960 = ORIENTED_EDGE ( 'NONE', *, *, #367, .T. ) ;
#961 = CARTESIAN_POINT ( 'NONE',  ( -37.81051759114381383, 10.00000000000000000, 31.10533982823822896 ) ) ;
#962 = CARTESIAN_POINT ( 'NONE',  ( 35.88785589673904752, 2.758210326803123280E-13, -30.34166624303892945 ) ) ;
#963 = CARTESIAN_POINT ( 'NONE',  ( -23.64884737556966599, 10.00000000000000000, -40.61141378234051302 ) ) ;
#964 = AXIS2_PLACEMENT_3D ( 'NONE', #1760, #4017, #6853 ) ;
#965 = ORIENTED_EDGE ( 'NONE', *, *, #1974, .T. ) ;
#966 = CARTESIAN_POINT ( 'NONE',  ( 27.48593654726746038, 0.000000000000000000, 38.60361176104862579 ) ) ;
#967 = CARTESIAN_POINT ( 'NONE',  ( 5.975729839017136058, 0.000000000000000000, -48.47079846589457475 ) ) ;
#968 = CARTESIAN_POINT ( 'NONE',  ( -45.91785491649247319, 2.758210326803123280E-13, -10.35711534514599919 ) ) ;
#969 = CARTESIAN_POINT ( 'NONE',  ( 48.87775430137079269, 10.00000000000000000, -3.552822324683477362 ) ) ;
#970 = CARTESIAN_POINT ( 'NONE',  ( -20.16989368188736265, 10.00000000000000000, 44.22350273501361784 ) ) ;
#971 = VECTOR ( 'NONE', #1058, 1000.000000000000114 ) ;
#972 = CARTESIAN_POINT ( 'NONE',  ( -47.22625722620323074, 3.105155021998484699E-13, 4.565049818918780922 ) ) ;
#973 = CARTESIAN_POINT ( 'NONE',  ( -15.53621156479634280, 10.00000000000000000, -46.44024945229885759 ) ) ;
#974 = CARTESIAN_POINT ( 'NONE',  ( -5.261528142357095206, 2.758210326803123280E-13, -46.69895909887053875 ) ) ;
#975 = CARTESIAN_POINT ( 'NONE',  ( 42.25582227685520564, 0.000000000000000000, 23.96781524986312206 ) ) ;
#976 = VECTOR ( 'NONE', #2933, 1000.000000000000114 ) ;
#977 = EDGE_LOOP ( 'NONE', ( #6117, #1991 ) ) ;
#978 = CARTESIAN_POINT ( 'NONE',  ( 47.83125034141495746, 0.000000000000000000, -8.960660099654338850 ) ) ;
#979 = CARTESIAN_POINT ( 'NONE',  ( 1.849216666712503340E-15, 3.999999999999985345, -15.09999999999999964 ) ) ;
#980 = CARTESIAN_POINT ( 'NONE',  ( 7.988445472473713060, 3.105155021998484699E-13, 46.31133393131796794 ) ) ;
#981 = CARTESIAN_POINT ( 'NONE',  ( -47.38230242929080305, 0.000000000000000000, 2.063423480037482438 ) ) ;
#982 = CARTESIAN_POINT ( 'NONE',  ( -13.67419874493829290, 10.00000000000000000, 46.55795448644408197 ) ) ;
#983 = CARTESIAN_POINT ( 'NONE',  ( 30.78997067002575960, 10.00000000000000000, -36.14083870403133147 ) ) ;
#984 = CARTESIAN_POINT ( 'NONE',  ( 12.72176798459747005, 10.00000000000000000, -47.11054574195090083 ) ) ;
#985 = DIRECTION ( 'NONE',  ( -0.000000000000000000, -1.000000000000000000, -0.000000000000000000 ) ) ;
#986 = VERTEX_POINT ( 'NONE', #4583 ) ;
#987 = CARTESIAN_POINT ( 'NONE',  ( 30.78413878900440892, 10.00000000000000000, 37.88899995952667865 ) ) ;
#988 = DIRECTION ( 'NONE',  ( 0.000000000000000000, 1.000000000000000000, 0.000000000000000000 ) ) ;
#989 = EDGE_CURVE ( 'NONE', #5370, #1848, #2846, .T. ) ;
#990 = EDGE_CURVE ( 'NONE', #4371, #239, #724, .T. ) ;
#991 = CARTESIAN_POINT ( 'NONE',  ( 30.79779147582428322, 10.00000000000000000, 36.76856092957612532 ) ) ;
#992 = CARTESIAN_POINT ( 'NONE',  ( 47.61220692423798084, 10.00000000000000000, -5.030362386571609612 ) ) ;
#993 = CARTESIAN_POINT ( 'NONE',  ( -47.79401905899558045, 10.00000000000000000, -8.161078932511340867 ) ) ;
#994 = CARTESIAN_POINT ( 'NONE',  ( 43.03688288619667190, 10.00000000000000000, -23.36444628938418688 ) ) ;
#995 = CARTESIAN_POINT ( 'NONE',  ( -27.90557941559861277, 0.000000000000000000, 40.15990372538703213 ) ) ;
#996 = CARTESIAN_POINT ( 'NONE',  ( -38.01112908134991386, 0.000000000000000000, -29.96605618915118185 ) ) ;
#997 = CONICAL_SURFACE ( 'NONE', #1348, 6.524999999999999467, 0.7853981633974431720 ) ;
#998 = COORDINATED_UNIVERSAL_TIME_OFFSET ( 5, 0, .BEHIND. ) ;
#999 = CARTESIAN_POINT ( 'NONE',  ( 43.03688288602829459, 10.00000000000000000, 23.36444628936250112 ) ) ;
#1000 = CARTESIAN_POINT ( 'NONE',  ( 25.98076211353288301, 0.000000000000000000, 11.50000000000047784 ) ) ;
#1001 = DIRECTION ( 'NONE',  ( 0.000000000000000000, 0.000000000000000000, 1.000000000000000000 ) ) ;
#1002 = EDGE_LOOP ( 'NONE', ( #7083, #2662, #5834, #3809 ) ) ;
#1003 = CARTESIAN_POINT ( 'NONE',  ( 35.53287412867226180, 10.00000000000000000, -31.30628040950120194 ) ) ;
#1004 = CARTESIAN_POINT ( 'NONE',  ( -25.29633491881440932, 2.758210326803123280E-13, -40.58947445160428913 ) ) ;
#1005 = ORIENTED_EDGE ( 'NONE', *, *, #2814, .T. ) ;
#1006 = CARTESIAN_POINT ( 'NONE',  ( 5.975729838668017990, 0.000000000000000000, 48.47079846560605887 ) ) ;
#1007 = EDGE_CURVE ( 'NONE', #666, #5325, #487, .T. ) ;
#1008 = ADVANCED_FACE ( 'NONE', ( #7266 ), #5439, .F. ) ;
#1009 = CARTESIAN_POINT ( 'NONE',  ( 7.096471593392148058, 0.000000000000000000, -46.82209335687473128 ) ) ;
#1010 = CARTESIAN_POINT ( 'NONE',  ( -46.96857664265848342, 10.00000000000000000, -8.422003629410825809 ) ) ;
#1011 = CARTESIAN_POINT ( 'NONE',  ( 45.65387479844790164, 10.00000000000000000, -17.44902786893582203 ) ) ;
#1012 = CARTESIAN_POINT ( 'NONE',  ( -48.73775252399465785, 10.00000000000000000, 1.062583229773684357 ) ) ;
#1013 = CARTESIAN_POINT ( 'NONE',  ( -33.35277019317332048, 10.00000000000000000, -33.30754164194094358 ) ) ;
#1014 = CARTESIAN_POINT ( 'NONE',  ( 0.9696227742758785073, 10.00000000000000000, 47.09635402392218850 ) ) ;
#1015 = CARTESIAN_POINT ( 'NONE',  ( -12.84417367577392000, 10.00000000000000000, -45.79109787038265011 ) ) ;
#1016 = CARTESIAN_POINT ( 'NONE',  ( 40.04918307735645300, 0.000000000000000000, 27.54279833520939391 ) ) ;
#1017 = CARTESIAN_POINT ( 'NONE',  ( 46.81736925808620242, 0.000000000000000000, -7.894077009622928465 ) ) ;
#1018 = CARTESIAN_POINT ( 'NONE',  ( -48.13644352861246034, 10.00000000000000000, 1.545359651500180398 ) ) ;
#1019 = CARTESIAN_POINT ( 'NONE',  ( 3.498989426192929741, 3.105155021998484699E-13, 48.05621757588074416 ) ) ;
#1020 = CARTESIAN_POINT ( 'NONE',  ( -45.99848029532082450, 0.000000000000000000, 10.75378807403149573 ) ) ;
#1021 = CARTESIAN_POINT ( 'NONE',  ( -7.715636491310879919, 10.00000000000000000, 48.26192936873041361 ) ) ;
#1022 = CARTESIAN_POINT ( 'NONE',  ( 13.20395671666470783, 10.00000000000000000, -46.06253499103655713 ) ) ;
#1023 = CARTESIAN_POINT ( 'NONE',  ( 13.28424752768143158, 2.758210326803123280E-13, -45.83027493275058362 ) ) ;
#1024 = LINE ( 'NONE', #943, #2379 ) ;
#1025 = CARTESIAN_POINT ( 'NONE',  ( 25.38699238972189320, 10.00000000000000000, 40.65148568266904050 ) ) ;
#1026 = DIRECTION ( 'NONE',  ( 0.000000000000000000, 0.000000000000000000, 1.000000000000000000 ) ) ;
#1027 = CARTESIAN_POINT ( 'NONE',  ( 35.59206882314446574, 10.00000000000000000, 30.97119661151224079 ) ) ;
#1028 = CARTESIAN_POINT ( 'NONE',  ( 44.70460516729353628, 10.00000000000000000, -17.91664482418755000 ) ) ;
#1029 = CARTESIAN_POINT ( 'NONE',  ( -47.42108593938024086, 10.00000000000000000, -4.803653317953778590 ) ) ;
#1030 = EDGE_LOOP ( 'NONE', ( #3659, #3115, #1905, #1224 ) ) ;
#1031 = CARTESIAN_POINT ( 'NONE',  ( -36.38351655475856461, 0.000000000000000000, 32.20849532054290876 ) ) ;
#1032 = CARTESIAN_POINT ( 'NONE',  ( -28.12498365847899962, 0.000000000000000000, -39.81159203444778427 ) ) ;
#1033 = COORDINATED_UNIVERSAL_TIME_OFFSET ( 5, 0, .BEHIND. ) ;
#1034 = CARTESIAN_POINT ( 'NONE',  ( 43.47613484967973108, 10.00000000000000000, 21.55116089258905276 ) ) ;
#1035 = DIRECTION ( 'NONE',  ( -0.000000000000000000, 1.000000000000000000, -0.000000000000000000 ) ) ;
#1036 = DIRECTION ( 'NONE',  ( -6.921318121929023035E-16, -1.000000000000000000, 1.707850311244371750E-16 ) ) ;
#1037 = EDGE_LOOP ( 'NONE', ( #3594, #2017, #1584, #5904 ) ) ;
#1038 = CARTESIAN_POINT ( 'NONE',  ( 34.84168427752873498, 10.00000000000000000, -34.38458398784221259 ) ) ;
#1039 = CARTESIAN_POINT ( 'NONE',  ( -22.47340223554285288, 10.00000000000000000, -42.51794034354355034 ) ) ;
#1040 = VERTEX_POINT ( 'NONE', #4433 ) ;
#1041 = CARTESIAN_POINT ( 'NONE',  ( 17.94978839377248647, 0.000000000000000000, 45.56177932268646913 ) ) ;
#1042 = CARTESIAN_POINT ( 'NONE',  ( 14.16787126586086920, 0.000000000000000000, -44.82238695560720743 ) ) ;
#1043 = CARTESIAN_POINT ( 'NONE',  ( -45.99848029524338955, 2.758210326803123280E-13, -10.75378807469441966 ) ) ;
#1044 = CARTESIAN_POINT ( 'NONE',  ( 46.10308376688785614, 10.00000000000000000, -16.61030621710630228 ) ) ;
#1045 = CARTESIAN_POINT ( 'NONE',  ( -19.82035793658560152, 10.00000000000000000, 44.06996243696865179 ) ) ;
#1046 = FACE_BOUND ( 'NONE', #339, .T. ) ;
#1047 = CARTESIAN_POINT ( 'NONE',  ( -33.23888001619938848, 10.00000000000000000, -34.16152856408135818 ) ) ;
#1048 = CARTESIAN_POINT ( 'NONE',  ( -11.91936587392812719, 10.00000000000000000, -45.53037859734133974 ) ) ;
#1049 = CARTESIAN_POINT ( 'NONE',  ( 46.55295747036457499, 0.000000000000000000, -6.361996736161203536 ) ) ;
#1050 = CARTESIAN_POINT ( 'NONE',  ( -33.27739363061889577, 10.00000000000000000, -34.44930059947426315 ) ) ;
#1051 = CARTESIAN_POINT ( 'NONE',  ( 47.17301182533935844, 10.00000000000000000, -0.8301019438993753052 ) ) ;
#1052 = CARTESIAN_POINT ( 'NONE',  ( 6.199796286080736962, 3.105155021998484699E-13, 48.31315845756013516 ) ) ;
#1053 = CARTESIAN_POINT ( 'NONE',  ( -44.22058171033506113, 10.00000000000000000, 15.90896177310713711 ) ) ;
#1054 = CARTESIAN_POINT ( 'NONE',  ( -48.01139925001888287, 0.000000000000000000, 7.938984896251222168 ) ) ;
#1055 = CARTESIAN_POINT ( 'NONE',  ( -16.54945442444102710, 10.00000000000000000, 44.53514656127515536 ) ) ;
#1056 = CARTESIAN_POINT ( 'NONE',  ( 12.97528474955040245, 10.00000000000000000, -46.84212630553974321 ) ) ;
#1057 = CARTESIAN_POINT ( 'NONE',  ( 16.21901918100986961, 10.00000000000000000, -44.91056042021516248 ) ) ;
#1058 = DIRECTION ( 'NONE',  ( 0.000000000000000000, 0.7071067811865411334, 0.7071067811865539010 ) ) ;
#1059 = CARTESIAN_POINT ( 'NONE',  ( 28.88027686890584178, 10.00000000000000000, 39.07120267836979366 ) ) ;
#1060 = CARTESIAN_POINT ( 'NONE',  ( 27.87066724171404530, 10.00000000000000000, 38.66599392288272696 ) ) ;
#1061 = CARTESIAN_POINT ( 'NONE',  ( 42.98576811698977451, 10.00000000000000000, -20.86244430913494341 ) ) ;
#1062 = CARTESIAN_POINT ( 'NONE',  ( -9.499999999999674927, 0.000000000000000000, -15.55448267190452860 ) ) ;
#1063 = EDGE_LOOP ( 'NONE', ( #5884, #2209 ) ) ;
#1064 = CARTESIAN_POINT ( 'NONE',  ( 43.03688288619667190, 2.758210326803123280E-13, -23.36444628938418688 ) ) ;
#1065 = CIRCLE ( 'NONE', #1184, 0.9000000000000026867 ) ;
#1066 = CARTESIAN_POINT ( 'NONE',  ( -38.01112908156566306, 0.000000000000000000, 29.96605618854577813 ) ) ;
#1067 = CARTESIAN_POINT ( 'NONE',  ( -32.54682302938070393, 0.000000000000000000, -36.61614350301265830 ) ) ;
#1068 = CARTESIAN_POINT ( 'NONE',  ( 44.44231156568953622, 10.00000000000000000, 17.94223960955322994 ) ) ;
#1069 = CARTESIAN_POINT ( 'NONE',  ( 9.500000000000133227, 0.000000000000000000, -17.35448267190425753 ) ) ;
#1070 = LINE ( 'NONE', #2250, #1418 ) ;
#1071 = ORIENTED_EDGE ( 'NONE', *, *, #3359, .T. ) ;
#1072 = CARTESIAN_POINT ( 'NONE',  ( 36.68117242723831595, 10.00000000000000000, -29.67325348895138504 ) ) ;
#1073 = CARTESIAN_POINT ( 'NONE',  ( -27.90557941530940411, 10.00000000000000000, -40.15990372591959812 ) ) ;
#1074 = CARTESIAN_POINT ( 'NONE',  ( 8.681093759798399034, 0.000000000000000000, 46.25042819909588587 ) ) ;
#1075 = CIRCLE ( 'NONE', #3789, 3.499999999999999556 ) ;
#1076 = CARTESIAN_POINT ( 'NONE',  ( 10.24325350245556443, 0.000000000000000000, -47.27854813192278272 ) ) ;
#1077 = DIRECTION ( 'NONE',  ( 0.000000000000000000, 1.000000000000000000, -0.000000000000000000 ) ) ;
#1078 = CARTESIAN_POINT ( 'NONE',  ( -48.46871621117659856, 2.758210326803123280E-13, -7.128898880659186865 ) ) ;
#1079 = CARTESIAN_POINT ( 'NONE',  ( 45.20527538362650688, 2.758210326803123280E-13, -17.82219091192827420 ) ) ;
#1080 = CARTESIAN_POINT ( 'NONE',  ( -27.23427133781200382, 10.00000000000000000, 40.74007315665408413 ) ) ;
#1081 = CARTESIAN_POINT ( 'NONE',  ( 18.74678718252987508, 0.000000000000000000, 29.85820650879297489 ) ) ;
#1082 = CIRCLE ( 'NONE', #4385, 0.9000000000000026867 ) ;
#1083 = EDGE_CURVE ( 'NONE', #3401, #4160, #5555, .T. ) ;
#1084 = CARTESIAN_POINT ( 'NONE',  ( -36.93269067694564711, 10.00000000000000000, -32.01126727023650886 ) ) ;
#1085 = CARTESIAN_POINT ( 'NONE',  ( -11.49313742289316309, 10.00000000000000000, -45.55319594661180105 ) ) ;
#1086 = CARTESIAN_POINT ( 'NONE',  ( 40.63327091319732887, 0.000000000000000000, 24.17415757902919182 ) ) ;
#1087 = CARTESIAN_POINT ( 'NONE',  ( 47.61220692423798084, 0.000000000000000000, -5.030362386571609612 ) ) ;
#1088 = CIRCLE ( 'NONE', #2865, 3.499999999999999556 ) ;
#1089 = CARTESIAN_POINT ( 'NONE',  ( -36.11136541536514954, 2.758210326803123280E-13, -32.23010507204705277 ) ) ;
#1090 = CARTESIAN_POINT ( 'NONE',  ( 48.05831803056164375, 2.758210326803123280E-13, -1.794575443978757123 ) ) ;
#1091 = CARTESIAN_POINT ( 'NONE',  ( -2.990908725482608332, 10.00000000000000000, 48.49416211901183971 ) ) ;
#1092 = CARTESIAN_POINT ( 'NONE',  ( -44.29340605254152763, 10.00000000000000000, 20.62220960272624737 ) ) ;
#1093 = CARTESIAN_POINT ( 'NONE',  ( -48.41781468099730290, 0.000000000000000000, 5.750934167021956256 ) ) ;
#1094 = CARTESIAN_POINT ( 'NONE',  ( -16.75100435979412694, 10.00000000000000000, 44.21375863566903774 ) ) ;
#1095 = CARTESIAN_POINT ( 'NONE',  ( 6.576098158341775246, 10.00000000000000000, -47.64015109982975815 ) ) ;
#1096 = CARTESIAN_POINT ( 'NONE',  ( 9.888361412254010219, 10.00000000000000000, -46.79348573664567112 ) ) ;
#1097 = CIRCLE ( 'NONE', #744, 6.524999999999999467 ) ;
#1098 = CARTESIAN_POINT ( 'NONE',  ( 25.98076211353288301, 5.000000000000000000, 15.00000000000047784 ) ) ;
#1099 = ADVANCED_FACE ( 'NONE', ( #5069 ), #6123, .F. ) ;
#1100 = CARTESIAN_POINT ( 'NONE',  ( 19.49309979405296289, 3.105155021998484699E-13, 44.16816589566609252 ) ) ;
#1101 = CYLINDRICAL_SURFACE ( 'NONE', #3329, 0.9000000000000014655 ) ;
#1102 = CARTESIAN_POINT ( 'NONE',  ( 29.51932750670547634, 10.00000000000000000, 38.97830972284985762 ) ) ;
#1103 = CARTESIAN_POINT ( 'NONE',  ( 47.93386787982855424, 10.00000000000000000, -10.21794103202034876 ) ) ;
#1104 = DIRECTION ( 'NONE',  ( 0.000000000000000000, 0.000000000000000000, 1.000000000000000000 ) ) ;
#1105 = EDGE_LOOP ( 'NONE', ( #3318, #3945 ) ) ;
#1106 = CARTESIAN_POINT ( 'NONE',  ( 38.49040888289671614, 2.758210326803123280E-13, -29.60139600630218482 ) ) ;
#1107 = CARTESIAN_POINT ( 'NONE',  ( -30.24515585892036995, 0.000000000000000000, 36.59799261076151566 ) ) ;
#1108 = CARTESIAN_POINT ( 'NONE',  ( -44.78155854334718100, 0.000000000000000000, -18.29746868200954779 ) ) ;
#1109 = CARTESIAN_POINT ( 'NONE',  ( 43.46957936547061507, 10.00000000000000000, 22.49346172919071662 ) ) ;
#1110 = CYLINDRICAL_SURFACE ( 'NONE', #2601, 6.524999999999999467 ) ;
#1111 = ORIENTED_EDGE ( 'NONE', *, *, #338, .T. ) ;
#1112 = CARTESIAN_POINT ( 'NONE',  ( 25.98694789263276306, 10.00000000000000000, -39.15552321667084357 ) ) ;
#1113 = CARTESIAN_POINT ( 'NONE',  ( 18.56707514706781126, 0.000000000000000000, 45.34511145879790206 ) ) ;
#1114 = CARTESIAN_POINT ( 'NONE',  ( 13.80912449933339126, 0.000000000000000000, -45.08558219001507439 ) ) ;
#1115 = DIRECTION ( 'NONE',  ( 0.000000000000000000, 1.000000000000000000, -0.000000000000000000 ) ) ;
#1116 = CARTESIAN_POINT ( 'NONE',  ( -48.38002286251460049, 10.00000000000000000, -1.479422360900781497 ) ) ;
#1117 = CARTESIAN_POINT ( 'NONE',  ( 46.18891600167901146, 2.758210326803123280E-13, -15.97901472148825341 ) ) ;
#1118 = CARTESIAN_POINT ( 'NONE',  ( -22.56135536630490535, 10.00000000000000000, 41.88270893765066916 ) ) ;
#1119 = CARTESIAN_POINT ( 'NONE',  ( 9.215467163583821476E-16, 5.000000000000000000, -37.52499999999999147 ) ) ;
#1120 = CARTESIAN_POINT ( 'NONE',  ( -37.62320027528993194, 10.00000000000000000, -28.87622266440891039 ) ) ;
#1121 = CARTESIAN_POINT ( 'NONE',  ( -4.644197830607593502, 2.758210326803123280E-13, -46.75014313090552776 ) ) ;
#1122 = CARTESIAN_POINT ( 'NONE',  ( 41.61168374960330141, 0.000000000000000000, 23.93017586742096370 ) ) ;
#1123 = CARTESIAN_POINT ( 'NONE',  ( 47.46122657537090817, 0.000000000000000000, -5.116862069175397210 ) ) ;
#1124 = EDGE_CURVE ( 'NONE', #6124, #4270, #5580, .T. ) ;
#1125 = EDGE_CURVE ( 'NONE', #1040, #6559, #6488, .T. ) ;
#1126 = CARTESIAN_POINT ( 'NONE',  ( -38.01112908134991386, 10.00000000000000000, -29.96605618915118185 ) ) ;
#1127 = CARTESIAN_POINT ( 'NONE',  ( -6.682706864030185656, 10.00000000000000000, 47.45928886728357554 ) ) ;
#1128 = CARTESIAN_POINT ( 'NONE',  ( -44.85295710380655976, 3.105155021998484699E-13, 19.73540441136534085 ) ) ;
#1129 = CARTESIAN_POINT ( 'NONE',  ( -15.53621156513084856, 10.00000000000000000, 46.44024945185537234 ) ) ;
#1130 = CARTESIAN_POINT ( 'NONE',  ( 12.00447474040634077, 10.00000000000000000, -47.51441764541989699 ) ) ;
#1131 = CARTESIAN_POINT ( 'NONE',  ( 17.29531084834088972, 10.00000000000000000, -45.58295722401451400 ) ) ;
#1132 = FACE_OUTER_BOUND ( 'NONE', #157, .T. ) ;
#1133 = APPLICATION_CONTEXT ( 'configuration controlled 3d designs of mechanical parts and assemblies' ) ;
#1134 = LOCAL_TIME ( 11, 7, 39.00000000000000000, #4870 ) ;
#1135 = CARTESIAN_POINT ( 'NONE',  ( -41.26638704559058368, 10.00000000000000000, 22.66473460820860097 ) ) ;
#1136 = CARTESIAN_POINT ( 'NONE',  ( 19.28701064595817982, 3.105155021998484699E-13, 44.71769888541423654 ) ) ;
#1137 = CARTESIAN_POINT ( 'NONE',  ( 33.40829916710654146, 10.00000000000000000, 34.50086255634933963 ) ) ;
#1138 = ADVANCED_FACE ( 'NONE', ( #95 ), #1110, .F. ) ;
#1139 = CARTESIAN_POINT ( 'NONE',  ( 47.46058379553293349, 10.00000000000000000, -8.519075685029187994 ) ) ;
#1140 = CYLINDRICAL_SURFACE ( 'NONE', #3911, 6.524999999999999467 ) ;
#1141 = ORIENTED_EDGE ( 'NONE', *, *, #2040, .F. ) ;
#1142 = CARTESIAN_POINT ( 'NONE',  ( 37.96953194820320476, 2.758210326803123280E-13, -29.51514361703916123 ) ) ;
#1143 = CARTESIAN_POINT ( 'NONE',  ( -42.29788661301815011, 0.000000000000000000, 21.24116267528980373 ) ) ;
#1144 = CARTESIAN_POINT ( 'NONE',  ( -39.27315821571176713, 0.000000000000000000, -26.82194037251234064 ) ) ;
#1145 = CARTESIAN_POINT ( 'NONE',  ( 38.98907634021674085, 3.105155021998484699E-13, 29.41053317186247895 ) ) ;
#1146 = DIRECTION ( 'NONE',  ( -0.000000000000000000, 1.000000000000000000, -0.000000000000000000 ) ) ;
#1147 = CARTESIAN_POINT ( 'NONE',  ( 25.98076211353288301, 0.000000000000000000, 15.00000000000047784 ) ) ;
#1148 = VERTEX_POINT ( 'NONE', #5617 ) ;
#1149 = CARTESIAN_POINT ( 'NONE',  ( 25.40731973354881390, 10.00000000000000000, -40.91425361732050447 ) ) ;
#1150 = CARTESIAN_POINT ( 'NONE',  ( 12.53951192159675010, 0.000000000000000000, 47.25069560539586888 ) ) ;
#1151 = CARTESIAN_POINT ( 'NONE',  ( -6.836039188508168607, 0.000000000000000000, -47.67364694789878854 ) ) ;
#1152 = CARTESIAN_POINT ( 'NONE',  ( 46.90244463932813801, 3.105155021998484699E-13, 5.627151524414816919 ) ) ;
#1153 = LINE ( 'NONE', #1774, #2410 ) ;
#1154 = CARTESIAN_POINT ( 'NONE',  ( 46.16891714034355232, 2.758210326803123280E-13, -16.29749940164609967 ) ) ;
#1155 = CARTESIAN_POINT ( 'NONE',  ( -22.68260106858051017, 3.105155021998484699E-13, 41.57123939433080295 ) ) ;
#1156 = FACE_OUTER_BOUND ( 'NONE', #2251, .T. ) ;
#1157 = CARTESIAN_POINT ( 'NONE',  ( -44.39459263266536482, 10.00000000000000000, -15.60716637474194890 ) ) ;
#1158 = ORIENTED_EDGE ( 'NONE', *, *, #1614, .F. ) ;
#1159 = VECTOR ( 'NONE', #7137, 1000.000000000000114 ) ;
#1160 = CARTESIAN_POINT ( 'NONE',  ( 37.65319715666666411, 0.000000000000000000, -29.48977352692323706 ) ) ;
#1161 = CARTESIAN_POINT ( 'NONE',  ( -39.27315821571176713, 10.00000000000000000, -26.82194037251234064 ) ) ;
#1162 = CARTESIAN_POINT ( 'NONE',  ( 48.77209273865626926, 2.758210326803123280E-13, -2.531838819601833990 ) ) ;
#1163 = CARTESIAN_POINT ( 'NONE',  ( 2.226095765439310092, 3.105155021998484699E-13, 47.01870026958645354 ) ) ;
#1164 = CARTESIAN_POINT ( 'NONE',  ( -43.11875750468413315, 3.105155021998484699E-13, 20.99969512112969028 ) ) ;
#1165 = CARTESIAN_POINT ( 'NONE',  ( -22.47340223584906838, 10.00000000000000000, 42.51794034305012104 ) ) ;
#1166 = CARTESIAN_POINT ( 'NONE',  ( 10.24325350245556443, 10.00000000000000000, -47.27854813192278272 ) ) ;
#1167 = CARTESIAN_POINT ( 'NONE',  ( 6.390356373669691337, 10.00000000000000000, -48.13437006803174967 ) ) ;
#1168 = DIRECTION ( 'NONE',  ( 0.000000000000000000, 0.000000000000000000, 1.000000000000000000 ) ) ;
#1169 = CARTESIAN_POINT ( 'NONE',  ( -44.70801936880577898, 10.00000000000000000, 20.07285128571200161 ) ) ;
#1170 = CARTESIAN_POINT ( 'NONE',  ( 19.28701064595817982, 10.00000000000000000, 44.71769888541423654 ) ) ;
#1171 = CARTESIAN_POINT ( 'NONE',  ( 16.67966783511800344, 10.00000000000000000, 45.35459813145998709 ) ) ;
#1172 = CARTESIAN_POINT ( 'NONE',  ( 47.01651976830700619, 10.00000000000000000, -8.150104650329822675 ) ) ;
#1173 = DIRECTION ( 'NONE',  ( -0.000000000000000000, 1.000000000000000000, -0.000000000000000000 ) ) ;
#1174 = ORIENTED_EDGE ( 'NONE', *, *, #6639, .F. ) ;
#1175 = CARTESIAN_POINT ( 'NONE',  ( 39.97798511503782493, 10.00000000000000000, -28.13588990578830007 ) ) ;
#1176 = CARTESIAN_POINT ( 'NONE',  ( -42.92429725523004436, 0.000000000000000000, 21.02530292055599759 ) ) ;
#1177 = CARTESIAN_POINT ( 'NONE',  ( -37.80209017904653734, 0.000000000000000000, -27.93370669420444230 ) ) ;
#1178 = PERSON_AND_ORGANIZATION_ROLE ( 'design_supplier' ) ;
#1179 = CARTESIAN_POINT ( 'NONE',  ( 39.66449070730438109, 3.105155021998484699E-13, 25.22900976876788448 ) ) ;
#1180 = CARTESIAN_POINT ( 'NONE',  ( -37.62320027549795043, 3.105155021998484699E-13, 28.87622266380630620 ) ) ;
#1181 = CARTESIAN_POINT ( 'NONE',  ( 47.17301182533338277, 10.00000000000000000, 0.8301019439075196793 ) ) ;
#1182 = CARTESIAN_POINT ( 'NONE',  ( 25.98076211353339815, 1.500000000000000000, -8.474999999999583977 ) ) ;
#1183 = ORIENTED_EDGE ( 'NONE', *, *, #5163, .T. ) ;
#1184 = AXIS2_PLACEMENT_3D ( 'NONE', #4663, #236, #4103 ) ;
#1185 = CARTESIAN_POINT ( 'NONE',  ( 27.48593654754554549, 10.00000000000000000, -38.60361176118227888 ) ) ;
#1186 = CARTESIAN_POINT ( 'NONE',  ( -10.25976536043989462, 0.000000000000000000, 46.30419688370048448 ) ) ;
#1187 = CARTESIAN_POINT ( 'NONE',  ( -1.395924203744943304, 0.000000000000000000, -48.97028130967217407 ) ) ;
#1188 = EDGE_CURVE ( 'NONE', #6559, #1040, #612, .T. ) ;
#1189 = CARTESIAN_POINT ( 'NONE',  ( 48.05831803054861240, 10.00000000000000000, 1.794575443993277508 ) ) ;
#1190 = AXIS2_PLACEMENT_3D ( 'NONE', #564, #6714, #6677 ) ;
#1191 = EDGE_CURVE ( 'NONE', #5544, #3669, #3950, .T. ) ;
#1192 = CARTESIAN_POINT ( 'NONE',  ( -49.00000000000002132, 2.758210326803123280E-13, -3.310762503199712476E-10 ) ) ;
#1193 = CARTESIAN_POINT ( 'NONE',  ( -24.32017664441217875, 10.00000000000000000, 40.42943719064114561 ) ) ;
#1194 = DIRECTION ( 'NONE',  ( 0.000000000000000000, 1.000000000000000000, -0.000000000000000000 ) ) ;
#1195 = CARTESIAN_POINT ( 'NONE',  ( -46.06605038831766308, 10.00000000000000000, -14.76835635972747518 ) ) ;
#1196 = CARTESIAN_POINT ( 'NONE',  ( -16.37600682928308515, 10.00000000000000000, -45.46512173834901205 ) ) ;
#1197 = CARTESIAN_POINT ( 'NONE',  ( 40.04918307755477969, 0.000000000000000000, -27.54279833525259846 ) ) ;
#1198 = CARTESIAN_POINT ( 'NONE',  ( -42.54723761386655667, 10.00000000000000000, -21.13044767255253120 ) ) ;
#1199 = DIRECTION ( 'NONE',  ( 0.000000000000000000, 0.000000000000000000, 1.000000000000000000 ) ) ;
#1200 = CARTESIAN_POINT ( 'NONE',  ( 0.1113255315131821271, 10.00000000000000000, 47.75585073208940656 ) ) ;
#1201 = AXIS2_PLACEMENT_3D ( 'NONE', #197, #6898, #6861 ) ;
#1202 = CARTESIAN_POINT ( 'NONE',  ( -44.94032137160552764, 3.105155021998484699E-13, 18.78739623922156099 ) ) ;
#1203 = CARTESIAN_POINT ( 'NONE',  ( -21.34571777604569220, 10.00000000000000000, 44.11448322979658343 ) ) ;
#1204 = CARTESIAN_POINT ( 'NONE',  ( -2.990908725133333501, 10.00000000000000000, -48.49416211936489418 ) ) ;
#1205 = CARTESIAN_POINT ( 'NONE',  ( 6.199796286428714609, 2.758210326803123280E-13, -48.31315845784696705 ) ) ;
#1206 = DIRECTION ( 'NONE',  ( -0.000000000000000000, -1.000000000000000000, 0.000000000000000000 ) ) ;
#1207 = VECTOR ( 'NONE', #1494, 1000.000000000000000 ) ;
#1208 = CARTESIAN_POINT ( 'NONE',  ( -41.85341921516216246, 10.00000000000000000, 25.27002905142225941 ) ) ;
#1209 = CARTESIAN_POINT ( 'NONE',  ( 24.64011210062604462, 3.105155021998484699E-13, 42.35872378970179852 ) ) ;
#1210 = CARTESIAN_POINT ( 'NONE',  ( 48.87775430137079269, 0.000000000000000000, -3.552822324683477362 ) ) ;
#1211 = AXIS2_PLACEMENT_3D ( 'NONE', #6148, #548, #3937 ) ;
#1212 = CARTESIAN_POINT ( 'NONE',  ( 20.94506685077896080, 10.00000000000000000, 42.07842875128022797 ) ) ;
#1213 = CARTESIAN_POINT ( 'NONE',  ( 35.58016677096953373, 10.00000000000000000, -31.96031499107090923 ) ) ;
#1214 = CARTESIAN_POINT ( 'NONE',  ( -9.499999999999674927, 0.000000000000000000, -17.35448267190453109 ) ) ;
#1215 = VERTEX_POINT ( 'NONE', #1694 ) ;
#1216 = CARTESIAN_POINT ( 'NONE',  ( 40.04913083370458082, 2.758210326803123280E-13, -27.72877957922662873 ) ) ;
#1217 = CARTESIAN_POINT ( 'NONE',  ( -41.25207003511705750, 0.000000000000000000, -23.10236606041880592 ) ) ;
#1218 = CARTESIAN_POINT ( 'NONE',  ( 39.92127943687653868, 10.00000000000000000, 24.76003750518335167 ) ) ;
#1219 = CC_DESIGN_PERSON_AND_ORGANIZATION_ASSIGNMENT ( #92, #4580, ( #1596 ) ) ;
#1220 = EDGE_CURVE ( 'NONE', #2008, #1885, #6263, .T. ) ;
#1221 = SHAPE_DEFINITION_REPRESENTATION ( #7247, #6708 ) ;
#1222 = CARTESIAN_POINT ( 'NONE',  ( 47.76896890538773022, 10.00000000000000000, 4.954753279271195687 ) ) ;
#1223 = DIRECTION ( 'NONE',  ( 0.000000000000000000, 1.000000000000000000, -0.000000000000000000 ) ) ;
#1224 = ORIENTED_EDGE ( 'NONE', *, *, #1125, .T. ) ;
#1225 = CARTESIAN_POINT ( 'NONE',  ( 30.61168797722803347, 10.00000000000000000, -38.16055295108757406 ) ) ;
#1226 = CARTESIAN_POINT ( 'NONE',  ( -0.1479874805285353312, 0.000000000000000000, 48.21897113100977350 ) ) ;
#1227 = CARTESIAN_POINT ( 'NONE',  ( -2.990908725133333501, 0.000000000000000000, -48.49416211936489418 ) ) ;
#1228 = CARTESIAN_POINT ( 'NONE',  ( 48.64595250867724019, 3.105155021998484699E-13, 4.273903290918795506 ) ) ;
#1229 = CARTESIAN_POINT ( 'NONE',  ( -48.27679355247365578, 2.758210326803123280E-13, -5.475449116906773384 ) ) ;
#1230 = CARTESIAN_POINT ( 'NONE',  ( -29.89409614295442097, 10.00000000000000000, 36.61644788586827559 ) ) ;
#1231 = DIRECTION ( 'NONE',  ( 0.000000000000000000, 1.000000000000000000, -0.000000000000000000 ) ) ;
#1232 = CARTESIAN_POINT ( 'NONE',  ( -47.24140356186041600, 0.000000000000000000, 8.287389338648132764 ) ) ;
#1233 = AXIS2_PLACEMENT_3D ( 'NONE', #4303, #6545, #7244 ) ;
#1234 = CARTESIAN_POINT ( 'NONE',  ( -44.22058171022048612, 10.00000000000000000, -15.90896177375730680 ) ) ;
#1235 = VERTEX_POINT ( 'NONE', #6272 ) ;
#1236 = CARTESIAN_POINT ( 'NONE',  ( 34.56643311970682930, 0.000000000000000000, -34.52604948017420128 ) ) ;
#1237 = CARTESIAN_POINT ( 'NONE',  ( -43.11875750453297229, 10.00000000000000000, -20.99969512177191078 ) ) ;
#1238 = CARTESIAN_POINT ( 'NONE',  ( -4.644197830944306382, 10.00000000000000000, 46.75014313054053616 ) ) ;
#1239 = CARTESIAN_POINT ( 'NONE',  ( -45.92140164616926512, 10.00000000000000000, 9.943727799588213401 ) ) ;
#1240 = CARTESIAN_POINT ( 'NONE',  ( -28.17542666231035398, 10.00000000000000000, 38.89176394469549081 ) ) ;
#1241 = CARTESIAN_POINT ( 'NONE',  ( -11.91936587392812719, 10.00000000000000000, -45.53037859734133974 ) ) ;
#1242 = CARTESIAN_POINT ( 'NONE',  ( 7.988445472807269354, 10.00000000000000000, -46.31133393159194611 ) ) ;
#1243 = CARTESIAN_POINT ( 'NONE',  ( 42.76889367697482669, 0.000000000000000000, 19.64455119567547214 ) ) ;
#1244 = CARTESIAN_POINT ( 'NONE',  ( -47.13538552600084586, 10.00000000000000000, 12.41905783075455361 ) ) ;
#1245 = CARTESIAN_POINT ( 'NONE',  ( 24.64011210062604462, 10.00000000000000000, 42.35872378970179852 ) ) ;
#1246 = CARTESIAN_POINT ( 'NONE',  ( 24.89161173573819141, 10.00000000000000000, 42.16141674371121439 ) ) ;
#1247 = CARTESIAN_POINT ( 'NONE',  ( 40.98477501321526972, 10.00000000000000000, -24.03147806771517381 ) ) ;
#1248 = CARTESIAN_POINT ( 'NONE',  ( -25.98076211353329867, 0.000000000000000000, 11.49999999999976374 ) ) ;
#1249 = ORIENTED_EDGE ( 'NONE', *, *, #5659, .T. ) ;
#1250 = CARTESIAN_POINT ( 'NONE',  ( 40.03198010932737105, 2.758210326803123280E-13, -27.35000873463071613 ) ) ;
#1251 = LOCAL_TIME ( 11, 7, 39.00000000000000000, #1033 ) ;
#1252 = CARTESIAN_POINT ( 'NONE',  ( -38.98539122603985163, 0.000000000000000000, -26.90152853604898908 ) ) ;
#1253 = CARTESIAN_POINT ( 'NONE',  ( -33.26016418677981790, 10.00000000000000000, -35.83937504465740176 ) ) ;
#1254 = CARTESIAN_POINT ( 'NONE',  ( 39.73764011218046477, 10.00000000000000000, 28.68182798090423447 ) ) ;
#1255 = CARTESIAN_POINT ( 'NONE',  ( -35.88073939997901363, 10.00000000000000000, 32.12601103766736088 ) ) ;
#1256 = CARTESIAN_POINT ( 'NONE',  ( 48.89907398102938885, 10.00000000000000000, 3.215505859469473204 ) ) ;
#1257 = CYLINDRICAL_SURFACE ( 'NONE', #1201, 13.10000000000000142 ) ;
#1258 = CARTESIAN_POINT ( 'NONE',  ( 48.73228654713041408, 0.000000000000000000, 4.086991198159143579 ) ) ;
#1259 = CARTESIAN_POINT ( 'NONE',  ( 31.26049057997566649, 10.00000000000000000, -35.08948155862935181 ) ) ;
#1260 = CARTESIAN_POINT ( 'NONE',  ( -9.952330259355480990, 0.000000000000000000, 46.88277020301190845 ) ) ;
#1261 = CARTESIAN_POINT ( 'NONE',  ( -4.140029179943925719, 0.000000000000000000, -46.95380462336989069 ) ) ;
#1262 = CARTESIAN_POINT ( 'NONE',  ( 46.90244463932813801, 10.00000000000000000, 5.627151524414816919 ) ) ;
#1263 = CARTESIAN_POINT ( 'NONE',  ( -48.95866733249113167, 10.00000000000000000, -0.5030180427433023072 ) ) ;
#1264 = CYLINDRICAL_SURFACE ( 'NONE', #1442, 6.525000000000003020 ) ;
#1265 = DIRECTION ( 'NONE',  ( -0.9579701941536311605, 6.281052191915785794E-48, 0.2868677519576818269 ) ) ;
#1266 = CARTESIAN_POINT ( 'NONE',  ( -44.61787746719021186, 10.00000000000000000, -15.33803748487596508 ) ) ;
#1267 = CARTESIAN_POINT ( 'NONE',  ( -15.53621156479634280, 10.00000000000000000, -46.44024945229885759 ) ) ;
#1268 = ORIENTED_EDGE ( 'NONE', *, *, #1948, .T. ) ;
#1269 = CARTESIAN_POINT ( 'NONE',  ( 35.12322994193915093, 0.000000000000000000, 34.17700911191675317 ) ) ;
#1270 = CARTESIAN_POINT ( 'NONE',  ( 40.98477501321526972, 0.000000000000000000, -24.03147806771517381 ) ) ;
#1271 = CARTESIAN_POINT ( 'NONE',  ( -38.70638873891308407, 2.758210326803123280E-13, -27.02152812995809938 ) ) ;
#1272 = CARTESIAN_POINT ( 'NONE',  ( -14.60332226238138276, 3.105155021998484699E-13, 46.71512741786035861 ) ) ;
#1273 = CARTESIAN_POINT ( 'NONE',  ( -47.51205586092479649, 3.105155021998484699E-13, 8.227163105237080387 ) ) ;
#1274 = CARTESIAN_POINT ( 'NONE',  ( -23.97613782537861127, 10.00000000000000000, 40.49207715328372359 ) ) ;
#1275 = CARTESIAN_POINT ( 'NONE',  ( 0.1113255318571442914, 10.00000000000000000, -47.75585073242009315 ) ) ;
#1276 = VECTOR ( 'NONE', #6010, 1000.000000000000000 ) ;
#1277 = ORIENTED_EDGE ( 'NONE', *, *, #2614, .F. ) ;
#1278 = CARTESIAN_POINT ( 'NONE',  ( -46.96857664271918509, 10.00000000000000000, 8.422003628740917236 ) ) ;
#1279 = CARTESIAN_POINT ( 'NONE',  ( 13.80912449900867678, 3.105155021998484699E-13, 45.08558218978291876 ) ) ;
#1280 = CARTESIAN_POINT ( 'NONE',  ( 17.29531084801257634, 10.00000000000000000, 45.58295722380753290 ) ) ;
#1281 = CARTESIAN_POINT ( 'NONE',  ( 32.59837096048310201, 10.00000000000000000, -34.41267711612503888 ) ) ;
#1282 = DIRECTION ( 'NONE',  ( 0.000000000000000000, 0.000000000000000000, 1.000000000000000000 ) ) ;
#1283 = VERTEX_POINT ( 'NONE', #6200 ) ;
#1284 = CARTESIAN_POINT ( 'NONE',  ( -47.24140356180067357, 0.000000000000000000, -8.287389339319970460 ) ) ;
#1285 = CARTESIAN_POINT ( 'NONE',  ( -31.67578445153468891, 2.758210326803123280E-13, -36.94274784087429708 ) ) ;
#1286 = CARTESIAN_POINT ( 'NONE',  ( 38.49040888268347516, 3.105155021998484699E-13, 29.60139600624777501 ) ) ;
#1287 = CARTESIAN_POINT ( 'NONE',  ( -25.98076211353298604, 3.999999999999973355, -21.52500000000030056 ) ) ;
#1288 = CARTESIAN_POINT ( 'NONE',  ( 9.499999999999793943, 5.000000000000000000, 16.45448267190445790 ) ) ;
#1289 = CARTESIAN_POINT ( 'NONE',  ( 25.28302191802704613, 10.00000000000000000, -41.68034871168424615 ) ) ;
#1290 = CARTESIAN_POINT ( 'NONE',  ( 0.4501098784875324776, 0.000000000000000000, 47.40705556647197483 ) ) ;
#1291 = CARTESIAN_POINT ( 'NONE',  ( -10.25976536010639073, 0.000000000000000000, -46.30419688410594148 ) ) ;
#1292 = CARTESIAN_POINT ( 'NONE',  ( 47.17301182533338277, 10.00000000000000000, 0.8301019439075196793 ) ) ;
#1293 = PLANE ( 'NONE',  #72 ) ;
#1294 = CARTESIAN_POINT ( 'NONE',  ( 17.96896004864708729, 0.5000000000000307532, 33.65250944612657946 ) ) ;
#1295 = FACE_BOUND ( 'NONE', #3696, .T. ) ;
#1296 = ORIENTED_EDGE ( 'NONE', *, *, #2814, .F. ) ;
#1297 = CARTESIAN_POINT ( 'NONE',  ( -41.88715047113275602, 10.00000000000000000, -24.94795369287547615 ) ) ;
#1298 = CARTESIAN_POINT ( 'NONE',  ( -14.92407106251932625, 10.00000000000000000, -46.67105651087025819 ) ) ;
#1299 = ORIENTED_EDGE ( 'NONE', *, *, #4605, .T. ) ;
#1300 = CARTESIAN_POINT ( 'NONE',  ( 35.73409833031710292, 0.000000000000000000, 33.28966224867235013 ) ) ;
#1301 = AXIS2_PLACEMENT_3D ( 'NONE', #816, #1919, #7013 ) ;
#1302 = CARTESIAN_POINT ( 'NONE',  ( 42.25582227702785332, 0.000000000000000000, -23.96781524989044954 ) ) ;
#1303 = CARTESIAN_POINT ( 'NONE',  ( -41.21469895921492821, 10.00000000000000000, -26.39902915811773809 ) ) ;
#1304 = CARTESIAN_POINT ( 'NONE',  ( -9.502749607612642535, 3.105155021998484699E-13, 47.81401925504493988 ) ) ;
#1305 = ADVANCED_FACE ( 'NONE', ( #5690 ), #7197, .F. ) ;
#1306 = EDGE_CURVE ( 'NONE', #1215, #1338, #3617, .T. ) ;
#1307 = CARTESIAN_POINT ( 'NONE',  ( -46.10143807500438129, 3.105155021998484699E-13, 11.02467881544767714 ) ) ;
#1308 = CIRCLE ( 'NONE', #3438, 6.525000000000003020 ) ;
#1309 = CARTESIAN_POINT ( 'NONE',  ( -9.856404579998661930, 10.00000000000000000, -47.38841362963056980 ) ) ;
#1310 = CARTESIAN_POINT ( 'NONE',  ( 8.681093760131522785, 10.00000000000000000, -46.25042819936485472 ) ) ;
#1311 = CARTESIAN_POINT ( 'NONE',  ( 46.18891600156401012, 0.000000000000000000, 15.97901472148928192 ) ) ;
#1312 = CARTESIAN_POINT ( 'NONE',  ( -41.41186500504826284, 0.000000000000000000, 23.77125310547904391 ) ) ;
#1313 = CIRCLE ( 'NONE', #6733, 0.9000000000000014655 ) ;
#1314 = CARTESIAN_POINT ( 'NONE',  ( -48.51587056975520085, 10.00000000000000000, 6.075331518318511037 ) ) ;
#1315 = CARTESIAN_POINT ( 'NONE',  ( 13.80912449900867678, 10.00000000000000000, 45.08558218978291876 ) ) ;
#1316 = CARTESIAN_POINT ( 'NONE',  ( 19.09554366350469579, 10.00000000000000000, 44.95965823774544390 ) ) ;
#1317 = CARTESIAN_POINT ( 'NONE',  ( 32.85192360694673397, 10.00000000000000000, -34.40696876758887157 ) ) ;
#1318 = VECTOR ( 'NONE', #4381, 1000.000000000000000 ) ;
#1319 = FACE_OUTER_BOUND ( 'NONE', #6515, .T. ) ;
#1320 = ORIENTED_EDGE ( 'NONE', *, *, #1496, .F. ) ;
#1321 = CARTESIAN_POINT ( 'NONE',  ( -46.85395203707653167, 0.000000000000000000, -3.462104312925134320 ) ) ;
#1322 = CARTESIAN_POINT ( 'NONE',  ( -28.25630724235858438, 10.00000000000000000, -39.42846835268141348 ) ) ;
#1323 = CARTESIAN_POINT ( 'NONE',  ( 31.92845245670919496, 3.105155021998484699E-13, 34.58747117249463798 ) ) ;
#1324 = AXIS2_PLACEMENT_3D ( 'NONE', #3385, #5127, #1753 ) ;
#1325 = CARTESIAN_POINT ( 'NONE',  ( -35.62549330700020533, 10.00000000000000000, 32.06036333918111580 ) ) ;
#1326 = CARTESIAN_POINT ( 'NONE',  ( 47.93372876040215402, 10.00000000000000000, 4.899042732818436718 ) ) ;
#1327 = CARTESIAN_POINT ( 'NONE',  ( 25.98076211353339815, 0.000000000000000000, -18.49999999999958078 ) ) ;
#1328 = CARTESIAN_POINT ( 'NONE',  ( 22.51173650341682730, 10.00000000000000000, -42.31152017039532609 ) ) ;
#1329 = CIRCLE ( 'NONE', #3680, 0.9000000000000026867 ) ;
#1330 = CARTESIAN_POINT ( 'NONE',  ( 0.6770610331218196443, 0.000000000000000000, 47.24381324494519419 ) ) ;
#1331 = CARTESIAN_POINT ( 'NONE',  ( -14.27147613853274954, 0.000000000000000000, -46.71547522573959554 ) ) ;
#1332 = CARTESIAN_POINT ( 'NONE',  ( 46.15953016461975267, 3.105155021998484699E-13, 15.67738629354905733 ) ) ;
#1333 = FACE_OUTER_BOUND ( 'NONE', #6552, .T. ) ;
#1334 = CARTESIAN_POINT ( 'NONE',  ( -19.00000000000000000, -5.000000000000000000, 0.8999999999996765032 ) ) ;
#1335 = FACE_BOUND ( 'NONE', #7167, .T. ) ;
#1336 = ORIENTED_EDGE ( 'NONE', *, *, #4118, .T. ) ;
#1337 = CARTESIAN_POINT ( 'NONE',  ( -48.01139924996167707, 10.00000000000000000, -7.938984896928598545 ) ) ;
#1338 = VERTEX_POINT ( 'NONE', #2362 ) ;
#1339 = CARTESIAN_POINT ( 'NONE',  ( 21.90432779166033939, 0.000000000000000000, -42.06592276796460794 ) ) ;
#1340 = CARTESIAN_POINT ( 'NONE',  ( -44.70801936866121196, 2.758210326803123280E-13, -20.07285128636565119 ) ) ;
#1341 = CARTESIAN_POINT ( 'NONE',  ( -8.032755439338080450, 10.00000000000000000, 48.29753861937307136 ) ) ;
#1342 = CARTESIAN_POINT ( 'NONE',  ( -46.98971807205598594, 3.105155021998484699E-13, 12.04115489073013201 ) ) ;
#1343 = CARTESIAN_POINT ( 'NONE',  ( -3.503852009414022195, 10.00000000000000000, -47.53478937429473916 ) ) ;
#1344 = CARTESIAN_POINT ( 'NONE',  ( 1.818707001600958550, 10.00000000000000000, -46.95055821527324014 ) ) ;
#1345 = CARTESIAN_POINT ( 'NONE',  ( -41.85341921516216246, 0.000000000000000000, 25.27002905142225941 ) ) ;
#1346 = EDGE_CURVE ( 'NONE', #3758, #176, #809, .T. ) ;
#1347 = EDGE_LOOP ( 'NONE', ( #5239, #2356, #3441, #6507 ) ) ;
#1348 = AXIS2_PLACEMENT_3D ( 'NONE', #6862, #6512, #2005 ) ;
#1349 = CARTESIAN_POINT ( 'NONE',  ( -45.99848029532082450, 10.00000000000000000, 10.75378807403149573 ) ) ;
#1350 = CARTESIAN_POINT ( 'NONE',  ( 13.57351805840716175, 3.105155021998484699E-13, 45.34377807296348806 ) ) ;
#1351 = CARTESIAN_POINT ( 'NONE',  ( -3.758474395040011018, 10.00000000000000000, 47.23970171735749801 ) ) ;
#1352 = CARTESIAN_POINT ( 'NONE',  ( 37.65319715666666411, 10.00000000000000000, -29.48977352692323706 ) ) ;
#1353 = DIRECTION ( 'NONE',  ( 0.000000000000000000, 1.000000000000000000, -0.000000000000000000 ) ) ;
#1354 = ORIENTED_EDGE ( 'NONE', *, *, #2273, .F. ) ;
#1355 = CARTESIAN_POINT ( 'NONE',  ( -33.05611533188962170, 10.00000000000000000, -36.14576570447392356 ) ) ;
#1356 = CARTESIAN_POINT ( 'NONE',  ( 34.12262364839796902, 10.00000000000000000, 34.65295765585184284 ) ) ;
#1357 = CARTESIAN_POINT ( 'NONE',  ( -38.39712722003937984, 3.105155021998484699E-13, 27.21667281793020265 ) ) ;
#1358 = EDGE_CURVE ( 'NONE', #5952, #7155, #2465, .T. ) ;
#1359 = CARTESIAN_POINT ( 'NONE',  ( -30.86198350476038854, 3.105155021998484699E-13, 36.71469742177191620 ) ) ;
#1360 = CARTESIAN_POINT ( 'NONE',  ( 43.32333055671023203, 10.00000000000000000, 21.30485502513987583 ) ) ;
#1361 = CARTESIAN_POINT ( 'NONE',  ( -2.133709875451472726E-13, 0.000000000000000000, 30.00000000000000000 ) ) ;
#1362 = CARTESIAN_POINT ( 'NONE',  ( 23.45473061560131711, 10.00000000000000000, -42.73591345936370800 ) ) ;
#1363 = CARTESIAN_POINT ( 'NONE',  ( 43.52754636371169994, 2.758210326803123280E-13, -22.16671749009647385 ) ) ;
#1364 = CARTESIAN_POINT ( 'NONE',  ( -22.85283134699132290, 0.000000000000000000, 41.27660938834238635 ) ) ;
#1365 = CARTESIAN_POINT ( 'NONE',  ( -16.05118333579127210, 0.000000000000000000, -46.03578262158539758 ) ) ;
#1366 = CARTESIAN_POINT ( 'NONE',  ( 47.46479847245021944, 10.00000000000000000, 11.15575955012831422 ) ) ;
#1367 = PLANE ( 'NONE',  #6311 ) ;
#1368 = DIRECTION ( 'NONE',  ( -0.000000000000000000, 1.000000000000000000, -0.000000000000000000 ) ) ;
#1369 = PLANE ( 'NONE',  #1301 ) ;
#1370 = ORIENTED_EDGE ( 'NONE', *, *, #4388, .T. ) ;
#1371 = CARTESIAN_POINT ( 'NONE',  ( -47.89871387966344685, 10.00000000000000000, -1.660416455765983956 ) ) ;
#1372 = CARTESIAN_POINT ( 'NONE',  ( -19.36711515934238648, 2.758210326803123280E-13, -43.69752291426866719 ) ) ;
#1373 = ORIENTED_EDGE ( 'NONE', *, *, #6457, .F. ) ;
#1374 = CARTESIAN_POINT ( 'NONE',  ( 33.23961192595679393, 0.000000000000000000, 34.45801783335500090 ) ) ;
#1375 = CARTESIAN_POINT ( 'NONE',  ( 24.64011210093111970, 0.000000000000000000, -42.35872378985594366 ) ) ;
#1376 = CARTESIAN_POINT ( 'NONE',  ( -43.51090059688998934, 2.758210326803123280E-13, -21.01927078872004273 ) ) ;
#1377 = CARTESIAN_POINT ( 'NONE',  ( -13.08109660344878300, 3.105155021998484699E-13, 45.95544314647273154 ) ) ;
#1378 = CARTESIAN_POINT ( 'NONE',  ( -47.17400383444148559, 10.00000000000000000, 12.62173967401615826 ) ) ;
#1379 = CARTESIAN_POINT ( 'NONE',  ( -19.82035793626815945, 10.00000000000000000, -44.06996243744298880 ) ) ;
#1380 = CARTESIAN_POINT ( 'NONE',  ( -0.04239865865683246915, 2.758210326803123280E-13, -47.96256748033716377 ) ) ;
#1381 = CARTESIAN_POINT ( 'NONE',  ( -44.39459263277777978, 10.00000000000000000, 15.60716637409060503 ) ) ;
#1382 = CARTESIAN_POINT ( 'NONE',  ( 13.20395671633294121, 10.00000000000000000, 46.06253499080016667 ) ) ;
#1383 = CARTESIAN_POINT ( 'NONE',  ( -0.1479874805285353312, 10.00000000000000000, 48.21897113100977350 ) ) ;
#1384 = CARTESIAN_POINT ( 'NONE',  ( 47.93659817301845294, 0.000000000000000000, 9.236994885851581572 ) ) ;
#1385 = CARTESIAN_POINT ( 'NONE',  ( 22.91024116607295014, 10.00000000000000000, -42.63720566932308031 ) ) ;
#1386 = PLANE ( 'NONE',  #2496 ) ;
#1387 = VERTEX_POINT ( 'NONE', #3029 ) ;
#1388 = CARTESIAN_POINT ( 'NONE',  ( -48.53784371705505407, 0.000000000000000000, -6.792624207876193587 ) ) ;
#1389 = CARTESIAN_POINT ( 'NONE',  ( -30.24515585865679057, 2.758210326803123280E-13, -36.59799261131097126 ) ) ;
#1390 = CARTESIAN_POINT ( 'NONE',  ( 35.71349888571410958, 3.105155021998484699E-13, 30.64326182205194016 ) ) ;
#1391 = CARTESIAN_POINT ( 'NONE',  ( -41.21469895940511208, 10.00000000000000000, 26.39902915748928791 ) ) ;
#1392 = CARTESIAN_POINT ( 'NONE',  ( -28.32447849088707770, 3.105155021998484699E-13, 37.80513279480680922 ) ) ;
#1393 = ADVANCED_FACE ( 'NONE', ( #5311 ), #3444, .F. ) ;
#1394 = CARTESIAN_POINT ( 'NONE',  ( 46.10308376676828601, 10.00000000000000000, 16.61030621710673572 ) ) ;
#1395 = DIRECTION ( 'NONE',  ( 0.000000000000000000, 1.000000000000000000, -0.000000000000000000 ) ) ;
#1396 = CARTESIAN_POINT ( 'NONE',  ( 19.09554366382848656, 10.00000000000000000, -44.95965823793940785 ) ) ;
#1397 = CARTESIAN_POINT ( 'NONE',  ( -14.27147613886922350, 0.000000000000000000, 46.71547522530534025 ) ) ;
#1398 = CARTESIAN_POINT ( 'NONE',  ( -24.32017664412100899, 0.000000000000000000, -40.42943719114787626 ) ) ;
#1399 = CARTESIAN_POINT ( 'NONE',  ( 47.83120900503305961, 3.105155021998484699E-13, 10.55455277588031215 ) ) ;
#1400 = DIRECTION ( 'NONE',  ( 0.2868677519576807167, 9.957673495588588163E-16, 0.9579701941536316046 ) ) ;
#1401 = CARTESIAN_POINT ( 'NONE',  ( 19.00000000000000000, 5.000000000000000000, -0.8999999999998017364 ) ) ;
#1402 = CARTESIAN_POINT ( 'NONE',  ( 25.98076211353339815, 1.500000000000000000, -18.49999999999958078 ) ) ;
#1403 = ORIENTED_EDGE ( 'NONE', *, *, #4236, .F. ) ;
#1404 = CARTESIAN_POINT ( 'NONE',  ( -45.92140164609771347, 10.00000000000000000, -9.943727800250568905 ) ) ;
#1405 = VERTEX_POINT ( 'NONE', #5209 ) ;
#1406 = CARTESIAN_POINT ( 'NONE',  ( 23.17336651144128723, 0.000000000000000000, 42.70998122122760066 ) ) ;
#1407 = EDGE_CURVE ( 'NONE', #785, #2821, #6024, .T. ) ;
#1408 = CARTESIAN_POINT ( 'NONE',  ( 32.31229380717327615, 0.000000000000000000, -34.45895843406758274 ) ) ;
#1409 = CARTESIAN_POINT ( 'NONE',  ( -44.96480565695613052, 2.758210326803123280E-13, -19.06027129942014398 ) ) ;
#1410 = CARTESIAN_POINT ( 'NONE',  ( 47.98392197676413673, 10.00000000000000000, -9.878303804674477107 ) ) ;
#1411 = CARTESIAN_POINT ( 'NONE',  ( -13.96927544782533204, 10.00000000000000000, 46.65319621100964298 ) ) ;
#1412 = CARTESIAN_POINT ( 'NONE',  ( -48.13644352861246034, 3.105155021998484699E-13, 1.545359651500180398 ) ) ;
#1413 = CARTESIAN_POINT ( 'NONE',  ( -27.23427133751857099, 10.00000000000000000, -40.74007315718172606 ) ) ;
#1414 = CARTESIAN_POINT ( 'NONE',  ( 1.391503987108191120, 10.00000000000000000, -46.97380805610476528 ) ) ;
#1415 = ORIENTED_EDGE ( 'NONE', *, *, #5275, .T. ) ;
#1416 = CARTESIAN_POINT ( 'NONE',  ( -47.66417753838507565, 10.00000000000000000, 1.815838320205932721 ) ) ;
#1417 = CARTESIAN_POINT ( 'NONE',  ( 13.15008245729308101, 3.105155021998484699E-13, 46.30110724267517952 ) ) ;
#1418 = VECTOR ( 'NONE', #1618, 1000.000000000000114 ) ;
#1419 = CARTESIAN_POINT ( 'NONE',  ( 8.681093759798399034, 10.00000000000000000, 46.25042819909588587 ) ) ;
#1420 = DIRECTION ( 'NONE',  ( 0.000000000000000000, 0.000000000000000000, 1.000000000000000000 ) ) ;
#1421 = CARTESIAN_POINT ( 'NONE',  ( 31.01521223645841019, 10.00000000000000000, -35.45478608004575705 ) ) ;
#1422 = CYLINDRICAL_SURFACE ( 'NONE', #6497, 15.09999999999999964 ) ;
#1423 = CIRCLE ( 'NONE', #6492, 6.525000000000003020 ) ;
#1424 = CARTESIAN_POINT ( 'NONE',  ( -46.21235154904810116, 0.000000000000000000, -9.132568661048411585 ) ) ;
#1425 = CARTESIAN_POINT ( 'NONE',  ( -35.34556598212376599, 10.00000000000000000, -32.02908669532605046 ) ) ;
#1426 = CARTESIAN_POINT ( 'NONE',  ( 33.73411894771607678, 3.105155021998484699E-13, 34.64725733235235339 ) ) ;
#1427 = CARTESIAN_POINT ( 'NONE',  ( -41.88715047131236702, 10.00000000000000000, 24.94795369224215875 ) ) ;
#1428 = CARTESIAN_POINT ( 'NONE',  ( -33.26016418703791544, 10.00000000000000000, 35.83937504408631725 ) ) ;
#1429 = VECTOR ( 'NONE', #4343, 1000.000000000000000 ) ;
#1430 = CARTESIAN_POINT ( 'NONE',  ( 43.52754636355199835, 10.00000000000000000, 22.16671749007829106 ) ) ;
#1431 = CARTESIAN_POINT ( 'NONE',  ( 48.85883658865368773, 10.00000000000000000, -2.840538227068802435 ) ) ;
#1432 = CARTESIAN_POINT ( 'NONE',  ( -17.04327590093569711, 0.000000000000000000, 43.88771629065767144 ) ) ;
#1433 = CIRCLE ( 'NONE', #2020, 15.09999999999999964 ) ;
#1434 = APPROVAL ( #3178, 'UNSPECIFIED' ) ;
#1435 = CARTESIAN_POINT ( 'NONE',  ( -20.35305852459880072, 0.000000000000000000, -44.25574658943811812 ) ) ;
#1436 = CARTESIAN_POINT ( 'NONE',  ( 47.70294041331264623, 3.105155021998484699E-13, 8.677611613498498855 ) ) ;
#1437 = CARTESIAN_POINT ( 'NONE',  ( -2.133709875451472726E-13, 3.999999999999974243, 36.52499999999999858 ) ) ;
#1438 = DIRECTION ( 'NONE',  ( 0.000000000000000000, 0.000000000000000000, 1.000000000000000000 ) ) ;
#1439 = CARTESIAN_POINT ( 'NONE',  ( -25.98076211353329867, 1.500000000000000000, 11.49999999999976374 ) ) ;
#1440 = ORIENTED_EDGE ( 'NONE', *, *, #6736, .T. ) ;
#1441 = CARTESIAN_POINT ( 'NONE',  ( -36.65677987760469847, 10.00000000000000000, 32.13663260230433139 ) ) ;
#1442 = AXIS2_PLACEMENT_3D ( 'NONE', #2471, #3551, #3519 ) ;
#1443 = CARTESIAN_POINT ( 'NONE',  ( -18.74850481301510996, 10.00000000000000000, -43.46023206326197652 ) ) ;
#1444 = ORIENTED_EDGE ( 'NONE', *, *, #588, .F. ) ;
#1445 = CARTESIAN_POINT ( 'NONE',  ( 29.51932750670547634, 0.000000000000000000, 38.97830972284985762 ) ) ;
#1446 = CARTESIAN_POINT ( 'NONE',  ( 33.57032259479090897, 0.000000000000000000, -34.56409139257556262 ) ) ;
#1447 = CARTESIAN_POINT ( 'NONE',  ( -44.96480565695613052, 10.00000000000000000, -19.06027129942014398 ) ) ;
#1448 = CARTESIAN_POINT ( 'NONE',  ( 46.65782213717702120, 2.758210326803123280E-13, -7.580822739797713261 ) ) ;
#1449 = CARTESIAN_POINT ( 'NONE',  ( -20.53663542254482266, 10.00000000000000000, 44.26616660349931465 ) ) ;
#1450 = CARTESIAN_POINT ( 'NONE',  ( -48.09558287331679338, 10.00000000000000000, 5.252459889381681180 ) ) ;
#1451 = CARTESIAN_POINT ( 'NONE',  ( -22.34997608210678166, 10.00000000000000000, -43.27906376230852459 ) ) ;
#1452 = CARTESIAN_POINT ( 'NONE',  ( -2.744104048785144467, 2.758210326803123280E-13, -48.68087826272296326 ) ) ;
#1453 = VERTEX_POINT ( 'NONE', #125 ) ;
#1454 = CARTESIAN_POINT ( 'NONE',  ( -48.13644352860126929, 0.000000000000000000, -1.545359652178477150 ) ) ;
#1455 = DIRECTION ( 'NONE',  ( 0.000000000000000000, 0.000000000000000000, 1.000000000000000000 ) ) ;
#1456 = CARTESIAN_POINT ( 'NONE',  ( 5.686910107454945518, 10.00000000000000000, 48.60980721947337457 ) ) ;
#1457 = CARTESIAN_POINT ( 'NONE',  ( 3.864956067765980663, 10.00000000000000000, 48.47930604321663139 ) ) ;
#1458 = CARTESIAN_POINT ( 'NONE',  ( 47.17301182533338277, 0.000000000000000000, 0.8301019439075196793 ) ) ;
#1459 = CARTESIAN_POINT ( 'NONE',  ( 29.18936109829999026, 10.00000000000000000, -39.05559196659149279 ) ) ;
#1460 = VECTOR ( 'NONE', #5007, 1000.000000000000114 ) ;
#1461 = CARTESIAN_POINT ( 'NONE',  ( -9.500000000000248690, -5.000000000000000000, 16.45448267190418434 ) ) ;
#1462 = CARTESIAN_POINT ( 'NONE',  ( -37.80209017904653734, 10.00000000000000000, -27.93370669420444230 ) ) ;
#1463 = CARTESIAN_POINT ( 'NONE',  ( 33.92280546852967404, 3.105155021998484699E-13, 34.67371199702625972 ) ) ;
#1464 = CARTESIAN_POINT ( 'NONE',  ( -38.70638873910764488, 3.105155021998484699E-13, 27.02152812934768633 ) ) ;
#1465 = CARTESIAN_POINT ( 'NONE',  ( -31.67578445180074809, 3.105155021998484699E-13, 36.94274784031462389 ) ) ;
#1466 = CARTESIAN_POINT ( 'NONE',  ( 39.54432978849050073, 10.00000000000000000, 26.01046299611463652 ) ) ;
#1467 = CARTESIAN_POINT ( 'NONE',  ( 47.05522970341394284, 10.00000000000000000, -0.5483646429927174770 ) ) ;
#1468 = ORIENTED_EDGE ( 'NONE', *, *, #1407, .T. ) ;
#1469 = CARTESIAN_POINT ( 'NONE',  ( 40.63327091337148289, 10.00000000000000000, -24.17415757906816509 ) ) ;
#1470 = CARTESIAN_POINT ( 'NONE',  ( -11.49313742322127219, 0.000000000000000000, 45.55319594619745516 ) ) ;
#1471 = CARTESIAN_POINT ( 'NONE',  ( -15.24201195438033807, 0.000000000000000000, -46.57769993240661677 ) ) ;
#1472 = DATE_AND_TIME ( #3761, #1251 ) ;
#1473 = CARTESIAN_POINT ( 'NONE',  ( 45.07584220103480988, 10.00000000000000000, 13.29078285863055697 ) ) ;
#1474 = DIRECTION ( 'NONE',  ( -0.000000000000000000, 1.000000000000000000, -0.000000000000000000 ) ) ;
#1475 = CYLINDRICAL_SURFACE ( 'NONE', #5893, 3.499999999999999556 ) ;
#1476 = VERTEX_POINT ( 'NONE', #7006 ) ;
#1477 = CARTESIAN_POINT ( 'NONE',  ( -33.24425336380804907, 10.00000000000000000, 33.77181024407383347 ) ) ;
#1478 = CARTESIAN_POINT ( 'NONE',  ( 32.59837096048310201, 2.758210326803123280E-13, -34.41267711612503888 ) ) ;
#1479 = EDGE_LOOP ( 'NONE', ( #6303, #3357, #3469, #3231 ) ) ;
#1480 = CARTESIAN_POINT ( 'NONE',  ( 33.57032259454191347, 0.000000000000000000, 34.56409139248570739 ) ) ;
#1481 = CARTESIAN_POINT ( 'NONE',  ( 34.12262364864761821, 0.000000000000000000, -34.65295765593768351 ) ) ;
#1482 = CARTESIAN_POINT ( 'NONE',  ( -44.94032137147022610, 2.758210326803123280E-13, -18.78739623987685903 ) ) ;
#1483 = CARTESIAN_POINT ( 'NONE',  ( 47.46122657537090817, 10.00000000000000000, -5.116862069175397210 ) ) ;
#1484 = CARTESIAN_POINT ( 'NONE',  ( -19.68822740932168358, 10.00000000000000000, 43.92142064847359251 ) ) ;
#1485 = DIRECTION ( 'NONE',  ( 0.000000000000000000, 1.000000000000000000, 0.000000000000000000 ) ) ;
#1486 = CARTESIAN_POINT ( 'NONE',  ( -26.04487969008613391, 10.00000000000000000, -40.98070861216582017 ) ) ;
#1487 = CARTESIAN_POINT ( 'NONE',  ( 2.226095765777967195, 2.758210326803123280E-13, -47.01870026990192031 ) ) ;
#1488 = ORIENTED_EDGE ( 'NONE', *, *, #1306, .T. ) ;
#1489 = DIRECTION ( 'NONE',  ( -0.000000000000000000, 1.000000000000000000, -0.000000000000000000 ) ) ;
#1490 = CARTESIAN_POINT ( 'NONE',  ( 6.390356373323012207, 10.00000000000000000, 48.13437006774628202 ) ) ;
#1491 = CARTESIAN_POINT ( 'NONE',  ( 0.2609790347150823253, 10.00000000000000000, 47.57974350968807897 ) ) ;
#1492 = CARTESIAN_POINT ( 'NONE',  ( 46.69101150204836159, 0.000000000000000000, 5.972326457509365305 ) ) ;
#1493 = CARTESIAN_POINT ( 'NONE',  ( 29.51932750698621533, 10.00000000000000000, -38.97830972296881669 ) ) ;
#1494 = DIRECTION ( 'NONE',  ( -0.000000000000000000, 1.000000000000000000, -0.000000000000000000 ) ) ;
#1495 = ADVANCED_FACE ( 'NONE', ( #4654 ), #4619, .F. ) ;
#1496 = EDGE_CURVE ( 'NONE', #1387, #4648, #5559, .T. ) ;
#1497 = CARTESIAN_POINT ( 'NONE',  ( -33.46714325930592082, 10.00000000000000000, -34.93885925353939115 ) ) ;
#1498 = CARTESIAN_POINT ( 'NONE',  ( 25.47802476116791581, 10.00000000000000000, 40.00263191534361340 ) ) ;
#1499 = CARTESIAN_POINT ( 'NONE',  ( -39.84587845301444275, 3.105155021998484699E-13, 26.78375226979251522 ) ) ;
#1500 = DIRECTION ( 'NONE',  ( 0.000000000000000000, 1.000000000000000000, -0.000000000000000000 ) ) ;
#1501 = CARTESIAN_POINT ( 'NONE',  ( 39.73764011218046477, 10.00000000000000000, 28.68182798090423447 ) ) ;
#1502 = CARTESIAN_POINT ( 'NONE',  ( 47.34304772420826879, 10.00000000000000000, -1.151695648883964029 ) ) ;
#1503 = AXIS2_PLACEMENT_3D ( 'NONE', #4836, #7081, #2025 ) ;
#1504 = CARTESIAN_POINT ( 'NONE',  ( 41.61168374977568618, 10.00000000000000000, -23.93017586745293457 ) ) ;
#1505 = CARTESIAN_POINT ( 'NONE',  ( -37.64166828692550837, 0.000000000000000000, 31.37676539724828473 ) ) ;
#1506 = CARTESIAN_POINT ( 'NONE',  ( -33.05611533188962170, 0.000000000000000000, -36.14576570447392356 ) ) ;
#1507 = APPROVAL_ROLE ( '' ) ;
#1508 = CARTESIAN_POINT ( 'NONE',  ( 43.47613484967973108, 3.105155021998484699E-13, 21.55116089258905276 ) ) ;
#1509 = DIRECTION ( 'NONE',  ( 0.9579701941536316046, -1.960340873826606437E-19, 0.2868677519576807167 ) ) ;
#1510 = DIRECTION ( 'NONE',  ( 0.000000000000000000, 0.000000000000000000, 1.000000000000000000 ) ) ;
#1511 = CARTESIAN_POINT ( 'NONE',  ( 25.98076211353288301, 1.500000000000000000, 15.00000000000047784 ) ) ;
#1512 = ORIENTED_EDGE ( 'NONE', *, *, #6736, .F. ) ;
#1513 = CARTESIAN_POINT ( 'NONE',  ( -33.23888001644543522, 10.00000000000000000, 34.16152856351047973 ) ) ;
#1514 = CARTESIAN_POINT ( 'NONE',  ( 31.92845245695830059, 2.758210326803123280E-13, -34.58747117259623138 ) ) ;
#1515 = CARTESIAN_POINT ( 'NONE',  ( -21.67370368668052549, 2.758210326803123280E-13, -43.94910676342281874 ) ) ;
#1516 = ORIENTED_EDGE ( 'NONE', *, *, #4060, .F. ) ;
#1517 = CARTESIAN_POINT ( 'NONE',  ( 25.46978455743765579, 0.000000000000000000, 41.15945164467253647 ) ) ;
#1518 = CARTESIAN_POINT ( 'NONE',  ( 6.876009029063434141, 0.000000000000000000, -47.07331053832953671 ) ) ;
#1519 = CARTESIAN_POINT ( 'NONE',  ( -47.17400383435051481, 10.00000000000000000, -12.62173967468753055 ) ) ;
#1520 = CARTESIAN_POINT ( 'NONE',  ( 47.09184339539632447, 2.758210326803123280E-13, -5.407811128156800429 ) ) ;
#1521 = CARTESIAN_POINT ( 'NONE',  ( -19.98302025257725489, 3.105155021998484699E-13, 44.17308355570857969 ) ) ;
#1522 = CARTESIAN_POINT ( 'NONE',  ( -47.89871387967540528, 10.00000000000000000, 1.660416455089403387 ) ) ;
#1523 = CARTESIAN_POINT ( 'NONE',  ( -24.66044883940515930, 10.00000000000000000, -40.42932844399800274 ) ) ;
#1524 = CARTESIAN_POINT ( 'NONE',  ( -6.682706863688351540, 2.758210326803123280E-13, -47.45928886766319010 ) ) ;
#1525 = EDGE_LOOP ( 'NONE', ( #2441, #4851 ) ) ;
#1526 = PRODUCT_DEFINITION ( 'UNKNOWN', '', #3961, #497 ) ;
#1527 = ADVANCED_FACE ( 'NONE', ( #845 ), #1257, .F. ) ;
#1528 = CARTESIAN_POINT ( 'NONE',  ( -47.10587011745312225, 10.00000000000000000, 2.434371989328715458 ) ) ;
#1529 = CARTESIAN_POINT ( 'NONE',  ( 3.202426590175039944, 10.00000000000000000, 47.62871612187132797 ) ) ;
#1530 = CARTESIAN_POINT ( 'NONE',  ( -8.970409855364202656, 10.00000000000000000, 48.13220495013607803 ) ) ;
#1531 = CARTESIAN_POINT ( 'NONE',  ( 31.26049057997566649, 10.00000000000000000, -35.08948155862935181 ) ) ;
#1532 = CARTESIAN_POINT ( 'NONE',  ( 18.26350984908127018, 2.758210326803123280E-13, -45.47796463887212326 ) ) ;
#1533 = CARTESIAN_POINT ( 'NONE',  ( 20.73457533539865594, -5.868986283848342644, 29.26295592348078856 ) ) ;
#1534 = CARTESIAN_POINT ( 'NONE',  ( 30.40816549882700670, 10.00000000000000000, 38.41069024776943763 ) ) ;
#1535 = CARTESIAN_POINT ( 'NONE',  ( 25.98076211353339815, 3.999999999999970690, -14.99999999999957900 ) ) ;
#1536 = CARTESIAN_POINT ( 'NONE',  ( 34.32291852254431319, 10.00000000000000000, 34.61091047103760587 ) ) ;
#1537 = FACE_OUTER_BOUND ( 'NONE', #1958, .T. ) ;
#1538 = EDGE_CURVE ( 'NONE', #4709, #2145, #2433, .T. ) ;
#1539 = CARTESIAN_POINT ( 'NONE',  ( -46.96857664265848342, 10.00000000000000000, -8.422003629410825809 ) ) ;
#1540 = ORIENTED_EDGE ( 'NONE', *, *, #61, .F. ) ;
#1541 = CARTESIAN_POINT ( 'NONE',  ( 41.29244157201614485, 10.00000000000000000, -23.97810055949193497 ) ) ;
#1542 = CARTESIAN_POINT ( 'NONE',  ( -28.78612952760985522, 0.000000000000000000, 37.13504542227317984 ) ) ;
#1543 = CARTESIAN_POINT ( 'NONE',  ( -36.38351655452650846, 0.000000000000000000, -32.20849532113646774 ) ) ;
#1544 = APPROVAL_STATUS ( 'not_yet_approved' ) ;
#1545 = CARTESIAN_POINT ( 'NONE',  ( 44.16854487187053024, 10.00000000000000000, 18.00862112953056382 ) ) ;
#1546 = VECTOR ( 'NONE', #5175, 1000.000000000000227 ) ;
#1547 = LINE ( 'NONE', #6529, #6925 ) ;
#1548 = DIRECTION ( 'NONE',  ( 0.000000000000000000, 0.000000000000000000, 1.000000000000000000 ) ) ;
#1549 = EDGE_LOOP ( 'NONE', ( #2606, #3714, #6836, #4815 ) ) ;
#1550 = CARTESIAN_POINT ( 'NONE',  ( 36.37930582233019550, 10.00000000000000000, -29.84978400709643864 ) ) ;
#1551 = CARTESIAN_POINT ( 'NONE',  ( -21.34571777572795170, 10.00000000000000000, -44.11448323028192675 ) ) ;
#1552 = CIRCLE ( 'NONE', #4030, 3.499999999999999556 ) ;
#1553 = CARTESIAN_POINT ( 'NONE',  ( 18.26350984875370997, 0.000000000000000000, 45.47796463867206285 ) ) ;
#1554 = CARTESIAN_POINT ( 'NONE',  ( 10.96263895604709937, 0.000000000000000000, -47.59147069035797273 ) ) ;
#1555 = CARTESIAN_POINT ( 'NONE',  ( -47.14519657993881907, 2.758210326803123280E-13, -13.37863006744421668 ) ) ;
#1556 = CARTESIAN_POINT ( 'NONE',  ( -19.53254084259512879, 3.105155021998484699E-13, 43.80290274754605662 ) ) ;
#1557 = CARTESIAN_POINT ( 'NONE',  ( -48.38002286252526574, 3.105155021998484699E-13, 1.479422360220733923 ) ) ;
#1558 = CARTESIAN_POINT ( 'NONE',  ( -31.96777131215435119, 10.00000000000000000, -36.89581434624195566 ) ) ;
#1559 = CARTESIAN_POINT ( 'NONE',  ( -6.836039188508168607, 10.00000000000000000, -47.67364694789878854 ) ) ;
#1560 = CIRCLE ( 'NONE', #399, 3.500000000000003109 ) ;
#1561 = CARTESIAN_POINT ( 'NONE',  ( 47.97904408508092899, 0.000000000000000000, -9.555865791217094340 ) ) ;
#1562 = CARTESIAN_POINT ( 'NONE',  ( -48.95866733249467018, 10.00000000000000000, 0.5030180420591534585 ) ) ;
#1563 = CARTESIAN_POINT ( 'NONE',  ( 4.988701142738616312, 3.105155021998484699E-13, 48.75212983995312754 ) ) ;
#1564 = CARTESIAN_POINT ( 'NONE',  ( -46.96857664271918509, 0.000000000000000000, 8.422003628740917236 ) ) ;
#1565 = CARTESIAN_POINT ( 'NONE',  ( -13.96927544782533204, 10.00000000000000000, 46.65319621100964298 ) ) ;
#1566 = CARTESIAN_POINT ( 'NONE',  ( 15.94902323086655116, 10.00000000000000000, -44.75368592630054820 ) ) ;
#1567 = CARTESIAN_POINT ( 'NONE',  ( 16.67966783544469678, 2.758210326803123280E-13, -45.35459813167133092 ) ) ;
#1568 = CYLINDRICAL_SURFACE ( 'NONE', #155, 0.9000000000000014655 ) ;
#1569 = CARTESIAN_POINT ( 'NONE',  ( 26.49275082277663529, 3.105155021998484699E-13, 38.79792018038274648 ) ) ;
#1570 = CARTESIAN_POINT ( 'NONE',  ( 47.01001761814419666, 0.000000000000000000, -0.2271179980560636136 ) ) ;
#1571 = AXIS2_PLACEMENT_3D ( 'NONE', #3654, #6389, #3587 ) ;
#1572 = CARTESIAN_POINT ( 'NONE',  ( 35.71349888571410958, 10.00000000000000000, 30.64326182205194016 ) ) ;
#1573 = CARTESIAN_POINT ( 'NONE',  ( 46.50200907407229067, 10.00000000000000000, -6.786246342409631538 ) ) ;
#1574 = CARTESIAN_POINT ( 'NONE',  ( -46.21235154904810116, 10.00000000000000000, -9.132568661048411585 ) ) ;
#1575 = ORIENTED_EDGE ( 'NONE', *, *, #3290, .T. ) ;
#1576 = CARTESIAN_POINT ( 'NONE',  ( 43.22333241088182376, 2.758210326803123280E-13, -23.09858425750366351 ) ) ;
#1577 = CARTESIAN_POINT ( 'NONE',  ( -32.26514457300381622, 0.000000000000000000, 36.77313813106339779 ) ) ;
#1578 = CARTESIAN_POINT ( 'NONE',  ( -29.12806626575416402, 0.000000000000000000, -36.87879801421694026 ) ) ;
#1579 = DATE_AND_TIME ( #7119, #7253 ) ;
#1580 = CARTESIAN_POINT ( 'NONE',  ( 43.11834910094705009, 3.105155021998484699E-13, 21.11566684127869564 ) ) ;
#1581 = PERSON_AND_ORGANIZATION_ROLE ( 'design_owner' ) ;
#1582 = DIRECTION ( 'NONE',  ( 0.5882408128980343154, -7.219716055144529100E-17, -0.8086858141707815584 ) ) ;
#1583 = FACE_OUTER_BOUND ( 'NONE', #5154, .T. ) ;
#1584 = ORIENTED_EDGE ( 'NONE', *, *, #2954, .T. ) ;
#1585 = CARTESIAN_POINT ( 'NONE',  ( 33.06835334231568169, 2.758210326803123280E-13, -34.42723213779179758 ) ) ;
#1586 = CARTESIAN_POINT ( 'NONE',  ( -21.67370368668052549, 10.00000000000000000, -43.94910676342281874 ) ) ;
#1587 = CARTESIAN_POINT ( 'NONE',  ( 13.20395671633294121, 0.000000000000000000, 46.06253499080016667 ) ) ;
#1588 = CARTESIAN_POINT ( 'NONE',  ( 12.53951192193708053, 0.000000000000000000, -47.25069560563708393 ) ) ;
#1589 = CARTESIAN_POINT ( 'NONE',  ( -49.00000000000067502, 0.000000000000000000, -0.07038305244003149885 ) ) ;
#1590 = CARTESIAN_POINT ( 'NONE',  ( -46.46132477040216457, 10.00000000000000000, -11.55733942202903108 ) ) ;
#1591 = CARTESIAN_POINT ( 'NONE',  ( 45.09766806950922557, 10.00000000000000000, -13.82349709879498789 ) ) ;
#1592 = CARTESIAN_POINT ( 'NONE',  ( -18.74850481332812535, 3.105155021998484699E-13, 43.46023206279544127 ) ) ;
#1593 = DIRECTION ( 'NONE',  ( 0.000000000000000000, 0.000000000000000000, 1.000000000000000000 ) ) ;
#1594 = EDGE_CURVE ( 'NONE', #6826, #4926, #4759, .T. ) ;
#1595 = CARTESIAN_POINT ( 'NONE',  ( -31.10802785761272560, 10.00000000000000000, -36.84253340312041303 ) ) ;
#1596 = SECURITY_CLASSIFICATION ( '', '', #3542 ) ;
#1597 = CARTESIAN_POINT ( 'NONE',  ( -6.945798610660011363, 10.00000000000000000, -47.90163114952940759 ) ) ;
#1598 = CARTESIAN_POINT ( 'NONE',  ( 47.22685241208903761, 0.000000000000000000, -8.369913015169588633 ) ) ;
#1599 = FACE_OUTER_BOUND ( 'NONE', #5361, .T. ) ;
#1600 = CARTESIAN_POINT ( 'NONE',  ( 4.691435564586408091, 3.105155021998484699E-13, 48.74242142696006397 ) ) ;
#1601 = CARTESIAN_POINT ( 'NONE',  ( -47.14519658003514735, 0.000000000000000000, 13.37863006677303979 ) ) ;
#1602 = CARTESIAN_POINT ( 'NONE',  ( -16.34082967256446395, 10.00000000000000000, 45.13494020300205278 ) ) ;
#1603 = CARTESIAN_POINT ( 'NONE',  ( 17.61835056747636941, 10.00000000000000000, -45.60566623188942970 ) ) ;
#1604 = CARTESIAN_POINT ( 'NONE',  ( 10.69817096353150809, 2.758210326803123280E-13, -47.51997400089940982 ) ) ;
#1605 = DIRECTION ( 'NONE',  ( 0.000000000000000000, 0.000000000000000000, 1.000000000000000000 ) ) ;
#1606 = CARTESIAN_POINT ( 'NONE',  ( 30.86910644769476875, 3.105155021998484699E-13, 35.79831709876035006 ) ) ;
#1607 = DIRECTION ( 'NONE',  ( 0.000000000000000000, 0.000000000000000000, 1.000000000000000000 ) ) ;
#1608 = CARTESIAN_POINT ( 'NONE',  ( 35.52546921083849440, 10.00000000000000000, 31.64043456666574983 ) ) ;
#1609 = CARTESIAN_POINT ( 'NONE',  ( 42.79010272571515827, 10.00000000000000000, -20.31157491044789865 ) ) ;
#1610 = FACE_OUTER_BOUND ( 'NONE', #5748, .T. ) ;
#1611 = CARTESIAN_POINT ( 'NONE',  ( -34.97068948096060836, 0.000000000000000000, 32.03734045008510378 ) ) ;
#1612 = CARTESIAN_POINT ( 'NONE',  ( -28.16252507900433244, 0.000000000000000000, -38.71819953359096189 ) ) ;
#1613 = CARTESIAN_POINT ( 'NONE',  ( 43.22333241071549992, 10.00000000000000000, 23.09858425748329935 ) ) ;
#1614 = EDGE_CURVE ( 'NONE', #5325, #666, #3084, .T. ) ;
#1615 = EDGE_CURVE ( 'NONE', #3255, #4195, #1313, .T. ) ;
#1616 = CARTESIAN_POINT ( 'NONE',  ( 0.000000000000000000, 0.000000000000000000, 0.000000000000000000 ) ) ;
#1617 = FACE_OUTER_BOUND ( 'NONE', #369, .T. ) ;
#1618 = DIRECTION ( 'NONE',  ( -0.2868677519576806612, -1.030477389931695699E-15, -0.9579701941536314935 ) ) ;
#1619 = AXIS2_PLACEMENT_3D ( 'NONE', #361, #3268, #6067 ) ;
#1620 = EDGE_LOOP ( 'NONE', ( #215, #960 ) ) ;
#1621 = CARTESIAN_POINT ( 'NONE',  ( 35.12322994218526162, 2.758210326803123280E-13, -34.17700911199528946 ) ) ;
#1622 = CARTESIAN_POINT ( 'NONE',  ( -27.73717641467479567, 10.00000000000000000, -40.35445773134681247 ) ) ;
#1623 = VERTEX_POINT ( 'NONE', #1327 ) ;
#1624 = CARTESIAN_POINT ( 'NONE',  ( 12.97528474921303854, 0.000000000000000000, 46.84212630530167587 ) ) ;
#1625 = CARTESIAN_POINT ( 'NONE',  ( 11.64692101385363543, 0.000000000000000000, -47.59855720221199249 ) ) ;
#1626 = CARTESIAN_POINT ( 'NONE',  ( -47.18725528548963410, 2.758210326803123280E-13, -13.08419477316707180 ) ) ;
#1627 = CARTESIAN_POINT ( 'NONE',  ( 45.07584220113049156, 2.758210326803123280E-13, -13.29078285863753450 ) ) ;
#1628 = CARTESIAN_POINT ( 'NONE',  ( -28.12498365876572137, 3.105155021998484699E-13, 39.81159203391364088 ) ) ;
#1629 = CARTESIAN_POINT ( 'NONE',  ( 22.72236348826744035, 5.000000000000000000, 28.66770533816860222 ) ) ;
#1630 = CARTESIAN_POINT ( 'NONE',  ( -35.34556598212376599, 10.00000000000000000, -32.02908669532605046 ) ) ;
#1631 = CARTESIAN_POINT ( 'NONE',  ( -10.06524238203714816, 2.758210326803123280E-13, -46.62468967080147308 ) ) ;
#1632 = ADVANCED_FACE ( 'NONE', ( #5826, #5756 ), #1945, .T. ) ;
#1633 = CARTESIAN_POINT ( 'NONE',  ( 42.86537817337114120, 0.000000000000000000, -19.22876030368550104 ) ) ;
#1634 = CARTESIAN_POINT ( 'NONE',  ( -37.43648903194648625, 2.758210326803123280E-13, -31.62128862663512407 ) ) ;
#1635 = CARTESIAN_POINT ( 'NONE',  ( 47.55216876276523408, 10.00000000000000000, -1.397484914387289834 ) ) ;
#1636 = CARTESIAN_POINT ( 'NONE',  ( -2.744104049135769774, 10.00000000000000000, 48.68087826237168514 ) ) ;
#1637 = CARTESIAN_POINT ( 'NONE',  ( -44.29340605254152763, 3.105155021998484699E-13, 20.62220960272624737 ) ) ;
#1638 = CARTESIAN_POINT ( 'NONE',  ( -48.53784371710394652, 0.000000000000000000, 6.792624207195005148 ) ) ;
#1639 = CARTESIAN_POINT ( 'NONE',  ( -16.05118333612281845, 10.00000000000000000, 46.03578262113823882 ) ) ;
#1640 = CARTESIAN_POINT ( 'NONE',  ( 12.72176798459747005, 10.00000000000000000, -47.11054574195090083 ) ) ;
#1641 = CARTESIAN_POINT ( 'NONE',  ( 10.11438034160198107, 2.758210326803123280E-13, -47.01625643758898576 ) ) ;
#1642 = DIRECTION ( 'NONE',  ( 1.225704244250531114E-16, 1.000000000000000000, -1.659623823642743815E-19 ) ) ;
#1643 = CARTESIAN_POINT ( 'NONE',  ( -39.27315821590496370, 10.00000000000000000, 26.82194037189785618 ) ) ;
#1644 = CARTESIAN_POINT ( 'NONE',  ( 29.85649611574984519, 10.00000000000000000, 38.83056500829449220 ) ) ;
#1645 = CARTESIAN_POINT ( 'NONE',  ( -25.98076211353298604, 1.500000000000000000, -21.52500000000030056 ) ) ;
#1646 = CARTESIAN_POINT ( 'NONE',  ( 32.31229380692504805, 10.00000000000000000, 34.45895843396883862 ) ) ;
#1647 = CARTESIAN_POINT ( 'NONE',  ( 46.18891600167901146, 10.00000000000000000, -15.97901472148825341 ) ) ;
#1648 = DIRECTION ( 'NONE',  ( 0.000000000000000000, 1.000000000000000000, -0.000000000000000000 ) ) ;
#1649 = ORIENTED_EDGE ( 'NONE', *, *, #5432, .F. ) ;
#1650 = CARTESIAN_POINT ( 'NONE',  ( 40.26142946369241571, 2.758210326803123280E-13, -24.40537219971991334 ) ) ;
#1651 = CARTESIAN_POINT ( 'NONE',  ( -28.17957293308438338, 0.000000000000000000, 38.32753649421562869 ) ) ;
#1652 = CARTESIAN_POINT ( 'NONE',  ( -32.81593044786576741, 0.000000000000000000, -36.40297676982936537 ) ) ;
#1653 = CARTESIAN_POINT ( 'NONE',  ( 42.75452417877918521, 10.00000000000000000, 20.00995187189532842 ) ) ;
#1654 = AXIS2_PLACEMENT_3D ( 'NONE', #3477, #6754, #2331 ) ;
#1655 = CARTESIAN_POINT ( 'NONE',  ( -2.133709875451472726E-13, 0.000000000000000000, 30.00000000000000000 ) ) ;
#1656 = DIRECTION ( 'NONE',  ( 0.000000000000000000, 0.000000000000000000, 1.000000000000000000 ) ) ;
#1657 = ORIENTED_EDGE ( 'NONE', *, *, #6764, .T. ) ;
#1658 = CARTESIAN_POINT ( 'NONE',  ( 25.66124536474277207, 10.00000000000000000, -39.57763539787850959 ) ) ;
#1659 = CARTESIAN_POINT ( 'NONE',  ( -24.66044883940515930, 2.758210326803123280E-13, -40.42932844399800274 ) ) ;
#1660 = ADVANCED_FACE ( 'NONE', ( #4096 ), #3649, .F. ) ;
#1661 = EDGE_CURVE ( 'NONE', #986, #5783, #261, .T. ) ;
#1662 = CARTESIAN_POINT ( 'NONE',  ( 4.691435564586408091, 0.000000000000000000, 48.74242142696006397 ) ) ;
#1663 = AXIS2_PLACEMENT_3D ( 'NONE', #1361, #3209, #445 ) ;
#1664 = CARTESIAN_POINT ( 'NONE',  ( 16.96362320788809797, 0.000000000000000000, -45.52193069388654578 ) ) ;
#1665 = PLANE ( 'NONE',  #6153 ) ;
#1666 = CARTESIAN_POINT ( 'NONE',  ( -46.22327082314613023, 2.758210326803123280E-13, -11.24711602280099498 ) ) ;
#1667 = CARTESIAN_POINT ( 'NONE',  ( 45.86937228529031074, 2.758210326803123280E-13, -11.90446282062639938 ) ) ;
#1668 = CARTESIAN_POINT ( 'NONE',  ( -22.85283134699132290, 10.00000000000000000, 41.27660938834238635 ) ) ;
#1669 = CARTESIAN_POINT ( 'NONE',  ( -2.133709875451472726E-13, 1.500000000000000000, 30.00000000000000000 ) ) ;
#1670 = AXIS2_PLACEMENT_3D ( 'NONE', #2322, #6229, #521 ) ;
#1671 = CARTESIAN_POINT ( 'NONE',  ( -30.56645755469000747, 10.00000000000000000, -36.64244819198545144 ) ) ;
#1672 = CARTESIAN_POINT ( 'NONE',  ( -6.488374333360489743, 10.00000000000000000, -47.25539575134589398 ) ) ;
#1673 = CARTESIAN_POINT ( 'NONE',  ( 47.70294041337523083, 0.000000000000000000, -8.677611613486529762 ) ) ;
#1674 = VECTOR ( 'NONE', #5053, 1000.000000000000000 ) ;
#1675 = CARTESIAN_POINT ( 'NONE',  ( -36.65677987737331733, 10.00000000000000000, -32.13663260289995804 ) ) ;
#1676 = CARTESIAN_POINT ( 'NONE',  ( -4.140029180282105870, 3.105155021998484699E-13, 46.95380462300855129 ) ) ;
#1677 = CARTESIAN_POINT ( 'NONE',  ( -43.31420226924486627, 3.105155021998484699E-13, 20.99041119054365367 ) ) ;
#1678 = CARTESIAN_POINT ( 'NONE',  ( -8.032755439338080450, 10.00000000000000000, 48.29753861937307136 ) ) ;
#1679 = CARTESIAN_POINT ( 'NONE',  ( 4.988701143089761203, 10.00000000000000000, -48.75212984024881280 ) ) ;
#1680 = CARTESIAN_POINT ( 'NONE',  ( 15.94902323086655116, 2.758210326803123280E-13, -44.75368592630054820 ) ) ;
#1681 = AXIS2_PLACEMENT_3D ( 'NONE', #7273, #4997, #7235 ) ;
#1682 = DIRECTION ( 'NONE',  ( -0.000000000000000000, 1.000000000000000000, -0.000000000000000000 ) ) ;
#1683 = CARTESIAN_POINT ( 'NONE',  ( 20.94506685077896080, 3.105155021998484699E-13, 42.07842875128022797 ) ) ;
#1684 = CARTESIAN_POINT ( 'NONE',  ( 48.33900278726238753, 0.000000000000000000, -1.878659982060433720 ) ) ;
#1685 = CARTESIAN_POINT ( 'NONE',  ( 36.68117242702464154, 10.00000000000000000, 29.67325348888392966 ) ) ;
#1686 = CARTESIAN_POINT ( 'NONE',  ( 46.15953016473260107, 10.00000000000000000, -15.67738629354824553 ) ) ;
#1687 = FACE_OUTER_BOUND ( 'NONE', #1030, .T. ) ;
#1688 = ORIENTED_EDGE ( 'NONE', *, *, #4535, .T. ) ;
#1689 = CARTESIAN_POINT ( 'NONE',  ( 38.23685236802580079, 10.00000000000000000, -29.63323264098844945 ) ) ;
#1690 = CARTESIAN_POINT ( 'NONE',  ( -41.76916595840862101, 0.000000000000000000, 24.30200957677488205 ) ) ;
#1691 = CARTESIAN_POINT ( 'NONE',  ( -37.64950513529894494, 0.000000000000000000, -28.42368189213929597 ) ) ;
#1692 = CARTESIAN_POINT ( 'NONE',  ( 38.49040888268347516, 10.00000000000000000, 29.60139600624777501 ) ) ;
#1693 = LINE ( 'NONE', #4504, #340 ) ;
#1694 = CARTESIAN_POINT ( 'NONE',  ( -25.98076211353329867, 3.999999999999973355, 21.52499999999976410 ) ) ;
#1695 = ORIENTED_EDGE ( 'NONE', *, *, #6100, .T. ) ;
#1696 = CARTESIAN_POINT ( 'NONE',  ( 25.98694789263276306, 2.758210326803123280E-13, -39.15552321667084357 ) ) ;
#1697 = CARTESIAN_POINT ( 'NONE',  ( 8.332725805580999179, 0.000000000000000000, 46.25062801752088859 ) ) ;
#1698 = CARTESIAN_POINT ( 'NONE',  ( -3.503852009414022195, 0.000000000000000000, -47.53478937429473916 ) ) ;
#1699 = CARTESIAN_POINT ( 'NONE',  ( -48.73775252398703373, 0.000000000000000000, -1.062583230456310535 ) ) ;
#1700 = CARTESIAN_POINT ( 'NONE',  ( -48.41781468095580010, 2.758210326803123280E-13, -5.750934167702263622 ) ) ;
#1701 = CARTESIAN_POINT ( 'NONE',  ( 45.86937228529031074, 10.00000000000000000, -11.90446282062639938 ) ) ;
#1702 = CARTESIAN_POINT ( 'NONE',  ( -25.79572543339759250, 3.105155021998484699E-13, 40.92390373963624484 ) ) ;
#1703 = FACE_BOUND ( 'NONE', #3590, .T. ) ;
#1704 = CARTESIAN_POINT ( 'NONE',  ( -38.98539122603985163, 10.00000000000000000, -26.90152853604898908 ) ) ;
#1705 = CARTESIAN_POINT ( 'NONE',  ( -18.40204756939328590, 2.758210326803123280E-13, -43.41389834617501720 ) ) ;
#1706 = ORIENTED_EDGE ( 'NONE', *, *, #3965, .F. ) ;
#1707 = CARTESIAN_POINT ( 'NONE',  ( 39.66449070748612371, 0.000000000000000000, -25.22900976881382462 ) ) ;
#1708 = CARTESIAN_POINT ( 'NONE',  ( -42.29788661286513474, 10.00000000000000000, -21.24116267592607343 ) ) ;
#1709 = CARTESIAN_POINT ( 'NONE',  ( 48.51277463617599750, 10.00000000000000000, -2.064865877032759034 ) ) ;
#1710 = CARTESIAN_POINT ( 'NONE',  ( -0.04239865900228344253, 10.00000000000000000, 47.96256748000540426 ) ) ;
#1711 = CARTESIAN_POINT ( 'NONE',  ( -44.03837754290261586, 10.00000000000000000, 16.93020044192979157 ) ) ;
#1712 = CIRCLE ( 'NONE', #5838, 0.9000000000000014655 ) ;
#1713 = CARTESIAN_POINT ( 'NONE',  ( -26.57875404891316151, 10.00000000000000000, 40.97191091721277445 ) ) ;
#1714 = CARTESIAN_POINT ( 'NONE',  ( 12.30177350787806034, 10.00000000000000000, -47.39131966155002118 ) ) ;
#1715 = CARTESIAN_POINT ( 'NONE',  ( 3.698543797731948413, 2.758210326803123280E-13, -48.36676328116946166 ) ) ;
#1716 = CARTESIAN_POINT ( 'NONE',  ( -25.98076211353298604, 0.000000000000000000, -15.00000000000030020 ) ) ;
#1717 = SECURITY_CLASSIFICATION ( '', '', #6786 ) ;
#1718 = CARTESIAN_POINT ( 'NONE',  ( -41.61562696393023941, 10.00000000000000000, 25.88321177492099423 ) ) ;
#1719 = B_SPLINE_CURVE_WITH_KNOTS ( 'NONE', 4,
 ( #4685, #1910, #227, #5689, #1181, #6271, #3439, #3544, #5825, #6309, #6824, #5791, #2398, #740, #1256, #774, #2958, #2996, #3511, #5244, #4165, #4720, #3028, #1326, #1222, #3579, #5755, #707, #4025, #6930, #196, #4062, #3476, #124, #2432, #635, #2361, #1872, #5721, #4127, #164, #5138, #1766, #5208, #6382, #4653, #4095, #6350, #5277, #2464, #6897, #1837, #6965, #2884, #94, #2330, #4582, #672, #2921, #5174, #4618, #6860, #1801, #5350, #1981, #6486, #3648, #1394, #5891, #4201, #5385, #882, #3616, #5859, #4795, #1944, #336, #4237, #844, #7005, #299, #411, #3208, #3136, #2576, #4829, #6002, #1360, #916, #3719, #1430, #4865, #7073, #2055, #2015, #808, #4758, #6451, #5967, #3683, #3102, #3063, #2615, #2650, #5462, #4276, #6520, #1466, #947, #5310, #3172, #5419, #5930, #7112, #374, #4314, #6557, #262, #2542, #7040, #1501, #3756, #4901, #7146, #2090, #6417, #2505, #5093, #2206, #4496, #2240, #1685, #3942, #2167, #5499, #1572, #1027, #2761, #1608, #2834, #2129, #5020, #7257, #3831, #7181, #47, #6187, #555, #4348, #3390, #1536, #6590, #4386, #3793, #6704, #1137, #4422, #2687, #4459, #5570, #1646, #6042, #5643, #6628, #3902, #589, #6076, #4979, #991, #3244, #6744, #3277, #444, #6667, #3865, #5531, #2796, #1102, #7219, #479, #2723, #4940, #6114, #1060, #3314, #519, #6154, #3354, #5609, #5060, #8, #731, #5745, #5199, #153, #6888, #1864, #1246, #2352, #6373, #4119, #2988, #1758, #4677, #4014, #4645, #6921, #6815, #2389, #5234, #1212, #5166, #4608, #6261, #4571, #3466, #83, #3502, #4052, #6779, #1721, #1316, #5677, #188, #6300, #2281, #116, #1280, #5780, #1171, #2950, #1793, #3571, #2423, #4533, #5816, #5129, #1828, #764, #2320, #2911, #4087, #3019, #5714, #663, #5268, #3976, #6849, #698, #6227, #3428, #625, #6341, #2876, #3535, #7103, #1971, #4712, #6955, #5880, #2045, #4305, #1419, #3053, #2456, #798, #1901, #6477, #7063, #5302, #6994, #4157, #873, #4818, #908, #1934, #2602, #4191, #2566, #4855, #4748, #251, #1457, #3673, #3127, #2493, #6440, #363, #326, #4226, #3163, #5921, #833, #7031, #6548, #3604, #5410, #2004, #1491, #6407, #3710, #1383, #4265, #3747, #5995, #4786, #5958, #5374, #3638, #3091, #5340, #6511, #940, #289, #2532, #3198, #1351, #218, #5849, #2680, #545, #6619, #3823, #6070, #6033, #6659, #3236, #2715, #1021, #1678, #2789, #5050, #1530, #3271, #2233, #5525, #3934, #5011, #4453, #6107, #3858, #4970, #3895, #7212, #2083, #3346, #2121, #403, #1, #473, #4933, #982, #1565, #7249, #5492, #5562, #6181, #1129, #2159, #1639, #4416, #2754, #1602, #6145, #1055, #1094, #3307, #2643, #3784, #438, #2197, #512, #7172, #6697, #5602, #4488, #6735, #4378, #5451, #4892, #7140, #4340, #6583, #1203, #4527, #619, #77, #1786, #655, #1956, #1165, #3970, #2381, #273, #2905, #1821, #5160, #40, #1274, #2313, #5636, #3382, #3420, #582, #5739, #818, #3458, #1713, #3495, #4600, #692, #5710, #3075, #111, #2943, #2346, #143, #4211, #5123, #1240, #2516, #5671, #3531, #6842, #4047, #6218, #6880, #4640, #6253, #2870, #4564, #5192, #6462, #6807, #4081, #1751, #6333, #6294, #4007, #5322, #5774, #4769, #7015, #2827, #5086, #2272, #6772, #1513, #1477, #2697, #4952, #2103, #3768, #3183, #4805, #7050, #4247, #3730, #2028, #1441, #4913, #4289, #6013, #5395, #961, #3218, #421, #1990, #5640, #3311, #5567, #2237, #6701, #5090, #4531, #6811, #6776, #6111, #2201, #1643, #3424, #3351, #6258, #4493, #4568, #1756, #5017, #4606, #1718, #4011, #1208, #3463, #2909, #3939, #7254, #5606, #552, #2278, #1135, #2350, #3899, #3974, #6224, #2793, #6150, #6847, #5164, #81, #3862, #114, #5054, #5, #6185, #3388, #1169, #586, #2831, #5675, #2874, #2318, #6405, #4050, #3089, #4643, #1899, #6438, #1825, #2421, #5336, #1381, #1932, #6885, #4188, #4116, #6371, #4085, #5300, #5847, #4675, #6339, #729, #287, #3636, #3568, #6298, #1244, #186, #5878, #5742, #151, #5814, #249, #5266, #4710, #6952, #1349, #831, #762, #1862, #2530, #4783, #2489, #1278, #1790, #3533, #4154, #3499, #5778, #3602, #4745, #2985, #6919, #1314, #5232, #3016, #216, #2454, #796, #3051, #696, #2947, #5196, #2386, #6992, #1528, #6616, #1416, #3233, #1018, #3820, #3744, #938, #5993, #1562, #1968, #3782, #4337 ),
 .UNSPECIFIED., .F., .F.,
 ( 5, 1, 1, 1, 1, 1, 1, 1, 1, 1, 1, 1, 1, 1, 1, 1, 1, 1, 1, 1, 1, 1, 1, 1, 1, 1, 1, 1, 1, 1, 1, 1, 1, 1, 1, 1, 1, 1, 1, 1, 1, 1, 1, 1, 1, 1, 1, 1, 1, 1, 1, 1, 1, 1, 1, 1, 1, 1, 1, 1, 1, 1, 1, 1, 1, 1, 1, 1, 1, 1, 1, 1, 1, 1, 1, 1, 1, 1, 1, 1, 1, 1, 1, 1, 1, 1, 1, 1, 1, 1, 1, 1, 1, 1, 1, 1, 1, 1, 1, 1, 1, 1, 1, 1, 1, 1, 1, 1, 1, 1, 1, 1, 1, 1, 1, 1, 1, 1, 1, 1, 1, 1, 1, 1, 1, 1, 1, 1, 1, 1, 1, 1, 1, 1, 1, 1, 1, 1, 1, 1, 1, 1, 1, 1, 1, 1, 1, 1, 1, 1, 1, 1, 1, 1, 1, 1, 1, 1, 1, 1, 1, 1, 1, 1, 1, 1, 1, 1, 1, 1, 1, 1, 1, 1, 1, 1, 1, 1, 1, 1, 1, 1, 1, 1, 1, 1, 1, 1, 1, 1, 1, 1, 1, 1, 1, 1, 1, 1, 1, 1, 1, 1, 1, 1, 1, 1, 1, 1, 1, 1, 1, 1, 1, 1, 1, 1, 1, 1, 1, 1, 1, 1, 1, 1, 1, 1, 1, 1, 1, 1, 1, 1, 1, 1, 1, 1, 1, 1, 1, 1, 1, 1, 1, 1, 1, 1, 1, 1, 1, 1, 1, 1, 1, 1, 1, 1, 1, 1, 1, 1, 1, 1, 1, 1, 1, 1, 1, 1, 1, 1, 1, 1, 1, 1, 1, 1, 1, 1, 1, 1, 1, 1, 1, 1, 1, 1, 1, 1, 1, 1, 1, 1, 1, 1, 1, 1, 1, 1, 1, 1, 1, 1, 1, 1, 1, 1, 1, 1, 1, 1, 1, 1, 1, 1, 1, 1, 1, 1, 1, 1, 1, 1, 1, 1, 1, 1, 1, 1, 1, 1, 1, 1, 1, 1, 1, 1, 1, 1, 1, 1, 1, 1, 1, 1, 1, 1, 1, 1, 1, 1, 1, 1, 1, 1, 1, 1, 1, 1, 1, 1, 1, 1, 1, 1, 1, 1, 1, 1, 1, 1, 1, 1, 1, 1, 1, 1, 1, 1, 1, 1, 1, 1, 1, 1, 1, 1, 1, 1, 1, 1, 1, 1, 1, 1, 1, 1, 1, 1, 1, 1, 1, 1, 1, 1, 1, 1, 1, 1, 1, 1, 1, 1, 1, 1, 1, 1, 1, 1, 1, 1, 1, 1, 1, 1, 1, 1, 1, 1, 1, 1, 1, 1, 1, 1, 1, 1, 1, 1, 1, 1, 1, 1, 1, 1, 1, 1, 1, 1, 1, 1, 1, 1, 1, 1, 1, 1, 1, 1, 1, 1, 1, 1, 1, 1, 1, 1, 1, 1, 1, 1, 1, 1, 1, 1, 1, 1, 1, 1, 1, 1, 1, 1, 1, 1, 1, 1, 1, 1, 1, 1, 1, 1, 1, 1, 1, 1, 1, 1, 1, 1, 1, 1, 1, 1, 1, 1, 1, 1, 1, 1, 1, 1, 1, 1, 1, 1, 1, 1, 1, 1, 1, 1, 1, 1, 1, 1, 1, 1, 1, 1, 1, 1, 1, 1, 1, 1, 1, 1, 1, 1, 1, 1, 1, 1, 1, 1, 1, 1, 1, 1, 1, 1, 1, 1, 1, 1, 1, 1, 1, 1, 1, 1, 1, 1, 1, 1, 1, 1, 1, 1, 1, 1, 1, 1, 1, 1, 1, 1, 1, 1, 1, 1, 1, 1, 1, 1, 1, 1, 1, 1, 1, 1, 1, 5 ),
 ( 0.05760920070031212703, 0.05925751373930219362, 0.06090582677829226022, 0.06255413981728233375, 0.06420245285627239340, 0.06570337593780560537, 0.06720429901933881733, 0.06870522210087202930, 0.07020614518240524127, 0.07107002978236270918, 0.07193391438232019097, 0.07366168358223515455, 0.07538945278215011814, 0.07711722198206506784, 0.07906811229226959337, 0.08004355744737184919, 0.08101900260247410501, 0.08199444775757636084, 0.08296989291267861666, 0.08394533806778087248, 0.08492078322288312831, 0.08574560335710282311, 0.08657042349132251791, 0.08739524362554221271, 0.08822006375976192138, 0.08904488389398163006, 0.08986970402820132486, 0.09151934429664071446, 0.09302072867260910427, 0.09452211304857749408, 0.09752488180051428757, 0.09929022634995784968, 0.1010555708994014257, 0.1028209154488450017, 0.1045862599982885638, 0.1059027364657071923, 0.1072192129331258209, 0.1085356894005444495, 0.1098521658679630780, 0.1113372721963429290, 0.1128223785247227939, 0.1143074848531026588, 0.1157925911814825237, 0.1175266152700251698, 0.1192606393585678298, 0.1209946634471104898, 0.1227286875356531359, 0.1239252294257651155, 0.1251217713158770950, 0.1263183132059890745, 0.1275148550961010541, 0.1290603228952892367, 0.1306057906944774194, 0.1336967262928538125, 0.1364647675604141464, 0.1392328088279745080, 0.1421959995264167054, 0.1436775948756378041, 0.1451591902248589028, 0.1463365992288123141, 0.1475140082327657254, 0.1486914172367191367, 0.1498688262406725480, 0.1513797847049416223, 0.1528907431692106966, 0.1544017016334797154, 0.1559126600977487898, 0.1574236185620176420, 0.1589345770262864666, 0.1604455354905552911, 0.1619564939548241433, 0.1631339029587775546, 0.1643113119627309382, 0.1654887209666843217, 0.1666661299706377330, 0.1681477253198585542, 0.1696293206690793753, 0.1725925113675210176, 0.1751797069905286219, 0.1777669026135362262, 0.1792066316228527745, 0.1806463606321692672, 0.1820860896414857877, 0.1835258186508023082, 0.1848307122676125513, 0.1861356058844228500, 0.1874404995012331487, 0.1887453931180433919, 0.1902912793817987391, 0.1918371656455540308, 0.1933830519093093225, 0.1949289381730646697, 0.1964857670429919212, 0.1980425959129191726, 0.1995994247828464241, 0.2011562536527737310, 0.2027186454739614008, 0.2042810372951491260, 0.2057707473413395993, 0.2072604573875300726, 0.2087501674337206015, 0.2102398774799111303, 0.2128941229405605928, 0.2155483684012100554, 0.2179265470517314784, 0.2203047257022529570, 0.2212338130064334107, 0.2221629003106138645, 0.2230919876147943737, 0.2240210749189748274, 0.2249501622231552811, 0.2258792495273357348, 0.2268083368315162440, 0.2277374241356966977, 0.2286086705987415701, 0.2294799170617864426, 0.2303511635248313705, 0.2312224099878762429, 0.2329649029139659877, 0.2347073958400557325, 0.2364351650399699190, 0.2381629342398840499, 0.2398907034397981808, 0.2407545880397553573, 0.2416184726397123672, 0.2431193957212447465, 0.2446203188027771813, 0.2461212418843096161, 0.2476221649658420509, 0.2492704780048310975, 0.2509187910438202551, 0.2525671040828093572, 0.2542154171217985148, 0.2558637301607895043, 0.2575120431997804937, 0.2591603562387714277, 0.2608086692777624171, 0.2623095923592964063, 0.2638105154408303954, 0.2653114385223643845, 0.2668123616038983736, 0.2676762462038562163, 0.2685401308038141144, 0.2702679000037299106, 0.2719956692036457069, 0.2737234384035615031, 0.2756743287137642939, 0.2776252190239670847, 0.2786006641790684801, 0.2795761093341698755, 0.2805515544892712709, 0.2815269996443727218, 0.2823518197785921391, 0.2831766399128116674, 0.2840014600470310846, 0.2848262801812505018, 0.2856511003154699191, 0.2864759204496893918, 0.2881255607181283374, 0.2896269450940959223, 0.2911283294700636182, 0.2941310982219990100, 0.2958964427714450562, 0.2976617873208911025, 0.2994271318703372042, 0.3011924764197832505, 0.3025089528872023648, 0.3038254293546214235, 0.3051419058220405378, 0.3064583822894596521, 0.3079434886178387121, 0.3094285949462177721, 0.3109137012745968320, 0.3123988076029759475, 0.3141328316915177887, 0.3158668557800596299, 0.3176008798686014711, 0.3193349039571433123, 0.3205314458472539041, 0.3217279877373645514, 0.3229245296274751986, 0.3241210715175858459, 0.3256665393167723077, 0.3272120071159587695, 0.3303029427143317487, 0.3330709839818931650, 0.3358390252494545258, 0.3388022159479011086, 0.3402838112971243723, 0.3417654066463476914, 0.3429428156503014913, 0.3441202246542552912, 0.3452976336582090910, 0.3464750426621629464, 0.3479860011264334085, 0.3494969595907039261, 0.3510079180549744438, 0.3525188765192449059, 0.3540298349835123703, 0.3555407934477798904, 0.3570517519120473549, 0.3585627103763148193, 0.3597401193802678421, 0.3609175283842207538, 0.3620949373881737765, 0.3632723463921267992, 0.3647539417413452889, 0.3662355370905638896, 0.3691987277890009800, 0.3717859234120078349, 0.3743731190350146898, 0.3758128480443338471, 0.3772525770536530043, 0.3786923060629722171, 0.3801320350722913743, 0.3814369286891023392, 0.3827418223059134705, 0.3840467159227245464, 0.3853516095395355667, 0.3868974958032919131, 0.3884433820670482040, 0.3899892683308044949, 0.3915351545945608414, 0.3930919834644873712, 0.3946488123344138454, 0.3962056412043403752, 0.3977624700742669051, 0.3993248618954537976, 0.4008872537166405792, 0.4023769637628290541, 0.4038666738090174180, 0.4053563838552058374, 0.4068460939013943123, 0.4095003393620409438, 0.4121545848226876307, 0.4145327634732123290, 0.4169109421237369717, 0.4178400294279189797, 0.4187691167321010433, 0.4206272913404650593, 0.4215563786446471228, 0.4224854659488290753, 0.4234145532530110834, 0.4243436405571930914, 0.4252148870202379083, 0.4260861334832827252, 0.4269573799463275421, 0.4278286264093724145, 0.4295711193354619928, 0.4313136122615516821, 0.4330413814614643697, 0.4347691506613769463, 0.4364969198612895784, 0.4373608044612459222, 0.4382246890612022105, 0.4397256121427329800, 0.4412265352242636940, 0.4427274583057944080, 0.4442283813873251219, 0.4458766944263128917, 0.4475250074653006616, 0.4491733205042884869, 0.4508216335432762567, 0.4524699465822686895, 0.4541182596212611777, 0.4557665726602536660, 0.4574148856992460432, 0.4589158087807815867, 0.4604167318623171301, 0.4619176549438526180, 0.4634185780253881615, 0.4642824626253467812, 0.4651463472253054565, 0.4668741164252228071, 0.4686018856251401576, 0.4703296548250574527, 0.4722805451352580786, 0.4732559902903584192, 0.4742314354454588154, 0.4752068806005591006, 0.4761823257556594413, 0.4771577709107597820, 0.4781332160658600672, 0.4789580362000791514, 0.4797828563342981800, 0.4806076764685172087, 0.4814324966027363484, 0.4822573167369554326, 0.4830821368711745167, 0.4847317771396126296, 0.4862331615155793818, 0.4877345458915460785, 0.4907373146434795830, 0.4925026591929290154, 0.4942680037423784478, 0.4960333482918278802, 0.4969160205665525964, 0.4977986928412773127, 0.4991151693086969821, 0.5004316457761166514, 0.5017481222435363764, 0.5030645987109561013, 0.5045497050393343841, 0.5060348113677126669, 0.5075199176960909497, 0.5090050240244693436, 0.5107390481130102966, 0.5124730722015513606, 0.5142070962900923137, 0.5159411203786332667, 0.5171376622687424707, 0.5183342041588516746, 0.5195307460489606566, 0.5207272879390698606, 0.5222727557382547126, 0.5238182235374395646, 0.5269091591358093796, 0.5296772004033721837, 0.5324452416709346547, 0.5354084323693857339, 0.5368900277186112735, 0.5383716230678369241, 0.5395490320717910571, 0.5407264410757453010, 0.5419038500796995450, 0.5430812590836537890, 0.5445922175479254168, 0.5461031760121972667, 0.5476141344764691166, 0.5491250929407409664, 0.5506360514050070432, 0.5521470098692730089, 0.5536579683335389745, 0.5551689267978050513, 0.5563463358017576299, 0.5575237448057102085, 0.5587011538096628982, 0.5598785628136154768, 0.5613601581628318016, 0.5628417535120480153, 0.5658049442104804427, 0.5683921398334867980, 0.5709793354564930423, 0.5724190644658149196, 0.5738587934751369080, 0.5752985224844587853, 0.5767382514937806626, 0.5780431451105922935, 0.5793480387274040355, 0.5806529323442157775, 0.5819578259610274085, 0.5835037122247846986, 0.5850495984885419887, 0.5865954847522993898, 0.5881413710160566799, 0.5896981998859825991, 0.5912550287559085183, 0.5928118576258344374, 0.5943686864957603566, 0.5959310783169462500, 0.5974934701381322544, 0.5989831801843188419, 0.6004728902305054294, 0.6019626002766920170, 0.6034523103228784935, 0.6061065557835225714, 0.6087608012441667604, 0.6111389798946942342, 0.6135171585452215970, 0.6144462458494051038, 0.6153753331535887217, 0.6163044204577722285, 0.6172335077619557353, 0.6181625950661392421, 0.6190916823703227490, 0.6200207696745063668, 0.6209498569786898736, 0.6218211034417346905, 0.6226923499047796184, 0.6235635963678244353, 0.6244348428308692522, 0.6261773357569588860, 0.6279198286830486309, 0.6296475978829623177, 0.6313753670828760045, 0.6331031362827896913, 0.6339670208827465903, 0.6348309054827033782, 0.6363318285642353134, 0.6378327516457671376, 0.6393336747272989617, 0.6408345978088307859, 0.6424829108478196105, 0.6441312238868085460, 0.6457795369257974816, 0.6474278499647863061, 0.6490761630037776841, 0.6507244760427690622, 0.6523727890817604402, 0.6540211021207518183, 0.6555220252022865290, 0.6570229482838212398, 0.6585238713653558396, 0.6600247944468905503, 0.6608886790468486705, 0.6617525636468067907, 0.6634803328467233641, 0.6652081020466398265, 0.6669358712465561778, 0.6688867615567644087, 0.6698622067118684686, 0.6708376518669725286, 0.6718130970220765885, 0.6727885421771806485, 0.6737639873322847084, 0.6747394324873887683, 0.6755642526216090182, 0.6763890727558292681, 0.6772138928900495181, 0.6780387130242696569, 0.6788635331584900179, 0.6796883532927102678, 0.6813379935611507676, 0.6828393779371202399, 0.6843407623130898232, 0.6873435310650286567, 0.6891088756144672089, 0.6908742201639057612, 0.6926395647133443134, 0.6944049092627829767, 0.6957213857302009252, 0.6970378621976189848, 0.6983543386650370444, 0.6996708151324549929, 0.7011559214608376056, 0.7026410277892204403, 0.7041261341176030530, 0.7056112404459857768, 0.7073452645345315037, 0.7090792886230771197, 0.7108133127116229577, 0.7125473368001686847, 0.7137438786902857712, 0.7149404205804030799, 0.7161369624705202774, 0.7173335043606374750, 0.7188789721598324300, 0.7204244399590271630, 0.7235153755574167400, 0.7262834168249736599, 0.7290514580925304688, 0.7320146487909555688, 0.7334962441401681188, 0.7349778394893806688, 0.7361552484933325813, 0.7373326574972848269, 0.7385100665012367394, 0.7396874755051886519, 0.7411984339694525081, 0.7427093924337164754, 0.7442203508979804427, 0.7457313093622444100, 0.7472422678265222551, 0.7487532262908001002, 0.7502641847550779453, 0.7517751432193559014, 0.7529525522233116996, 0.7541299612272673869, 0.7553073702312232962, 0.7564847792351790945, 0.7579663745844140710, 0.7594479699336491585, 0.7624111606321193335, 0.7649983562551319061, 0.7675855518781445896, 0.7690252808874449286, 0.7704650098967451566, 0.7719047389060453845, 0.7733444679153457235, 0.7746493615321509152, 0.7759542551489561069, 0.7772591487657612985, 0.7785640423825664902, 0.7801099286463155646, 0.7816558149100645281, 0.7832017011738134915, 0.7847475874375626770, 0.7863044163074959236, 0.7878612451774292813, 0.7894180740473626390, 0.7909749029172958856, 0.7925372947384903277, 0.7940996865596846588, 0.7955893966058920075, 0.7970791066520992452, 0.7985688166983065939, 0.8000585267445139426, 0.8027127722051856651, 0.8053670176658572766, 0.8077451963163576609, 0.8101233749668580453, 0.8110524622710248988, 0.8119815495751916412, 0.8129106368793584947, 0.8138397241835253482, 0.8147688114876920906, 0.8156978987918589441, 0.8166269860960257976, 0.8175560734001925400, 0.8184273198632380231, 0.8192985663262835061, 0.8210410592523745832, 0.8227835521784656603, 0.8245260451045566263, 0.8262538143044872996, 0.8279815835044180838, 0.8297093527043488681, 0.8305732373043140937, 0.8314371219042795413, 0.8329380449858294622, 0.8344389680673791609, 0.8359398911489289707, 0.8374408142304787805, 0.8390891272694858127, 0.8407374403084927339, 0.8423857533474996551, 0.8440340663865066873, 0.8456823794254803017, 0.8473306924644539162, 0.8489790055034275307, 0.8506273185424011452, 0.8521282416239176483, 0.8536291647054341514, 0.8551300877869506545, 0.8566310108684670466, 0.8574948954684167290, 0.8583587800683665225, 0.8600865492682659985, 0.8618143184681652524, 0.8635420876680646174, 0.8654929779782993826, 0.8664684231334167652, 0.8674438682885341478, 0.8684193134436515304, 0.8693947585987689131, 0.8703702037538862957, 0.8713456489090037893, 0.8721704690432279250, 0.8729952891774521717, 0.8738201093116764184, 0.8746449294459006651, 0.8754697495801246898, 0.8762945697143489365, 0.8779442099827973189, 0.8794455943587782265, 0.8809469787347590231, 0.8839497474867208382, 0.8857150920361198665, 0.8874804365855190058, 0.8892457811349181451, 0.8910111256843172844, 0.8923276021517274614, 0.8936440786191375274, 0.8949605550865477044, 0.8962770315539576593, 0.8977621378823491538, 0.8992472442107406483, 0.9007323505391320317, 0.9022174568675236372, 0.9039514809560788011, 0.9056855050446341870, 0.9074195291331894619, 0.9091535532217447368, 0.9103500951118775886, 0.9115466370020103293, 0.9127431788921430700, 0.9139397207822758107, 0.9154851885814916379, 0.9170306563807073541, 0.9185761241799230703, 0.9201215919791387865, 0.9228896332466819397, 0.9256576745142250928, 0.9286208652125971241, 0.9301024605617831398, 0.9315840559109691554, 0.9327614649149149617, 0.9339388739188607680, 0.9351162829228065743, 0.9362936919267522695, 0.9378046503909983622, 0.9393156088552443439, 0.9408265673194904366, 0.9423375257837365293 ),
 .UNSPECIFIED. ) ;
#1720 = CARTESIAN_POINT ( 'NONE',  ( 20.94506685077896080, 10.00000000000000000, 42.07842875128022797 ) ) ;
#1721 = CARTESIAN_POINT ( 'NONE',  ( 19.28701064595817982, 10.00000000000000000, 44.71769888541423654 ) ) ;
#1722 = CARTESIAN_POINT ( 'NONE',  ( 47.23806058855154077, 10.00000000000000000, -11.36639356204707063 ) ) ;
#1723 = DIRECTION ( 'NONE',  ( 0.000000000000000000, 1.000000000000000000, -0.000000000000000000 ) ) ;
#1724 = ORIENTED_EDGE ( 'NONE', *, *, #1856, .F. ) ;
#1725 = CARTESIAN_POINT ( 'NONE',  ( 39.66449070748612371, 2.758210326803123280E-13, -25.22900976881382462 ) ) ;
#1726 = ADVANCED_FACE ( 'NONE', ( #4166 ), #6418, .F. ) ;
#1727 = CARTESIAN_POINT ( 'NONE',  ( -44.94078716856306244, 0.000000000000000000, 19.37988316339407291 ) ) ;
#1728 = EDGE_CURVE ( 'NONE', #4546, #6958, #4382, .T. ) ;
#1729 = CARTESIAN_POINT ( 'NONE',  ( -43.70179320590759176, 0.000000000000000000, -20.99370316804075642 ) ) ;
#1730 = CARTESIAN_POINT ( 'NONE',  ( 39.51782192971510455, 10.00000000000000000, 28.97611372678761299 ) ) ;
#1731 = CALENDAR_DATE ( 2026, 12, 8 ) ;
#1732 = CARTESIAN_POINT ( 'NONE',  ( -36.65677987760469847, 10.00000000000000000, 32.13663260230433139 ) ) ;
#1733 = DIRECTION ( 'NONE',  ( 0.000000000000000000, 0.000000000000000000, 1.000000000000000000 ) ) ;
#1734 = LINE ( 'NONE', #2176, #7189 ) ;
#1735 = ORIENTED_EDGE ( 'NONE', *, *, #2175, .F. ) ;
#1736 = CARTESIAN_POINT ( 'NONE',  ( 30.77795741653526562, 10.00000000000000000, -36.46497873591434313 ) ) ;
#1737 = CARTESIAN_POINT ( 'NONE',  ( -9.881577510372215656, 0.000000000000000000, 47.13663448747149687 ) ) ;
#1738 = CARTESIAN_POINT ( 'NONE',  ( -8.352241861400523604, 0.000000000000000000, -48.28702373663467995 ) ) ;
#1739 = CARTESIAN_POINT ( 'NONE',  ( 48.51277463616114716, 3.105155021998484699E-13, 2.064865877050552356 ) ) ;
#1740 = CARTESIAN_POINT ( 'NONE',  ( -48.99250442892494561, 10.00000000000000000, -0.2075573755636170303 ) ) ;
#1741 = CARTESIAN_POINT ( 'NONE',  ( 45.99391006632246359, 10.00000000000000000, -16.91025827844380203 ) ) ;
#1742 = CARTESIAN_POINT ( 'NONE',  ( -22.19333903263364149, 3.105155021998484699E-13, 43.50383015200330306 ) ) ;
#1743 = CARTESIAN_POINT ( 'NONE',  ( 25.98076211353339815, 1.500000000000000000, -21.52499999999957581 ) ) ;
#1744 = CARTESIAN_POINT ( 'NONE',  ( -43.31420226909370541, 10.00000000000000000, -20.99041119118722776 ) ) ;
#1745 = VECTOR ( 'NONE', #562, 1000.000000000000000 ) ;
#1746 = CARTESIAN_POINT ( 'NONE',  ( 36.11256893305135662, 0.000000000000000000, -30.07386367982124398 ) ) ;
#1747 = CARTESIAN_POINT ( 'NONE',  ( -41.75264547491183720, 2.758210326803123280E-13, -25.58881073470873346 ) ) ;
#1748 = CARTESIAN_POINT ( 'NONE',  ( 47.05522970341394284, 10.00000000000000000, -0.5483646429927174770 ) ) ;
#1749 = CARTESIAN_POINT ( 'NONE',  ( 2.226095765439310092, 10.00000000000000000, 47.01870026958645354 ) ) ;
#1750 = CARTESIAN_POINT ( 'NONE',  ( -44.87847118984348072, 3.105155021998484699E-13, 15.11923143057803109 ) ) ;
#1751 = CARTESIAN_POINT ( 'NONE',  ( -31.67578445180074809, 10.00000000000000000, 36.94274784031462389 ) ) ;
#1752 = CARTESIAN_POINT ( 'NONE',  ( -12.28171053000158786, 10.00000000000000000, -45.57967856565686304 ) ) ;
#1753 = DIRECTION ( 'NONE',  ( 0.000000000000000000, 0.000000000000000000, 1.000000000000000000 ) ) ;
#1754 = EDGE_CURVE ( 'NONE', #4905, #3255, #6591, .T. ) ;
#1755 = ADVANCED_FACE ( 'NONE', ( #7147 ), #2016, .F. ) ;
#1756 = CARTESIAN_POINT ( 'NONE',  ( -40.96071364683631089, 10.00000000000000000, 26.61260216996445038 ) ) ;
#1757 = CARTESIAN_POINT ( 'NONE',  ( 22.51173650311207908, 10.00000000000000000, 42.31152017022590428 ) ) ;
#1758 = CARTESIAN_POINT ( 'NONE',  ( 23.45473061529353132, 10.00000000000000000, 42.73591345920117135 ) ) ;
#1759 = CARTESIAN_POINT ( 'NONE',  ( 46.20419157655948084, 10.00000000000000000, -11.70495020558956512 ) ) ;
#1760 = CARTESIAN_POINT ( 'NONE',  ( 0.000000000000000000, 1.500000000000000000, -30.00000000000000000 ) ) ;
#1761 = VERTEX_POINT ( 'NONE', #4902 ) ;
#1762 = CARTESIAN_POINT ( 'NONE',  ( 39.88625831933374855, 10.00000000000000000, -28.39642949162978169 ) ) ;
#1763 = CARTESIAN_POINT ( 'NONE',  ( -44.94078716842351184, 0.000000000000000000, -19.37988316404937095 ) ) ;
#1764 = CARTESIAN_POINT ( 'NONE',  ( 40.63327091319732887, 3.105155021998484699E-13, 24.17415757902919182 ) ) ;
#1765 = CARTESIAN_POINT ( 'NONE',  ( -36.11136541559732649, 10.00000000000000000, 32.23010507145544068 ) ) ;
#1766 = CARTESIAN_POINT ( 'NONE',  ( 47.97904408501212714, 10.00000000000000000, 9.555865791231024531 ) ) ;
#1767 = CARTESIAN_POINT ( 'NONE',  ( -19.00000000000000000, 5.000000000000000000, -3.261280134836397337E-13 ) ) ;
#1768 = ORIENTED_EDGE ( 'NONE', *, *, #6444, .F. ) ;
#1769 = CARTESIAN_POINT ( 'NONE',  ( 27.87066724199256740, 10.00000000000000000, -38.66599392301351656 ) ) ;
#1770 = CARTESIAN_POINT ( 'NONE',  ( -11.00264056470364515, 0.000000000000000000, 45.69717597579739987 ) ) ;
#1771 = CARTESIAN_POINT ( 'NONE',  ( -0.2623666727575983404, 0.000000000000000000, -48.48502521481603367 ) ) ;
#1772 = CARTESIAN_POINT ( 'NONE',  ( 48.41393903336175697, 10.00000000000000000, 4.612104440943443073 ) ) ;
#1773 = CIRCLE ( 'NONE', #1892, 0.8999999999999998002 ) ;
#1774 = CARTESIAN_POINT ( 'NONE',  ( 11.88584931577152481, 3.556183125752454544E-14, 35.47411967105784925 ) ) ;
#1775 = CARTESIAN_POINT ( 'NONE',  ( -21.67370368699710781, 3.105155021998484699E-13, 43.94910676293515195 ) ) ;
#1776 = DIRECTION ( 'NONE',  ( 0.000000000000000000, 0.000000000000000000, 1.000000000000000000 ) ) ;
#1777 = CARTESIAN_POINT ( 'NONE',  ( -46.46132477048541176, 0.000000000000000000, 11.55733942136279424 ) ) ;
#1778 = CARTESIAN_POINT ( 'NONE',  ( -44.70801936866121196, 10.00000000000000000, -20.07285128636565119 ) ) ;
#1779 = AXIS2_PLACEMENT_3D ( 'NONE', #228, #4721, #1911 ) ;
#1780 = ORIENTED_EDGE ( 'NONE', *, *, #2526, .T. ) ;
#1781 = CARTESIAN_POINT ( 'NONE',  ( 37.65319715645428289, 0.000000000000000000, 29.48977352686276632 ) ) ;
#1782 = CARTESIAN_POINT ( 'NONE',  ( 40.03198010932737105, 0.000000000000000000, -27.35000873463071613 ) ) ;
#1783 = CARTESIAN_POINT ( 'NONE',  ( -42.92429725507866323, 10.00000000000000000, -21.02530292119681832 ) ) ;
#1784 = CARTESIAN_POINT ( 'NONE',  ( -3.179053583939763783, 10.00000000000000000, 48.27698387033478866 ) ) ;
#1785 = CARTESIAN_POINT ( 'NONE',  ( -44.96480565709349975, 3.105155021998484699E-13, 19.06027129876470028 ) ) ;
#1786 = CARTESIAN_POINT ( 'NONE',  ( -22.34997608241848610, 10.00000000000000000, 43.27906376181594794 ) ) ;
#1787 = CARTESIAN_POINT ( 'NONE',  ( -6.488374333360489743, 10.00000000000000000, -47.25539575134589398 ) ) ;
#1788 = CARTESIAN_POINT ( 'NONE',  ( 4.988701143089761203, 10.00000000000000000, -48.75212984024881280 ) ) ;
#1789 = VECTOR ( 'NONE', #5413, 1000.000000000000000 ) ;
#1790 = CARTESIAN_POINT ( 'NONE',  ( -47.24140356186041600, 10.00000000000000000, 8.287389338648132764 ) ) ;
#1791 = CARTESIAN_POINT ( 'NONE',  ( 24.36367472544436197, 10.00000000000000000, 42.51832489746226429 ) ) ;
#1792 = CIRCLE ( 'NONE', #6750, 6.524999999999999467 ) ;
#1793 = CARTESIAN_POINT ( 'NONE',  ( 16.21901918068641280, 10.00000000000000000, 44.91056042000037252 ) ) ;
#1794 = CARTESIAN_POINT ( 'NONE',  ( 35.88785589673904752, 10.00000000000000000, -30.34166624303892945 ) ) ;
#1795 = CYLINDRICAL_SURFACE ( 'NONE', #3792, 6.524999999999999467 ) ;
#1796 = ORIENTED_EDGE ( 'NONE', *, *, #1125, .F. ) ;
#1797 = CARTESIAN_POINT ( 'NONE',  ( 39.54432978867784243, 10.00000000000000000, -26.01046299616143997 ) ) ;
#1798 = CARTESIAN_POINT ( 'NONE',  ( -44.96480565695613052, 0.000000000000000000, -19.06027129942014398 ) ) ;
#1799 = CARTESIAN_POINT ( 'NONE',  ( -28.26301930803733242, 2.758210326803123280E-13, -39.23805508166571343 ) ) ;
#1800 = CARTESIAN_POINT ( 'NONE',  ( 40.04918307735645300, 10.00000000000000000, 27.54279833520939391 ) ) ;
#1801 = CARTESIAN_POINT ( 'NONE',  ( 45.96777246645206816, 10.00000000000000000, 15.15830727928372390 ) ) ;
#1802 = DIRECTION ( 'NONE',  ( 0.000000000000000000, 1.000000000000000000, 0.000000000000000000 ) ) ;
#1803 = CARTESIAN_POINT ( 'NONE',  ( 46.99999999999889155, 0.000000000000000000, 0.07678126517037280052 ) ) ;
#1804 = CARTESIAN_POINT ( 'NONE',  ( 29.51932750698621533, 10.00000000000000000, -38.97830972296881669 ) ) ;
#1805 = CARTESIAN_POINT ( 'NONE',  ( 42.79010272571515827, 10.00000000000000000, -20.31157491044789865 ) ) ;
#1806 = CARTESIAN_POINT ( 'NONE',  ( 0.2609790347150823253, 0.000000000000000000, 47.57974350968807897 ) ) ;
#1807 = CARTESIAN_POINT ( 'NONE',  ( -10.57080365322970827, 0.000000000000000000, -45.97443897831277582 ) ) ;
#1808 = CARTESIAN_POINT ( 'NONE',  ( 47.61220692420179290, 10.00000000000000000, 5.030362386582936551 ) ) ;
#1809 = CARTESIAN_POINT ( 'NONE',  ( -47.89871387966344685, 10.00000000000000000, -1.660416455765983956 ) ) ;
#1810 = CARTESIAN_POINT ( 'NONE',  ( -28.20955984050420540, 3.105155021998484699E-13, 39.06230543836561253 ) ) ;
#1811 = LINE ( 'NONE', #3588, #3806 ) ;
#1812 = CARTESIAN_POINT ( 'NONE',  ( -47.17400383444148559, 0.000000000000000000, 12.62173967401615826 ) ) ;
#1813 = CARTESIAN_POINT ( 'NONE',  ( -43.70179320590759176, 10.00000000000000000, -20.99370316804075642 ) ) ;
#1814 = CARTESIAN_POINT ( 'NONE',  ( -13.96927544748932526, 2.758210326803123280E-13, -46.65319621144183770 ) ) ;
#1815 = VERTEX_POINT ( 'NONE', #2056 ) ;
#1816 = CARTESIAN_POINT ( 'NONE',  ( 37.32867823438972721, 0.000000000000000000, 29.49145376574502464 ) ) ;
#1817 = CARTESIAN_POINT ( 'NONE',  ( 43.32333055686369505, 0.000000000000000000, -21.30485502515950813 ) ) ;
#1818 = CARTESIAN_POINT ( 'NONE',  ( -41.43207856221283691, 10.00000000000000000, -26.15909552961273477 ) ) ;
#1819 = CARTESIAN_POINT ( 'NONE',  ( -8.970409855364202656, 10.00000000000000000, 48.13220495013607803 ) ) ;
#1820 = CARTESIAN_POINT ( 'NONE',  ( -45.92140164616926512, 3.105155021998484699E-13, 9.943727799588213401 ) ) ;
#1821 = CARTESIAN_POINT ( 'NONE',  ( -23.07909855428925283, 10.00000000000000000, 41.00998302107824856 ) ) ;
#1822 = CARTESIAN_POINT ( 'NONE',  ( -14.27147613853274954, 10.00000000000000000, -46.71547522573959554 ) ) ;
#1823 = CARTESIAN_POINT ( 'NONE',  ( 4.691435564937480152, 2.758210326803123280E-13, -48.74242142725789506 ) ) ;
#1824 = CARTESIAN_POINT ( 'NONE',  ( 42.86537817323266353, 0.000000000000000000, 19.22876030366260380 ) ) ;
#1825 = CARTESIAN_POINT ( 'NONE',  ( -44.04032416204871936, 10.00000000000000000, 16.58051099718949573 ) ) ;
#1826 = VECTOR ( 'NONE', #888, 1000.000000000000000 ) ;
#1827 = CARTESIAN_POINT ( 'NONE',  ( 18.84111122043042386, 10.00000000000000000, 45.17269837894510687 ) ) ;
#1828 = CARTESIAN_POINT ( 'NONE',  ( 13.80912449900867678, 10.00000000000000000, 45.08558218978291876 ) ) ;
#1829 = CARTESIAN_POINT ( 'NONE',  ( 33.92280546877942271, 10.00000000000000000, -34.67371199711350016 ) ) ;
#1830 = DIRECTION ( 'NONE',  ( 0.000000000000000000, 0.000000000000000000, 1.000000000000000000 ) ) ;
#1831 = VERTEX_POINT ( 'NONE', #4866 ) ;
#1832 = CC_DESIGN_APPROVAL ( #2525, ( #1717 ) ) ;
#1833 = CARTESIAN_POINT ( 'NONE',  ( -46.92501412294099339, 0.000000000000000000, -3.914778266450924527 ) ) ;
#1834 = CARTESIAN_POINT ( 'NONE',  ( -28.16252507900433244, 2.758210326803123280E-13, -38.71819953359096189 ) ) ;
#1835 = CARTESIAN_POINT ( 'NONE',  ( 38.23685236781233954, 3.105155021998484699E-13, 29.63323264093219578 ) ) ;
#1836 = CC_DESIGN_APPROVAL ( #899, ( #1596 ) ) ;
#1837 = CARTESIAN_POINT ( 'NONE',  ( 46.47266627683387696, 10.00000000000000000, 11.59441795637594375 ) ) ;
#1838 = DIRECTION ( 'NONE',  ( 0.000000000000000000, 0.000000000000000000, 1.000000000000000000 ) ) ;
#1839 = CARTESIAN_POINT ( 'NONE',  ( 17.61835056747636941, 10.00000000000000000, -45.60566623188942970 ) ) ;
#1840 = CARTESIAN_POINT ( 'NONE',  ( -4.140029180282105870, 0.000000000000000000, 46.95380462300855129 ) ) ;
#1841 = ADVANCED_FACE ( 'NONE', ( #1537 ), #6558, .F. ) ;
#1842 = EDGE_CURVE ( 'NONE', #5544, #637, #4617, .T. ) ;
#1843 = CARTESIAN_POINT ( 'NONE',  ( 3.571006709263596424, 0.000000000000000000, -48.22521266046520338 ) ) ;
#1844 = CARTESIAN_POINT ( 'NONE',  ( 48.54034189597091142, 3.105155021998484699E-13, 4.451154402077203365 ) ) ;
#1845 = CARTESIAN_POINT ( 'NONE',  ( -25.98076211353329867, 3.999999999999973355, 8.474999999999763389 ) ) ;
#1846 = DIRECTION ( 'NONE',  ( 0.000000000000000000, 1.000000000000000000, -0.000000000000000000 ) ) ;
#1847 = DIRECTION ( 'NONE',  ( 0.000000000000000000, 0.000000000000000000, 1.000000000000000000 ) ) ;
#1848 = VERTEX_POINT ( 'NONE', #2543 ) ;
#1849 = CARTESIAN_POINT ( 'NONE',  ( -41.75264547491183720, 10.00000000000000000, -25.58881073470873346 ) ) ;
#1850 = CARTESIAN_POINT ( 'NONE',  ( -16.05118333579127210, 10.00000000000000000, -46.03578262158539758 ) ) ;
#1851 = VERTEX_POINT ( 'NONE', #3245 ) ;
#1852 = CARTESIAN_POINT ( 'NONE',  ( 43.22333241088182376, 0.000000000000000000, -23.09858425750366351 ) ) ;
#1853 = CARTESIAN_POINT ( 'NONE',  ( -41.76916595823358591, 2.758210326803123280E-13, -24.30200957740734324 ) ) ;
#1854 = CARTESIAN_POINT ( 'NONE',  ( -8.352241861748312957, 10.00000000000000000, 48.28702373624292221 ) ) ;
#1855 = CARTESIAN_POINT ( 'NONE',  ( -47.17400383444148559, 3.105155021998484699E-13, 12.62173967401615826 ) ) ;
#1856 = EDGE_CURVE ( 'NONE', #6958, #4546, #1423, .T. ) ;
#1857 = CARTESIAN_POINT ( 'NONE',  ( -7.168168958812480618, 10.00000000000000000, -48.06001250006624304 ) ) ;
#1858 = AXIS2_PLACEMENT_3D ( 'NONE', #2660, #2100, #4356 ) ;
#1859 = CARTESIAN_POINT ( 'NONE',  ( 8.332725805914124706, 2.758210326803123280E-13, -46.25062801779240829 ) ) ;
#1860 = CARTESIAN_POINT ( 'NONE',  ( 42.81119672062071402, 0.000000000000000000, 23.61110974962256748 ) ) ;
#1861 = CARTESIAN_POINT ( 'NONE',  ( -44.78155854347890852, 0.000000000000000000, 18.29746868135540439 ) ) ;
#1862 = CARTESIAN_POINT ( 'NONE',  ( -46.01862772539637092, 10.00000000000000000, 9.527638197073789783 ) ) ;
#1863 = CARTESIAN_POINT ( 'NONE',  ( 15.15457490054883927, 3.105155021998484699E-13, 44.57514820140895750 ) ) ;
#1864 = CARTESIAN_POINT ( 'NONE',  ( 25.11164975861549920, 10.00000000000000000, 41.93029834453387394 ) ) ;
#1865 = CARTESIAN_POINT ( 'NONE',  ( 35.12322994218526162, 10.00000000000000000, -34.17700911199528946 ) ) ;
#1866 = FACE_OUTER_BOUND ( 'NONE', #6344, .T. ) ;
#1867 = ORIENTED_EDGE ( 'NONE', *, *, #4374, .F. ) ;
#1868 = CARTESIAN_POINT ( 'NONE',  ( -46.22327082314613023, 0.000000000000000000, -11.24711602280099498 ) ) ;
#1869 = CARTESIAN_POINT ( 'NONE',  ( -28.51769218279037688, 10.00000000000000000, -37.44943886070897321 ) ) ;
#1870 = CARTESIAN_POINT ( 'NONE',  ( 35.88785589652046326, 10.00000000000000000, 30.34166624296574710 ) ) ;
#1871 = CARTESIAN_POINT ( 'NONE',  ( -38.03710777270632093, 10.00000000000000000, 30.23782141097618847 ) ) ;
#1872 = CARTESIAN_POINT ( 'NONE',  ( 47.22685241202866280, 10.00000000000000000, 8.369913015178092053 ) ) ;
#1873 = CARTESIAN_POINT ( 'NONE',  ( -25.98076211353329867, 1.500000000000000000, 14.99999999999976374 ) ) ;
#1874 = PERSON ( 'NAUO-PER1', 'UNSPECIFIED', 'UNSPECIFIED', ('UNSPECIFIED'), ('UNSPECIFIED'), ('UNSPECIFIED') ) ;
#1875 = CARTESIAN_POINT ( 'NONE',  ( 20.94506685108207478, 2.758210326803123280E-13, -42.07842875146094030 ) ) ;
#1876 = CARTESIAN_POINT ( 'NONE',  ( 0.1113255315131821271, 0.000000000000000000, 47.75585073208940656 ) ) ;
#1877 = CARTESIAN_POINT ( 'NONE',  ( -14.60332226204491057, 0.000000000000000000, -46.71512741829710791 ) ) ;
#1878 = CARTESIAN_POINT ( 'NONE',  ( 48.27420884672838497, 10.00000000000000000, 4.756445711813475086 ) ) ;
#1879 = CARTESIAN_POINT ( 'NONE',  ( 4.286263797015731665E-16, 0.000000000000000000, -33.50000000000000000 ) ) ;
#1880 = DIRECTION ( 'NONE',  ( 0.000000000000000000, 1.000000000000000000, -0.000000000000000000 ) ) ;
#1881 = CARTESIAN_POINT ( 'NONE',  ( -9.499999999999674927, 0.000000000000000000, -16.45448267190452896 ) ) ;
#1882 = ORIENTED_EDGE ( 'NONE', *, *, #2655, .T. ) ;
#1883 = EDGE_CURVE ( 'NONE', #4831, #1453, #2970, .T. ) ;
#1884 = CARTESIAN_POINT ( 'NONE',  ( -43.87735155568416445, 10.00000000000000000, -20.91222684347910743 ) ) ;
#1885 = VERTEX_POINT ( 'NONE', #6463 ) ;
#1886 = CARTESIAN_POINT ( 'NONE',  ( 36.11256893283469083, 0.000000000000000000, 30.07386367974973496 ) ) ;
#1887 = CONICAL_SURFACE ( 'NONE', #138, 6.524999999999999467, 0.7853981633974439491 ) ;
#1888 = CARTESIAN_POINT ( 'NONE',  ( 23.17336651174888473, 0.000000000000000000, -42.70998122139233288 ) ) ;
#1889 = CARTESIAN_POINT ( 'NONE',  ( -44.87847118973455451, 10.00000000000000000, -15.11923143123286195 ) ) ;
#1890 = CARTESIAN_POINT ( 'NONE',  ( -8.666594791426808442, 3.105155021998484699E-13, 48.23159475834217602 ) ) ;
#1891 = CARTESIAN_POINT ( 'NONE',  ( -47.19120256431795468, 10.00000000000000000, 12.82691039550693368 ) ) ;
#1892 = AXIS2_PLACEMENT_3D ( 'NONE', #3216, #5471, #4950 ) ;
#1893 = CARTESIAN_POINT ( 'NONE',  ( 0.2609790350577760321, 10.00000000000000000, -47.57974351001768554 ) ) ;
#1894 = CARTESIAN_POINT ( 'NONE',  ( -3.231370336507539243, 2.758210326803123280E-13, -48.02384020763385308 ) ) ;
#1895 = CARTESIAN_POINT ( 'NONE',  ( 43.81914253009055216, 0.000000000000000000, 18.14453587810580260 ) ) ;
#1896 = CARTESIAN_POINT ( 'NONE',  ( -37.64950513550373756, 0.000000000000000000, 28.42368189153648572 ) ) ;
#1897 = EDGE_CURVE ( 'NONE', #5287, #6536, #3316, .T. ) ;
#1898 = AXIS2_PLACEMENT_3D ( 'NONE', #6116, #557, #5062 ) ;
#1899 = CARTESIAN_POINT ( 'NONE',  ( -44.09735811426526197, 10.00000000000000000, 17.26532196619807635 ) ) ;
#1900 = CARTESIAN_POINT ( 'NONE',  ( 16.49437868864007584, 10.00000000000000000, 45.07905301746462357 ) ) ;
#1901 = CARTESIAN_POINT ( 'NONE',  ( 7.357205118722475845, 10.00000000000000000, 46.60345391069666476 ) ) ;
#1902 = CARTESIAN_POINT ( 'NONE',  ( 40.02751475107594104, 10.00000000000000000, -27.91137694781996004 ) ) ;
#1903 = AXIS2_PLACEMENT_3D ( 'NONE', #10, #6746, #3468 ) ;
#1904 = CARTESIAN_POINT ( 'NONE',  ( -9.500000000000248690, 5.000000000000000000, 16.45448267190418434 ) ) ;
#1905 = ORIENTED_EDGE ( 'NONE', *, *, #7000, .T. ) ;
#1906 = CARTESIAN_POINT ( 'NONE',  ( -32.54682302938070393, 2.758210326803123280E-13, -36.61614350301265830 ) ) ;
#1907 = CARTESIAN_POINT ( 'NONE',  ( 35.80442074991306356, 10.00000000000000000, 33.02487383568355739 ) ) ;
#1908 = CIRCLE ( 'NONE', #2384, 6.525000000000003020 ) ;
#1909 = CARTESIAN_POINT ( 'NONE',  ( -41.88464801815526073, 10.00000000000000000, 24.61070792438869859 ) ) ;
#1910 = CARTESIAN_POINT ( 'NONE',  ( 46.99999999999889155, 10.00000000000000000, 0.07678126517037280052 ) ) ;
#1911 = DIRECTION ( 'NONE',  ( 0.000000000000000000, 0.000000000000000000, 1.000000000000000000 ) ) ;
#1912 = CARTESIAN_POINT ( 'NONE',  ( 19.51888808966796773, 2.758210326803123280E-13, -43.61227867139744063 ) ) ;
#1913 = VECTOR ( 'NONE', #6172, 1000.000000000000000 ) ;
#1914 = CARTESIAN_POINT ( 'NONE',  ( -14.60332226238138276, 0.000000000000000000, 46.71512741786035861 ) ) ;
#1915 = CARTESIAN_POINT ( 'NONE',  ( -15.81831764419400521, 0.000000000000000000, -46.26082462723084632 ) ) ;
#1916 = CARTESIAN_POINT ( 'NONE',  ( 47.83120900503305961, 10.00000000000000000, 10.55455277588031215 ) ) ;
#1917 = CARTESIAN_POINT ( 'NONE',  ( 9.499999999999793943, -5.000000000000000000, 15.55448267190445577 ) ) ;
#1918 = CARTESIAN_POINT ( 'NONE',  ( -2.133709875451472726E-13, 0.000000000000000000, 30.00000000000000000 ) ) ;
#1919 = DIRECTION ( 'NONE',  ( 3.100888515310084119E-16, 1.000000000000000000, -1.173783452270512163E-15 ) ) ;
#1920 = ORIENTED_EDGE ( 'NONE', *, *, #2273, .T. ) ;
#1921 = CARTESIAN_POINT ( 'NONE',  ( -46.10143807492499946, 10.00000000000000000, -11.02467881611131162 ) ) ;
#1922 = ORIENTED_EDGE ( 'NONE', *, *, #6639, .T. ) ;
#1923 = CARTESIAN_POINT ( 'NONE',  ( 24.64011210062604462, 0.000000000000000000, 42.35872378970179852 ) ) ;
#1924 = CARTESIAN_POINT ( 'NONE',  ( 19.88971653187900301, 0.000000000000000000, -42.81059083885514127 ) ) ;
#1925 = CARTESIAN_POINT ( 'NONE',  ( -44.39459263266536482, 2.758210326803123280E-13, -15.60716637474194890 ) ) ;
#1926 = CARTESIAN_POINT ( 'NONE',  ( -11.91936587425607463, 10.00000000000000000, 45.53037859692393852 ) ) ;
#1927 = CARTESIAN_POINT ( 'NONE',  ( -46.43680524449735714, 10.00000000000000000, 8.834271825521000210 ) ) ;
#1928 = CARTESIAN_POINT ( 'NONE',  ( -22.68260106828111233, 10.00000000000000000, -41.57123939482565333 ) ) ;
#1929 = CARTESIAN_POINT ( 'NONE',  ( -3.348378960094291923, 10.00000000000000000, -47.77999156838442474 ) ) ;
#1930 = CARTESIAN_POINT ( 'NONE',  ( 45.07584220103480988, 0.000000000000000000, 13.29078285863055697 ) ) ;
#1931 = AXIS2_PLACEMENT_3D ( 'NONE', #6831, #570, #3370 ) ;
#1932 = CARTESIAN_POINT ( 'NONE',  ( -44.61787746730065152, 10.00000000000000000, 15.33803748422301361 ) ) ;
#1933 = CARTESIAN_POINT ( 'NONE',  ( 12.53951192159675010, 3.105155021998484699E-13, 47.25069560539586888 ) ) ;
#1934 = CARTESIAN_POINT ( 'NONE',  ( 5.686910107454945518, 10.00000000000000000, 48.60980721947337457 ) ) ;
#1935 = CARTESIAN_POINT ( 'NONE',  ( 47.09184339535735830, 0.000000000000000000, 5.407811128164377479 ) ) ;
#1936 = CARTESIAN_POINT ( 'NONE',  ( 34.56643311970682930, 10.00000000000000000, -34.52604948017420128 ) ) ;
#1937 = CARTESIAN_POINT ( 'NONE',  ( 0.000000000000000000, 10.00000000000000000, 0.000000000000000000 ) ) ;
#1938 = ORIENTED_EDGE ( 'NONE', *, *, #61, .T. ) ;
#1939 = CARTESIAN_POINT ( 'NONE',  ( -46.43680524443367119, 0.000000000000000000, -8.834271826187066523 ) ) ;
#1940 = CARTESIAN_POINT ( 'NONE',  ( -28.32447849061481193, 10.00000000000000000, -37.80513279534243765 ) ) ;
#1941 = CARTESIAN_POINT ( 'NONE',  ( 34.84168427728115347, 3.105155021998484699E-13, 34.38458398776165126 ) ) ;
#1942 = CARTESIAN_POINT ( 'NONE',  ( -41.68120872578253966, 10.00000000000000000, 21.73595169659789406 ) ) ;
#1943 = CARTESIAN_POINT ( 'NONE',  ( -31.96777131242016523, 10.00000000000000000, 36.89581434568024321 ) ) ;
#1944 = CARTESIAN_POINT ( 'NONE',  ( 44.44231156568953622, 10.00000000000000000, 17.94223960955322994 ) ) ;
#1945 = PLANE ( 'NONE',  #4968 ) ;
#1946 = ADVANCED_FACE ( 'NONE', ( #275, #2517 ), #3658, .T. ) ;
#1947 = CARTESIAN_POINT ( 'NONE',  ( 19.45768270955788282, 2.758210326803123280E-13, -43.89147979887606965 ) ) ;
#1948 = EDGE_CURVE ( 'NONE', #239, #4371, #1075, .T. ) ;
#1949 = CARTESIAN_POINT ( 'NONE',  ( -21.34571777604569220, 0.000000000000000000, 44.11448322979658343 ) ) ;
#1950 = CARTESIAN_POINT ( 'NONE',  ( -23.07909855399385535, 0.000000000000000000, -41.00998302157595532 ) ) ;
#1951 = CARTESIAN_POINT ( 'NONE',  ( 45.52156229588413794, 10.00000000000000000, 12.23057545315109884 ) ) ;
#1952 = DIRECTION ( 'NONE',  ( -0.000000000000000000, 1.000000000000000000, -0.000000000000000000 ) ) ;
#1953 = DIRECTION ( 'NONE',  ( 0.000000000000000000, 1.000000000000000000, -0.000000000000000000 ) ) ;
#1954 = FACE_OUTER_BOUND ( 'NONE', #6446, .T. ) ;
#1955 = VERTEX_POINT ( 'NONE', #3430 ) ;
#1956 = CARTESIAN_POINT ( 'NONE',  ( -22.54327751834156146, 10.00000000000000000, 42.80170550900722759 ) ) ;
#1957 = CARTESIAN_POINT ( 'NONE',  ( -47.63553300534552193, 10.00000000000000000, -4.999436368684140319 ) ) ;
#1958 = EDGE_LOOP ( 'NONE', ( #1141, #1005, #5943, #4878 ) ) ;
#1959 = CARTESIAN_POINT ( 'NONE',  ( 25.11164975861549920, 0.000000000000000000, 41.93029834453387394 ) ) ;
#1960 = CARTESIAN_POINT ( 'NONE',  ( 25.40479977788373134, 0.000000000000000000, -40.37037995091471743 ) ) ;
#1961 = CARTESIAN_POINT ( 'NONE',  ( -44.29340605239300288, 2.758210326803123280E-13, -20.62220960337688780 ) ) ;
#1962 = CARTESIAN_POINT ( 'NONE',  ( 47.70294041337523083, 2.758210326803123280E-13, -8.677611613486529762 ) ) ;
#1963 = CARTESIAN_POINT ( 'NONE',  ( -13.67419874493829290, 3.105155021998484699E-13, 46.55795448644408197 ) ) ;
#1964 = CARTESIAN_POINT ( 'NONE',  ( -47.24140356186041600, 3.105155021998484699E-13, 8.287389338648132764 ) ) ;
#1965 = CARTESIAN_POINT ( 'NONE',  ( -26.88935590340446424, 10.00000000000000000, -40.89274805651967881 ) ) ;
#1966 = CARTESIAN_POINT ( 'NONE',  ( -3.758474394699768517, 10.00000000000000000, -47.23970171771618709 ) ) ;
#1967 = ORIENTED_EDGE ( 'NONE', *, *, #2983, .T. ) ;
#1968 = CARTESIAN_POINT ( 'NONE',  ( -48.99250442892646618, 10.00000000000000000, 0.2075573748793591577 ) ) ;
#1969 = CARTESIAN_POINT ( 'NONE',  ( 10.24325350211505636, 10.00000000000000000, 47.27854813166505465 ) ) ;
#1970 = CIRCLE ( 'NONE', #2931, 7.525000000000018119 ) ;
#1971 = CARTESIAN_POINT ( 'NONE',  ( 10.24325350211505636, 10.00000000000000000, 47.27854813166505465 ) ) ;
#1972 = CARTESIAN_POINT ( 'NONE',  ( 47.93372876040215402, 0.000000000000000000, 4.899042732818436718 ) ) ;
#1973 = CARTESIAN_POINT ( 'NONE',  ( 25.46978455773414041, 10.00000000000000000, -41.15945164482073437 ) ) ;
#1974 = EDGE_CURVE ( 'NONE', #1476, #532, #2242, .T. ) ;
#1975 = ADVANCED_FACE ( 'NONE', ( #1610 ), #4140, .F. ) ;
#1976 = LINE ( 'NONE', #292, #4503 ) ;
#1977 = CARTESIAN_POINT ( 'NONE',  ( -36.93269067694564711, 10.00000000000000000, -32.01126727023650886 ) ) ;
#1978 = CARTESIAN_POINT ( 'NONE',  ( 34.32291852254431319, 3.105155021998484699E-13, 34.61091047103760587 ) ) ;
#1979 = CARTESIAN_POINT ( 'NONE',  ( -41.30425800373770784, 10.00000000000000000, 23.47811729565954764 ) ) ;
#1980 = CARTESIAN_POINT ( 'NONE',  ( -30.56645755495390659, 10.00000000000000000, 36.64244819143367238 ) ) ;
#1981 = CARTESIAN_POINT ( 'NONE',  ( 46.15953016461975267, 10.00000000000000000, 15.67738629354905733 ) ) ;
#1982 = CARTESIAN_POINT ( 'NONE',  ( -25.98076211353329867, 0.000000000000000000, 14.99999999999976374 ) ) ;
#1983 = CARTESIAN_POINT ( 'NONE',  ( -23.07909855428925283, 0.000000000000000000, 41.00998302107824856 ) ) ;
#1984 = CARTESIAN_POINT ( 'NONE',  ( -21.67370368668052549, 0.000000000000000000, -43.94910676342281874 ) ) ;
#1985 = CARTESIAN_POINT ( 'NONE',  ( 45.41078572896707755, 10.00000000000000000, 14.59561470424712937 ) ) ;
#1986 = CYLINDRICAL_SURFACE ( 'NONE', #7116, 3.499999999999999556 ) ;
#1987 = DIRECTION ( 'NONE',  ( 1.225704244250531114E-16, 1.000000000000000000, -1.659623823642743815E-19 ) ) ;
#1988 = CARTESIAN_POINT ( 'NONE',  ( 0.000000000000000000, 0.000000000000000000, -13.10000000000000142 ) ) ;
#1989 = ORIENTED_EDGE ( 'NONE', *, *, #6535, .T. ) ;
#1990 = CARTESIAN_POINT ( 'NONE',  ( -38.03710777270632093, 10.00000000000000000, 30.23782141097618847 ) ) ;
#1991 = ORIENTED_EDGE ( 'NONE', *, *, #4888, .T. ) ;
#1992 = CARTESIAN_POINT ( 'NONE',  ( 22.51173650311207908, 0.000000000000000000, 42.31152017022590428 ) ) ;
#1993 = CARTESIAN_POINT ( 'NONE',  ( 25.98694789263276306, 0.000000000000000000, -39.15552321667084357 ) ) ;
#1994 = CARTESIAN_POINT ( 'NONE',  ( -44.78155854334718100, 2.758210326803123280E-13, -18.29746868200954779 ) ) ;
#1995 = CARTESIAN_POINT ( 'NONE',  ( 46.50200907407229067, 2.758210326803123280E-13, -6.786246342409631538 ) ) ;
#1996 = CARTESIAN_POINT ( 'NONE',  ( -16.05118333612281845, 3.105155021998484699E-13, 46.03578262113823882 ) ) ;
#1997 = CARTESIAN_POINT ( 'NONE',  ( -48.46871621122790685, 3.105155021998484699E-13, 7.128898879978495806 ) ) ;
#1998 = CARTESIAN_POINT ( 'NONE',  ( -28.12498365847899962, 10.00000000000000000, -39.81159203444778427 ) ) ;
#1999 = CARTESIAN_POINT ( 'NONE',  ( -0.5186480863561776511, 2.758210326803123280E-13, -48.66061967868357385 ) ) ;
#2000 = ORIENTED_EDGE ( 'NONE', *, *, #4199, .T. ) ;
#2001 = CARTESIAN_POINT ( 'NONE',  ( -47.66417753837199456, 0.000000000000000000, -1.815838320880827972 ) ) ;
#2002 = CARTESIAN_POINT ( 'NONE',  ( -25.98076211353298604, 5.000000000000000000, -22.52500000000031477 ) ) ;
#2003 = CARTESIAN_POINT ( 'NONE',  ( 13.15008245729308101, 10.00000000000000000, 46.30110724267517952 ) ) ;
#2004 = CARTESIAN_POINT ( 'NONE',  ( 0.4501098784875324776, 10.00000000000000000, 47.40705556647197483 ) ) ;
#2005 = DIRECTION ( 'NONE',  ( 0.000000000000000000, 0.000000000000000000, 1.000000000000000000 ) ) ;
#2006 = CARTESIAN_POINT ( 'NONE',  ( 25.40479977788373134, 10.00000000000000000, -40.37037995091471743 ) ) ;
#2007 = CARTESIAN_POINT ( 'NONE',  ( 25.98076211353339815, 3.999999999999970690, -21.52499999999957581 ) ) ;
#2008 = VERTEX_POINT ( 'NONE', #7259 ) ;
#2009 = AXIS2_PLACEMENT_3D ( 'NONE', #5652, #5105, #7228 ) ;
#2010 = CARTESIAN_POINT ( 'NONE',  ( -37.64950513529894494, 2.758210326803123280E-13, -28.42368189213929597 ) ) ;
#2011 = CARTESIAN_POINT ( 'NONE',  ( 35.73409833031710292, 3.105155021998484699E-13, 33.28966224867235013 ) ) ;
#2012 = CARTESIAN_POINT ( 'NONE',  ( -42.54723761401881887, 10.00000000000000000, 21.13044767191446738 ) ) ;
#2013 = CARTESIAN_POINT ( 'NONE',  ( -30.86198350476038854, 10.00000000000000000, 36.71469742177191620 ) ) ;
#2014 = VECTOR ( 'NONE', #6514, 1000.000000000000000 ) ;
#2015 = CARTESIAN_POINT ( 'NONE',  ( 43.03688288602829459, 10.00000000000000000, 23.36444628936250112 ) ) ;
#2016 = CYLINDRICAL_SURFACE ( 'NONE', #3666, 0.9000000000000014655 ) ;
#2017 = ORIENTED_EDGE ( 'NONE', *, *, #6535, .F. ) ;
#2018 = CARTESIAN_POINT ( 'NONE',  ( 41.61168374977568618, 2.758210326803123280E-13, -23.93017586745293457 ) ) ;
#2019 = CARTESIAN_POINT ( 'NONE',  ( -21.03884785026257731, 0.000000000000000000, 44.21128466465809481 ) ) ;
#2020 = AXIS2_PLACEMENT_3D ( 'NONE', #6132, #1077, #360 ) ;
#2021 = CARTESIAN_POINT ( 'NONE',  ( -19.98302025225905965, 0.000000000000000000, -44.17308355618402516 ) ) ;
#2022 = DATE_TIME_ROLE ( 'classification_date' ) ;
#2023 = CARTESIAN_POINT ( 'NONE',  ( 45.57783575992127112, 3.105155021998484699E-13, 14.82240055638443543 ) ) ;
#2024 = CARTESIAN_POINT ( 'NONE',  ( -0.9811205817786203820, -2.000000000003343548, -0.1933970113791335932 ) ) ;
#2025 = DIRECTION ( 'NONE',  ( 0.000000000000000000, 0.000000000000000000, -1.000000000000000000 ) ) ;
#2026 = DIRECTION ( 'NONE',  ( -0.000000000000000000, 1.000000000000000000, -0.000000000000000000 ) ) ;
#2027 = ORIENTED_EDGE ( 'NONE', *, *, #4147, .F. ) ;
#2028 = CARTESIAN_POINT ( 'NONE',  ( -36.38351655475856461, 10.00000000000000000, 32.20849532054290876 ) ) ;
#2029 = CIRCLE ( 'NONE', #3570, 7.525000000000018119 ) ;
#2030 = CARTESIAN_POINT ( 'NONE',  ( 36.37930582233019550, 2.758210326803123280E-13, -29.84978400709643864 ) ) ;
#2031 = EDGE_CURVE ( 'NONE', #3393, #7155, #2972, .T. ) ;
#2032 = ORIENTED_EDGE ( 'NONE', *, *, #6099, .F. ) ;
#2033 = CARTESIAN_POINT ( 'NONE',  ( 25.11164975891753315, 0.000000000000000000, -41.93029834468455164 ) ) ;
#2034 = CARTESIAN_POINT ( 'NONE',  ( -46.88379344550590844, 2.758210326803123280E-13, -14.04151760544024086 ) ) ;
#2035 = CARTESIAN_POINT ( 'NONE',  ( 46.55295747036457499, 2.758210326803123280E-13, -6.361996736161203536 ) ) ;
#2036 = CARTESIAN_POINT ( 'NONE',  ( -19.01068499173365467, 3.105155021998484699E-13, 43.53569918578677544 ) ) ;
#2037 = DIRECTION ( 'NONE',  ( -0.000000000000000000, -1.000000000000000000, 0.000000000000000000 ) ) ;
#2038 = CARTESIAN_POINT ( 'NONE',  ( -16.44346210292139432, 10.00000000000000000, -44.82887006714345546 ) ) ;
#2039 = CARTESIAN_POINT ( 'NONE',  ( -0.7726084938741105690, 2.758210326803123280E-13, -48.81229980319636041 ) ) ;
#2040 = EDGE_CURVE ( 'NONE', #5359, #2923, #4848, .T. ) ;
#2041 = EDGE_LOOP ( 'NONE', ( #4055, #4291, #7158, #2953 ) ) ;
#2042 = CARTESIAN_POINT ( 'NONE',  ( -48.95866733249113167, 0.000000000000000000, -0.5030180427433023072 ) ) ;
#2043 = LINE ( 'NONE', #979, #5242 ) ;
#2044 = CARTESIAN_POINT ( 'NONE',  ( 8.681093759798399034, 3.105155021998484699E-13, 46.25042819909588587 ) ) ;
#2045 = CARTESIAN_POINT ( 'NONE',  ( 9.345597098019135629, 10.00000000000000000, 46.42551185390585999 ) ) ;
#2046 = CARTESIAN_POINT ( 'NONE',  ( 48.87775430134514920, 0.000000000000000000, 3.552822324703895251 ) ) ;
#2047 = CARTESIAN_POINT ( 'NONE',  ( 24.36367472575058102, 10.00000000000000000, -42.51832489761836342 ) ) ;
#2048 = AXIS2_PLACEMENT_3D ( 'NONE', #6030, #5489, #870 ) ;
#2049 = DIRECTION ( 'NONE',  ( 0.000000000000000000, 0.000000000000000000, 1.000000000000000000 ) ) ;
#2050 = ORIENTED_EDGE ( 'NONE', *, *, #4282, .T. ) ;
#2051 = CARTESIAN_POINT ( 'NONE',  ( -38.03710777248849695, 2.758210326803123280E-13, -30.23782141158175918 ) ) ;
#2052 = CARTESIAN_POINT ( 'NONE',  ( 30.88096018727767245, 3.105155021998484699E-13, 37.03306580121687119 ) ) ;
#2053 = CARTESIAN_POINT ( 'NONE',  ( -40.40192023901066420, 3.105155021998484699E-13, 26.87585679164893193 ) ) ;
#2054 = CARTESIAN_POINT ( 'NONE',  ( -28.16194582736779495, 10.00000000000000000, 38.54419687418367602 ) ) ;
#2055 = CARTESIAN_POINT ( 'NONE',  ( 43.22333241071549992, 10.00000000000000000, 23.09858425748329935 ) ) ;
#2056 = CARTESIAN_POINT ( 'NONE',  ( 1.604287306883032847E-15, 0.000000000000000000, 13.10000000000000142 ) ) ;
#2057 = ORIENTED_EDGE ( 'NONE', *, *, #1188, .F. ) ;
#2058 = CARTESIAN_POINT ( 'NONE',  ( 43.46957936563258329, 2.758210326803123280E-13, -22.49346172920927955 ) ) ;
#2059 = CARTESIAN_POINT ( 'NONE',  ( -23.64884737586219643, 0.000000000000000000, 40.61141378183859274 ) ) ;
#2060 = CARTESIAN_POINT ( 'NONE',  ( -30.56645755469000747, 0.000000000000000000, -36.64244819198545144 ) ) ;
#2061 = CARTESIAN_POINT ( 'NONE',  ( 42.25582227685520564, 3.105155021998484699E-13, 23.96781524986312206 ) ) ;
#2062 = CARTESIAN_POINT ( 'NONE',  ( 0.000000000000000000, 0.000000000000000000, 0.000000000000000000 ) ) ;
#2063 = LINE ( 'NONE', #5939, #1276 ) ;
#2064 = CARTESIAN_POINT ( 'NONE',  ( -2.133709875451472726E-13, 3.999999999999974243, 36.52499999999999858 ) ) ;
#2065 = ORIENTED_EDGE ( 'NONE', *, *, #656, .F. ) ;
#2066 = CARTESIAN_POINT ( 'NONE',  ( 35.52546921106628020, 10.00000000000000000, -31.64043456674146881 ) ) ;
#2067 = CARTESIAN_POINT ( 'NONE',  ( -23.34609233029299347, 2.758210326803123280E-13, -40.78620948678899083 ) ) ;
#2068 = EDGE_CURVE ( 'NONE', #937, #1235, #4498, .T. ) ;
#2069 = EDGE_CURVE ( 'NONE', #2937, #5918, #2607, .T. ) ;
#2070 = ORIENTED_EDGE ( 'NONE', *, *, #900, .F. ) ;
#2071 = CARTESIAN_POINT ( 'NONE',  ( 32.85192360669895351, 0.000000000000000000, 34.40696876749404964 ) ) ;
#2072 = CARTESIAN_POINT ( 'NONE',  ( 8.332725805914124706, 0.000000000000000000, -46.25062801779240829 ) ) ;
#2073 = CARTESIAN_POINT ( 'NONE',  ( -47.51205586086548749, 2.758210326803123280E-13, -8.227163105910900498 ) ) ;
#2074 = CARTESIAN_POINT ( 'NONE',  ( 46.55295747036457499, 10.00000000000000000, -6.361996736161203536 ) ) ;
#2075 = CARTESIAN_POINT ( 'NONE',  ( -18.40204756970596378, 3.105155021998484699E-13, 43.41389834571099016 ) ) ;
#2076 = CARTESIAN_POINT ( 'NONE',  ( -47.63553300538149671, 3.105155021998484699E-13, 4.999436368009451570 ) ) ;
#2077 = CARTESIAN_POINT ( 'NONE',  ( -22.50334853403577640, 10.00000000000000000, -42.20200591866699824 ) ) ;
#2078 = CARTESIAN_POINT ( 'NONE',  ( -8.352241861400523604, 2.758210326803123280E-13, -48.28702373663467995 ) ) ;
#2079 = ORIENTED_EDGE ( 'NONE', *, *, #6765, .F. ) ;
#2080 = FACE_BOUND ( 'NONE', #4696, .T. ) ;
#2081 = CARTESIAN_POINT ( 'NONE',  ( 4.045410638147467708, 3.105155021998484699E-13, 48.57583986836085188 ) ) ;
#2082 = EDGE_CURVE ( 'NONE', #6826, #6054, #5095, .T. ) ;
#2083 = CARTESIAN_POINT ( 'NONE',  ( -11.91936587425607463, 10.00000000000000000, 45.53037859692393852 ) ) ;
#2084 = CARTESIAN_POINT ( 'NONE',  ( 28.88027686918722736, 10.00000000000000000, -39.07120267849331441 ) ) ;
#2085 = CARTESIAN_POINT ( 'NONE',  ( 18.56707514739442288, 2.758210326803123280E-13, -45.34511145899575979 ) ) ;
#2086 = CYLINDRICAL_SURFACE ( 'NONE', #5448, 2.074999999999998401 ) ;
#2087 = ORIENTED_EDGE ( 'NONE', *, *, #7209, .T. ) ;
#2088 = CARTESIAN_POINT ( 'NONE',  ( 29.51932750670547634, 10.00000000000000000, 38.97830972284985762 ) ) ;
#2089 = DIRECTION ( 'NONE',  ( -3.964541573183182870E-16, -1.000000000000000000, 1.158175138636003392E-15 ) ) ;
#2090 = CARTESIAN_POINT ( 'NONE',  ( 38.74052491827850275, 10.00000000000000000, 29.52576027884725463 ) ) ;
#2091 = DIRECTION ( 'NONE',  ( 0.000000000000000000, 0.000000000000000000, 1.000000000000000000 ) ) ;
#2092 = CARTESIAN_POINT ( 'NONE',  ( -48.57461215929977527, 10.00000000000000000, -1.282795168101966921 ) ) ;
#2093 = ORIENTED_EDGE ( 'NONE', *, *, #1346, .F. ) ;
#2094 = CIRCLE ( 'NONE', #5055, 6.524999999999999467 ) ;
#2095 = CARTESIAN_POINT ( 'NONE',  ( 42.54913690589000197, 2.758210326803123280E-13, -23.80135955396234948 ) ) ;
#2096 = CARTESIAN_POINT ( 'NONE',  ( -37.75959108563729671, 0.000000000000000000, 29.51705101376870743 ) ) ;
#2097 = CARTESIAN_POINT ( 'NONE',  ( -38.01378767760061805, 0.000000000000000000, -30.51941404834402505 ) ) ;
#2098 = PERSON_AND_ORGANIZATION ( #3204, #5727 ) ;
#2099 = CARTESIAN_POINT ( 'NONE',  ( 43.44038315506078618, 10.00000000000000000, 18.39358694124389970 ) ) ;
#2100 = DIRECTION ( 'NONE',  ( 0.000000000000000000, 1.000000000000000000, 0.000000000000000000 ) ) ;
#2101 = CARTESIAN_POINT ( 'NONE',  ( 17.96896004864708729, 3.079134169858832593E-14, 33.65250944612657946 ) ) ;
#2102 = VERTEX_POINT ( 'NONE', #3905 ) ;
#2103 = CARTESIAN_POINT ( 'NONE',  ( -34.04807669242067902, 10.00000000000000000, 32.39143301351742821 ) ) ;
#2104 = CARTESIAN_POINT ( 'NONE',  ( 35.53287412867226180, 2.758210326803123280E-13, -31.30628040950120194 ) ) ;
#2105 = CARTESIAN_POINT ( 'NONE',  ( -24.99081225330401068, 10.00000000000000000, -40.48006136511772723 ) ) ;
#2106 = ORIENTED_EDGE ( 'NONE', *, *, #33, .F. ) ;
#2107 = CARTESIAN_POINT ( 'NONE',  ( 9.025808621902845275, 0.000000000000000000, 46.30923408879861114 ) ) ;
#2108 = CARTESIAN_POINT ( 'NONE',  ( 15.58804164124541458, 0.000000000000000000, -44.63704192822413575 ) ) ;
#2109 = CARTESIAN_POINT ( 'NONE',  ( -48.20490586501740893, 10.00000000000000000, -7.715346298519425439 ) ) ;
#2110 = CARTESIAN_POINT ( 'NONE',  ( 48.87775430137079269, 2.758210326803123280E-13, -3.552822324683477362 ) ) ;
#2111 = CARTESIAN_POINT ( 'NONE',  ( -19.36711515965708230, 10.00000000000000000, 43.69752291379761289 ) ) ;
#2112 = EDGE_CURVE ( 'NONE', #769, #4709, #118, .T. ) ;
#2113 = CARTESIAN_POINT ( 'NONE',  ( -47.85537724537459781, 3.105155021998484699E-13, 5.156957751313574256 ) ) ;
#2114 = CARTESIAN_POINT ( 'NONE',  ( -38.08528399282198507, 10.00000000000000000, -27.50812628936863646 ) ) ;
#2115 = CARTESIAN_POINT ( 'NONE',  ( -12.28171053000158786, 10.00000000000000000, -45.57967856565686304 ) ) ;
#2116 = ORIENTED_EDGE ( 'NONE', *, *, #121, .T. ) ;
#2117 = CARTESIAN_POINT ( 'NONE',  ( 47.09184339539632447, 0.000000000000000000, -5.407811128156800429 ) ) ;
#2118 = DIRECTION ( 'NONE',  ( 0.000000000000000000, 0.000000000000000000, 1.000000000000000000 ) ) ;
#2119 = CARTESIAN_POINT ( 'NONE',  ( 7.096471593054904936, 10.00000000000000000, 46.82209335659425875 ) ) ;
#2120 = CARTESIAN_POINT ( 'NONE',  ( -47.04987646364885023, 0.000000000000000000, 13.70285447908336884 ) ) ;
#2121 = CARTESIAN_POINT ( 'NONE',  ( -12.57257308734778078, 10.00000000000000000, 45.66709288493858310 ) ) ;
#2122 = CARTESIAN_POINT ( 'NONE',  ( 6.876009029063434141, 10.00000000000000000, -47.07331053832953671 ) ) ;
#2123 = CARTESIAN_POINT ( 'NONE',  ( 11.28158826358021471, 2.758210326803123280E-13, -47.62331684575667623 ) ) ;
#2124 = DIRECTION ( 'NONE',  ( 0.000000000000000000, 0.000000000000000000, 1.000000000000000000 ) ) ;
#2125 = ADVANCED_FACE ( 'NONE', ( #5022 ), #1140, .F. ) ;
#2126 = VECTOR ( 'NONE', #2140, 1000.000000000000000 ) ;
#2127 = CARTESIAN_POINT ( 'NONE',  ( 28.88027686890584178, 3.105155021998484699E-13, 39.07120267836979366 ) ) ;
#2128 = CARTESIAN_POINT ( 'NONE',  ( -25.98076211353298604, 0.000000000000000000, -15.00000000000030020 ) ) ;
#2129 = CARTESIAN_POINT ( 'NONE',  ( 35.66008208988822048, 10.00000000000000000, 32.26743866802630123 ) ) ;
#2130 = CARTESIAN_POINT ( 'NONE',  ( 46.55295747036457499, 10.00000000000000000, -6.361996736161203536 ) ) ;
#2131 = VECTOR ( 'NONE', #3064, 1000.000000000000000 ) ;
#2132 = CARTESIAN_POINT ( 'NONE',  ( -47.24140356180067357, 10.00000000000000000, -8.287389339319970460 ) ) ;
#2133 = VERTEX_POINT ( 'NONE', #1214 ) ;
#2134 = CARTESIAN_POINT ( 'NONE',  ( -33.46714325955761637, 0.000000000000000000, 34.93885925296681449 ) ) ;
#2135 = CARTESIAN_POINT ( 'NONE',  ( -28.78612952734238206, 0.000000000000000000, -37.13504542281209098 ) ) ;
#2136 = PERSON_AND_ORGANIZATION ( #3204, #5727 ) ;
#2137 = CARTESIAN_POINT ( 'NONE',  ( 44.70460516716443067, 10.00000000000000000, 17.91664482417785820 ) ) ;
#2138 = AXIS2_PLACEMENT_3D ( 'NONE', #2997, #5245, #2506 ) ;
#2139 = PLANE ( 'NONE',  #6572 ) ;
#2140 = DIRECTION ( 'NONE',  ( -0.000000000000000000, 1.000000000000000000, -0.000000000000000000 ) ) ;
#2141 = VERTEX_POINT ( 'NONE', #627 ) ;
#2142 = CARTESIAN_POINT ( 'NONE',  ( 33.23961192620502203, 2.758210326803123280E-13, -34.45801783344721514 ) ) ;
#2143 = CARTESIAN_POINT ( 'NONE',  ( -26.88935590340446424, 2.758210326803123280E-13, -40.89274805651967881 ) ) ;
#2144 = VECTOR ( 'NONE', #190, 1000.000000000000000 ) ;
#2145 = VERTEX_POINT ( 'NONE', #2878 ) ;
#2146 = CARTESIAN_POINT ( 'NONE',  ( 17.61835056714791747, 0.000000000000000000, 45.60566623168478628 ) ) ;
#2147 = CARTESIAN_POINT ( 'NONE',  ( 16.67966783544469678, 0.000000000000000000, -45.35459813167133092 ) ) ;
#2148 = CARTESIAN_POINT ( 'NONE',  ( -47.07165387555303937, 2.758210326803123280E-13, -12.22458185573142586 ) ) ;
#2149 = CARTESIAN_POINT ( 'NONE',  ( 47.46479847253061024, 2.758210326803123280E-13, -11.15575955011806997 ) ) ;
#2150 = CIRCLE ( 'NONE', #5108, 16.10000000000001563 ) ;
#2151 = DIRECTION ( 'NONE',  ( -0.000000000000000000, 1.000000000000000000, -0.000000000000000000 ) ) ;
#2152 = CARTESIAN_POINT ( 'NONE',  ( -39.27315821571176713, 10.00000000000000000, -26.82194037251234064 ) ) ;
#2153 = CARTESIAN_POINT ( 'NONE',  ( -6.488374333360489743, 2.758210326803123280E-13, -47.25539575134589398 ) ) ;
#2154 = CIRCLE ( 'NONE', #5699, 6.524999999999999467 ) ;
#2155 = CARTESIAN_POINT ( 'NONE',  ( 47.01651976830700619, 0.000000000000000000, -8.150104650329822675 ) ) ;
#2156 = CARTESIAN_POINT ( 'NONE',  ( 1.849216666712503340E-15, 5.000000000000000000, 15.09999999999999964 ) ) ;
#2157 = CARTESIAN_POINT ( 'NONE',  ( 3.698543797383589737, 10.00000000000000000, 48.36676328086463172 ) ) ;
#2158 = CARTESIAN_POINT ( 'NONE',  ( -44.39459263277777978, 0.000000000000000000, 15.60716637409060503 ) ) ;
#2159 = CARTESIAN_POINT ( 'NONE',  ( -15.81831764452721778, 10.00000000000000000, 46.26082462678538576 ) ) ;
#2160 = CARTESIAN_POINT ( 'NONE',  ( 11.64692101385363543, 10.00000000000000000, -47.59855720221199249 ) ) ;
#2161 = CARTESIAN_POINT ( 'NONE',  ( 10.96263895604709937, 10.00000000000000000, -47.59147069035797273 ) ) ;
#2162 = DIRECTION ( 'NONE',  ( -0.9579701941536318266, 0.000000000000000000, 0.2868677519576802726 ) ) ;
#2163 = EDGE_CURVE ( 'NONE', #5691, #1955, #5685, .T. ) ;
#2164 = CARTESIAN_POINT ( 'NONE',  ( 31.01521223620300916, 3.105155021998484699E-13, 35.45478607993765507 ) ) ;
#2165 = DIRECTION ( 'NONE',  ( 0.000000000000000000, 0.000000000000000000, 1.000000000000000000 ) ) ;
#2166 = AXIS2_PLACEMENT_3D ( 'NONE', #3707, #5955, #906 ) ;
#2167 = CARTESIAN_POINT ( 'NONE',  ( 36.11256893283469083, 10.00000000000000000, 30.07386367974973496 ) ) ;
#2168 = CARTESIAN_POINT ( 'NONE',  ( 45.23049544017899137, 10.00000000000000000, -14.26683525308907008 ) ) ;
#2169 = CARTESIAN_POINT ( 'NONE',  ( -46.58277300966949497, 10.00000000000000000, -11.68200449737668301 ) ) ;
#2170 = CARTESIAN_POINT ( 'NONE',  ( -28.20116912971579737, 0.000000000000000000, 39.62164887822070369 ) ) ;
#2171 = CARTESIAN_POINT ( 'NONE',  ( -37.64166828669946341, 0.000000000000000000, -31.37676539785092089 ) ) ;
#2172 = PERSON_AND_ORGANIZATION_ROLE ( 'creator' ) ;
#2173 = CARTESIAN_POINT ( 'NONE',  ( 43.46957936547061507, 3.105155021998484699E-13, 22.49346172919071662 ) ) ;
#2174 = CYLINDRICAL_SURFACE ( 'NONE', #577, 0.9000000000000014655 ) ;
#2175 = EDGE_CURVE ( 'NONE', #5219, #3124, #5716, .T. ) ;
#2176 = CARTESIAN_POINT ( 'NONE',  ( 17.96896004864708729, 0.5000000000000307532, 33.65250944612657946 ) ) ;
#2177 = EDGE_LOOP ( 'NONE', ( #5023, #2684 ) ) ;
#2178 = CARTESIAN_POINT ( 'NONE',  ( 36.11256893305135662, 10.00000000000000000, -30.07386367982124398 ) ) ;
#2179 = CARTESIAN_POINT ( 'NONE',  ( -22.68260106828111233, 2.758210326803123280E-13, -41.57123939482565333 ) ) ;
#2180 = CARTESIAN_POINT ( 'NONE',  ( 12.00447474006410964, 0.000000000000000000, 47.51441764517475974 ) ) ;
#2181 = CARTESIAN_POINT ( 'NONE',  ( 13.57351805873375383, 0.000000000000000000, -45.34377807319724241 ) ) ;
#2182 = FACE_OUTER_BOUND ( 'NONE', #1063, .T. ) ;
#2183 = CARTESIAN_POINT ( 'NONE',  ( -46.22327082314613023, 10.00000000000000000, -11.24711602280099498 ) ) ;
#2184 = CARTESIAN_POINT ( 'NONE',  ( 44.44231156581875553, 10.00000000000000000, -17.94223960956480468 ) ) ;
#2185 = CARTESIAN_POINT ( 'NONE',  ( -22.47340223584906838, 3.105155021998484699E-13, 42.51794034305012104 ) ) ;
#2186 = DIRECTION ( 'NONE',  ( -0.000000000000000000, -1.000000000000000000, 0.000000000000000000 ) ) ;
#2187 = CARTESIAN_POINT ( 'NONE',  ( -34.52033369131090978, 10.00000000000000000, -32.14397765049469768 ) ) ;
#2188 = CARTESIAN_POINT ( 'NONE',  ( -9.502749607268279775, 2.758210326803123280E-13, -47.81401925544493992 ) ) ;
#2189 = CARTESIAN_POINT ( 'NONE',  ( 39.83533076696142672, 0.000000000000000000, 27.01599365178982737 ) ) ;
#2190 = CARTESIAN_POINT ( 'NONE',  ( 45.07584220113049156, 0.000000000000000000, -13.29078285863753450 ) ) ;
#2191 = CARTESIAN_POINT ( 'NONE',  ( -37.19850707000892953, 2.758210326803123280E-13, -31.83470540819453731 ) ) ;
#2192 = CARTESIAN_POINT ( 'NONE',  ( -25.98076211353298604, 5.000000000000000000, -15.00000000000030020 ) ) ;
#2193 = LOCAL_TIME ( 11, 7, 39.00000000000000000, #3437 ) ;
#2194 = CARTESIAN_POINT ( 'NONE',  ( -0.2623666731068121649, 3.105155021998484699E-13, 48.48502521448254754 ) ) ;
#2195 = CARTESIAN_POINT ( 'NONE',  ( -45.77446269642167209, 10.00000000000000000, 14.74881787247233156 ) ) ;
#2196 = CARTESIAN_POINT ( 'NONE',  ( -46.43680524449735714, 0.000000000000000000, 8.834271825521000210 ) ) ;
#2197 = CARTESIAN_POINT ( 'NONE',  ( -18.74850481332812535, 10.00000000000000000, 43.46023206279544127 ) ) ;
#2198 = CARTESIAN_POINT ( 'NONE',  ( 8.681093760131522785, 10.00000000000000000, -46.25042819936485472 ) ) ;
#2199 = CARTESIAN_POINT ( 'NONE',  ( 12.53951192193708053, 10.00000000000000000, -47.25069560563708393 ) ) ;
#2200 = CARTESIAN_POINT ( 'NONE',  ( 25.98076211353288301, 3.999999999999973355, 15.00000000000047784 ) ) ;
#2201 = CARTESIAN_POINT ( 'NONE',  ( -38.98539122623355269, 10.00000000000000000, 26.90152853543659361 ) ) ;
#2202 = CARTESIAN_POINT ( 'NONE',  ( 30.78997066976540253, 10.00000000000000000, 36.14083870392153131 ) ) ;
#2203 = LINE ( 'NONE', #4939, #395 ) ;
#2204 = CC_DESIGN_PERSON_AND_ORGANIZATION_ASSIGNMENT ( #5027, #852, ( #1717 ) ) ;
#2205 = EDGE_CURVE ( 'NONE', #6157, #6124, #6706, .T. ) ;
#2206 = CARTESIAN_POINT ( 'NONE',  ( 37.65319715645428289, 10.00000000000000000, 29.48977352686276632 ) ) ;
#2207 = CARTESIAN_POINT ( 'NONE',  ( 43.37048054962436083, 10.00000000000000000, -22.80168480192262592 ) ) ;
#2208 = DIRECTION ( 'NONE',  ( -0.000000000000000000, 1.000000000000000000, -0.000000000000000000 ) ) ;
#2209 = ORIENTED_EDGE ( 'NONE', *, *, #4236, .T. ) ;
#2210 = CARTESIAN_POINT ( 'NONE',  ( -33.27739363086706703, 0.000000000000000000, 34.44930059890297969 ) ) ;
#2211 = CARTESIAN_POINT ( 'NONE',  ( -37.81051759091970865, 0.000000000000000000, -31.10533982884220450 ) ) ;
#2212 = CARTESIAN_POINT ( 'NONE',  ( 43.81914253009055216, 3.105155021998484699E-13, 18.14453587810580260 ) ) ;
#2213 = CARTESIAN_POINT ( 'NONE',  ( -19.00000000000000000, -5.000000000000000000, -3.261280134836397337E-13 ) ) ;
#2214 = DIRECTION ( 'NONE',  ( 0.000000000000000000, 0.000000000000000000, 1.000000000000000000 ) ) ;
#2215 = AXIS2_PLACEMENT_3D ( 'NONE', #6676, #5616, #3873 ) ;
#2216 = ORIENTED_EDGE ( 'NONE', *, *, #4118, .F. ) ;
#2217 = CARTESIAN_POINT ( 'NONE',  ( 28.39375601511100555, 2.758210326803123280E-13, -38.86548078583254551 ) ) ;
#2218 = CARTESIAN_POINT ( 'NONE',  ( -24.32017664412100899, 2.758210326803123280E-13, -40.42943719114787626 ) ) ;
#2219 = CARTESIAN_POINT ( 'NONE',  ( 6.199796286080736962, 0.000000000000000000, 48.31315845756013516 ) ) ;
#2220 = CARTESIAN_POINT ( 'NONE',  ( 19.28701064628022976, 0.000000000000000000, -44.71769888560690731 ) ) ;
#2221 = CARTESIAN_POINT ( 'NONE',  ( 25.98076211353339815, 1.500000000000000000, -11.49999999999958078 ) ) ;
#2222 = CARTESIAN_POINT ( 'NONE',  ( -46.69386976621652252, 2.758210326803123280E-13, -8.594477431465724848 ) ) ;
#2223 = CARTESIAN_POINT ( 'NONE',  ( 46.47266627691736574, 2.758210326803123280E-13, -11.59441795637283690 ) ) ;
#2224 = CARTESIAN_POINT ( 'NONE',  ( -23.64884737586219643, 10.00000000000000000, 40.61141378183859274 ) ) ;
#2225 = CARTESIAN_POINT ( 'NONE',  ( -2.125719055087036327E-13, 3.999999999999974243, 23.47499999999999432 ) ) ;
#2226 = CARTESIAN_POINT ( 'NONE',  ( -37.64166828669946341, 10.00000000000000000, -31.37676539785092089 ) ) ;
#2227 = CARTESIAN_POINT ( 'NONE',  ( 39.61256526104482134, 0.000000000000000000, 26.47368447858744389 ) ) ;
#2228 = CARTESIAN_POINT ( 'NONE',  ( 42.75452417892332591, 0.000000000000000000, -20.00995187191900726 ) ) ;
#2229 = CARTESIAN_POINT ( 'NONE',  ( -34.97068948072989514, 10.00000000000000000, -32.03734045066855174 ) ) ;
#2230 = CARTESIAN_POINT ( 'NONE',  ( 46.99999999999995026, 10.00000000000000000, -4.499326357735672210E-12 ) ) ;
#2231 = CARTESIAN_POINT ( 'NONE',  ( -3.348378960438426422, 3.105155021998484699E-13, 47.77999156802875547 ) ) ;
#2232 = CARTESIAN_POINT ( 'NONE',  ( -46.06605038842406685, 3.105155021998484699E-13, 14.76835635906406807 ) ) ;
#2233 = CARTESIAN_POINT ( 'NONE',  ( -9.502749607612642535, 10.00000000000000000, 47.81401925504493988 ) ) ;
#2234 = CARTESIAN_POINT ( 'NONE',  ( 7.096471593392148058, 10.00000000000000000, -46.82209335687473128 ) ) ;
#2235 = CARTESIAN_POINT ( 'NONE',  ( 16.21901918100986961, 2.758210326803123280E-13, -44.91056042021516248 ) ) ;
#2236 = CARTESIAN_POINT ( 'NONE',  ( 0.000000000000000000, 1.500000000000000000, -30.00000000000000000 ) ) ;
#2237 = CARTESIAN_POINT ( 'NONE',  ( -37.68019582137012691, 10.00000000000000000, 29.24677134222053709 ) ) ;
#2238 = CARTESIAN_POINT ( 'NONE',  ( 17.61835056714791747, 3.105155021998484699E-13, 45.60566623168478628 ) ) ;
#2239 = FACE_OUTER_BOUND ( 'NONE', #4361, .T. ) ;
#2240 = CARTESIAN_POINT ( 'NONE',  ( 37.00088651706984422, 10.00000000000000000, 29.55677135506987341 ) ) ;
#2241 = CARTESIAN_POINT ( 'NONE',  ( 42.81119672079082505, 10.00000000000000000, -23.61110974964584130 ) ) ;
#2242 = LINE ( 'NONE', #3317, #2255 ) ;
#2243 = EDGE_LOOP ( 'NONE', ( #2774, #2647, #4104, #6999 ) ) ;
#2244 = CARTESIAN_POINT ( 'NONE',  ( 38.49040888289671614, 10.00000000000000000, -29.60139600630218482 ) ) ;
#2245 = CARTESIAN_POINT ( 'NONE',  ( -33.26016418703791544, 0.000000000000000000, 35.83937504408631725 ) ) ;
#2246 = CARTESIAN_POINT ( 'NONE',  ( -42.00270222772229545, 0.000000000000000000, -21.42836741096749265 ) ) ;
#2247 = CARTESIAN_POINT ( 'NONE',  ( 39.67059509895138092, 3.105155021998484699E-13, 26.66088038512415181 ) ) ;
#2248 = AXIS2_PLACEMENT_3D ( 'NONE', #3839, #3285, #7082 ) ;
#2249 = DIRECTION ( 'NONE',  ( 6.921318121929023035E-16, 1.000000000000000000, -1.707850311244371750E-16 ) ) ;
#2250 = CARTESIAN_POINT ( 'NONE',  ( 17.96896004864708729, 0.5000000000000307532, 33.65250944612657946 ) ) ;
#2251 = EDGE_LOOP ( 'NONE', ( #3365, #6641 ) ) ;
#2252 = CARTESIAN_POINT ( 'NONE',  ( 25.40479977788373134, 10.00000000000000000, -40.37037995091471743 ) ) ;
#2253 = CARTESIAN_POINT ( 'NONE',  ( 42.98576811698977451, 2.758210326803123280E-13, -20.86244430913494341 ) ) ;
#2254 = CARTESIAN_POINT ( 'NONE',  ( 18.84111122043042386, 0.000000000000000000, 45.17269837894510687 ) ) ;
#2255 = VECTOR ( 'NONE', #4536, 1000.000000000000114 ) ;
#2256 = CARTESIAN_POINT ( 'NONE',  ( -1.079191094075877100, 0.000000000000000000, -48.90950489401544132 ) ) ;
#2257 = CARTESIAN_POINT ( 'NONE',  ( -49.00000000000002132, 10.00000000000000000, -3.310762503199712476E-10 ) ) ;
#2258 = CARTESIAN_POINT ( 'NONE',  ( 46.99151132232189809, 10.00000000000000000, -11.51396662814373251 ) ) ;
#2259 = CARTESIAN_POINT ( 'NONE',  ( -24.32017664441217875, 3.105155021998484699E-13, 40.42943719064114561 ) ) ;
#2260 = CARTESIAN_POINT ( 'NONE',  ( -25.98076211353329867, 1.500000000000000000, 8.474999999999763389 ) ) ;
#2261 = CIRCLE ( 'NONE', #7086, 6.524999999999999467 ) ;
#2262 = CARTESIAN_POINT ( 'NONE',  ( -37.93823880491556366, 10.00000000000000000, -30.81290142243961583 ) ) ;
#2263 = CARTESIAN_POINT ( 'NONE',  ( -17.95805789152745646, 2.758210326803123280E-13, -43.44286953885498548 ) ) ;
#2264 = ORIENTED_EDGE ( 'NONE', *, *, #5517, .F. ) ;
#2265 = CARTESIAN_POINT ( 'NONE',  ( 41.93074063585570599, 0.000000000000000000, 24.02215402624328533 ) ) ;
#2266 = CARTESIAN_POINT ( 'NONE',  ( 46.18891600167901146, 0.000000000000000000, -15.97901472148825341 ) ) ;
#2267 = VECTOR ( 'NONE', #3243, 1000.000000000000000 ) ;
#2268 = CARTESIAN_POINT ( 'NONE',  ( -41.68120872562597867, 2.758210326803123280E-13, -21.73595169722976550 ) ) ;
#2269 = CARTESIAN_POINT ( 'NONE',  ( 0.000000000000000000, 3.999999999999985345, 0.000000000000000000 ) ) ;
#2270 = CARTESIAN_POINT ( 'NONE',  ( 0.2609790347150823253, 10.00000000000000000, 47.57974350968807897 ) ) ;
#2271 = CARTESIAN_POINT ( 'NONE',  ( -43.51090059704131363, 10.00000000000000000, 21.01927078807506888 ) ) ;
#2272 = CARTESIAN_POINT ( 'NONE',  ( -33.34450281336444277, 10.00000000000000000, 34.71131097299122104 ) ) ;
#2273 = EDGE_CURVE ( 'NONE', #5952, #5097, #6615, .T. ) ;
#2274 = CARTESIAN_POINT ( 'NONE',  ( 4.238307288771285819, 10.00000000000000000, -48.64906681028863744 ) ) ;
#2275 = CARTESIAN_POINT ( 'NONE',  ( 13.15008245762654759, 10.00000000000000000, -46.30110724291195368 ) ) ;
#2276 = CIRCLE ( 'NONE', #2508, 3.499999999999999556 ) ;
#2277 = DIRECTION ( 'NONE',  ( 0.000000000000000000, 0.000000000000000000, 1.000000000000000000 ) ) ;
#2278 = CARTESIAN_POINT ( 'NONE',  ( -41.25207003528343108, 10.00000000000000000, 23.10236605979004310 ) ) ;
#2279 = CARTESIAN_POINT ( 'NONE',  ( 23.45473061529353132, 10.00000000000000000, 42.73591345920117135 ) ) ;
#2280 = CARTESIAN_POINT ( 'NONE',  ( 47.05522970341394284, 0.000000000000000000, -0.5483646429927174770 ) ) ;
#2281 = CARTESIAN_POINT ( 'NONE',  ( 17.94978839377248647, 10.00000000000000000, 45.56177932268646913 ) ) ;
#2282 = CARTESIAN_POINT ( 'NONE',  ( 45.09766806950922557, 10.00000000000000000, -13.82349709879498789 ) ) ;
#2283 = DIRECTION ( 'NONE',  ( -0.5882408128980343154, 1.131628944854788065E-15, 0.8086858141707815584 ) ) ;
#2284 = ORIENTED_EDGE ( 'NONE', *, *, #2069, .F. ) ;
#2285 = CARTESIAN_POINT ( 'NONE',  ( 37.00088651728266598, 10.00000000000000000, -29.55677135513501952 ) ) ;
#2286 = CARTESIAN_POINT ( 'NONE',  ( -40.68918230802425029, 0.000000000000000000, 26.75914453698337425 ) ) ;
#2287 = CARTESIAN_POINT ( 'NONE',  ( -39.56029081510322243, 0.000000000000000000, -26.79554503619569061 ) ) ;
#2288 = CARTESIAN_POINT ( 'NONE',  ( 40.98477501304218862, 10.00000000000000000, 24.03147806767870520 ) ) ;
#2289 = CARTESIAN_POINT ( 'NONE',  ( -37.68019582137012691, 3.105155021998484699E-13, 29.24677134222053709 ) ) ;
#2290 = CARTESIAN_POINT ( 'NONE',  ( 0.000000000000000000, 4.000000000000029310, -30.00000000000000000 ) ) ;
#2291 = CARTESIAN_POINT ( 'NONE',  ( 0.000000000000000000, 3.999999999999985345, 0.000000000000000000 ) ) ;
#2292 = DIRECTION ( 'NONE',  ( -0.000000000000000000, 1.000000000000000000, -0.000000000000000000 ) ) ;
#2293 = CARTESIAN_POINT ( 'NONE',  ( 28.14737955458677021, 10.00000000000000000, -38.75389351862006038 ) ) ;
#2294 = CARTESIAN_POINT ( 'NONE',  ( 43.32333055686369505, 2.758210326803123280E-13, -21.30485502515950813 ) ) ;
#2295 = CARTESIAN_POINT ( 'NONE',  ( -9.701618094600064524, 0.000000000000000000, 47.61329664848133802 ) ) ;
#2296 = CARTESIAN_POINT ( 'NONE',  ( -8.666594791079395677, 0.000000000000000000, -48.23159475873613644 ) ) ;
#2297 = CARTESIAN_POINT ( 'NONE',  ( 46.50200907402340533, 10.00000000000000000, 6.786246342412955990 ) ) ;
#2298 = CARTESIAN_POINT ( 'NONE',  ( -47.63553300534552193, 10.00000000000000000, -4.999436368684140319 ) ) ;
#2299 = CARTESIAN_POINT ( 'NONE',  ( 45.96777246656121463, 2.758210326803123280E-13, -15.15830727928424615 ) ) ;
#2300 = CARTESIAN_POINT ( 'NONE',  ( -21.96948000173770765, 3.105155021998484699E-13, 43.73324238589106017 ) ) ;
#2301 = DIRECTION ( 'NONE',  ( 0.000000000000000000, 1.000000000000000000, -0.000000000000000000 ) ) ;
#2302 = CC_DESIGN_DATE_AND_TIME_ASSIGNMENT ( #2729, #4428, ( #1526 ) ) ;
#2303 = ADVANCED_FACE ( 'NONE', ( #1687 ), #85, .F. ) ;
#2304 = CARTESIAN_POINT ( 'NONE',  ( -42.73316591939344278, 10.00000000000000000, -21.06864559344165144 ) ) ;
#2305 = CARTESIAN_POINT ( 'NONE',  ( -14.60332226204491057, 10.00000000000000000, -46.71512741829710791 ) ) ;
#2306 = EDGE_LOOP ( 'NONE', ( #3767, #1354 ) ) ;
#2307 = CARTESIAN_POINT ( 'NONE',  ( 39.88625831933374855, 0.000000000000000000, -28.39642949162978169 ) ) ;
#2308 = CARTESIAN_POINT ( 'NONE',  ( -41.41186500487701494, 10.00000000000000000, -23.77125310610893294 ) ) ;
#2309 = CARTESIAN_POINT ( 'NONE',  ( 17.73542027622000106, 0.5000000000000299760, 32.87262345473227754 ) ) ;
#2310 = CARTESIAN_POINT ( 'NONE',  ( 1.818707001262796386, 10.00000000000000000, 46.95055821495476067 ) ) ;
#2311 = CARTESIAN_POINT ( 'NONE',  ( -44.39459263277777978, 3.105155021998484699E-13, 15.60716637409060503 ) ) ;
#2312 = PRODUCT_DEFINITION_SHAPE ( 'NONE', 'NONE',  #2749 ) ;
#2313 = CARTESIAN_POINT ( 'NONE',  ( -24.32017664441217875, 10.00000000000000000, 40.42943719064114561 ) ) ;
#2314 = CARTESIAN_POINT ( 'NONE',  ( -3.348378960094291923, 10.00000000000000000, -47.77999156838442474 ) ) ;
#2315 = CARTESIAN_POINT ( 'NONE',  ( 9.025808622236366929, 2.758210326803123280E-13, -46.30923408906516414 ) ) ;
#2316 = DIRECTION ( 'NONE',  ( 0.000000000000000000, 0.000000000000000000, 1.000000000000000000 ) ) ;
#2317 = EDGE_CURVE ( 'NONE', #6939, #2799, #6851, .T. ) ;
#2318 = CARTESIAN_POINT ( 'NONE',  ( -44.88076518838657591, 10.00000000000000000, 18.53297485506226394 ) ) ;
#2319 = CARTESIAN_POINT ( 'NONE',  ( 17.94978839377248647, 10.00000000000000000, 45.56177932268646913 ) ) ;
#2320 = CARTESIAN_POINT ( 'NONE',  ( 13.39376134471409685, 10.00000000000000000, 45.61081825733354123 ) ) ;
#2321 = CARTESIAN_POINT ( 'NONE',  ( 45.84327328043521987, 10.00000000000000000, -17.19219884981356827 ) ) ;
#2322 = CARTESIAN_POINT ( 'NONE',  ( 19.00000000000000000, 5.000000000000000000, 2.012279232133096230E-13 ) ) ;
#2323 = VERTEX_POINT ( 'NONE', #1062 ) ;
#2324 = CARTESIAN_POINT ( 'NONE',  ( 39.83533076715598042, 2.758210326803123280E-13, -27.01599365183455603 ) ) ;
#2325 = CARTESIAN_POINT ( 'NONE',  ( -44.70801936880577898, 0.000000000000000000, 20.07285128571200161 ) ) ;
#2326 = CARTESIAN_POINT ( 'NONE',  ( -39.84587845282160856, 0.000000000000000000, -26.78375227041117412 ) ) ;
#2327 = CARTESIAN_POINT ( 'NONE',  ( 37.32867823438972721, 10.00000000000000000, 29.49145376574502464 ) ) ;
#2328 = DATE_TIME_ROLE ( 'classification_date' ) ;
#2329 = CARTESIAN_POINT ( 'NONE',  ( -35.34556598235437974, 10.00000000000000000, 32.02908669473996639 ) ) ;
#2330 = CARTESIAN_POINT ( 'NONE',  ( 45.23344692437991199, 10.00000000000000000, 12.69171918332886229 ) ) ;
#2331 = DIRECTION ( 'NONE',  ( 0.000000000000000000, 0.000000000000000000, 1.000000000000000000 ) ) ;
#2332 = ORIENTED_EDGE ( 'NONE', *, *, #4059, .F. ) ;
#2333 = CARTESIAN_POINT ( 'NONE',  ( 30.79779147608912737, 2.758210326803123280E-13, -36.76856092968582601 ) ) ;
#2334 = CARTESIAN_POINT ( 'NONE',  ( 3.698543797383589737, 0.000000000000000000, 48.36676328086463172 ) ) ;
#2335 = CARTESIAN_POINT ( 'NONE',  ( -7.168168958812480618, 0.000000000000000000, -48.06001250006624304 ) ) ;
#2336 = CARTESIAN_POINT ( 'NONE',  ( 47.09184339535735830, 10.00000000000000000, 5.407811128164377479 ) ) ;
#2337 = CARTESIAN_POINT ( 'NONE',  ( -48.57461215929977527, 10.00000000000000000, -1.282795168101966921 ) ) ;
#2338 = CARTESIAN_POINT ( 'NONE',  ( -22.34997608241848610, 10.00000000000000000, 43.27906376181594794 ) ) ;
#2339 = CARTESIAN_POINT ( 'NONE',  ( -25.98076211353329867, 1.500000000000000000, 14.99999999999976374 ) ) ;
#2340 = CARTESIAN_POINT ( 'NONE',  ( -44.10101440070904744, 0.000000000000000000, 16.23747025686098056 ) ) ;
#2341 = CARTESIAN_POINT ( 'NONE',  ( -42.00270222772229545, 10.00000000000000000, -21.42836741096749265 ) ) ;
#2342 = CARTESIAN_POINT ( 'NONE',  ( 35.80442075015090353, 0.000000000000000000, -33.02487383575729041 ) ) ;
#2343 = CARTESIAN_POINT ( 'NONE',  ( -42.73316591939344278, 10.00000000000000000, -21.06864559344165144 ) ) ;
#2344 = CARTESIAN_POINT ( 'NONE',  ( -3.231370336853427894, 3.105155021998484699E-13, 48.02384020727905778 ) ) ;
#2345 = CARTESIAN_POINT ( 'NONE',  ( -44.36549163220843184, 3.105155021998484699E-13, 17.86373836095681256 ) ) ;
#2346 = CARTESIAN_POINT ( 'NONE',  ( -28.20116912971579737, 10.00000000000000000, 39.62164887822070369 ) ) ;
#2347 = CARTESIAN_POINT ( 'NONE',  ( -10.25976536010639073, 10.00000000000000000, -46.30419688410594148 ) ) ;
#2348 = CARTESIAN_POINT ( 'NONE',  ( 5.324552022540062879, 10.00000000000000000, -48.71455882895549649 ) ) ;
#2349 = CARTESIAN_POINT ( 'NONE',  ( 46.73312850809739416, 0.000000000000000000, 11.52153102620461844 ) ) ;
#2350 = CARTESIAN_POINT ( 'NONE',  ( -41.40346119679664838, 10.00000000000000000, 22.19282339070225518 ) ) ;
#2351 = CARTESIAN_POINT ( 'NONE',  ( 25.11164975861549920, 3.105155021998484699E-13, 41.93029834453387394 ) ) ;
#2352 = CARTESIAN_POINT ( 'NONE',  ( 24.64011210062604462, 10.00000000000000000, 42.35872378970179852 ) ) ;
#2353 = EDGE_CURVE ( 'NONE', #4160, #3401, #2261, .T. ) ;
#2354 = CARTESIAN_POINT ( 'NONE',  ( 37.96953194820320476, 10.00000000000000000, -29.51514361703916123 ) ) ;
#2355 = DIRECTION ( 'NONE',  ( 0.000000000000000000, 0.7071067811865503483, 0.7071067811865446862 ) ) ;
#2356 = ORIENTED_EDGE ( 'NONE', *, *, #5058, .F. ) ;
#2357 = CARTESIAN_POINT ( 'NONE',  ( 39.61256526123549548, 2.758210326803123280E-13, -26.47368447863380325 ) ) ;
#2358 = CARTESIAN_POINT ( 'NONE',  ( -41.75264547491183720, 0.000000000000000000, -25.58881073470873346 ) ) ;
#2359 = CARTESIAN_POINT ( 'NONE',  ( 39.55886165367351737, 3.105155021998484699E-13, 25.66122345097295465 ) ) ;
#2360 = CARTESIAN_POINT ( 'NONE',  ( -35.62549330700020533, 3.105155021998484699E-13, 32.06036333918111580 ) ) ;
#2361 = CARTESIAN_POINT ( 'NONE',  ( 47.01651976824830115, 10.00000000000000000, 8.150104650336842838 ) ) ;
#2362 = CARTESIAN_POINT ( 'NONE',  ( -25.98076211353329867, 5.000000000000000000, 22.52499999999978186 ) ) ;
#2363 = ORIENTED_EDGE ( 'NONE', *, *, #5477, .T. ) ;
#2364 = CARTESIAN_POINT ( 'NONE',  ( 29.85649611602950060, 10.00000000000000000, -38.83056500841107805 ) ) ;
#2365 = CARTESIAN_POINT ( 'NONE',  ( -8.666594791426808442, 0.000000000000000000, 48.23159475834217602 ) ) ;
#2366 = CARTESIAN_POINT ( 'NONE',  ( -9.952330259017823977, 0.000000000000000000, -46.88277020341504908 ) ) ;
#2367 = CARTESIAN_POINT ( 'NONE',  ( 46.54892818206474203, 3.105155021998484699E-13, 7.223747721253187315 ) ) ;
#2368 = CARTESIAN_POINT ( 'NONE',  ( -47.10587011743552921, 2.758210326803123280E-13, -2.434371989999588148 ) ) ;
#2369 = CARTESIAN_POINT ( 'NONE',  ( -33.23888001644543522, 3.105155021998484699E-13, 34.16152856351047973 ) ) ;
#2370 = CARTESIAN_POINT ( 'NONE',  ( 9.499999999999793943, 0.000000000000000000, 15.55448267190445577 ) ) ;
#2371 = CARTESIAN_POINT ( 'NONE',  ( -46.90313647495211313, 0.000000000000000000, 2.927686506766195240 ) ) ;
#2372 = CARTESIAN_POINT ( 'NONE',  ( -40.68918230783149426, 10.00000000000000000, -26.75914453760809408 ) ) ;
#2373 = CARTESIAN_POINT ( 'NONE',  ( -16.44346210292139432, 10.00000000000000000, -44.82887006714345546 ) ) ;
#2374 = AXIS2_PLACEMENT_3D ( 'NONE', #412, #3103, #2091 ) ;
#2375 = CARTESIAN_POINT ( 'NONE',  ( 37.00088651706984422, 0.000000000000000000, 29.55677135506987341 ) ) ;
#2376 = CARTESIAN_POINT ( 'NONE',  ( 37.32867823460211554, 0.000000000000000000, -29.49145376580781530 ) ) ;
#2377 = CARTESIAN_POINT ( 'NONE',  ( -43.31420226909370541, 10.00000000000000000, -20.99041119118722776 ) ) ;
#2378 = CARTESIAN_POINT ( 'NONE',  ( -14.60332226238138276, 10.00000000000000000, 46.71512741786035861 ) ) ;
#2379 = VECTOR ( 'NONE', #2683, 1000.000000000000000 ) ;
#2380 = CARTESIAN_POINT ( 'NONE',  ( -48.35385230337063689, 10.00000000000000000, 7.430222859907662070 ) ) ;
#2381 = CARTESIAN_POINT ( 'NONE',  ( -22.56135536630490535, 10.00000000000000000, 41.88270893765066916 ) ) ;
#2382 = CARTESIAN_POINT ( 'NONE',  ( -13.96927544748932526, 10.00000000000000000, -46.65319621144183770 ) ) ;
#2383 = CARTESIAN_POINT ( 'NONE',  ( 6.390356373669691337, 2.758210326803123280E-13, -48.13437006803174967 ) ) ;
#2384 = AXIS2_PLACEMENT_3D ( 'NONE', #2236, #3423, #4491 ) ;
#2385 = ORIENTED_EDGE ( 'NONE', *, *, #2163, .F. ) ;
#2386 = CARTESIAN_POINT ( 'NONE',  ( -46.85395203710152856, 10.00000000000000000, 3.462104312256067740 ) ) ;
#2387 = CARTESIAN_POINT ( 'NONE',  ( 19.09554366350469579, 3.105155021998484699E-13, 44.95965823774544390 ) ) ;
#2388 = AXIS2_PLACEMENT_3D ( 'NONE', #2584, #4766, #2624 ) ;
#2389 = CARTESIAN_POINT ( 'NONE',  ( 21.90432779135733199, 10.00000000000000000, 42.06592276779085893 ) ) ;
#2390 = CARTESIAN_POINT ( 'NONE',  ( 36.11256893305135662, 10.00000000000000000, -30.07386367982124398 ) ) ;
#2391 = ADVANCED_FACE ( 'NONE', ( #49 ), #5679, .F. ) ;
#2392 = DIRECTION ( 'NONE',  ( -0.000000000000000000, -1.000000000000000000, -0.000000000000000000 ) ) ;
#2393 = ORIENTED_EDGE ( 'NONE', *, *, #2812, .F. ) ;
#2394 = CARTESIAN_POINT ( 'NONE',  ( -44.36549163207975965, 0.000000000000000000, -17.86373836160798945 ) ) ;
#2395 = CARTESIAN_POINT ( 'NONE',  ( -29.12806626575416402, 10.00000000000000000, -36.87879801421694026 ) ) ;
#2396 = CARTESIAN_POINT ( 'NONE',  ( 39.83533076696142672, 10.00000000000000000, 27.01599365178982737 ) ) ;
#2397 = APPROVAL_STATUS ( 'not_yet_approved' ) ;
#2398 = CARTESIAN_POINT ( 'NONE',  ( 48.77209273863802963, 10.00000000000000000, 2.531838819621492487 ) ) ;
#2399 = CARTESIAN_POINT ( 'NONE',  ( 5.204748896376252474E-15, 10.00000000000000000, 42.50000000000000711 ) ) ;
#2400 = CARTESIAN_POINT ( 'NONE',  ( 19.45768270955788282, 10.00000000000000000, -43.89147979887606965 ) ) ;
#2401 = CARTESIAN_POINT ( 'NONE',  ( 43.32333055686369505, 10.00000000000000000, -21.30485502515950813 ) ) ;
#2402 = CARTESIAN_POINT ( 'NONE',  ( 4.045410638147467708, 0.000000000000000000, 48.57583986836085188 ) ) ;
#2403 = CARTESIAN_POINT ( 'NONE',  ( -9.502749607268279775, 0.000000000000000000, -47.81401925544493992 ) ) ;
#2404 = CARTESIAN_POINT ( 'NONE',  ( 48.77209273863802963, 10.00000000000000000, 2.531838819621492487 ) ) ;
#2405 = EDGE_CURVE ( 'NONE', #3124, #176, #4146, .T. ) ;
#2406 = CARTESIAN_POINT ( 'NONE',  ( -48.51587056971138168, 10.00000000000000000, -6.075331518999544045 ) ) ;
#2407 = DIRECTION ( 'NONE',  ( -0.000000000000000000, -1.000000000000000000, 0.000000000000000000 ) ) ;
#2408 = DIRECTION ( 'NONE',  ( 0.000000000000000000, 0.000000000000000000, 1.000000000000000000 ) ) ;
#2409 = ORIENTED_EDGE ( 'NONE', *, *, #4604, .F. ) ;
#2410 = VECTOR ( 'NONE', #3407, 1000.000000000000114 ) ;
#2411 = CARTESIAN_POINT ( 'NONE',  ( -47.14519657993881907, 10.00000000000000000, -13.37863006744421668 ) ) ;
#2412 = ORIENTED_EDGE ( 'NONE', *, *, #2614, .T. ) ;
#2413 = CARTESIAN_POINT ( 'NONE',  ( 35.83547300738513286, 0.000000000000000000, 32.76542501791433182 ) ) ;
#2414 = CARTESIAN_POINT ( 'NONE',  ( 43.03688288619667190, 0.000000000000000000, -23.36444628938418688 ) ) ;
#2415 = CARTESIAN_POINT ( 'NONE',  ( -41.88715047113275602, 10.00000000000000000, -24.94795369287547615 ) ) ;
#2416 = CARTESIAN_POINT ( 'NONE',  ( -9.701618094600064524, 10.00000000000000000, 47.61329664848133802 ) ) ;
#2417 = CARTESIAN_POINT ( 'NONE',  ( -46.34903428460037134, 3.105155021998484699E-13, 11.42441798739537973 ) ) ;
#2418 = CARTESIAN_POINT ( 'NONE',  ( 2.851720363334504960, 10.00000000000000000, -47.31545203932684274 ) ) ;
#2419 = CARTESIAN_POINT ( 'NONE',  ( 9.638685458078610324, 2.758210326803123280E-13, -46.58617613187983153 ) ) ;
#2420 = CARTESIAN_POINT ( 'NONE',  ( 45.43748171300844518, 0.000000000000000000, 17.66119879895233780 ) ) ;
#2421 = CARTESIAN_POINT ( 'NONE',  ( -44.10101440070904744, 10.00000000000000000, 16.23747025686098056 ) ) ;
#2422 = CARTESIAN_POINT ( 'NONE',  ( 9.638685457743054741, 10.00000000000000000, 46.58617613161766968 ) ) ;
#2423 = CARTESIAN_POINT ( 'NONE',  ( 15.58804164092392597, 10.00000000000000000, 44.63704192800481252 ) ) ;
#2424 = CARTESIAN_POINT ( 'NONE',  ( 41.61168374977568618, 10.00000000000000000, -23.93017586745293457 ) ) ;
#2425 = FACE_BOUND ( 'NONE', #2306, .T. ) ;
#2426 = ORIENTED_EDGE ( 'NONE', *, *, #2941, .F. ) ;
#2427 = CARTESIAN_POINT ( 'NONE',  ( -46.50258969458614189, 0.000000000000000000, -14.49509937365894707 ) ) ;
#2428 = CARTESIAN_POINT ( 'NONE',  ( -30.86198350449595296, 2.758210326803123280E-13, -36.71469742232581979 ) ) ;
#2429 = CARTESIAN_POINT ( 'NONE',  ( 36.11256893283469083, 10.00000000000000000, 30.07386367974973496 ) ) ;
#2430 = ADVANCED_FACE ( 'NONE', ( #4647 ), #5238, .F. ) ;
#2431 = CARTESIAN_POINT ( 'NONE',  ( -38.01378767782049550, 10.00000000000000000, 30.51941404773861422 ) ) ;
#2432 = CARTESIAN_POINT ( 'NONE',  ( 46.65782213712241600, 10.00000000000000000, 7.580822739802151489 ) ) ;
#2433 = LINE ( 'NONE', #6966, #1546 ) ;
#2434 = CARTESIAN_POINT ( 'NONE',  ( 22.72911707020477579, 2.758210326803123280E-13, -42.46051250441237812 ) ) ;
#2435 = CARTESIAN_POINT ( 'NONE',  ( -7.715636491310879919, 0.000000000000000000, 48.26192936873041361 ) ) ;
#2436 = CARTESIAN_POINT ( 'NONE',  ( -23.34609233029299347, 0.000000000000000000, -40.78620948678899083 ) ) ;
#2437 = CARTESIAN_POINT ( 'NONE',  ( 48.85883658863325252, 10.00000000000000000, 2.840538227089084877 ) ) ;
#2438 = DIRECTION ( 'NONE',  ( 0.000000000000000000, 0.000000000000000000, 1.000000000000000000 ) ) ;
#2439 = LINE ( 'NONE', #1334, #6981 ) ;
#2440 = DIRECTION ( 'NONE',  ( 0.000000000000000000, 0.000000000000000000, 1.000000000000000000 ) ) ;
#2441 = ORIENTED_EDGE ( 'NONE', *, *, #1615, .F. ) ;
#2442 = CARTESIAN_POINT ( 'NONE',  ( -42.54723761386655667, 10.00000000000000000, -21.13044767255253120 ) ) ;
#2443 = ORIENTED_EDGE ( 'NONE', *, *, #6100, .F. ) ;
#2444 = CARTESIAN_POINT ( 'NONE',  ( 34.56643311945816066, 0.000000000000000000, 34.52604948009167174 ) ) ;
#2445 = CARTESIAN_POINT ( 'NONE',  ( 35.52546921106628020, 0.000000000000000000, -31.64043456674146881 ) ) ;
#2446 = CARTESIAN_POINT ( 'NONE',  ( -44.94078716842351184, 2.758210326803123280E-13, -19.37988316404937095 ) ) ;
#2447 = CARTESIAN_POINT ( 'NONE',  ( -12.84417367610372551, 10.00000000000000000, 45.79109786995854137 ) ) ;
#2448 = CARTESIAN_POINT ( 'NONE',  ( -45.91785491656715124, 10.00000000000000000, 10.35711534448367921 ) ) ;
#2449 = CARTESIAN_POINT ( 'NONE',  ( -6.195896857940245361, 10.00000000000000000, -47.02075252584022280 ) ) ;
#2450 = CARTESIAN_POINT ( 'NONE',  ( 3.864956068115154242, 10.00000000000000000, -48.47930604352037420 ) ) ;
#2451 = CARTESIAN_POINT ( 'NONE',  ( 47.23806058846963651, 0.000000000000000000, 11.36639356205567708 ) ) ;
#2452 = CARTESIAN_POINT ( 'NONE',  ( -40.40192023901066420, 0.000000000000000000, 26.87585679164893193 ) ) ;
#2453 = EDGE_CURVE ( 'NONE', #6410, #3962, #2858, .T. ) ;
#2454 = CARTESIAN_POINT ( 'NONE',  ( -47.85537724537459781, 10.00000000000000000, 5.156957751313574256 ) ) ;
#2455 = CARTESIAN_POINT ( 'NONE',  ( 10.24325350211505636, 3.105155021998484699E-13, 47.27854813166505465 ) ) ;
#2456 = CARTESIAN_POINT ( 'NONE',  ( 7.988445472473713060, 10.00000000000000000, 46.31133393131796794 ) ) ;
#2457 = CARTESIAN_POINT ( 'NONE',  ( 39.95867164683923534, 10.00000000000000000, -27.17191083037187482 ) ) ;
#2458 = LINE ( 'NONE', #4714, #6969 ) ;
#2459 = EDGE_LOOP ( 'NONE', ( #5508, #719 ) ) ;
#2460 = CARTESIAN_POINT ( 'NONE',  ( -46.34903428451813312, 0.000000000000000000, -11.42441798806080477 ) ) ;
#2461 = CARTESIAN_POINT ( 'NONE',  ( -32.26514457273891168, 2.758210326803123280E-13, -36.77313813162741951 ) ) ;
#2462 = CARTESIAN_POINT ( 'NONE',  ( 35.66008208988822048, 3.105155021998484699E-13, 32.26743866802630123 ) ) ;
#2463 = CARTESIAN_POINT ( 'NONE',  ( -40.68918230802425029, 10.00000000000000000, 26.75914453698337425 ) ) ;
#2464 = CARTESIAN_POINT ( 'NONE',  ( 46.99151132223900618, 10.00000000000000000, 11.51396662815057681 ) ) ;
#2465 = LINE ( 'NONE', #2399, #2131 ) ;
#2466 = CARTESIAN_POINT ( 'NONE',  ( 19.72309172798750510, 2.758210326803123280E-13, -43.06451694048760004 ) ) ;
#2467 = CARTESIAN_POINT ( 'NONE',  ( -13.08109660344878300, 0.000000000000000000, 45.95544314647273154 ) ) ;
#2468 = CARTESIAN_POINT ( 'NONE',  ( -22.19333903232032412, 0.000000000000000000, -43.50383015249465046 ) ) ;
#2469 = CARTESIAN_POINT ( 'NONE',  ( 47.93659817301845294, 3.105155021998484699E-13, 9.236994885851581572 ) ) ;
#2470 = LINE ( 'NONE', #1917, #4897 ) ;
#2471 = CARTESIAN_POINT ( 'NONE',  ( 0.000000000000000000, 1.500000000000000000, -30.00000000000000000 ) ) ;
#2472 = CARTESIAN_POINT ( 'NONE',  ( -25.98076211353329867, 3.999999999999973355, 14.99999999999976374 ) ) ;
#2473 = ORIENTED_EDGE ( 'NONE', *, *, #3481, .F. ) ;
#2474 = CARTESIAN_POINT ( 'NONE',  ( -48.46871621117659856, 10.00000000000000000, -7.128898880659186865 ) ) ;
#2475 = CARTESIAN_POINT ( 'NONE',  ( -19.53254084227967624, 10.00000000000000000, -43.80290274801825490 ) ) ;
#2476 = ORIENTED_EDGE ( 'NONE', *, *, #830, .F. ) ;
#2477 = CARTESIAN_POINT ( 'NONE',  ( 33.73411894771607678, 0.000000000000000000, 34.64725733235235339 ) ) ;
#2478 = AXIS2_PLACEMENT_3D ( 'NONE', #4695, #6426, #5867 ) ;
#2479 = CARTESIAN_POINT ( 'NONE',  ( 28.39375601511100555, 0.000000000000000000, -38.86548078583254551 ) ) ;
#2480 = CARTESIAN_POINT ( 'NONE',  ( -44.03837754278066541, 10.00000000000000000, -16.93020044257862722 ) ) ;
#2481 = CARTESIAN_POINT ( 'NONE',  ( -9.952330259355480990, 3.105155021998484699E-13, 46.88277020301190845 ) ) ;
#2482 = CARTESIAN_POINT ( 'NONE',  ( -46.50258969469062009, 3.105155021998484699E-13, 14.49509937299239581 ) ) ;
#2483 = CIRCLE ( 'NONE', #4964, 3.499999999999999556 ) ;
#2484 = CARTESIAN_POINT ( 'NONE',  ( -22.54327751803325697, 10.00000000000000000, -42.80170550950111164 ) ) ;
#2485 = CARTESIAN_POINT ( 'NONE',  ( -0.1479874801812377516, 2.758210326803123280E-13, -48.21897113134239277 ) ) ;
#2486 = CARTESIAN_POINT ( 'NONE',  ( 44.95693045144007982, 0.000000000000000000, 17.93557531665695137 ) ) ;
#2487 = CARTESIAN_POINT ( 'NONE',  ( -39.27315821590496370, 0.000000000000000000, 26.82194037189785618 ) ) ;
#2488 = VECTOR ( 'NONE', #2959, 1000.000000000000000 ) ;
#2489 = CARTESIAN_POINT ( 'NONE',  ( -46.69386976627848185, 10.00000000000000000, 8.594477430797812900 ) ) ;
#2490 = EDGE_CURVE ( 'NONE', #3875, #1405, #1082, .T. ) ;
#2491 = CARTESIAN_POINT ( 'NONE',  ( 16.49437868864007584, 3.105155021998484699E-13, 45.07905301746462357 ) ) ;
#2492 = EDGE_CURVE ( 'NONE', #2133, #6559, #2458, .T. ) ;
#2493 = CARTESIAN_POINT ( 'NONE',  ( 3.498989426192929741, 10.00000000000000000, 48.05621757588074416 ) ) ;
#2494 = CARTESIAN_POINT ( 'NONE',  ( 48.11266214965051802, 0.000000000000000000, 4.857465167293119279 ) ) ;
#2495 = CARTESIAN_POINT ( 'NONE',  ( 39.54432978867784243, 10.00000000000000000, -26.01046299616143997 ) ) ;
#2496 = AXIS2_PLACEMENT_3D ( 'NONE', #1937, #5270, #1282 ) ;
#2497 = CARTESIAN_POINT ( 'NONE',  ( 9.500000000000133227, -5.000000000000000000, -15.55448267190425504 ) ) ;
#2498 = ORIENTED_EDGE ( 'NONE', *, *, #1594, .T. ) ;
#2499 = CARTESIAN_POINT ( 'NONE',  ( -46.69386976621652252, 0.000000000000000000, -8.594477431465724848 ) ) ;
#2500 = CARTESIAN_POINT ( 'NONE',  ( -29.89409614269066040, 2.758210326803123280E-13, -36.61644788641506665 ) ) ;
#2501 = CARTESIAN_POINT ( 'NONE',  ( 33.73411894771607678, 10.00000000000000000, 34.64725733235235339 ) ) ;
#2502 = AXIS2_PLACEMENT_3D ( 'NONE', #3206, #4421, #6556 ) ;
#2503 = CARTESIAN_POINT ( 'NONE',  ( -40.11221095421424820, 3.105155021998484699E-13, 26.86667732586117552 ) ) ;
#2504 = CARTESIAN_POINT ( 'NONE',  ( -28.16252507928322046, 10.00000000000000000, 38.71819953305659823 ) ) ;
#2505 = CARTESIAN_POINT ( 'NONE',  ( 38.23685236781233954, 10.00000000000000000, 29.63323264093219578 ) ) ;
#2506 = DIRECTION ( 'NONE',  ( 0.000000000000000000, 0.000000000000000000, 1.000000000000000000 ) ) ;
#2507 = CARTESIAN_POINT ( 'NONE',  ( 19.45183231380353917, 10.00000000000000000, -44.45506784306330417 ) ) ;
#2508 = AXIS2_PLACEMENT_3D ( 'NONE', #4102, #4592, #1776 ) ;
#2509 = CARTESIAN_POINT ( 'NONE',  ( -26.04487969038131467, 0.000000000000000000, 40.98070861164669054 ) ) ;
#2510 = CARTESIAN_POINT ( 'NONE',  ( -20.53663542222595595, 0.000000000000000000, -44.26616660397868941 ) ) ;
#2511 = CARTESIAN_POINT ( 'NONE',  ( 47.46479847245021944, 3.105155021998484699E-13, 11.15575955012831422 ) ) ;
#2512 = CARTESIAN_POINT ( 'NONE',  ( 17.73542027622000106, 0.5000000000000299760, 32.87262345473227754 ) ) ;
#2513 = CARTESIAN_POINT ( 'NONE',  ( 0.000000000000000000, 4.000000000000029310, -30.00000000000000000 ) ) ;
#2514 = FACE_BOUND ( 'NONE', #4734, .T. ) ;
#2515 = ORIENTED_EDGE ( 'NONE', *, *, #684, .F. ) ;
#2516 = CARTESIAN_POINT ( 'NONE',  ( -28.16252507928322046, 10.00000000000000000, 38.71819953305659823 ) ) ;
#2517 = FACE_BOUND ( 'NONE', #892, .T. ) ;
#2518 = CARTESIAN_POINT ( 'NONE',  ( -19.19283995485551131, 10.00000000000000000, -43.60786845195406869 ) ) ;
#2519 = ORIENTED_EDGE ( 'NONE', *, *, #5659, .F. ) ;
#2520 = CARTESIAN_POINT ( 'NONE',  ( 25.98694789235071312, 0.000000000000000000, 39.15552321652646128 ) ) ;
#2521 = CARTESIAN_POINT ( 'NONE',  ( 30.88106224491607676, 0.000000000000000000, -37.60959895133573383 ) ) ;
#2522 = CARTESIAN_POINT ( 'NONE',  ( -44.22058171022048612, 10.00000000000000000, -15.90896177375730680 ) ) ;
#2523 = CARTESIAN_POINT ( 'NONE',  ( 47.28240673518403980, 2.758210326803123280E-13, -5.240457780494574891 ) ) ;
#2524 = CARTESIAN_POINT ( 'NONE',  ( -10.57080365356085494, 10.00000000000000000, 45.97443897790501666 ) ) ;
#2525 = APPROVAL ( #2397, 'UNSPECIFIED' ) ;
#2526 = EDGE_CURVE ( 'NONE', #820, #4270, #5213, .T. ) ;
#2527 = CARTESIAN_POINT ( 'NONE',  ( -46.71854250030197875, 3.105155021998484699E-13, 11.79070647623763080 ) ) ;
#2528 = CARTESIAN_POINT ( 'NONE',  ( -24.99081225330401068, 10.00000000000000000, -40.48006136511772723 ) ) ;
#2529 = CARTESIAN_POINT ( 'NONE',  ( 2.602921011920423133, 10.00000000000000000, -47.16706221830376933 ) ) ;
#2530 = CARTESIAN_POINT ( 'NONE',  ( -46.21235154911381926, 10.00000000000000000, 9.132568660383977743 ) ) ;
#2531 = CARTESIAN_POINT ( 'NONE',  ( 12.97528474921303854, 3.105155021998484699E-13, 46.84212630530167587 ) ) ;
#2532 = CARTESIAN_POINT ( 'NONE',  ( -3.348378960438426422, 10.00000000000000000, 47.77999156802875547 ) ) ;
#2533 = CARTESIAN_POINT ( 'NONE',  ( 48.33900278724887301, 0.000000000000000000, 1.878659982076978041 ) ) ;
#2534 = CARTESIAN_POINT ( 'NONE',  ( 20.47677587917820219, 10.00000000000000000, -42.28341895311490362 ) ) ;
#2535 = CARTESIAN_POINT ( 'NONE',  ( 0.000000000000000000, 5.000000000000000000, 0.000000000000000000 ) ) ;
#2536 = ORIENTED_EDGE ( 'NONE', *, *, #5237, .F. ) ;
#2537 = CARTESIAN_POINT ( 'NONE',  ( -47.13538552591132458, 0.000000000000000000, -12.41905783142563990 ) ) ;
#2538 = CARTESIAN_POINT ( 'NONE',  ( -31.10802785761272560, 10.00000000000000000, -36.84253340312041303 ) ) ;
#2539 = CARTESIAN_POINT ( 'NONE',  ( 35.52546921083849440, 10.00000000000000000, 31.64043456666574983 ) ) ;
#2540 = CARTESIAN_POINT ( 'NONE',  ( -41.25207003528343108, 10.00000000000000000, 23.10236605979004310 ) ) ;
#2541 = CARTESIAN_POINT ( 'NONE',  ( -28.17957293308438338, 3.105155021998484699E-13, 38.32753649421562869 ) ) ;
#2542 = CARTESIAN_POINT ( 'NONE',  ( 39.97798511483510708, 10.00000000000000000, 28.13588990574455195 ) ) ;
#2543 = CARTESIAN_POINT ( 'NONE',  ( 1.849216666712503340E-15, 3.999999999999985345, 15.09999999999999964 ) ) ;
#2544 = LOCAL_TIME ( 11, 7, 39.00000000000000000, #3249 ) ;
#2545 = CARTESIAN_POINT ( 'NONE',  ( -18.40204756970596378, 0.000000000000000000, 43.41389834571099016 ) ) ;
#2546 = CARTESIAN_POINT ( 'NONE',  ( -25.58491539885082133, 0.000000000000000000, -40.72150743567961939 ) ) ;
#2547 = CARTESIAN_POINT ( 'NONE',  ( 45.23344692437991199, 10.00000000000000000, 12.69171918332886229 ) ) ;
#2548 = CARTESIAN_POINT ( 'NONE',  ( 0.000000000000000000, 2.000000000000000000, -13.10000000000000142 ) ) ;
#2549 = DIRECTION ( 'NONE',  ( -0.000000000000000000, -1.000000000000000000, -0.000000000000000000 ) ) ;
#2550 = LINE ( 'NONE', #4072, #3433 ) ;
#2551 = ORIENTED_EDGE ( 'NONE', *, *, #684, .T. ) ;
#2552 = CARTESIAN_POINT ( 'NONE',  ( -19.36711515934238648, 10.00000000000000000, -43.69752291426866719 ) ) ;
#2553 = EDGE_LOOP ( 'NONE', ( #2764, #4390, #1488, #221 ) ) ;
#2554 = CARTESIAN_POINT ( 'NONE',  ( 31.92845245670919496, 0.000000000000000000, 34.58747117249463798 ) ) ;
#2555 = CARTESIAN_POINT ( 'NONE',  ( 22.72911707020477579, 0.000000000000000000, -42.46051250441237812 ) ) ;
#2556 = CARTESIAN_POINT ( 'NONE',  ( -46.50258969458614189, 10.00000000000000000, -14.49509937365894707 ) ) ;
#2557 = CARTESIAN_POINT ( 'NONE',  ( 46.90244463936873842, 2.758210326803123280E-13, -5.627151524408612104 ) ) ;
#2558 = CARTESIAN_POINT ( 'NONE',  ( -15.81831764452721778, 10.00000000000000000, 46.26082462678538576 ) ) ;
#2559 = CARTESIAN_POINT ( 'NONE',  ( -49.00000000000002842, 3.105155021998484699E-13, -3.531486802060992653E-10 ) ) ;
#2560 = CARTESIAN_POINT ( 'NONE',  ( -28.20116912943040077, 10.00000000000000000, -39.62164887875538710 ) ) ;
#2561 = CARTESIAN_POINT ( 'NONE',  ( 3.313832756261781753, 2.758210326803123280E-13, -47.76238363046505242 ) ) ;
#2562 = EDGE_LOOP ( 'NONE', ( #1320, #6544 ) ) ;
#2563 = FACE_OUTER_BOUND ( 'NONE', #6392, .T. ) ;
#2564 = CARTESIAN_POINT ( 'NONE',  ( 15.94902323054420101, 3.105155021998484699E-13, 44.75368592608378293 ) ) ;
#2565 = VECTOR ( 'NONE', #324, 1000.000000000000000 ) ;
#2566 = CARTESIAN_POINT ( 'NONE',  ( 4.691435564586408091, 10.00000000000000000, 48.74242142696006397 ) ) ;
#2567 = CARTESIAN_POINT ( 'NONE',  ( -25.98076211353298604, 5.000000000000000000, -15.00000000000030020 ) ) ;
#2568 = CARTESIAN_POINT ( 'NONE',  ( 30.86910644795256786, 10.00000000000000000, -35.79831709886952495 ) ) ;
#2569 = DIRECTION ( 'NONE',  ( 0.000000000000000000, 0.000000000000000000, 1.000000000000000000 ) ) ;
#2570 = ORIENTED_EDGE ( 'NONE', *, *, #2672, .T. ) ;
#2571 = CARTESIAN_POINT ( 'NONE',  ( -46.71854250021710442, 0.000000000000000000, -11.79070647690571683 ) ) ;
#2572 = CARTESIAN_POINT ( 'NONE',  ( -34.52033369131090978, 10.00000000000000000, -32.14397765049469768 ) ) ;
#2573 = CARTESIAN_POINT ( 'NONE',  ( 35.66008208988822048, 10.00000000000000000, 32.26743866802630123 ) ) ;
#2574 = CARTESIAN_POINT ( 'NONE',  ( -42.29788661301815011, 10.00000000000000000, 21.24116267528980373 ) ) ;
#2575 = CARTESIAN_POINT ( 'NONE',  ( -33.27739363086706703, 3.105155021998484699E-13, 34.44930059890297969 ) ) ;
#2576 = CARTESIAN_POINT ( 'NONE',  ( 42.86506084893825630, 10.00000000000000000, 20.60058251562332643 ) ) ;
#2577 = CARTESIAN_POINT ( 'NONE',  ( 46.54892818211674665, 10.00000000000000000, -7.223747721249525355 ) ) ;
#2578 = ORIENTED_EDGE ( 'NONE', *, *, #4822, .F. ) ;
#2579 = CARTESIAN_POINT ( 'NONE',  ( -19.98302025257725489, 0.000000000000000000, 44.17308355570857969 ) ) ;
#2580 = CARTESIAN_POINT ( 'NONE',  ( -22.54327751803325697, 0.000000000000000000, -42.80170550950111164 ) ) ;
#2581 = PERSON_AND_ORGANIZATION ( #3204, #5727 ) ;
#2582 = CARTESIAN_POINT ( 'NONE',  ( 47.83125034135041176, 10.00000000000000000, 8.960660099667196121 ) ) ;
#2583 = DIRECTION ( 'NONE',  ( 0.000000000000000000, 1.000000000000000000, -0.000000000000000000 ) ) ;
#2584 = CARTESIAN_POINT ( 'NONE',  ( 9.499999999999793943, 0.000000000000000000, 16.45448267190445790 ) ) ;
#2585 = CARTESIAN_POINT ( 'NONE',  ( 25.98076211353288301, 0.000000000000000000, 18.50000000000047962 ) ) ;
#2586 = ORIENTED_EDGE ( 'NONE', *, *, #1358, .T. ) ;
#2587 = CARTESIAN_POINT ( 'NONE',  ( 32.85192360694673397, 2.758210326803123280E-13, -34.40696876758887157 ) ) ;
#2588 = ORIENTED_EDGE ( 'NONE', *, *, #2082, .T. ) ;
#2589 = CARTESIAN_POINT ( 'NONE',  ( 31.26049057972285539, 0.000000000000000000, 35.08948155852296935 ) ) ;
#2590 = CARTESIAN_POINT ( 'NONE',  ( 28.88027686918722736, 0.000000000000000000, -39.07120267849331441 ) ) ;
#2591 = CARTESIAN_POINT ( 'NONE',  ( -44.51039127662573236, 10.00000000000000000, -20.38323919341038959 ) ) ;
#2592 = CARTESIAN_POINT ( 'NONE',  ( 48.11266214968548383, 2.758210326803123280E-13, -4.857465167278205875 ) ) ;
#2593 = CARTESIAN_POINT ( 'NONE',  ( -21.34571777604569220, 10.00000000000000000, 44.11448322979658343 ) ) ;
#2594 = CARTESIAN_POINT ( 'NONE',  ( -48.95866733249467018, 10.00000000000000000, 0.5030180420591534585 ) ) ;
#2595 = CARTESIAN_POINT ( 'NONE',  ( -19.01068499142009216, 10.00000000000000000, -43.53569918625525759 ) ) ;
#2596 = CARTESIAN_POINT ( 'NONE',  ( -0.04239865865683246915, 10.00000000000000000, -47.96256748033716377 ) ) ;
#2597 = ORIENTED_EDGE ( 'NONE', *, *, #4374, .T. ) ;
#2598 = CARTESIAN_POINT ( 'NONE',  ( 0.000000000000000000, 2.000000000000000000, 0.000000000000000000 ) ) ;
#2599 = DIRECTION ( 'NONE',  ( 0.000000000000000000, 0.000000000000000000, 1.000000000000000000 ) ) ;
#2600 = CARTESIAN_POINT ( 'NONE',  ( 2.602921011580702437, 10.00000000000000000, 47.16706221799088183 ) ) ;
#2601 = AXIS2_PLACEMENT_3D ( 'NONE', #3440, #2848, #3364 ) ;
#2602 = CARTESIAN_POINT ( 'NONE',  ( 5.324552022189197764, 10.00000000000000000, 48.71455882866226261 ) ) ;
#2603 = DIRECTION ( 'NONE',  ( 0.000000000000000000, 0.000000000000000000, 1.000000000000000000 ) ) ;
#2604 = CARTESIAN_POINT ( 'NONE',  ( 30.78413878927731417, 10.00000000000000000, -37.88899995963649303 ) ) ;
#2605 = CARTESIAN_POINT ( 'NONE',  ( 19.00000000000000000, 5.000000000000000000, 2.012279232133096230E-13 ) ) ;
#2606 = ORIENTED_EDGE ( 'NONE', *, *, #2720, .F. ) ;
#2607 = CIRCLE ( 'NONE', #955, 0.9000000000000014655 ) ;
#2608 = CARTESIAN_POINT ( 'NONE',  ( -35.88073939974772486, 2.758210326803123280E-13, -32.12601103825731030 ) ) ;
#2609 = CARTESIAN_POINT ( 'NONE',  ( 26.49275082277663529, 10.00000000000000000, 38.79792018038274648 ) ) ;
#2610 = CARTESIAN_POINT ( 'NONE',  ( -38.70638873910764488, 10.00000000000000000, 27.02152812934768633 ) ) ;
#2611 = CARTESIAN_POINT ( 'NONE',  ( -31.36650230825674512, 3.105155021998484699E-13, 36.97315242616055286 ) ) ;
#2612 = AXIS2_PLACEMENT_3D ( 'NONE', #5782, #3056, #4089 ) ;
#2613 = CC_DESIGN_PERSON_AND_ORGANIZATION_ASSIGNMENT ( #3836, #3141, ( #5547 ) ) ;
#2614 = EDGE_CURVE ( 'NONE', #3669, #986, #5883, .T. ) ;
#2615 = CARTESIAN_POINT ( 'NONE',  ( 40.63327091319732887, 10.00000000000000000, 24.17415757902919182 ) ) ;
#2616 = CARTESIAN_POINT ( 'NONE',  ( 48.27420884676259760, 10.00000000000000000, -4.756445711797379516 ) ) ;
#2617 = ORIENTED_EDGE ( 'NONE', *, *, #3040, .T. ) ;
#2618 = CARTESIAN_POINT ( 'NONE',  ( 42.81119672079082505, 10.00000000000000000, -23.61110974964584130 ) ) ;
#2619 = CARTESIAN_POINT ( 'NONE',  ( -22.56135536630490535, 0.000000000000000000, 41.88270893765066916 ) ) ;
#2620 = AXIS2_PLACEMENT_3D ( 'NONE', #4973, #6184, #2830 ) ;
#2621 = CARTESIAN_POINT ( 'NONE',  ( -28.17957293280831976, 0.000000000000000000, -38.32753649475015578 ) ) ;
#2622 = MECHANICAL_CONTEXT ( 'NONE', #4430, 'mechanical' ) ;
#2623 = CARTESIAN_POINT ( 'NONE',  ( 46.08513344277532298, 10.00000000000000000, 15.40480195492111015 ) ) ;
#2624 = DIRECTION ( 'NONE',  ( 0.000000000000000000, 0.000000000000000000, 1.000000000000000000 ) ) ;
#2625 = DIRECTION ( 'NONE',  ( 0.000000000000000000, 0.000000000000000000, 1.000000000000000000 ) ) ;
#2626 = ORIENTED_EDGE ( 'NONE', *, *, #958, .T. ) ;
#2627 = AXIS2_PLACEMENT_3D ( 'NONE', #6725, #644, #7239 ) ;
#2628 = CARTESIAN_POINT ( 'NONE',  ( 33.06835334231568169, 10.00000000000000000, -34.42723213779179758 ) ) ;
#2629 = CARTESIAN_POINT ( 'NONE',  ( -25.29633491881440932, 10.00000000000000000, -40.58947445160428913 ) ) ;
#2630 = CARTESIAN_POINT ( 'NONE',  ( 28.88027686890584178, 0.000000000000000000, 39.07120267836979366 ) ) ;
#2631 = ADVANCED_FACE ( 'NONE', ( #1319 ), #1795, .F. ) ;
#2632 = ADVANCED_FACE ( 'NONE', ( #6957 ), #700, .F. ) ;
#2633 = CARTESIAN_POINT ( 'NONE',  ( 33.06835334231568169, 0.000000000000000000, -34.42723213779179758 ) ) ;
#2634 = CARTESIAN_POINT ( 'NONE',  ( -45.99848029524338955, 10.00000000000000000, -10.75378807469441966 ) ) ;
#2635 = CARTESIAN_POINT ( 'NONE',  ( 47.01651976830700619, 10.00000000000000000, -8.150104650329822675 ) ) ;
#2636 = CARTESIAN_POINT ( 'NONE',  ( -19.53254084259512879, 10.00000000000000000, 43.80290274754605662 ) ) ;
#2637 = CARTESIAN_POINT ( 'NONE',  ( -47.06317427215724791, 3.105155021998484699E-13, 4.281247490904887876 ) ) ;
#2638 = CARTESIAN_POINT ( 'NONE',  ( -20.35305852459880072, 10.00000000000000000, -44.25574658943811812 ) ) ;
#2639 = CARTESIAN_POINT ( 'NONE',  ( -3.348378960094291923, 2.758210326803123280E-13, -47.77999156838442474 ) ) ;
#2640 = ORIENTED_EDGE ( 'NONE', *, *, #6127, .F. ) ;
#2641 = CARTESIAN_POINT ( 'NONE',  ( -25.98076211353298604, 0.000000000000000000, -11.50000000000030020 ) ) ;
#2642 = CARTESIAN_POINT ( 'NONE',  ( 4.691435564586408091, 10.00000000000000000, 48.74242142696006397 ) ) ;
#2643 = CARTESIAN_POINT ( 'NONE',  ( -17.45161947577955175, 10.00000000000000000, 43.61432089121670685 ) ) ;
#2644 = CARTESIAN_POINT ( 'NONE',  ( 23.75687818108725580, 10.00000000000000000, -42.71247589149013635 ) ) ;
#2645 = CARTESIAN_POINT ( 'NONE',  ( 21.90432779166033939, 10.00000000000000000, -42.06592276796460794 ) ) ;
#2646 = LINE ( 'NONE', #7143, #1429 ) ;
#2647 = ORIENTED_EDGE ( 'NONE', *, *, #4481, .F. ) ;
#2648 = CARTESIAN_POINT ( 'NONE',  ( 27.00987747813763562, 10.00000000000000000, 38.62986057936476669 ) ) ;
#2649 = CARTESIAN_POINT ( 'NONE',  ( 9.499999999999793943, -5.000000000000000000, 16.45448267190445790 ) ) ;
#2650 = CARTESIAN_POINT ( 'NONE',  ( 40.26142946351658480, 10.00000000000000000, 24.40537219967823646 ) ) ;
#2651 = DIRECTION ( 'NONE',  ( -0.000000000000000000, 1.000000000000000000, -0.000000000000000000 ) ) ;
#2652 = DIRECTION ( 'NONE',  ( -0.000000000000000000, -1.000000000000000000, 0.000000000000000000 ) ) ;
#2653 = EDGE_LOOP ( 'NONE', ( #4090, #3628 ) ) ;
#2654 = CARTESIAN_POINT ( 'NONE',  ( -35.34556598235437974, 0.000000000000000000, 32.02908669473996639 ) ) ;
#2655 = EDGE_CURVE ( 'NONE', #2799, #6939, #1552, .T. ) ;
#2656 = CARTESIAN_POINT ( 'NONE',  ( -33.35277019317332048, 0.000000000000000000, -33.30754164194094358 ) ) ;
#2657 = APPLICATION_PROTOCOL_DEFINITION ( 'international standard', 'config_control_design', 1994, #4430 ) ;
#2658 = CARTESIAN_POINT ( 'NONE',  ( 43.37048054946014020, 3.105155021998484699E-13, 22.80168480190333469 ) ) ;
#2659 = CIRCLE ( 'NONE', #5372, 7.524999999999989697 ) ;
#2660 = CARTESIAN_POINT ( 'NONE',  ( 0.000000000000000000, 4.000000000000029310, -30.00000000000000000 ) ) ;
#2661 = CARTESIAN_POINT ( 'NONE',  ( 17.96896004864708729, 0.5000000000000307532, 33.65250944612657946 ) ) ;
#2662 = ORIENTED_EDGE ( 'NONE', *, *, #2490, .F. ) ;
#2663 = CARTESIAN_POINT ( 'NONE',  ( 34.12262364864761821, 10.00000000000000000, -34.65295765593768351 ) ) ;
#2664 = CARTESIAN_POINT ( 'NONE',  ( -24.66044883940515930, 10.00000000000000000, -40.42932844399800274 ) ) ;
#2665 = ORIENTED_EDGE ( 'NONE', *, *, #3387, .T. ) ;
#2666 = CARTESIAN_POINT ( 'NONE',  ( 19.45768270924172327, 0.000000000000000000, 43.89147979868471339 ) ) ;
#2667 = CARTESIAN_POINT ( 'NONE',  ( 19.09554366382848656, 0.000000000000000000, -44.95965823793940785 ) ) ;
#2668 = CARTESIAN_POINT ( 'NONE',  ( -46.98971807196924999, 2.758210326803123280E-13, -12.04115489140017559 ) ) ;
#2669 = CARTESIAN_POINT ( 'NONE',  ( 48.73228654715994423, 2.758210326803123280E-13, -4.086991198139762638 ) ) ;
#2670 = CARTESIAN_POINT ( 'NONE',  ( -16.44346210324423296, 3.105155021998484699E-13, 44.82887006669356111 ) ) ;
#2671 = CARTESIAN_POINT ( 'NONE',  ( -47.66417753838507565, 3.105155021998484699E-13, 1.815838320205932721 ) ) ;
#2672 = EDGE_CURVE ( 'NONE', #2937, #5287, #254, .T. ) ;
#2673 = CARTESIAN_POINT ( 'NONE',  ( -33.34450281311436726, 10.00000000000000000, -34.71131097356293793 ) ) ;
#2674 = CARTESIAN_POINT ( 'NONE',  ( -6.195896857940245361, 10.00000000000000000, -47.02075252584022280 ) ) ;
#2675 = ORIENTED_EDGE ( 'NONE', *, *, #3159, .F. ) ;
#2676 = CARTESIAN_POINT ( 'NONE',  ( 45.65387479844790164, 0.000000000000000000, -17.44902786893582203 ) ) ;
#2677 = CARTESIAN_POINT ( 'NONE',  ( 0.000000000000000000, 2.000000000000000000, -13.10000000000000142 ) ) ;
#2678 = CARTESIAN_POINT ( 'NONE',  ( 2.602921011580702437, 3.105155021998484699E-13, 47.16706221799088183 ) ) ;
#2679 = CARTESIAN_POINT ( 'NONE',  ( -47.89871387967540528, 0.000000000000000000, 1.660416455089403387 ) ) ;
#2680 = CARTESIAN_POINT ( 'NONE',  ( -5.261528142693442156, 10.00000000000000000, 46.69895909850111337 ) ) ;
#2681 = CARTESIAN_POINT ( 'NONE',  ( 28.39375601511100555, 10.00000000000000000, -38.86548078583254551 ) ) ;
#2682 = CARTESIAN_POINT ( 'NONE',  ( 14.66602667471831722, 2.758210326803123280E-13, -44.62819223824802606 ) ) ;
#2683 = DIRECTION ( 'NONE',  ( -0.000000000000000000, 1.000000000000000000, -0.000000000000000000 ) ) ;
#2684 = ORIENTED_EDGE ( 'NONE', *, *, #656, .T. ) ;
#2685 = CARTESIAN_POINT ( 'NONE',  ( 30.96471119712467512, 10.00000000000000000, 37.31029519932096150 ) ) ;
#2686 = FACE_OUTER_BOUND ( 'NONE', #4122, .T. ) ;
#2687 = CARTESIAN_POINT ( 'NONE',  ( 33.06835334206766674, 10.00000000000000000, 34.42723213769848911 ) ) ;
#2688 = CARTESIAN_POINT ( 'NONE',  ( 46.69101150209138495, 10.00000000000000000, -5.972326457504685493 ) ) ;
#2689 = CARTESIAN_POINT ( 'NONE',  ( -47.07165387555303937, 10.00000000000000000, -12.22458185573142586 ) ) ;
#2690 = VERTEX_POINT ( 'NONE', #4054 ) ;
#2691 = CARTESIAN_POINT ( 'NONE',  ( -28.25630724264258475, 0.000000000000000000, 39.42846835214629664 ) ) ;
#2692 = CARTESIAN_POINT ( 'NONE',  ( -33.34450281311436726, 0.000000000000000000, -34.71131097356293793 ) ) ;
#2693 = CARTESIAN_POINT ( 'NONE',  ( 45.84327328031135096, 3.105155021998484699E-13, 17.19219884981209745 ) ) ;
#2694 = DIRECTION ( 'NONE',  ( 0.000000000000000000, 1.000000000000000000, 0.000000000000000000 ) ) ;
#2695 = DIRECTION ( 'NONE',  ( 0.000000000000000000, 1.000000000000000000, 0.000000000000000000 ) ) ;
#2696 = ORIENTED_EDGE ( 'NONE', *, *, #4917, .F. ) ;
#2697 = CARTESIAN_POINT ( 'NONE',  ( -33.35277019341329208, 10.00000000000000000, 33.30754164136921247 ) ) ;
#2698 = CARTESIAN_POINT ( 'NONE',  ( 35.73409833055687557, 10.00000000000000000, -33.28966224874656632 ) ) ;
#2699 = CARTESIAN_POINT ( 'NONE',  ( -20.53663542222595595, 2.758210326803123280E-13, -44.26616660397868941 ) ) ;
#2700 = ORIENTED_EDGE ( 'NONE', *, *, #2843, .F. ) ;
#2701 = CARTESIAN_POINT ( 'NONE',  ( 19.45183231348334729, 0.000000000000000000, 44.45506784287194080 ) ) ;
#2702 = CARTESIAN_POINT ( 'NONE',  ( 19.59474247412047632, 0.000000000000000000, -43.33409176341326230 ) ) ;
#2703 = CARTESIAN_POINT ( 'NONE',  ( -47.04987646355015585, 10.00000000000000000, -13.70285447975384763 ) ) ;
#2704 = CARTESIAN_POINT ( 'NONE',  ( 45.57783576002800885, 10.00000000000000000, -14.82240055638778742 ) ) ;
#2705 = CARTESIAN_POINT ( 'NONE',  ( -16.75100435979412694, 3.105155021998484699E-13, 44.21375863566903774 ) ) ;
#2706 = CARTESIAN_POINT ( 'NONE',  ( -48.53784371710394652, 3.105155021998484699E-13, 6.792624207195005148 ) ) ;
#2707 = ADVANCED_FACE ( 'NONE', ( #2425, #1866 ), #1386, .T. ) ;
#2708 = CARTESIAN_POINT ( 'NONE',  ( -37.19850707000892953, 10.00000000000000000, -31.83470540819453731 ) ) ;
#2709 = CARTESIAN_POINT ( 'NONE',  ( -7.168168958812480618, 2.758210326803123280E-13, -48.06001250006624304 ) ) ;
#2710 = CARTESIAN_POINT ( 'NONE',  ( 38.23685236781233954, 0.000000000000000000, 29.63323264093219578 ) ) ;
#2711 = CARTESIAN_POINT ( 'NONE',  ( 45.09766806950922557, 0.000000000000000000, -13.82349709879498789 ) ) ;
#2712 = CARTESIAN_POINT ( 'NONE',  ( 25.98076211353288301, 1.500000000000000000, 8.475000000000479261 ) ) ;
#2713 = CARTESIAN_POINT ( 'NONE',  ( 6.712294464892390344, 3.105155021998484699E-13, 47.35351200882237777 ) ) ;
#2714 = CARTESIAN_POINT ( 'NONE',  ( -44.22058171033506113, 0.000000000000000000, 15.90896177310713711 ) ) ;
#2715 = CARTESIAN_POINT ( 'NONE',  ( -7.423693273924905078, 10.00000000000000000, 48.18061274185853193 ) ) ;
#2716 = CARTESIAN_POINT ( 'NONE',  ( 14.16787126586086920, 10.00000000000000000, -44.82238695560720743 ) ) ;
#2717 = CARTESIAN_POINT ( 'NONE',  ( 13.08602879921912532, 10.00000000000000000, -46.68338290358649090 ) ) ;
#2718 = CYLINDRICAL_SURFACE ( 'NONE', #739, 2.074999999999998401 ) ;
#2719 = CIRCLE ( 'NONE', #4492, 42.50000000000000711 ) ;
#2720 = EDGE_CURVE ( 'NONE', #4951, #4905, #502, .T. ) ;
#2721 = CARTESIAN_POINT ( 'NONE',  ( 29.51932750670547634, 3.105155021998484699E-13, 38.97830972284985762 ) ) ;
#2722 = DIRECTION ( 'NONE',  ( -0.9579701941536318266, 0.000000000000000000, 0.2868677519576802726 ) ) ;
#2723 = CARTESIAN_POINT ( 'NONE',  ( 28.59655103514545615, 10.00000000000000000, 39.02577139209642354 ) ) ;
#2724 = CARTESIAN_POINT ( 'NONE',  ( 43.47613484983492071, 10.00000000000000000, -21.55116089260758727 ) ) ;
#2725 = AXIS2_PLACEMENT_3D ( 'NONE', #3580, #775, #5278 ) ;
#2726 = CARTESIAN_POINT ( 'NONE',  ( -48.95866733249113167, 10.00000000000000000, -0.5030180427433023072 ) ) ;
#2727 = CARTESIAN_POINT ( 'NONE',  ( -26.57875404891316151, 0.000000000000000000, 40.97191091721277445 ) ) ;
#2728 = CARTESIAN_POINT ( 'NONE',  ( -31.96777131215435119, 0.000000000000000000, -36.89581434624195566 ) ) ;
#2729 = DATE_AND_TIME ( #484, #6198 ) ;
#2730 = CARTESIAN_POINT ( 'NONE',  ( 44.44231156568953622, 3.105155021998484699E-13, 17.94223960955322994 ) ) ;
#2731 = VECTOR ( 'NONE', #836, 1000.000000000000000 ) ;
#2732 = CARTESIAN_POINT ( 'NONE',  ( 0.000000000000000000, 4.000000000000029310, -30.00000000000000000 ) ) ;
#2733 = DIRECTION ( 'NONE',  ( -0.9579701941536316046, 7.120343644530292481E-16, 0.2868677519576807167 ) ) ;
#2734 = ORIENTED_EDGE ( 'NONE', *, *, #5477, .F. ) ;
#2735 = CARTESIAN_POINT ( 'NONE',  ( 33.92280546877942271, 10.00000000000000000, -34.67371199711350016 ) ) ;
#2736 = CARTESIAN_POINT ( 'NONE',  ( -27.51569821798948468, 2.758210326803123280E-13, -40.55297343757489870 ) ) ;
#2737 = ORIENTED_EDGE ( 'NONE', *, *, #6534, .T. ) ;
#2738 = CARTESIAN_POINT ( 'NONE',  ( 10.69817096318923255, 0.000000000000000000, 47.51997400064495025 ) ) ;
#2739 = CARTESIAN_POINT ( 'NONE',  ( 10.11438034160198107, 0.000000000000000000, -47.01625643758898576 ) ) ;
#2740 = CARTESIAN_POINT ( 'NONE',  ( -48.53784371705505407, 2.758210326803123280E-13, -6.792624207876193587 ) ) ;
#2741 = CARTESIAN_POINT ( 'NONE',  ( 46.20419157655948084, 2.758210326803123280E-13, -11.70495020558956512 ) ) ;
#2742 = CARTESIAN_POINT ( 'NONE',  ( -27.51569821828158879, 3.105155021998484699E-13, 40.55297343704524593 ) ) ;
#2743 = VECTOR ( 'NONE', #501, 1000.000000000000227 ) ;
#2744 = CARTESIAN_POINT ( 'NONE',  ( -2.133709875451472726E-13, 1.500000000000000000, 36.52499999999999858 ) ) ;
#2745 = CARTESIAN_POINT ( 'NONE',  ( -32.26514457273891168, 10.00000000000000000, -36.77313813162741951 ) ) ;
#2746 = CARTESIAN_POINT ( 'NONE',  ( -9.881577510032695244, 10.00000000000000000, -47.13663448787415433 ) ) ;
#2747 = CARTESIAN_POINT ( 'NONE',  ( 39.67059509895138092, 0.000000000000000000, 26.66088038512415181 ) ) ;
#2748 = CARTESIAN_POINT ( 'NONE',  ( 44.70460516729353628, 0.000000000000000000, -17.91664482418755000 ) ) ;
#2749 = PRODUCT_DEFINITION ( 'UNKNOWN', '', #6318, #4180 ) ;
#2750 = CARTESIAN_POINT ( 'NONE',  ( -35.62549330676937842, 10.00000000000000000, -32.06036333976920361 ) ) ;
#2751 = CARTESIAN_POINT ( 'NONE',  ( 8.332725805580999179, 3.105155021998484699E-13, 46.25062801752088859 ) ) ;
#2752 = CARTESIAN_POINT ( 'NONE',  ( -44.61787746730065152, 10.00000000000000000, 15.33803748422301361 ) ) ;
#2753 = CARTESIAN_POINT ( 'NONE',  ( -45.77446269642167209, 0.000000000000000000, 14.74881787247233156 ) ) ;
#2754 = CARTESIAN_POINT ( 'NONE',  ( -16.37600682961056364, 10.00000000000000000, 45.46512173789954403 ) ) ;
#2755 = CARTESIAN_POINT ( 'NONE',  ( 14.66602667471831722, 10.00000000000000000, -44.62819223824802606 ) ) ;
#2756 = CARTESIAN_POINT ( 'NONE',  ( 13.14435199925527975, 10.00000000000000000, -46.49983071089038589 ) ) ;
#2757 = CARTESIAN_POINT ( 'NONE',  ( 0.000000000000000000, 5.000000000000000000, 0.000000000000000000 ) ) ;
#2758 = CARTESIAN_POINT ( 'NONE',  ( 30.77795741627257797, 3.105155021998484699E-13, 36.46497873580452165 ) ) ;
#2759 = DIRECTION ( 'NONE',  ( 0.000000000000000000, 1.000000000000000000, -0.000000000000000000 ) ) ;
#2760 = CIRCLE ( 'NONE', #1233, 0.9000000000000030198 ) ;
#2761 = CARTESIAN_POINT ( 'NONE',  ( 35.53287412844684923, 10.00000000000000000, 31.30628040942552559 ) ) ;
#2762 = CARTESIAN_POINT ( 'NONE',  ( 45.41078572907228050, 10.00000000000000000, -14.59561470425167329 ) ) ;
#2763 = CARTESIAN_POINT ( 'NONE',  ( -25.98076211353329867, 0.000000000000000000, 14.99999999999976374 ) ) ;
#2764 = ORIENTED_EDGE ( 'NONE', *, *, #6852, .F. ) ;
#2765 = CARTESIAN_POINT ( 'NONE',  ( 41.93074063602873736, 10.00000000000000000, -24.02215402627291141 ) ) ;
#2766 = CARTESIAN_POINT ( 'NONE',  ( -35.88073939997901363, 0.000000000000000000, 32.12601103766736088 ) ) ;
#2767 = CARTESIAN_POINT ( 'NONE',  ( -27.90557941530940411, 0.000000000000000000, -40.15990372591959812 ) ) ;
#2768 = CARTESIAN_POINT ( 'NONE',  ( 42.81119672062071402, 10.00000000000000000, 23.61110974962256748 ) ) ;
#2769 = DIRECTION ( 'NONE',  ( -0.000000000000000000, 1.000000000000000000, -0.000000000000000000 ) ) ;
#2770 = DIRECTION ( 'NONE',  ( 0.000000000000000000, 0.000000000000000000, 1.000000000000000000 ) ) ;
#2771 = ORIENTED_EDGE ( 'NONE', *, *, #4689, .T. ) ;
#2772 = CARTESIAN_POINT ( 'NONE',  ( 30.79779147608912737, 10.00000000000000000, -36.76856092968582601 ) ) ;
#2773 = CARTESIAN_POINT ( 'NONE',  ( -22.85283134669405314, 2.758210326803123280E-13, -41.27660938883851571 ) ) ;
#2774 = ORIENTED_EDGE ( 'NONE', *, *, #2983, .F. ) ;
#2775 = CARTESIAN_POINT ( 'NONE',  ( 6.544706139466644146, 0.000000000000000000, 47.93070174191055344 ) ) ;
#2776 = CARTESIAN_POINT ( 'NONE',  ( 9.888361412254010219, 0.000000000000000000, -46.79348573664567112 ) ) ;
#2777 = CARTESIAN_POINT ( 'NONE',  ( -47.24140356180067357, 2.758210326803123280E-13, -8.287389339319970460 ) ) ;
#2778 = CARTESIAN_POINT ( 'NONE',  ( 47.83120900510913742, 2.758210326803123280E-13, -10.55455277586745311 ) ) ;
#2779 = CARTESIAN_POINT ( 'NONE',  ( -28.25630724264258475, 10.00000000000000000, 39.42846835214629664 ) ) ;
#2780 = DIRECTION ( 'NONE',  ( 0.000000000000000000, 0.000000000000000000, 1.000000000000000000 ) ) ;
#2781 = CARTESIAN_POINT ( 'NONE',  ( -28.20955984022288376, 10.00000000000000000, -39.06230543890035278 ) ) ;
#2782 = CARTESIAN_POINT ( 'NONE',  ( -13.08109660311778377, 10.00000000000000000, -45.95544314689851007 ) ) ;
#2783 = CARTESIAN_POINT ( 'NONE',  ( 39.54432978849050073, 0.000000000000000000, 26.01046299611463652 ) ) ;
#2784 = CARTESIAN_POINT ( 'NONE',  ( 45.99391006632246359, 0.000000000000000000, -16.91025827844380203 ) ) ;
#2785 = CARTESIAN_POINT ( 'NONE',  ( -37.64166828669946341, 2.758210326803123280E-13, -31.37676539785092089 ) ) ;
#2786 = LINE ( 'NONE', #2156, #5712 ) ;
#2787 = CARTESIAN_POINT ( 'NONE',  ( 1.391503986769859535, 3.105155021998484699E-13, 46.97380805578321628 ) ) ;
#2788 = CARTESIAN_POINT ( 'NONE',  ( -44.87847118984348072, 10.00000000000000000, 15.11923143057803109 ) ) ;
#2789 = CARTESIAN_POINT ( 'NONE',  ( -8.352241861748312957, 10.00000000000000000, 48.28702373624292221 ) ) ;
#2790 = CARTESIAN_POINT ( 'NONE',  ( 16.96362320788809797, 10.00000000000000000, -45.52193069388654578 ) ) ;
#2791 = CARTESIAN_POINT ( 'NONE',  ( 13.08602879921912532, 2.758210326803123280E-13, -46.68338290358649090 ) ) ;
#2792 = DIRECTION ( 'NONE',  ( 0.000000000000000000, 0.000000000000000000, 1.000000000000000000 ) ) ;
#2793 = CARTESIAN_POINT ( 'NONE',  ( -42.54723761401881887, 10.00000000000000000, 21.13044767191446738 ) ) ;
#2794 = CARTESIAN_POINT ( 'NONE',  ( 18.26350984875370997, 10.00000000000000000, 45.47796463867206285 ) ) ;
#2795 = CARTESIAN_POINT ( 'NONE',  ( 11.90255470057654463, 0.5000000000000327516, 33.25958427549098673 ) ) ;
#2796 = CARTESIAN_POINT ( 'NONE',  ( 29.85649611574984519, 10.00000000000000000, 38.83056500829449220 ) ) ;
#2797 = CARTESIAN_POINT ( 'NONE',  ( 43.46957936563258329, 10.00000000000000000, -22.49346172920927955 ) ) ;
#2798 = DIRECTION ( 'NONE',  ( 0.000000000000000000, 0.000000000000000000, 1.000000000000000000 ) ) ;
#2799 = VERTEX_POINT ( 'NONE', #3609 ) ;
#2800 = CARTESIAN_POINT ( 'NONE',  ( 39.51782192992379095, 2.758210326803123280E-13, -28.97611372683462960 ) ) ;
#2801 = CARTESIAN_POINT ( 'NONE',  ( -37.81051759114381383, 0.000000000000000000, 31.10533982823822896 ) ) ;
#2802 = CARTESIAN_POINT ( 'NONE',  ( -44.10101440059207789, 0.000000000000000000, -16.23747025751027451 ) ) ;
#2803 = CARTESIAN_POINT ( 'NONE',  ( 42.54913690571854090, 3.105155021998484699E-13, 23.80135955393712166 ) ) ;
#2804 = COORDINATED_UNIVERSAL_TIME_OFFSET ( 5, 0, .BEHIND. ) ;
#2805 = FACE_OUTER_BOUND ( 'NONE', #420, .T. ) ;
#2806 = DIRECTION ( 'NONE',  ( 0.000000000000000000, 0.000000000000000000, 1.000000000000000000 ) ) ;
#2807 = CIRCLE ( 'NONE', #5399, 6.525000000000003020 ) ;
#2808 = ORIENTED_EDGE ( 'NONE', *, *, #5058, .T. ) ;
#2809 = CARTESIAN_POINT ( 'NONE',  ( 27.48593654754554549, 2.758210326803123280E-13, -38.60361176118227888 ) ) ;
#2810 = CARTESIAN_POINT ( 'NONE',  ( 11.64692101351079501, 0.000000000000000000, 47.59855720196431861 ) ) ;
#2811 = CARTESIAN_POINT ( 'NONE',  ( -9.881577510032695244, 0.000000000000000000, -47.13663448787415433 ) ) ;
#2812 = EDGE_CURVE ( 'NONE', #59, #4371, #6445, .T. ) ;
#2813 = CARTESIAN_POINT ( 'NONE',  ( 47.01001761814102053, 10.00000000000000000, 0.2271179980517399055 ) ) ;
#2814 = EDGE_CURVE ( 'NONE', #5359, #785, #3095, .T. ) ;
#2815 = CYLINDRICAL_SURFACE ( 'NONE', #4762, 6.524999999999999467 ) ;
#2816 = CARTESIAN_POINT ( 'NONE',  ( 45.84327328043521987, 10.00000000000000000, -17.19219884981356827 ) ) ;
#2817 = CARTESIAN_POINT ( 'NONE',  ( -25.58491539914414759, 10.00000000000000000, 40.72150743516377247 ) ) ;
#2818 = FACE_BOUND ( 'NONE', #1525, .T. ) ;
#2819 = CARTESIAN_POINT ( 'NONE',  ( -37.43648903194648625, 10.00000000000000000, -31.62128862663512407 ) ) ;
#2820 = CARTESIAN_POINT ( 'NONE',  ( -17.45161947546543146, 10.00000000000000000, -43.61432089167389847 ) ) ;
#2821 = VERTEX_POINT ( 'NONE', #4679 ) ;
#2822 = CARTESIAN_POINT ( 'NONE',  ( 45.52156229597231629, 0.000000000000000000, -12.23057545315486827 ) ) ;
#2823 = CARTESIAN_POINT ( 'NONE',  ( -41.85341921498019246, 10.00000000000000000, -25.27002905205536010 ) ) ;
#2824 = CARTESIAN_POINT ( 'NONE',  ( 47.00000000000028422, 10.00000000000000000, -0.07678126517536686124 ) ) ;
#2825 = CARTESIAN_POINT ( 'NONE',  ( 1.391503986769859535, 10.00000000000000000, 46.97380805578321628 ) ) ;
#2826 = CARTESIAN_POINT ( 'NONE',  ( -44.70801936880577898, 10.00000000000000000, 20.07285128571200161 ) ) ;
#2827 = CARTESIAN_POINT ( 'NONE',  ( -33.46261586852389058, 10.00000000000000000, 35.22616371385498724 ) ) ;
#2828 = CARTESIAN_POINT ( 'NONE',  ( 10.69817096353150809, 10.00000000000000000, -47.51997400089940982 ) ) ;
#2829 = CARTESIAN_POINT ( 'NONE',  ( 13.57351805873375383, 2.758210326803123280E-13, -45.34377807319724241 ) ) ;
#2830 = DIRECTION ( 'NONE',  ( 0.000000000000000000, 0.000000000000000000, 1.000000000000000000 ) ) ;
#2831 = CARTESIAN_POINT ( 'NONE',  ( -44.94078716856306244, 10.00000000000000000, 19.37988316339407291 ) ) ;
#2832 = CARTESIAN_POINT ( 'NONE',  ( 18.84111122043042386, 3.105155021998484699E-13, 45.17269837894510687 ) ) ;
#2833 = CARTESIAN_POINT ( 'NONE',  ( 48.65575631688790281, 0.000000000000000000, -2.284027950639491600 ) ) ;
#2834 = CARTESIAN_POINT ( 'NONE',  ( 35.58016677073935341, 10.00000000000000000, 31.96031499099560236 ) ) ;
#2835 = CARTESIAN_POINT ( 'NONE',  ( 45.43748171313562523, 10.00000000000000000, -17.66119879895672895 ) ) ;
#2836 = DIRECTION ( 'NONE',  ( 0.000000000000000000, 1.000000000000000000, -0.000000000000000000 ) ) ;
#2837 = ORIENTED_EDGE ( 'NONE', *, *, #3926, .F. ) ;
#2838 = CARTESIAN_POINT ( 'NONE',  ( 37.65319715666666411, 2.758210326803123280E-13, -29.48977352692323706 ) ) ;
#2839 = CIRCLE ( 'NONE', #829, 7.525000000000018119 ) ;
#2840 = CARTESIAN_POINT ( 'NONE',  ( -41.52998209314235822, 0.000000000000000000, 24.07168728746654551 ) ) ;
#2841 = CARTESIAN_POINT ( 'NONE',  ( -44.20468725702678370, 0.000000000000000000, -17.58185684130311799 ) ) ;
#2842 = CARTESIAN_POINT ( 'NONE',  ( 39.97798511483510708, 3.105155021998484699E-13, 28.13588990574455195 ) ) ;
#2843 = EDGE_CURVE ( 'NONE', #5370, #4138, #5201, .T. ) ;
#2844 = EDGE_CURVE ( 'NONE', #3077, #3669, #4975, .T. ) ;
#2845 = APPROVAL_ROLE ( '' ) ;
#2846 = CIRCLE ( 'NONE', #6841, 15.09999999999999964 ) ;
#2847 = CARTESIAN_POINT ( 'NONE',  ( 11.90255470057654463, 0.5000000000000327516, 33.25958427549098673 ) ) ;
#2848 = DIRECTION ( 'NONE',  ( -0.000000000000000000, 1.000000000000000000, -0.000000000000000000 ) ) ;
#2849 = CARTESIAN_POINT ( 'NONE',  ( -2.133709875451472726E-13, 1.500000000000000000, 30.00000000000000000 ) ) ;
#2850 = CARTESIAN_POINT ( 'NONE',  ( 25.47802476145604089, 2.758210326803123280E-13, -40.00263191549169761 ) ) ;
#2851 = CARTESIAN_POINT ( 'NONE',  ( -8.032755439338080450, 0.000000000000000000, 48.29753861937307136 ) ) ;
#2852 = CARTESIAN_POINT ( 'NONE',  ( -0.1479874801812377516, 0.000000000000000000, -48.21897113134239277 ) ) ;
#2853 = CARTESIAN_POINT ( 'NONE',  ( 48.11266214965051802, 3.105155021998484699E-13, 4.857465167293119279 ) ) ;
#2854 = CARTESIAN_POINT ( 'NONE',  ( -47.38230242927597402, 10.00000000000000000, -2.063423480710345981 ) ) ;
#2855 = CARTESIAN_POINT ( 'NONE',  ( 45.41078572907228050, 2.758210326803123280E-13, -14.59561470425167329 ) ) ;
#2856 = CARTESIAN_POINT ( 'NONE',  ( -23.64884737586219643, 3.105155021998484699E-13, 40.61141378183859274 ) ) ;
#2857 = CARTESIAN_POINT ( 'NONE',  ( 0.000000000000000000, 1.500000000000000000, 0.000000000000000000 ) ) ;
#2858 = CIRCLE ( 'NONE', #4261, 3.499999999999999556 ) ;
#2859 = CARTESIAN_POINT ( 'NONE',  ( -43.11875750453297229, 10.00000000000000000, -20.99969512177191078 ) ) ;
#2860 = CARTESIAN_POINT ( 'NONE',  ( -14.27147613853274954, 2.758210326803123280E-13, -46.71547522573959554 ) ) ;
#2861 = ORIENTED_EDGE ( 'NONE', *, *, #4481, .T. ) ;
#2862 = ADVANCED_FACE ( 'NONE', ( #6480 ), #1422, .F. ) ;
#2863 = CARTESIAN_POINT ( 'NONE',  ( 38.74052491827850275, 0.000000000000000000, 29.52576027884725463 ) ) ;
#2864 = CARTESIAN_POINT ( 'NONE',  ( 43.37048054962436083, 0.000000000000000000, -22.80168480192262592 ) ) ;
#2865 = AXIS2_PLACEMENT_3D ( 'NONE', #4347, #5530, #1026 ) ;
#2866 = CARTESIAN_POINT ( 'NONE',  ( -41.85341921498019246, 2.758210326803123280E-13, -25.27002905205536010 ) ) ;
#2867 = LINE ( 'NONE', #5047, #3473 ) ;
#2868 = CARTESIAN_POINT ( 'NONE',  ( 0.1113255315131821271, 3.105155021998484699E-13, 47.75585073208940656 ) ) ;
#2869 = CARTESIAN_POINT ( 'NONE',  ( -44.10101440070904744, 3.105155021998484699E-13, 16.23747025686098056 ) ) ;
#2870 = CARTESIAN_POINT ( 'NONE',  ( -29.89409614295442097, 10.00000000000000000, 36.61644788586827559 ) ) ;
#2871 = CARTESIAN_POINT ( 'NONE',  ( 16.21901918100986961, 10.00000000000000000, -44.91056042021516248 ) ) ;
#2872 = CARTESIAN_POINT ( 'NONE',  ( 3.571006709263596424, 10.00000000000000000, -48.22521266046520338 ) ) ;
#2873 = DIRECTION ( 'NONE',  ( -0.000000000000000000, -1.000000000000000000, 0.000000000000000000 ) ) ;
#2874 = CARTESIAN_POINT ( 'NONE',  ( -44.94032137160552764, 10.00000000000000000, 18.78739623922156099 ) ) ;
#2875 = CARTESIAN_POINT ( 'NONE',  ( 24.36367472544436197, 3.105155021998484699E-13, 42.51832489746226429 ) ) ;
#2876 = CARTESIAN_POINT ( 'NONE',  ( 10.96263895570430869, 10.00000000000000000, 47.59147069010536768 ) ) ;
#2877 = CARTESIAN_POINT ( 'NONE',  ( 45.86937228529031074, 10.00000000000000000, -11.90446282062639938 ) ) ;
#2878 = CARTESIAN_POINT ( 'NONE',  ( 11.88584931577152481, 3.556183125752454544E-14, 35.47411967105784925 ) ) ;
#2879 = ORIENTED_EDGE ( 'NONE', *, *, #1842, .F. ) ;
#2880 = CARTESIAN_POINT ( 'NONE',  ( 39.67059509914334825, 10.00000000000000000, -26.66088038517009196 ) ) ;
#2881 = CARTESIAN_POINT ( 'NONE',  ( -43.51090059704131363, 0.000000000000000000, 21.01927078807506888 ) ) ;
#2882 = CARTESIAN_POINT ( 'NONE',  ( -41.85341921498019246, 0.000000000000000000, -25.27002905205536010 ) ) ;
#2883 = CARTESIAN_POINT ( 'NONE',  ( 39.92127943687653868, 3.105155021998484699E-13, 24.76003750518335167 ) ) ;
#2884 = CARTESIAN_POINT ( 'NONE',  ( 45.86937228520461218, 10.00000000000000000, 11.90446282062516126 ) ) ;
#2885 = CARTESIAN_POINT ( 'NONE',  ( 25.98076211353339815, 1.500000000000000000, -14.99999999999957900 ) ) ;
#2886 = ORIENTED_EDGE ( 'NONE', *, *, #4467, .F. ) ;
#2887 = CARTESIAN_POINT ( 'NONE',  ( 30.86910644795256786, 10.00000000000000000, -35.79831709886952495 ) ) ;
#2888 = CARTESIAN_POINT ( 'NONE',  ( 43.51869010687149597, 10.00000000000000000, -21.85829326925181704 ) ) ;
#2889 = CARTESIAN_POINT ( 'NONE',  ( 3.864956067765980663, 0.000000000000000000, 48.47930604321663139 ) ) ;
#2890 = CARTESIAN_POINT ( 'NONE',  ( 3.698543797731948413, 0.000000000000000000, -48.36676328116946166 ) ) ;
#2891 = CARTESIAN_POINT ( 'NONE',  ( 48.87775430134514920, 3.105155021998484699E-13, 3.552822324703895251 ) ) ;
#2892 = CARTESIAN_POINT ( 'NONE',  ( -47.89871387966344685, 2.758210326803123280E-13, -1.660416455765983956 ) ) ;
#2893 = CARTESIAN_POINT ( 'NONE',  ( 43.09234470842852716, 2.758210326803123280E-13, -18.77071706434695386 ) ) ;
#2894 = CARTESIAN_POINT ( 'NONE',  ( -22.46789492696770196, 3.105155021998484699E-13, 43.04588155701134156 ) ) ;
#2895 = DIRECTION ( 'NONE',  ( 0.000000000000000000, 0.000000000000000000, 1.000000000000000000 ) ) ;
#2896 = CARTESIAN_POINT ( 'NONE',  ( -48.09558287331679338, 0.000000000000000000, 5.252459889381681180 ) ) ;
#2897 = CARTESIAN_POINT ( 'NONE',  ( -41.52998209296890764, 10.00000000000000000, -24.07168728809728364 ) ) ;
#2898 = CARTESIAN_POINT ( 'NONE',  ( -17.04327590061956599, 10.00000000000000000, -43.88771629111199957 ) ) ;
#2899 = CARTESIAN_POINT ( 'NONE',  ( 35.60221757813911125, 0.000000000000000000, 33.58179431255224756 ) ) ;
#2900 = CARTESIAN_POINT ( 'NONE',  ( 35.83547300762123200, 0.000000000000000000, -32.76542501798784457 ) ) ;
#2901 = CARTESIAN_POINT ( 'NONE',  ( -42.00270222772229545, 2.758210326803123280E-13, -21.42836741096749265 ) ) ;
#2902 = CARTESIAN_POINT ( 'NONE',  ( -2.744104049135769774, 3.105155021998484699E-13, 48.68087826237168514 ) ) ;
#2903 = CARTESIAN_POINT ( 'NONE',  ( -44.54563008450114836, 10.00000000000000000, 18.12500773640193685 ) ) ;
#2904 = CIRCLE ( 'NONE', #551, 13.10000000000000142 ) ;
#2905 = CARTESIAN_POINT ( 'NONE',  ( -22.85283134699132290, 10.00000000000000000, 41.27660938834238635 ) ) ;
#2906 = CARTESIAN_POINT ( 'NONE',  ( -0.04239865865683246915, 10.00000000000000000, -47.96256748033716377 ) ) ;
#2907 = CARTESIAN_POINT ( 'NONE',  ( 7.096471593392148058, 10.00000000000000000, -46.82209335687473128 ) ) ;
#2908 = CARTESIAN_POINT ( 'NONE',  ( 44.16854487187053024, 0.000000000000000000, 18.00862112953056382 ) ) ;
#2909 = CARTESIAN_POINT ( 'NONE',  ( -41.88464801815526073, 10.00000000000000000, 24.61070792438869859 ) ) ;
#2910 = CARTESIAN_POINT ( 'NONE',  ( 21.90432779135733199, 10.00000000000000000, 42.06592276779085893 ) ) ;
#2911 = CARTESIAN_POINT ( 'NONE',  ( 13.28424752735132586, 10.00000000000000000, 45.83027493251469764 ) ) ;
#2912 = CARTESIAN_POINT ( 'NONE',  ( 33.40829916735508931, 10.00000000000000000, -34.50086255644028199 ) ) ;
#2913 = DIRECTION ( 'NONE',  ( 0.000000000000000000, 0.000000000000000000, 1.000000000000000000 ) ) ;
#2914 = ORIENTED_EDGE ( 'NONE', *, *, #7089, .T. ) ;
#2915 = CARTESIAN_POINT ( 'NONE',  ( 39.55886165385840769, 10.00000000000000000, -25.66122345101966573 ) ) ;
#2916 = CARTESIAN_POINT ( 'NONE',  ( -40.96071364664462067, 0.000000000000000000, -26.61260217059113131 ) ) ;
#2917 = APPROVAL_DATE_TIME ( #6008, #457 ) ;
#2918 = CARTESIAN_POINT ( 'NONE',  ( 39.67059509895138092, 10.00000000000000000, 26.66088038512415181 ) ) ;
#2919 = APPROVAL_DATE_TIME ( #6788, #2525 ) ;
#2920 = CARTESIAN_POINT ( 'NONE',  ( -35.88073939997901363, 3.105155021998484699E-13, 32.12601103766736088 ) ) ;
#2921 = CARTESIAN_POINT ( 'NONE',  ( 45.23049544007627532, 10.00000000000000000, 14.26683525308319567 ) ) ;
#2922 = DIRECTION ( 'NONE',  ( 0.000000000000000000, 0.000000000000000000, 1.000000000000000000 ) ) ;
#2923 = VERTEX_POINT ( 'NONE', #4895 ) ;
#2924 = CARTESIAN_POINT ( 'NONE',  ( 25.66124536474277207, 2.758210326803123280E-13, -39.57763539787850959 ) ) ;
#2925 = CARTESIAN_POINT ( 'NONE',  ( 42.76889367711633838, 2.758210326803123280E-13, -19.64455119569904795 ) ) ;
#2926 = CARTESIAN_POINT ( 'NONE',  ( 3.498989426192929741, 0.000000000000000000, 48.05621757588074416 ) ) ;
#2927 = CARTESIAN_POINT ( 'NONE',  ( -3.348378960094291923, 0.000000000000000000, -47.77999156838442474 ) ) ;
#2928 = APPLICATION_CONTEXT ( 'configuration controlled 3d designs of mechanical parts and assemblies' ) ;
#2929 = CARTESIAN_POINT ( 'NONE',  ( 48.89907398102938885, 3.105155021998484699E-13, 3.215505859469473204 ) ) ;
#2930 = CARTESIAN_POINT ( 'NONE',  ( -48.27679355247365578, 10.00000000000000000, -5.475449116906773384 ) ) ;
#2931 = AXIS2_PLACEMENT_3D ( 'NONE', #889, #4323, #1510 ) ;
#2932 = CARTESIAN_POINT ( 'NONE',  ( -33.05611533214992193, 3.105155021998484699E-13, 36.14576570390433830 ) ) ;
#2933 = DIRECTION ( 'NONE',  ( 8.659560562355011744E-17, 0.7071067811865411334, -0.7071067811865539010 ) ) ;
#2934 = CARTESIAN_POINT ( 'NONE',  ( -47.22625722620323074, 0.000000000000000000, 4.565049818918780922 ) ) ;
#2935 = CARTESIAN_POINT ( 'NONE',  ( -47.18725528548963410, 10.00000000000000000, -13.08419477316707180 ) ) ;
#2936 = CARTESIAN_POINT ( 'NONE',  ( -16.37600682928308515, 2.758210326803123280E-13, -45.46512173834901205 ) ) ;
#2937 = VERTEX_POINT ( 'NONE', #4823 ) ;
#2938 = CARTESIAN_POINT ( 'NONE',  ( 39.54432978867784243, 0.000000000000000000, -26.01046299616143997 ) ) ;
#2939 = CARTESIAN_POINT ( 'NONE',  ( -41.52998209296890764, 2.758210326803123280E-13, -24.07168728809728364 ) ) ;
#2940 = CARTESIAN_POINT ( 'NONE',  ( -5.261528142693442156, 3.105155021998484699E-13, 46.69895909850111337 ) ) ;
#2941 = EDGE_CURVE ( 'NONE', #5097, #3393, #6586, .T. ) ;
#2942 = CARTESIAN_POINT ( 'NONE',  ( -48.01139925001888287, 3.105155021998484699E-13, 7.938984896251222168 ) ) ;
#2943 = CARTESIAN_POINT ( 'NONE',  ( -28.12498365876572137, 10.00000000000000000, 39.81159203391364088 ) ) ;
#2944 = CARTESIAN_POINT ( 'NONE',  ( -13.67419874460295048, 10.00000000000000000, -46.55795448687410953 ) ) ;
#2945 = CARTESIAN_POINT ( 'NONE',  ( 6.712294465233462404, 2.758210326803123280E-13, -47.35351200910564984 ) ) ;
#2946 = CARTESIAN_POINT ( 'NONE',  ( 42.86506084893825630, 0.000000000000000000, 20.60058251562332643 ) ) ;
#2947 = CARTESIAN_POINT ( 'NONE',  ( -47.06317427215724791, 10.00000000000000000, 4.281247490904887876 ) ) ;
#2948 = CARTESIAN_POINT ( 'NONE',  ( 24.06705234674091898, 3.105155021998484699E-13, 42.63747644591656183 ) ) ;
#2949 = CARTESIAN_POINT ( 'NONE',  ( 48.27420884676259760, 0.000000000000000000, -4.756445711797379516 ) ) ;
#2950 = CARTESIAN_POINT ( 'NONE',  ( 16.49437868864007584, 10.00000000000000000, 45.07905301746462357 ) ) ;
#2951 = CARTESIAN_POINT ( 'NONE',  ( 39.57312328629932097, 10.00000000000000000, -26.28176479692137590 ) ) ;
#2952 = CARTESIAN_POINT ( 'NONE',  ( -25.98076211353329867, 1.500000000000000000, 14.99999999999976374 ) ) ;
#2953 = ORIENTED_EDGE ( 'NONE', *, *, #1306, .F. ) ;
#2954 = EDGE_CURVE ( 'NONE', #1848, #4075, #3676, .T. ) ;
#2955 = CARTESIAN_POINT ( 'NONE',  ( -41.88715047113275602, 0.000000000000000000, -24.94795369287547615 ) ) ;
#2956 = CARTESIAN_POINT ( 'NONE',  ( -33.26016418677981790, 2.758210326803123280E-13, -35.83937504465740176 ) ) ;
#2957 = CARTESIAN_POINT ( 'NONE',  ( 38.74052491827850275, 10.00000000000000000, 29.52576027884725463 ) ) ;
#2958 = CARTESIAN_POINT ( 'NONE',  ( 48.81657375997244941, 10.00000000000000000, 3.843863664560246640 ) ) ;
#2959 = DIRECTION ( 'NONE',  ( -0.000000000000000000, 1.000000000000000000, -0.000000000000000000 ) ) ;
#2960 = CARTESIAN_POINT ( 'NONE',  ( 22.91024116607295014, 2.758210326803123280E-13, -42.63720566932308031 ) ) ;
#2961 = CARTESIAN_POINT ( 'NONE',  ( -0.04239865900228344253, 0.000000000000000000, 47.96256748000540426 ) ) ;
#2962 = CARTESIAN_POINT ( 'NONE',  ( -0.04239865865683246915, 0.000000000000000000, -47.96256748033716377 ) ) ;
#2963 = CARTESIAN_POINT ( 'NONE',  ( 46.50200907402340533, 3.105155021998484699E-13, 6.786246342412955990 ) ) ;
#2964 = AXIS2_PLACEMENT_3D ( 'NONE', #1511, #4287, #6086 ) ;
#2965 = CARTESIAN_POINT ( 'NONE',  ( -48.73775252398703373, 2.758210326803123280E-13, -1.062583230456310535 ) ) ;
#2966 = CARTESIAN_POINT ( 'NONE',  ( 43.81914253022119965, 10.00000000000000000, -18.14453587812189994 ) ) ;
#2967 = DIRECTION ( 'NONE',  ( 0.000000000000000000, 0.000000000000000000, 1.000000000000000000 ) ) ;
#2968 = CARTESIAN_POINT ( 'NONE',  ( -49.00000000000002842, 0.000000000000000000, -3.531486802060992653E-10 ) ) ;
#2969 = ORIENTED_EDGE ( 'NONE', *, *, #7072, .F. ) ;
#2970 = B_SPLINE_CURVE_WITH_KNOTS ( 'NONE', 4,
 ( #6003, #4277, #300, #1467, #3137, #1502, #5968, #6521, #3832, #6077, #7113, #3794, #5386, #1431, #3720, #375, #6043, #948, #917, #5500, #6629, #2616, #4796, #3684, #4349, #992, #7041, #7074, #337, #5420, #2688, #2130, #1573, #2577, #4830, #6188, #1172, #6228, #1139, #7220, #5021, #5571, #6705, #5130, #1103, #4572, #3391, #84, #1722, #6745, #520, #3866, #1759, #2877, #5644, #5610, #3429, #2282, #2168, #2762, #3355, #48, #4534, #4423, #1686, #1647, #4015, #6155, #7258, #2321, #6115, #2835, #5678, #556, #1028, #626, #5094, #6780, #6668, #3903, #5532, #3978, #3278, #1609, #9, #1061, #6816, #480, #2724, #4980, #3315, #2797, #2207, #5061, #4460, #2241, #4497, #3943, #4713, #2424, #4158, #1247, #5746, #5715, #6922, #3572, #6408, #2495, #2951, #6956, #6374, #5200, #3055, #2457, #5167, #189, #733, #1902, #3503, #699, #154, #2989, #5817, #4678, #117, #765, #800, #2354, #1352, #3020, #3606, #5851, #5269, #2390, #1794, #5303, #4609, #3467, #253, #1213, #219, #4750, #6996, #6850, #5781, #664, #4053, #1865, #4120, #1936, #4646, #6889, #1829, #4088, #6262, #2912, #6301, #6342, #1317, #1281, #3536, #5235, #6550, #1531, #1421, #2568, #983, #4267, #439, #4307, #3237, #4893, #2604, #3675, #7033, #4934, #6034, #1493, #1459, #2084, #5453, #2681, #3749, #4193, #3200, #405, #3093, #4857, #4820, #7173, #2006, #3129, #5493, #1973, #5997, #3785, #6513, #6442, #6584, #2047, #942, #2644, #7141, #4341, #1385, #3640, #5342, #3165, #291, #5882, #835, #2534, #4788, #4228, #7065, #6479, #3712, #5923, #875, #5376, #5960, #328, #910, #5412, #365, #7105, #1603, #5637, #2790, #3272, #583, #2871, #1566, #3308, #513, #2755, #2716, #3347, #7213, #6698, #5012, #1022, #6108, #6182, #6660, #1056, #546, #1640, #4417, #1714, #1130, #2160, #6219, #3896, #2828, #6146, #1166, #3859, #5125, #5087, #5603, #5563, #2198, #7250, #6773, #4454, #474, #2234, #2122, #3421, #1095, #3824, #5051, #4489, #2, #3383, #6737, #1679, #3935, #41, #2274, #4528, #6620, #3971, #4379, #6071, #5526, #5672, #620, #4971, #2418, #5193, #657, #4705, #5844, #3013, #6335, #5161, #1893, #1275, #2906, #3532, #2979, #6915, #5263, #4008, #3459, #144, #4150, #6402, #757, #1204, #693, #4601, #2314, #1343, #5775, #3562, #211, #5809, #4048, #2449, #1787, #6946, #183, #4082, #1857, #725, #6254, #4112, #3599, #5711, #792, #6367, #3046, #78, #1309, #6295, #112, #4565, #2347, #4641, #6808, #5229, #1241, #1752, #6843, #3497, #6881, #5740, #4673, #2944, #2382, #1822, #4184, #5950, #3667, #973, #3122, #4221, #6578, #5404, #5368, #2038, #3086, #7026, #5915, #357, #4849, #3155, #935, #2595, #7096, #5296, #6435, #4258, #1379, #5445, #5988, #2638, #245, #4886, #3777, #3193, #6504, #5333, #7134, #1451, #827, #2484, #5876, #2077, #4740, #1928, #285, #4780, #6987, #902, #4299, #397, #1523, #2528, #3634, #4334, #3704, #1486, #6025, #3741, #1965, #1413, #6472, #867, #319, #6542, #1998, #2560, #4813, #7058, #2781, #5079, #6611, #6097, #4409, #3960, #6210, #5002, #6726, #3264, #4368, #6651, #503, #1671, #7240, #1595, #5627, #4518, #1558, #2745, #4924, #3816, #6688, #3886, #6064, #3927, #3229, #2673, #3852, #1047, #3299, #1013, #4445, #5518, #2187, #5553, #1630, #5592, #574, #465, #6137, #30, #1084, #2708, #2819, #2226, #4962, #2262, #3338, #6173, #539, #6766, #7203, #5485, #1120, #5044, #3374, #2114, #7278, #4479, #1704, #2152, #429, #7165, #5185, #717, #2372, #69, #2971, #3007, #4556, #1849, #5221, #1297, #4105, #177, #2897, #3999, #5255, #6801, #5664, #752, #3411, #2341, #3554, #2442, #2304, #685, #2859, #1744, #4631, #1813, #1884, #5152, #5701, #6835, #1778, #6361, #5802, #610, #4139, #6325, #206, #4039, #6873, #3523, #4697, #646, #6286, #6940, #1234, #1157, #1266, #5117, #6246, #4073, #105, #1195, #3450, #4594, #5766, #5734, #3488, #2411, #2935, #4665, #135, #6909, #2689, #5288, #7148, #4770, #2169, #4212, #5323, #481, #1921, #6592, #3833, #1404, #6394, #1574, #4350, #6044, #1539, #2132, #3795, #993, #1337, #238, #5360, #2474, #6630, #7183, #6078, #3592, #4942, #7016, #3246, #1957, #1029, #3038, #4731, #4176, #5835, #6977, #3279, #786, #6428, #1371, #5869, #3627, #2092, #5501, #5533, #2726, #3076, #4389, #446 ),
 .UNSPECIFIED., .F., .F.,
 ( 5, 1, 1, 1, 1, 1, 1, 1, 1, 1, 1, 1, 1, 1, 1, 1, 1, 1, 1, 1, 1, 1, 1, 1, 1, 1, 1, 1, 1, 1, 1, 1, 1, 1, 1, 1, 1, 1, 1, 1, 1, 1, 1, 1, 1, 1, 1, 1, 1, 1, 1, 1, 1, 1, 1, 1, 1, 1, 1, 1, 1, 1, 1, 1, 1, 1, 1, 1, 1, 1, 1, 1, 1, 1, 1, 1, 1, 1, 1, 1, 1, 1, 1, 1, 1, 1, 1, 1, 1, 1, 1, 1, 1, 1, 1, 1, 1, 1, 1, 1, 1, 1, 1, 1, 1, 1, 1, 1, 1, 1, 1, 1, 1, 1, 1, 1, 1, 1, 1, 1, 1, 1, 1, 1, 1, 1, 1, 1, 1, 1, 1, 1, 1, 1, 1, 1, 1, 1, 1, 1, 1, 1, 1, 1, 1, 1, 1, 1, 1, 1, 1, 1, 1, 1, 1, 1, 1, 1, 1, 1, 1, 1, 1, 1, 1, 1, 1, 1, 1, 1, 1, 1, 1, 1, 1, 1, 1, 1, 1, 1, 1, 1, 1, 1, 1, 1, 1, 1, 1, 1, 1, 1, 1, 1, 1, 1, 1, 1, 1, 1, 1, 1, 1, 1, 1, 1, 1, 1, 1, 1, 1, 1, 1, 1, 1, 1, 1, 1, 1, 1, 1, 1, 1, 1, 1, 1, 1, 1, 1, 1, 1, 1, 1, 1, 1, 1, 1, 1, 1, 1, 1, 1, 1, 1, 1, 1, 1, 1, 1, 1, 1, 1, 1, 1, 1, 1, 1, 1, 1, 1, 1, 1, 1, 1, 1, 1, 1, 1, 1, 1, 1, 1, 1, 1, 1, 1, 1, 1, 1, 1, 1, 1, 1, 1, 1, 1, 1, 1, 1, 1, 1, 1, 1, 1, 1, 1, 1, 1, 1, 1, 1, 1, 1, 1, 1, 1, 1, 1, 1, 1, 1, 1, 1, 1, 1, 1, 1, 1, 1, 1, 1, 1, 1, 1, 1, 1, 1, 1, 1, 1, 1, 1, 1, 1, 1, 1, 1, 1, 1, 1, 1, 1, 1, 1, 1, 1, 1, 1, 1, 1, 1, 1, 1, 1, 1, 1, 1, 1, 1, 1, 1, 1, 1, 1, 1, 1, 1, 1, 1, 1, 1, 1, 1, 1, 1, 1, 1, 1, 1, 1, 1, 1, 1, 1, 1, 1, 1, 1, 1, 1, 1, 1, 1, 1, 1, 1, 1, 1, 1, 1, 1, 1, 1, 1, 1, 1, 1, 1, 1, 1, 1, 1, 1, 1, 1, 1, 1, 1, 1, 1, 1, 1, 1, 1, 1, 1, 1, 1, 1, 1, 1, 1, 1, 1, 1, 1, 1, 1, 1, 1, 1, 1, 1, 1, 1, 1, 1, 1, 1, 1, 1, 1, 1, 1, 1, 1, 1, 1, 1, 1, 1, 1, 1, 1, 1, 1, 1, 1, 1, 1, 1, 1, 1, 1, 1, 1, 1, 1, 1, 1, 1, 1, 1, 1, 1, 1, 1, 1, 1, 1, 1, 1, 1, 1, 1, 1, 1, 1, 1, 1, 1, 1, 1, 1, 1, 1, 1, 1, 1, 1, 1, 1, 1, 1, 1, 1, 1, 1, 1, 1, 1, 1, 1, 1, 1, 1, 1, 1, 1, 1, 1, 1, 1, 1, 1, 1, 1, 1, 1, 1, 1, 1, 1, 1, 1, 1, 1, 1, 1, 1, 1, 1, 1, 1, 1, 1, 1, 1, 1, 1, 1, 1, 1, 1, 1, 1, 1, 1, 1, 1, 1, 1, 1, 1, 1, 1, 1, 1, 1, 1, 1, 1, 1, 1, 1, 1, 1, 1, 1, 1, 1, 1, 1, 5 ),
 ( 0.05760920070031212703, 0.05925751373930219362, 0.06090582677829226022, 0.06255413981728233375, 0.06420245285627239340, 0.06570337593780560537, 0.06720429901933881733, 0.06870522210087202930, 0.07020614518240524127, 0.07107002978236270918, 0.07193391438232019097, 0.07366168358223515455, 0.07538945278215011814, 0.07711722198206506784, 0.07906811229226959337, 0.08004355744737184919, 0.08101900260247410501, 0.08199444775757636084, 0.08296989291267861666, 0.08394533806778087248, 0.08492078322288312831, 0.08574560335710282311, 0.08657042349132251791, 0.08739524362554221271, 0.08822006375976192138, 0.08904488389398163006, 0.08986970402820132486, 0.09151934429664071446, 0.09302072867260910427, 0.09452211304857749408, 0.09752488180051428757, 0.09929022634995784968, 0.1010555708994014257, 0.1028209154488450017, 0.1045862599982885638, 0.1059027364657071923, 0.1072192129331258209, 0.1085356894005444495, 0.1098521658679630780, 0.1113372721963429290, 0.1128223785247227939, 0.1143074848531026588, 0.1157925911814825237, 0.1175266152700251698, 0.1192606393585678298, 0.1209946634471104898, 0.1227286875356531359, 0.1239252294257651155, 0.1251217713158770950, 0.1263183132059890745, 0.1275148550961010541, 0.1290603228952892367, 0.1306057906944774194, 0.1336967262928538125, 0.1364647675604141464, 0.1392328088279745080, 0.1421959995264167054, 0.1436775948756378041, 0.1451591902248589028, 0.1463365992288123141, 0.1475140082327657254, 0.1486914172367191367, 0.1498688262406725480, 0.1513797847049416223, 0.1528907431692106966, 0.1544017016334797154, 0.1559126600977487898, 0.1574236185620176420, 0.1589345770262864666, 0.1604455354905552911, 0.1619564939548241433, 0.1631339029587775546, 0.1643113119627309382, 0.1654887209666843217, 0.1666661299706377330, 0.1681477253198585542, 0.1696293206690793753, 0.1725925113675210176, 0.1751797069905286219, 0.1777669026135362262, 0.1792066316228527745, 0.1806463606321692672, 0.1820860896414857877, 0.1835258186508023082, 0.1848307122676125513, 0.1861356058844228500, 0.1874404995012331487, 0.1887453931180433919, 0.1902912793817987391, 0.1918371656455540308, 0.1933830519093093225, 0.1949289381730646697, 0.1964857670429919212, 0.1980425959129191726, 0.1995994247828464241, 0.2011562536527737310, 0.2027186454739614008, 0.2042810372951491260, 0.2057707473413395993, 0.2072604573875300726, 0.2087501674337206015, 0.2102398774799111303, 0.2128941229405605928, 0.2155483684012100554, 0.2179265470517314784, 0.2203047257022529570, 0.2212338130064334107, 0.2221629003106138645, 0.2230919876147943737, 0.2240210749189748274, 0.2249501622231552811, 0.2258792495273357348, 0.2268083368315162440, 0.2277374241356966977, 0.2286086705987415701, 0.2294799170617864426, 0.2303511635248313705, 0.2312224099878762429, 0.2329649029139659877, 0.2347073958400557325, 0.2364351650399699190, 0.2381629342398840499, 0.2398907034397981808, 0.2407545880397553573, 0.2416184726397123672, 0.2431193957212447465, 0.2446203188027771813, 0.2461212418843096161, 0.2476221649658420509, 0.2492704780048310975, 0.2509187910438202551, 0.2525671040828093572, 0.2542154171217985148, 0.2558637301607895043, 0.2575120431997804937, 0.2591603562387714277, 0.2608086692777624171, 0.2623095923592964063, 0.2638105154408303954, 0.2653114385223643845, 0.2668123616038983736, 0.2676762462038562163, 0.2685401308038141144, 0.2702679000037299106, 0.2719956692036457069, 0.2737234384035615031, 0.2756743287137642939, 0.2776252190239670847, 0.2786006641790684801, 0.2795761093341698755, 0.2805515544892712709, 0.2815269996443727218, 0.2823518197785921391, 0.2831766399128116674, 0.2840014600470310846, 0.2848262801812505018, 0.2856511003154699191, 0.2864759204496893918, 0.2881255607181283374, 0.2896269450940959223, 0.2911283294700636182, 0.2941310982219990100, 0.2958964427714450562, 0.2976617873208911025, 0.2994271318703372042, 0.3011924764197832505, 0.3025089528872023648, 0.3038254293546214235, 0.3051419058220405378, 0.3064583822894596521, 0.3079434886178387121, 0.3094285949462177721, 0.3109137012745968320, 0.3123988076029759475, 0.3141328316915177887, 0.3158668557800596299, 0.3176008798686014711, 0.3193349039571433123, 0.3205314458472539041, 0.3217279877373645514, 0.3229245296274751986, 0.3241210715175858459, 0.3256665393167723077, 0.3272120071159587695, 0.3303029427143317487, 0.3330709839818931650, 0.3358390252494545258, 0.3388022159479011086, 0.3402838112971243723, 0.3417654066463476914, 0.3429428156503014913, 0.3441202246542552912, 0.3452976336582090910, 0.3464750426621629464, 0.3479860011264334085, 0.3494969595907039261, 0.3510079180549744438, 0.3525188765192449059, 0.3540298349835123703, 0.3555407934477798904, 0.3570517519120473549, 0.3585627103763148193, 0.3597401193802678421, 0.3609175283842207538, 0.3620949373881737765, 0.3632723463921267992, 0.3647539417413452889, 0.3662355370905638896, 0.3691987277890009800, 0.3717859234120078349, 0.3743731190350146898, 0.3758128480443338471, 0.3772525770536530043, 0.3786923060629722171, 0.3801320350722913743, 0.3814369286891023392, 0.3827418223059134705, 0.3840467159227245464, 0.3853516095395355667, 0.3868974958032919131, 0.3884433820670482040, 0.3899892683308044949, 0.3915351545945608414, 0.3930919834644873712, 0.3946488123344138454, 0.3962056412043403752, 0.3977624700742669051, 0.3993248618954537976, 0.4008872537166405792, 0.4023769637628290541, 0.4038666738090174180, 0.4053563838552058374, 0.4068460939013943123, 0.4095003393620409438, 0.4121545848226876307, 0.4145327634732123290, 0.4169109421237369717, 0.4178400294279189797, 0.4187691167321010433, 0.4206272913404650593, 0.4215563786446471228, 0.4224854659488290753, 0.4234145532530110834, 0.4243436405571930914, 0.4252148870202379083, 0.4260861334832827252, 0.4269573799463275421, 0.4278286264093724145, 0.4295711193354619928, 0.4313136122615516821, 0.4330413814614643697, 0.4347691506613769463, 0.4364969198612895784, 0.4373608044612459222, 0.4382246890612022105, 0.4397256121427329800, 0.4412265352242636940, 0.4427274583057944080, 0.4442283813873251219, 0.4458766944263128917, 0.4475250074653006616, 0.4491733205042884869, 0.4508216335432762567, 0.4524699465822686895, 0.4541182596212611777, 0.4557665726602536660, 0.4574148856992460432, 0.4589158087807815867, 0.4604167318623171301, 0.4619176549438526180, 0.4634185780253881615, 0.4642824626253467812, 0.4651463472253054565, 0.4668741164252228071, 0.4686018856251401576, 0.4703296548250574527, 0.4722805451352580786, 0.4732559902903584192, 0.4742314354454588154, 0.4752068806005591006, 0.4761823257556594413, 0.4771577709107597820, 0.4781332160658600672, 0.4789580362000791514, 0.4797828563342981800, 0.4806076764685172087, 0.4814324966027363484, 0.4822573167369554326, 0.4830821368711745167, 0.4847317771396126296, 0.4862331615155793818, 0.4877345458915460785, 0.4907373146434795830, 0.4925026591929290154, 0.4942680037423784478, 0.4960333482918278802, 0.4969160205665525964, 0.4977986928412773127, 0.4991151693086969821, 0.5004316457761166514, 0.5017481222435363764, 0.5030645987109561013, 0.5045497050393343841, 0.5060348113677126669, 0.5075199176960909497, 0.5090050240244693436, 0.5107390481130102966, 0.5124730722015513606, 0.5142070962900923137, 0.5159411203786332667, 0.5171376622687424707, 0.5183342041588516746, 0.5195307460489606566, 0.5207272879390698606, 0.5222727557382547126, 0.5238182235374395646, 0.5269091591358093796, 0.5296772004033721837, 0.5324452416709346547, 0.5354084323693857339, 0.5368900277186112735, 0.5383716230678369241, 0.5395490320717910571, 0.5407264410757453010, 0.5419038500796995450, 0.5430812590836537890, 0.5445922175479254168, 0.5461031760121972667, 0.5476141344764691166, 0.5491250929407409664, 0.5506360514050070432, 0.5521470098692730089, 0.5536579683335389745, 0.5551689267978050513, 0.5563463358017576299, 0.5575237448057102085, 0.5587011538096628982, 0.5598785628136154768, 0.5613601581628318016, 0.5628417535120480153, 0.5658049442104804427, 0.5683921398334867980, 0.5709793354564930423, 0.5724190644658149196, 0.5738587934751369080, 0.5752985224844587853, 0.5767382514937806626, 0.5780431451105922935, 0.5793480387274040355, 0.5806529323442157775, 0.5819578259610274085, 0.5835037122247846986, 0.5850495984885419887, 0.5865954847522993898, 0.5881413710160566799, 0.5896981998859825991, 0.5912550287559085183, 0.5928118576258344374, 0.5943686864957603566, 0.5959310783169462500, 0.5974934701381322544, 0.5989831801843188419, 0.6004728902305054294, 0.6019626002766920170, 0.6034523103228784935, 0.6061065557835225714, 0.6087608012441667604, 0.6111389798946942342, 0.6135171585452215970, 0.6144462458494051038, 0.6153753331535887217, 0.6163044204577722285, 0.6172335077619557353, 0.6181625950661392421, 0.6190916823703227490, 0.6200207696745063668, 0.6209498569786898736, 0.6218211034417346905, 0.6226923499047796184, 0.6235635963678244353, 0.6244348428308692522, 0.6261773357569588860, 0.6279198286830486309, 0.6296475978829623177, 0.6313753670828760045, 0.6331031362827896913, 0.6339670208827465903, 0.6348309054827033782, 0.6363318285642353134, 0.6378327516457671376, 0.6393336747272989617, 0.6408345978088307859, 0.6424829108478196105, 0.6441312238868085460, 0.6457795369257974816, 0.6474278499647863061, 0.6490761630037776841, 0.6507244760427690622, 0.6523727890817604402, 0.6540211021207518183, 0.6555220252022865290, 0.6570229482838212398, 0.6585238713653558396, 0.6600247944468905503, 0.6608886790468486705, 0.6617525636468067907, 0.6634803328467233641, 0.6652081020466398265, 0.6669358712465561778, 0.6688867615567644087, 0.6698622067118684686, 0.6708376518669725286, 0.6718130970220765885, 0.6727885421771806485, 0.6737639873322847084, 0.6747394324873887683, 0.6755642526216090182, 0.6763890727558292681, 0.6772138928900495181, 0.6780387130242696569, 0.6788635331584900179, 0.6796883532927102678, 0.6813379935611507676, 0.6828393779371202399, 0.6843407623130898232, 0.6873435310650286567, 0.6891088756144672089, 0.6908742201639057612, 0.6926395647133443134, 0.6944049092627829767, 0.6957213857302009252, 0.6970378621976189848, 0.6983543386650370444, 0.6996708151324549929, 0.7011559214608376056, 0.7026410277892204403, 0.7041261341176030530, 0.7056112404459857768, 0.7073452645345315037, 0.7090792886230771197, 0.7108133127116229577, 0.7125473368001686847, 0.7137438786902857712, 0.7149404205804030799, 0.7161369624705202774, 0.7173335043606374750, 0.7188789721598324300, 0.7204244399590271630, 0.7235153755574167400, 0.7262834168249736599, 0.7290514580925304688, 0.7320146487909555688, 0.7334962441401681188, 0.7349778394893806688, 0.7361552484933325813, 0.7373326574972848269, 0.7385100665012367394, 0.7396874755051886519, 0.7411984339694525081, 0.7427093924337164754, 0.7442203508979804427, 0.7457313093622444100, 0.7472422678265222551, 0.7487532262908001002, 0.7502641847550779453, 0.7517751432193559014, 0.7529525522233116996, 0.7541299612272673869, 0.7553073702312232962, 0.7564847792351790945, 0.7579663745844140710, 0.7594479699336491585, 0.7624111606321193335, 0.7649983562551319061, 0.7675855518781445896, 0.7690252808874449286, 0.7704650098967451566, 0.7719047389060453845, 0.7733444679153457235, 0.7746493615321509152, 0.7759542551489561069, 0.7772591487657612985, 0.7785640423825664902, 0.7801099286463155646, 0.7816558149100645281, 0.7832017011738134915, 0.7847475874375626770, 0.7863044163074959236, 0.7878612451774292813, 0.7894180740473626390, 0.7909749029172958856, 0.7925372947384903277, 0.7940996865596846588, 0.7955893966058920075, 0.7970791066520992452, 0.7985688166983065939, 0.8000585267445139426, 0.8027127722051856651, 0.8053670176658572766, 0.8077451963163576609, 0.8101233749668580453, 0.8110524622710248988, 0.8119815495751916412, 0.8129106368793584947, 0.8138397241835253482, 0.8147688114876920906, 0.8156978987918589441, 0.8166269860960257976, 0.8175560734001925400, 0.8184273198632380231, 0.8192985663262835061, 0.8210410592523745832, 0.8227835521784656603, 0.8245260451045566263, 0.8262538143044872996, 0.8279815835044180838, 0.8297093527043488681, 0.8305732373043140937, 0.8314371219042795413, 0.8329380449858294622, 0.8344389680673791609, 0.8359398911489289707, 0.8374408142304787805, 0.8390891272694858127, 0.8407374403084927339, 0.8423857533474996551, 0.8440340663865066873, 0.8456823794254803017, 0.8473306924644539162, 0.8489790055034275307, 0.8506273185424011452, 0.8521282416239176483, 0.8536291647054341514, 0.8551300877869506545, 0.8566310108684670466, 0.8574948954684167290, 0.8583587800683665225, 0.8600865492682659985, 0.8618143184681652524, 0.8635420876680646174, 0.8654929779782993826, 0.8664684231334167652, 0.8674438682885341478, 0.8684193134436515304, 0.8693947585987689131, 0.8703702037538862957, 0.8713456489090037893, 0.8721704690432279250, 0.8729952891774521717, 0.8738201093116764184, 0.8746449294459006651, 0.8754697495801246898, 0.8762945697143489365, 0.8779442099827973189, 0.8794455943587782265, 0.8809469787347590231, 0.8839497474867208382, 0.8857150920361198665, 0.8874804365855190058, 0.8892457811349181451, 0.8910111256843172844, 0.8923276021517274614, 0.8936440786191375274, 0.8949605550865477044, 0.8962770315539576593, 0.8977621378823491538, 0.8992472442107406483, 0.9007323505391320317, 0.9022174568675236372, 0.9039514809560788011, 0.9056855050446341870, 0.9074195291331894619, 0.9091535532217447368, 0.9103500951118775886, 0.9115466370020103293, 0.9127431788921430700, 0.9139397207822758107, 0.9154851885814916379, 0.9170306563807073541, 0.9185761241799230703, 0.9201215919791387865, 0.9228896332466819397, 0.9256576745142250928, 0.9286208652125971241, 0.9301024605617831398, 0.9315840559109691554, 0.9327614649149149617, 0.9339388739188607680, 0.9351162829228065743, 0.9362936919267522695, 0.9378046503909983622, 0.9393156088552443439, 0.9408265673194904366, 0.9423375257837365293 ),
 .UNSPECIFIED. ) ;
#2971 = CARTESIAN_POINT ( 'NONE',  ( -41.21469895921492821, 10.00000000000000000, -26.39902915811773809 ) ) ;
#2972 = CIRCLE ( 'NONE', #728, 42.50000000000000711 ) ;
#2973 = ORIENTED_EDGE ( 'NONE', *, *, #3582, .F. ) ;
#2974 = CARTESIAN_POINT ( 'NONE',  ( 39.83533076715598042, 0.000000000000000000, -27.01599365183455603 ) ) ;
#2975 = CARTESIAN_POINT ( 'NONE',  ( -41.61562696374377168, 10.00000000000000000, -25.88321177555231500 ) ) ;
#2976 = CARTESIAN_POINT ( 'NONE',  ( -7.423693273924905078, 3.105155021998484699E-13, 48.18061274185853193 ) ) ;
#2977 = VECTOR ( 'NONE', #2283, 1000.000000000000000 ) ;
#2978 = CARTESIAN_POINT ( 'NONE',  ( -47.51205586092479649, 10.00000000000000000, 8.227163105237080387 ) ) ;
#2979 = CARTESIAN_POINT ( 'NONE',  ( -0.2623666727575983404, 10.00000000000000000, -48.48502521481603367 ) ) ;
#2980 = CARTESIAN_POINT ( 'NONE',  ( 7.096471593392148058, 2.758210326803123280E-13, -46.82209335687473128 ) ) ;
#2981 = CARTESIAN_POINT ( 'NONE',  ( 43.37048054946014020, 0.000000000000000000, 22.80168480190333469 ) ) ;
#2982 = VECTOR ( 'NONE', #7100, 1000.000000000000114 ) ;
#2983 = EDGE_CURVE ( 'NONE', #490, #4546, #407, .T. ) ;
#2984 = EDGE_CURVE ( 'NONE', #4075, #1283, #5331, .T. ) ;
#2985 = CARTESIAN_POINT ( 'NONE',  ( -48.53784371710394652, 10.00000000000000000, 6.792624207195005148 ) ) ;
#2986 = CARTESIAN_POINT ( 'NONE',  ( 12.30177350753673515, 10.00000000000000000, 47.39131966130712925 ) ) ;
#2987 = AXIS2_PLACEMENT_3D ( 'NONE', #418, #2549, #3180 ) ;
#2988 = CARTESIAN_POINT ( 'NONE',  ( 23.75687818077963342, 10.00000000000000000, 42.71247589132966027 ) ) ;
#2989 = CARTESIAN_POINT ( 'NONE',  ( 39.51782192992379095, 10.00000000000000000, -28.97611372683462960 ) ) ;
#2990 = CARTESIAN_POINT ( 'NONE',  ( 9.499999999999793943, 0.000000000000000000, 16.45448267190445790 ) ) ;
#2991 = ORIENTED_EDGE ( 'NONE', *, *, #5338, .T. ) ;
#2992 = CARTESIAN_POINT ( 'NONE',  ( -48.55650356974820880, 0.000000000000000000, -6.441202254763799928 ) ) ;
#2993 = CARTESIAN_POINT ( 'NONE',  ( -29.53041312804161223, 2.758210326803123280E-13, -36.70068046428787056 ) ) ;
#2994 = CARTESIAN_POINT ( 'NONE',  ( 37.96953194799060327, 10.00000000000000000, 29.51514361698095712 ) ) ;
#2995 = CARTESIAN_POINT ( 'NONE',  ( -37.93823880513752300, 10.00000000000000000, 30.81290142183474501 ) ) ;
#2996 = CARTESIAN_POINT ( 'NONE',  ( 48.73228654713041408, 10.00000000000000000, 4.086991198159143579 ) ) ;
#2997 = CARTESIAN_POINT ( 'NONE',  ( 20.73457533539865594, 5.000000000000000000, 29.26295592348078856 ) ) ;
#2998 = CARTESIAN_POINT ( 'NONE',  ( 23.17336651174888473, 10.00000000000000000, -42.70998122139233288 ) ) ;
#2999 = CARTESIAN_POINT ( 'NONE',  ( -0.2623666731068121649, 0.000000000000000000, 48.48502521448254754 ) ) ;
#3000 = CARTESIAN_POINT ( 'NONE',  ( -13.67419874460295048, 0.000000000000000000, -46.55795448687410953 ) ) ;
#3001 = CARTESIAN_POINT ( 'NONE',  ( 47.93372876040215402, 10.00000000000000000, 4.899042732818436718 ) ) ;
#3002 = DIRECTION ( 'NONE',  ( 0.000000000000000000, 0.000000000000000000, 1.000000000000000000 ) ) ;
#3003 = DIRECTION ( 'NONE',  ( 0.000000000000000000, 1.000000000000000000, 0.000000000000000000 ) ) ;
#3004 = DIRECTION ( 'NONE',  ( -0.000000000000000000, -1.000000000000000000, 0.000000000000000000 ) ) ;
#3005 = EDGE_LOOP ( 'NONE', ( #3280, #2879, #4520, #321 ) ) ;
#3006 = VECTOR ( 'NONE', #6972, 1000.000000000000000 ) ;
#3007 = CARTESIAN_POINT ( 'NONE',  ( -41.43207856221283691, 10.00000000000000000, -26.15909552961273477 ) ) ;
#3008 = VERTEX_POINT ( 'NONE', #7066 ) ;
#3009 = CARTESIAN_POINT ( 'NONE',  ( 38.98907634042849679, 0.000000000000000000, -29.41053317191330052 ) ) ;
#3010 = CARTESIAN_POINT ( 'NONE',  ( -44.70801936866121196, 10.00000000000000000, -20.07285128636565119 ) ) ;
#3011 = CARTESIAN_POINT ( 'NONE',  ( -9.256225765839532826, 3.105155021998484699E-13, 47.99028174780832501 ) ) ;
#3012 = CARTESIAN_POINT ( 'NONE',  ( -46.69674352706957166, 3.105155021998484699E-13, 14.30181089849609499 ) ) ;
#3013 = CARTESIAN_POINT ( 'NONE',  ( 0.9696227746150907212, 10.00000000000000000, -47.09635402424679995 ) ) ;
#3014 = CARTESIAN_POINT ( 'NONE',  ( 46.15953016461975267, 0.000000000000000000, 15.67738629354905733 ) ) ;
#3015 = CARTESIAN_POINT ( 'NONE',  ( -41.43207856240129416, 0.000000000000000000, 26.15909552898271073 ) ) ;
#3016 = CARTESIAN_POINT ( 'NONE',  ( -48.27679355251305537, 10.00000000000000000, 5.475449116227479429 ) ) ;
#3017 = CARTESIAN_POINT ( 'NONE',  ( 11.28158826323719843, 10.00000000000000000, 47.62331684550641597 ) ) ;
#3018 = CIRCLE ( 'NONE', #6416, 7.525000000000016342 ) ;
#3019 = CARTESIAN_POINT ( 'NONE',  ( 13.15008245729308101, 10.00000000000000000, 46.30110724267517952 ) ) ;
#3020 = CARTESIAN_POINT ( 'NONE',  ( 37.32867823460211554, 10.00000000000000000, -29.49145376580781530 ) ) ;
#3021 = DIRECTION ( 'NONE',  ( -0.000000000000000000, 1.000000000000000000, -0.000000000000000000 ) ) ;
#3022 = ORIENTED_EDGE ( 'NONE', *, *, #4523, .T. ) ;
#3023 = CC_DESIGN_APPROVAL ( #6222, ( #6663 ) ) ;
#3024 = CARTESIAN_POINT ( 'NONE',  ( -47.06317427212636773, 0.000000000000000000, -4.281247491575454589 ) ) ;
#3025 = CARTESIAN_POINT ( 'NONE',  ( -30.56645755469000747, 2.758210326803123280E-13, -36.64244819198545144 ) ) ;
#3026 = CARTESIAN_POINT ( 'NONE',  ( 31.26049057972285539, 10.00000000000000000, 35.08948155852296935 ) ) ;
#3027 = CARTESIAN_POINT ( 'NONE',  ( -37.80209017924777726, 3.105155021998484699E-13, 27.93370669360054848 ) ) ;
#3028 = CARTESIAN_POINT ( 'NONE',  ( 48.11266214965051802, 10.00000000000000000, 4.857465167293119279 ) ) ;
#3029 = CARTESIAN_POINT ( 'NONE',  ( 18.74678718252987153, 5.000000000000000000, 29.85820650879297489 ) ) ;
#3030 = CARTESIAN_POINT ( 'NONE',  ( 21.45409433957454581, 2.758210326803123280E-13, -42.01324511761499281 ) ) ;
#3031 = CARTESIAN_POINT ( 'NONE',  ( -19.36711515965708230, 0.000000000000000000, 43.69752291379761289 ) ) ;
#3032 = CARTESIAN_POINT ( 'NONE',  ( -19.36711515934238648, 0.000000000000000000, -43.69752291426866719 ) ) ;
#3033 = CARTESIAN_POINT ( 'NONE',  ( 46.18891600156401012, 10.00000000000000000, 15.97901472148928192 ) ) ;
#3034 = CARTESIAN_POINT ( 'NONE',  ( -2.124494408287888976E-13, 5.000000000000000000, 22.47499999999998010 ) ) ;
#3035 = FACE_OUTER_BOUND ( 'NONE', #6522, .T. ) ;
#3036 = DIRECTION ( 'NONE',  ( 0.000000000000000000, 1.000000000000000000, -0.000000000000000000 ) ) ;
#3037 = ORIENTED_EDGE ( 'NONE', *, *, #74, .T. ) ;
#3038 = CARTESIAN_POINT ( 'NONE',  ( -47.22625722617036814, 10.00000000000000000, -4.565049819590514701 ) ) ;
#3039 = VERTEX_POINT ( 'NONE', #4308 ) ;
#3040 = EDGE_CURVE ( 'NONE', #4160, #6054, #3787, .T. ) ;
#3041 = EDGE_CURVE ( 'NONE', #4648, #1387, #3094, .T. ) ;
#3042 = CARTESIAN_POINT ( 'NONE',  ( 33.92280546877942271, 0.000000000000000000, -34.67371199711350016 ) ) ;
#3043 = CARTESIAN_POINT ( 'NONE',  ( -44.54563008437063587, 2.758210326803123280E-13, -18.12500773705440693 ) ) ;
#3044 = CARTESIAN_POINT ( 'NONE',  ( -8.032755439338080450, 3.105155021998484699E-13, 48.29753861937307136 ) ) ;
#3045 = CARTESIAN_POINT ( 'NONE',  ( -46.21235154911381926, 10.00000000000000000, 9.132568660383977743 ) ) ;
#3046 = CARTESIAN_POINT ( 'NONE',  ( -9.502749607268279775, 10.00000000000000000, -47.81401925544493992 ) ) ;
#3047 = VECTOR ( 'NONE', #270, 1000.000000000000000 ) ;
#3048 = CARTESIAN_POINT ( 'NONE',  ( -1.739070291964700310, 10.00000000000000000, -48.97997532753041128 ) ) ;
#3049 = CARTESIAN_POINT ( 'NONE',  ( 46.20419157647511810, 0.000000000000000000, 11.70495020559071619 ) ) ;
#3050 = CARTESIAN_POINT ( 'NONE',  ( -38.70638873910764488, 0.000000000000000000, 27.02152812934768633 ) ) ;
#3051 = CARTESIAN_POINT ( 'NONE',  ( -47.42108593941478745, 10.00000000000000000, 4.803653317280635271 ) ) ;
#3052 = CARTESIAN_POINT ( 'NONE',  ( 12.72176798425815036, 3.105155021998484699E-13, 47.11054574171100739 ) ) ;
#3053 = CARTESIAN_POINT ( 'NONE',  ( 8.332725805580999179, 10.00000000000000000, 46.25062801752088859 ) ) ;
#3054 = CARTESIAN_POINT ( 'NONE',  ( 46.99999999999997158, 0.000000000000000000, -4.799259554187569168E-12 ) ) ;
#3055 = CARTESIAN_POINT ( 'NONE',  ( 39.83533076715598042, 10.00000000000000000, -27.01599365183455603 ) ) ;
#3056 = DIRECTION ( 'NONE',  ( -0.000000000000000000, -1.000000000000000000, 0.000000000000000000 ) ) ;
#3057 = ORIENTED_EDGE ( 'NONE', *, *, #7000, .F. ) ;
#3058 = CARTESIAN_POINT ( 'NONE',  ( -46.98971807196924999, 0.000000000000000000, -12.04115489140017559 ) ) ;
#3059 = CARTESIAN_POINT ( 'NONE',  ( -28.17542666203026513, 2.758210326803123280E-13, -38.89176394523000369 ) ) ;
#3060 = CARTESIAN_POINT ( 'NONE',  ( 33.57032259454191347, 10.00000000000000000, 34.56409139248570739 ) ) ;
#3061 = CARTESIAN_POINT ( 'NONE',  ( -39.27315821590496370, 3.105155021998484699E-13, 26.82194037189785618 ) ) ;
#3062 = CARTESIAN_POINT ( 'NONE',  ( -31.10802785787805647, 3.105155021998484699E-13, 36.84253340256477571 ) ) ;
#3063 = CARTESIAN_POINT ( 'NONE',  ( 40.98477501304218862, 10.00000000000000000, 24.03147806767870520 ) ) ;
#3064 = DIRECTION ( 'NONE',  ( -0.000000000000000000, -1.000000000000000000, -0.000000000000000000 ) ) ;
#3065 = CARTESIAN_POINT ( 'NONE',  ( 24.64011210093111970, 2.758210326803123280E-13, -42.35872378985594366 ) ) ;
#3066 = CARTESIAN_POINT ( 'NONE',  ( -13.30744967007983881, 0.000000000000000000, 46.12998155877874495 ) ) ;
#3067 = EDGE_CURVE ( 'NONE', #1338, #4141, #3088, .T. ) ;
#3068 = EDGE_CURVE ( 'NONE', #7049, #205, #2646, .T. ) ;
#3069 = CARTESIAN_POINT ( 'NONE',  ( -22.34997608210678166, 0.000000000000000000, -43.27906376230852459 ) ) ;
#3070 = CARTESIAN_POINT ( 'NONE',  ( 46.10308376676828601, 3.105155021998484699E-13, 16.61030621710673572 ) ) ;
#3071 = DIRECTION ( 'NONE',  ( -0.000000000000000000, 1.000000000000000000, -0.000000000000000000 ) ) ;
#3072 = CARTESIAN_POINT ( 'NONE',  ( -19.00000000000000000, -5.000000000000000000, -0.9000000000003287592 ) ) ;
#3073 = DIRECTION ( 'NONE',  ( 0.000000000000000000, 0.000000000000000000, 1.000000000000000000 ) ) ;
#3074 = ORIENTED_EDGE ( 'NONE', *, *, #5597, .F. ) ;
#3075 = CARTESIAN_POINT ( 'NONE',  ( -27.90557941559861277, 10.00000000000000000, 40.15990372538703213 ) ) ;
#3076 = CARTESIAN_POINT ( 'NONE',  ( -48.99250442892494561, 10.00000000000000000, -0.2075573755636170303 ) ) ;
#3077 = VERTEX_POINT ( 'NONE', #2007 ) ;
#3078 = CARTESIAN_POINT ( 'NONE',  ( 28.14737955430765837, 0.000000000000000000, 38.75389351849127451 ) ) ;
#3079 = CARTESIAN_POINT ( 'NONE',  ( 19.72309172798750510, 0.000000000000000000, -43.06451694048760004 ) ) ;
#3080 = CARTESIAN_POINT ( 'NONE',  ( -46.29342709027387315, 10.00000000000000000, -14.65171814686508256 ) ) ;
#3081 = CARTESIAN_POINT ( 'NONE',  ( 47.70294041337523083, 10.00000000000000000, -8.677611613486529762 ) ) ;
#3082 = CARTESIAN_POINT ( 'NONE',  ( -13.67419874493829290, 10.00000000000000000, 46.55795448644408197 ) ) ;
#3083 = CARTESIAN_POINT ( 'NONE',  ( -46.69674352706957166, 10.00000000000000000, 14.30181089849609499 ) ) ;
#3084 = CIRCLE ( 'NONE', #4024, 3.499999999999999556 ) ;
#3085 = EDGE_CURVE ( 'NONE', #2690, #3626, #4269, .T. ) ;
#3086 = CARTESIAN_POINT ( 'NONE',  ( -16.54945442412029166, 10.00000000000000000, -44.53514656172582420 ) ) ;
#3087 = CARTESIAN_POINT ( 'NONE',  ( -2.990908725133333501, 2.758210326803123280E-13, -48.49416211936489418 ) ) ;
#3088 = CIRCLE ( 'NONE', #3670, 7.525000000000018119 ) ;
#3089 = CARTESIAN_POINT ( 'NONE',  ( -44.36549163220843184, 10.00000000000000000, 17.86373836095681256 ) ) ;
#3090 = CARTESIAN_POINT ( 'NONE',  ( 14.16787126553803056, 3.105155021998484699E-13, 44.82238695537763817 ) ) ;
#3091 = CARTESIAN_POINT ( 'NONE',  ( -2.441654944199910915, 10.00000000000000000, 48.83377677742858225 ) ) ;
#3092 = CARTESIAN_POINT ( 'NONE',  ( 48.54034189597091142, 0.000000000000000000, 4.451154402077203365 ) ) ;
#3093 = CARTESIAN_POINT ( 'NONE',  ( 26.49275082305607398, 10.00000000000000000, -38.79792018052347657 ) ) ;
#3094 = CIRCLE ( 'NONE', #7207, 2.074999999999997069 ) ;
#3095 = LINE ( 'NONE', #1248, #2144 ) ;
#3096 = ORIENTED_EDGE ( 'NONE', *, *, #6764, .F. ) ;
#3097 = CARTESIAN_POINT ( 'NONE',  ( -31.67578445153468891, 10.00000000000000000, -36.94274784087429708 ) ) ;
#3098 = CARTESIAN_POINT ( 'NONE',  ( 35.60221757813911125, 10.00000000000000000, 33.58179431255224756 ) ) ;
#3099 = CIRCLE ( 'NONE', #5693, 6.525000000000003020 ) ;
#3100 = CARTESIAN_POINT ( 'NONE',  ( -37.64950513550373756, 10.00000000000000000, 28.42368189153648572 ) ) ;
#3101 = CARTESIAN_POINT ( 'NONE',  ( -32.81593044812791504, 10.00000000000000000, 36.40297676926140014 ) ) ;
#3102 = CARTESIAN_POINT ( 'NONE',  ( 41.29244157184334796, 10.00000000000000000, 23.97810055945765129 ) ) ;
#3103 = DIRECTION ( 'NONE',  ( 0.000000000000000000, 1.000000000000000000, -0.000000000000000000 ) ) ;
#3104 = CARTESIAN_POINT ( 'NONE',  ( 24.06705234704800489, 2.758210326803123280E-13, -42.63747644607472864 ) ) ;
#3105 = CARTESIAN_POINT ( 'NONE',  ( 43.51869010687149597, 2.758210326803123280E-13, -21.85829326925181704 ) ) ;
#3106 = AXIS2_PLACEMENT_3D ( 'NONE', #5975, #957, #923 ) ;
#3107 = CARTESIAN_POINT ( 'NONE',  ( -16.05118333612281845, 0.000000000000000000, 46.03578262113823882 ) ) ;
#3108 = CARTESIAN_POINT ( 'NONE',  ( -22.56135536600321956, 0.000000000000000000, -41.88270893814465268 ) ) ;
#3109 = CARTESIAN_POINT ( 'NONE',  ( 47.46058379547157813, 10.00000000000000000, 8.519075685039375401 ) ) ;
#3110 = DIRECTION ( 'NONE',  ( -0.000000000000000000, -1.000000000000000000, 0.000000000000000000 ) ) ;
#3111 = CARTESIAN_POINT ( 'NONE',  ( 11.42095920628385741, 0.5000000000000336398, 33.92165911943856571 ) ) ;
#3112 = FACE_BOUND ( 'NONE', #7176, .T. ) ;
#3113 = ORIENTED_EDGE ( 'NONE', *, *, #1191, .F. ) ;
#3114 = DIRECTION ( 'NONE',  ( 0.000000000000000000, 0.000000000000000000, 1.000000000000000000 ) ) ;
#3115 = ORIENTED_EDGE ( 'NONE', *, *, #683, .F. ) ;
#3116 = CARTESIAN_POINT ( 'NONE',  ( 30.79779147582428322, 0.000000000000000000, 36.76856092957612532 ) ) ;
#3117 = CARTESIAN_POINT ( 'NONE',  ( 26.49275082305607398, 0.000000000000000000, -38.79792018052347657 ) ) ;
#3118 = CARTESIAN_POINT ( 'NONE',  ( -45.16415474052955403, 10.00000000000000000, -14.94574159297189908 ) ) ;
#3119 = CARTESIAN_POINT ( 'NONE',  ( 48.89907398105253833, 10.00000000000000000, -3.215505859448902548 ) ) ;
#3120 = CARTESIAN_POINT ( 'NONE',  ( -14.27147613886922350, 10.00000000000000000, 46.71547522530534025 ) ) ;
#3121 = CARTESIAN_POINT ( 'NONE',  ( -48.95866733249467018, 3.105155021998484699E-13, 0.5030180420591534585 ) ) ;
#3122 = CARTESIAN_POINT ( 'NONE',  ( -15.81831764419400521, 10.00000000000000000, -46.26082462723084632 ) ) ;
#3123 = CARTESIAN_POINT ( 'NONE',  ( 2.851720363334504960, 10.00000000000000000, -47.31545203932684274 ) ) ;
#3124 = VERTEX_POINT ( 'NONE', #7175 ) ;
#3125 = DIRECTION ( 'NONE',  ( 8.659560562354950115E-17, 0.7071067811865463515, -0.7071067811865487940 ) ) ;
#3126 = CARTESIAN_POINT ( 'NONE',  ( 13.20395671633294121, 3.105155021998484699E-13, 46.06253499080016667 ) ) ;
#3127 = CARTESIAN_POINT ( 'NONE',  ( 3.571006708916256489, 10.00000000000000000, 48.22521266015944974 ) ) ;
#3128 = DIRECTION ( 'NONE',  ( 0.000000000000000000, 0.000000000000000000, 1.000000000000000000 ) ) ;
#3129 = CARTESIAN_POINT ( 'NONE',  ( 25.38699239001469010, 10.00000000000000000, -40.65148568281777841 ) ) ;
#3130 = CARTESIAN_POINT ( 'NONE',  ( -2.125719055087036327E-13, 1.500000000000000000, 23.47499999999999787 ) ) ;
#3131 = CARTESIAN_POINT ( 'NONE',  ( -47.85537724533744353, 0.000000000000000000, -5.156957751989829752 ) ) ;
#3132 = CARTESIAN_POINT ( 'NONE',  ( -33.24425336356483740, 2.758210326803123280E-13, -33.77181024464491088 ) ) ;
#3133 = CARTESIAN_POINT ( 'NONE',  ( 34.32291852254431319, 10.00000000000000000, 34.61091047103760587 ) ) ;
#3134 = CARTESIAN_POINT ( 'NONE',  ( -42.00270222787662533, 3.105155021998484699E-13, 21.42836741033329062 ) ) ;
#3135 = CARTESIAN_POINT ( 'NONE',  ( -33.46261586852389058, 10.00000000000000000, 35.22616371385498724 ) ) ;
#3136 = CARTESIAN_POINT ( 'NONE',  ( 42.79010272556886463, 10.00000000000000000, 20.31157491042446495 ) ) ;
#3137 = CARTESIAN_POINT ( 'NONE',  ( 47.17301182533935844, 10.00000000000000000, -0.8301019438993753052 ) ) ;
#3138 = ORIENTED_EDGE ( 'NONE', *, *, #1883, .T. ) ;
#3139 = CARTESIAN_POINT ( 'NONE',  ( -15.24201195471582793, 0.000000000000000000, 46.57769993196529867 ) ) ;
#3140 = CARTESIAN_POINT ( 'NONE',  ( -21.34571777572795170, 0.000000000000000000, -44.11448323028192675 ) ) ;
#3141 = PERSON_AND_ORGANIZATION_ROLE ( 'design_owner' ) ;
#3142 = CARTESIAN_POINT ( 'NONE',  ( 46.99151132223900618, 10.00000000000000000, 11.51396662815057681 ) ) ;
#3143 = CARTESIAN_POINT ( 'NONE',  ( -9.500000000000248690, 5.000000000000000000, 16.45448267190418434 ) ) ;
#3144 = LINE ( 'NONE', #4208, #7217 ) ;
#3145 = DIRECTION ( 'NONE',  ( 0.000000000000000000, 0.000000000000000000, 1.000000000000000000 ) ) ;
#3146 = ORIENTED_EDGE ( 'NONE', *, *, #7209, .F. ) ;
#3147 = CARTESIAN_POINT ( 'NONE',  ( -20.16989368156881213, 2.758210326803123280E-13, -44.22350273549039912 ) ) ;
#3148 = ORIENTED_EDGE ( 'NONE', *, *, #7089, .F. ) ;
#3149 = CARTESIAN_POINT ( 'NONE',  ( 33.06835334206766674, 0.000000000000000000, 34.42723213769848911 ) ) ;
#3150 = CARTESIAN_POINT ( 'NONE',  ( 31.26049057997566649, 0.000000000000000000, -35.08948155862935181 ) ) ;
#3151 = CARTESIAN_POINT ( 'NONE',  ( -45.46852805687396426, 10.00000000000000000, -14.83317069678637701 ) ) ;
#3152 = CARTESIAN_POINT ( 'NONE',  ( 48.54034189600292137, 10.00000000000000000, -4.451154402059206205 ) ) ;
#3153 = CARTESIAN_POINT ( 'NONE',  ( -20.76633825524200816, 3.105155021998484699E-13, 44.25637569993732257 ) ) ;
#3154 = CARTESIAN_POINT ( 'NONE',  ( -47.22625722620323074, 10.00000000000000000, 4.565049818918780922 ) ) ;
#3155 = CARTESIAN_POINT ( 'NONE',  ( -18.40204756939328590, 10.00000000000000000, -43.41389834617501720 ) ) ;
#3156 = CARTESIAN_POINT ( 'NONE',  ( 2.226095765777967195, 10.00000000000000000, -47.01870026990192031 ) ) ;
#3157 = ORIENTED_EDGE ( 'NONE', *, *, #6444, .T. ) ;
#3158 = ADVANCED_FACE ( 'NONE', ( #6038 ), #1568, .F. ) ;
#3159 = EDGE_CURVE ( 'NONE', #3505, #5691, #1024, .T. ) ;
#3160 = DIRECTION ( 'NONE',  ( 0.000000000000000000, 1.000000000000000000, -0.000000000000000000 ) ) ;
#3161 = CARTESIAN_POINT ( 'NONE',  ( 2.851720362993713564, 10.00000000000000000, 47.31545203901577423 ) ) ;
#3162 = CIRCLE ( 'NONE', #2048, 13.10000000000000142 ) ;
#3163 = CARTESIAN_POINT ( 'NONE',  ( 2.851720362993713564, 10.00000000000000000, 47.31545203901577423 ) ) ;
#3164 = CARTESIAN_POINT ( 'NONE',  ( 48.51277463616114716, 0.000000000000000000, 2.064865877050552356 ) ) ;
#3165 = CARTESIAN_POINT ( 'NONE',  ( 22.25934983035124048, 10.00000000000000000, -42.18639752616959981 ) ) ;
#3166 = CARTESIAN_POINT ( 'NONE',  ( -49.00000000000002842, 10.00000000000000000, -3.531486802060992653E-10 ) ) ;
#3167 = EDGE_LOOP ( 'NONE', ( #4246, #5767, #3780, #5717 ) ) ;
#3168 = CARTESIAN_POINT ( 'NONE',  ( -36.93269067694564711, 2.758210326803123280E-13, -32.01126727023650886 ) ) ;
#3169 = CARTESIAN_POINT ( 'NONE',  ( 30.79779147582428322, 10.00000000000000000, 36.76856092957612532 ) ) ;
#3170 = CARTESIAN_POINT ( 'NONE',  ( -41.41186500504826284, 3.105155021998484699E-13, 23.77125310547904391 ) ) ;
#3171 = CARTESIAN_POINT ( 'NONE',  ( -29.12806626601978977, 3.105155021998484699E-13, 36.87879801367564170 ) ) ;
#3172 = CARTESIAN_POINT ( 'NONE',  ( 39.67059509895138092, 10.00000000000000000, 26.66088038512415181 ) ) ;
#3173 = DIRECTION ( 'NONE',  ( 0.000000000000000000, 1.000000000000000000, 0.000000000000000000 ) ) ;
#3174 = ADVANCED_FACE ( 'NONE', ( #3713 ), #2086, .F. ) ;
#3175 = EDGE_LOOP ( 'NONE', ( #5290, #1415 ) ) ;
#3176 = CARTESIAN_POINT ( 'NONE',  ( -16.34082967256446395, 0.000000000000000000, 45.13494020300205278 ) ) ;
#3177 = CARTESIAN_POINT ( 'NONE',  ( -26.57875404861807667, 0.000000000000000000, -40.97191091773577654 ) ) ;
#3178 = APPROVAL_STATUS ( 'not_yet_approved' ) ;
#3179 = CARTESIAN_POINT ( 'NONE',  ( 46.47266627683387696, 10.00000000000000000, 11.59441795637594375 ) ) ;
#3180 = DIRECTION ( 'NONE',  ( 0.000000000000000000, 0.000000000000000000, -1.000000000000000000 ) ) ;
#3181 = DIRECTION ( 'NONE',  ( -0.000000000000000000, 1.000000000000000000, -0.000000000000000000 ) ) ;
#3182 = ORIENTED_EDGE ( 'NONE', *, *, #1346, .T. ) ;
#3183 = CARTESIAN_POINT ( 'NONE',  ( -34.97068948096060836, 10.00000000000000000, 32.03734045008510378 ) ) ;
#3184 = CARTESIAN_POINT ( 'NONE',  ( 35.59206882336751931, 2.758210326803123280E-13, -30.97119661158752280 ) ) ;
#3185 = CARTESIAN_POINT ( 'NONE',  ( -22.19333903232032412, 2.758210326803123280E-13, -43.50383015249465046 ) ) ;
#3186 = ORIENTED_EDGE ( 'NONE', *, *, #5517, .T. ) ;
#3187 = CARTESIAN_POINT ( 'NONE',  ( 28.59655103514545615, 0.000000000000000000, 39.02577139209642354 ) ) ;
#3188 = CARTESIAN_POINT ( 'NONE',  ( 25.46978455773414041, 0.000000000000000000, -41.15945164482073437 ) ) ;
#3189 = CARTESIAN_POINT ( 'NONE',  ( -47.07165387555303937, 10.00000000000000000, -12.22458185573142586 ) ) ;
#3190 = CARTESIAN_POINT ( 'NONE',  ( 46.54892818211674665, 10.00000000000000000, -7.223747721249525355 ) ) ;
#3191 = CARTESIAN_POINT ( 'NONE',  ( -19.01068499173365467, 10.00000000000000000, 43.53569918578677544 ) ) ;
#3192 = CARTESIAN_POINT ( 'NONE',  ( -48.99250442892646618, 3.105155021998484699E-13, 0.2075573748793591577 ) ) ;
#3193 = CARTESIAN_POINT ( 'NONE',  ( -21.34571777572795170, 10.00000000000000000, -44.11448323028192675 ) ) ;
#3194 = CARTESIAN_POINT ( 'NONE',  ( -2.441654943848182935, 2.758210326803123280E-13, -48.83377677777771453 ) ) ;
#3195 = EDGE_LOOP ( 'NONE', ( #891, #119, #6012, #3057 ) ) ;
#3196 = DIRECTION ( 'NONE',  ( -0.000000000000000000, 1.000000000000000000, -0.000000000000000000 ) ) ;
#3197 = CARTESIAN_POINT ( 'NONE',  ( 5.975729838668017990, 10.00000000000000000, 48.47079846560605887 ) ) ;
#3198 = CARTESIAN_POINT ( 'NONE',  ( -3.503852009756390995, 10.00000000000000000, 47.53478937393789039 ) ) ;
#3199 = CARTESIAN_POINT ( 'NONE',  ( 46.81736925802925953, 0.000000000000000000, 7.894077009628501784 ) ) ;
#3200 = CARTESIAN_POINT ( 'NONE',  ( 27.48593654754554549, 10.00000000000000000, -38.60361176118227888 ) ) ;
#3201 = EDGE_CURVE ( 'NONE', #3951, #4648, #1976, .T. ) ;
#3202 = CARTESIAN_POINT ( 'NONE',  ( 0.000000000000000000, 4.000000000000029310, -23.47499999999999432 ) ) ;
#3203 = AXIS2_PLACEMENT_3D ( 'NONE', #5860, #6310, #5792 ) ;
#3204 = PERSON ( 'UNSPECIFIED', 'UNSPECIFIED', 'UNSPECIFIED', ('UNSPECIFIED'), ('UNSPECIFIED'), ('UNSPECIFIED') ) ;
#3205 = CARTESIAN_POINT ( 'NONE',  ( 25.40124455783663393, 3.105155021998484699E-13, 41.42371570264468517 ) ) ;
#3206 = CARTESIAN_POINT ( 'NONE',  ( 25.98076211353288301, 3.999999999999973355, 15.00000000000047784 ) ) ;
#3207 = VECTOR ( 'NONE', #1173, 1000.000000000000000 ) ;
#3208 = CARTESIAN_POINT ( 'NONE',  ( 42.75452417877918521, 10.00000000000000000, 20.00995187189532842 ) ) ;
#3209 = DIRECTION ( 'NONE',  ( -0.000000000000000000, 1.000000000000000000, -0.000000000000000000 ) ) ;
#3210 = EDGE_LOOP ( 'NONE', ( #4434, #349, #5541, #701 ) ) ;
#3211 = CARTESIAN_POINT ( 'NONE',  ( -31.96777131242016523, 0.000000000000000000, 36.89581434568024321 ) ) ;
#3212 = CARTESIAN_POINT ( 'NONE',  ( -28.02428562150406322, 0.000000000000000000, -39.99167870436807704 ) ) ;
#3213 = DATE_AND_TIME ( #5936, #4431 ) ;
#3214 = CARTESIAN_POINT ( 'NONE',  ( 41.93074063585570599, 10.00000000000000000, 24.02215402624328533 ) ) ;
#3215 = CARTESIAN_POINT ( 'NONE',  ( 0.000000000000000000, 10.00000000000000000, 0.000000000000000000 ) ) ;
#3216 = CARTESIAN_POINT ( 'NONE',  ( -9.499999999999674927, 0.000000000000000000, -16.45448267190452896 ) ) ;
#3217 = ORIENTED_EDGE ( 'NONE', *, *, #872, .F. ) ;
#3218 = CARTESIAN_POINT ( 'NONE',  ( -37.93823880513752300, 10.00000000000000000, 30.81290142183474501 ) ) ;
#3219 = CIRCLE ( 'NONE', #5225, 6.525000000000003020 ) ;
#3220 = CARTESIAN_POINT ( 'NONE',  ( 35.82279732335787514, 2.758210326803123280E-13, -32.51019160154715593 ) ) ;
#3221 = CARTESIAN_POINT ( 'NONE',  ( -26.04487969008613391, 10.00000000000000000, -40.98070861216582017 ) ) ;
#3222 = ORIENTED_EDGE ( 'NONE', *, *, #5163, .F. ) ;
#3223 = CARTESIAN_POINT ( 'NONE',  ( 21.90432779135733199, 0.000000000000000000, 42.06592276779085893 ) ) ;
#3224 = CARTESIAN_POINT ( 'NONE',  ( 13.15008245762654759, 0.000000000000000000, -46.30110724291195368 ) ) ;
#3225 = CARTESIAN_POINT ( 'NONE',  ( -46.01862772532778223, 2.758210326803123280E-13, -9.527638197736832737 ) ) ;
#3226 = CARTESIAN_POINT ( 'NONE',  ( 48.64595250870810617, 10.00000000000000000, -4.273903290900043395 ) ) ;
#3227 = CARTESIAN_POINT ( 'NONE',  ( -17.04327590093569711, 10.00000000000000000, 43.88771629065767144 ) ) ;
#3228 = CARTESIAN_POINT ( 'NONE',  ( -46.92501412296926588, 10.00000000000000000, 3.914778265781361011 ) ) ;
#3229 = CARTESIAN_POINT ( 'NONE',  ( -33.46714325930592082, 10.00000000000000000, -34.93885925353939115 ) ) ;
#3230 = CARTESIAN_POINT ( 'NONE',  ( -9.952330259017823977, 2.758210326803123280E-13, -46.88277020341504908 ) ) ;
#3231 = ORIENTED_EDGE ( 'NONE', *, *, #5992, .T. ) ;
#3232 = CARTESIAN_POINT ( 'NONE',  ( 46.50200907407229067, 0.000000000000000000, -6.786246342409631538 ) ) ;
#3233 = CARTESIAN_POINT ( 'NONE',  ( -47.89871387967540528, 10.00000000000000000, 1.660416455089403387 ) ) ;
#3234 = CARTESIAN_POINT ( 'NONE',  ( 5.686910107454945518, 3.105155021998484699E-13, 48.60980721947337457 ) ) ;
#3235 = CARTESIAN_POINT ( 'NONE',  ( -47.66417753838507565, 0.000000000000000000, 1.815838320205932721 ) ) ;
#3236 = CARTESIAN_POINT ( 'NONE',  ( -7.168168959158637499, 10.00000000000000000, 48.06001249968313260 ) ) ;
#3237 = CARTESIAN_POINT ( 'NONE',  ( 30.96471119739343436, 10.00000000000000000, -37.31029519942948980 ) ) ;
#3238 = CARTESIAN_POINT ( 'NONE',  ( 13.14435199925527975, 2.758210326803123280E-13, -46.49983071089038589 ) ) ;
#3239 = AXIS2_PLACEMENT_3D ( 'NONE', #6804, #3455, #4449 ) ;
#3240 = CARTESIAN_POINT ( 'NONE',  ( 0.000000000000000000, 10.00000000000000000, -42.50000000000000711 ) ) ;
#3241 = ORIENTED_EDGE ( 'NONE', *, *, #872, .T. ) ;
#3242 = CARTESIAN_POINT ( 'NONE',  ( 30.15150723448668657, 3.105155021998484699E-13, 38.63869330512815736 ) ) ;
#3243 = DIRECTION ( 'NONE',  ( 8.659560562354889717E-17, 0.7071067811865512365, -0.7071067811865439090 ) ) ;
#3244 = CARTESIAN_POINT ( 'NONE',  ( 30.88096018727767245, 10.00000000000000000, 37.03306580121687119 ) ) ;
#3245 = CARTESIAN_POINT ( 'NONE',  ( -2.133709875451472726E-13, 5.000000000000000000, 37.52500000000001990 ) ) ;
#3246 = CARTESIAN_POINT ( 'NONE',  ( -47.85537724533744353, 10.00000000000000000, -5.156957751989829752 ) ) ;
#3247 = CARTESIAN_POINT ( 'NONE',  ( -28.51769218306010956, 0.000000000000000000, 37.44943886017198764 ) ) ;
#3248 = CARTESIAN_POINT ( 'NONE',  ( -37.86857215181864689, 0.000000000000000000, -29.75700132919024199 ) ) ;
#3249 = COORDINATED_UNIVERSAL_TIME_OFFSET ( 5, 0, .BEHIND. ) ;
#3250 = CARTESIAN_POINT ( 'NONE',  ( 41.61168374960330141, 10.00000000000000000, 23.93017586742096370 ) ) ;
#3251 = EDGE_CURVE ( 'NONE', #1453, #5434, #911, .T. ) ;
#3252 = APPROVAL_PERSON_ORGANIZATION ( #2098, #231, #6081 ) ;
#3253 = CARTESIAN_POINT ( 'NONE',  ( 25.98076211353288301, 3.999999999999973355, 15.00000000000047784 ) ) ;
#3254 = CARTESIAN_POINT ( 'NONE',  ( 25.98076211353288301, 5.000000000000000000, 22.52500000000049596 ) ) ;
#3255 = VERTEX_POINT ( 'NONE', #368 ) ;
#3256 = CARTESIAN_POINT ( 'NONE',  ( 35.60221757838101553, 10.00000000000000000, -33.58179431262733061 ) ) ;
#3257 = CARTESIAN_POINT ( 'NONE',  ( -21.34571777572795170, 2.758210326803123280E-13, -44.11448323028192675 ) ) ;
#3258 = VERTEX_POINT ( 'NONE', #4859 ) ;
#3259 = CARTESIAN_POINT ( 'NONE',  ( 13.08602879888290538, 0.000000000000000000, 46.68338290334923357 ) ) ;
#3260 = CARTESIAN_POINT ( 'NONE',  ( 6.199796286428714609, 0.000000000000000000, -48.31315845784696705 ) ) ;
#3261 = CARTESIAN_POINT ( 'NONE',  ( -48.46871621117659856, 10.00000000000000000, -7.128898880659186865 ) ) ;
#3262 = CARTESIAN_POINT ( 'NONE',  ( 45.65387479844790164, 2.758210326803123280E-13, -17.44902786893582203 ) ) ;
#3263 = CARTESIAN_POINT ( 'NONE',  ( -48.99250442892646618, 10.00000000000000000, 0.2075573748793591577 ) ) ;
#3264 = CARTESIAN_POINT ( 'NONE',  ( -29.12806626575416402, 10.00000000000000000, -36.87879801421694026 ) ) ;
#3265 = CARTESIAN_POINT ( 'NONE',  ( -12.84417367577392000, 2.758210326803123280E-13, -45.79109787038265011 ) ) ;
#3266 = EDGE_CURVE ( 'NONE', #1955, #5691, #4858, .T. ) ;
#3267 = CARTESIAN_POINT ( 'NONE',  ( 39.51782192971510455, 0.000000000000000000, 28.97611372678761299 ) ) ;
#3268 = DIRECTION ( 'NONE',  ( -0.000000000000000000, 1.000000000000000000, -0.000000000000000000 ) ) ;
#3269 = CARTESIAN_POINT ( 'NONE',  ( 3.415515231339314450, 3.105155021998484699E-13, 47.90363493208165835 ) ) ;
#3270 = CARTESIAN_POINT ( 'NONE',  ( -48.55650356979466409, 0.000000000000000000, 6.441202254082487144 ) ) ;
#3271 = CARTESIAN_POINT ( 'NONE',  ( -9.256225765839532826, 10.00000000000000000, 47.99028174780832501 ) ) ;
#3272 = CARTESIAN_POINT ( 'NONE',  ( 16.67966783544469678, 10.00000000000000000, -45.35459813167133092 ) ) ;
#3273 = CARTESIAN_POINT ( 'NONE',  ( 12.30177350787806034, 10.00000000000000000, -47.39131966155002118 ) ) ;
#3274 = DIRECTION ( 'NONE',  ( -0.9579701941536318266, 0.000000000000000000, 0.2868677519576802726 ) ) ;
#3275 = CARTESIAN_POINT ( 'NONE',  ( 25.40731973325410920, 3.105155021998484699E-13, 40.91425361717184472 ) ) ;
#3276 = CARTESIAN_POINT ( 'NONE',  ( 22.72236348826744390, 4.900276130186475822E-32, 28.66770533816860222 ) ) ;
#3277 = CARTESIAN_POINT ( 'NONE',  ( 30.88106224464516103, 10.00000000000000000, 37.60959895122658025 ) ) ;
#3278 = CARTESIAN_POINT ( 'NONE',  ( 42.75452417892332591, 10.00000000000000000, -20.00995187191900726 ) ) ;
#3279 = CARTESIAN_POINT ( 'NONE',  ( -47.10587011743552921, 10.00000000000000000, -2.434371989999588148 ) ) ;
#3280 = ORIENTED_EDGE ( 'NONE', *, *, #4658, .F. ) ;
#3281 = CARTESIAN_POINT ( 'NONE',  ( -26.88935590369901263, 0.000000000000000000, 40.89274805599447404 ) ) ;
#3282 = CARTESIAN_POINT ( 'NONE',  ( -28.20116912943040077, 0.000000000000000000, -39.62164887875538710 ) ) ;
#3283 = CALENDAR_DATE ( 2026, 12, 8 ) ;
#3284 = CARTESIAN_POINT ( 'NONE',  ( 45.20527538349806917, 10.00000000000000000, 17.82219091192222038 ) ) ;
#3285 = DIRECTION ( 'NONE',  ( -0.000000000000000000, 1.000000000000000000, -0.000000000000000000 ) ) ;
#3286 = ORIENTED_EDGE ( 'NONE', *, *, #33, .T. ) ;
#3287 = CARTESIAN_POINT ( 'NONE',  ( 35.58016677096953373, 2.758210326803123280E-13, -31.96031499107090923 ) ) ;
#3288 = CARTESIAN_POINT ( 'NONE',  ( -24.32017664412100899, 10.00000000000000000, -40.42943719114787626 ) ) ;
#3289 = CC_DESIGN_PERSON_AND_ORGANIZATION_ASSIGNMENT ( #3871, #1178, ( #3961 ) ) ;
#3290 = EDGE_CURVE ( 'NONE', #1235, #7232, #6551, .T. ) ;
#3291 = EDGE_LOOP ( 'NONE', ( #6005, #5033, #3525, #7099 ) ) ;
#3292 = CARTESIAN_POINT ( 'NONE',  ( 16.67966783511800344, 0.000000000000000000, 45.35459813145998709 ) ) ;
#3293 = CARTESIAN_POINT ( 'NONE',  ( 5.686910107805054793, 0.000000000000000000, -48.60980721976390839 ) ) ;
#3294 = FACE_BOUND ( 'NONE', #6924, .T. ) ;
#3295 = CARTESIAN_POINT ( 'NONE',  ( -48.35385230331711170, 2.758210326803123280E-13, -7.430222860587518241 ) ) ;
#3296 = CARTESIAN_POINT ( 'NONE',  ( 44.95693045156922807, 10.00000000000000000, -17.93557531666483129 ) ) ;
#3297 = CARTESIAN_POINT ( 'NONE',  ( -22.54327751834156146, 10.00000000000000000, 42.80170550900722759 ) ) ;
#3298 = FACE_OUTER_BOUND ( 'NONE', #5063, .T. ) ;
#3299 = CARTESIAN_POINT ( 'NONE',  ( -33.24425336356483740, 10.00000000000000000, -33.77181024464491088 ) ) ;
#3300 = CARTESIAN_POINT ( 'NONE',  ( -8.970409855017525302, 2.758210326803123280E-13, -48.13220495053219850 ) ) ;
#3301 = CARTESIAN_POINT ( 'NONE',  ( 47.98392197676413673, 0.000000000000000000, -9.878303804674477107 ) ) ;
#3302 = CARTESIAN_POINT ( 'NONE',  ( -34.04807669218732968, 2.758210326803123280E-13, -32.39143301409414732 ) ) ;
#3303 = CARTESIAN_POINT ( 'NONE',  ( 47.17301182533935844, 2.758210326803123280E-13, -0.8301019438993753052 ) ) ;
#3304 = CARTESIAN_POINT ( 'NONE',  ( 4.437374477649838944, 3.105155021998484699E-13, 48.70163177445953551 ) ) ;
#3305 = CARTESIAN_POINT ( 'NONE',  ( -44.22058171033506113, 3.105155021998484699E-13, 15.90896177310713711 ) ) ;
#3306 = CARTESIAN_POINT ( 'NONE',  ( -46.58277300975366586, 0.000000000000000000, 11.68200449670956864 ) ) ;
#3307 = CARTESIAN_POINT ( 'NONE',  ( -17.04327590093569711, 10.00000000000000000, 43.88771629065767144 ) ) ;
#3308 = CARTESIAN_POINT ( 'NONE',  ( 15.58804164124541458, 10.00000000000000000, -44.63704192822413575 ) ) ;
#3309 = CARTESIAN_POINT ( 'NONE',  ( 12.53951192193708053, 2.758210326803123280E-13, -47.25069560563708393 ) ) ;
#3310 = CARTESIAN_POINT ( 'NONE',  ( 12.27621833645988048, 0.5000000000000340838, 34.50740186172187407 ) ) ;
#3311 = CARTESIAN_POINT ( 'NONE',  ( -37.86857215203296789, 10.00000000000000000, 29.75700132858588987 ) ) ;
#3312 = CARTESIAN_POINT ( 'NONE',  ( 25.40479977759299146, 3.105155021998484699E-13, 40.37037995076605768 ) ) ;
#3313 = DIRECTION ( 'NONE',  ( 0.000000000000000000, 0.000000000000000000, 1.000000000000000000 ) ) ;
#3314 = CARTESIAN_POINT ( 'NONE',  ( 27.48593654726746038, 10.00000000000000000, 38.60361176104862579 ) ) ;
#3315 = CARTESIAN_POINT ( 'NONE',  ( 43.52754636371169994, 10.00000000000000000, -22.16671749009647385 ) ) ;
#3316 = CIRCLE ( 'NONE', #150, 0.9000000000000014655 ) ;
#3317 = CARTESIAN_POINT ( 'NONE',  ( 11.88584931577152481, 0.5000000000000353051, 35.47411967105784925 ) ) ;
#3318 = ORIENTED_EDGE ( 'NONE', *, *, #683, .T. ) ;
#3319 = CARTESIAN_POINT ( 'NONE',  ( 42.81119672079082505, 2.758210326803123280E-13, -23.61110974964584130 ) ) ;
#3320 = CARTESIAN_POINT ( 'NONE',  ( -28.16194582736779495, 0.000000000000000000, 38.54419687418367602 ) ) ;
#3321 = CARTESIAN_POINT ( 'NONE',  ( -37.43648903194648625, 0.000000000000000000, -31.62128862663512407 ) ) ;
#3322 = CARTESIAN_POINT ( 'NONE',  ( 42.79010272556886463, 3.105155021998484699E-13, 20.31157491042446495 ) ) ;
#3323 = AXIS2_PLACEMENT_3D ( 'NONE', #3944, #4424, #6669 ) ;
#3324 = DIRECTION ( 'NONE',  ( -0.000000000000000000, 1.000000000000000000, -0.000000000000000000 ) ) ;
#3325 = DIRECTION ( 'NONE',  ( 0.000000000000000000, 1.000000000000000000, 0.000000000000000000 ) ) ;
#3326 = ORIENTED_EDGE ( 'NONE', *, *, #366, .F. ) ;
#3327 = CARTESIAN_POINT ( 'NONE',  ( 34.56643311970682930, 2.758210326803123280E-13, -34.52604948017420128 ) ) ;
#3328 = CARTESIAN_POINT ( 'NONE',  ( -22.46789492665763177, 10.00000000000000000, -43.04588155750463585 ) ) ;
#3329 = AXIS2_PLACEMENT_3D ( 'NONE', #2649, #7256, #3313 ) ;
#3330 = CARTESIAN_POINT ( 'NONE',  ( 7.988445472473713060, 0.000000000000000000, 46.31133393131796794 ) ) ;
#3331 = CARTESIAN_POINT ( 'NONE',  ( 16.49437868896478676, 0.000000000000000000, -45.07905301767738848 ) ) ;
#3332 = DIRECTION ( 'NONE',  ( 0.000000000000000000, 0.000000000000000000, 1.000000000000000000 ) ) ;
#3333 = CARTESIAN_POINT ( 'NONE',  ( -46.87246452124724527, 10.00000000000000000, -11.89097543059359552 ) ) ;
#3334 = CARTESIAN_POINT ( 'NONE',  ( 44.44231156581875553, 2.758210326803123280E-13, -17.94223960956480468 ) ) ;
#3335 = CARTESIAN_POINT ( 'NONE',  ( -28.20116912971579737, 10.00000000000000000, 39.62164887822070369 ) ) ;
#3336 = AXIS2_PLACEMENT_3D ( 'NONE', #235, #6323, #2967 ) ;
#3337 = FACE_BOUND ( 'NONE', #3980, .T. ) ;
#3338 = CARTESIAN_POINT ( 'NONE',  ( -38.01378767760061805, 10.00000000000000000, -30.51941404834402505 ) ) ;
#3339 = CARTESIAN_POINT ( 'NONE',  ( -7.423693273577876894, 2.758210326803123280E-13, -48.18061274224353951 ) ) ;
#3340 = CARTESIAN_POINT ( 'NONE',  ( 46.16891714034355232, 0.000000000000000000, -16.29749940164609967 ) ) ;
#3341 = CARTESIAN_POINT ( 'NONE',  ( -37.93823880491556366, 2.758210326803123280E-13, -30.81290142243961583 ) ) ;
#3342 = CARTESIAN_POINT ( 'NONE',  ( 48.51277463617599750, 2.758210326803123280E-13, -2.064865877032759034 ) ) ;
#3343 = CARTESIAN_POINT ( 'NONE',  ( -6.195896858278907793, 10.00000000000000000, 47.02075252546396911 ) ) ;
#3344 = CARTESIAN_POINT ( 'NONE',  ( -43.11875750468413315, 10.00000000000000000, 20.99969512112969028 ) ) ;
#3345 = CARTESIAN_POINT ( 'NONE',  ( -48.27679355251305537, 0.000000000000000000, 5.475449116227479429 ) ) ;
#3346 = CARTESIAN_POINT ( 'NONE',  ( -12.28171053032986215, 10.00000000000000000, 45.57967856523683992 ) ) ;
#3347 = CARTESIAN_POINT ( 'NONE',  ( 13.80912449933339126, 10.00000000000000000, -45.08558219001507439 ) ) ;
#3348 = CARTESIAN_POINT ( 'NONE',  ( 16.96362320788809797, 2.758210326803123280E-13, -45.52193069388654578 ) ) ;
#3349 = DIRECTION ( 'NONE',  ( 0.000000000000000000, 0.000000000000000000, 1.000000000000000000 ) ) ;
#3350 = ADVANCED_FACE ( 'NONE', ( #5565 ), #6221, .F. ) ;
#3351 = CARTESIAN_POINT ( 'NONE',  ( -39.84587845301444275, 10.00000000000000000, 26.78375226979251522 ) ) ;
#3352 = CARTESIAN_POINT ( 'NONE',  ( 22.91024116576586778, 3.105155021998484699E-13, 42.63720566915654331 ) ) ;
#3353 = DIRECTION ( 'NONE',  ( 0.000000000000000000, 0.000000000000000000, 1.000000000000000000 ) ) ;
#3354 = CARTESIAN_POINT ( 'NONE',  ( 25.98694789235071312, 10.00000000000000000, 39.15552321652646128 ) ) ;
#3355 = CARTESIAN_POINT ( 'NONE',  ( 45.57783576002800885, 10.00000000000000000, -14.82240055638778742 ) ) ;
#3356 = CARTESIAN_POINT ( 'NONE',  ( 0.000000000000000000, 5.000000000000000000, 0.000000000000000000 ) ) ;
#3357 = ORIENTED_EDGE ( 'NONE', *, *, #3359, .F. ) ;
#3358 = CARTESIAN_POINT ( 'NONE',  ( -34.52033369154238329, 0.000000000000000000, 32.14397764991450401 ) ) ;
#3359 = EDGE_CURVE ( 'NONE', #859, #3008, #6810, .T. ) ;
#3360 = CARTESIAN_POINT ( 'NONE',  ( -44.54563008437063587, 0.000000000000000000, -18.12500773705440693 ) ) ;
#3361 = PERSON_AND_ORGANIZATION_ROLE ( 'creator' ) ;
#3362 = CARTESIAN_POINT ( 'NONE',  ( 42.54913690571854090, 10.00000000000000000, 23.80135955393712166 ) ) ;
#3363 = LINE ( 'NONE', #5030, #1745 ) ;
#3364 = DIRECTION ( 'NONE',  ( 0.000000000000000000, 0.000000000000000000, 1.000000000000000000 ) ) ;
#3365 = ORIENTED_EDGE ( 'NONE', *, *, #1083, .T. ) ;
#3366 = CARTESIAN_POINT ( 'NONE',  ( 26.49275082305607398, 10.00000000000000000, -38.79792018052347657 ) ) ;
#3367 = CARTESIAN_POINT ( 'NONE',  ( 14.66602667439688190, 0.000000000000000000, 44.62819223802210900 ) ) ;
#3368 = CARTESIAN_POINT ( 'NONE',  ( 12.97528474955040245, 0.000000000000000000, -46.84212630553974321 ) ) ;
#3369 = CARTESIAN_POINT ( 'NONE',  ( 46.99999999999997158, 3.105155021998484699E-13, -4.799259554187569168E-12 ) ) ;
#3370 = DIRECTION ( 'NONE',  ( 0.000000000000000000, 0.000000000000000000, 1.000000000000000000 ) ) ;
#3371 = CARTESIAN_POINT ( 'NONE',  ( 46.10308376688785614, 2.758210326803123280E-13, -16.61030621710630228 ) ) ;
#3372 = CARTESIAN_POINT ( 'NONE',  ( -23.34609233058675315, 3.105155021998484699E-13, 40.78620948628923770 ) ) ;
#3373 = PLANE ( 'NONE',  #3923 ) ;
#3374 = CARTESIAN_POINT ( 'NONE',  ( -37.80209017904653734, 10.00000000000000000, -27.93370669420444230 ) ) ;
#3375 =( GEOMETRIC_REPRESENTATION_CONTEXT ( 3 ) GLOBAL_UNCERTAINTY_ASSIGNED_CONTEXT ( ( #4775 ) ) GLOBAL_UNIT_ASSIGNED_CONTEXT ( ( #7226, #5469, #6675 ) ) REPRESENTATION_CONTEXT ( 'NONE', 'WORKASPACE' ) );
#3376 = CARTESIAN_POINT ( 'NONE',  ( -5.782359242578509750, 2.758210326803123280E-13, -46.81295823643124976 ) ) ;
#3377 = CARTESIAN_POINT ( 'NONE',  ( 39.97798511483510708, 0.000000000000000000, 28.13588990574455195 ) ) ;
#3378 = CARTESIAN_POINT ( 'NONE',  ( 47.46479847253061024, 0.000000000000000000, -11.15575955011806997 ) ) ;
#3379 = CARTESIAN_POINT ( 'NONE',  ( -36.11136541536514954, 10.00000000000000000, -32.23010507204705277 ) ) ;
#3380 = CARTESIAN_POINT ( 'NONE',  ( 1.818707001262796386, 3.105155021998484699E-13, 46.95055821495476067 ) ) ;
#3381 = CARTESIAN_POINT ( 'NONE',  ( -44.88076518838657591, 3.105155021998484699E-13, 18.53297485506226394 ) ) ;
#3382 = CARTESIAN_POINT ( 'NONE',  ( -24.99081225359555347, 10.00000000000000000, 40.48006136460618620 ) ) ;
#3383 = CARTESIAN_POINT ( 'NONE',  ( 5.686910107805054793, 10.00000000000000000, -48.60980721976390839 ) ) ;
#3384 = CARTESIAN_POINT ( 'NONE',  ( 17.29531084834088972, 2.758210326803123280E-13, -45.58295722401451400 ) ) ;
#3385 = CARTESIAN_POINT ( 'NONE',  ( 0.000000000000000000, 2.000000000000000000, 0.000000000000000000 ) ) ;
#3386 = EDGE_CURVE ( 'NONE', #4270, #820, #5801, .T. ) ;
#3387 = EDGE_CURVE ( 'NONE', #6273, #3258, #4508, .T. ) ;
#3388 = CARTESIAN_POINT ( 'NONE',  ( -44.51039127677249496, 10.00000000000000000, 20.38323919275816820 ) ) ;
#3389 = CARTESIAN_POINT ( 'NONE',  ( 24.89161173573819141, 3.105155021998484699E-13, 42.16141674371121439 ) ) ;
#3390 = CARTESIAN_POINT ( 'NONE',  ( 34.56643311945816066, 10.00000000000000000, 34.52604948009167174 ) ) ;
#3391 = CARTESIAN_POINT ( 'NONE',  ( 47.66789133767134956, 10.00000000000000000, -10.88445959772304050 ) ) ;
#3392 = CARTESIAN_POINT ( 'NONE',  ( -9.499999999999674927, -5.000000000000000000, -16.45448267190452896 ) ) ;
#3393 = VERTEX_POINT ( 'NONE', #622 ) ;
#3394 = CARTESIAN_POINT ( 'NONE',  ( -42.54723761401881887, 0.000000000000000000, 21.13044767191446738 ) ) ;
#3395 = CARTESIAN_POINT ( 'NONE',  ( -41.88464801797805848, 0.000000000000000000, -24.61070792502201954 ) ) ;
#3396 = CARTESIAN_POINT ( 'NONE',  ( 37.00088651706984422, 10.00000000000000000, 29.55677135506987341 ) ) ;
#3397 = LINE ( 'NONE', #2847, #5750 ) ;
#3398 = EDGE_CURVE ( 'NONE', #1283, #4075, #2150, .T. ) ;
#3399 = DIRECTION ( 'NONE',  ( 0.000000000000000000, 1.000000000000000000, 0.000000000000000000 ) ) ;
#3400 = CONICAL_SURFACE ( 'NONE', #1858, 6.525000000000003020, 0.7853981633974573828 ) ;
#3401 = VERTEX_POINT ( 'NONE', #5528 ) ;
#3402 = CARTESIAN_POINT ( 'NONE',  ( 30.88096018754439598, 10.00000000000000000, -37.03306580132603187 ) ) ;
#3403 = CARTESIAN_POINT ( 'NONE',  ( 42.75452417892332591, 10.00000000000000000, -20.00995187191900726 ) ) ;
#3404 = CARTESIAN_POINT ( 'NONE',  ( 12.30177350753673515, 0.000000000000000000, 47.39131966130712925 ) ) ;
#3405 = CARTESIAN_POINT ( 'NONE',  ( -6.945798610660011363, 0.000000000000000000, -47.90163114952940759 ) ) ;
#3406 = CARTESIAN_POINT ( 'NONE',  ( 48.33900278724887301, 3.105155021998484699E-13, 1.878659982076978041 ) ) ;
#3407 = DIRECTION ( 'NONE',  ( 0.9579701941536314935, -7.320393973161158023E-16, -0.2868677519576806612 ) ) ;
#3408 = CARTESIAN_POINT ( 'NONE',  ( 45.41078572907228050, 10.00000000000000000, -14.59561470425167329 ) ) ;
#3409 = CARTESIAN_POINT ( 'NONE',  ( -26.88935590369901263, 3.105155021998484699E-13, 40.89274805599447404 ) ) ;
#3410 = CARTESIAN_POINT ( 'NONE',  ( 4.286263797015736102E-16, 0.000000000000000000, -33.50000000000000000 ) ) ;
#3411 = CARTESIAN_POINT ( 'NONE',  ( -41.68120872562597867, 10.00000000000000000, -21.73595169722976550 ) ) ;
#3412 = CARTESIAN_POINT ( 'NONE',  ( -13.67419874460295048, 10.00000000000000000, -46.55795448687410953 ) ) ;
#3413 = ORIENTED_EDGE ( 'NONE', *, *, #1974, .F. ) ;
#3414 = CARTESIAN_POINT ( 'NONE',  ( 39.57312328610999685, 0.000000000000000000, 26.28176479687477141 ) ) ;
#3415 = CARTESIAN_POINT ( 'NONE',  ( 36.68117242723831595, 0.000000000000000000, -29.67325348895138504 ) ) ;
#3416 = CARTESIAN_POINT ( 'NONE',  ( -39.27315821571176713, 2.758210326803123280E-13, -26.82194037251234064 ) ) ;
#3417 = CARTESIAN_POINT ( 'NONE',  ( -9.499999999999674927, 5.000000000000000000, -17.35448267190453109 ) ) ;
#3418 = CARTESIAN_POINT ( 'NONE',  ( 0.6770610331218196443, 10.00000000000000000, 47.24381324494519419 ) ) ;
#3419 = CARTESIAN_POINT ( 'NONE',  ( -44.94078716856306244, 3.105155021998484699E-13, 19.37988316339407291 ) ) ;
#3420 = CARTESIAN_POINT ( 'NONE',  ( -25.29633491910676923, 10.00000000000000000, 40.58947445109057384 ) ) ;
#3421 = CARTESIAN_POINT ( 'NONE',  ( 6.712294465233462404, 10.00000000000000000, -47.35351200910564984 ) ) ;
#3422 = CARTESIAN_POINT ( 'NONE',  ( 4.437374478000601030, 2.758210326803123280E-13, -48.70163177475913585 ) ) ;
#3423 = DIRECTION ( 'NONE',  ( 0.000000000000000000, 1.000000000000000000, -0.000000000000000000 ) ) ;
#3424 = CARTESIAN_POINT ( 'NONE',  ( -39.56029081529624847, 10.00000000000000000, 26.79554503557909584 ) ) ;
#3425 = CARTESIAN_POINT ( 'NONE',  ( 18.56707514706781126, 3.105155021998484699E-13, 45.34511145879790206 ) ) ;
#3426 = CARTESIAN_POINT ( 'NONE',  ( 48.51277463617599750, 0.000000000000000000, -2.064865877032759034 ) ) ;
#3427 = ADVANCED_FACE ( 'NONE', ( #6662, #43 ), #5014, .T. ) ;
#3428 = CARTESIAN_POINT ( 'NONE',  ( 12.00447474006410964, 10.00000000000000000, 47.51441764517475974 ) ) ;
#3429 = CARTESIAN_POINT ( 'NONE',  ( 45.07584220113049156, 10.00000000000000000, -13.29078285863753450 ) ) ;
#3430 = CARTESIAN_POINT ( 'NONE',  ( 19.00000000000000000, 5.000000000000000000, 0.9000000000002041922 ) ) ;
#3431 = ORIENTED_EDGE ( 'NONE', *, *, #3290, .F. ) ;
#3432 = CARTESIAN_POINT ( 'NONE',  ( 37.00088651728266598, 2.758210326803123280E-13, -29.55677135513501952 ) ) ;
#3433 = VECTOR ( 'NONE', #4324, 1000.000000000000000 ) ;
#3434 = CARTESIAN_POINT ( 'NONE',  ( -44.51039127677249496, 0.000000000000000000, 20.38323919275816820 ) ) ;
#3435 = CARTESIAN_POINT ( 'NONE',  ( -37.62320027528993194, 0.000000000000000000, -28.87622266440891039 ) ) ;
#3436 = CARTESIAN_POINT ( 'NONE',  ( 39.57312328610999685, 3.105155021998484699E-13, 26.28176479687477141 ) ) ;
#3437 = COORDINATED_UNIVERSAL_TIME_OFFSET ( 5, 0, .BEHIND. ) ;
#3438 = AXIS2_PLACEMENT_3D ( 'NONE', #6790, #1223, #19 ) ;
#3439 = CARTESIAN_POINT ( 'NONE',  ( 47.55216876275510884, 10.00000000000000000, 1.397484914398166245 ) ) ;
#3440 = CARTESIAN_POINT ( 'NONE',  ( -25.98076211353298604, 1.500000000000000000, -15.00000000000030020 ) ) ;
#3441 = ORIENTED_EDGE ( 'NONE', *, *, #6127, .T. ) ;
#3442 = CARTESIAN_POINT ( 'NONE',  ( 30.96471119739343436, 2.758210326803123280E-13, -37.31029519942948980 ) ) ;
#3443 = CARTESIAN_POINT ( 'NONE',  ( -3.348378960438426422, 0.000000000000000000, 47.77999156802875547 ) ) ;
#3444 = CONICAL_SURFACE ( 'NONE', #3203, 6.525000000000003020, 0.7853981633974439491 ) ;
#3445 = CARTESIAN_POINT ( 'NONE',  ( 1.818707001600958550, 0.000000000000000000, -46.95055821527324014 ) ) ;
#3446 = CARTESIAN_POINT ( 'NONE',  ( 47.34304772419987728, 3.105155021998484699E-13, 1.151695648893333201 ) ) ;
#3447 = CARTESIAN_POINT ( 'NONE',  ( -47.63553300534552193, 2.758210326803123280E-13, -4.999436368684140319 ) ) ;
#3448 = CARTESIAN_POINT ( 'NONE',  ( -25.79572543339759250, 10.00000000000000000, 40.92390373963624484 ) ) ;
#3449 = LINE ( 'NONE', #6687, #1913 ) ;
#3450 = CARTESIAN_POINT ( 'NONE',  ( -46.29342709027387315, 10.00000000000000000, -14.65171814686508256 ) ) ;
#3451 = CARTESIAN_POINT ( 'NONE',  ( -13.45816900374302172, 10.00000000000000000, -46.36470106942958580 ) ) ;
#3452 = CARTESIAN_POINT ( 'NONE',  ( 37.96953194820320476, 0.000000000000000000, -29.51514361703916123 ) ) ;
#3453 = AXIS2_PLACEMENT_3D ( 'NONE', #2128, #478, #1607 ) ;
#3454 = CARTESIAN_POINT ( 'NONE',  ( -38.39712721984329136, 2.758210326803123280E-13, -27.21667281853842013 ) ) ;
#3455 = DIRECTION ( 'NONE',  ( 0.000000000000000000, 1.000000000000000000, 0.000000000000000000 ) ) ;
#3456 = CARTESIAN_POINT ( 'NONE',  ( -1.739070292317480337, 3.105155021998484699E-13, 48.97997532718623859 ) ) ;
#3457 = CARTESIAN_POINT ( 'NONE',  ( -44.88076518838657591, 10.00000000000000000, 18.53297485506226394 ) ) ;
#3458 = CARTESIAN_POINT ( 'NONE',  ( -26.30578014802206610, 10.00000000000000000, 40.99517880117666380 ) ) ;
#3459 = CARTESIAN_POINT ( 'NONE',  ( -1.395924203744943304, 10.00000000000000000, -48.97028130967217407 ) ) ;
#3460 = CARTESIAN_POINT ( 'NONE',  ( 5.975729839017136058, 10.00000000000000000, -48.47079846589457475 ) ) ;
#3461 = CIRCLE ( 'NONE', #1681, 3.500000000000003109 ) ;
#3462 = CARTESIAN_POINT ( 'NONE',  ( 45.84327328031135096, 0.000000000000000000, 17.19219884981209745 ) ) ;
#3463 = CARTESIAN_POINT ( 'NONE',  ( -41.88715047131236702, 10.00000000000000000, 24.94795369224215875 ) ) ;
#3464 = CARTESIAN_POINT ( 'NONE',  ( 23.17336651144128723, 10.00000000000000000, 42.70998122122760066 ) ) ;
#3465 = CARTESIAN_POINT ( 'NONE',  ( 48.73228654715994423, 0.000000000000000000, -4.086991198139762638 ) ) ;
#3466 = CARTESIAN_POINT ( 'NONE',  ( 19.59474247380835266, 10.00000000000000000, 43.33409176322279421 ) ) ;
#3467 = CARTESIAN_POINT ( 'NONE',  ( 35.53287412867226180, 10.00000000000000000, -31.30628040950120194 ) ) ;
#3468 = DIRECTION ( 'NONE',  ( 0.000000000000000000, 0.000000000000000000, 1.000000000000000000 ) ) ;
#3469 = ORIENTED_EDGE ( 'NONE', *, *, #6547, .T. ) ;
#3470 = CARTESIAN_POINT ( 'NONE',  ( 39.92127943705481385, 2.758210326803123280E-13, -24.76003750522744085 ) ) ;
#3471 = CARTESIAN_POINT ( 'NONE',  ( -43.51090059688998934, 0.000000000000000000, -21.01927078872004273 ) ) ;
#3472 = CARTESIAN_POINT ( 'NONE',  ( 39.57312328610999685, 10.00000000000000000, 26.28176479687477141 ) ) ;
#3473 = VECTOR ( 'NONE', #5707, 1000.000000000000114 ) ;
#3474 = DATE_AND_TIME ( #1731, #5379 ) ;
#3475 = CARTESIAN_POINT ( 'NONE',  ( -34.04807669242067902, 3.105155021998484699E-13, 32.39143301351742821 ) ) ;
#3476 = CARTESIAN_POINT ( 'NONE',  ( 46.50200907402340533, 10.00000000000000000, 6.786246342412955990 ) ) ;
#3477 = CARTESIAN_POINT ( 'NONE',  ( -9.499999999999674927, 5.000000000000000000, -16.45448267190452896 ) ) ;
#3478 = ORIENTED_EDGE ( 'NONE', *, *, #4577, .F. ) ;
#3479 = CARTESIAN_POINT ( 'NONE',  ( 30.96471119739343436, 10.00000000000000000, -37.31029519942948980 ) ) ;
#3480 = CARTESIAN_POINT ( 'NONE',  ( -0.5186480867066560752, 0.000000000000000000, 48.66061967834837532 ) ) ;
#3481 = EDGE_CURVE ( 'NONE', #2799, #6410, #6700, .T. ) ;
#3482 = CARTESIAN_POINT ( 'NONE',  ( -5.782359242578509750, 0.000000000000000000, -46.81295823643124976 ) ) ;
#3483 = CARTESIAN_POINT ( 'NONE',  ( 48.73228654713041408, 10.00000000000000000, 4.086991198159143579 ) ) ;
#3484 = CARTESIAN_POINT ( 'NONE',  ( -47.38230242927597402, 2.758210326803123280E-13, -2.063423480710345981 ) ) ;
#3485 = CARTESIAN_POINT ( 'NONE',  ( -32.54682302964439344, 3.105155021998484699E-13, 36.61614350244668969 ) ) ;
#3486 = DIRECTION ( 'NONE',  ( 0.000000000000000000, 0.000000000000000000, 1.000000000000000000 ) ) ;
#3487 = CARTESIAN_POINT ( 'NONE',  ( -44.03837754290261586, 0.000000000000000000, 16.93020044192979157 ) ) ;
#3488 = CARTESIAN_POINT ( 'NONE',  ( -47.04987646355015585, 10.00000000000000000, -13.70285447975384763 ) ) ;
#3489 = ORIENTED_EDGE ( 'NONE', *, *, #1007, .F. ) ;
#3490 = CARTESIAN_POINT ( 'NONE',  ( 39.73764011238700533, 0.000000000000000000, -28.68182798094965591 ) ) ;
#3491 = CARTESIAN_POINT ( 'NONE',  ( -39.56029081510322243, 10.00000000000000000, -26.79554503619569061 ) ) ;
#3492 = CARTESIAN_POINT ( 'NONE',  ( -4.644197830944306382, 3.105155021998484699E-13, 46.75014313054053616 ) ) ;
#3493 = CARTESIAN_POINT ( 'NONE',  ( -47.79401905905440628, 3.105155021998484699E-13, 8.161078931835490380 ) ) ;
#3494 = LOCAL_TIME ( 11, 7, 39.00000000000000000, #998 ) ;
#3495 = CARTESIAN_POINT ( 'NONE',  ( -26.88935590369901263, 10.00000000000000000, 40.89274805599447404 ) ) ;
#3496 = ADVANCED_FACE ( 'NONE', ( #1132 ), #4268, .F. ) ;
#3497 = CARTESIAN_POINT ( 'NONE',  ( -12.84417367577392000, 10.00000000000000000, -45.79109787038265011 ) ) ;
#3498 = CARTESIAN_POINT ( 'NONE',  ( 9.345597098353533028, 2.758210326803123280E-13, -46.42551185417018900 ) ) ;
#3499 = CARTESIAN_POINT ( 'NONE',  ( -48.01139925001888287, 10.00000000000000000, 7.938984896251222168 ) ) ;
#3500 = CARTESIAN_POINT ( 'NONE',  ( 20.47677587887367068, 10.00000000000000000, 42.28341895293079489 ) ) ;
#3501 = CARTESIAN_POINT ( 'NONE',  ( 48.89907398105253833, 0.000000000000000000, -3.215505859448902548 ) ) ;
#3502 = CARTESIAN_POINT ( 'NONE',  ( 19.45768270924172327, 10.00000000000000000, 43.89147979868471339 ) ) ;
#3503 = CARTESIAN_POINT ( 'NONE',  ( 39.97798511503782493, 10.00000000000000000, -28.13588990578830007 ) ) ;
#3504 = DIRECTION ( 'NONE',  ( -0.000000000000000000, 1.000000000000000000, -0.000000000000000000 ) ) ;
#3505 = VERTEX_POINT ( 'NONE', #4419 ) ;
#3506 = CARTESIAN_POINT ( 'NONE',  ( 40.02751475107594104, 10.00000000000000000, -27.91137694781996004 ) ) ;
#3507 = CARTESIAN_POINT ( 'NONE',  ( -40.68918230783149426, 0.000000000000000000, -26.75914453760809408 ) ) ;
#3508 = CARTESIAN_POINT ( 'NONE',  ( -28.25630724235858438, 2.758210326803123280E-13, -39.42846835268141348 ) ) ;
#3509 = CARTESIAN_POINT ( 'NONE',  ( 39.51782192971510455, 3.105155021998484699E-13, 28.97611372678761299 ) ) ;
#3510 = CARTESIAN_POINT ( 'NONE',  ( -37.19850707023825009, 3.105155021998484699E-13, 31.83470540759500977 ) ) ;
#3511 = CARTESIAN_POINT ( 'NONE',  ( 48.64595250867724019, 10.00000000000000000, 4.273903290918795506 ) ) ;
#3512 = DIRECTION ( 'NONE',  ( 0.000000000000000000, 0.000000000000000000, 1.000000000000000000 ) ) ;
#3513 = CARTESIAN_POINT ( 'NONE',  ( 28.59655103542652199, 10.00000000000000000, -39.02577139222194802 ) ) ;
#3514 = CARTESIAN_POINT ( 'NONE',  ( 2.226095765439310092, 0.000000000000000000, 47.01870026958645354 ) ) ;
#3515 = CARTESIAN_POINT ( 'NONE',  ( 3.415515231684342456, 0.000000000000000000, -47.90363493238852755 ) ) ;
#3516 = CARTESIAN_POINT ( 'NONE',  ( 47.28240673514632419, 3.105155021998484699E-13, 5.240457780503508189 ) ) ;
#3517 = CARTESIAN_POINT ( 'NONE',  ( -47.22625722617036814, 10.00000000000000000, -4.565049819590514701 ) ) ;
#3518 = AXIS2_PLACEMENT_3D ( 'NONE', #2513, #6598, #3802 ) ;
#3519 = DIRECTION ( 'NONE',  ( 0.000000000000000000, 0.000000000000000000, 1.000000000000000000 ) ) ;
#3520 = DIRECTION ( 'NONE',  ( 0.000000000000000000, 1.000000000000000000, -0.000000000000000000 ) ) ;
#3521 = ORIENTED_EDGE ( 'NONE', *, *, #2941, .T. ) ;
#3522 = EDGE_CURVE ( 'NONE', #5918, #2937, #5913, .T. ) ;
#3523 = CARTESIAN_POINT ( 'NONE',  ( -44.20468725702678370, 10.00000000000000000, -17.58185684130311799 ) ) ;
#3524 = CARTESIAN_POINT ( 'NONE',  ( -13.45816900374302172, 2.758210326803123280E-13, -46.36470106942958580 ) ) ;
#3525 = ORIENTED_EDGE ( 'NONE', *, *, #74, .F. ) ;
#3526 = CARTESIAN_POINT ( 'NONE',  ( 34.12262364839796902, 0.000000000000000000, 34.65295765585184284 ) ) ;
#3527 = CARTESIAN_POINT ( 'NONE',  ( 43.47613484983492071, 0.000000000000000000, -21.55116089260758727 ) ) ;
#3528 = CARTESIAN_POINT ( 'NONE',  ( -39.84587845282160856, 10.00000000000000000, -26.78375227041117412 ) ) ;
#3529 = CARTESIAN_POINT ( 'NONE',  ( -14.92407106285547869, 10.00000000000000000, 46.67105651043119252 ) ) ;
#3530 = CARTESIAN_POINT ( 'NONE',  ( -46.87246452133289409, 10.00000000000000000, 11.89097542992440637 ) ) ;
#3531 = CARTESIAN_POINT ( 'NONE',  ( -28.17957293308438338, 10.00000000000000000, 38.32753649421562869 ) ) ;
#3532 = CARTESIAN_POINT ( 'NONE',  ( -0.1479874801812377516, 10.00000000000000000, -48.21897113134239277 ) ) ;
#3533 = CARTESIAN_POINT ( 'NONE',  ( -47.51205586092479649, 10.00000000000000000, 8.227163105237080387 ) ) ;
#3534 = CARTESIAN_POINT ( 'NONE',  ( 12.53951192159675010, 10.00000000000000000, 47.25069560539586888 ) ) ;
#3535 = CARTESIAN_POINT ( 'NONE',  ( 10.69817096318923255, 10.00000000000000000, 47.51997400064495025 ) ) ;
#3536 = CARTESIAN_POINT ( 'NONE',  ( 32.31229380717327615, 10.00000000000000000, -34.45895843406758274 ) ) ;
#3537 = CARTESIAN_POINT ( 'NONE',  ( 25.98076211353339815, 3.999999999999970690, -14.99999999999957900 ) ) ;
#3538 = ORIENTED_EDGE ( 'NONE', *, *, #1407, .F. ) ;
#3539 = CARTESIAN_POINT ( 'NONE',  ( -47.51205586086548749, 0.000000000000000000, -8.227163105910900498 ) ) ;
#3540 = CARTESIAN_POINT ( 'NONE',  ( -28.26301930803733242, 10.00000000000000000, -39.23805508166571343 ) ) ;
#3541 = CARTESIAN_POINT ( 'NONE',  ( 39.54432978849050073, 10.00000000000000000, 26.01046299611463652 ) ) ;
#3542 = SECURITY_CLASSIFICATION_LEVEL ( 'unclassified' ) ;
#3543 = CARTESIAN_POINT ( 'NONE',  ( -37.81051759114381383, 10.00000000000000000, 31.10533982823822896 ) ) ;
#3544 = CARTESIAN_POINT ( 'NONE',  ( 47.79968281754121051, 10.00000000000000000, 1.615430749902086127 ) ) ;
#3545 = CARTESIAN_POINT ( 'NONE',  ( -9.500000000000248690, -5.000000000000000000, 17.35448267190418647 ) ) ;
#3546 = CARTESIAN_POINT ( 'NONE',  ( 23.75687818108725580, 10.00000000000000000, -42.71247589149013635 ) ) ;
#3547 = CARTESIAN_POINT ( 'NONE',  ( -5.782359242915688036, 0.000000000000000000, 46.81295823605800166 ) ) ;
#3548 = CARTESIAN_POINT ( 'NONE',  ( 2.851720363334504960, 0.000000000000000000, -47.31545203932684274 ) ) ;
#3549 = CARTESIAN_POINT ( 'NONE',  ( 47.34304772419987728, 10.00000000000000000, 1.151695648893333201 ) ) ;
#3550 = DIRECTION ( 'NONE',  ( -0.000000000000000000, 1.000000000000000000, -0.000000000000000000 ) ) ;
#3551 = DIRECTION ( 'NONE',  ( -0.000000000000000000, 1.000000000000000000, -0.000000000000000000 ) ) ;
#3552 = FACE_BOUND ( 'NONE', #977, .T. ) ;
#3553 = EDGE_LOOP ( 'NONE', ( #522, #6891 ) ) ;
#3554 = CARTESIAN_POINT ( 'NONE',  ( -42.29788661286513474, 10.00000000000000000, -21.24116267592607343 ) ) ;
#3555 = CARTESIAN_POINT ( 'NONE',  ( -16.75100435947566169, 10.00000000000000000, -44.21375863612132662 ) ) ;
#3556 = AXIS2_PLACEMENT_3D ( 'NONE', #5905, #857, #3114 ) ;
#3557 = CARTESIAN_POINT ( 'NONE',  ( 39.74564810804976389, 0.000000000000000000, -26.84209189636689530 ) ) ;
#3558 = CARTESIAN_POINT ( 'NONE',  ( -41.40346119663684021, 10.00000000000000000, -22.19282339133211224 ) ) ;
#3559 = CARTESIAN_POINT ( 'NONE',  ( -9.881577510372215656, 3.105155021998484699E-13, 47.13663448747149687 ) ) ;
#3560 = VECTOR ( 'NONE', #2392, 1000.000000000000000 ) ;
#3561 = CARTESIAN_POINT ( 'NONE',  ( -47.18725528558393023, 3.105155021998484699E-13, 13.08419477249561425 ) ) ;
#3562 = CARTESIAN_POINT ( 'NONE',  ( -4.140029179943925719, 10.00000000000000000, -46.95380462336989069 ) ) ;
#3563 = CARTESIAN_POINT ( 'NONE',  ( 6.712294465233462404, 10.00000000000000000, -47.35351200910564984 ) ) ;
#3564 = CARTESIAN_POINT ( 'NONE',  ( 45.23049544007627532, 0.000000000000000000, 14.26683525308319567 ) ) ;
#3565 = CONICAL_SURFACE ( 'NONE', #1211, 6.524999999999995914, 0.7853981633974445042 ) ;
#3566 = CARTESIAN_POINT ( 'NONE',  ( -38.08528399302004175, 0.000000000000000000, 27.50812628876267851 ) ) ;
#3567 = ORIENTED_EDGE ( 'NONE', *, *, #2082, .F. ) ;
#3568 = CARTESIAN_POINT ( 'NONE',  ( -47.19120256431795468, 10.00000000000000000, 12.82691039550693368 ) ) ;
#3569 = CARTESIAN_POINT ( 'NONE',  ( 16.21901918068641280, 10.00000000000000000, 44.91056042000037252 ) ) ;
#3570 = AXIS2_PLACEMENT_3D ( 'NONE', #4071, #5798, #4662 ) ;
#3571 = CARTESIAN_POINT ( 'NONE',  ( 15.94902323054420101, 10.00000000000000000, 44.75368592608378293 ) ) ;
#3572 = CARTESIAN_POINT ( 'NONE',  ( 39.66449070748612371, 10.00000000000000000, -25.22900976881382462 ) ) ;
#3573 = DIRECTION ( 'NONE',  ( 0.000000000000000000, 0.000000000000000000, 1.000000000000000000 ) ) ;
#3574 = ORIENTED_EDGE ( 'NONE', *, *, #2353, .F. ) ;
#3575 = CARTESIAN_POINT ( 'NONE',  ( -46.01862772532778223, 0.000000000000000000, -9.527638197736832737 ) ) ;
#3576 = CARTESIAN_POINT ( 'NONE',  ( -28.12498365847899962, 10.00000000000000000, -39.81159203444778427 ) ) ;
#3577 = CARTESIAN_POINT ( 'NONE',  ( 35.88785589652046326, 3.105155021998484699E-13, 30.34166624296574710 ) ) ;
#3578 = CARTESIAN_POINT ( 'NONE',  ( -37.86857215203296789, 10.00000000000000000, 29.75700132858588987 ) ) ;
#3579 = CARTESIAN_POINT ( 'NONE',  ( 47.61220692420179290, 10.00000000000000000, 5.030362386582936551 ) ) ;
#3580 = CARTESIAN_POINT ( 'NONE',  ( 25.98076211353288301, 0.000000000000000000, 15.00000000000047784 ) ) ;
#3581 = CARTESIAN_POINT ( 'NONE',  ( 20.13559923336973512, 10.00000000000000000, -42.53991421672181872 ) ) ;
#3582 = EDGE_CURVE ( 'NONE', #1831, #937, #1908, .T. ) ;
#3583 = CARTESIAN_POINT ( 'NONE',  ( 43.46957936563258329, 10.00000000000000000, -22.49346172920927955 ) ) ;
#3584 = CARTESIAN_POINT ( 'NONE',  ( -19.19283995516960672, 0.000000000000000000, 43.60786845148428625 ) ) ;
#3585 = CARTESIAN_POINT ( 'NONE',  ( -22.50334853403577640, 0.000000000000000000, -42.20200591866699824 ) ) ;
#3586 = CARTESIAN_POINT ( 'NONE',  ( 45.57783575992127112, 10.00000000000000000, 14.82240055638443543 ) ) ;
#3587 = DIRECTION ( 'NONE',  ( 0.000000000000000000, 0.000000000000000000, 1.000000000000000000 ) ) ;
#3588 = CARTESIAN_POINT ( 'NONE',  ( 17.96896004864708729, 3.079134169858832593E-14, 33.65250944612657946 ) ) ;
#3589 = FACE_BOUND ( 'NONE', #3840, .T. ) ;
#3590 = EDGE_LOOP ( 'NONE', ( #4506, #2385 ) ) ;
#3591 = CIRCLE ( 'NONE', #1931, 0.9000000000000014655 ) ;
#3592 = CARTESIAN_POINT ( 'NONE',  ( -48.41781468095580010, 10.00000000000000000, -5.750934167702263622 ) ) ;
#3593 = CARTESIAN_POINT ( 'NONE',  ( -19.82035793626815945, 10.00000000000000000, -44.06996243744298880 ) ) ;
#3594 = ORIENTED_EDGE ( 'NONE', *, *, #6443, .F. ) ;
#3595 = CARTESIAN_POINT ( 'NONE',  ( 20.94506685108207478, 0.000000000000000000, -42.07842875146094030 ) ) ;
#3596 = CARTESIAN_POINT ( 'NONE',  ( -44.09735811414089568, 10.00000000000000000, -17.26532196684733833 ) ) ;
#3597 = CARTESIAN_POINT ( 'NONE',  ( -9.256225765839532826, 10.00000000000000000, 47.99028174780832501 ) ) ;
#3598 = CARTESIAN_POINT ( 'NONE',  ( -47.04987646364885023, 3.105155021998484699E-13, 13.70285447908336884 ) ) ;
#3599 = CARTESIAN_POINT ( 'NONE',  ( -8.352241861400523604, 10.00000000000000000, -48.28702373663467995 ) ) ;
#3600 = CARTESIAN_POINT ( 'NONE',  ( 1.391503987108191120, 2.758210326803123280E-13, -46.97380805610476528 ) ) ;
#3601 = CARTESIAN_POINT ( 'NONE',  ( -41.26638704559058368, 0.000000000000000000, 22.66473460820860097 ) ) ;
#3602 = CARTESIAN_POINT ( 'NONE',  ( -48.35385230337063689, 10.00000000000000000, 7.430222859907662070 ) ) ;
#3603 = CARTESIAN_POINT ( 'NONE',  ( 13.28424752735132586, 10.00000000000000000, 45.83027493251469764 ) ) ;
#3604 = CARTESIAN_POINT ( 'NONE',  ( 0.9696227742758785073, 10.00000000000000000, 47.09635402392218850 ) ) ;
#3605 = CARTESIAN_POINT ( 'NONE',  ( 47.55216876275510884, 0.000000000000000000, 1.397484914398166245 ) ) ;
#3606 = CARTESIAN_POINT ( 'NONE',  ( 37.00088651728266598, 10.00000000000000000, -29.55677135513501952 ) ) ;
#3607 = CC_DESIGN_PERSON_AND_ORGANIZATION_ASSIGNMENT ( #2581, #5425, ( #1526 ) ) ;
#3608 = EDGE_CURVE ( 'NONE', #4138, #4278, #4043, .T. ) ;
#3609 = CARTESIAN_POINT ( 'NONE',  ( 0.000000000000000000, 0.000000000000000000, -26.50000000000000000 ) ) ;
#3610 = ORIENTED_EDGE ( 'NONE', *, *, #830, .T. ) ;
#3611 = LOCAL_TIME ( 11, 7, 39.00000000000000000, #4172 ) ;
#3612 = CARTESIAN_POINT ( 'NONE',  ( -28.78612952734238206, 2.758210326803123280E-13, -37.13504542281209098 ) ) ;
#3613 = CARTESIAN_POINT ( 'NONE',  ( 36.11256893283469083, 3.105155021998484699E-13, 30.07386367974973496 ) ) ;
#3614 = CARTESIAN_POINT ( 'NONE',  ( -41.43207856240129416, 10.00000000000000000, 26.15909552898271073 ) ) ;
#3615 = CARTESIAN_POINT ( 'NONE',  ( -28.17542666231035398, 3.105155021998484699E-13, 38.89176394469549081 ) ) ;
#3616 = CARTESIAN_POINT ( 'NONE',  ( 45.20527538349806917, 10.00000000000000000, 17.82219091192222038 ) ) ;
#3617 = LINE ( 'NONE', #5892, #6610 ) ;
#3618 = CARTESIAN_POINT ( 'NONE',  ( 21.45409433957454581, 10.00000000000000000, -42.01324511761499281 ) ) ;
#3619 = CARTESIAN_POINT ( 'NONE',  ( -24.32017664441217875, 0.000000000000000000, 40.42943719064114561 ) ) ;
#3620 = CARTESIAN_POINT ( 'NONE',  ( -16.26604374645896200, 0.000000000000000000, -45.77582882927040941 ) ) ;
#3621 = CARTESIAN_POINT ( 'NONE',  ( 46.73312850809739416, 10.00000000000000000, 11.52153102620461844 ) ) ;
#3622 = EDGE_CURVE ( 'NONE', #6288, #1148, #3916, .T. ) ;
#3623 = LINE ( 'NONE', #4135, #3006 ) ;
#3624 = LINE ( 'NONE', #3072, #168 ) ;
#3625 = CARTESIAN_POINT ( 'NONE',  ( -48.99250442892646618, 0.000000000000000000, 0.2075573748793591577 ) ) ;
#3626 = VERTEX_POINT ( 'NONE', #3861 ) ;
#3627 = CARTESIAN_POINT ( 'NONE',  ( -48.38002286251460049, 10.00000000000000000, -1.479422360900781497 ) ) ;
#3628 = ORIENTED_EDGE ( 'NONE', *, *, #4509, .F. ) ;
#3629 = CARTESIAN_POINT ( 'NONE',  ( 29.85649611574984519, 0.000000000000000000, 38.83056500829449220 ) ) ;
#3630 = CARTESIAN_POINT ( 'NONE',  ( 30.15150723476501682, 0.000000000000000000, -38.63869330524254053 ) ) ;
#3631 = CARTESIAN_POINT ( 'NONE',  ( -44.88076518825309336, 2.758210326803123280E-13, -18.53297485571713565 ) ) ;
#3632 = CARTESIAN_POINT ( 'NONE',  ( -13.30744967007983881, 10.00000000000000000, 46.12998155877874495 ) ) ;
#3633 = CARTESIAN_POINT ( 'NONE',  ( -45.91785491656715124, 3.105155021998484699E-13, 10.35711534448367921 ) ) ;
#3634 = CARTESIAN_POINT ( 'NONE',  ( -25.29633491881440932, 10.00000000000000000, -40.58947445160428913 ) ) ;
#3635 = CARTESIAN_POINT ( 'NONE',  ( -0.7726084938741105690, 10.00000000000000000, -48.81229980319636041 ) ) ;
#3636 = CARTESIAN_POINT ( 'NONE',  ( -47.18725528558393023, 10.00000000000000000, 13.08419477249561425 ) ) ;
#3637 = CARTESIAN_POINT ( 'NONE',  ( 11.64692101351079501, 10.00000000000000000, 47.59855720196431861 ) ) ;
#3638 = CARTESIAN_POINT ( 'NONE',  ( -2.088408008910457081, 10.00000000000000000, 48.93732214155459559 ) ) ;
#3639 = CARTESIAN_POINT ( 'NONE',  ( 47.83120900503305961, 0.000000000000000000, 10.55455277588031215 ) ) ;
#3640 = CARTESIAN_POINT ( 'NONE',  ( 22.72911707020477579, 10.00000000000000000, -42.46051250441237812 ) ) ;
#3641 = CARTESIAN_POINT ( 'NONE',  ( 25.98076211353339815, 0.000000000000000000, -11.49999999999958078 ) ) ;
#3642 = ORIENTED_EDGE ( 'NONE', *, *, #5992, .F. ) ;
#3643 = CARTESIAN_POINT ( 'NONE',  ( -48.46871621117659856, 0.000000000000000000, -7.128898880659186865 ) ) ;
#3644 = CARTESIAN_POINT ( 'NONE',  ( -28.20116912943040077, 10.00000000000000000, -39.62164887875538710 ) ) ;
#3645 = CARTESIAN_POINT ( 'NONE',  ( 34.84168427728115347, 10.00000000000000000, 34.38458398776165126 ) ) ;
#3646 = CARTESIAN_POINT ( 'NONE',  ( -40.11221095421424820, 10.00000000000000000, 26.86667732586117552 ) ) ;
#3647 = CARTESIAN_POINT ( 'NONE',  ( -33.39357040528364706, 10.00000000000000000, 35.52784148734748015 ) ) ;
#3648 = CARTESIAN_POINT ( 'NONE',  ( 46.16891714022615645, 10.00000000000000000, 16.29749940164699495 ) ) ;
#3649 = CYLINDRICAL_SURFACE ( 'NONE', #2725, 3.499999999999999556 ) ;
#3650 = CARTESIAN_POINT ( 'NONE',  ( 18.84111122075580269, 10.00000000000000000, -45.17269837914102482 ) ) ;
#3651 = CARTESIAN_POINT ( 'NONE',  ( -13.45816900407698391, 0.000000000000000000, 46.36470106900110011 ) ) ;
#3652 = CARTESIAN_POINT ( 'NONE',  ( -13.45816900374302172, 0.000000000000000000, -46.36470106942958580 ) ) ;
#3653 = CARTESIAN_POINT ( 'NONE',  ( 45.23049544007627532, 3.105155021998484699E-13, 14.26683525308319567 ) ) ;
#3654 = CARTESIAN_POINT ( 'NONE',  ( 25.98076211353339815, 3.999999999999970690, -14.99999999999957900 ) ) ;
#3655 = FACE_OUTER_BOUND ( 'NONE', #4633, .T. ) ;
#3656 = FACE_OUTER_BOUND ( 'NONE', #4469, .T. ) ;
#3657 = ORIENTED_EDGE ( 'NONE', *, *, #858, .T. ) ;
#3658 = PLANE ( 'NONE',  #3556 ) ;
#3659 = ORIENTED_EDGE ( 'NONE', *, *, #2492, .F. ) ;
#3660 = CARTESIAN_POINT ( 'NONE',  ( 21.45409433927195764, 0.000000000000000000, 42.01324511743797530 ) ) ;
#3661 = CARTESIAN_POINT ( 'NONE',  ( 31.01521223645841019, 0.000000000000000000, -35.45478608004575705 ) ) ;
#3662 = CARTESIAN_POINT ( 'NONE',  ( -44.36549163207975965, 2.758210326803123280E-13, -17.86373836160798945 ) ) ;
#3663 = CARTESIAN_POINT ( 'NONE',  ( 47.98392197676413673, 2.758210326803123280E-13, -9.878303804674477107 ) ) ;
#3664 = CARTESIAN_POINT ( 'NONE',  ( -9.856404580339983568, 10.00000000000000000, 47.38841362922807576 ) ) ;
#3665 = CARTESIAN_POINT ( 'NONE',  ( -48.27679355251305537, 10.00000000000000000, 5.475449116227479429 ) ) ;
#3666 = AXIS2_PLACEMENT_3D ( 'NONE', #4387, #883, #5463 ) ;
#3667 = CARTESIAN_POINT ( 'NONE',  ( -15.24201195438033807, 10.00000000000000000, -46.57769993240661677 ) ) ;
#3668 = CARTESIAN_POINT ( 'NONE',  ( 3.202426590518085980, 10.00000000000000000, -47.62871612217983142 ) ) ;
#3669 = VERTEX_POINT ( 'NONE', #4010 ) ;
#3670 = AXIS2_PLACEMENT_3D ( 'NONE', #4229, #3750, #2569 ) ;
#3671 = CARTESIAN_POINT ( 'NONE',  ( 0.000000000000000000, 1.500000000000000000, 0.000000000000000000 ) ) ;
#3672 = CARTESIAN_POINT ( 'NONE',  ( 13.57351805840716175, 10.00000000000000000, 45.34377807296348806 ) ) ;
#3673 = CARTESIAN_POINT ( 'NONE',  ( 3.698543797383589737, 10.00000000000000000, 48.36676328086463172 ) ) ;
#3674 = CARTESIAN_POINT ( 'NONE',  ( 47.46479847245021944, 0.000000000000000000, 11.15575955012831422 ) ) ;
#3675 = CARTESIAN_POINT ( 'NONE',  ( 30.61168797722803347, 10.00000000000000000, -38.16055295108757406 ) ) ;
#3676 = LINE ( 'NONE', #5456, #266 ) ;
#3677 = CARTESIAN_POINT ( 'NONE',  ( -47.17400383435051481, 0.000000000000000000, -12.62173967468753055 ) ) ;
#3678 = CARTESIAN_POINT ( 'NONE',  ( -37.68019582115950072, 10.00000000000000000, -29.24677134282356405 ) ) ;
#3679 = CARTESIAN_POINT ( 'NONE',  ( 35.71349888571410958, 10.00000000000000000, 30.64326182205194016 ) ) ;
#3680 = AXIS2_PLACEMENT_3D ( 'NONE', #4727, #1846, #203 ) ;
#3681 = CARTESIAN_POINT ( 'NONE',  ( -41.25207003528343108, 3.105155021998484699E-13, 23.10236605979004310 ) ) ;
#3682 = CARTESIAN_POINT ( 'NONE',  ( -30.24515585892036995, 10.00000000000000000, 36.59799261076151566 ) ) ;
#3683 = CARTESIAN_POINT ( 'NONE',  ( 41.61168374960330141, 10.00000000000000000, 23.93017586742096370 ) ) ;
#3684 = CARTESIAN_POINT ( 'NONE',  ( 47.93372876043738273, 10.00000000000000000, -4.899042732804798739 ) ) ;
#3685 = CARTESIAN_POINT ( 'NONE',  ( -14.92407106285547869, 0.000000000000000000, 46.67105651043119252 ) ) ;
#3686 = CARTESIAN_POINT ( 'NONE',  ( -24.66044883940515930, 0.000000000000000000, -40.42932844399800274 ) ) ;
#3687 = DATE_TIME_ROLE ( 'creation_date' ) ;
#3688 = CARTESIAN_POINT ( 'NONE',  ( 47.97904408501212714, 10.00000000000000000, 9.555865791231024531 ) ) ;
#3689 = LINE ( 'NONE', #5938, #1826 ) ;
#3690 = CALENDAR_DATE ( 2026, 12, 8 ) ;
#3691 = CARTESIAN_POINT ( 'NONE',  ( 25.98076211353339815, 1.500000000000000000, -8.474999999999583977 ) ) ;
#3692 = DIRECTION ( 'NONE',  ( 0.000000000000000000, 0.7071067811865505703, 0.7071067811865444641 ) ) ;
#3693 = EDGE_LOOP ( 'NONE', ( #4666, #3805, #925, #2700 ) ) ;
#3694 = CARTESIAN_POINT ( 'NONE',  ( -19.19283995485551131, 2.758210326803123280E-13, -43.60786845195406869 ) ) ;
#3695 = ADVANCED_FACE ( 'NONE', ( #4530 ), #2718, .F. ) ;
#3696 = EDGE_LOOP ( 'NONE', ( #1882, #6427 ) ) ;
#3697 = CARTESIAN_POINT ( 'NONE',  ( 26.49275082277663529, 0.000000000000000000, 38.79792018038274648 ) ) ;
#3698 = CARTESIAN_POINT ( 'NONE',  ( 33.40829916735508931, 0.000000000000000000, -34.50086255644028199 ) ) ;
#3699 = CARTESIAN_POINT ( 'NONE',  ( -44.29340605239300288, 10.00000000000000000, -20.62220960337688780 ) ) ;
#3700 = CARTESIAN_POINT ( 'NONE',  ( 47.83125034141495746, 10.00000000000000000, -8.960660099654338850 ) ) ;
#3701 = CARTESIAN_POINT ( 'NONE',  ( -20.53663542254482266, 3.105155021998484699E-13, 44.26616660349931465 ) ) ;
#3702 = CIRCLE ( 'NONE', #3239, 0.9000000000000014655 ) ;
#3703 = CARTESIAN_POINT ( 'NONE',  ( -46.85395203710152856, 3.105155021998484699E-13, 3.462104312256067740 ) ) ;
#3704 = CARTESIAN_POINT ( 'NONE',  ( -25.79572543310283450, 10.00000000000000000, -40.92390374015360521 ) ) ;
#3705 = CARTESIAN_POINT ( 'NONE',  ( -2.990908725133333501, 10.00000000000000000, -48.49416211936489418 ) ) ;
#3706 = EDGE_LOOP ( 'NONE', ( #5980, #5437, #1575, #5447 ) ) ;
#3707 = CARTESIAN_POINT ( 'NONE',  ( -25.98076211353298604, 3.999999999999973355, -15.00000000000030020 ) ) ;
#3708 = CARTESIAN_POINT ( 'NONE',  ( 3.498989426192929741, 10.00000000000000000, 48.05621757588074416 ) ) ;
#3709 = ADVANCED_FACE ( 'NONE', ( #3898 ), #5605, .F. ) ;
#3710 = CARTESIAN_POINT ( 'NONE',  ( -0.04239865900228344253, 10.00000000000000000, 47.96256748000540426 ) ) ;
#3711 = CARTESIAN_POINT ( 'NONE',  ( 47.46122657533407363, 0.000000000000000000, 5.116862069185624584 ) ) ;
#3712 = CARTESIAN_POINT ( 'NONE',  ( 19.51888808966796773, 10.00000000000000000, -43.61227867139744063 ) ) ;
#3713 = FACE_OUTER_BOUND ( 'NONE', #4896, .T. ) ;
#3714 = ORIENTED_EDGE ( 'NONE', *, *, #7072, .T. ) ;
#3715 = CARTESIAN_POINT ( 'NONE',  ( -37.80209017904653734, 2.758210326803123280E-13, -27.93370669420444230 ) ) ;
#3716 = CARTESIAN_POINT ( 'NONE',  ( 33.40829916710654146, 3.105155021998484699E-13, 34.50086255634933963 ) ) ;
#3717 = CARTESIAN_POINT ( 'NONE',  ( -41.30425800373770784, 3.105155021998484699E-13, 23.47811729565954764 ) ) ;
#3718 = CARTESIAN_POINT ( 'NONE',  ( -33.23888001644543522, 10.00000000000000000, 34.16152856351047973 ) ) ;
#3719 = CARTESIAN_POINT ( 'NONE',  ( 43.51869010671406102, 10.00000000000000000, 21.85829326923358451 ) ) ;
#3720 = CARTESIAN_POINT ( 'NONE',  ( 48.89907398105253833, 10.00000000000000000, -3.215505859448902548 ) ) ;
#3721 = ORIENTED_EDGE ( 'NONE', *, *, #1358, .F. ) ;
#3722 = CARTESIAN_POINT ( 'NONE',  ( 42.25582227702785332, 10.00000000000000000, -23.96781524989044954 ) ) ;
#3723 = CARTESIAN_POINT ( 'NONE',  ( -12.57257308734778078, 0.000000000000000000, 45.66709288493858310 ) ) ;
#3724 = CARTESIAN_POINT ( 'NONE',  ( -16.37600682928308515, 0.000000000000000000, -45.46512173834901205 ) ) ;
#3725 = APPROVAL_ROLE ( '' ) ;
#3726 = CARTESIAN_POINT ( 'NONE',  ( 47.46058379547157813, 3.105155021998484699E-13, 8.519075685039375401 ) ) ;
#3727 = FACE_OUTER_BOUND ( 'NONE', #3706, .T. ) ;
#3728 = DIRECTION ( 'NONE',  ( -0.000000000000000000, 1.000000000000000000, -0.000000000000000000 ) ) ;
#3729 = EDGE_LOOP ( 'NONE', ( #7014, #408 ) ) ;
#3730 = CARTESIAN_POINT ( 'NONE',  ( -36.11136541559732649, 10.00000000000000000, 32.23010507145544068 ) ) ;
#3731 = CARTESIAN_POINT ( 'NONE',  ( 32.31229380717327615, 2.758210326803123280E-13, -34.45895843406758274 ) ) ;
#3732 = ORIENTED_EDGE ( 'NONE', *, *, #1842, .T. ) ;
#3733 = CARTESIAN_POINT ( 'NONE',  ( 30.40816549882700670, 0.000000000000000000, 38.41069024776943763 ) ) ;
#3734 = CARTESIAN_POINT ( 'NONE',  ( 25.38699239001469010, 0.000000000000000000, -40.65148568281777841 ) ) ;
#3735 = CARTESIAN_POINT ( 'NONE',  ( -43.51090059688998934, 10.00000000000000000, -21.01927078872004273 ) ) ;
#3736 = CARTESIAN_POINT ( 'NONE',  ( 46.65782213717702120, 10.00000000000000000, -7.580822739797713261 ) ) ;
#3737 = CARTESIAN_POINT ( 'NONE',  ( -21.34571777604569220, 3.105155021998484699E-13, 44.11448322979658343 ) ) ;
#3738 = ADVANCED_FACE ( 'NONE', ( #6110 ), #3565, .F. ) ;
#3739 = EDGE_CURVE ( 'NONE', #377, #2141, #4630, .T. ) ;
#3740 = CARTESIAN_POINT ( 'NONE',  ( -47.89871387967540528, 3.105155021998484699E-13, 1.660416455089403387 ) ) ;
#3741 = CARTESIAN_POINT ( 'NONE',  ( -26.57875404861807667, 10.00000000000000000, -40.97191091773577654 ) ) ;
#3742 = CARTESIAN_POINT ( 'NONE',  ( -1.739070291964700310, 2.758210326803123280E-13, -48.97997532753041128 ) ) ;
#3743 = ORIENTED_EDGE ( 'NONE', *, *, #4658, .T. ) ;
#3744 = CARTESIAN_POINT ( 'NONE',  ( -48.57461215930914022, 10.00000000000000000, 1.282795167420516025 ) ) ;
#3745 = CARTESIAN_POINT ( 'NONE',  ( 9.025808621902845275, 10.00000000000000000, 46.30923408879861114 ) ) ;
#3746 = AXIS2_PLACEMENT_3D ( 'NONE', #7012, #1953, #6459 ) ;
#3747 = CARTESIAN_POINT ( 'NONE',  ( -0.5186480867066560752, 10.00000000000000000, 48.66061967834837532 ) ) ;
#3748 = CARTESIAN_POINT ( 'NONE',  ( -2.133709875451472726E-13, 1.500000000000000000, 30.00000000000000000 ) ) ;
#3749 = CARTESIAN_POINT ( 'NONE',  ( 28.14737955458677021, 10.00000000000000000, -38.75389351862006038 ) ) ;
#3750 = DIRECTION ( 'NONE',  ( -0.000000000000000000, -1.000000000000000000, 0.000000000000000000 ) ) ;
#3751 = CARTESIAN_POINT ( 'NONE',  ( -33.35277019317332048, 2.758210326803123280E-13, -33.30754164194094358 ) ) ;
#3752 = CARTESIAN_POINT ( 'NONE',  ( 31.01521223620300916, 10.00000000000000000, 35.45478607993765507 ) ) ;
#3753 = B_SPLINE_CURVE_WITH_KNOTS ( 'NONE', 4,
 ( #3054, #1803, #4306, #4064, #1458, #4266, #3605, #6478, #6312, #2533, #3164, #4192, #364, #5375, #5850, #2046, #5452, #1258, #5881, #3092, #5341, #5922, #2494, #1972, #290, #874, #3711, #6549, #1935, #7032, #1492, #4227, #941, #5959, #5996, #3199, #327, #799, #252, #6441, #404, #1384, #4620, #4749, #6995, #3639, #834, #3674, #2451, #6948, #2349, #4114, #3049, #794, #659, #6989, #1930, #6297, #3564, #5298, #5777, #5195, #4084, #5810, #3014, #1311, #247, #758, #5264, #3462, #4603, #2420, #6845, #2486, #4152, #4186, #2908, #1895, #6337, #213, #1824, #1243, #5162, #695, #2946, #6369, #146, #4642, #6883, #727, #4707, #185, #2981, #6917, #5231, #1860, #3779, #975, #2265, #1122, #3963, #70, #1086, #6211, #6653, #467, #505, #2783, #3414, #2227, #2747, #4482, #2189, #7205, #6729, #1016, #4411, #6175, #3377, #6613, #5630, #3267, #5520, #613, #2863, #5118, #2710, #5223, #1781, #1816, #2375, #178, #4107, #1886, #6289, #4634, #5837, #6875, #5291, #4667, #4001, #687, #2413, #649, #1300, #2899, #5155, #1269, #106, #2444, #4142, #3526, #6396, #2477, #1480, #5981, #1374, #3149, #2071, #7127, #6979, #2554, #4249, #2589, #311, #6537, #278, #4215, #3116, #4842, #4292, #351, #5438, #7088, #3733, #5476, #3629, #1445, #5871, #2630, #3187, #4807, #3078, #4328, #966, #390, #3697, #2520, #6570, #821, #4773, #5397, #7019, #1517, #4735, #6430, #1959, #6466, #1923, #929, #4879, #5326, #7052, #1406, #4178, #3772, #1992, #6017, #3223, #3660, #5908, #860, #6498, #5944, #893, #4956, #4510, #2666, #4362, #2701, #7196, #6757, #2254, #1113, #1553, #1041, #2146, #4918, #3917, #3292, #5072, #5620, #6167, #4403, #3844, #3367, #6644, #567, #533, #4438, #7271, #1587, #7159, #6091, #3259, #1624, #5545, #494, #1150, #3404, #2180, #2810, #459, #3810, #2738, #4995, #23, #6681, #7233, #3879, #6130, #2107, #1074, #1697, #3330, #3953, #5585, #6058, #6203, #424, #6604, #2775, #5037, #2219, #1006, #4472, #5511, #6718, #1662, #6865, #710, #2402, #2889, #2334, #4066, #2926, #639, #5247, #4657, #5694, #6315, #5656, #3514, #6385, #4688, #5142, #1330, #1290, #1806, #1876, #2961, #1226, #2999, #3480, #3993, #5758, #5212, #6933, #5725, #676, #128, #169, #5178, #6900, #3443, #98, #6277, #1840, #4098, #6353, #3547, #5794, #602, #4549, #4622, #6794, #745, #199, #2435, #2851, #4131, #2365, #5109, #4029, #62, #2295, #6240, #1737, #1260, #4586, #1186, #6828, #1770, #1470, #884, #847, #3723, #4832, #2467, #3066, #3651, #6454, #919, #1397, #1914, #3685, #3139, #4868, #5895, #3107, #5352, #5934, #3176, #301, #6560, #5970, #1432, #5387, #4723, #2545, #778, #341, #3584, #3031, #4318, #379, #811, #2579, #7077, #4798, #4168, #4204, #2019, #1949, #5423, #230, #6421, #5828, #7043, #4761, #4280, #6524, #2619, #6968, #1364, #1983, #7115, #2059, #5280, #3619, #4240, #5862, #5314, #265, #7008, #2509, #6489, #2727, #3281, #4463, #6046, #3796, #995, #6593, #6633, #2170, #2691, #3759, #7185, #4352, #4982, #3320, #1651, #6710, #5575, #3247, #1542, #5613, #7149, #6006, #1107, #951, #523, #6119, #413, #5535, #3211, #1577, #7262, #5502, #5025, #2245, #448, #4944, #2134, #4391, #2210, #3908, #5465, #4500, #6671, #6159, #3358, #1611, #2654, #3834, #2766, #6079, #1031, #7222, #482, #3869, #559, #1505, #2801, #4426, #4906, #5065, #1066, #13, #2096, #6749, #4708, #1896, #5648, #3566, #795, #3050, #3947, #2487, #4743, #759, #5134, #2452, #2286, #3982, #630, #3015, #5265, #214, #1345, #6949, #4153, #1690, #2840, #1312, #5099, #5299, #3601, #248, #6193, #6990, #1143, #3394, #6404, #1176, #593, #6232, #2881, #5846, #89, #52, #6784, #3434, #2325, #4576, #1727, #4539, #5682, #6918, #1861, #4115, #5811, #6370, #6658, #3487, #4037, #2340, #2714, #2158, #6834, #472, #6285, #6144, #2753, #5601, #7248, #4932, #645, #682, #2120, #1601, #7211, #6872, #1812, #511, #4593, #6069, #7171, #4415, #3306, #1777, #5010, #3857, #6106, #1020, #4377, #4969, #437, #6618, #2196, #6696, #1564, #1232, #6032, #5491, #1054, #5561, #4452, #3822, #1638, #3270, #3894, #1093, #3345, #2896, #5733, #5524, #5149, #2934, #104, #5184, #134, #2371, #4629, #981, #3235, #2679, #204, #4767, #5799, #4209, #4174, #784, #3625, #5286, #2968 ),
 .UNSPECIFIED., .F., .F.,
 ( 5, 1, 1, 1, 1, 1, 1, 1, 1, 1, 1, 1, 1, 1, 1, 1, 1, 1, 1, 1, 1, 1, 1, 1, 1, 1, 1, 1, 1, 1, 1, 1, 1, 1, 1, 1, 1, 1, 1, 1, 1, 1, 1, 1, 1, 1, 1, 1, 1, 1, 1, 1, 1, 1, 1, 1, 1, 1, 1, 1, 1, 1, 1, 1, 1, 1, 1, 1, 1, 1, 1, 1, 1, 1, 1, 1, 1, 1, 1, 1, 1, 1, 1, 1, 1, 1, 1, 1, 1, 1, 1, 1, 1, 1, 1, 1, 1, 1, 1, 1, 1, 1, 1, 1, 1, 1, 1, 1, 1, 1, 1, 1, 1, 1, 1, 1, 1, 1, 1, 1, 1, 1, 1, 1, 1, 1, 1, 1, 1, 1, 1, 1, 1, 1, 1, 1, 1, 1, 1, 1, 1, 1, 1, 1, 1, 1, 1, 1, 1, 1, 1, 1, 1, 1, 1, 1, 1, 1, 1, 1, 1, 1, 1, 1, 1, 1, 1, 1, 1, 1, 1, 1, 1, 1, 1, 1, 1, 1, 1, 1, 1, 1, 1, 1, 1, 1, 1, 1, 1, 1, 1, 1, 1, 1, 1, 1, 1, 1, 1, 1, 1, 1, 1, 1, 1, 1, 1, 1, 1, 1, 1, 1, 1, 1, 1, 1, 1, 1, 1, 1, 1, 1, 1, 1, 1, 1, 1, 1, 1, 1, 1, 1, 1, 1, 1, 1, 1, 1, 1, 1, 1, 1, 1, 1, 1, 1, 1, 1, 1, 1, 1, 1, 1, 1, 1, 1, 1, 1, 1, 1, 1, 1, 1, 1, 1, 1, 1, 1, 1, 1, 1, 1, 1, 1, 1, 1, 1, 1, 1, 1, 1, 1, 1, 1, 1, 1, 1, 1, 1, 1, 1, 1, 1, 1, 1, 1, 1, 1, 1, 1, 1, 1, 1, 1, 1, 1, 1, 1, 1, 1, 1, 1, 1, 1, 1, 1, 1, 1, 1, 1, 1, 1, 1, 1, 1, 1, 1, 1, 1, 1, 1, 1, 1, 1, 1, 1, 1, 1, 1, 1, 1, 1, 1, 1, 1, 1, 1, 1, 1, 1, 1, 1, 1, 1, 1, 1, 1, 1, 1, 1, 1, 1, 1, 1, 1, 1, 1, 1, 1, 1, 1, 1, 1, 1, 1, 1, 1, 1, 1, 1, 1, 1, 1, 1, 1, 1, 1, 1, 1, 1, 1, 1, 1, 1, 1, 1, 1, 1, 1, 1, 1, 1, 1, 1, 1, 1, 1, 1, 1, 1, 1, 1, 1, 1, 1, 1, 1, 1, 1, 1, 1, 1, 1, 1, 1, 1, 1, 1, 1, 1, 1, 1, 1, 1, 1, 1, 1, 1, 1, 1, 1, 1, 1, 1, 1, 1, 1, 1, 1, 1, 1, 1, 1, 1, 1, 1, 1, 1, 1, 1, 1, 1, 1, 1, 1, 1, 1, 1, 1, 1, 1, 1, 1, 1, 1, 1, 1, 1, 1, 1, 1, 1, 1, 1, 1, 1, 1, 1, 1, 1, 1, 1, 1, 1, 1, 1, 1, 1, 1, 1, 1, 1, 1, 1, 1, 1, 1, 1, 1, 1, 1, 1, 1, 1, 1, 1, 1, 1, 1, 1, 1, 1, 1, 1, 1, 1, 1, 1, 1, 1, 1, 1, 1, 1, 1, 1, 1, 1, 1, 1, 1, 1, 1, 1, 1, 1, 1, 1, 1, 1, 1, 1, 1, 1, 1, 1, 1, 1, 1, 1, 1, 1, 1, 1, 1, 1, 1, 1, 1, 1, 1, 1, 1, 1, 1, 1, 1, 1, 1, 1, 1, 1, 1, 1, 1, 1, 1, 1, 1, 1, 1, 1, 1, 5 ),
 ( 0.05760920070031212703, 0.05925751373930219362, 0.06090582677829226022, 0.06255413981728233375, 0.06420245285627239340, 0.06570337593780560537, 0.06720429901933881733, 0.06870522210087202930, 0.07020614518240524127, 0.07107002978236270918, 0.07193391438232019097, 0.07366168358223515455, 0.07538945278215011814, 0.07711722198206506784, 0.07906811229226959337, 0.08004355744737184919, 0.08101900260247410501, 0.08199444775757636084, 0.08296989291267861666, 0.08394533806778087248, 0.08492078322288312831, 0.08574560335710282311, 0.08657042349132251791, 0.08739524362554221271, 0.08822006375976192138, 0.08904488389398163006, 0.08986970402820132486, 0.09151934429664071446, 0.09302072867260910427, 0.09452211304857749408, 0.09752488180051428757, 0.09929022634995784968, 0.1010555708994014257, 0.1028209154488450017, 0.1045862599982885638, 0.1059027364657071923, 0.1072192129331258209, 0.1085356894005444495, 0.1098521658679630780, 0.1113372721963429290, 0.1128223785247227939, 0.1143074848531026588, 0.1157925911814825237, 0.1175266152700251698, 0.1192606393585678298, 0.1209946634471104898, 0.1227286875356531359, 0.1239252294257651155, 0.1251217713158770950, 0.1263183132059890745, 0.1275148550961010541, 0.1290603228952892367, 0.1306057906944774194, 0.1336967262928538125, 0.1364647675604141464, 0.1392328088279745080, 0.1421959995264167054, 0.1436775948756378041, 0.1451591902248589028, 0.1463365992288123141, 0.1475140082327657254, 0.1486914172367191367, 0.1498688262406725480, 0.1513797847049416223, 0.1528907431692106966, 0.1544017016334797154, 0.1559126600977487898, 0.1574236185620176420, 0.1589345770262864666, 0.1604455354905552911, 0.1619564939548241433, 0.1631339029587775546, 0.1643113119627309382, 0.1654887209666843217, 0.1666661299706377330, 0.1681477253198585542, 0.1696293206690793753, 0.1725925113675210176, 0.1751797069905286219, 0.1777669026135362262, 0.1792066316228527745, 0.1806463606321692672, 0.1820860896414857877, 0.1835258186508023082, 0.1848307122676125513, 0.1861356058844228500, 0.1874404995012331487, 0.1887453931180433919, 0.1902912793817987391, 0.1918371656455540308, 0.1933830519093093225, 0.1949289381730646697, 0.1964857670429919212, 0.1980425959129191726, 0.1995994247828464241, 0.2011562536527737310, 0.2027186454739614008, 0.2042810372951491260, 0.2057707473413395993, 0.2072604573875300726, 0.2087501674337206015, 0.2102398774799111303, 0.2128941229405605928, 0.2155483684012100554, 0.2179265470517314784, 0.2203047257022529570, 0.2212338130064334107, 0.2221629003106138645, 0.2230919876147943737, 0.2240210749189748274, 0.2249501622231552811, 0.2258792495273357348, 0.2268083368315162440, 0.2277374241356966977, 0.2286086705987415701, 0.2294799170617864426, 0.2303511635248313705, 0.2312224099878762429, 0.2329649029139659877, 0.2347073958400557325, 0.2364351650399699190, 0.2381629342398840499, 0.2398907034397981808, 0.2407545880397553573, 0.2416184726397123672, 0.2431193957212447465, 0.2446203188027771813, 0.2461212418843096161, 0.2476221649658420509, 0.2492704780048310975, 0.2509187910438202551, 0.2525671040828093572, 0.2542154171217985148, 0.2558637301607895043, 0.2575120431997804937, 0.2591603562387714277, 0.2608086692777624171, 0.2623095923592964063, 0.2638105154408303954, 0.2653114385223643845, 0.2668123616038983736, 0.2676762462038562163, 0.2685401308038141144, 0.2702679000037299106, 0.2719956692036457069, 0.2737234384035615031, 0.2756743287137642939, 0.2776252190239670847, 0.2786006641790684801, 0.2795761093341698755, 0.2805515544892712709, 0.2815269996443727218, 0.2823518197785921391, 0.2831766399128116674, 0.2840014600470310846, 0.2848262801812505018, 0.2856511003154699191, 0.2864759204496893918, 0.2881255607181283374, 0.2896269450940959223, 0.2911283294700636182, 0.2941310982219990100, 0.2958964427714450562, 0.2976617873208911025, 0.2994271318703372042, 0.3011924764197832505, 0.3025089528872023648, 0.3038254293546214235, 0.3051419058220405378, 0.3064583822894596521, 0.3079434886178387121, 0.3094285949462177721, 0.3109137012745968320, 0.3123988076029759475, 0.3141328316915177887, 0.3158668557800596299, 0.3176008798686014711, 0.3193349039571433123, 0.3205314458472539041, 0.3217279877373645514, 0.3229245296274751986, 0.3241210715175858459, 0.3256665393167723077, 0.3272120071159587695, 0.3303029427143317487, 0.3330709839818931650, 0.3358390252494545258, 0.3388022159479011086, 0.3402838112971243723, 0.3417654066463476914, 0.3429428156503014913, 0.3441202246542552912, 0.3452976336582090910, 0.3464750426621629464, 0.3479860011264334085, 0.3494969595907039261, 0.3510079180549744438, 0.3525188765192449059, 0.3540298349835123703, 0.3555407934477798904, 0.3570517519120473549, 0.3585627103763148193, 0.3597401193802678421, 0.3609175283842207538, 0.3620949373881737765, 0.3632723463921267992, 0.3647539417413452889, 0.3662355370905638896, 0.3691987277890009800, 0.3717859234120078349, 0.3743731190350146898, 0.3758128480443338471, 0.3772525770536530043, 0.3786923060629722171, 0.3801320350722913743, 0.3814369286891023392, 0.3827418223059134705, 0.3840467159227245464, 0.3853516095395355667, 0.3868974958032919131, 0.3884433820670482040, 0.3899892683308044949, 0.3915351545945608414, 0.3930919834644873712, 0.3946488123344138454, 0.3962056412043403752, 0.3977624700742669051, 0.3993248618954537976, 0.4008872537166405792, 0.4023769637628290541, 0.4038666738090174180, 0.4053563838552058374, 0.4068460939013943123, 0.4095003393620409438, 0.4121545848226876307, 0.4145327634732123290, 0.4169109421237369717, 0.4178400294279189797, 0.4187691167321010433, 0.4206272913404650593, 0.4215563786446471228, 0.4224854659488290753, 0.4234145532530110834, 0.4243436405571930914, 0.4252148870202379083, 0.4260861334832827252, 0.4269573799463275421, 0.4278286264093724145, 0.4295711193354619928, 0.4313136122615516821, 0.4330413814614643697, 0.4347691506613769463, 0.4364969198612895784, 0.4373608044612459222, 0.4382246890612022105, 0.4397256121427329800, 0.4412265352242636940, 0.4427274583057944080, 0.4442283813873251219, 0.4458766944263128917, 0.4475250074653006616, 0.4491733205042884869, 0.4508216335432762567, 0.4524699465822686895, 0.4541182596212611777, 0.4557665726602536660, 0.4574148856992460432, 0.4589158087807815867, 0.4604167318623171301, 0.4619176549438526180, 0.4634185780253881615, 0.4642824626253467812, 0.4651463472253054565, 0.4668741164252228071, 0.4686018856251401576, 0.4703296548250574527, 0.4722805451352580786, 0.4732559902903584192, 0.4742314354454588154, 0.4752068806005591006, 0.4761823257556594413, 0.4771577709107597820, 0.4781332160658600672, 0.4789580362000791514, 0.4797828563342981800, 0.4806076764685172087, 0.4814324966027363484, 0.4822573167369554326, 0.4830821368711745167, 0.4847317771396126296, 0.4862331615155793818, 0.4877345458915460785, 0.4907373146434795830, 0.4925026591929290154, 0.4942680037423784478, 0.4960333482918278802, 0.4969160205665525964, 0.4977986928412773127, 0.4991151693086969821, 0.5004316457761166514, 0.5017481222435363764, 0.5030645987109561013, 0.5045497050393343841, 0.5060348113677126669, 0.5075199176960909497, 0.5090050240244693436, 0.5107390481130102966, 0.5124730722015513606, 0.5142070962900923137, 0.5159411203786332667, 0.5171376622687424707, 0.5183342041588516746, 0.5195307460489606566, 0.5207272879390698606, 0.5222727557382547126, 0.5238182235374395646, 0.5269091591358093796, 0.5296772004033721837, 0.5324452416709346547, 0.5354084323693857339, 0.5368900277186112735, 0.5383716230678369241, 0.5395490320717910571, 0.5407264410757453010, 0.5419038500796995450, 0.5430812590836537890, 0.5445922175479254168, 0.5461031760121972667, 0.5476141344764691166, 0.5491250929407409664, 0.5506360514050070432, 0.5521470098692730089, 0.5536579683335389745, 0.5551689267978050513, 0.5563463358017576299, 0.5575237448057102085, 0.5587011538096628982, 0.5598785628136154768, 0.5613601581628318016, 0.5628417535120480153, 0.5658049442104804427, 0.5683921398334867980, 0.5709793354564930423, 0.5724190644658149196, 0.5738587934751369080, 0.5752985224844587853, 0.5767382514937806626, 0.5780431451105922935, 0.5793480387274040355, 0.5806529323442157775, 0.5819578259610274085, 0.5835037122247846986, 0.5850495984885419887, 0.5865954847522993898, 0.5881413710160566799, 0.5896981998859825991, 0.5912550287559085183, 0.5928118576258344374, 0.5943686864957603566, 0.5959310783169462500, 0.5974934701381322544, 0.5989831801843188419, 0.6004728902305054294, 0.6019626002766920170, 0.6034523103228784935, 0.6061065557835225714, 0.6087608012441667604, 0.6111389798946942342, 0.6135171585452215970, 0.6144462458494051038, 0.6153753331535887217, 0.6163044204577722285, 0.6172335077619557353, 0.6181625950661392421, 0.6190916823703227490, 0.6200207696745063668, 0.6209498569786898736, 0.6218211034417346905, 0.6226923499047796184, 0.6235635963678244353, 0.6244348428308692522, 0.6261773357569588860, 0.6279198286830486309, 0.6296475978829623177, 0.6313753670828760045, 0.6331031362827896913, 0.6339670208827465903, 0.6348309054827033782, 0.6363318285642353134, 0.6378327516457671376, 0.6393336747272989617, 0.6408345978088307859, 0.6424829108478196105, 0.6441312238868085460, 0.6457795369257974816, 0.6474278499647863061, 0.6490761630037776841, 0.6507244760427690622, 0.6523727890817604402, 0.6540211021207518183, 0.6555220252022865290, 0.6570229482838212398, 0.6585238713653558396, 0.6600247944468905503, 0.6608886790468486705, 0.6617525636468067907, 0.6634803328467233641, 0.6652081020466398265, 0.6669358712465561778, 0.6688867615567644087, 0.6698622067118684686, 0.6708376518669725286, 0.6718130970220765885, 0.6727885421771806485, 0.6737639873322847084, 0.6747394324873887683, 0.6755642526216090182, 0.6763890727558292681, 0.6772138928900495181, 0.6780387130242696569, 0.6788635331584900179, 0.6796883532927102678, 0.6813379935611507676, 0.6828393779371202399, 0.6843407623130898232, 0.6873435310650286567, 0.6891088756144672089, 0.6908742201639057612, 0.6926395647133443134, 0.6944049092627829767, 0.6957213857302009252, 0.6970378621976189848, 0.6983543386650370444, 0.6996708151324549929, 0.7011559214608376056, 0.7026410277892204403, 0.7041261341176030530, 0.7056112404459857768, 0.7073452645345315037, 0.7090792886230771197, 0.7108133127116229577, 0.7125473368001686847, 0.7137438786902857712, 0.7149404205804030799, 0.7161369624705202774, 0.7173335043606374750, 0.7188789721598324300, 0.7204244399590271630, 0.7235153755574167400, 0.7262834168249736599, 0.7290514580925304688, 0.7320146487909555688, 0.7334962441401681188, 0.7349778394893806688, 0.7361552484933325813, 0.7373326574972848269, 0.7385100665012367394, 0.7396874755051886519, 0.7411984339694525081, 0.7427093924337164754, 0.7442203508979804427, 0.7457313093622444100, 0.7472422678265222551, 0.7487532262908001002, 0.7502641847550779453, 0.7517751432193559014, 0.7529525522233116996, 0.7541299612272673869, 0.7553073702312232962, 0.7564847792351790945, 0.7579663745844140710, 0.7594479699336491585, 0.7624111606321193335, 0.7649983562551319061, 0.7675855518781445896, 0.7690252808874449286, 0.7704650098967451566, 0.7719047389060453845, 0.7733444679153457235, 0.7746493615321509152, 0.7759542551489561069, 0.7772591487657612985, 0.7785640423825664902, 0.7801099286463155646, 0.7816558149100645281, 0.7832017011738134915, 0.7847475874375626770, 0.7863044163074959236, 0.7878612451774292813, 0.7894180740473626390, 0.7909749029172958856, 0.7925372947384903277, 0.7940996865596846588, 0.7955893966058920075, 0.7970791066520992452, 0.7985688166983065939, 0.8000585267445139426, 0.8027127722051856651, 0.8053670176658572766, 0.8077451963163576609, 0.8101233749668580453, 0.8110524622710248988, 0.8119815495751916412, 0.8129106368793584947, 0.8138397241835253482, 0.8147688114876920906, 0.8156978987918589441, 0.8166269860960257976, 0.8175560734001925400, 0.8184273198632380231, 0.8192985663262835061, 0.8210410592523745832, 0.8227835521784656603, 0.8245260451045566263, 0.8262538143044872996, 0.8279815835044180838, 0.8297093527043488681, 0.8305732373043140937, 0.8314371219042795413, 0.8329380449858294622, 0.8344389680673791609, 0.8359398911489289707, 0.8374408142304787805, 0.8390891272694858127, 0.8407374403084927339, 0.8423857533474996551, 0.8440340663865066873, 0.8456823794254803017, 0.8473306924644539162, 0.8489790055034275307, 0.8506273185424011452, 0.8521282416239176483, 0.8536291647054341514, 0.8551300877869506545, 0.8566310108684670466, 0.8574948954684167290, 0.8583587800683665225, 0.8600865492682659985, 0.8618143184681652524, 0.8635420876680646174, 0.8654929779782993826, 0.8664684231334167652, 0.8674438682885341478, 0.8684193134436515304, 0.8693947585987689131, 0.8703702037538862957, 0.8713456489090037893, 0.8721704690432279250, 0.8729952891774521717, 0.8738201093116764184, 0.8746449294459006651, 0.8754697495801246898, 0.8762945697143489365, 0.8779442099827973189, 0.8794455943587782265, 0.8809469787347590231, 0.8839497474867208382, 0.8857150920361198665, 0.8874804365855190058, 0.8892457811349181451, 0.8910111256843172844, 0.8923276021517274614, 0.8936440786191375274, 0.8949605550865477044, 0.8962770315539576593, 0.8977621378823491538, 0.8992472442107406483, 0.9007323505391320317, 0.9022174568675236372, 0.9039514809560788011, 0.9056855050446341870, 0.9074195291331894619, 0.9091535532217447368, 0.9103500951118775886, 0.9115466370020103293, 0.9127431788921430700, 0.9139397207822758107, 0.9154851885814916379, 0.9170306563807073541, 0.9185761241799230703, 0.9201215919791387865, 0.9228896332466819397, 0.9256576745142250928, 0.9286208652125971241, 0.9301024605617831398, 0.9315840559109691554, 0.9327614649149149617, 0.9339388739188607680, 0.9351162829228065743, 0.9362936919267522695, 0.9378046503909983622, 0.9393156088552443439, 0.9408265673194904366, 0.9423375257837365293 ),
 .UNSPECIFIED. ) ;
#3754 = CARTESIAN_POINT ( 'NONE',  ( -40.68918230802425029, 3.105155021998484699E-13, 26.75914453698337425 ) ) ;
#3755 = DIRECTION ( 'NONE',  ( -3.964541573183182870E-16, -1.000000000000000000, 1.158175138636003392E-15 ) ) ;
#3756 = CARTESIAN_POINT ( 'NONE',  ( 39.51782192971510455, 10.00000000000000000, 28.97611372678761299 ) ) ;
#3757 = CARTESIAN_POINT ( 'NONE',  ( 9.499999999999793943, -5.000000000000000000, 17.35448267190446003 ) ) ;
#3758 = VERTEX_POINT ( 'NONE', #5019 ) ;
#3759 = CARTESIAN_POINT ( 'NONE',  ( -28.26301930831992948, 0.000000000000000000, 39.23805508113060370 ) ) ;
#3760 = CARTESIAN_POINT ( 'NONE',  ( -28.25630724235858438, 0.000000000000000000, -39.42846835268141348 ) ) ;
#3761 = CALENDAR_DATE ( 2026, 12, 8 ) ;
#3762 = CARTESIAN_POINT ( 'NONE',  ( 43.52754636355199835, 10.00000000000000000, 22.16671749007829106 ) ) ;
#3763 = DIRECTION ( 'NONE',  ( 0.2868677519576807167, 1.224645230088314025E-16, -0.9579701941536316046 ) ) ;
#3764 = CARTESIAN_POINT ( 'NONE',  ( -33.35277019341329208, 10.00000000000000000, 33.30754164136921247 ) ) ;
#3765 = CARTESIAN_POINT ( 'NONE',  ( -25.98076211353329867, 0.000000000000000000, 18.49999999999976197 ) ) ;
#3766 = CYLINDRICAL_SURFACE ( 'NONE', #4364, 6.524999999999999467 ) ;
#3767 = ORIENTED_EDGE ( 'NONE', *, *, #858, .F. ) ;
#3768 = CARTESIAN_POINT ( 'NONE',  ( -34.52033369154238329, 10.00000000000000000, 32.14397764991450401 ) ) ;
#3769 = CARTESIAN_POINT ( 'NONE',  ( 33.40829916735508931, 10.00000000000000000, -34.50086255644028199 ) ) ;
#3770 = CARTESIAN_POINT ( 'NONE',  ( -22.47340223554285288, 2.758210326803123280E-13, -42.51794034354355034 ) ) ;
#3771 = EDGE_LOOP ( 'NONE', ( #308, #2771 ) ) ;
#3772 = CARTESIAN_POINT ( 'NONE',  ( 22.72911706989895819, 0.000000000000000000, 42.46051250424451240 ) ) ;
#3773 = CARTESIAN_POINT ( 'NONE',  ( 6.712294465233462404, 0.000000000000000000, -47.35351200910564984 ) ) ;
#3774 = CARTESIAN_POINT ( 'NONE',  ( -46.58277300966949497, 10.00000000000000000, -11.68200449737668301 ) ) ;
#3775 = CARTESIAN_POINT ( 'NONE',  ( 47.22685241208903761, 10.00000000000000000, -8.369913015169588633 ) ) ;
#3776 = CARTESIAN_POINT ( 'NONE',  ( -48.46871621122790685, 10.00000000000000000, 7.128898879978495806 ) ) ;
#3777 = CARTESIAN_POINT ( 'NONE',  ( -21.03884784994413337, 10.00000000000000000, -44.21128466514112176 ) ) ;
#3778 = CARTESIAN_POINT ( 'NONE',  ( -11.00264056437452354, 2.758210326803123280E-13, -45.69717597620824279 ) ) ;
#3779 = CARTESIAN_POINT ( 'NONE',  ( 42.54913690571854090, 0.000000000000000000, 23.80135955393712166 ) ) ;
#3780 = ORIENTED_EDGE ( 'NONE', *, *, #3977, .T. ) ;
#3781 = CARTESIAN_POINT ( 'NONE',  ( 45.96777246656121463, 0.000000000000000000, -15.15830727928424615 ) ) ;
#3782 = CARTESIAN_POINT ( 'NONE',  ( -49.00000000000115108, 10.00000000000000000, 0.07038305175572863448 ) ) ;
#3783 = CARTESIAN_POINT ( 'NONE',  ( 3.571006708916256489, 10.00000000000000000, 48.22521266015944974 ) ) ;
#3784 = CARTESIAN_POINT ( 'NONE',  ( -17.95805789184034396, 10.00000000000000000, 43.44286953839409193 ) ) ;
#3785 = CARTESIAN_POINT ( 'NONE',  ( 25.28302191802704613, 10.00000000000000000, -41.68034871168424615 ) ) ;
#3786 = CARTESIAN_POINT ( 'NONE',  ( 15.15457490086989800, 10.00000000000000000, -44.57514820163137159 ) ) ;
#3787 = LINE ( 'NONE', #5377, #6269 ) ;
#3788 = ORIENTED_EDGE ( 'NONE', *, *, #3830, .F. ) ;
#3789 = AXIS2_PLACEMENT_3D ( 'NONE', #309, #2652, #4904 ) ;
#3790 = CARTESIAN_POINT ( 'NONE',  ( 30.61168797695316712, 3.105155021998484699E-13, 38.16055295097658018 ) ) ;
#3791 = DIRECTION ( 'NONE',  ( -0.5882408128980343154, 1.131628944854788065E-15, 0.8086858141707815584 ) ) ;
#3792 = AXIS2_PLACEMENT_3D ( 'NONE', #4194, #3021, #5852 ) ;
#3793 = CARTESIAN_POINT ( 'NONE',  ( 33.73411894771607678, 10.00000000000000000, 34.64725733235235339 ) ) ;
#3794 = CARTESIAN_POINT ( 'NONE',  ( 48.65575631688790281, 10.00000000000000000, -2.284027950639491600 ) ) ;
#3795 = CARTESIAN_POINT ( 'NONE',  ( -47.51205586086548749, 10.00000000000000000, -8.227163105910900498 ) ) ;
#3796 = CARTESIAN_POINT ( 'NONE',  ( -27.73717641496542896, 0.000000000000000000, 40.35445773081551124 ) ) ;
#3797 = CIRCLE ( 'NONE', #4742, 6.524999999999995914 ) ;
#3798 = CARTESIAN_POINT ( 'NONE',  ( -38.03710777248849695, 0.000000000000000000, -30.23782141158175918 ) ) ;
#3799 = PERSON_AND_ORGANIZATION_ROLE ( 'classification_officer' ) ;
#3800 = CARTESIAN_POINT ( 'NONE',  ( 42.86506084893825630, 10.00000000000000000, 20.60058251562332643 ) ) ;
#3801 = DIRECTION ( 'NONE',  ( 0.000000000000000000, 0.000000000000000000, 1.000000000000000000 ) ) ;
#3802 = DIRECTION ( 'NONE',  ( 0.000000000000000000, 0.000000000000000000, 1.000000000000000000 ) ) ;
#3803 = ADVANCED_FACE ( 'NONE', ( #6113 ), #1101, .F. ) ;
#3804 = DIRECTION ( 'NONE',  ( -0.000000000000000000, 1.000000000000000000, -0.000000000000000000 ) ) ;
#3805 = ORIENTED_EDGE ( 'NONE', *, *, #6457, .T. ) ;
#3806 = VECTOR ( 'NONE', #5832, 1000.000000000000114 ) ;
#3807 = CARTESIAN_POINT ( 'NONE',  ( 35.71349888593488942, 2.758210326803123280E-13, -30.64326182212636240 ) ) ;
#3808 = CARTESIAN_POINT ( 'NONE',  ( -21.96948000142272406, 2.758210326803123280E-13, -43.73324238638085859 ) ) ;
#3809 = ORIENTED_EDGE ( 'NONE', *, *, #1220, .T. ) ;
#3810 = CARTESIAN_POINT ( 'NONE',  ( 10.96263895570430869, 0.000000000000000000, 47.59147069010536768 ) ) ;
#3811 = CARTESIAN_POINT ( 'NONE',  ( 19.51888808966796773, 0.000000000000000000, -43.61227867139744063 ) ) ;
#3812 = CARTESIAN_POINT ( 'NONE',  ( -46.87246452124724527, 2.758210326803123280E-13, -11.89097543059359552 ) ) ;
#3813 = CARTESIAN_POINT ( 'NONE',  ( 47.01651976830700619, 2.758210326803123280E-13, -8.150104650329822675 ) ) ;
#3814 = CARTESIAN_POINT ( 'NONE',  ( -16.26604374678862186, 3.105155021998484699E-13, 45.77582882882170168 ) ) ;
#3815 = CARTESIAN_POINT ( 'NONE',  ( -49.00000000000115108, 3.105155021998484699E-13, 0.07038305175572863448 ) ) ;
#3816 = CARTESIAN_POINT ( 'NONE',  ( -32.81593044786576741, 10.00000000000000000, -36.40297676982936537 ) ) ;
#3817 = CARTESIAN_POINT ( 'NONE',  ( -12.28171053000158786, 2.758210326803123280E-13, -45.57967856565686304 ) ) ;
#3818 = CARTESIAN_POINT ( 'NONE',  ( 43.81914253022119965, 0.000000000000000000, -18.14453587812189994 ) ) ;
#3819 = CONICAL_SURFACE ( 'NONE', #1571, 6.524999999999995914, 0.7853981633974445042 ) ;
#3820 = CARTESIAN_POINT ( 'NONE',  ( -48.38002286252526574, 10.00000000000000000, 1.479422360220733923 ) ) ;
#3821 = CARTESIAN_POINT ( 'NONE',  ( 8.681093759798399034, 10.00000000000000000, 46.25042819909588587 ) ) ;
#3822 = CARTESIAN_POINT ( 'NONE',  ( -48.46871621122790685, 0.000000000000000000, 7.128898879978495806 ) ) ;
#3823 = CARTESIAN_POINT ( 'NONE',  ( -6.488374333700841490, 10.00000000000000000, 47.25539575096761524 ) ) ;
#3824 = CARTESIAN_POINT ( 'NONE',  ( 6.544706139811871992, 10.00000000000000000, -47.93070174219494106 ) ) ;
#3825 = CARTESIAN_POINT ( 'NONE',  ( 16.49437868896478676, 10.00000000000000000, -45.07905301767738848 ) ) ;
#3826 = CARTESIAN_POINT ( 'NONE',  ( -2.133709875451472726E-13, 0.000000000000000000, 33.50000000000000000 ) ) ;
#3827 = CARTESIAN_POINT ( 'NONE',  ( 25.40731973325410920, 10.00000000000000000, 40.91425361717184472 ) ) ;
#3828 = CYLINDRICAL_SURFACE ( 'NONE', #3453, 3.499999999999999556 ) ;
#3829 = CC_DESIGN_DATE_AND_TIME_ASSIGNMENT ( #346, #162, ( #1717 ) ) ;
#3830 = EDGE_CURVE ( 'NONE', #5472, #2102, #2203, .T. ) ;
#3831 = CARTESIAN_POINT ( 'NONE',  ( 35.80442074991306356, 10.00000000000000000, 33.02487383568355739 ) ) ;
#3832 = CARTESIAN_POINT ( 'NONE',  ( 48.05831803056164375, 10.00000000000000000, -1.794575443978757123 ) ) ;
#3833 = CARTESIAN_POINT ( 'NONE',  ( -45.91785491649247319, 10.00000000000000000, -10.35711534514599919 ) ) ;
#3834 = CARTESIAN_POINT ( 'NONE',  ( -35.62549330700020533, 0.000000000000000000, 32.06036333918111580 ) ) ;
#3835 = CARTESIAN_POINT ( 'NONE',  ( -26.88935590340446424, 0.000000000000000000, -40.89274805651967881 ) ) ;
#3836 = PERSON_AND_ORGANIZATION ( #3204, #5727 ) ;
#3837 = CARTESIAN_POINT ( 'NONE',  ( 42.75452417877918521, 3.105155021998484699E-13, 20.00995187189532842 ) ) ;
#3838 = APPLICATION_PROTOCOL_DEFINITION ( 'international standard', 'config_control_design', 1994, #1133 ) ;
#3839 = CARTESIAN_POINT ( 'NONE',  ( 19.00000000000000000, -5.000000000000000000, 2.012279232133096230E-13 ) ) ;
#3840 = EDGE_LOOP ( 'NONE', ( #4230, #5573 ) ) ;
#3841 = CARTESIAN_POINT ( 'NONE',  ( 35.83547300762123200, 10.00000000000000000, -32.76542501798784457 ) ) ;
#3842 = CARTESIAN_POINT ( 'NONE',  ( -27.23427133751857099, 2.758210326803123280E-13, -40.74007315718172606 ) ) ;
#3843 = EDGE_LOOP ( 'NONE', ( #6376, #3642, #4875, #4867 ) ) ;
#3844 = CARTESIAN_POINT ( 'NONE',  ( 15.15457490054883927, 0.000000000000000000, 44.57514820140895750 ) ) ;
#3845 = CC_DESIGN_SECURITY_CLASSIFICATION ( #1596, ( #7285 ) ) ;
#3846 = CARTESIAN_POINT ( 'NONE',  ( 6.576098158341775246, 0.000000000000000000, -47.64015109982975815 ) ) ;
#3847 = DIRECTION ( 'NONE',  ( 0.000000000000000000, 0.000000000000000000, 1.000000000000000000 ) ) ;
#3848 = CARTESIAN_POINT ( 'NONE',  ( -48.20490586501740893, 2.758210326803123280E-13, -7.715346298519425439 ) ) ;
#3849 = CARTESIAN_POINT ( 'NONE',  ( 45.23049544017899137, 10.00000000000000000, -14.26683525308907008 ) ) ;
#3850 = CARTESIAN_POINT ( 'NONE',  ( -15.53621156513084856, 10.00000000000000000, 46.44024945185537234 ) ) ;
#3851 = FACE_BOUND ( 'NONE', #4248, .T. ) ;
#3852 = CARTESIAN_POINT ( 'NONE',  ( -33.27739363061889577, 10.00000000000000000, -34.44930059947426315 ) ) ;
#3853 = CARTESIAN_POINT ( 'NONE',  ( -7.715636490963277083, 10.00000000000000000, -48.26192936911747466 ) ) ;
#3854 = CARTESIAN_POINT ( 'NONE',  ( 47.93386787982855424, 0.000000000000000000, -10.21794103202034876 ) ) ;
#3855 = CARTESIAN_POINT ( 'NONE',  ( 47.01001761814419666, 10.00000000000000000, -0.2271179980560636136 ) ) ;
#3856 = CARTESIAN_POINT ( 'NONE',  ( 6.544706139466644146, 3.105155021998484699E-13, 47.93070174191055344 ) ) ;
#3857 = CARTESIAN_POINT ( 'NONE',  ( -46.22327082322716763, 0.000000000000000000, 11.24711602213648121 ) ) ;
#3858 = CARTESIAN_POINT ( 'NONE',  ( -10.25976536043989462, 10.00000000000000000, 46.30419688370048448 ) ) ;
#3859 = CARTESIAN_POINT ( 'NONE',  ( 10.11438034160198107, 10.00000000000000000, -47.01625643758898576 ) ) ;
#3860 = CARTESIAN_POINT ( 'NONE',  ( 10.45795325596460579, 10.00000000000000000, -47.41714284092778797 ) ) ;
#3861 = CARTESIAN_POINT ( 'NONE',  ( -2.133709875451472726E-13, 1.500000000000000000, 33.50000000000000000 ) ) ;
#3862 = CARTESIAN_POINT ( 'NONE',  ( -43.51090059704131363, 10.00000000000000000, 21.01927078807506888 ) ) ;
#3863 = AXIS2_PLACEMENT_3D ( 'NONE', #5068, #5579, #597 ) ;
#3864 = CARTESIAN_POINT ( 'NONE',  ( 29.85649611574984519, 3.105155021998484699E-13, 38.83056500829449220 ) ) ;
#3865 = CARTESIAN_POINT ( 'NONE',  ( 30.40816549882700670, 10.00000000000000000, 38.41069024776943763 ) ) ;
#3866 = CARTESIAN_POINT ( 'NONE',  ( 46.47266627691736574, 10.00000000000000000, -11.59441795637283690 ) ) ;
#3867 = CARTESIAN_POINT ( 'NONE',  ( 0.000000000000000000, 1.500000000000000000, -23.47499999999999432 ) ) ;
#3868 = ORIENTED_EDGE ( 'NONE', *, *, #3522, .T. ) ;
#3869 = CARTESIAN_POINT ( 'NONE',  ( -37.19850707023825009, 0.000000000000000000, 31.83470540759500977 ) ) ;
#3870 = CARTESIAN_POINT ( 'NONE',  ( -29.89409614269066040, 0.000000000000000000, -36.61644788641506665 ) ) ;
#3871 = PERSON_AND_ORGANIZATION ( #3204, #5727 ) ;
#3872 = CARTESIAN_POINT ( 'NONE',  ( 43.22333241071549992, 3.105155021998484699E-13, 23.09858425748329935 ) ) ;
#3873 = DIRECTION ( 'NONE',  ( 0.000000000000000000, 0.000000000000000000, 1.000000000000000000 ) ) ;
#3874 = DIRECTION ( 'NONE',  ( -3.964541573183182870E-16, -1.000000000000000000, 1.158175138636003392E-15 ) ) ;
#3875 = VERTEX_POINT ( 'NONE', #5608 ) ;
#3876 = CARTESIAN_POINT ( 'NONE',  ( 34.84168427752873498, 2.758210326803123280E-13, -34.38458398784221259 ) ) ;
#3877 = CARTESIAN_POINT ( 'NONE',  ( -22.19333903232032412, 10.00000000000000000, -43.50383015249465046 ) ) ;
#3878 = ORIENTED_EDGE ( 'NONE', *, *, #5812, .T. ) ;
#3879 = CARTESIAN_POINT ( 'NONE',  ( 9.638685457743054741, 0.000000000000000000, 46.58617613161766968 ) ) ;
#3880 = CARTESIAN_POINT ( 'NONE',  ( 17.61835056747636941, 0.000000000000000000, -45.60566623188942970 ) ) ;
#3881 = CARTESIAN_POINT ( 'NONE',  ( -47.38230242927597402, 0.000000000000000000, -2.063423480710345981 ) ) ;
#3882 = CARTESIAN_POINT ( 'NONE',  ( -45.92140164609771347, 2.758210326803123280E-13, -9.943727800250568905 ) ) ;
#3883 = CARTESIAN_POINT ( 'NONE',  ( 46.16891714034355232, 10.00000000000000000, -16.29749940164609967 ) ) ;
#3884 = CARTESIAN_POINT ( 'NONE',  ( -21.96948000173770765, 10.00000000000000000, 43.73324238589106017 ) ) ;
#3885 = DIRECTION ( 'NONE',  ( -0.000000000000000000, 1.000000000000000000, -0.000000000000000000 ) ) ;
#3886 = CARTESIAN_POINT ( 'NONE',  ( -33.26016418677981790, 10.00000000000000000, -35.83937504465740176 ) ) ;
#3887 = CARTESIAN_POINT ( 'NONE',  ( -4.644197830607593502, 10.00000000000000000, -46.75014313090552776 ) ) ;
#3888 = CARTESIAN_POINT ( 'NONE',  ( 45.86937228529031074, 0.000000000000000000, -11.90446282062639938 ) ) ;
#3889 = CARTESIAN_POINT ( 'NONE',  ( -34.52033369131090978, 2.758210326803123280E-13, -32.14397765049469768 ) ) ;
#3890 = CARTESIAN_POINT ( 'NONE',  ( 47.79968281755294157, 2.758210326803123280E-13, -1.615430749889427808 ) ) ;
#3891 = CARTESIAN_POINT ( 'NONE',  ( -5.261528142693442156, 10.00000000000000000, 46.69895909850111337 ) ) ;
#3892 = CARTESIAN_POINT ( 'NONE',  ( -44.78155854347890852, 10.00000000000000000, 18.29746868135540439 ) ) ;
#3893 = PRODUCT ( 'disc 1', 'disc 1', '', ( #526 ) ) ;
#3894 = CARTESIAN_POINT ( 'NONE',  ( -48.51587056975520085, 0.000000000000000000, 6.075331518318511037 ) ) ;
#3895 = CARTESIAN_POINT ( 'NONE',  ( -11.00264056470364515, 10.00000000000000000, 45.69717597579739987 ) ) ;
#3896 = CARTESIAN_POINT ( 'NONE',  ( 10.96263895604709937, 10.00000000000000000, -47.59147069035797273 ) ) ;
#3897 = CARTESIAN_POINT ( 'NONE',  ( 13.57351805873375383, 10.00000000000000000, -45.34377807319724241 ) ) ;
#3898 = FACE_OUTER_BOUND ( 'NONE', #5421, .T. ) ;
#3899 = CARTESIAN_POINT ( 'NONE',  ( -41.68120872578253966, 10.00000000000000000, 21.73595169659789406 ) ) ;
#3900 = CARTESIAN_POINT ( 'NONE',  ( 27.48593654726746038, 10.00000000000000000, 38.60361176104862579 ) ) ;
#3901 = DIRECTION ( 'NONE',  ( 0.000000000000000000, 0.000000000000000000, 1.000000000000000000 ) ) ;
#3902 = CARTESIAN_POINT ( 'NONE',  ( 31.01521223620300916, 10.00000000000000000, 35.45478607993765507 ) ) ;
#3903 = CARTESIAN_POINT ( 'NONE',  ( 43.09234470842852716, 10.00000000000000000, -18.77071706434695386 ) ) ;
#3904 = AXIS2_PLACEMENT_3D ( 'NONE', #4573, #665, #1104 ) ;
#3905 = CARTESIAN_POINT ( 'NONE',  ( 17.73542027622000106, 2.992397996059992238E-14, 32.87262345473227754 ) ) ;
#3906 = EDGE_LOOP ( 'NONE', ( #529, #1967, #5344, #3478 ) ) ;
#3907 = CARTESIAN_POINT ( 'NONE',  ( 39.25387599975676522, 10.00000000000000000, -29.22991207905507949 ) ) ;
#3908 = CARTESIAN_POINT ( 'NONE',  ( -33.23888001644543522, 0.000000000000000000, 34.16152856351047973 ) ) ;
#3909 = CARTESIAN_POINT ( 'NONE',  ( -41.26638704542735780, 0.000000000000000000, -22.66473460883746682 ) ) ;
#3910 = CARTESIAN_POINT ( 'NONE',  ( 43.81914253009055216, 10.00000000000000000, 18.14453587810580260 ) ) ;
#3911 = AXIS2_PLACEMENT_3D ( 'NONE', #3979, #5645, #5572 ) ;
#3912 = PLANE ( 'NONE',  #2215 ) ;
#3913 = CARTESIAN_POINT ( 'NONE',  ( 12.27621833645988048, 0.5000000000000340838, 34.50740186172187407 ) ) ;
#3914 = ORIENTED_EDGE ( 'NONE', *, *, #3201, .T. ) ;
#3915 = CARTESIAN_POINT ( 'NONE',  ( 29.85649611602950060, 2.758210326803123280E-13, -38.83056500841107805 ) ) ;
#3916 = CIRCLE ( 'NONE', #46, 3.499999999999999556 ) ;
#3917 = CARTESIAN_POINT ( 'NONE',  ( 16.96362320756021802, 0.000000000000000000, 45.52193069367715594 ) ) ;
#3918 = CARTESIAN_POINT ( 'NONE',  ( 15.94902323086655116, 0.000000000000000000, -44.75368592630054820 ) ) ;
#3919 = CARTESIAN_POINT ( 'NONE',  ( 46.99999999999997158, 10.00000000000000000, -4.799259554187569168E-12 ) ) ;
#3920 = CARTESIAN_POINT ( 'NONE',  ( -48.95866733249113167, 2.758210326803123280E-13, -0.5030180427433023072 ) ) ;
#3921 = CARTESIAN_POINT ( 'NONE',  ( 46.08513344288628844, 2.758210326803123280E-13, -15.40480195492081172 ) ) ;
#3922 = CARTESIAN_POINT ( 'NONE',  ( -26.30578014802206610, 3.105155021998484699E-13, 40.99517880117666380 ) ) ;
#3923 = AXIS2_PLACEMENT_3D ( 'NONE', #2857, #2301, #1593 ) ;
#3924 = CARTESIAN_POINT ( 'NONE',  ( 11.42095920628385741, 0.5000000000000336398, 33.92165911943856571 ) ) ;
#3925 = PRODUCT_RELATED_PRODUCT_CATEGORY ( 'detail', '', ( #3893 ) ) ;
#3926 = EDGE_CURVE ( 'NONE', #2923, #5359, #1088, .T. ) ;
#3927 = CARTESIAN_POINT ( 'NONE',  ( -33.46261586827019130, 10.00000000000000000, -35.22616371442756389 ) ) ;
#3928 = CARTESIAN_POINT ( 'NONE',  ( -7.168168958812480618, 10.00000000000000000, -48.06001250006624304 ) ) ;
#3929 = CARTESIAN_POINT ( 'NONE',  ( 46.08513344288628844, 0.000000000000000000, -15.40480195492081172 ) ) ;
#3930 = CARTESIAN_POINT ( 'NONE',  ( -37.19850707000892953, 10.00000000000000000, -31.83470540819453731 ) ) ;
#3931 = CARTESIAN_POINT ( 'NONE',  ( -2.088408008910457081, 10.00000000000000000, 48.93732214155459559 ) ) ;
#3932 = CARTESIAN_POINT ( 'NONE',  ( -43.70179320605875262, 10.00000000000000000, 20.99370316739435793 ) ) ;
#3933 = SHAPE_REPRESENTATION ( 'disc 1', ( #4784, #5262 ), #3375 ) ;
#3934 = CARTESIAN_POINT ( 'NONE',  ( -9.856404580339983568, 10.00000000000000000, 47.38841362922807576 ) ) ;
#3935 = CARTESIAN_POINT ( 'NONE',  ( 4.691435564937480152, 10.00000000000000000, -48.74242142725789506 ) ) ;
#3936 = CARTESIAN_POINT ( 'NONE',  ( 13.80912449933339126, 10.00000000000000000, -45.08558219001507439 ) ) ;
#3937 = DIRECTION ( 'NONE',  ( 0.000000000000000000, 0.000000000000000000, 1.000000000000000000 ) ) ;
#3938 = EDGE_CURVE ( 'NONE', #4175, #5321, #7, .T. ) ;
#3939 = CARTESIAN_POINT ( 'NONE',  ( -41.76916595840862101, 10.00000000000000000, 24.30200957677488205 ) ) ;
#3940 = CARTESIAN_POINT ( 'NONE',  ( 25.11164975861549920, 10.00000000000000000, 41.93029834453387394 ) ) ;
#3941 = CARTESIAN_POINT ( 'NONE',  ( 48.81657376000020321, 0.000000000000000000, -3.843863664540267067 ) ) ;
#3942 = CARTESIAN_POINT ( 'NONE',  ( 36.37930582211521369, 10.00000000000000000, 29.84978400702683032 ) ) ;
#3943 = CARTESIAN_POINT ( 'NONE',  ( 42.25582227702785332, 10.00000000000000000, -23.96781524989044954 ) ) ;
#3944 = CARTESIAN_POINT ( 'NONE',  ( 0.000000000000000000, 0.000000000000000000, -30.00000000000000000 ) ) ;
#3945 = ORIENTED_EDGE ( 'NONE', *, *, #431, .T. ) ;
#3946 = CARTESIAN_POINT ( 'NONE',  ( 38.23685236802580079, 2.758210326803123280E-13, -29.63323264098844945 ) ) ;
#3947 = CARTESIAN_POINT ( 'NONE',  ( -38.98539122623355269, 0.000000000000000000, 26.90152853543659361 ) ) ;
#3948 = CARTESIAN_POINT ( 'NONE',  ( -41.21469895921492821, 0.000000000000000000, -26.39902915811773809 ) ) ;
#3949 = CARTESIAN_POINT ( 'NONE',  ( 37.32867823438972721, 3.105155021998484699E-13, 29.49145376574502464 ) ) ;
#3950 = LINE ( 'NONE', #1182, #376 ) ;
#3951 = VERTEX_POINT ( 'NONE', #3276 ) ;
#3952 = CARTESIAN_POINT ( 'NONE',  ( 25.38699239001469010, 10.00000000000000000, -40.65148568281777841 ) ) ;
#3953 = CARTESIAN_POINT ( 'NONE',  ( 7.661018336118911698, 0.000000000000000000, 46.43029501587044905 ) ) ;
#3954 = CARTESIAN_POINT ( 'NONE',  ( -3.758474394699768517, 0.000000000000000000, -47.23970171771618709 ) ) ;
#3955 = CARTESIAN_POINT ( 'NONE',  ( 47.05522970340850009, 3.105155021998484699E-13, 0.5483646429962999447 ) ) ;
#3956 = CARTESIAN_POINT ( 'NONE',  ( 25.98076211353288301, 1.500000000000000000, 15.00000000000047784 ) ) ;
#3957 = CARTESIAN_POINT ( 'NONE',  ( 46.08513344288628844, 10.00000000000000000, -15.40480195492081172 ) ) ;
#3958 = CARTESIAN_POINT ( 'NONE',  ( -26.57875404891316151, 3.105155021998484699E-13, 40.97191091721277445 ) ) ;
#3959 = FACE_BOUND ( 'NONE', #3729, .T. ) ;
#3960 = CARTESIAN_POINT ( 'NONE',  ( -28.22922351340212899, 10.00000000000000000, -38.07882712763090183 ) ) ;
#3961 = PRODUCT_DEFINITION_FORMATION_WITH_SPECIFIED_SOURCE ( 'ANY', '', #5547, .NOT_KNOWN. ) ;
#3962 = VERTEX_POINT ( 'NONE', #4458 ) ;
#3963 = CARTESIAN_POINT ( 'NONE',  ( 41.29244157184334796, 0.000000000000000000, 23.97810055945765129 ) ) ;
#3964 = CARTESIAN_POINT ( 'NONE',  ( 39.51782192992379095, 0.000000000000000000, -28.97611372683462960 ) ) ;
#3965 = EDGE_CURVE ( 'NONE', #5321, #4709, #5498, .T. ) ;
#3966 = CARTESIAN_POINT ( 'NONE',  ( -40.68918230783149426, 2.758210326803123280E-13, -26.75914453760809408 ) ) ;
#3967 = CARTESIAN_POINT ( 'NONE',  ( 48.65575631688790281, 2.758210326803123280E-13, -2.284027950639491600 ) ) ;
#3968 = CARTESIAN_POINT ( 'NONE',  ( -1.395924204097653165, 3.105155021998484699E-13, 48.97028130933051671 ) ) ;
#3969 = CARTESIAN_POINT ( 'NONE',  ( -44.04032416204871936, 10.00000000000000000, 16.58051099718949573 ) ) ;
#3970 = CARTESIAN_POINT ( 'NONE',  ( -22.50334853433975724, 10.00000000000000000, 42.20200591817334868 ) ) ;
#3971 = CARTESIAN_POINT ( 'NONE',  ( 3.698543797731948413, 10.00000000000000000, -48.36676328116946166 ) ) ;
#3972 = CARTESIAN_POINT ( 'NONE',  ( 6.576098158341775246, 10.00000000000000000, -47.64015109982975815 ) ) ;
#3973 = DIRECTION ( 'NONE',  ( 0.000000000000000000, 1.000000000000000000, -0.000000000000000000 ) ) ;
#3974 = CARTESIAN_POINT ( 'NONE',  ( -42.00270222787662533, 10.00000000000000000, 21.42836741033329062 ) ) ;
#3975 = CARTESIAN_POINT ( 'NONE',  ( 23.75687818077963342, 10.00000000000000000, 42.71247589132966027 ) ) ;
#3976 = CARTESIAN_POINT ( 'NONE',  ( 12.85569815094614299, 10.00000000000000000, 46.98456258033566968 ) ) ;
#3977 = EDGE_CURVE ( 'NONE', #6124, #205, #848, .T. ) ;
#3978 = CARTESIAN_POINT ( 'NONE',  ( 42.76889367711633838, 10.00000000000000000, -19.64455119569904795 ) ) ;
#3979 = CARTESIAN_POINT ( 'NONE',  ( -25.98076211353329867, 1.500000000000000000, 14.99999999999976374 ) ) ;
#3980 = EDGE_LOOP ( 'NONE', ( #386, #3186 ) ) ;
#3981 = CARTESIAN_POINT ( 'NONE',  ( 39.95867164683923534, 2.758210326803123280E-13, -27.17191083037187482 ) ) ;
#3982 = CARTESIAN_POINT ( 'NONE',  ( -40.96071364683631089, 0.000000000000000000, 26.61260216996445038 ) ) ;
#3983 = CARTESIAN_POINT ( 'NONE',  ( -44.39459263266536482, 0.000000000000000000, -15.60716637474194890 ) ) ;
#3984 = CARTESIAN_POINT ( 'NONE',  ( 37.65319715645428289, 3.105155021998484699E-13, 29.48977352686276632 ) ) ;
#3985 = CALENDAR_DATE ( 2026, 12, 8 ) ;
#3986 = CARTESIAN_POINT ( 'NONE',  ( -37.64166828692550837, 3.105155021998484699E-13, 31.37676539724828473 ) ) ;
#3987 = CARTESIAN_POINT ( 'NONE',  ( 7.990820364436479856E-16, 4.000000000000029310, -36.52499999999999858 ) ) ;
#3988 = DIRECTION ( 'NONE',  ( 0.000000000000000000, 1.000000000000000000, 0.000000000000000000 ) ) ;
#3989 = CONICAL_SURFACE ( 'NONE', #4339, 6.525000000000003020, 0.7853981633974573828 ) ;
#3990 = EDGE_LOOP ( 'NONE', ( #2808, #5629 ) ) ;
#3991 = CARTESIAN_POINT ( 'NONE',  ( 30.40816549910367783, 10.00000000000000000, -38.41069024788193786 ) ) ;
#3992 = CARTESIAN_POINT ( 'NONE',  ( 42.98576811698977451, 10.00000000000000000, -20.86244430913494341 ) ) ;
#3993 = CARTESIAN_POINT ( 'NONE',  ( -0.7726084942256823407, 0.000000000000000000, 48.81229980285928605 ) ) ;
#3994 = CARTESIAN_POINT ( 'NONE',  ( -9.856404579998661930, 0.000000000000000000, -47.38841362963056980 ) ) ;
#3995 = CARTESIAN_POINT ( 'NONE',  ( 48.05831803054861240, 3.105155021998484699E-13, 1.794575443993277508 ) ) ;
#3996 = CARTESIAN_POINT ( 'NONE',  ( -48.73775252398703373, 10.00000000000000000, -1.062583230456310535 ) ) ;
#3997 = CARTESIAN_POINT ( 'NONE',  ( -23.34609233058675315, 10.00000000000000000, 40.78620948628923770 ) ) ;
#3998 = FACE_BOUND ( 'NONE', #3553, .T. ) ;
#3999 = CARTESIAN_POINT ( 'NONE',  ( -41.41186500487701494, 10.00000000000000000, -23.77125310610893294 ) ) ;
#4000 = EDGE_LOOP ( 'NONE', ( #1158, #1249, #7136, #591 ) ) ;
#4001 = CARTESIAN_POINT ( 'NONE',  ( 35.66008208988822048, 0.000000000000000000, 32.26743866802630123 ) ) ;
#4002 = CARTESIAN_POINT ( 'NONE',  ( 38.23685236802580079, 0.000000000000000000, -29.63323264098844945 ) ) ;
#4003 = CARTESIAN_POINT ( 'NONE',  ( -41.41186500487701494, 2.758210326803123280E-13, -23.77125310610893294 ) ) ;
#4004 = CARTESIAN_POINT ( 'NONE',  ( 47.34304772420826879, 10.00000000000000000, -1.151695648883964029 ) ) ;
#4005 = CARTESIAN_POINT ( 'NONE',  ( -1.079191094428147757, 3.105155021998484699E-13, 48.90950489367619269 ) ) ;
#4006 = CARTESIAN_POINT ( 'NONE',  ( -45.16415474063715862, 10.00000000000000000, 14.94574159231500587 ) ) ;
#4007 = CARTESIAN_POINT ( 'NONE',  ( -32.54682302964439344, 10.00000000000000000, 36.61614350244668969 ) ) ;
#4008 = CARTESIAN_POINT ( 'NONE',  ( -1.079191094075877100, 10.00000000000000000, -48.90950489401544132 ) ) ;
#4009 = CARTESIAN_POINT ( 'NONE',  ( 6.576098158341775246, 2.758210326803123280E-13, -47.64015109982975815 ) ) ;
#4010 = CARTESIAN_POINT ( 'NONE',  ( 25.98076211353339815, 3.999999999999970690, -8.474999999999583977 ) ) ;
#4011 = CARTESIAN_POINT ( 'NONE',  ( -41.75264547509615198, 10.00000000000000000, 25.58881073407637885 ) ) ;
#4012 = CARTESIAN_POINT ( 'NONE',  ( 24.89161173573819141, 10.00000000000000000, 42.16141674371121439 ) ) ;
#4013 = CARTESIAN_POINT ( 'NONE',  ( 48.77209273865626926, 0.000000000000000000, -2.531838819601833990 ) ) ;
#4014 = CARTESIAN_POINT ( 'NONE',  ( 22.91024116576586778, 10.00000000000000000, 42.63720566915654331 ) ) ;
#4015 = CARTESIAN_POINT ( 'NONE',  ( 46.16891714034355232, 10.00000000000000000, -16.29749940164609967 ) ) ;
#4016 = EDGE_CURVE ( 'NONE', #6054, #6265, #6703, .T. ) ;
#4017 = DIRECTION ( 'NONE',  ( -0.000000000000000000, 1.000000000000000000, -0.000000000000000000 ) ) ;
#4018 = B_SPLINE_SURFACE_WITH_KNOTS ( 'NONE', 4, 1, ( 
 ( #2230, #4485 ),
 ( #2824, #6693 ),
 ( #3855, #5633 ),
 ( #1748, #6103 ),
 ( #1051, #3303 ),
 ( #4004, #6250 ),
 ( #1635, #4524 ),
 ( #36, #3890 ),
 ( #6141, #1090 ),
 ( #652, #5083 ),
 ( #1709, #3342 ),
 ( #4966, #3967 ),
 ( #6215, #1162 ),
 ( #5668, #7023 ),
 ( #3119, #427 ),
 ( #969, #2110 ),
 ( #932, #5480 ),
 ( #4810, #2669 ),
 ( #3226, #5911 ),
 ( #3152, #5401 ),
 ( #4331, #4882 ),
 ( #7092, #282 ),
 ( #4921, #2592 ),
 ( #5329, #6501 ),
 ( #4777, #6469 ),
 ( #6574, #4295 ),
 ( #1483, #354 ),
 ( #315, #2523 ),
 ( #5442, #1520 ),
 ( #7162, #2557 ),
 ( #4366, #5364 ),
 ( #2074, #2035 ),
 ( #7055, #1995 ),
 ( #3190, #4845 ),
 ( #3736, #1448 ),
 ( #6608, #4218 ),
 ( #2635, #3813 ),
 ( #3775, #824 ),
 ( #5985, #393 ),
 ( #3081, #1962 ),
 ( #3700, #4254 ),
 ( #6021, #7131 ),
 ( #5947, #897 ),
 ( #1410, #3663 ),
 ( #864, #499 ),
 ( #6170, #2778 ),
 ( #536, #4442 ),
 ( #607, #2149 ),
 ( #571, #5661 ),
 ( #2258, #66 ),
 ( #5041, #7275 ),
 ( #4514, #2223 ),
 ( #6685, #2741 ),
 ( #1701, #1667 ),
 ( #4406, #6648 ),
 ( #6723, #27 ),
 ( #7237, #1627 ),
 ( #1591, #4476 ),
 ( #3849, #5076 ),
 ( #3408, #2855 ),
 ( #2704, #5113 ),
 ( #4553, #6094 ),
 ( #6761, #2299 ),
 ( #3957, #3921 ),
 ( #6207, #4999 ),
 ( #6798, #1117 ),
 ( #3883, #1154 ),
 ( #1044, #3371 ),
 ( #1741, #5624 ),
 ( #2816, #6061 ),
 ( #1011, #3262 ),
 ( #4959, #5514 ),
 ( #462, #1079 ),
 ( #3296, #7200 ),
 ( #6134, #5549 ),
 ( #2184, #3334 ),
 ( #5589, #6281 ),
 ( #2966, #5730 ),
 ( #173, #6321 ),
 ( #4590, #2893 ),
 ( #5762, #6905 ),
 ( #6275, #2925 ),
 ( #3403, #6314 ),
 ( #1805, #22 ),
 ( #601, #5211 ),
 ( #3992, #2253 ),
 ( #5655, #167 ),
 ( #2401, #2294 ),
 ( #4656, #6793 ),
 ( #2888, #3105 ),
 ( #4239, #1363 ),
 ( #3583, #2058 ),
 ( #6632, #6118 ),
 ( #5422, #1576 ),
 ( #994, #1064 ),
 ( #2618, #3319 ),
 ( #378, #2095 ),
 ( #3722, #5574 ),
 ( #2765, #4351 ),
 ( #1504, #2018 ),
 ( #1541, #6045 ),
 ( #4279, #6523 ),
 ( #1469, #5969 ),
 ( #4943, #1650 ),
 ( #6783, #3470 ),
 ( #629, #1725 ),
 ( #2915, #702 ),
 ( #1797, #6304 ),
 ( #6748, #120 ),
 ( #87, #2357 ),
 ( #2880, #5718 ),
 ( #5133, #12 ),
 ( #5170, #2324 ),
 ( #667, #3981 ),
 ( #4538, #1250 ),
 ( #4612, #6819 ),
 ( #6709, #1216 ),
 ( #3506, #6231 ),
 ( #1175, #5749 ),
 ( #1762, #4575 ),
 ( #5024, #5681 ),
 ( #7261, #2800 ),
 ( #3907, #4020 ),
 ( #6158, #6191 ),
 ( #5647, #5064 ),
 ( #2244, #1106 ),
 ( #1689, #3946 ),
 ( #6266, #1142 ),
 ( #592, #2838 ),
 ( #5098, #51 ),
 ( #2285, #3432 ),
 ( #1072, #6088 ),
 ( #1550, #2030 ),
 ( #2178, #4359 ),
 ( #7084, #962 ),
 ( #4435, #3807 ),
 ( #4839, #3184 ),
 ( #1003, #2104 ),
 ( #2066, #4290 ),
 ( #7193, #3287 ),
 ( #4992, #4326 ),
 ( #422, #3220 ),
 ( #3841, #6055 ),
 ( #4876, #6567 ),
 ( #2698, #6601 ),
 ( #3256, #5473 ),
 ( #6679, #5978 ),
 ( #4401, #1621 ),
 ( #1038, #3876 ),
 ( #6125, #3327 ),
 ( #5542, #5509 ),
 ( #2663, #491 ),
 ( #2735, #455 ),
 ( #926, #5435 ),
 ( #4953, #7230 ),
 ( #3769, #4914 ),
 ( #387, #2142 ),
 ( #2628, #1585 ),
 ( #5582, #2587 ),
 ( #6532, #1478 ),
 ( #6642, #3731 ),
 ( #7125, #1514 ),
 ( #6014, #7156 ),
 ( #1259, #6863 ),
 ( #530, #5619 ),
 ( #2887, #5177 ),
 ( #6166, #4621 ),
 ( #1736, #6792 ),
 ( #2772, #2333 ),
 ( #3402, #6274 ),
 ( #3479, #3442 ),
 ( #7268, #5692 ),
 ( #4547, #6716 ),
 ( #1225, #5724 ),
 ( #3991, #5034 ),
 ( #4507, #127 ),
 ( #2364, #3915 ),
 ( #1804, #4065 ),
 ( #97, #6827 ),
 ( #6239, #21 ),
 ( #3513, #6313 ),
 ( #6756, #2217 ),
 ( #2293, #4470 ),
 ( #1769, #4028 ),
 ( #1185, #2809 ),
 ( #638, #675 ),
 ( #3366, #5141 ),
 ( #1112, #1696 ),
 ( #1658, #2924 ),
 ( #566, #2850 ),
 ( #2252, #5071 ),
 ( #3952, #6202 ),
 ( #1149, #5654 ),
 ( #600, #5107 ),
 ( #60, #4585 ),
 ( #1289, #709 ),
 ( #166, #4167 ),
 ( #6352, #5246 ),
 ( #6419, #3065 ),
 ( #198, #846 ),
 ( #810, #3104 ),
 ( #3546, #7007 ),
 ( #1362, #742 ),
 ( #2998, #5793 ),
 ( #229, #2960 ),
 ( #4130, #2434 ),
 ( #1328, #4687 ),
 ( #6932, #5313 ),
 ( #2645, #406 ),
 ( #3618, #3030 ),
 ( #4342, #1875 ),
 ( #5861, #6453 ),
 ( #3581, #5827 ),
 ( #6384, #776 ),
 ( #4722, #2466 ),
 ( #5210, #5279 ),
 ( #6967, #1912 ),
 ( #2400, #1947 ),
 ( #4894, #264 ),
 ( #2507, #5454 ),
 ( #4760, #4203 ),
 ( #1396, #6585 ),
 ( #3650, #5894 ),
 ( #7142, #2085 ),
 ( #4655, #1532 ),
 ( #5757, #6899 ),
 ( #1839, #4097 ),
 ( #1131, #3384 ),
 ( #4935, #3348 ),
 ( #6147, #1567 ),
 ( #3825, #4380 ),
 ( #1057, #2235 ),
 ( #440, #1680 ),
 ( #6035, #5638 ),
 ( #3786, #6661 ),
 ( #3, #2682 ),
 ( #6072, #584 ),
 ( #3936, #5088 ),
 ( #3897, #2829 ),
 ( #475, #42 ),
 ( #6183, #1023 ),
 ( #6774, #4418 ),
 ( #2275, #4490 ),
 ( #2756, #3238 ),
 ( #2717, #2791 ),
 ( #6738, #5013 ),
 ( #4529, #7251 ),
 ( #984, #6621 ),
 ( #2199, #3309 ),
 ( #3273, #5527 ),
 ( #5494, #7174 ),
 ( #5604, #4972 ),
 ( #7214, #2123 ),
 ( #2161, #5052 ),
 ( #5564, #1604 ),
 ( #3860, #6109 ),
 ( #514, #4455 ),
 ( #6699, #1641 ),
 ( #1096, #547 ),
 ( #184, #2419 ),
 ( #6296, #3498 ),
 ( #6368, #2315 ),
 ( #1310, #5673 ),
 ( #6809, #1859 ),
 ( #1242, #4566 ),
 ( #5776, #4602 ),
 ( #658, #726 ),
 ( #2907, #2980 ),
 ( #4674, #694 ),
 ( #3563, #2945 ),
 ( #3972, #4009 ),
 ( #5741, #6255 ),
 ( #1167, #2383 ),
 ( #6916, #1205 ),
 ( #3460, #4083 ),
 ( #113, #6882 ),
 ( #2348, #6844 ),
 ( #1788, #5194 ),
 ( #145, #1823 ),
 ( #6220, #3422 ),
 ( #6336, #5230 ),
 ( #212, #621 ),
 ( #2450, #4706 ),
 ( #4113, #1715 ),
 ( #2872, #5126 ),
 ( #79, #7059 ),
 ( #246, #286 ),
 ( #6403, #2561 ),
 ( #3668, #5845 ),
 ( #358, #4850 ),
 ( #3123, #4151 ),
 ( #2529, #6436 ),
 ( #3156, #1487 ),
 ( #1344, #5446 ),
 ( #1414, #3600 ),
 ( #5334, #6543 ),
 ( #5297, #5916 ),
 ( #5369, #4814 ),
 ( #828, #7097 ),
 ( #793, #320 ),
 ( #2596, #1380 ),
 ( #398, #2485 ),
 ( #4781, #4741 ),
 ( #868, #1999 ),
 ( #3635, #2039 ),
 ( #4259, #4300 ),
 ( #7027, #6473 ),
 ( #3048, #3742 ),
 ( #5989, #6988 ),
 ( #936, #3194 ),
 ( #6505, #1452 ),
 ( #3705, #3087 ),
 ( #5405, #5951 ),
 ( #903, #1894 ),
 ( #1929, #2639 ),
 ( #6947, #4185 ),
 ( #1966, #4222 ),
 ( #5877, #6174 ),
 ( #3887, #1121 ),
 ( #4480, #974 ),
 ( #6727, #3376 ),
 ( #2674, #5486 ),
 ( #1672, #2153 ),
 ( #6652, #1524 ),
 ( #1559, #7135 ),
 ( #1597, #4887 ),
 ( #3928, #2709 ),
 ( #5003, #3339 ),
 ( #3853, #7204 ),
 ( #7241, #4963 ),
 ( #504, #2078 ),
 ( #5045, #4925 ),
 ( #4410, #3300 ),
 ( #430, #4369 ),
 ( #5554, #2188 ),
 ( #6612, #7279 ),
 ( #4446, #5628 ),
 ( #2746, #5593 ),
 ( #6689, #3230 ),
 ( #575, #1631 ),
 ( #6098, #4335 ),
 ( #6579, #7166 ),
 ( #6138, #3778 ),
 ( #1085, #6026 ),
 ( #1048, #540 ),
 ( #2115, #3817 ),
 ( #5519, #6065 ),
 ( #1015, #3265 ),
 ( #2782, #466 ),
 ( #5665, #4040 ),
 ( #3451, #3524 ),
 ( #3412, #6287 ),
 ( #611, #1814 ),
 ( #647, #2860 ),
 ( #2305, #5186 ),
 ( #1298, #4558 ),
 ( #4074, #6910 ),
 ( #1267, #4595 ),
 ( #718, #6247 ),
 ( #1850, #686 ),
 ( #5702, #6327 ),
 ( #1196, #2936 ),
 ( #4106, #136 ),
 ( #2373, #4632 ),
 ( #6874, #6362 ),
 ( #3555, #5153 ),
 ( #2898, #5803 ),
 ( #2820, #5080 ),
 ( #31, #2263 ),
 ( #4519, #1705 ),
 ( #1443, #5289 ),
 ( #4840, #4698 ),
 ( #2518, #3694 ),
 ( #2552, #1372 ),
 ( #2475, #4732 ),
 ( #7017, #4771 ),
 ( #3593, #5324 ),
 ( #6464, #276 ),
 ( #5942, #3147 ),
 ( #7085, #6533 ),
 ( #5256, #2699 ),
 ( #4471, #6602 ),
 ( #6089, #6717 ),
 ( #1551, #3257 ),
 ( #1586, #1515 ),
 ( #4877, #3808 ),
 ( #3877, #3185 ),
 ( #5436, #388 ),
 ( #3328, #5583 ),
 ( #7126, #5543 ),
 ( #1039, #3770 ),
 ( #4993, #6643 ),
 ( #5474, #6015 ),
 ( #531, #2179 ),
 ( #927, #2773 ),
 ( #5979, #6056 ),
 ( #4436, #2067 ),
 ( #963, #5035 ),
 ( #6126, #7269 ),
 ( #3288, #2218 ),
 ( #2664, #1659 ),
 ( #2105, #423 ),
 ( #2629, #1004 ),
 ( #4327, #6680 ),
 ( #4954, #6568 ),
 ( #3221, #456 ),
 ( #4915, #4360 ),
 ( #7157, #5510 ),
 ( #7194, #2143 ),
 ( #4402, #3842 ),
 ( #492, #2736 ),
 ( #1622, #7231 ),
 ( #1073, #5346 ),
 ( #4682, #193 ),
 ( #3576, #5855 ),
 ( #3644, #4124 ),
 ( #1322, #3508 ),
 ( #3540, #1799 ),
 ( #5821, #6856 ),
 ( #803, #3059 ),
 ( #224, #1834 ),
 ( #7001, #839 ),
 ( #6961, #4196 ),
 ( #5786, #6447 ),
 ( #1940, #4650 ),
 ( #1869, #6378 ),
 ( #5306, #3612 ),
 ( #2395, #737 ),
 ( #295, #2993 ),
 ( #6893, #2500 ),
 ( #4092, #1389 ),
 ( #257, #3025 ),
 ( #771, #2428 ),
 ( #2538, #6927 ),
 ( #5887, #4754 ),
 ( #3097, #1285 ),
 ( #4057, #6347 ),
 ( #5273, #2461 ),
 ( #4717, #1906 ),
 ( #4162, #6412 ),
 ( #1355, #6306 ),
 ( #1253, #2956 ),
 ( #5752, #704 ),
 ( #5205, #159 ),
 ( #1497, #6102 ),
 ( #5557, #6140 ),
 ( #1050, #370 ),
 ( #508, #542 ),
 ( #7036, #3132 ),
 ( #332, #3751 ),
 ( #5415, #5598 ),
 ( #5381, #3302 ),
 ( #2572, #3889 ),
 ( #2229, #4484 ),
 ( #1425, #6731 ),
 ( #2750, #4448 ),
 ( #5006, #2608 ),
 ( #3379, #1089 ),
 ( #7243, #4232 ),
 ( #1675, #6553 ),
 ( #1977, #3168 ),
 ( #3930, #2191 ),
 ( #6692, #1634 ),
 ( #5963, #2785 ),
 ( #4860, #6177 ),
 ( #5046, #3341 ),
 ( #7282, #5632 ),
 ( #7108, #2051 ),
 ( #1126, #579 ),
 ( #4825, #6516 ),
 ( #4791, #6482 ),
 ( #3678, #5926 ),
 ( #7068, #878 ),
 ( #4271, #2010 ),
 ( #1462, #3715 ),
 ( #912, #4310 ),
 ( #4077, #3454 ),
 ( #5706, #1271 ),
 ( #5769, #5736 ),
 ( #1161, #3416 ),
 ( #3491, #6329 ),
 ( #3528, #721 ),
 ( #6291, #35 ),
 ( #6803, #180 ),
 ( #651, #3966 ),
 ( #5667, #5188 ),
 ( #1303, #615 ),
 ( #1818, #6912 ),
 ( #2975, #4597 ),
 ( #5226, #1747 ),
 ( #2823, #2866 ),
 ( #2415, #4670 ),
 ( #689, #5120 ),
 ( #4044, #1853 ),
 ( #73, #2939 ),
 ( #2308, #4003 ),
 ( #6768, #4109 ),
 ( #6364, #5157 ),
 ( #4560, #6249 ),
 ( #3558, #5806 ),
 ( #5082, #2268 ),
 ( #4522, #2901 ),
 ( #1708, #6214 ),
 ( #1198, #108 ),
 ( #2343, #6838 ),
 ( #1783, #6877 ),
 ( #1237, #140 ),
 ( #2377, #4637 ),
 ( #3735, #1376 ),
 ( #6539, #4253 ),
 ( #7022, #208 ),
 ( #6982, #7054 ),
 ( #3699, #1961 ),
 ( #2591, #4217 ),
 ( #3010, #1340 ),
 ( #6468, #281 ),
 ( #241, #2446 ),
 ( #1447, #1409 ),
 ( #5946, #1482 ),
 ( #5873, #3631 ),
 ( #4776, #1994 ),
 ( #5293, #3043 ),
 ( #5840, #3662 ),
 ( #5259, #4701 ),
 ( #3596, #5910 ),
 ( #2480, #789 ),
 ( #314, #4737 ),
 ( #4294, #754 ),
 ( #2522, #896 ),
 ( #823, #1925 ),
 ( #6943, #4181 ),
 ( #1889, #863 ),
 ( #3118, #4144 ),
 ( #3151, #5400 ),
 ( #5363, #6399 ),
 ( #6432, #353 ),
 ( #3080, #5328 ),
 ( #2556, #4809 ),
 ( #6500, #4844 ),
 ( #7091, #2034 ),
 ( #2703, #5513 ),
 ( #7199, #1555 ),
 ( #6647, #1626 ),
 ( #931, #4330 ),
 ( #1519, #4958 ),
 ( #6607, #6684 ),
 ( #3189, #2148 ),
 ( #5441, #2668 ),
 ( #3333, #3812 ),
 ( #5548, #6573 ),
 ( #3774, #4475 ),
 ( #1590, #4405 ),
 ( #6020, #6722 ),
 ( #2183, #1666 ),
 ( #392, #5984 ),
 ( #2634, #1043 ),
 ( #6060, #968 ),
 ( #4441, #3882 ),
 ( #7274, #3225 ),
 ( #5588, #5479 ),
 ( #535, #4881 ),
 ( #426, #2222 ),
 ( #1010, #4920 ),
 ( #6133, #2777 ),
 ( #7130, #2073 ),
 ( #461, #7161 ),
 ( #4365, #5040 ),
 ( #2109, #3848 ),
 ( #6093, #3295 ),
 ( #3261, #1078 ),
 ( #498, #2740 ),
 ( #4998, #7236 ),
 ( #2406, #6760 ),
 ( #4552, #1700 ),
 ( #2930, #1229 ),
 ( #5660, #4069 ),
 ( #642, #4626 ),
 ( #2298, #3447 ),
 ( #26, #6869 ),
 ( #3517, #5623 ),
 ( #5216, #713 ),
 ( #6169, #131 ),
 ( #65, #606 ),
 ( #6904, #6797 ),
 ( #4661, #2368 ),
 ( #2854, #3484 ),
 ( #5112, #5181 ),
 ( #1809, #2892 ),
 ( #5761, #5146 ),
 ( #1116, #4513 ),
 ( #2337, #5697 ),
 ( #3996, #2965 ),
 ( #6320, #4589 ),
 ( #1263, #3920 ),
 ( #1740, #6243 ),
 ( #101, #172 ),
 ( #2257, #1192 ) ),
 .UNSPECIFIED., .F., .F., .F.,
 ( 5, 1, 1, 1, 1, 1, 1, 1, 1, 1, 1, 1, 1, 1, 1, 1, 1, 1, 1, 1, 1, 1, 1, 1, 1, 1, 1, 1, 1, 1, 1, 1, 1, 1, 1, 1, 1, 1, 1, 1, 1, 1, 1, 1, 1, 1, 1, 1, 1, 1, 1, 1, 1, 1, 1, 1, 1, 1, 1, 1, 1, 1, 1, 1, 1, 1, 1, 1, 1, 1, 1, 1, 1, 1, 1, 1, 1, 1, 1, 1, 1, 1, 1, 1, 1, 1, 1, 1, 1, 1, 1, 1, 1, 1, 1, 1, 1, 1, 1, 1, 1, 1, 1, 1, 1, 1, 1, 1, 1, 1, 1, 1, 1, 1, 1, 1, 1, 1, 1, 1, 1, 1, 1, 1, 1, 1, 1, 1, 1, 1, 1, 1, 1, 1, 1, 1, 1, 1, 1, 1, 1, 1, 1, 1, 1, 1, 1, 1, 1, 1, 1, 1, 1, 1, 1, 1, 1, 1, 1, 1, 1, 1, 1, 1, 1, 1, 1, 1, 1, 1, 1, 1, 1, 1, 1, 1, 1, 1, 1, 1, 1, 1, 1, 1, 1, 1, 1, 1, 1, 1, 1, 1, 1, 1, 1, 1, 1, 1, 1, 1, 1, 1, 1, 1, 1, 1, 1, 1, 1, 1, 1, 1, 1, 1, 1, 1, 1, 1, 1, 1, 1, 1, 1, 1, 1, 1, 1, 1, 1, 1, 1, 1, 1, 1, 1, 1, 1, 1, 1, 1, 1, 1, 1, 1, 1, 1, 1, 1, 1, 1, 1, 1, 1, 1, 1, 1, 1, 1, 1, 1, 1, 1, 1, 1, 1, 1, 1, 1, 1, 1, 1, 1, 1, 1, 1, 1, 1, 1, 1, 1, 1, 1, 1, 1, 1, 1, 1, 1, 1, 1, 1, 1, 1, 1, 1, 1, 1, 1, 1, 1, 1, 1, 1, 1, 1, 1, 1, 1, 1, 1, 1, 1, 1, 1, 1, 1, 1, 1, 1, 1, 1, 1, 1, 1, 1, 1, 1, 1, 1, 1, 1, 1, 1, 1, 1, 1, 1, 1, 1, 1, 1, 1, 1, 1, 1, 1, 1, 1, 1, 1, 1, 1, 1, 1, 1, 1, 1, 1, 1, 1, 1, 1, 1, 1, 1, 1, 1, 1, 1, 1, 1, 1, 1, 1, 1, 1, 1, 1, 1, 1, 1, 1, 1, 1, 1, 1, 1, 1, 1, 1, 1, 1, 1, 1, 1, 1, 1, 1, 1, 1, 1, 1, 1, 1, 1, 1, 1, 1, 1, 1, 1, 1, 1, 1, 1, 1, 1, 1, 1, 1, 1, 1, 1, 1, 1, 1, 1, 1, 1, 1, 1, 1, 1, 1, 1, 1, 1, 1, 1, 1, 1, 1, 1, 1, 1, 1, 1, 1, 1, 1, 1, 1, 1, 1, 1, 1, 1, 1, 1, 1, 1, 1, 1, 1, 1, 1, 1, 1, 1, 1, 1, 1, 1, 1, 1, 1, 1, 1, 1, 1, 1, 1, 1, 1, 1, 1, 1, 1, 1, 1, 1, 1, 1, 1, 1, 1, 1, 1, 1, 1, 1, 1, 1, 1, 1, 1, 1, 1, 1, 1, 1, 1, 1, 1, 1, 1, 1, 1, 1, 1, 1, 1, 1, 1, 1, 1, 1, 1, 1, 1, 1, 1, 1, 1, 1, 1, 1, 1, 1, 1, 1, 1, 1, 1, 1, 1, 1, 1, 1, 1, 1, 1, 1, 1, 1, 1, 1, 1, 1, 1, 1, 1, 1, 1, 1, 1, 1, 1, 1, 1, 1, 1, 1, 1, 1, 1, 1, 1, 1, 1, 1, 1, 1, 1, 1, 1, 1, 1, 1, 1, 1, 1, 1, 5 ),
 ( 2, 2 ),
 ( 0.05760920070031212703, 0.05925751373930219362, 0.06090582677829226022, 0.06255413981728233375, 0.06420245285627239340, 0.06570337593780560537, 0.06720429901933881733, 0.06870522210087202930, 0.07020614518240524127, 0.07107002978236270918, 0.07193391438232019097, 0.07366168358223515455, 0.07538945278215011814, 0.07711722198206506784, 0.07906811229226959337, 0.08004355744737184919, 0.08101900260247410501, 0.08199444775757636084, 0.08296989291267861666, 0.08394533806778087248, 0.08492078322288312831, 0.08574560335710282311, 0.08657042349132251791, 0.08739524362554221271, 0.08822006375976192138, 0.08904488389398163006, 0.08986970402820132486, 0.09151934429664071446, 0.09302072867260910427, 0.09452211304857749408, 0.09752488180051428757, 0.09929022634995784968, 0.1010555708994014257, 0.1028209154488450017, 0.1045862599982885638, 0.1059027364657071923, 0.1072192129331258209, 0.1085356894005444495, 0.1098521658679630780, 0.1113372721963429290, 0.1128223785247227939, 0.1143074848531026588, 0.1157925911814825237, 0.1175266152700251698, 0.1192606393585678298, 0.1209946634471104898, 0.1227286875356531359, 0.1239252294257651155, 0.1251217713158770950, 0.1263183132059890745, 0.1275148550961010541, 0.1290603228952892367, 0.1306057906944774194, 0.1336967262928538125, 0.1364647675604141464, 0.1392328088279745080, 0.1421959995264167054, 0.1436775948756378041, 0.1451591902248589028, 0.1463365992288123141, 0.1475140082327657254, 0.1486914172367191367, 0.1498688262406725480, 0.1513797847049416223, 0.1528907431692106689, 0.1544017016334797154, 0.1559126600977487898, 0.1574236185620176420, 0.1589345770262864666, 0.1604455354905552911, 0.1619564939548241433, 0.1631339029587775546, 0.1643113119627309382, 0.1654887209666843217, 0.1666661299706377330, 0.1681477253198585542, 0.1696293206690793753, 0.1725925113675210176, 0.1751797069905286219, 0.1777669026135362262, 0.1792066316228527467, 0.1806463606321692672, 0.1820860896414857877, 0.1835258186508023082, 0.1848307122676125791, 0.1861356058844228500, 0.1874404995012331487, 0.1887453931180434197, 0.1902912793817987391, 0.1918371656455540308, 0.1933830519093093503, 0.1949289381730646697, 0.1964857670429919212, 0.1980425959129191726, 0.1995994247828464241, 0.2011562536527737033, 0.2027186454739614008, 0.2042810372951490705, 0.2057707473413395993, 0.2072604573875301004, 0.2087501674337206015, 0.2102398774799111303, 0.2128941229405605928, 0.2155483684012100276, 0.2179265470517314784, 0.2203047257022529570, 0.2212338130064334107, 0.2221629003106138922, 0.2230919876147943737, 0.2240210749189748274, 0.2249501622231552811, 0.2258792495273357626, 0.2268083368315162440, 0.2277374241356966977, 0.2286086705987415701, 0.2294799170617864703, 0.2303511635248313705, 0.2312224099878762429, 0.2329649029139659877, 0.2347073958400557603, 0.2364351650399699190, 0.2381629342398840499, 0.2398907034397982085, 0.2407545880397553018, 0.2416184726397123672, 0.2431193957212447743, 0.2446203188027771813, 0.2461212418843095884, 0.2476221649658419954, 0.2492704780048311253, 0.2509187910438202551, 0.2525671040828093572, 0.2542154171217985148, 0.2558637301607895043, 0.2575120431997804937, 0.2591603562387714277, 0.2608086692777624171, 0.2623095923592964063, 0.2638105154408303954, 0.2653114385223643845, 0.2668123616038983736, 0.2676762462038562163, 0.2685401308038141144, 0.2702679000037299106, 0.2719956692036457069, 0.2737234384035614476, 0.2756743287137642939, 0.2776252190239670847, 0.2786006641790684801, 0.2795761093341698755, 0.2805515544892712709, 0.2815269996443727218, 0.2823518197785921391, 0.2831766399128116118, 0.2840014600470310846, 0.2848262801812505018, 0.2856511003154699191, 0.2864759204496893918, 0.2881255607181282818, 0.2896269450940959223, 0.2911283294700636182, 0.2941310982219990100, 0.2958964427714450562, 0.2976617873208911025, 0.2994271318703372042, 0.3011924764197832505, 0.3025089528872023648, 0.3038254293546214235, 0.3051419058220405378, 0.3064583822894596521, 0.3079434886178387121, 0.3094285949462177721, 0.3109137012745968320, 0.3123988076029759475, 0.3141328316915177887, 0.3158668557800596299, 0.3176008798686014711, 0.3193349039571433123, 0.3205314458472539041, 0.3217279877373645514, 0.3229245296274751986, 0.3241210715175858459, 0.3256665393167723077, 0.3272120071159587695, 0.3303029427143317487, 0.3330709839818931650, 0.3358390252494545258, 0.3388022159479011086, 0.3402838112971243723, 0.3417654066463476914, 0.3429428156503014913, 0.3441202246542552912, 0.3452976336582090910, 0.3464750426621629464, 0.3479860011264334085, 0.3494969595907039261, 0.3510079180549744438, 0.3525188765192449059, 0.3540298349835123703, 0.3555407934477798904, 0.3570517519120473549, 0.3585627103763148193, 0.3597401193802678421, 0.3609175283842208093, 0.3620949373881737765, 0.3632723463921267992, 0.3647539417413453444, 0.3662355370905638896, 0.3691987277890009800, 0.3717859234120078349, 0.3743731190350146898, 0.3758128480443338471, 0.3772525770536530043, 0.3786923060629722171, 0.3801320350722913743, 0.3814369286891023947, 0.3827418223059134705, 0.3840467159227245464, 0.3853516095395355667, 0.3868974958032919131, 0.3884433820670482040, 0.3899892683308044949, 0.3915351545945608414, 0.3930919834644873712, 0.3946488123344138454, 0.3962056412043403752, 0.3977624700742669051, 0.3993248618954537976, 0.4008872537166406347, 0.4023769637628290541, 0.4038666738090174180, 0.4053563838552058374, 0.4068460939013942568, 0.4095003393620409438, 0.4121545848226876307, 0.4145327634732123290, 0.4169109421237369717, 0.4178400294279189797, 0.4187691167321010433, 0.4206272913404650593, 0.4215563786446470673, 0.4224854659488290753, 0.4234145532530110834, 0.4243436405571930914, 0.4252148870202379083, 0.4260861334832827252, 0.4269573799463275421, 0.4278286264093723590, 0.4295711193354619928, 0.4313136122615516821, 0.4330413814614643142, 0.4347691506613769463, 0.4364969198612895784, 0.4373608044612459222, 0.4382246890612022105, 0.4397256121427329800, 0.4412265352242636940, 0.4427274583057944080, 0.4442283813873251219, 0.4458766944263128917, 0.4475250074653006616, 0.4491733205042884869, 0.4508216335432762567, 0.4524699465822686895, 0.4541182596212611777, 0.4557665726602536105, 0.4574148856992460432, 0.4589158087807815867, 0.4604167318623171301, 0.4619176549438526180, 0.4634185780253881615, 0.4642824626253467812, 0.4651463472253054565, 0.4668741164252228071, 0.4686018856251401576, 0.4703296548250574527, 0.4722805451352580786, 0.4732559902903584192, 0.4742314354454587599, 0.4752068806005591006, 0.4761823257556594413, 0.4771577709107597265, 0.4781332160658600672, 0.4789580362000791514, 0.4797828563342981800, 0.4806076764685172642, 0.4814324966027363484, 0.4822573167369554326, 0.4830821368711745167, 0.4847317771396126296, 0.4862331615155793818, 0.4877345458915460785, 0.4907373146434795830, 0.4925026591929290154, 0.4942680037423784478, 0.4960333482918278802, 0.4969160205665525964, 0.4977986928412773127, 0.4991151693086969821, 0.5004316457761166514, 0.5017481222435363764, 0.5030645987109561013, 0.5045497050393343841, 0.5060348113677126669, 0.5075199176960909497, 0.5090050240244693436, 0.5107390481130102966, 0.5124730722015513606, 0.5142070962900923137, 0.5159411203786332667, 0.5171376622687424707, 0.5183342041588515636, 0.5195307460489606566, 0.5207272879390698606, 0.5222727557382547126, 0.5238182235374395646, 0.5269091591358093796, 0.5296772004033720727, 0.5324452416709346547, 0.5354084323693857339, 0.5368900277186112735, 0.5383716230678369241, 0.5395490320717910571, 0.5407264410757453010, 0.5419038500796995450, 0.5430812590836536780, 0.5445922175479254168, 0.5461031760121972667, 0.5476141344764691166, 0.5491250929407409664, 0.5506360514050070432, 0.5521470098692730089, 0.5536579683335389745, 0.5551689267978050513, 0.5563463358017576299, 0.5575237448057102085, 0.5587011538096628982, 0.5598785628136154768, 0.5613601581628318016, 0.5628417535120480153, 0.5658049442104804427, 0.5683921398334867980, 0.5709793354564930423, 0.5724190644658149196, 0.5738587934751369080, 0.5752985224844587853, 0.5767382514937806626, 0.5780431451105922935, 0.5793480387274040355, 0.5806529323442157775, 0.5819578259610274085, 0.5835037122247846986, 0.5850495984885419887, 0.5865954847522993898, 0.5881413710160566799, 0.5896981998859825991, 0.5912550287559085183, 0.5928118576258344374, 0.5943686864957603566, 0.5959310783169462500, 0.5974934701381322544, 0.5989831801843188419, 0.6004728902305054294, 0.6019626002766920170, 0.6034523103228784935, 0.6061065557835225714, 0.6087608012441667604, 0.6111389798946942342, 0.6135171585452215970, 0.6144462458494051038, 0.6153753331535887217, 0.6163044204577722285, 0.6172335077619557353, 0.6181625950661392421, 0.6190916823703227490, 0.6200207696745063668, 0.6209498569786898736, 0.6218211034417346905, 0.6226923499047796184, 0.6235635963678244353, 0.6244348428308692522, 0.6261773357569588860, 0.6279198286830485198, 0.6296475978829623177, 0.6313753670828760045, 0.6331031362827896913, 0.6339670208827465903, 0.6348309054827034892, 0.6363318285642353134, 0.6378327516457671376, 0.6393336747272989617, 0.6408345978088307859, 0.6424829108478196105, 0.6441312238868085460, 0.6457795369257974816, 0.6474278499647863061, 0.6490761630037776841, 0.6507244760427690622, 0.6523727890817604402, 0.6540211021207518183, 0.6555220252022865290, 0.6570229482838212398, 0.6585238713653558396, 0.6600247944468905503, 0.6608886790468486705, 0.6617525636468069017, 0.6634803328467233641, 0.6652081020466398265, 0.6669358712465561778, 0.6688867615567644087, 0.6698622067118684686, 0.6708376518669725286, 0.6718130970220765885, 0.6727885421771806485, 0.6737639873322847084, 0.6747394324873887683, 0.6755642526216090182, 0.6763890727558292681, 0.6772138928900495181, 0.6780387130242697680, 0.6788635331584900179, 0.6796883532927102678, 0.6813379935611507676, 0.6828393779371202399, 0.6843407623130897122, 0.6873435310650286567, 0.6891088756144672089, 0.6908742201639057612, 0.6926395647133443134, 0.6944049092627829767, 0.6957213857302009252, 0.6970378621976189848, 0.6983543386650370444, 0.6996708151324549929, 0.7011559214608376056, 0.7026410277892203293, 0.7041261341176030530, 0.7056112404459857768, 0.7073452645345315037, 0.7090792886230772307, 0.7108133127116229577, 0.7125473368001686847, 0.7137438786902858823, 0.7149404205804030799, 0.7161369624705202774, 0.7173335043606375860, 0.7188789721598323190, 0.7204244399590271630, 0.7235153755574167400, 0.7262834168249736599, 0.7290514580925304688, 0.7320146487909555688, 0.7334962441401681188, 0.7349778394893806688, 0.7361552484933326923, 0.7373326574972847158, 0.7385100665012367394, 0.7396874755051886519, 0.7411984339694526192, 0.7427093924337164754, 0.7442203508979804427, 0.7457313093622444100, 0.7472422678265222551, 0.7487532262908001002, 0.7502641847550779453, 0.7517751432193559014, 0.7529525522233116996, 0.7541299612272674979, 0.7553073702312232962, 0.7564847792351790945, 0.7579663745844140710, 0.7594479699336491585, 0.7624111606321193335, 0.7649983562551319061, 0.7675855518781445896, 0.7690252808874449286, 0.7704650098967451566, 0.7719047389060453845, 0.7733444679153457235, 0.7746493615321509152, 0.7759542551489561069, 0.7772591487657612985, 0.7785640423825664902, 0.7801099286463155646, 0.7816558149100645281, 0.7832017011738136025, 0.7847475874375626770, 0.7863044163074959236, 0.7878612451774292813, 0.7894180740473626390, 0.7909749029172958856, 0.7925372947384903277, 0.7940996865596846588, 0.7955893966058920075, 0.7970791066520992452, 0.7985688166983065939, 0.8000585267445139426, 0.8027127722051856651, 0.8053670176658572766, 0.8077451963163576609, 0.8101233749668580453, 0.8110524622710248988, 0.8119815495751916412, 0.8129106368793584947, 0.8138397241835253482, 0.8147688114876920906, 0.8156978987918589441, 0.8166269860960257976, 0.8175560734001925400, 0.8184273198632380231, 0.8192985663262835061, 0.8210410592523745832, 0.8227835521784656603, 0.8245260451045566263, 0.8262538143044872996, 0.8279815835044180838, 0.8297093527043488681, 0.8305732373043142047, 0.8314371219042795413, 0.8329380449858293511, 0.8344389680673791609, 0.8359398911489289707, 0.8374408142304787805, 0.8390891272694858127, 0.8407374403084927339, 0.8423857533474996551, 0.8440340663865066873, 0.8456823794254803017, 0.8473306924644539162, 0.8489790055034275307, 0.8506273185424011452, 0.8521282416239176483, 0.8536291647054341514, 0.8551300877869505435, 0.8566310108684670466, 0.8574948954684167290, 0.8583587800683665225, 0.8600865492682658875, 0.8618143184681652524, 0.8635420876680646174, 0.8654929779782993826, 0.8664684231334167652, 0.8674438682885341478, 0.8684193134436515304, 0.8693947585987689131, 0.8703702037538862957, 0.8713456489090037893, 0.8721704690432279250, 0.8729952891774521717, 0.8738201093116764184, 0.8746449294459005541, 0.8754697495801246898, 0.8762945697143489365, 0.8779442099827973189, 0.8794455943587782265, 0.8809469787347590231, 0.8839497474867207272, 0.8857150920361198665, 0.8874804365855190058, 0.8892457811349181451, 0.8910111256843172844, 0.8923276021517274614, 0.8936440786191375274, 0.8949605550865475934, 0.8962770315539576593, 0.8977621378823491538, 0.8992472442107406483, 0.9007323505391321428, 0.9022174568675236372, 0.9039514809560789121, 0.9056855050446341870, 0.9074195291331894619, 0.9091535532217448479, 0.9103500951118775886, 0.9115466370020103293, 0.9127431788921430700, 0.9139397207822758107, 0.9154851885814916379, 0.9170306563807073541, 0.9185761241799230703, 0.9201215919791387865, 0.9228896332466819397, 0.9256576745142250928, 0.9286208652125971241, 0.9301024605617831398, 0.9315840559109691554, 0.9327614649149149617, 0.9339388739188607680, 0.9351162829228065743, 0.9362936919267523805, 0.9378046503909983622, 0.9393156088552443439, 0.9408265673194904366, 0.9423375257837364183 ),
 ( 0.000000000000000000, 1.000000000000000000 ),
 .UNSPECIFIED. ) ;
#4019 = ORIENTED_EDGE ( 'NONE', *, *, #4345, .F. ) ;
#4020 = CARTESIAN_POINT ( 'NONE',  ( 39.25387599975676522, 2.758210326803123280E-13, -29.22991207905507949 ) ) ;
#4021 = CARTESIAN_POINT ( 'NONE',  ( -42.29788661286513474, 0.000000000000000000, -21.24116267592607343 ) ) ;
#4022 = CARTESIAN_POINT ( 'NONE',  ( 41.29244157184334796, 3.105155021998484699E-13, 23.97810055945765129 ) ) ;
#4023 = CARTESIAN_POINT ( 'NONE',  ( -37.81051759114381383, 3.105155021998484699E-13, 31.10533982823822896 ) ) ;
#4024 = AXIS2_PLACEMENT_3D ( 'NONE', #4063, #4128, #3512 ) ;
#4025 = CARTESIAN_POINT ( 'NONE',  ( 47.09184339535735830, 10.00000000000000000, 5.407811128164377479 ) ) ;
#4026 = CARTESIAN_POINT ( 'NONE',  ( -9.499999999999674927, 5.000000000000000000, -16.45448267190452896 ) ) ;
#4027 = ORIENTED_EDGE ( 'NONE', *, *, #1124, .F. ) ;
#4028 = CARTESIAN_POINT ( 'NONE',  ( 27.87066724199256740, 2.758210326803123280E-13, -38.66599392301351656 ) ) ;
#4029 = CARTESIAN_POINT ( 'NONE',  ( -9.256225765839532826, 0.000000000000000000, 47.99028174780832501 ) ) ;
#4030 = AXIS2_PLACEMENT_3D ( 'NONE', #6409, #1353, #5343 ) ;
#4031 = CARTESIAN_POINT ( 'NONE',  ( 3.202426590518085980, 0.000000000000000000, -47.62871612217983142 ) ) ;
#4032 = CARTESIAN_POINT ( 'NONE',  ( 46.55295747031869524, 3.105155021998484699E-13, 6.361996736164893029 ) ) ;
#4033 = ADVANCED_FACE ( 'NONE', ( #2239 ), #3828, .F. ) ;
#4034 = LINE ( 'NONE', #6280, #414 ) ;
#4035 = CARTESIAN_POINT ( 'NONE',  ( -26.04487969038131467, 3.105155021998484699E-13, 40.98070861164669054 ) ) ;
#4036 = DIRECTION ( 'NONE',  ( -0.000000000000000000, 1.000000000000000000, -0.000000000000000000 ) ) ;
#4037 = CARTESIAN_POINT ( 'NONE',  ( -44.04032416204871936, 0.000000000000000000, 16.58051099718949573 ) ) ;
#4038 = AXIS2_PLACEMENT_3D ( 'NONE', #1098, #2873, #3349 ) ;
#4039 = CARTESIAN_POINT ( 'NONE',  ( -44.54563008437063587, 10.00000000000000000, -18.12500773705440693 ) ) ;
#4040 = CARTESIAN_POINT ( 'NONE',  ( -13.30744966974758903, 2.758210326803123280E-13, -46.12998155920615773 ) ) ;
#4041 = EDGE_LOOP ( 'NONE', ( #4768, #1695, #454, #1277 ) ) ;
#4042 = CARTESIAN_POINT ( 'NONE',  ( 35.60221757838101553, 0.000000000000000000, -33.58179431262733061 ) ) ;
#4043 = CIRCLE ( 'NONE', #1324, 15.09999999999999964 ) ;
#4044 = CARTESIAN_POINT ( 'NONE',  ( -41.76916595823358591, 10.00000000000000000, -24.30200957740734324 ) ) ;
#4045 = CARTESIAN_POINT ( 'NONE',  ( -3.503852009756390995, 3.105155021998484699E-13, 47.53478937393789039 ) ) ;
#4046 = CARTESIAN_POINT ( 'NONE',  ( -44.10101440070904744, 10.00000000000000000, 16.23747025686098056 ) ) ;
#4047 = CARTESIAN_POINT ( 'NONE',  ( -28.32447849088707770, 10.00000000000000000, 37.80513279480680922 ) ) ;
#4048 = CARTESIAN_POINT ( 'NONE',  ( -5.782359242578509750, 10.00000000000000000, -46.81295823643124976 ) ) ;
#4049 = VECTOR ( 'NONE', #5902, 1000.000000000000000 ) ;
#4050 = CARTESIAN_POINT ( 'NONE',  ( -44.54563008450114836, 10.00000000000000000, 18.12500773640193685 ) ) ;
#4051 = CARTESIAN_POINT ( 'NONE',  ( 22.51173650311207908, 3.105155021998484699E-13, 42.31152017022590428 ) ) ;
#4052 = CARTESIAN_POINT ( 'NONE',  ( 19.49309979405296289, 10.00000000000000000, 44.16816589566609252 ) ) ;
#4053 = CARTESIAN_POINT ( 'NONE',  ( 35.39194185234968870, 10.00000000000000000, -33.89496606802079270 ) ) ;
#4054 = CARTESIAN_POINT ( 'NONE',  ( -2.133709875451472726E-13, 0.000000000000000000, 33.50000000000000000 ) ) ;
#4055 = ORIENTED_EDGE ( 'NONE', *, *, #4213, .F. ) ;
#4056 = CARTESIAN_POINT ( 'NONE',  ( -44.94032137147022610, 0.000000000000000000, -18.78739623987685903 ) ) ;
#4057 = CARTESIAN_POINT ( 'NONE',  ( -31.96777131215435119, 10.00000000000000000, -36.89581434624195566 ) ) ;
#4058 = CARTESIAN_POINT ( 'NONE',  ( 40.04913083350491831, 10.00000000000000000, 27.72877957918342418 ) ) ;
#4059 = EDGE_CURVE ( 'NONE', #4664, #3951, #5335, .T. ) ;
#4060 = EDGE_CURVE ( 'NONE', #4831, #6950, #4977, .T. ) ;
#4061 = CARTESIAN_POINT ( 'NONE',  ( -33.60807469279514237, 10.00000000000000000, 32.82745454533775131 ) ) ;
#4062 = CARTESIAN_POINT ( 'NONE',  ( 46.55295747031869524, 10.00000000000000000, 6.361996736164893029 ) ) ;
#4063 = CARTESIAN_POINT ( 'NONE',  ( 25.98076211353288301, 0.000000000000000000, 15.00000000000047784 ) ) ;
#4064 = CARTESIAN_POINT ( 'NONE',  ( 47.05522970340850009, 0.000000000000000000, 0.5483646429962999447 ) ) ;
#4065 = CARTESIAN_POINT ( 'NONE',  ( 29.51932750698621533, 2.758210326803123280E-13, -38.97830972296881669 ) ) ;
#4066 = CARTESIAN_POINT ( 'NONE',  ( 3.571006708916256489, 0.000000000000000000, 48.22521266015944974 ) ) ;
#4067 = CARTESIAN_POINT ( 'NONE',  ( -11.00264056437452354, 0.000000000000000000, -45.69717597620824279 ) ) ;
#4068 = CARTESIAN_POINT ( 'NONE',  ( 47.61220692420179290, 3.105155021998484699E-13, 5.030362386582936551 ) ) ;
#4069 = CARTESIAN_POINT ( 'NONE',  ( -48.09558287327895698, 2.758210326803123280E-13, -5.252459890059669512 ) ) ;
#4070 = CARTESIAN_POINT ( 'NONE',  ( -29.53041312830594123, 3.105155021998484699E-13, 36.70068046374372983 ) ) ;
#4071 = CARTESIAN_POINT ( 'NONE',  ( -25.98076211353329867, 5.000000000000000000, 14.99999999999976374 ) ) ;
#4072 = CARTESIAN_POINT ( 'NONE',  ( 25.98076211353339815, 0.000000000000000000, -18.49999999999958078 ) ) ;
#4073 = CARTESIAN_POINT ( 'NONE',  ( -45.46852805687396426, 10.00000000000000000, -14.83317069678637701 ) ) ;
#4074 = CARTESIAN_POINT ( 'NONE',  ( -15.24201195438033807, 10.00000000000000000, -46.57769993240661677 ) ) ;
#4075 = VERTEX_POINT ( 'NONE', #7145 ) ;
#4076 = CARTESIAN_POINT ( 'NONE',  ( 41.61168374977568618, 0.000000000000000000, -23.93017586745293457 ) ) ;
#4077 = CARTESIAN_POINT ( 'NONE',  ( -38.39712721984329136, 10.00000000000000000, -27.21667281853842013 ) ) ;
#4078 = CARTESIAN_POINT ( 'NONE',  ( -10.25976536043989462, 10.00000000000000000, 46.30419688370048448 ) ) ;
#4079 = CARTESIAN_POINT ( 'NONE',  ( -47.07165387564119641, 10.00000000000000000, 12.22458185506077832 ) ) ;
#4080 = LOCAL_TIME ( 11, 7, 39.00000000000000000, #4834 ) ;
#4081 = CARTESIAN_POINT ( 'NONE',  ( -31.36650230825674512, 10.00000000000000000, 36.97315242616055286 ) ) ;
#4082 = CARTESIAN_POINT ( 'NONE',  ( -6.945798610660011363, 10.00000000000000000, -47.90163114952940759 ) ) ;
#4083 = CARTESIAN_POINT ( 'NONE',  ( 5.975729839017136058, 2.758210326803123280E-13, -48.47079846589457475 ) ) ;
#4084 = CARTESIAN_POINT ( 'NONE',  ( 45.96777246645206816, 0.000000000000000000, 15.15830727928372390 ) ) ;
#4085 = CARTESIAN_POINT ( 'NONE',  ( -46.06605038842406685, 10.00000000000000000, 14.76835635906406807 ) ) ;
#4086 = CARTESIAN_POINT ( 'NONE',  ( 18.56707514706781126, 10.00000000000000000, 45.34511145879790206 ) ) ;
#4087 = CARTESIAN_POINT ( 'NONE',  ( 13.20395671633294121, 10.00000000000000000, 46.06253499080016667 ) ) ;
#4088 = CARTESIAN_POINT ( 'NONE',  ( 33.73411894796562649, 10.00000000000000000, -34.64725733244092964 ) ) ;
#4089 = DIRECTION ( 'NONE',  ( 0.000000000000000000, 0.000000000000000000, 1.000000000000000000 ) ) ;
#4090 = ORIENTED_EDGE ( 'NONE', *, *, #743, .F. ) ;
#4091 = CARTESIAN_POINT ( 'NONE',  ( -46.29342709027387315, 0.000000000000000000, -14.65171814686508256 ) ) ;
#4092 = CARTESIAN_POINT ( 'NONE',  ( -30.24515585865679057, 10.00000000000000000, -36.59799261131097126 ) ) ;
#4093 = CARTESIAN_POINT ( 'NONE',  ( 39.88625831912916198, 10.00000000000000000, 28.39642949158538343 ) ) ;
#4094 = CALENDAR_DATE ( 2026, 12, 8 ) ;
#4095 = CARTESIAN_POINT ( 'NONE',  ( 47.66789133759289143, 10.00000000000000000, 10.88445959773475380 ) ) ;
#4096 = FACE_OUTER_BOUND ( 'NONE', #4000, .T. ) ;
#4097 = CARTESIAN_POINT ( 'NONE',  ( 17.61835056747636941, 2.758210326803123280E-13, -45.60566623188942970 ) ) ;
#4098 = CARTESIAN_POINT ( 'NONE',  ( -4.644197830944306382, 0.000000000000000000, 46.75014313054053616 ) ) ;
#4099 = CARTESIAN_POINT ( 'NONE',  ( -9.701618094257106861, 0.000000000000000000, -47.61329664888269519 ) ) ;
#4100 = CARTESIAN_POINT ( 'NONE',  ( 47.76896890538773022, 3.105155021998484699E-13, 4.954753279271195687 ) ) ;
#4101 = DIRECTION ( 'NONE',  ( -0.000000000000000000, 1.000000000000000000, -0.000000000000000000 ) ) ;
#4102 = CARTESIAN_POINT ( 'NONE',  ( -25.98076211353298604, 0.000000000000000000, -15.00000000000030020 ) ) ;
#4103 = DIRECTION ( 'NONE',  ( 0.000000000000000000, 0.000000000000000000, 1.000000000000000000 ) ) ;
#4104 = ORIENTED_EDGE ( 'NONE', *, *, #4577, .T. ) ;
#4105 = CARTESIAN_POINT ( 'NONE',  ( -41.88464801797805848, 10.00000000000000000, -24.61070792502201954 ) ) ;
#4106 = CARTESIAN_POINT ( 'NONE',  ( -16.34082967223938354, 10.00000000000000000, -45.13494020345122237 ) ) ;
#4107 = CARTESIAN_POINT ( 'NONE',  ( 36.37930582211521369, 0.000000000000000000, 29.84978400702683032 ) ) ;
#4108 = CARTESIAN_POINT ( 'NONE',  ( 39.61256526123549548, 0.000000000000000000, -26.47368447863380325 ) ) ;
#4109 = CARTESIAN_POINT ( 'NONE',  ( -41.30425800356859867, 2.758210326803123280E-13, -23.47811729628864441 ) ) ;
#4110 = CARTESIAN_POINT ( 'NONE',  ( -9.952330259355480990, 10.00000000000000000, 46.88277020301190845 ) ) ;
#4111 = CARTESIAN_POINT ( 'NONE',  ( -47.13538552600084586, 10.00000000000000000, 12.41905783075455361 ) ) ;
#4112 = CARTESIAN_POINT ( 'NONE',  ( -8.032755438990236030, 10.00000000000000000, -48.29753861976255536 ) ) ;
#4113 = CARTESIAN_POINT ( 'NONE',  ( 3.698543797731948413, 10.00000000000000000, -48.36676328116946166 ) ) ;
#4114 = CARTESIAN_POINT ( 'NONE',  ( 46.47266627683387696, 0.000000000000000000, 11.59441795637594375 ) ) ;
#4115 = CARTESIAN_POINT ( 'NONE',  ( -44.54563008450114836, 0.000000000000000000, 18.12500773640193685 ) ) ;
#4116 = CARTESIAN_POINT ( 'NONE',  ( -45.46852805698080857, 10.00000000000000000, 14.83317069612727579 ) ) ;
#4117 = CARTESIAN_POINT ( 'NONE',  ( 16.67966783511800344, 3.105155021998484699E-13, 45.35459813145998709 ) ) ;
#4118 = EDGE_CURVE ( 'NONE', #637, #5544, #3797, .T. ) ;
#4119 = CARTESIAN_POINT ( 'NONE',  ( 24.06705234674091898, 10.00000000000000000, 42.63747644591656183 ) ) ;
#4120 = CARTESIAN_POINT ( 'NONE',  ( 34.84168427752873498, 10.00000000000000000, -34.38458398784221259 ) ) ;
#4121 = DIRECTION ( 'NONE',  ( 0.000000000000000000, 1.000000000000000000, -0.000000000000000000 ) ) ;
#4122 = EDGE_LOOP ( 'NONE', ( #1373, #1989, #5222, #1403 ) ) ;
#4123 = CARTESIAN_POINT ( 'NONE',  ( -48.01139924996167707, 0.000000000000000000, -7.938984896928598545 ) ) ;
#4124 = CARTESIAN_POINT ( 'NONE',  ( -28.20116912943040077, 2.758210326803123280E-13, -39.62164887875538710 ) ) ;
#4125 = CARTESIAN_POINT ( 'NONE',  ( 32.59837096023531444, 3.105155021998484699E-13, 34.41267711602824875 ) ) ;
#4126 = CARTESIAN_POINT ( 'NONE',  ( -38.01112908156566306, 10.00000000000000000, 29.96605618854577813 ) ) ;
#4127 = CARTESIAN_POINT ( 'NONE',  ( 47.70294041331264623, 10.00000000000000000, 8.677611613498498855 ) ) ;
#4128 = DIRECTION ( 'NONE',  ( 0.000000000000000000, 1.000000000000000000, -0.000000000000000000 ) ) ;
#4129 = AXIS2_PLACEMENT_3D ( 'NONE', #6907, #854, #2408 ) ;
#4130 = CARTESIAN_POINT ( 'NONE',  ( 22.72911707020477579, 10.00000000000000000, -42.46051250441237812 ) ) ;
#4131 = CARTESIAN_POINT ( 'NONE',  ( -8.352241861748312957, 0.000000000000000000, 48.28702373624292221 ) ) ;
#4132 = CARTESIAN_POINT ( 'NONE',  ( -21.96948000142272406, 0.000000000000000000, -43.73324238638085859 ) ) ;
#4133 = CARTESIAN_POINT ( 'NONE',  ( 45.86937228520461218, 10.00000000000000000, 11.90446282062516126 ) ) ;
#4134 = AXIS2_PLACEMENT_3D ( 'NONE', #2291, #3325, #2806 ) ;
#4135 = CARTESIAN_POINT ( 'NONE',  ( 11.88584931577152481, 0.5000000000000353051, 35.47411967105784925 ) ) ;
#4136 = DIRECTION ( 'NONE',  ( -6.921318121929023035E-16, -1.000000000000000000, 1.707850311244371750E-16 ) ) ;
#4137 = FACE_OUTER_BOUND ( 'NONE', #2041, .T. ) ;
#4138 = VERTEX_POINT ( 'NONE', #518 ) ;
#4139 = CARTESIAN_POINT ( 'NONE',  ( -44.94032137147022610, 10.00000000000000000, -18.78739623987685903 ) ) ;
#4140 = CONICAL_SURFACE ( 'NONE', #3904, 6.525000000000003020, 0.7853981633974439491 ) ;
#4141 = VERTEX_POINT ( 'NONE', #6041 ) ;
#4142 = CARTESIAN_POINT ( 'NONE',  ( 34.32291852254431319, 0.000000000000000000, 34.61091047103760587 ) ) ;
#4143 = CARTESIAN_POINT ( 'NONE',  ( 22.51173650341682730, 0.000000000000000000, -42.31152017039532609 ) ) ;
#4144 = CARTESIAN_POINT ( 'NONE',  ( -45.16415474052955403, 2.758210326803123280E-13, -14.94574159297189908 ) ) ;
#4145 = CARTESIAN_POINT ( 'NONE',  ( -9.881577510372215656, 10.00000000000000000, 47.13663448747149687 ) ) ;
#4146 = CIRCLE ( 'NONE', #5102, 0.9000000000000014655 ) ;
#4147 = EDGE_CURVE ( 'NONE', #3669, #3077, #5220, .T. ) ;
#4148 = EDGE_CURVE ( 'NONE', #490, #3039, #3099, .T. ) ;
#4149 = CARTESIAN_POINT ( 'NONE',  ( -47.19120256431795468, 3.105155021998484699E-13, 12.82691039550693368 ) ) ;
#4150 = CARTESIAN_POINT ( 'NONE',  ( -2.088408008557983919, 10.00000000000000000, -48.93732214190114149 ) ) ;
#4151 = CARTESIAN_POINT ( 'NONE',  ( 2.851720363334504960, 2.758210326803123280E-13, -47.31545203932684274 ) ) ;
#4152 = CARTESIAN_POINT ( 'NONE',  ( 44.70460516716443067, 0.000000000000000000, 17.91664482417785820 ) ) ;
#4153 = CARTESIAN_POINT ( 'NONE',  ( -41.88464801815526073, 0.000000000000000000, 24.61070792438869859 ) ) ;
#4154 = CARTESIAN_POINT ( 'NONE',  ( -47.79401905905440628, 10.00000000000000000, 8.161078931835490380 ) ) ;
#4155 = CARTESIAN_POINT ( 'NONE',  ( 16.21901918068641280, 3.105155021998484699E-13, 44.91056042000037252 ) ) ;
#4156 = AXIS2_PLACEMENT_3D ( 'NONE', #5252, #2407, #4173 ) ;
#4157 = CARTESIAN_POINT ( 'NONE',  ( 6.544706139466644146, 10.00000000000000000, 47.93070174191055344 ) ) ;
#4158 = CARTESIAN_POINT ( 'NONE',  ( 41.29244157201614485, 10.00000000000000000, -23.97810055949193497 ) ) ;
#4159 = CARTESIAN_POINT ( 'NONE',  ( 19.00000000000000000, -5.000000000000000000, 2.012279232133096230E-13 ) ) ;
#4160 = VERTEX_POINT ( 'NONE', #1645 ) ;
#4161 = ADVANCED_FACE ( 'NONE', ( #2686 ), #7180, .F. ) ;
#4162 = CARTESIAN_POINT ( 'NONE',  ( -32.81593044786576741, 10.00000000000000000, -36.40297676982936537 ) ) ;
#4163 = CARTESIAN_POINT ( 'NONE',  ( 35.12322994193915093, 10.00000000000000000, 34.17700911191675317 ) ) ;
#4164 = CARTESIAN_POINT ( 'NONE',  ( -41.40346119679664838, 10.00000000000000000, 22.19282339070225518 ) ) ;
#4165 = CARTESIAN_POINT ( 'NONE',  ( 48.41393903336175697, 10.00000000000000000, 4.612104440943443073 ) ) ;
#4166 = FACE_OUTER_BOUND ( 'NONE', #4288, .T. ) ;
#4167 = CARTESIAN_POINT ( 'NONE',  ( 25.11164975891753315, 2.758210326803123280E-13, -41.93029834468455164 ) ) ;
#4168 = CARTESIAN_POINT ( 'NONE',  ( -20.53663542254482266, 0.000000000000000000, 44.26616660349931465 ) ) ;
#4169 = CARTESIAN_POINT ( 'NONE',  ( -26.30578014772677875, 0.000000000000000000, -40.99517880169772610 ) ) ;
#4170 = CARTESIAN_POINT ( 'NONE',  ( 45.52156229588413794, 3.105155021998484699E-13, 12.23057545315109884 ) ) ;
#4171 = CARTESIAN_POINT ( 'NONE',  ( 0.000000000000000000, 0.000000000000000000, 0.000000000000000000 ) ) ;
#4172 = COORDINATED_UNIVERSAL_TIME_OFFSET ( 5, 0, .BEHIND. ) ;
#4173 = DIRECTION ( 'NONE',  ( 0.000000000000000000, 0.000000000000000000, 1.000000000000000000 ) ) ;
#4174 = CARTESIAN_POINT ( 'NONE',  ( -48.86852676800263851, 0.000000000000000000, 0.7683555395103107699 ) ) ;
#4175 = VERTEX_POINT ( 'NONE', #2795 ) ;
#4176 = CARTESIAN_POINT ( 'NONE',  ( -46.92501412294099339, 10.00000000000000000, -3.914778266450924527 ) ) ;
#4177 = EDGE_LOOP ( 'NONE', ( #2332, #3326 ) ) ;
#4178 = CARTESIAN_POINT ( 'NONE',  ( 22.91024116576586778, 0.000000000000000000, 42.63720566915654331 ) ) ;
#4179 = CARTESIAN_POINT ( 'NONE',  ( 29.85649611602950060, 0.000000000000000000, -38.83056500841107805 ) ) ;
#4180 = DESIGN_CONTEXT ( 'detailed design', #1133, 'design' ) ;
#4181 = CARTESIAN_POINT ( 'NONE',  ( -44.61787746719021186, 2.758210326803123280E-13, -15.33803748487596508 ) ) ;
#4182 = CARTESIAN_POINT ( 'NONE',  ( -12.28171053032986215, 10.00000000000000000, 45.57967856523683992 ) ) ;
#4183 = CARTESIAN_POINT ( 'NONE',  ( -46.43680524449735714, 3.105155021998484699E-13, 8.834271825521000210 ) ) ;
#4184 = CARTESIAN_POINT ( 'NONE',  ( -14.60332226204491057, 10.00000000000000000, -46.71512741829710791 ) ) ;
#4185 = CARTESIAN_POINT ( 'NONE',  ( -3.503852009414022195, 2.758210326803123280E-13, -47.53478937429473916 ) ) ;
#4186 = CARTESIAN_POINT ( 'NONE',  ( 44.44231156568953622, 0.000000000000000000, 17.94223960955322994 ) ) ;
#4187 = ORIENTED_EDGE ( 'NONE', *, *, #3266, .T. ) ;
#4188 = CARTESIAN_POINT ( 'NONE',  ( -45.16415474063715862, 10.00000000000000000, 14.94574159231500587 ) ) ;
#4189 = APPROVAL_PERSON_ORGANIZATION ( #921, #6222, #4394 ) ;
#4190 = CARTESIAN_POINT ( 'NONE',  ( 12.00447474006410964, 3.105155021998484699E-13, 47.51441764517475974 ) ) ;
#4191 = CARTESIAN_POINT ( 'NONE',  ( 4.988701142738616312, 10.00000000000000000, 48.75212983995312754 ) ) ;
#4192 = CARTESIAN_POINT ( 'NONE',  ( 48.65575631687137559, 0.000000000000000000, 2.284027950658315209 ) ) ;
#4193 = CARTESIAN_POINT ( 'NONE',  ( 27.87066724199256740, 10.00000000000000000, -38.66599392301351656 ) ) ;
#4194 = CARTESIAN_POINT ( 'NONE',  ( -25.98076211353298604, 1.500000000000000000, -15.00000000000030020 ) ) ;
#4195 = VERTEX_POINT ( 'NONE', #5057 ) ;
#4196 = CARTESIAN_POINT ( 'NONE',  ( -28.17957293280831976, 2.758210326803123280E-13, -38.32753649475015578 ) ) ;
#4197 = CARTESIAN_POINT ( 'NONE',  ( 35.59206882314446574, 10.00000000000000000, 30.97119661151224079 ) ) ;
#4198 = CARTESIAN_POINT ( 'NONE',  ( -41.68120872578253966, 3.105155021998484699E-13, 21.73595169659789406 ) ) ;
#4199 = EDGE_CURVE ( 'NONE', #6950, #5434, #6212, .T. ) ;
#4200 = CARTESIAN_POINT ( 'NONE',  ( -28.17957293308438338, 10.00000000000000000, 38.32753649421562869 ) ) ;
#4201 = CARTESIAN_POINT ( 'NONE',  ( 45.84327328031135096, 10.00000000000000000, 17.19219884981209745 ) ) ;
#4202 = DIRECTION ( 'NONE',  ( 0.000000000000000000, 0.7071067811865505703, 0.7071067811865444641 ) ) ;
#4203 = CARTESIAN_POINT ( 'NONE',  ( 19.28701064628022976, 2.758210326803123280E-13, -44.71769888560690731 ) ) ;
#4204 = CARTESIAN_POINT ( 'NONE',  ( -20.76633825524200816, 0.000000000000000000, 44.25637569993732257 ) ) ;
#4205 = CARTESIAN_POINT ( 'NONE',  ( -23.64884737556966599, 0.000000000000000000, -40.61141378234051302 ) ) ;
#4206 = CARTESIAN_POINT ( 'NONE',  ( 47.23806058846963651, 10.00000000000000000, 11.36639356205567708 ) ) ;
#4207 = CARTESIAN_POINT ( 'NONE',  ( -25.98076211353298604, 3.999999999999973355, -8.475000000000299849 ) ) ;
#4208 = CARTESIAN_POINT ( 'NONE',  ( 17.73542027622000106, 2.992397996059992238E-14, 32.87262345473227754 ) ) ;
#4209 = CARTESIAN_POINT ( 'NONE',  ( -48.73775252399465785, 0.000000000000000000, 1.062583229773684357 ) ) ;
#4210 = ORIENTED_EDGE ( 'NONE', *, *, #3739, .F. ) ;
#4211 = CARTESIAN_POINT ( 'NONE',  ( -28.26301930831992948, 10.00000000000000000, 39.23805508113060370 ) ) ;
#4212 = CARTESIAN_POINT ( 'NONE',  ( -46.46132477040216457, 10.00000000000000000, -11.55733942202903108 ) ) ;
#4213 = EDGE_CURVE ( 'NONE', #565, #1215, #856, .T. ) ;
#4214 = ORIENTED_EDGE ( 'NONE', *, *, #6083, .F. ) ;
#4215 = CARTESIAN_POINT ( 'NONE',  ( 30.77795741627257797, 0.000000000000000000, 36.46497873580452165 ) ) ;
#4216 = CARTESIAN_POINT ( 'NONE',  ( 31.57222170620183732, 0.000000000000000000, -34.79723650312175209 ) ) ;
#4217 = CARTESIAN_POINT ( 'NONE',  ( -44.51039127662573236, 2.758210326803123280E-13, -20.38323919341038959 ) ) ;
#4218 = CARTESIAN_POINT ( 'NONE',  ( 46.81736925808620242, 2.758210326803123280E-13, -7.894077009622928465 ) ) ;
#4219 = CARTESIAN_POINT ( 'NONE',  ( -13.08109660344878300, 10.00000000000000000, 45.95544314647273154 ) ) ;
#4220 = CARTESIAN_POINT ( 'NONE',  ( -47.38230242929080305, 10.00000000000000000, 2.063423480037482438 ) ) ;
#4221 = CARTESIAN_POINT ( 'NONE',  ( -16.05118333579127210, 10.00000000000000000, -46.03578262158539758 ) ) ;
#4222 = CARTESIAN_POINT ( 'NONE',  ( -3.758474394699768517, 2.758210326803123280E-13, -47.23970171771618709 ) ) ;
#4223 = ORIENTED_EDGE ( 'NONE', *, *, #7117, .F. ) ;
#4224 = CYLINDRICAL_SURFACE ( 'NONE', #6690, 0.9000000000000014655 ) ;
#4225 = CARTESIAN_POINT ( 'NONE',  ( 14.66602667439688190, 3.105155021998484699E-13, 44.62819223802210900 ) ) ;
#4226 = CARTESIAN_POINT ( 'NONE',  ( 3.049674978134273129, 10.00000000000000000, 47.47408321608416770 ) ) ;
#4227 = CARTESIAN_POINT ( 'NONE',  ( 46.55295747031869524, 0.000000000000000000, 6.361996736164893029 ) ) ;
#4228 = CARTESIAN_POINT ( 'NONE',  ( 19.88971653187900301, 10.00000000000000000, -42.81059083885514127 ) ) ;
#4229 = CARTESIAN_POINT ( 'NONE',  ( -25.98076211353329867, 5.000000000000000000, 14.99999999999976374 ) ) ;
#4230 = ORIENTED_EDGE ( 'NONE', *, *, #5429, .T. ) ;
#4231 = CARTESIAN_POINT ( 'NONE',  ( -46.87246452124724527, 0.000000000000000000, -11.89097543059359552 ) ) ;
#4232 = CARTESIAN_POINT ( 'NONE',  ( -36.38351655452650846, 2.758210326803123280E-13, -32.20849532113646774 ) ) ;
#4233 = CARTESIAN_POINT ( 'NONE',  ( 34.12262364839796902, 3.105155021998484699E-13, 34.65295765585184284 ) ) ;
#4234 = CARTESIAN_POINT ( 'NONE',  ( -41.52998209314235822, 10.00000000000000000, 24.07168728746654551 ) ) ;
#4235 = CARTESIAN_POINT ( 'NONE',  ( -28.26301930831992948, 3.105155021998484699E-13, 39.23805508113060370 ) ) ;
#4236 = EDGE_CURVE ( 'NONE', #4278, #4138, #1433, .T. ) ;
#4237 = CARTESIAN_POINT ( 'NONE',  ( 43.81914253009055216, 10.00000000000000000, 18.14453587810580260 ) ) ;
#4238 = DIRECTION ( 'NONE',  ( -0.000000000000000000, 1.000000000000000000, -0.000000000000000000 ) ) ;
#4239 = CARTESIAN_POINT ( 'NONE',  ( 43.52754636371169994, 10.00000000000000000, -22.16671749009647385 ) ) ;
#4240 = CARTESIAN_POINT ( 'NONE',  ( -24.66044883969632906, 0.000000000000000000, 40.42932844348886334 ) ) ;
#4241 = CARTESIAN_POINT ( 'NONE',  ( -14.92407106251932625, 0.000000000000000000, -46.67105651087025819 ) ) ;
#4242 = CARTESIAN_POINT ( 'NONE',  ( 47.98392197669301140, 10.00000000000000000, 9.878303804688435719 ) ) ;
#4243 = CARTESIAN_POINT ( 'NONE',  ( -25.98076211353298604, 0.000000000000000000, -15.00000000000030020 ) ) ;
#4244 = DIRECTION ( 'NONE',  ( 0.000000000000000000, 0.000000000000000000, -1.000000000000000000 ) ) ;
#4245 = PLANE ( 'NONE',  #4370 ) ;
#4246 = ORIENTED_EDGE ( 'NONE', *, *, #4689, .F. ) ;
#4247 = CARTESIAN_POINT ( 'NONE',  ( -35.88073939997901363, 10.00000000000000000, 32.12601103766736088 ) ) ;
#4248 = EDGE_LOOP ( 'NONE', ( #7018, #96 ) ) ;
#4249 = CARTESIAN_POINT ( 'NONE',  ( 31.57222170595121824, 0.000000000000000000, 34.79723650301753679 ) ) ;
#4250 = AXIS2_PLACEMENT_3D ( 'NONE', #2885, #4468, #2214 ) ;
#4251 = ADVANCED_FACE ( 'NONE', ( #3294, #2182 ), #1665, .T. ) ;
#4252 = CARTESIAN_POINT ( 'NONE',  ( 33.23961192620502203, 0.000000000000000000, -34.45801783344721514 ) ) ;
#4253 = CARTESIAN_POINT ( 'NONE',  ( -43.70179320590759176, 2.758210326803123280E-13, -20.99370316804075642 ) ) ;
#4254 = CARTESIAN_POINT ( 'NONE',  ( 47.83125034141495746, 2.758210326803123280E-13, -8.960660099654338850 ) ) ;
#4255 = CARTESIAN_POINT ( 'NONE',  ( -20.35305852491757150, 10.00000000000000000, 44.25574658896002944 ) ) ;
#4256 = CARTESIAN_POINT ( 'NONE',  ( -47.38230242929080305, 3.105155021998484699E-13, 2.063423480037482438 ) ) ;
#4257 = AXIS2_PLACEMENT_3D ( 'NONE', #1982, #2651, #4941 ) ;
#4258 = CARTESIAN_POINT ( 'NONE',  ( -19.68822740900531088, 10.00000000000000000, -43.92142064894699871 ) ) ;
#4259 = CARTESIAN_POINT ( 'NONE',  ( -1.079191094075877100, 10.00000000000000000, -48.90950489401544132 ) ) ;
#4260 = EDGE_LOOP ( 'NONE', ( #4584, #5202, #3878, #1370 ) ) ;
#4261 = AXIS2_PLACEMENT_3D ( 'NONE', #6998, #6890, #735 ) ;
#4262 = CARTESIAN_POINT ( 'NONE',  ( -48.38002286251460049, 0.000000000000000000, -1.479422360900781497 ) ) ;
#4263 = CARTESIAN_POINT ( 'NONE',  ( 0.000000000000000000, 1.500000000000000000, -26.50000000000000000 ) ) ;
#4264 = CARTESIAN_POINT ( 'NONE',  ( 3.571006708916256489, 3.105155021998484699E-13, 48.22521266015944974 ) ) ;
#4265 = CARTESIAN_POINT ( 'NONE',  ( -0.2623666731068121649, 10.00000000000000000, 48.48502521448254754 ) ) ;
#4266 = CARTESIAN_POINT ( 'NONE',  ( 47.34304772419987728, 0.000000000000000000, 1.151695648893333201 ) ) ;
#4267 = CARTESIAN_POINT ( 'NONE',  ( 30.77795741653526562, 10.00000000000000000, -36.46497873591434313 ) ) ;
#4268 = CONICAL_SURFACE ( 'NONE', #6743, 6.524999999999999467, 0.7853981633974439491 ) ;
#4269 = LINE ( 'NONE', #3826, #2014 ) ;
#4270 = VERTEX_POINT ( 'NONE', #4440 ) ;
#4271 = CARTESIAN_POINT ( 'NONE',  ( -37.64950513529894494, 10.00000000000000000, -28.42368189213929597 ) ) ;
#4272 = CARTESIAN_POINT ( 'NONE',  ( 33.06835334206766674, 3.105155021998484699E-13, 34.42723213769848911 ) ) ;
#4273 = VECTOR ( 'NONE', #1368, 1000.000000000000000 ) ;
#4274 = CARTESIAN_POINT ( 'NONE',  ( -42.54723761401881887, 3.105155021998484699E-13, 21.13044767191446738 ) ) ;
#4275 = CARTESIAN_POINT ( 'NONE',  ( -28.26301930831992948, 10.00000000000000000, 39.23805508113060370 ) ) ;
#4276 = CARTESIAN_POINT ( 'NONE',  ( 39.66449070730438109, 10.00000000000000000, 25.22900976876788448 ) ) ;
#4277 = CARTESIAN_POINT ( 'NONE',  ( 47.00000000000028422, 10.00000000000000000, -0.07678126517536686124 ) ) ;
#4278 = VERTEX_POINT ( 'NONE', #5587 ) ;
#4279 = CARTESIAN_POINT ( 'NONE',  ( 40.98477501321526972, 10.00000000000000000, -24.03147806771517381 ) ) ;
#4280 = CARTESIAN_POINT ( 'NONE',  ( -22.47340223584906838, 0.000000000000000000, 42.51794034305012104 ) ) ;
#4281 = EDGE_CURVE ( 'NONE', #3008, #769, #4852, .T. ) ;
#4282 = EDGE_CURVE ( 'NONE', #5219, #3758, #6626, .T. ) ;
#4283 = CARTESIAN_POINT ( 'NONE',  ( -22.85283134669405314, 0.000000000000000000, -41.27660938883851571 ) ) ;
#4284 = DATE_AND_TIME ( #4946, #2544 ) ;
#4285 = CARTESIAN_POINT ( 'NONE',  ( 45.76231138099888085, 10.00000000000000000, 15.01062630787940577 ) ) ;
#4286 = DIRECTION ( 'NONE',  ( -0.000000000000000000, -1.000000000000000000, -0.000000000000000000 ) ) ;
#4287 = DIRECTION ( 'NONE',  ( 0.000000000000000000, 1.000000000000000000, -0.000000000000000000 ) ) ;
#4288 = EDGE_LOOP ( 'NONE', ( #2065, #3610, #4019, #5612 ) ) ;
#4289 = CARTESIAN_POINT ( 'NONE',  ( -37.19850707023825009, 10.00000000000000000, 31.83470540759500977 ) ) ;
#4290 = CARTESIAN_POINT ( 'NONE',  ( 35.52546921106628020, 2.758210326803123280E-13, -31.64043456674146881 ) ) ;
#4291 = ORIENTED_EDGE ( 'NONE', *, *, #6852, .T. ) ;
#4292 = CARTESIAN_POINT ( 'NONE',  ( 30.96471119712467512, 0.000000000000000000, 37.31029519932096150 ) ) ;
#4293 = CARTESIAN_POINT ( 'NONE',  ( 30.77795741653526562, 0.000000000000000000, -36.46497873591434313 ) ) ;
#4294 = CARTESIAN_POINT ( 'NONE',  ( -44.10101440059207789, 10.00000000000000000, -16.23747025751027451 ) ) ;
#4295 = CARTESIAN_POINT ( 'NONE',  ( 47.61220692423798084, 2.758210326803123280E-13, -5.030362386571609612 ) ) ;
#4296 = CARTESIAN_POINT ( 'NONE',  ( -21.03884785026257731, 3.105155021998484699E-13, 44.21128466465809481 ) ) ;
#4297 = CIRCLE ( 'NONE', #5595, 15.09999999999999964 ) ;
#4298 = DIRECTION ( 'NONE',  ( 0.000000000000000000, 0.000000000000000000, 1.000000000000000000 ) ) ;
#4299 = CARTESIAN_POINT ( 'NONE',  ( -23.97613782508700453, 10.00000000000000000, -40.49207715378800287 ) ) ;
#4300 = CARTESIAN_POINT ( 'NONE',  ( -1.079191094075877100, 2.758210326803123280E-13, -48.90950489401544132 ) ) ;
#4301 = ORIENTED_EDGE ( 'NONE', *, *, #989, .F. ) ;
#4302 = DIRECTION ( 'NONE',  ( 0.000000000000000000, 1.000000000000000000, 0.000000000000000000 ) ) ;
#4303 = CARTESIAN_POINT ( 'NONE',  ( 19.00000000000000000, 0.000000000000000000, 2.012279232133096230E-13 ) ) ;
#4304 = CARTESIAN_POINT ( 'NONE',  ( 6.712294464892390344, 10.00000000000000000, 47.35351200882237777 ) ) ;
#4305 = CARTESIAN_POINT ( 'NONE',  ( 9.025808621902845275, 10.00000000000000000, 46.30923408879861114 ) ) ;
#4306 = CARTESIAN_POINT ( 'NONE',  ( 47.01001761814102053, 0.000000000000000000, 0.2271179980517399055 ) ) ;
#4307 = CARTESIAN_POINT ( 'NONE',  ( 30.88096018754439598, 10.00000000000000000, -37.03306580132603187 ) ) ;
#4308 = CARTESIAN_POINT ( 'NONE',  ( -2.133709875451472726E-13, 1.500000000000000000, 36.52499999999999858 ) ) ;
#4309 = ORIENTED_EDGE ( 'NONE', *, *, #2954, .F. ) ;
#4310 = CARTESIAN_POINT ( 'NONE',  ( -38.08528399282198507, 2.758210326803123280E-13, -27.50812628936863646 ) ) ;
#4311 = CARTESIAN_POINT ( 'NONE',  ( 25.66124536445769877, 10.00000000000000000, 39.57763539773183226 ) ) ;
#4312 = CARTESIAN_POINT ( 'NONE',  ( -38.98539122623355269, 10.00000000000000000, 26.90152853543659361 ) ) ;
#4313 = CARTESIAN_POINT ( 'NONE',  ( -29.12806626601978977, 10.00000000000000000, 36.87879801367564170 ) ) ;
#4314 = CARTESIAN_POINT ( 'NONE',  ( 40.04918307735645300, 10.00000000000000000, 27.54279833520939391 ) ) ;
#4315 = CARTESIAN_POINT ( 'NONE',  ( -2.133709875451472726E-13, 3.999999999999974243, 30.00000000000000000 ) ) ;
#4316 = CC_DESIGN_APPROVAL ( #549, ( #2749 ) ) ;
#4317 = ORIENTED_EDGE ( 'NONE', *, *, #3068, .T. ) ;
#4318 = CARTESIAN_POINT ( 'NONE',  ( -19.53254084259512879, 0.000000000000000000, 43.80290274754605662 ) ) ;
#4319 = CARTESIAN_POINT ( 'NONE',  ( -28.22922351340212899, 0.000000000000000000, -38.07882712763090183 ) ) ;
#4320 = APPROVAL_DATE_TIME ( #1579, #6222 ) ;
#4321 = CARTESIAN_POINT ( 'NONE',  ( 43.09234470829333219, 3.105155021998484699E-13, 18.77071706432569087 ) ) ;
#4322 = DIRECTION ( 'NONE',  ( 0.000000000000000000, 0.000000000000000000, 1.000000000000000000 ) ) ;
#4323 = DIRECTION ( 'NONE',  ( -0.000000000000000000, -1.000000000000000000, 0.000000000000000000 ) ) ;
#4324 = DIRECTION ( 'NONE',  ( -0.000000000000000000, 1.000000000000000000, -0.000000000000000000 ) ) ;
#4325 = ORIENTED_EDGE ( 'NONE', *, *, #2031, .F. ) ;
#4326 = CARTESIAN_POINT ( 'NONE',  ( 35.66008209012070296, 2.758210326803123280E-13, -32.26743866810095795 ) ) ;
#4327 = CARTESIAN_POINT ( 'NONE',  ( -25.58491539885082133, 10.00000000000000000, -40.72150743567961939 ) ) ;
#4328 = CARTESIAN_POINT ( 'NONE',  ( 27.87066724171404530, 0.000000000000000000, 38.66599392288272696 ) ) ;
#4329 = CARTESIAN_POINT ( 'NONE',  ( 9.025808622236366929, 0.000000000000000000, -46.30923408906516414 ) ) ;
#4330 = CARTESIAN_POINT ( 'NONE',  ( -47.19120256422553439, 2.758210326803123280E-13, -12.82691039617843209 ) ) ;
#4331 = CARTESIAN_POINT ( 'NONE',  ( 48.41393903339499616, 10.00000000000000000, -4.612104440926358961 ) ) ;
#4332 = CARTESIAN_POINT ( 'NONE',  ( -15.24201195471582793, 3.105155021998484699E-13, 46.57769993196529867 ) ) ;
#4333 = CARTESIAN_POINT ( 'NONE',  ( -48.51587056975520085, 3.105155021998484699E-13, 6.075331518318511037 ) ) ;
#4334 = CARTESIAN_POINT ( 'NONE',  ( -25.58491539885082133, 10.00000000000000000, -40.72150743567961939 ) ) ;
#4335 = CARTESIAN_POINT ( 'NONE',  ( -10.25976536010639073, 2.758210326803123280E-13, -46.30419688410594148 ) ) ;
#4336 = ORIENTED_EDGE ( 'NONE', *, *, #366, .T. ) ;
#4337 = CARTESIAN_POINT ( 'NONE',  ( -49.00000000000002842, 10.00000000000000000, -3.531486802060992653E-10 ) ) ;
#4338 = CARTESIAN_POINT ( 'NONE',  ( 3.415515231339314450, 10.00000000000000000, 47.90363493208165835 ) ) ;
#4339 = AXIS2_PLACEMENT_3D ( 'NONE', #2290, #4544, #6789 ) ;
#4340 = CARTESIAN_POINT ( 'NONE',  ( -20.76633825524200816, 10.00000000000000000, 44.25637569993732257 ) ) ;
#4341 = CARTESIAN_POINT ( 'NONE',  ( 23.17336651174888473, 10.00000000000000000, -42.70998122139233288 ) ) ;
#4342 = CARTESIAN_POINT ( 'NONE',  ( 20.94506685108207478, 10.00000000000000000, -42.07842875146094030 ) ) ;
#4343 = DIRECTION ( 'NONE',  ( -0.000000000000000000, 1.000000000000000000, -0.000000000000000000 ) ) ;
#4344 = ORIENTED_EDGE ( 'NONE', *, *, #149, .T. ) ;
#4345 = EDGE_CURVE ( 'NONE', #3626, #4699, #3461, .T. ) ;
#4346 = CARTESIAN_POINT ( 'NONE',  ( 29.18936109801871126, 10.00000000000000000, 39.05559196647013209 ) ) ;
#4347 = CARTESIAN_POINT ( 'NONE',  ( -25.98076211353329867, 0.000000000000000000, 14.99999999999976374 ) ) ;
#4348 = CARTESIAN_POINT ( 'NONE',  ( 34.84168427728115347, 10.00000000000000000, 34.38458398776165126 ) ) ;
#4349 = CARTESIAN_POINT ( 'NONE',  ( 47.76896890542335683, 10.00000000000000000, -4.954753279258746979 ) ) ;
#4350 = CARTESIAN_POINT ( 'NONE',  ( -46.43680524443367119, 10.00000000000000000, -8.834271826187066523 ) ) ;
#4351 = CARTESIAN_POINT ( 'NONE',  ( 41.93074063602873736, 2.758210326803123280E-13, -24.02215402627291141 ) ) ;
#4352 = CARTESIAN_POINT ( 'NONE',  ( -28.17542666231035398, 0.000000000000000000, 38.89176394469549081 ) ) ;
#4353 = CARTESIAN_POINT ( 'NONE',  ( -35.62549330676937842, 0.000000000000000000, -32.06036333976920361 ) ) ;
#4354 = APPROVAL_DATE_TIME ( #4284, #549 ) ;
#4355 = CARTESIAN_POINT ( 'NONE',  ( 43.09234470829333219, 10.00000000000000000, 18.77071706432569087 ) ) ;
#4356 = DIRECTION ( 'NONE',  ( 0.000000000000000000, 0.000000000000000000, 1.000000000000000000 ) ) ;
#4357 = DIRECTION ( 'NONE',  ( -0.000000000000000000, -1.000000000000000000, 0.000000000000000000 ) ) ;
#4358 = EDGE_LOOP ( 'NONE', ( #5584, #787 ) ) ;
#4359 = CARTESIAN_POINT ( 'NONE',  ( 36.11256893305135662, 2.758210326803123280E-13, -30.07386367982124398 ) ) ;
#4360 = CARTESIAN_POINT ( 'NONE',  ( -26.30578014772677875, 2.758210326803123280E-13, -40.99517880169772610 ) ) ;
#4361 = EDGE_LOOP ( 'NONE', ( #4210, #950, #1444, #2640 ) ) ;
#4362 = CARTESIAN_POINT ( 'NONE',  ( 19.49309979405296289, 0.000000000000000000, 44.16816589566609252 ) ) ;
#4363 = CARTESIAN_POINT ( 'NONE',  ( 11.28158826358021471, 0.000000000000000000, -47.62331684575667623 ) ) ;
#4364 = AXIS2_PLACEMENT_3D ( 'NONE', #5507, #2026, #3145 ) ;
#4365 = CARTESIAN_POINT ( 'NONE',  ( -48.01139924996167707, 10.00000000000000000, -7.938984896928598545 ) ) ;
#4366 = CARTESIAN_POINT ( 'NONE',  ( 46.69101150209138495, 10.00000000000000000, -5.972326457504685493 ) ) ;
#4367 = CARTESIAN_POINT ( 'NONE',  ( -47.42108593941478745, 10.00000000000000000, 4.803653317280635271 ) ) ;
#4368 = CARTESIAN_POINT ( 'NONE',  ( -29.53041312804161223, 10.00000000000000000, -36.70068046428787056 ) ) ;
#4369 = CARTESIAN_POINT ( 'NONE',  ( -9.256225765493898194, 2.758210326803123280E-13, -47.99028174820654158 ) ) ;
#4370 = AXIS2_PLACEMENT_3D ( 'NONE', #7154, #2733, #1036 ) ;
#4371 = VERTEX_POINT ( 'NONE', #2221 ) ;
#4372 = CARTESIAN_POINT ( 'NONE',  ( 46.90244463936873842, 0.000000000000000000, -5.627151524408612104 ) ) ;
#4373 = ADVANCED_FACE ( 'NONE', ( #6759 ), #6657, .T. ) ;
#4374 = EDGE_CURVE ( 'NONE', #3962, #6410, #6864, .T. ) ;
#4375 = FACE_OUTER_BOUND ( 'NONE', #3291, .T. ) ;
#4376 = CARTESIAN_POINT ( 'NONE',  ( 4.238307288420894103, 10.00000000000000000, 48.64906680998767285 ) ) ;
#4377 = CARTESIAN_POINT ( 'NONE',  ( -45.91785491656715124, 0.000000000000000000, 10.35711534448367921 ) ) ;
#4378 = CARTESIAN_POINT ( 'NONE',  ( -19.98302025257725489, 10.00000000000000000, 44.17308355570857969 ) ) ;
#4379 = CARTESIAN_POINT ( 'NONE',  ( 3.571006709263596424, 10.00000000000000000, -48.22521266046520338 ) ) ;
#4380 = CARTESIAN_POINT ( 'NONE',  ( 16.49437868896478676, 2.758210326803123280E-13, -45.07905301767738848 ) ) ;
#4381 = DIRECTION ( 'NONE',  ( -0.000000000000000000, -1.000000000000000000, -0.000000000000000000 ) ) ;
#4382 = CIRCLE ( 'NONE', #6846, 6.525000000000003020 ) ;
#4383 = CARTESIAN_POINT ( 'NONE',  ( 28.59655103514545615, 3.105155021998484699E-13, 39.02577139209642354 ) ) ;
#4384 = CARTESIAN_POINT ( 'NONE',  ( 0.000000000000000000, 5.000000000000000000, 0.000000000000000000 ) ) ;
#4385 = AXIS2_PLACEMENT_3D ( 'NONE', #768, #6923, #1830 ) ;
#4386 = CARTESIAN_POINT ( 'NONE',  ( 33.92280546852967404, 10.00000000000000000, 34.67371199702625972 ) ) ;
#4387 = CARTESIAN_POINT ( 'NONE',  ( -9.500000000000248690, -5.000000000000000000, 16.45448267190418434 ) ) ;
#4388 = EDGE_CURVE ( 'NONE', #1215, #565, #1097, .T. ) ;
#4389 = CARTESIAN_POINT ( 'NONE',  ( -49.00000000000067502, 10.00000000000000000, -0.07038305244003149885 ) ) ;
#4390 = ORIENTED_EDGE ( 'NONE', *, *, #4388, .F. ) ;
#4391 = CARTESIAN_POINT ( 'NONE',  ( -33.34450281336444277, 0.000000000000000000, 34.71131097299122104 ) ) ;
#4392 = AXIS2_PLACEMENT_3D ( 'NONE', #516, #80, #2792 ) ;
#4393 = CARTESIAN_POINT ( 'NONE',  ( -33.46714325930592082, 0.000000000000000000, -34.93885925353939115 ) ) ;
#4394 = APPROVAL_ROLE ( '' ) ;
#4395 = CARTESIAN_POINT ( 'NONE',  ( 42.79010272556886463, 10.00000000000000000, 20.31157491042446495 ) ) ;
#4396 = PERSON_AND_ORGANIZATION ( #3204, #5727 ) ;
#4397 = CARTESIAN_POINT ( 'NONE',  ( 11.90255470057654463, 0.5000000000000327516, 33.25958427549098673 ) ) ;
#4398 = DIRECTION ( 'NONE',  ( 0.000000000000000000, 0.000000000000000000, 1.000000000000000000 ) ) ;
#4399 = EDGE_LOOP ( 'NONE', ( #5176, #4336, #6531, #4804 ) ) ;
#4400 = AXIS2_PLACEMENT_3D ( 'NONE', #7277, #5043, #5001 ) ;
#4401 = CARTESIAN_POINT ( 'NONE',  ( 35.12322994218526162, 10.00000000000000000, -34.17700911199528946 ) ) ;
#4402 = CARTESIAN_POINT ( 'NONE',  ( -27.23427133751857099, 10.00000000000000000, -40.74007315718172606 ) ) ;
#4403 = CARTESIAN_POINT ( 'NONE',  ( 15.58804164092392597, 0.000000000000000000, 44.63704192800481252 ) ) ;
#4404 = CARTESIAN_POINT ( 'NONE',  ( 12.85569815128456206, 0.000000000000000000, -46.98456258057459678 ) ) ;
#4405 = CARTESIAN_POINT ( 'NONE',  ( -46.46132477040216457, 2.758210326803123280E-13, -11.55733942202903108 ) ) ;
#4406 = CARTESIAN_POINT ( 'NONE',  ( 45.52156229597231629, 10.00000000000000000, -12.23057545315486827 ) ) ;
#4407 = CARTESIAN_POINT ( 'NONE',  ( -16.05118333612281845, 10.00000000000000000, 46.03578262113823882 ) ) ;
#4408 = LINE ( 'NONE', #3924, #2743 ) ;
#4409 = CARTESIAN_POINT ( 'NONE',  ( -28.17957293280831976, 10.00000000000000000, -38.32753649475015578 ) ) ;
#4410 = CARTESIAN_POINT ( 'NONE',  ( -8.970409855017525302, 10.00000000000000000, -48.13220495053219850 ) ) ;
#4411 = CARTESIAN_POINT ( 'NONE',  ( 40.04913083350491831, 0.000000000000000000, 27.72877957918342418 ) ) ;
#4412 = CARTESIAN_POINT ( 'NONE',  ( 47.28240673518403980, 0.000000000000000000, -5.240457780494574891 ) ) ;
#4413 = DIRECTION ( 'NONE',  ( -0.000000000000000000, -1.000000000000000000, -0.000000000000000000 ) ) ;
#4414 = CARTESIAN_POINT ( 'NONE',  ( 7.096471593054904936, 3.105155021998484699E-13, 46.82209335659425875 ) ) ;
#4415 = CARTESIAN_POINT ( 'NONE',  ( -46.71854250030197875, 0.000000000000000000, 11.79070647623763080 ) ) ;
#4416 = CARTESIAN_POINT ( 'NONE',  ( -16.26604374678862186, 10.00000000000000000, 45.77582882882170168 ) ) ;
#4417 = CARTESIAN_POINT ( 'NONE',  ( 12.53951192193708053, 10.00000000000000000, -47.25069560563708393 ) ) ;
#4418 = CARTESIAN_POINT ( 'NONE',  ( 13.20395671666470783, 2.758210326803123280E-13, -46.06253499103655713 ) ) ;
#4419 = CARTESIAN_POINT ( 'NONE',  ( 19.00000000000000000, 0.000000000000000000, -0.8999999999998017364 ) ) ;
#4420 = CARTESIAN_POINT ( 'NONE',  ( 30.77795741627257797, 10.00000000000000000, 36.46497873580452165 ) ) ;
#4421 = DIRECTION ( 'NONE',  ( 0.000000000000000000, 1.000000000000000000, 0.000000000000000000 ) ) ;
#4422 = CARTESIAN_POINT ( 'NONE',  ( 33.23961192595679393, 10.00000000000000000, 34.45801783335500090 ) ) ;
#4423 = CARTESIAN_POINT ( 'NONE',  ( 46.08513344288628844, 10.00000000000000000, -15.40480195492081172 ) ) ;
#4424 = DIRECTION ( 'NONE',  ( 0.000000000000000000, 1.000000000000000000, -0.000000000000000000 ) ) ;
#4425 = PRODUCT_DEFINITION_SHAPE ( 'NONE', 'NONE',  #7285 ) ;
#4426 = CARTESIAN_POINT ( 'NONE',  ( -37.93823880513752300, 0.000000000000000000, 30.81290142183474501 ) ) ;
#4427 = CARTESIAN_POINT ( 'NONE',  ( -28.51769218279037688, 0.000000000000000000, -37.44943886070897321 ) ) ;
#4428 = DATE_TIME_ROLE ( 'creation_date' ) ;
#4429 = CARTESIAN_POINT ( 'NONE',  ( 45.20527538349806917, 3.105155021998484699E-13, 17.82219091192222038 ) ) ;
#4430 = APPLICATION_CONTEXT ( 'configuration controlled 3d designs of mechanical parts and assemblies' ) ;
#4431 = LOCAL_TIME ( 11, 7, 39.00000000000000000, #6595 ) ;
#4432 = FACE_OUTER_BOUND ( 'NONE', #6395, .T. ) ;
#4433 = CARTESIAN_POINT ( 'NONE',  ( -9.499999999999674927, 5.000000000000000000, -15.55448267190452860 ) ) ;
#4434 = ORIENTED_EDGE ( 'NONE', *, *, #3522, .F. ) ;
#4435 = CARTESIAN_POINT ( 'NONE',  ( 35.71349888593488942, 10.00000000000000000, -30.64326182212636240 ) ) ;
#4436 = CARTESIAN_POINT ( 'NONE',  ( -23.34609233029299347, 10.00000000000000000, -40.78620948678899083 ) ) ;
#4437 = ORIENTED_EDGE ( 'NONE', *, *, #2453, .F. ) ;
#4438 = CARTESIAN_POINT ( 'NONE',  ( 13.39376134471409685, 0.000000000000000000, 45.61081825733354123 ) ) ;
#4439 = CARTESIAN_POINT ( 'NONE',  ( 12.30177350787806034, 0.000000000000000000, -47.39131966155002118 ) ) ;
#4440 = CARTESIAN_POINT ( 'NONE',  ( 25.98076211353288301, 5.000000000000000000, 7.475000000000460609 ) ) ;
#4441 = CARTESIAN_POINT ( 'NONE',  ( -45.92140164609771347, 10.00000000000000000, -9.943727800250568905 ) ) ;
#4442 = CARTESIAN_POINT ( 'NONE',  ( 47.66789133767134956, 2.758210326803123280E-13, -10.88445959772304050 ) ) ;
#4443 = CARTESIAN_POINT ( 'NONE',  ( -28.02428562179208527, 3.105155021998484699E-13, 39.99167870383464418 ) ) ;
#4444 = LINE ( 'NONE', #3410, #5339 ) ;
#4445 = CARTESIAN_POINT ( 'NONE',  ( -33.60807469255861690, 10.00000000000000000, -32.82745454591130851 ) ) ;
#4446 = CARTESIAN_POINT ( 'NONE',  ( -9.856404579998661930, 10.00000000000000000, -47.38841362963056980 ) ) ;
#4447 = CARTESIAN_POINT ( 'NONE',  ( 46.15953016473260107, 0.000000000000000000, -15.67738629354824553 ) ) ;
#4448 = CARTESIAN_POINT ( 'NONE',  ( -35.62549330676937842, 2.758210326803123280E-13, -32.06036333976920361 ) ) ;
#4449 = DIRECTION ( 'NONE',  ( 0.000000000000000000, 0.000000000000000000, 1.000000000000000000 ) ) ;
#4450 = CARTESIAN_POINT ( 'NONE',  ( -0.5186480867066560752, 10.00000000000000000, 48.66061967834837532 ) ) ;
#4451 = CARTESIAN_POINT ( 'NONE',  ( -45.77446269642167209, 3.105155021998484699E-13, 14.74881787247233156 ) ) ;
#4452 = CARTESIAN_POINT ( 'NONE',  ( -48.35385230337063689, 0.000000000000000000, 7.430222859907662070 ) ) ;
#4453 = CARTESIAN_POINT ( 'NONE',  ( -9.952330259355480990, 10.00000000000000000, 46.88277020301190845 ) ) ;
#4454 = CARTESIAN_POINT ( 'NONE',  ( 7.661018336453331301, 10.00000000000000000, -46.43029501614690702 ) ) ;
#4455 = CARTESIAN_POINT ( 'NONE',  ( 10.24325350245556443, 2.758210326803123280E-13, -47.27854813192278272 ) ) ;
#4456 = DIRECTION ( 'NONE',  ( 0.000000000000000000, 0.000000000000000000, 1.000000000000000000 ) ) ;
#4457 = CARTESIAN_POINT ( 'NONE',  ( 28.14737955430765837, 3.105155021998484699E-13, 38.75389351849127451 ) ) ;
#4458 = CARTESIAN_POINT ( 'NONE',  ( 4.286263797015731665E-16, 1.500000000000000000, -33.50000000000000000 ) ) ;
#4459 = CARTESIAN_POINT ( 'NONE',  ( 32.85192360669895351, 10.00000000000000000, 34.40696876749404964 ) ) ;
#4460 = CARTESIAN_POINT ( 'NONE',  ( 43.03688288619667190, 10.00000000000000000, -23.36444628938418688 ) ) ;
#4461 = DIRECTION ( 'NONE',  ( -0.000000000000000000, 1.000000000000000000, -0.000000000000000000 ) ) ;
#4462 = ORIENTED_EDGE ( 'NONE', *, *, #5124, .T. ) ;
#4463 = CARTESIAN_POINT ( 'NONE',  ( -27.23427133781200382, 0.000000000000000000, 40.74007315665408413 ) ) ;
#4464 = CARTESIAN_POINT ( 'NONE',  ( -37.93823880491556366, 0.000000000000000000, -30.81290142243961583 ) ) ;
#4465 = CARTESIAN_POINT ( 'NONE',  ( 45.84327328031135096, 10.00000000000000000, 17.19219884981209745 ) ) ;
#4466 = ADVANCED_FACE ( 'NONE', ( #934 ), #396, .F. ) ;
#4467 = EDGE_CURVE ( 'NONE', #7232, #4574, #5115, .T. ) ;
#4468 = DIRECTION ( 'NONE',  ( -0.000000000000000000, -1.000000000000000000, 0.000000000000000000 ) ) ;
#4469 = EDGE_LOOP ( 'NONE', ( #2116, #6027 ) ) ;
#4470 = CARTESIAN_POINT ( 'NONE',  ( 28.14737955458677021, 2.758210326803123280E-13, -38.75389351862006038 ) ) ;
#4471 = CARTESIAN_POINT ( 'NONE',  ( -20.76633825492323737, 10.00000000000000000, -44.25637570041840974 ) ) ;
#4472 = CARTESIAN_POINT ( 'NONE',  ( 5.686910107454945518, 0.000000000000000000, 48.60980721947337457 ) ) ;
#4473 = CARTESIAN_POINT ( 'NONE',  ( 17.94978839410061866, 0.000000000000000000, -45.56177932288870380 ) ) ;
#4474 = CARTESIAN_POINT ( 'NONE',  ( -48.57461215929977527, 0.000000000000000000, -1.282795168101966921 ) ) ;
#4475 = CARTESIAN_POINT ( 'NONE',  ( -46.58277300966949497, 2.758210326803123280E-13, -11.68200449737668301 ) ) ;
#4476 = CARTESIAN_POINT ( 'NONE',  ( 45.09766806950922557, 2.758210326803123280E-13, -13.82349709879498789 ) ) ;
#4477 = CARTESIAN_POINT ( 'NONE',  ( -23.97613782537861127, 10.00000000000000000, 40.49207715328372359 ) ) ;
#4478 = LINE ( 'NONE', #2260, #515 ) ;
#4479 = CARTESIAN_POINT ( 'NONE',  ( -38.70638873891308407, 10.00000000000000000, -27.02152812995809938 ) ) ;
#4480 = CARTESIAN_POINT ( 'NONE',  ( -5.261528142357095206, 10.00000000000000000, -46.69895909887053875 ) ) ;
#4481 = EDGE_CURVE ( 'NONE', #3039, #490, #3219, .T. ) ;
#4482 = CARTESIAN_POINT ( 'NONE',  ( 39.74564810785650337, 0.000000000000000000, 26.84209189632152359 ) ) ;
#4483 = CARTESIAN_POINT ( 'NONE',  ( 47.46058379553293349, 0.000000000000000000, -8.519075685029187994 ) ) ;
#4484 = CARTESIAN_POINT ( 'NONE',  ( -34.97068948072989514, 2.758210326803123280E-13, -32.03734045066855174 ) ) ;
#4485 = CARTESIAN_POINT ( 'NONE',  ( 46.99999999999995026, 2.758210326803123280E-13, -4.499326357735672210E-12 ) ) ;
#4486 = CARTESIAN_POINT ( 'NONE',  ( -6.195896858278907793, 3.105155021998484699E-13, 47.02075252546396911 ) ) ;
#4487 = CARTESIAN_POINT ( 'NONE',  ( -46.29342709037943138, 10.00000000000000000, 14.65171814620006963 ) ) ;
#4488 = CARTESIAN_POINT ( 'NONE',  ( -19.68822740932168358, 10.00000000000000000, 43.92142064847359251 ) ) ;
#4489 = CARTESIAN_POINT ( 'NONE',  ( 6.199796286428714609, 10.00000000000000000, -48.31315845784696705 ) ) ;
#4490 = CARTESIAN_POINT ( 'NONE',  ( 13.15008245762654759, 2.758210326803123280E-13, -46.30110724291195368 ) ) ;
#4491 = DIRECTION ( 'NONE',  ( 0.000000000000000000, 0.000000000000000000, 1.000000000000000000 ) ) ;
#4492 = AXIS2_PLACEMENT_3D ( 'NONE', #890, #5139, #4545 ) ;
#4493 = CARTESIAN_POINT ( 'NONE',  ( -40.40192023901066420, 10.00000000000000000, 26.87585679164893193 ) ) ;
#4494 = CARTESIAN_POINT ( 'NONE',  ( 17.29531084801257634, 3.105155021998484699E-13, 45.58295722380753290 ) ) ;
#4495 = CARTESIAN_POINT ( 'NONE',  ( 47.76896890542335683, 0.000000000000000000, -4.954753279258746979 ) ) ;
#4496 = CARTESIAN_POINT ( 'NONE',  ( 37.32867823438972721, 10.00000000000000000, 29.49145376574502464 ) ) ;
#4497 = CARTESIAN_POINT ( 'NONE',  ( 42.54913690589000197, 10.00000000000000000, -23.80135955396234948 ) ) ;
#4498 = LINE ( 'NONE', #3867, #6381 ) ;
#4499 = EDGE_LOOP ( 'NONE', ( #5703, #3286 ) ) ;
#4500 = CARTESIAN_POINT ( 'NONE',  ( -33.35277019341329208, 0.000000000000000000, 33.30754164136921247 ) ) ;
#4501 = CARTESIAN_POINT ( 'NONE',  ( -44.87847118973455451, 0.000000000000000000, -15.11923143123286195 ) ) ;
#4502 = CARTESIAN_POINT ( 'NONE',  ( 39.95867164664360160, 3.105155021998484699E-13, 27.17191083032802368 ) ) ;
#4503 = VECTOR ( 'NONE', #5961, 1000.000000000000000 ) ;
#4504 = CARTESIAN_POINT ( 'NONE',  ( -25.98076211353298604, 0.000000000000000000, -18.50000000000030198 ) ) ;
#4505 = DIRECTION ( 'NONE',  ( 0.000000000000000000, 0.000000000000000000, 1.000000000000000000 ) ) ;
#4506 = ORIENTED_EDGE ( 'NONE', *, *, #3266, .F. ) ;
#4507 = CARTESIAN_POINT ( 'NONE',  ( 30.15150723476501682, 10.00000000000000000, -38.63869330524254053 ) ) ;
#4508 = CIRCLE ( 'NONE', #4392, 13.10000000000000142 ) ;
#4509 = EDGE_CURVE ( 'NONE', #4889, #1761, #6506, .T. ) ;
#4510 = CARTESIAN_POINT ( 'NONE',  ( 19.51888808935384745, 0.000000000000000000, 43.61227867120651780 ) ) ;
#4511 = CARTESIAN_POINT ( 'NONE',  ( -3.179053583592042820, 0.000000000000000000, -48.27698387068920027 ) ) ;
#4512 = DIRECTION ( 'NONE',  ( 0.000000000000000000, 1.000000000000000000, -0.000000000000000000 ) ) ;
#4513 = CARTESIAN_POINT ( 'NONE',  ( -48.38002286251460049, 2.758210326803123280E-13, -1.479422360900781497 ) ) ;
#4514 = CARTESIAN_POINT ( 'NONE',  ( 46.47266627691736574, 10.00000000000000000, -11.59441795637283690 ) ) ;
#4515 = CARTESIAN_POINT ( 'NONE',  ( -24.66044883969632906, 3.105155021998484699E-13, 40.42932844348886334 ) ) ;
#4516 = VECTOR ( 'NONE', #3885, 1000.000000000000000 ) ;
#4517 = DIRECTION ( 'NONE',  ( -0.000000000000000000, 1.000000000000000000, -0.000000000000000000 ) ) ;
#4518 = CARTESIAN_POINT ( 'NONE',  ( -31.67578445153468891, 10.00000000000000000, -36.94274784087429708 ) ) ;
#4519 = CARTESIAN_POINT ( 'NONE',  ( -18.40204756939328590, 10.00000000000000000, -43.41389834617501720 ) ) ;
#4520 = ORIENTED_EDGE ( 'NONE', *, *, #1191, .T. ) ;
#4521 = CARTESIAN_POINT ( 'NONE',  ( 46.54892818211674665, 0.000000000000000000, -7.223747721249525355 ) ) ;
#4522 = CARTESIAN_POINT ( 'NONE',  ( -42.00270222772229545, 10.00000000000000000, -21.42836741096749265 ) ) ;
#4523 = EDGE_CURVE ( 'NONE', #5321, #1476, #4408, .T. ) ;
#4524 = CARTESIAN_POINT ( 'NONE',  ( 47.55216876276523408, 2.758210326803123280E-13, -1.397484914387289834 ) ) ;
#4525 = CARTESIAN_POINT ( 'NONE',  ( -1.739070292317480337, 10.00000000000000000, 48.97997532718623859 ) ) ;
#4526 = CARTESIAN_POINT ( 'NONE',  ( -43.70179320605875262, 3.105155021998484699E-13, 20.99370316739435793 ) ) ;
#4527 = CARTESIAN_POINT ( 'NONE',  ( -21.67370368699710781, 10.00000000000000000, 43.94910676293515195 ) ) ;
#4528 = CARTESIAN_POINT ( 'NONE',  ( 4.045410638497346056, 10.00000000000000000, -48.57583986866325176 ) ) ;
#4529 = CARTESIAN_POINT ( 'NONE',  ( 12.85569815128456206, 10.00000000000000000, -46.98456258057459678 ) ) ;
#4530 = FACE_OUTER_BOUND ( 'NONE', #4399, .T. ) ;
#4531 = CARTESIAN_POINT ( 'NONE',  ( -37.80209017924777726, 10.00000000000000000, 27.93370669360054848 ) ) ;
#4532 = CARTESIAN_POINT ( 'NONE',  ( 21.45409433927195764, 3.105155021998484699E-13, 42.01324511743797530 ) ) ;
#4533 = CARTESIAN_POINT ( 'NONE',  ( 15.15457490054883927, 10.00000000000000000, 44.57514820140895750 ) ) ;
#4534 = CARTESIAN_POINT ( 'NONE',  ( 45.96777246656121463, 10.00000000000000000, -15.15830727928424615 ) ) ;
#4535 = EDGE_CURVE ( 'NONE', #6939, #3962, #4444, .T. ) ;
#4536 = DIRECTION ( 'NONE',  ( 0.9579701941536314935, -7.320393973161158023E-16, -0.2868677519576806612 ) ) ;
#4537 = ORIENTED_EDGE ( 'NONE', *, *, #2812, .T. ) ;
#4538 = CARTESIAN_POINT ( 'NONE',  ( 40.03198010932737105, 10.00000000000000000, -27.35000873463071613 ) ) ;
#4539 = CARTESIAN_POINT ( 'NONE',  ( -44.96480565709349975, 0.000000000000000000, 19.06027129876470028 ) ) ;
#4540 = CARTESIAN_POINT ( 'NONE',  ( -44.51039127662573236, 0.000000000000000000, -20.38323919341038959 ) ) ;
#4541 = CARTESIAN_POINT ( 'NONE',  ( 40.98477501304218862, 3.105155021998484699E-13, 24.03147806767870520 ) ) ;
#4542 = COORDINATED_UNIVERSAL_TIME_OFFSET ( 5, 0, .BEHIND. ) ;
#4543 = CARTESIAN_POINT ( 'NONE',  ( -34.04807669242067902, 10.00000000000000000, 32.39143301351742821 ) ) ;
#4544 = DIRECTION ( 'NONE',  ( 0.000000000000000000, 1.000000000000000000, 0.000000000000000000 ) ) ;
#4545 = DIRECTION ( 'NONE',  ( 0.000000000000000000, 0.000000000000000000, 1.000000000000000000 ) ) ;
#4546 = VERTEX_POINT ( 'NONE', #2225 ) ;
#4547 = CARTESIAN_POINT ( 'NONE',  ( 30.78413878927731417, 10.00000000000000000, -37.88899995963649303 ) ) ;
#4548 = CLOSED_SHELL ( 'NONE', ( #3174, #781, #5771, #3158, #3803, #732, #6332, #805, #3738, #6004, #6420, #323, #1975, #3496, #1138, #2632, #16, #6666, #603, #2391, #5250, #2862, #5552, #322, #6194, #1660, #1726, #1841, #4033, #458, #6896, #3709, #5784, #767, #3350, #6895, #4373, #5460, #6624, #2707, #4161, #4704, #1527, #4251, #6360, #5031, #1946, #1099, #550, #3427, #5896, #6128, #1632, #2125, #4668, #2631, #5897, #1393, #1305, #17, #5596, #6985, #1008, #5704, #2430, #4466, #1755, #1495, #2303, #6048, #5953, #7178, #4930, #6868, #563, #244, #3695 ) ) ;
#4549 = CARTESIAN_POINT ( 'NONE',  ( -6.682706864030185656, 0.000000000000000000, 47.45928886728357554 ) ) ;
#4550 = CARTESIAN_POINT ( 'NONE',  ( 0.1113255318571442914, 0.000000000000000000, -47.75585073242009315 ) ) ;
#4551 = CARTESIAN_POINT ( 'NONE',  ( 46.54892818206474203, 10.00000000000000000, 7.223747721253187315 ) ) ;
#4552 = CARTESIAN_POINT ( 'NONE',  ( -48.41781468095580010, 10.00000000000000000, -5.750934167702263622 ) ) ;
#4553 = CARTESIAN_POINT ( 'NONE',  ( 45.76231138110704677, 10.00000000000000000, -15.01062630788144148 ) ) ;
#4554 = CARTESIAN_POINT ( 'NONE',  ( -22.46789492696770196, 10.00000000000000000, 43.04588155701134156 ) ) ;
#4555 = DIRECTION ( 'NONE',  ( 0.000000000000000000, 0.000000000000000000, 1.000000000000000000 ) ) ;
#4556 = CARTESIAN_POINT ( 'NONE',  ( -41.61562696374377168, 10.00000000000000000, -25.88321177555231500 ) ) ;
#4557 = CC_DESIGN_SECURITY_CLASSIFICATION ( #1717, ( #3961 ) ) ;
#4558 = CARTESIAN_POINT ( 'NONE',  ( -14.92407106251932625, 2.758210326803123280E-13, -46.67105651087025819 ) ) ;
#4559 = CARTESIAN_POINT ( 'NONE',  ( 39.25387599975676522, 0.000000000000000000, -29.22991207905507949 ) ) ;
#4560 = CARTESIAN_POINT ( 'NONE',  ( -41.26638704542735780, 10.00000000000000000, -22.66473460883746682 ) ) ;
#4561 = DIRECTION ( 'NONE',  ( 0.000000000000000000, 1.000000000000000000, 0.000000000000000000 ) ) ;
#4562 = CARTESIAN_POINT ( 'NONE',  ( 0.6770610331218196443, 3.105155021998484699E-13, 47.24381324494519419 ) ) ;
#4563 = CARTESIAN_POINT ( 'NONE',  ( -44.78155854347890852, 3.105155021998484699E-13, 18.29746868135540439 ) ) ;
#4564 = CARTESIAN_POINT ( 'NONE',  ( -30.24515585892036995, 10.00000000000000000, 36.59799261076151566 ) ) ;
#4565 = CARTESIAN_POINT ( 'NONE',  ( -10.06524238203714816, 10.00000000000000000, -46.62468967080147308 ) ) ;
#4566 = CARTESIAN_POINT ( 'NONE',  ( 7.988445472807269354, 2.758210326803123280E-13, -46.31133393159194611 ) ) ;
#4567 = DIRECTION ( 'NONE',  ( 0.000000000000000000, 1.000000000000000000, -0.000000000000000000 ) ) ;
#4568 = CARTESIAN_POINT ( 'NONE',  ( -40.68918230802425029, 10.00000000000000000, 26.75914453698337425 ) ) ;
#4569 = CARTESIAN_POINT ( 'NONE',  ( 17.61835056714791747, 10.00000000000000000, 45.60566623168478628 ) ) ;
#4570 = CARTESIAN_POINT ( 'NONE',  ( 47.79968281755294157, 0.000000000000000000, -1.615430749889427808 ) ) ;
#4571 = CARTESIAN_POINT ( 'NONE',  ( 19.72309172767731766, 10.00000000000000000, 43.06451694029816935 ) ) ;
#4572 = CARTESIAN_POINT ( 'NONE',  ( 47.83120900510913742, 10.00000000000000000, -10.55455277586745311 ) ) ;
#4573 = CARTESIAN_POINT ( 'NONE',  ( -2.133709875451472726E-13, 3.999999999999974243, 30.00000000000000000 ) ) ;
#4574 = VERTEX_POINT ( 'NONE', #1119 ) ;
#4575 = CARTESIAN_POINT ( 'NONE',  ( 39.88625831933374855, 2.758210326803123280E-13, -28.39642949162978169 ) ) ;
#4576 = CARTESIAN_POINT ( 'NONE',  ( -44.85295710380655976, 0.000000000000000000, 19.73540441136534085 ) ) ;
#4577 = EDGE_CURVE ( 'NONE', #3039, #6958, #5626, .T. ) ;
#4578 = CARTESIAN_POINT ( 'NONE',  ( -42.92429725507866323, 0.000000000000000000, -21.02530292119681832 ) ) ;
#4579 = CARTESIAN_POINT ( 'NONE',  ( 39.54432978849050073, 3.105155021998484699E-13, 26.01046299611463652 ) ) ;
#4580 = PERSON_AND_ORGANIZATION_ROLE ( 'classification_officer' ) ;
#4581 = CARTESIAN_POINT ( 'NONE',  ( -36.93269067717616139, 10.00000000000000000, 32.01126726963894242 ) ) ;
#4582 = CARTESIAN_POINT ( 'NONE',  ( 45.07584220103480988, 10.00000000000000000, 13.29078285863055697 ) ) ;
#4583 = CARTESIAN_POINT ( 'NONE',  ( 25.98076211353339815, 5.000000000000000000, -7.474999999999561773 ) ) ;
#4584 = ORIENTED_EDGE ( 'NONE', *, *, #4605, .F. ) ;
#4585 = CARTESIAN_POINT ( 'NONE',  ( 25.40124455813498372, 2.758210326803123280E-13, -41.42371570279335202 ) ) ;
#4586 = CARTESIAN_POINT ( 'NONE',  ( -10.06524238237297553, 0.000000000000000000, 46.62468967039735190 ) ) ;
#4587 = CARTESIAN_POINT ( 'NONE',  ( -0.5186480863561776511, 0.000000000000000000, -48.66061967868357385 ) ) ;
#4588 = CARTESIAN_POINT ( 'NONE',  ( 48.51277463616114716, 10.00000000000000000, 2.064865877050552356 ) ) ;
#4589 = CARTESIAN_POINT ( 'NONE',  ( -48.86852676799713890, 2.758210326803123280E-13, -0.7683555401938784168 ) ) ;
#4590 = CARTESIAN_POINT ( 'NONE',  ( 43.09234470842852716, 10.00000000000000000, -18.77071706434695386 ) ) ;
#4591 = CARTESIAN_POINT ( 'NONE',  ( -25.58491539914414759, 3.105155021998484699E-13, 40.72150743516377247 ) ) ;
#4592 = DIRECTION ( 'NONE',  ( 0.000000000000000000, 1.000000000000000000, -0.000000000000000000 ) ) ;
#4593 = CARTESIAN_POINT ( 'NONE',  ( -47.07165387564119641, 0.000000000000000000, 12.22458185506077832 ) ) ;
#4594 = CARTESIAN_POINT ( 'NONE',  ( -46.50258969458614189, 10.00000000000000000, -14.49509937365894707 ) ) ;
#4595 = CARTESIAN_POINT ( 'NONE',  ( -15.53621156479634280, 2.758210326803123280E-13, -46.44024945229885759 ) ) ;
#4596 = CARTESIAN_POINT ( 'NONE',  ( 35.73409833055687557, 0.000000000000000000, -33.28966224874656632 ) ) ;
#4597 = CARTESIAN_POINT ( 'NONE',  ( -41.61562696374377168, 2.758210326803123280E-13, -25.88321177555231500 ) ) ;
#4598 = CARTESIAN_POINT ( 'NONE',  ( -3.348378960438426422, 10.00000000000000000, 47.77999156802875547 ) ) ;
#4599 = CARTESIAN_POINT ( 'NONE',  ( -44.09735811426526197, 10.00000000000000000, 17.26532196619807635 ) ) ;
#4600 = CARTESIAN_POINT ( 'NONE',  ( -27.23427133781200382, 10.00000000000000000, 40.74007315665408413 ) ) ;
#4601 = CARTESIAN_POINT ( 'NONE',  ( -3.231370336507539243, 10.00000000000000000, -48.02384020763385308 ) ) ;
#4602 = CARTESIAN_POINT ( 'NONE',  ( 7.661018336453331301, 2.758210326803123280E-13, -46.43029501614690702 ) ) ;
#4603 = CARTESIAN_POINT ( 'NONE',  ( 45.65387479832224216, 0.000000000000000000, 17.44902786893293722 ) ) ;
#4604 = EDGE_CURVE ( 'NONE', #3401, #6826, #3449, .T. ) ;
#4605 = EDGE_CURVE ( 'NONE', #6580, #565, #4478, .T. ) ;
#4606 = CARTESIAN_POINT ( 'NONE',  ( -41.43207856240129416, 10.00000000000000000, 26.15909552898271073 ) ) ;
#4607 = CARTESIAN_POINT ( 'NONE',  ( 19.49309979405296289, 10.00000000000000000, 44.16816589566609252 ) ) ;
#4608 = CARTESIAN_POINT ( 'NONE',  ( 20.13559923306334554, 10.00000000000000000, 42.53991421653525151 ) ) ;
#4609 = CARTESIAN_POINT ( 'NONE',  ( 35.59206882336751931, 10.00000000000000000, -30.97119661158752280 ) ) ;
#4610 = DIRECTION ( 'NONE',  ( 0.000000000000000000, 0.000000000000000000, 1.000000000000000000 ) ) ;
#4611 = EDGE_LOOP ( 'NONE', ( #3574, #2617, #5990, #2409 ) ) ;
#4612 = CARTESIAN_POINT ( 'NONE',  ( 40.04918307755477969, 10.00000000000000000, -27.54279833525259846 ) ) ;
#4613 = VECTOR ( 'NONE', #3692, 1000.000000000000000 ) ;
#4614 = CARTESIAN_POINT ( 'NONE',  ( -44.85295710366439437, 0.000000000000000000, -19.73540441202000295 ) ) ;
#4615 = CARTESIAN_POINT ( 'NONE',  ( 39.74564810785650337, 3.105155021998484699E-13, 26.84209189632152359 ) ) ;
#4616 = CARTESIAN_POINT ( 'NONE',  ( -36.38351655475856461, 3.105155021998484699E-13, 32.20849532054290876 ) ) ;
#4617 = CIRCLE ( 'NONE', #2374, 6.524999999999995914 ) ;
#4618 = CARTESIAN_POINT ( 'NONE',  ( 45.57783575992127112, 10.00000000000000000, 14.82240055638443543 ) ) ;
#4619 = CYLINDRICAL_SURFACE ( 'NONE', #38, 0.9000000000000026867 ) ;
#4620 = CARTESIAN_POINT ( 'NONE',  ( 47.97904408501212714, 0.000000000000000000, 9.555865791231024531 ) ) ;
#4621 = CARTESIAN_POINT ( 'NONE',  ( 30.78997067002575960, 2.758210326803123280E-13, -36.14083870403133147 ) ) ;
#4622 = CARTESIAN_POINT ( 'NONE',  ( -6.836039188851542825, 0.000000000000000000, 47.67364694751805843 ) ) ;
#4623 = AXIS2_PLACEMENT_3D ( 'NONE', #3537, #6375, #3573 ) ;
#4624 = CARTESIAN_POINT ( 'NONE',  ( -2.744104048785144467, 0.000000000000000000, -48.68087826272296326 ) ) ;
#4625 = CARTESIAN_POINT ( 'NONE',  ( 46.65782213712241600, 3.105155021998484699E-13, 7.580822739802151489 ) ) ;
#4626 = CARTESIAN_POINT ( 'NONE',  ( -47.85537724533744353, 2.758210326803123280E-13, -5.156957751989829752 ) ) ;
#4627 = CARTESIAN_POINT ( 'NONE',  ( -33.24425336380804907, 10.00000000000000000, 33.77181024407383347 ) ) ;
#4628 = CARTESIAN_POINT ( 'NONE',  ( 7.990820364436481828E-16, 4.000000000000029310, -36.52499999999999858 ) ) ;
#4629 = CARTESIAN_POINT ( 'NONE',  ( -47.10587011745312225, 0.000000000000000000, 2.434371989328715458 ) ) ;
#4630 = CIRCLE ( 'NONE', #6393, 3.499999999999999556 ) ;
#4631 = CARTESIAN_POINT ( 'NONE',  ( -43.51090059688998934, 10.00000000000000000, -21.01927078872004273 ) ) ;
#4632 = CARTESIAN_POINT ( 'NONE',  ( -16.44346210292139432, 2.758210326803123280E-13, -44.82887006714345546 ) ) ;
#4633 = EDGE_LOOP ( 'NONE', ( #4223, #2284, #2570, #6603 ) ) ;
#4634 = CARTESIAN_POINT ( 'NONE',  ( 35.71349888571410958, 0.000000000000000000, 30.64326182205194016 ) ) ;
#4635 = CARTESIAN_POINT ( 'NONE',  ( 34.32291852279363553, 0.000000000000000000, -34.61091047112202546 ) ) ;
#4636 = AXIS2_PLACEMENT_3D ( 'NONE', #5763, #3003, #174 ) ;
#4637 = CARTESIAN_POINT ( 'NONE',  ( -43.31420226909370541, 2.758210326803123280E-13, -20.99041119118722776 ) ) ;
#4638 = CARTESIAN_POINT ( 'NONE',  ( -11.00264056470364515, 3.105155021998484699E-13, 45.69717597579739987 ) ) ;
#4639 = CARTESIAN_POINT ( 'NONE',  ( -48.35385230337063689, 3.105155021998484699E-13, 7.430222859907662070 ) ) ;
#4640 = CARTESIAN_POINT ( 'NONE',  ( -29.12806626601978977, 10.00000000000000000, 36.87879801367564170 ) ) ;
#4641 = CARTESIAN_POINT ( 'NONE',  ( -10.57080365322970827, 10.00000000000000000, -45.97443897831277582 ) ) ;
#4642 = CARTESIAN_POINT ( 'NONE',  ( 43.32333055671023203, 0.000000000000000000, 21.30485502513987583 ) ) ;
#4643 = CARTESIAN_POINT ( 'NONE',  ( -44.20468725715348057, 10.00000000000000000, 17.58185684065307441 ) ) ;
#4644 = CARTESIAN_POINT ( 'NONE',  ( 23.17336651144128723, 3.105155021998484699E-13, 42.70998122122760066 ) ) ;
#4645 = CARTESIAN_POINT ( 'NONE',  ( 22.72911706989895819, 10.00000000000000000, 42.46051250424451240 ) ) ;
#4646 = CARTESIAN_POINT ( 'NONE',  ( 34.32291852279363553, 10.00000000000000000, -34.61091047112202546 ) ) ;
#4647 = FACE_OUTER_BOUND ( 'NONE', #5140, .T. ) ;
#4648 = VERTEX_POINT ( 'NONE', #1629 ) ;
#4649 = CARTESIAN_POINT ( 'NONE',  ( -37.68019582115950072, 0.000000000000000000, -29.24677134282356405 ) ) ;
#4650 = CARTESIAN_POINT ( 'NONE',  ( -28.32447849061481193, 2.758210326803123280E-13, -37.80513279534243765 ) ) ;
#4651 = CARTESIAN_POINT ( 'NONE',  ( 38.74052491827850275, 3.105155021998484699E-13, 29.52576027884725463 ) ) ;
#4652 = CARTESIAN_POINT ( 'NONE',  ( -37.64166828692550837, 10.00000000000000000, 31.37676539724828473 ) ) ;
#4653 = CARTESIAN_POINT ( 'NONE',  ( 47.83120900503305961, 10.00000000000000000, 10.55455277588031215 ) ) ;
#4654 = FACE_OUTER_BOUND ( 'NONE', #1002, .T. ) ;
#4655 = CARTESIAN_POINT ( 'NONE',  ( 18.26350984908127018, 10.00000000000000000, -45.47796463887212326 ) ) ;
#4656 = CARTESIAN_POINT ( 'NONE',  ( 43.47613484983492071, 10.00000000000000000, -21.55116089260758727 ) ) ;
#4657 = CARTESIAN_POINT ( 'NONE',  ( 3.202426590175039944, 0.000000000000000000, 47.62871612187132797 ) ) ;
#4658 = EDGE_CURVE ( 'NONE', #637, #3077, #6650, .T. ) ;
#4659 = CARTESIAN_POINT ( 'NONE',  ( 3.498989426539049319, 0.000000000000000000, -48.05621757618709466 ) ) ;
#4660 = CARTESIAN_POINT ( 'NONE',  ( 48.89907398102938885, 10.00000000000000000, 3.215505859469473204 ) ) ;
#4661 = CARTESIAN_POINT ( 'NONE',  ( -47.10587011743552921, 10.00000000000000000, -2.434371989999588148 ) ) ;
#4662 = DIRECTION ( 'NONE',  ( 0.000000000000000000, 0.000000000000000000, 1.000000000000000000 ) ) ;
#4663 = CARTESIAN_POINT ( 'NONE',  ( -19.00000000000000000, 5.000000000000000000, -3.261280134836397337E-13 ) ) ;
#4664 = VERTEX_POINT ( 'NONE', #1081 ) ;
#4665 = CARTESIAN_POINT ( 'NONE',  ( -47.19120256422553439, 10.00000000000000000, -12.82691039617843209 ) ) ;
#4666 = ORIENTED_EDGE ( 'NONE', *, *, #989, .T. ) ;
#4667 = CARTESIAN_POINT ( 'NONE',  ( 35.58016677073935341, 0.000000000000000000, 31.96031499099560236 ) ) ;
#4668 = ADVANCED_FACE ( 'NONE', ( #1156, #3998 ), #3373, .T. ) ;
#4669 = CARTESIAN_POINT ( 'NONE',  ( 40.63327091337148289, 0.000000000000000000, -24.17415757906816509 ) ) ;
#4670 = CARTESIAN_POINT ( 'NONE',  ( -41.88715047113275602, 2.758210326803123280E-13, -24.94795369287547615 ) ) ;
#4671 = CARTESIAN_POINT ( 'NONE',  ( -10.06524238237297553, 10.00000000000000000, 46.62468967039735190 ) ) ;
#4672 = CARTESIAN_POINT ( 'NONE',  ( -46.87246452133289409, 3.105155021998484699E-13, 11.89097542992440637 ) ) ;
#4673 = CARTESIAN_POINT ( 'NONE',  ( -13.45816900374302172, 10.00000000000000000, -46.36470106942958580 ) ) ;
#4674 = CARTESIAN_POINT ( 'NONE',  ( 6.876009029063434141, 10.00000000000000000, -47.07331053832953671 ) ) ;
#4675 = CARTESIAN_POINT ( 'NONE',  ( -46.69674352706957166, 10.00000000000000000, 14.30181089849609499 ) ) ;
#4676 = CARTESIAN_POINT ( 'NONE',  ( 12.30177350753673515, 3.105155021998484699E-13, 47.39131966130712925 ) ) ;
#4677 = CARTESIAN_POINT ( 'NONE',  ( 23.17336651144128723, 10.00000000000000000, 42.70998122122760066 ) ) ;
#4678 = CARTESIAN_POINT ( 'NONE',  ( 38.98907634042849679, 10.00000000000000000, -29.41053317191330052 ) ) ;
#4679 = CARTESIAN_POINT ( 'NONE',  ( -25.98076211353329867, 1.500000000000000000, 18.49999999999976197 ) ) ;
#4680 = VERTEX_POINT ( 'NONE', #6245 ) ;
#4681 = CARTESIAN_POINT ( 'NONE',  ( -46.06605038831766308, 0.000000000000000000, -14.76835635972747518 ) ) ;
#4682 = CARTESIAN_POINT ( 'NONE',  ( -28.02428562150406322, 10.00000000000000000, -39.99167870436807704 ) ) ;
#4683 = CARTESIAN_POINT ( 'NONE',  ( 35.53287412844684923, 3.105155021998484699E-13, 31.30628040942552559 ) ) ;
#4684 = CARTESIAN_POINT ( 'NONE',  ( -38.01378767782049550, 3.105155021998484699E-13, 30.51941404773861422 ) ) ;
#4685 = CARTESIAN_POINT ( 'NONE',  ( 46.99999999999997158, 10.00000000000000000, -4.799259554187569168E-12 ) ) ;
#4686 = DIRECTION ( 'NONE',  ( 0.000000000000000000, 0.000000000000000000, 1.000000000000000000 ) ) ;
#4687 = CARTESIAN_POINT ( 'NONE',  ( 22.51173650341682730, 2.758210326803123280E-13, -42.31152017039532609 ) ) ;
#4688 = CARTESIAN_POINT ( 'NONE',  ( 1.391503986769859535, 0.000000000000000000, 46.97380805578321628 ) ) ;
#4689 = EDGE_CURVE ( 'NONE', #6157, #7049, #1792, .T. ) ;
#4690 = CARTESIAN_POINT ( 'NONE',  ( -25.79572543310283450, 0.000000000000000000, -40.92390374015360521 ) ) ;
#4691 = CARTESIAN_POINT ( 'NONE',  ( 48.85883658863325252, 3.105155021998484699E-13, 2.840538227089084877 ) ) ;
#4692 = FACE_OUTER_BOUND ( 'NONE', #1347, .T. ) ;
#4693 = AXIS2_PLACEMENT_3D ( 'NONE', #5392, #6494, #1438 ) ;
#4694 = DIRECTION ( 'NONE',  ( 0.000000000000000000, 0.000000000000000000, 1.000000000000000000 ) ) ;
#4695 = CARTESIAN_POINT ( 'NONE',  ( -25.98076211353329867, 1.500000000000000000, 14.99999999999976374 ) ) ;
#4696 = EDGE_LOOP ( 'NONE', ( #6631, #2597 ) ) ;
#4697 = CARTESIAN_POINT ( 'NONE',  ( -44.09735811414089568, 10.00000000000000000, -17.26532196684733833 ) ) ;
#4698 = CARTESIAN_POINT ( 'NONE',  ( -19.01068499142009216, 2.758210326803123280E-13, -43.53569918625525759 ) ) ;
#4699 = VERTEX_POINT ( 'NONE', #5663 ) ;
#4700 = CARTESIAN_POINT ( 'NONE',  ( 43.51869010687149597, 0.000000000000000000, -21.85829326925181704 ) ) ;
#4701 = CARTESIAN_POINT ( 'NONE',  ( -44.20468725702678370, 2.758210326803123280E-13, -17.58185684130311799 ) ) ;
#4702 = CARTESIAN_POINT ( 'NONE',  ( -9.856404580339983568, 3.105155021998484699E-13, 47.38841362922807576 ) ) ;
#4703 = CARTESIAN_POINT ( 'NONE',  ( -46.01862772539637092, 10.00000000000000000, 9.527638197073789783 ) ) ;
#4704 = ADVANCED_FACE ( 'NONE', ( #5700, #5148, #3851, #6096, #2818, #1703, #1046, #6136, #3337, #5116, #5591, #538, #29, #3959, #3298 ), #5551, .T. ) ;
#4705 = CARTESIAN_POINT ( 'NONE',  ( 1.818707001600958550, 10.00000000000000000, -46.95055821527324014 ) ) ;
#4706 = CARTESIAN_POINT ( 'NONE',  ( 3.864956068115154242, 2.758210326803123280E-13, -48.47930604352037420 ) ) ;
#4707 = CARTESIAN_POINT ( 'NONE',  ( 43.52754636355199835, 0.000000000000000000, 22.16671749007829106 ) ) ;
#4708 = CARTESIAN_POINT ( 'NONE',  ( -37.62320027549795043, 0.000000000000000000, 28.87622266380630620 ) ) ;
#4709 = VERTEX_POINT ( 'NONE', #5866 ) ;
#4710 = CARTESIAN_POINT ( 'NONE',  ( -46.22327082322716763, 10.00000000000000000, 11.24711602213648121 ) ) ;
#4711 = CARTESIAN_POINT ( 'NONE',  ( 16.96362320756021802, 10.00000000000000000, 45.52193069367715594 ) ) ;
#4712 = CARTESIAN_POINT ( 'NONE',  ( 10.11438034126333285, 10.00000000000000000, 47.01625643733036952 ) ) ;
#4713 = CARTESIAN_POINT ( 'NONE',  ( 41.93074063602873736, 10.00000000000000000, -24.02215402627291141 ) ) ;
#4714 = CARTESIAN_POINT ( 'NONE',  ( -9.499999999999674927, -5.000000000000000000, -17.35448267190453109 ) ) ;
#4715 = ORIENTED_EDGE ( 'NONE', *, *, #4467, .T. ) ;
#4716 = CARTESIAN_POINT ( 'NONE',  ( -48.35385230331711170, 0.000000000000000000, -7.430222860587518241 ) ) ;
#4717 = CARTESIAN_POINT ( 'NONE',  ( -32.54682302938070393, 10.00000000000000000, -36.61614350301265830 ) ) ;
#4718 = CARTESIAN_POINT ( 'NONE',  ( 35.53287412844684923, 10.00000000000000000, 31.30628040942552559 ) ) ;
#4719 = CARTESIAN_POINT ( 'NONE',  ( -41.75264547509615198, 3.105155021998484699E-13, 25.58881073407637885 ) ) ;
#4720 = CARTESIAN_POINT ( 'NONE',  ( 48.27420884672838497, 10.00000000000000000, 4.756445711813475086 ) ) ;
#4721 = DIRECTION ( 'NONE',  ( -0.000000000000000000, -1.000000000000000000, 0.000000000000000000 ) ) ;
#4722 = CARTESIAN_POINT ( 'NONE',  ( 19.72309172798750510, 10.00000000000000000, -43.06451694048760004 ) ) ;
#4723 = CARTESIAN_POINT ( 'NONE',  ( -17.95805789184034396, 0.000000000000000000, 43.44286953839409193 ) ) ;
#4724 = CARTESIAN_POINT ( 'NONE',  ( -17.45161947546543146, 0.000000000000000000, -43.61432089167389847 ) ) ;
#4725 = CARTESIAN_POINT ( 'NONE',  ( 47.93386787975488517, 3.105155021998484699E-13, 10.21794103203395743 ) ) ;
#4726 = CARTESIAN_POINT ( 'NONE',  ( 19.00000000000000000, 0.000000000000000000, 0.9000000000002041922 ) ) ;
#4727 = CARTESIAN_POINT ( 'NONE',  ( -19.00000000000000000, 0.000000000000000000, -3.261280134836397337E-13 ) ) ;
#4728 = PLANE ( 'NONE',  #6721 ) ;
#4729 = EDGE_LOOP ( 'NONE', ( #2734, #6230, #6437, #3146 ) ) ;
#4730 = EDGE_CURVE ( 'NONE', #4141, #1338, #2029, .T. ) ;
#4731 = CARTESIAN_POINT ( 'NONE',  ( -47.06317427212636773, 10.00000000000000000, -4.281247491575454589 ) ) ;
#4732 = CARTESIAN_POINT ( 'NONE',  ( -19.53254084227967624, 2.758210326803123280E-13, -43.80290274801825490 ) ) ;
#4733 = AXIS2_PLACEMENT_3D ( 'NONE', #1767, #3399, #5722 ) ;
#4734 = EDGE_LOOP ( 'NONE', ( #7067, #6908 ) ) ;
#4735 = CARTESIAN_POINT ( 'NONE',  ( 25.40124455783663393, 0.000000000000000000, 41.42371570264468517 ) ) ;
#4736 = CARTESIAN_POINT ( 'NONE',  ( 27.87066724199256740, 0.000000000000000000, -38.66599392301351656 ) ) ;
#4737 = CARTESIAN_POINT ( 'NONE',  ( -44.04032416192935528, 2.758210326803123280E-13, -16.58051099783835980 ) ) ;
#4738 = CARTESIAN_POINT ( 'NONE',  ( -11.49313742322127219, 10.00000000000000000, 45.55319594619745516 ) ) ;
#4739 = CARTESIAN_POINT ( 'NONE',  ( -46.46132477048541176, 3.105155021998484699E-13, 11.55733942136279424 ) ) ;
#4740 = CARTESIAN_POINT ( 'NONE',  ( -22.56135536600321956, 10.00000000000000000, -41.88270893814465268 ) ) ;
#4741 = CARTESIAN_POINT ( 'NONE',  ( -0.2623666727575983404, 2.758210326803123280E-13, -48.48502521481603367 ) ) ;
#4742 = AXIS2_PLACEMENT_3D ( 'NONE', #5569, #1500, #6589 ) ;
#4743 = CARTESIAN_POINT ( 'NONE',  ( -39.56029081529624847, 0.000000000000000000, 26.79554503557909584 ) ) ;
#4744 = ORIENTED_EDGE ( 'NONE', *, *, #5812, .F. ) ;
#4745 = CARTESIAN_POINT ( 'NONE',  ( -48.46871621122790685, 10.00000000000000000, 7.128898879978495806 ) ) ;
#4746 = CARTESIAN_POINT ( 'NONE',  ( 13.39376134471409685, 3.105155021998484699E-13, 45.61081825733354123 ) ) ;
#4747 = AXIS2_PLACEMENT_3D ( 'NONE', #6683, #4512, #5039 ) ;
#4748 = CARTESIAN_POINT ( 'NONE',  ( 4.238307288420894103, 10.00000000000000000, 48.64906680998767285 ) ) ;
#4749 = CARTESIAN_POINT ( 'NONE',  ( 47.98392197669301140, 0.000000000000000000, 9.878303804688435719 ) ) ;
#4750 = CARTESIAN_POINT ( 'NONE',  ( 35.82279732335787514, 10.00000000000000000, -32.51019160154715593 ) ) ;
#4751 = DIRECTION ( 'NONE',  ( -0.000000000000000000, 1.000000000000000000, -0.000000000000000000 ) ) ;
#4752 = EDGE_LOOP ( 'NONE', ( #5581, #5999, #7087, #1867 ) ) ;
#4753 = CARTESIAN_POINT ( 'NONE',  ( -48.20490586501740893, 0.000000000000000000, -7.715346298519425439 ) ) ;
#4754 = CARTESIAN_POINT ( 'NONE',  ( -31.36650230799046568, 2.758210326803123280E-13, -36.97315242671792390 ) ) ;
#4755 = CARTESIAN_POINT ( 'NONE',  ( 33.23961192595679393, 10.00000000000000000, 34.45801783335500090 ) ) ;
#4756 = CARTESIAN_POINT ( 'NONE',  ( -39.84587845301444275, 10.00000000000000000, 26.78375226979251522 ) ) ;
#4757 = CARTESIAN_POINT ( 'NONE',  ( -33.26016418703791544, 3.105155021998484699E-13, 35.83937504408631725 ) ) ;
#4758 = CARTESIAN_POINT ( 'NONE',  ( 42.54913690571854090, 10.00000000000000000, 23.80135955393712166 ) ) ;
#4759 = LINE ( 'NONE', #6452, #6964 ) ;
#4760 = CARTESIAN_POINT ( 'NONE',  ( 19.28701064628022976, 10.00000000000000000, -44.71769888560690731 ) ) ;
#4761 = CARTESIAN_POINT ( 'NONE',  ( -22.54327751834156146, 0.000000000000000000, 42.80170550900722759 ) ) ;
#4762 = AXIS2_PLACEMENT_3D ( 'NONE', #3956, #5075, #6206 ) ;
#4763 = CARTESIAN_POINT ( 'NONE',  ( -21.03884784994413337, 0.000000000000000000, -44.21128466514112176 ) ) ;
#4764 = CARTESIAN_POINT ( 'NONE',  ( 47.93386787975488517, 10.00000000000000000, 10.21794103203395743 ) ) ;
#4765 = CARTESIAN_POINT ( 'NONE',  ( 0.000000000000000000, 0.000000000000000000, -30.00000000000000000 ) ) ;
#4766 = DIRECTION ( 'NONE',  ( 0.000000000000000000, 1.000000000000000000, -0.000000000000000000 ) ) ;
#4767 = CARTESIAN_POINT ( 'NONE',  ( -48.38002286252526574, 0.000000000000000000, 1.479422360220733923 ) ) ;
#4768 = ORIENTED_EDGE ( 'NONE', *, *, #2844, .F. ) ;
#4769 = CARTESIAN_POINT ( 'NONE',  ( -33.26016418703791544, 10.00000000000000000, 35.83937504408631725 ) ) ;
#4770 = CARTESIAN_POINT ( 'NONE',  ( -46.71854250021710442, 10.00000000000000000, -11.79070647690571683 ) ) ;
#4771 = CARTESIAN_POINT ( 'NONE',  ( -19.68822740900531088, 2.758210326803123280E-13, -43.92142064894699871 ) ) ;
#4772 = ORIENTED_EDGE ( 'NONE', *, *, #4059, .T. ) ;
#4773 = CARTESIAN_POINT ( 'NONE',  ( 25.40479977759299146, 0.000000000000000000, 40.37037995076605768 ) ) ;
#4774 = CARTESIAN_POINT ( 'NONE',  ( 29.18936109829999026, 0.000000000000000000, -39.05559196659149279 ) ) ;
#4775 = UNCERTAINTY_MEASURE_WITH_UNIT (LENGTH_MEASURE( 1.000000000000000082E-05 ), #7226, 'distance_accuracy_value', 'NONE');
#4776 = CARTESIAN_POINT ( 'NONE',  ( -44.78155854334718100, 10.00000000000000000, -18.29746868200954779 ) ) ;
#4777 = CARTESIAN_POINT ( 'NONE',  ( 47.76896890542335683, 10.00000000000000000, -4.954753279258746979 ) ) ;
#4778 = CARTESIAN_POINT ( 'NONE',  ( -11.49313742322127219, 3.105155021998484699E-13, 45.55319594619745516 ) ) ;
#4779 = CARTESIAN_POINT ( 'NONE',  ( -47.14519658003514735, 3.105155021998484699E-13, 13.37863006677303979 ) ) ;
#4780 = CARTESIAN_POINT ( 'NONE',  ( -23.07909855399385535, 10.00000000000000000, -41.00998302157595532 ) ) ;
#4781 = CARTESIAN_POINT ( 'NONE',  ( -0.2623666727575983404, 10.00000000000000000, -48.48502521481603367 ) ) ;
#4782 = EDGE_CURVE ( 'NONE', #2690, #5941, #1560, .T. ) ;
#4783 = CARTESIAN_POINT ( 'NONE',  ( -46.43680524449735714, 10.00000000000000000, 8.834271825521000210 ) ) ;
#4784 = AXIS2_PLACEMENT_3D ( 'NONE', #1616, #3801, #6637 ) ;
#4785 = CARTESIAN_POINT ( 'NONE',  ( 12.00447474006410964, 10.00000000000000000, 47.51441764517475974 ) ) ;
#4786 = CARTESIAN_POINT ( 'NONE',  ( -1.079191094428147757, 10.00000000000000000, 48.90950489367619269 ) ) ;
#4787 = DIRECTION ( 'NONE',  ( 0.000000000000000000, 0.000000000000000000, 1.000000000000000000 ) ) ;
#4788 = CARTESIAN_POINT ( 'NONE',  ( 20.13559923336973512, 10.00000000000000000, -42.53991421672181872 ) ) ;
#4789 = DIRECTION ( 'NONE',  ( 0.000000000000000000, 0.7071067811865463515, 0.7071067811865487940 ) ) ;
#4790 = EDGE_LOOP ( 'NONE', ( #817, #3567, #2498, #137 ) ) ;
#4791 = CARTESIAN_POINT ( 'NONE',  ( -37.75959108542469522, 10.00000000000000000, -29.51705101437228151 ) ) ;
#4792 = CARTESIAN_POINT ( 'NONE',  ( 35.59206882314446574, 3.105155021998484699E-13, 30.97119661151224079 ) ) ;
#4793 = CARTESIAN_POINT ( 'NONE',  ( -40.96071364683631089, 10.00000000000000000, 26.61260216996445038 ) ) ;
#4794 = CARTESIAN_POINT ( 'NONE',  ( -29.53041312830594123, 10.00000000000000000, 36.70068046374372983 ) ) ;
#4795 = CARTESIAN_POINT ( 'NONE',  ( 44.70460516716443067, 10.00000000000000000, 17.91664482417785820 ) ) ;
#4796 = CARTESIAN_POINT ( 'NONE',  ( 48.11266214968548383, 10.00000000000000000, -4.857465167278205875 ) ) ;
#4797 = EDGE_CURVE ( 'NONE', #5813, #4574, #5217, .T. ) ;
#4798 = CARTESIAN_POINT ( 'NONE',  ( -20.35305852491757150, 0.000000000000000000, 44.25574658896002944 ) ) ;
#4799 = CARTESIAN_POINT ( 'NONE',  ( -17.95805789152745646, 0.000000000000000000, -43.44286953885498548 ) ) ;
#4800 = CARTESIAN_POINT ( 'NONE',  ( 47.83125034135041176, 3.105155021998484699E-13, 8.960660099667196121 ) ) ;
#4801 = DIRECTION ( 'NONE',  ( -1.732131318657525647E-16, 1.000000000000000000, -9.875861415989489186E-16 ) ) ;
#4802 = CARTESIAN_POINT ( 'NONE',  ( 25.98076211353288301, 0.000000000000000000, 11.50000000000047784 ) ) ;
#4803 = CARTESIAN_POINT ( 'NONE',  ( -25.98076211353298604, 0.000000000000000000, -18.50000000000030198 ) ) ;
#4804 = ORIENTED_EDGE ( 'NONE', *, *, #1496, .T. ) ;
#4805 = CARTESIAN_POINT ( 'NONE',  ( -35.34556598235437974, 10.00000000000000000, 32.02908669473996639 ) ) ;
#4806 = EDGE_LOOP ( 'NONE', ( #2476, #6569, #6707, #2106 ) ) ;
#4807 = CARTESIAN_POINT ( 'NONE',  ( 28.39375601483105882, 0.000000000000000000, 38.86548078570556441 ) ) ;
#4808 = CARTESIAN_POINT ( 'NONE',  ( 32.59837096048310201, 0.000000000000000000, -34.41267711612503888 ) ) ;
#4809 = CARTESIAN_POINT ( 'NONE',  ( -46.50258969458614189, 2.758210326803123280E-13, -14.49509937365894707 ) ) ;
#4810 = CARTESIAN_POINT ( 'NONE',  ( 48.73228654715994423, 10.00000000000000000, -4.086991198139762638 ) ) ;
#4811 = CARTESIAN_POINT ( 'NONE',  ( -15.81831764452721778, 3.105155021998484699E-13, 46.26082462678538576 ) ) ;
#4812 = CARTESIAN_POINT ( 'NONE',  ( -48.41781468099730290, 10.00000000000000000, 5.750934167021956256 ) ) ;
#4813 = CARTESIAN_POINT ( 'NONE',  ( -28.25630724235858438, 10.00000000000000000, -39.42846835268141348 ) ) ;
#4814 = CARTESIAN_POINT ( 'NONE',  ( 0.4501098788289824570, 2.758210326803123280E-13, -47.40705556680029531 ) ) ;
#4815 = ORIENTED_EDGE ( 'NONE', *, *, #1754, .F. ) ;
#4816 = DIRECTION ( 'NONE',  ( 0.000000000000000000, 0.000000000000000000, 1.000000000000000000 ) ) ;
#4817 = CARTESIAN_POINT ( 'NONE',  ( 12.97528474921303854, 10.00000000000000000, 46.84212630530167587 ) ) ;
#4818 = CARTESIAN_POINT ( 'NONE',  ( 6.199796286080736962, 10.00000000000000000, 48.31315845756013516 ) ) ;
#4819 = CARTESIAN_POINT ( 'NONE',  ( 25.98076211353339815, 0.000000000000000000, -11.49999999999958078 ) ) ;
#4820 = CARTESIAN_POINT ( 'NONE',  ( 25.66124536474277207, 10.00000000000000000, -39.57763539787850959 ) ) ;
#4821 = PRODUCT_RELATED_PRODUCT_CATEGORY ( 'detail', '', ( #5547 ) ) ;
#4822 = EDGE_CURVE ( 'NONE', #6580, #4680, #2154, .T. ) ;
#4823 = CARTESIAN_POINT ( 'NONE',  ( 9.500000000000133227, 0.000000000000000000, -15.55448267190425504 ) ) ;
#4824 = CARTESIAN_POINT ( 'NONE',  ( -47.22625722617036814, 0.000000000000000000, -4.565049819590514701 ) ) ;
#4825 = CARTESIAN_POINT ( 'NONE',  ( -37.86857215181864689, 10.00000000000000000, -29.75700132919024199 ) ) ;
#4826 = CARTESIAN_POINT ( 'NONE',  ( 36.37930582211521369, 10.00000000000000000, 29.84978400702683032 ) ) ;
#4827 = CARTESIAN_POINT ( 'NONE',  ( -42.29788661301815011, 3.105155021998484699E-13, 21.24116267528980373 ) ) ;
#4828 = CARTESIAN_POINT ( 'NONE',  ( -32.26514457300381622, 10.00000000000000000, 36.77313813106339779 ) ) ;
#4829 = CARTESIAN_POINT ( 'NONE',  ( 42.98576811683953025, 10.00000000000000000, 20.86244430911290593 ) ) ;
#4830 = CARTESIAN_POINT ( 'NONE',  ( 46.65782213717702120, 10.00000000000000000, -7.580822739797713261 ) ) ;
#4831 = VERTEX_POINT ( 'NONE', #681 ) ;
#4832 = CARTESIAN_POINT ( 'NONE',  ( -12.84417367610372551, 0.000000000000000000, 45.79109786995854137 ) ) ;
#4833 = CARTESIAN_POINT ( 'NONE',  ( -12.57257308701887233, 0.000000000000000000, -45.66709288536071654 ) ) ;
#4834 = COORDINATED_UNIVERSAL_TIME_OFFSET ( 5, 0, .BEHIND. ) ;
#4835 = CARTESIAN_POINT ( 'NONE',  ( 45.09766806940967143, 3.105155021998484699E-13, 13.82349709878816135 ) ) ;
#4836 = CARTESIAN_POINT ( 'NONE',  ( 0.000000000000000000, 10.00000000000000000, 0.000000000000000000 ) ) ;
#4837 = LINE ( 'NONE', #2064, #4613 ) ;
#4838 = ORIENTED_EDGE ( 'NONE', *, *, #6223, .F. ) ;
#4839 = CARTESIAN_POINT ( 'NONE',  ( 35.59206882336751931, 10.00000000000000000, -30.97119661158752280 ) ) ;
#4840 = CARTESIAN_POINT ( 'NONE',  ( -19.01068499142009216, 10.00000000000000000, -43.53569918625525759 ) ) ;
#4841 = ORIENTED_EDGE ( 'NONE', *, *, #2175, .T. ) ;
#4842 = CARTESIAN_POINT ( 'NONE',  ( 30.88096018727767245, 0.000000000000000000, 37.03306580121687119 ) ) ;
#4843 = CARTESIAN_POINT ( 'NONE',  ( 32.85192360694673397, 0.000000000000000000, -34.40696876758887157 ) ) ;
#4844 = CARTESIAN_POINT ( 'NONE',  ( -46.69674352696663533, 2.758210326803123280E-13, -14.30181089916401760 ) ) ;
#4845 = CARTESIAN_POINT ( 'NONE',  ( 46.54892818211674665, 2.758210326803123280E-13, -7.223747721249525355 ) ) ;
#4846 = CARTESIAN_POINT ( 'NONE',  ( -16.34082967256446395, 3.105155021998484699E-13, 45.13494020300205278 ) ) ;
#4847 = CARTESIAN_POINT ( 'NONE',  ( -48.41781468099730290, 3.105155021998484699E-13, 5.750934167021956256 ) ) ;
#4848 = CIRCLE ( 'NONE', #5790, 3.499999999999999556 ) ;
#4849 = CARTESIAN_POINT ( 'NONE',  ( -17.95805789152745646, 10.00000000000000000, -43.44286953885498548 ) ) ;
#4850 = CARTESIAN_POINT ( 'NONE',  ( 3.049674978476205833, 2.758210326803123280E-13, -47.47408321639377959 ) ) ;
#4851 = ORIENTED_EDGE ( 'NONE', *, *, #6587, .F. ) ;
#4852 = LINE ( 'NONE', #496, #2982 ) ;
#4853 = LINE ( 'NONE', #5919, #1159 ) ;
#4854 = CARTESIAN_POINT ( 'NONE',  ( 9.025808621902845275, 3.105155021998484699E-13, 46.30923408879861114 ) ) ;
#4855 = CARTESIAN_POINT ( 'NONE',  ( 4.437374477649838944, 10.00000000000000000, 48.70163177445953551 ) ) ;
#4856 = CARTESIAN_POINT ( 'NONE',  ( 0.000000000000000000, 5.000000000000000000, 0.000000000000000000 ) ) ;
#4857 = CARTESIAN_POINT ( 'NONE',  ( 25.98694789263276306, 10.00000000000000000, -39.15552321667084357 ) ) ;
#4858 = CIRCLE ( 'NONE', #274, 0.9000000000000030198 ) ;
#4859 = CARTESIAN_POINT ( 'NONE',  ( 1.604287306883032847E-15, 2.000000000000000000, 13.10000000000000142 ) ) ;
#4860 = CARTESIAN_POINT ( 'NONE',  ( -37.81051759091970865, 10.00000000000000000, -31.10533982884220450 ) ) ;
#4861 = CARTESIAN_POINT ( 'NONE',  ( 25.98694789235071312, 10.00000000000000000, 39.15552321652646128 ) ) ;
#4862 = AXIS2_PLACEMENT_3D ( 'NONE', #609, #6209, #4555 ) ;
#4863 = CARTESIAN_POINT ( 'NONE',  ( -39.27315821590496370, 10.00000000000000000, 26.82194037189785618 ) ) ;
#4864 = CARTESIAN_POINT ( 'NONE',  ( -31.36650230825674512, 10.00000000000000000, 36.97315242616055286 ) ) ;
#4865 = CARTESIAN_POINT ( 'NONE',  ( 43.46957936547061507, 10.00000000000000000, 22.49346172919071662 ) ) ;
#4866 = CARTESIAN_POINT ( 'NONE',  ( 7.990820364436479856E-16, 1.500000000000000000, -36.52499999999999858 ) ) ;
#4867 = ORIENTED_EDGE ( 'NONE', *, *, #3965, .T. ) ;
#4868 = CARTESIAN_POINT ( 'NONE',  ( -15.53621156513084856, 0.000000000000000000, 46.44024945185537234 ) ) ;
#4869 = CARTESIAN_POINT ( 'NONE',  ( -30.24515585865679057, 0.000000000000000000, -36.59799261131097126 ) ) ;
#4870 = COORDINATED_UNIVERSAL_TIME_OFFSET ( 5, 0, .BEHIND. ) ;
#4871 = CARTESIAN_POINT ( 'NONE',  ( 46.08513344277532298, 3.105155021998484699E-13, 15.40480195492111015 ) ) ;
#4872 = DIRECTION ( 'NONE',  ( 0.000000000000000000, 0.000000000000000000, 1.000000000000000000 ) ) ;
#4873 = FACE_OUTER_BOUND ( 'NONE', #6747, .T. ) ;
#4874 = LINE ( 'NONE', #7191, #2126 ) ;
#4875 = ORIENTED_EDGE ( 'NONE', *, *, #3938, .T. ) ;
#4876 = CARTESIAN_POINT ( 'NONE',  ( 35.80442075015090353, 10.00000000000000000, -33.02487383575729041 ) ) ;
#4877 = CARTESIAN_POINT ( 'NONE',  ( -21.96948000142272406, 10.00000000000000000, -43.73324238638085859 ) ) ;
#4878 = ORIENTED_EDGE ( 'NONE', *, *, #5366, .F. ) ;
#4879 = CARTESIAN_POINT ( 'NONE',  ( 24.06705234674091898, 0.000000000000000000, 42.63747644591656183 ) ) ;
#4880 = CARTESIAN_POINT ( 'NONE',  ( 13.39376134504259852, 0.000000000000000000, -45.61081825756858876 ) ) ;
#4881 = CARTESIAN_POINT ( 'NONE',  ( -46.43680524443367119, 2.758210326803123280E-13, -8.834271826187066523 ) ) ;
#4882 = CARTESIAN_POINT ( 'NONE',  ( 48.41393903339499616, 2.758210326803123280E-13, -4.612104440926358961 ) ) ;
#4883 = CARTESIAN_POINT ( 'NONE',  ( -18.74850481332812535, 10.00000000000000000, 43.46023206279544127 ) ) ;
#4884 = CARTESIAN_POINT ( 'NONE',  ( -46.85395203710152856, 10.00000000000000000, 3.462104312256067740 ) ) ;
#4885 = AXIS2_PLACEMENT_3D ( 'NONE', #4856, #7064, #1420 ) ;
#4886 = CARTESIAN_POINT ( 'NONE',  ( -20.76633825492323737, 10.00000000000000000, -44.25637570041840974 ) ) ;
#4887 = CARTESIAN_POINT ( 'NONE',  ( -6.945798610660011363, 2.758210326803123280E-13, -47.90163114952940759 ) ) ;
#4888 = EDGE_CURVE ( 'NONE', #1405, #3875, #1329, .T. ) ;
#4889 = VERTEX_POINT ( 'NONE', #815 ) ;
#4890 = CARTESIAN_POINT ( 'NONE',  ( 9.500000000000133227, -5.000000000000000000, -16.45448267190425895 ) ) ;
#4891 = CARTESIAN_POINT ( 'NONE',  ( 7.661018336118911698, 10.00000000000000000, 46.43029501587044905 ) ) ;
#4892 = CARTESIAN_POINT ( 'NONE',  ( -20.35305852491757150, 10.00000000000000000, 44.25574658896002944 ) ) ;
#4893 = CARTESIAN_POINT ( 'NONE',  ( 30.88106224491607676, 10.00000000000000000, -37.60959895133573383 ) ) ;
#4894 = CARTESIAN_POINT ( 'NONE',  ( 19.49309979437110485, 10.00000000000000000, -44.16816589585721431 ) ) ;
#4895 = CARTESIAN_POINT ( 'NONE',  ( -25.98076211353329867, 0.000000000000000000, 18.49999999999976197 ) ) ;
#4896 = EDGE_LOOP ( 'NONE', ( #4772, #3914, #6057, #1649 ) ) ;
#4897 = VECTOR ( 'NONE', #1952, 1000.000000000000000 ) ;
#4898 = CIRCLE ( 'NONE', #2478, 6.524999999999999467 ) ;
#4899 = CARTESIAN_POINT ( 'NONE',  ( 30.61168797695316712, 10.00000000000000000, 38.16055295097658018 ) ) ;
#4900 = CARTESIAN_POINT ( 'NONE',  ( -25.98076211353298604, 3.999999999999973355, -21.52500000000030056 ) ) ;
#4901 = CARTESIAN_POINT ( 'NONE',  ( 39.25387599954630247, 10.00000000000000000, 29.22991207900612309 ) ) ;
#4902 = CARTESIAN_POINT ( 'NONE',  ( 25.98076211353288301, 1.500000000000000000, 18.50000000000047962 ) ) ;
#4903 =( GEOMETRIC_REPRESENTATION_CONTEXT ( 3 ) GLOBAL_UNCERTAINTY_ASSIGNED_CONTEXT ( ( #7129 ) ) GLOBAL_UNIT_ASSIGNED_CONTEXT ( ( #486, #956, #5974 ) ) REPRESENTATION_CONTEXT ( 'NONE', 'WORKASPACE' ) );
#4904 = DIRECTION ( 'NONE',  ( 0.000000000000000000, 0.000000000000000000, 1.000000000000000000 ) ) ;
#4905 = VERTEX_POINT ( 'NONE', #133 ) ;
#4906 = CARTESIAN_POINT ( 'NONE',  ( -38.01378767782049550, 0.000000000000000000, 30.51941404773861422 ) ) ;
#4907 = CARTESIAN_POINT ( 'NONE',  ( -35.34556598212376599, 0.000000000000000000, -32.02908669532605046 ) ) ;
#4908 = APPROVAL_ROLE ( '' ) ;
#4909 = CARTESIAN_POINT ( 'NONE',  ( 44.16854487187053024, 3.105155021998484699E-13, 18.00862112953056382 ) ) ;
#4910 = CARTESIAN_POINT ( 'NONE',  ( -49.00000000000002842, 0.000000000000000000, -3.531486802060992653E-10 ) ) ;
#4911 = FACE_OUTER_BOUND ( 'NONE', #6566, .T. ) ;
#4912 = ORIENTED_EDGE ( 'NONE', *, *, #1897, .F. ) ;
#4913 = CARTESIAN_POINT ( 'NONE',  ( -36.93269067717616139, 10.00000000000000000, 32.01126726963894242 ) ) ;
#4914 = CARTESIAN_POINT ( 'NONE',  ( 33.40829916735508931, 2.758210326803123280E-13, -34.50086255644028199 ) ) ;
#4915 = CARTESIAN_POINT ( 'NONE',  ( -26.30578014772677875, 10.00000000000000000, -40.99517880169772610 ) ) ;
#4916 = CC_DESIGN_PERSON_AND_ORGANIZATION_ASSIGNMENT ( #7151, #2172, ( #6318 ) ) ;
#4917 = EDGE_CURVE ( 'NONE', #4546, #7076, #6937, .T. ) ;
#4918 = CARTESIAN_POINT ( 'NONE',  ( 17.29531084801257634, 0.000000000000000000, 45.58295722380753290 ) ) ;
#4919 = CARTESIAN_POINT ( 'NONE',  ( 17.29531084834088972, 0.000000000000000000, -45.58295722401451400 ) ) ;
#4920 = CARTESIAN_POINT ( 'NONE',  ( -46.96857664265848342, 2.758210326803123280E-13, -8.422003629410825809 ) ) ;
#4921 = CARTESIAN_POINT ( 'NONE',  ( 48.11266214968548383, 10.00000000000000000, -4.857465167278205875 ) ) ;
#4922 = CARTESIAN_POINT ( 'NONE',  ( -16.75100435979412694, 10.00000000000000000, 44.21375863566903774 ) ) ;
#4923 = CARTESIAN_POINT ( 'NONE',  ( -47.85537724537459781, 10.00000000000000000, 5.156957751313574256 ) ) ;
#4924 = CARTESIAN_POINT ( 'NONE',  ( -32.54682302938070393, 10.00000000000000000, -36.61614350301265830 ) ) ;
#4925 = CARTESIAN_POINT ( 'NONE',  ( -8.666594791079395677, 2.758210326803123280E-13, -48.23159475873613644 ) ) ;
#4926 = VERTEX_POINT ( 'NONE', #714 ) ;
#4927 = CARTESIAN_POINT ( 'NONE',  ( 42.86506084908662473, 0.000000000000000000, -20.60058251564622722 ) ) ;
#4928 = CARTESIAN_POINT ( 'NONE',  ( 25.98076211353288301, 3.999999999999973355, 21.52500000000047820 ) ) ;
#4929 = CARTESIAN_POINT ( 'NONE',  ( 4.988701142738616312, 10.00000000000000000, 48.75212983995312754 ) ) ;
#4930 = ADVANCED_FACE ( 'NONE', ( #3035 ), #5285, .T. ) ;
#4931 = AXIS2_PLACEMENT_3D ( 'NONE', #6163, #18, #2249 ) ;
#4932 = CARTESIAN_POINT ( 'NONE',  ( -46.50258969469062009, 0.000000000000000000, 14.49509937299239581 ) ) ;
#4933 = CARTESIAN_POINT ( 'NONE',  ( -13.45816900407698391, 10.00000000000000000, 46.36470106900110011 ) ) ;
#4934 = CARTESIAN_POINT ( 'NONE',  ( 30.15150723476501682, 10.00000000000000000, -38.63869330524254053 ) ) ;
#4935 = CARTESIAN_POINT ( 'NONE',  ( 16.96362320788809797, 10.00000000000000000, -45.52193069388654578 ) ) ;
#4936 = DIRECTION ( 'NONE',  ( 0.000000000000000000, 0.000000000000000000, -1.000000000000000000 ) ) ;
#4937 = ORIENTED_EDGE ( 'NONE', *, *, #4060, .T. ) ;
#4938 = CARTESIAN_POINT ( 'NONE',  ( 30.88106224464516103, 3.105155021998484699E-13, 37.60959895122658025 ) ) ;
#4939 = CARTESIAN_POINT ( 'NONE',  ( 17.73542027622000106, 0.5000000000000299760, 32.87262345473227754 ) ) ;
#4940 = CARTESIAN_POINT ( 'NONE',  ( 28.39375601483105882, 10.00000000000000000, 38.86548078570556441 ) ) ;
#4941 = DIRECTION ( 'NONE',  ( 0.000000000000000000, 0.000000000000000000, 1.000000000000000000 ) ) ;
#4942 = CARTESIAN_POINT ( 'NONE',  ( -48.27679355247365578, 10.00000000000000000, -5.475449116906773384 ) ) ;
#4943 = CARTESIAN_POINT ( 'NONE',  ( 40.26142946369241571, 10.00000000000000000, -24.40537219971991334 ) ) ;
#4944 = CARTESIAN_POINT ( 'NONE',  ( -33.46261586852389058, 0.000000000000000000, 35.22616371385498724 ) ) ;
#4945 = CARTESIAN_POINT ( 'NONE',  ( -34.04807669218732968, 0.000000000000000000, -32.39143301409414732 ) ) ;
#4946 = CALENDAR_DATE ( 2026, 12, 8 ) ;
#4947 = CARTESIAN_POINT ( 'NONE',  ( 42.86506084893825630, 3.105155021998484699E-13, 20.60058251562332643 ) ) ;
#4948 = APPLICATION_PROTOCOL_DEFINITION ( 'international standard', 'config_control_design', 1994, #2928 ) ;
#4949 = DIRECTION ( 'NONE',  ( 0.000000000000000000, 0.000000000000000000, 1.000000000000000000 ) ) ;
#4950 = DIRECTION ( 'NONE',  ( 0.000000000000000000, 0.000000000000000000, 1.000000000000000000 ) ) ;
#4951 = VERTEX_POINT ( 'NONE', #2370 ) ;
#4952 = CARTESIAN_POINT ( 'NONE',  ( -33.60807469279514237, 10.00000000000000000, 32.82745454533775131 ) ) ;
#4953 = CARTESIAN_POINT ( 'NONE',  ( 33.57032259479090897, 10.00000000000000000, -34.56409139257556262 ) ) ;
#4954 = CARTESIAN_POINT ( 'NONE',  ( -25.79572543310283450, 10.00000000000000000, -40.92390374015360521 ) ) ;
#4955 = EDGE_LOOP ( 'NONE', ( #904, #5070 ) ) ;
#4956 = CARTESIAN_POINT ( 'NONE',  ( 19.59474247380835266, 0.000000000000000000, 43.33409176322279421 ) ) ;
#4957 = CARTESIAN_POINT ( 'NONE',  ( 13.20395671666470783, 0.000000000000000000, -46.06253499103655713 ) ) ;
#4958 = CARTESIAN_POINT ( 'NONE',  ( -47.17400383435051481, 2.758210326803123280E-13, -12.62173967468753055 ) ) ;
#4959 = CARTESIAN_POINT ( 'NONE',  ( 45.43748171313562523, 10.00000000000000000, -17.66119879895672895 ) ) ;
#4960 = CARTESIAN_POINT ( 'NONE',  ( -15.53621156513084856, 3.105155021998484699E-13, 46.44024945185537234 ) ) ;
#4961 = CARTESIAN_POINT ( 'NONE',  ( -47.63553300538149671, 10.00000000000000000, 4.999436368009451570 ) ) ;
#4962 = CARTESIAN_POINT ( 'NONE',  ( -37.81051759091970865, 10.00000000000000000, -31.10533982884220450 ) ) ;
#4963 = CARTESIAN_POINT ( 'NONE',  ( -8.032755438990236030, 2.758210326803123280E-13, -48.29753861976255536 ) ) ;
#4964 = AXIS2_PLACEMENT_3D ( 'NONE', #6530, #4357, #1548 ) ;
#4965 = CARTESIAN_POINT ( 'NONE',  ( 45.76231138110704677, 0.000000000000000000, -15.01062630788144148 ) ) ;
#4966 = CARTESIAN_POINT ( 'NONE',  ( 48.65575631688790281, 10.00000000000000000, -2.284027950639491600 ) ) ;
#4967 = CARTESIAN_POINT ( 'NONE',  ( 4.238307288420894103, 3.105155021998484699E-13, 48.64906680998767285 ) ) ;
#4968 = AXIS2_PLACEMENT_3D ( 'NONE', #6931, #1395, #1838 ) ;
#4969 = CARTESIAN_POINT ( 'NONE',  ( -45.92140164616926512, 0.000000000000000000, 9.943727799588213401 ) ) ;
#4970 = CARTESIAN_POINT ( 'NONE',  ( -10.57080365356085494, 10.00000000000000000, 45.97443897790501666 ) ) ;
#4971 = CARTESIAN_POINT ( 'NONE',  ( 3.049674978476205833, 10.00000000000000000, -47.47408321639377959 ) ) ;
#4972 = CARTESIAN_POINT ( 'NONE',  ( 11.64692101385363543, 2.758210326803123280E-13, -47.59855720221199249 ) ) ;
#4973 = CARTESIAN_POINT ( 'NONE',  ( 0.000000000000000000, 1.500000000000000000, 0.000000000000000000 ) ) ;
#4974 = EDGE_CURVE ( 'NONE', #599, #2102, #1811, .T. ) ;
#4975 = CIRCLE ( 'NONE', #4623, 6.524999999999995914 ) ;
#4976 = CARTESIAN_POINT ( 'NONE',  ( 25.38699238972189320, 3.105155021998484699E-13, 40.65148568266904050 ) ) ;
#4977 = LINE ( 'NONE', #6665, #6622 ) ;
#4978 = AXIS2_PLACEMENT_3D ( 'NONE', #4384, #6152, #554 ) ;
#4979 = CARTESIAN_POINT ( 'NONE',  ( 30.77795741627257797, 10.00000000000000000, 36.46497873580452165 ) ) ;
#4980 = CARTESIAN_POINT ( 'NONE',  ( 43.51869010687149597, 10.00000000000000000, -21.85829326925181704 ) ) ;
#4981 = CARTESIAN_POINT ( 'NONE',  ( 9.500000000000133227, 5.000000000000000000, -16.45448267190425895 ) ) ;
#4982 = CARTESIAN_POINT ( 'NONE',  ( -28.16252507928322046, 0.000000000000000000, 38.71819953305659823 ) ) ;
#4983 = CIRCLE ( 'NONE', #4693, 0.9000000000000014655 ) ;
#4984 = CARTESIAN_POINT ( 'NONE',  ( -36.65677987737331733, 0.000000000000000000, -32.13663260289995804 ) ) ;
#4985 = APPROVAL_STATUS ( 'not_yet_approved' ) ;
#4986 = CARTESIAN_POINT ( 'NONE',  ( 45.99391006620061972, 10.00000000000000000, 16.91025827844341833 ) ) ;
#4987 = EDGE_CURVE ( 'NONE', #7049, #6157, #6040, .T. ) ;
#4988 = DIRECTION ( 'NONE',  ( 0.000000000000000000, 0.000000000000000000, 1.000000000000000000 ) ) ;
#4989 = DIRECTION ( 'NONE',  ( 0.000000000000000000, 1.000000000000000000, -0.000000000000000000 ) ) ;
#4990 = ORIENTED_EDGE ( 'NONE', *, *, #5772, .T. ) ;
#4991 = VECTOR ( 'NONE', #1987, 1000.000000000000000 ) ;
#4992 = CARTESIAN_POINT ( 'NONE',  ( 35.66008209012070296, 10.00000000000000000, -32.26743866810095795 ) ) ;
#4993 = CARTESIAN_POINT ( 'NONE',  ( -22.50334853403577640, 10.00000000000000000, -42.20200591866699824 ) ) ;
#4994 = ORIENTED_EDGE ( 'NONE', *, *, #1538, .F. ) ;
#4995 = CARTESIAN_POINT ( 'NONE',  ( 10.45795325562310119, 0.000000000000000000, 47.41714284067161600 ) ) ;
#4996 = CARTESIAN_POINT ( 'NONE',  ( 19.45183231380353917, 0.000000000000000000, -44.45506784306330417 ) ) ;
#4997 = DIRECTION ( 'NONE',  ( -0.000000000000000000, -1.000000000000000000, 0.000000000000000000 ) ) ;
#4998 = CARTESIAN_POINT ( 'NONE',  ( -48.55650356974820880, 10.00000000000000000, -6.441202254763799928 ) ) ;
#4999 = CARTESIAN_POINT ( 'NONE',  ( 46.15953016473260107, 2.758210326803123280E-13, -15.67738629354824553 ) ) ;
#5000 = CARTESIAN_POINT ( 'NONE',  ( -27.90557941559861277, 3.105155021998484699E-13, 40.15990372538703213 ) ) ;
#5001 = DIRECTION ( 'NONE',  ( 0.000000000000000000, 0.000000000000000000, 1.000000000000000000 ) ) ;
#5002 = CARTESIAN_POINT ( 'NONE',  ( -28.51769218279037688, 10.00000000000000000, -37.44943886070897321 ) ) ;
#5003 = CARTESIAN_POINT ( 'NONE',  ( -7.423693273577876894, 10.00000000000000000, -48.18061274224353951 ) ) ;
#5004 = CARTESIAN_POINT ( 'NONE',  ( 47.93659817308496685, 0.000000000000000000, -9.236994885837962244 ) ) ;
#5005 = AXIS2_PLACEMENT_3D ( 'NONE', #4765, #4101, #2438 ) ;
#5006 = CARTESIAN_POINT ( 'NONE',  ( -35.88073939974772486, 10.00000000000000000, -32.12601103825731030 ) ) ;
#5007 = DIRECTION ( 'NONE',  ( -0.9579701941536314935, 7.261854373296923318E-16, 0.2868677519576806612 ) ) ;
#5008 = CARTESIAN_POINT ( 'NONE',  ( 7.357205118722475845, 10.00000000000000000, 46.60345391069666476 ) ) ;
#5009 = CARTESIAN_POINT ( 'NONE',  ( -44.09735811426526197, 3.105155021998484699E-13, 17.26532196619807635 ) ) ;
#5010 = CARTESIAN_POINT ( 'NONE',  ( -46.34903428460037134, 0.000000000000000000, 11.42441798739537973 ) ) ;
#5011 = CARTESIAN_POINT ( 'NONE',  ( -9.881577510372215656, 10.00000000000000000, 47.13663448747149687 ) ) ;
#5012 = CARTESIAN_POINT ( 'NONE',  ( 13.28424752768143158, 10.00000000000000000, -45.83027493275058362 ) ) ;
#5013 = CARTESIAN_POINT ( 'NONE',  ( 12.97528474955040245, 2.758210326803123280E-13, -46.84212630553974321 ) ) ;
#5014 = PLANE ( 'NONE',  #2620 ) ;
#5015 = CC_DESIGN_DATE_AND_TIME_ASSIGNMENT ( #3474, #2328, ( #1596 ) ) ;
#5016 = EDGE_CURVE ( 'NONE', #1405, #1885, #3624, .T. ) ;
#5017 = CARTESIAN_POINT ( 'NONE',  ( -41.21469895940511208, 10.00000000000000000, 26.39902915748928791 ) ) ;
#5018 = CARTESIAN_POINT ( 'NONE',  ( 30.88106224464516103, 10.00000000000000000, 37.60959895122658025 ) ) ;
#5019 = CARTESIAN_POINT ( 'NONE',  ( -9.500000000000248690, 0.000000000000000000, 17.35448267190418647 ) ) ;
#5020 = CARTESIAN_POINT ( 'NONE',  ( 35.82279732312366605, 10.00000000000000000, 32.51019160147357923 ) ) ;
#5021 = CARTESIAN_POINT ( 'NONE',  ( 47.83125034141495746, 10.00000000000000000, -8.960660099654338850 ) ) ;
#5022 = FACE_OUTER_BOUND ( 'NONE', #4260, .T. ) ;
#5023 = ORIENTED_EDGE ( 'NONE', *, *, #4782, .T. ) ;
#5024 = CARTESIAN_POINT ( 'NONE',  ( 39.73764011238700533, 10.00000000000000000, -28.68182798094965591 ) ) ;
#5025 = CARTESIAN_POINT ( 'NONE',  ( -33.05611533214992193, 0.000000000000000000, 36.14576570390433830 ) ) ;
#5026 = CARTESIAN_POINT ( 'NONE',  ( -28.20955984022288376, 0.000000000000000000, -39.06230543890035278 ) ) ;
#5027 = PERSON_AND_ORGANIZATION ( #3204, #5727 ) ;
#5028 = CARTESIAN_POINT ( 'NONE',  ( 42.25582227685520564, 10.00000000000000000, 23.96781524986312206 ) ) ;
#5029 = LOCAL_TIME ( 11, 7, 39.00000000000000000, #4542 ) ;
#5030 = CARTESIAN_POINT ( 'NONE',  ( -25.98076211353329867, 1.500000000000000000, 21.52499999999976410 ) ) ;
#5031 = ADVANCED_FACE ( 'NONE', ( #749 ), #1264, .F. ) ;
#5032 = DIRECTION ( 'NONE',  ( 0.000000000000000000, 1.000000000000000000, -0.000000000000000000 ) ) ;
#5033 = ORIENTED_EDGE ( 'NONE', *, *, #4016, .T. ) ;
#5034 = CARTESIAN_POINT ( 'NONE',  ( 30.40816549910367783, 2.758210326803123280E-13, -38.41069024788193786 ) ) ;
#5035 = CARTESIAN_POINT ( 'NONE',  ( -23.64884737556966599, 2.758210326803123280E-13, -40.61141378234051302 ) ) ;
#5036 = ORIENTED_EDGE ( 'NONE', *, *, #3040, .F. ) ;
#5037 = CARTESIAN_POINT ( 'NONE',  ( 6.390356373323012207, 0.000000000000000000, 48.13437006774628202 ) ) ;
#5038 = CARTESIAN_POINT ( 'NONE',  ( 9.345597098353533028, 0.000000000000000000, -46.42551185417018900 ) ) ;
#5039 = DIRECTION ( 'NONE',  ( 0.000000000000000000, 0.000000000000000000, 1.000000000000000000 ) ) ;
#5040 = CARTESIAN_POINT ( 'NONE',  ( -48.01139924996167707, 2.758210326803123280E-13, -7.938984896928598545 ) ) ;
#5041 = CARTESIAN_POINT ( 'NONE',  ( 46.73312850818038555, 10.00000000000000000, -11.52153102619965352 ) ) ;
#5042 = CARTESIAN_POINT ( 'NONE',  ( -22.68260106858051017, 10.00000000000000000, 41.57123939433080295 ) ) ;
#5043 = DIRECTION ( 'NONE',  ( 0.000000000000000000, 1.000000000000000000, -0.000000000000000000 ) ) ;
#5044 = CARTESIAN_POINT ( 'NONE',  ( -37.64950513529894494, 10.00000000000000000, -28.42368189213929597 ) ) ;
#5045 = CARTESIAN_POINT ( 'NONE',  ( -8.666594791079395677, 10.00000000000000000, -48.23159475873613644 ) ) ;
#5046 = CARTESIAN_POINT ( 'NONE',  ( -37.93823880491556366, 10.00000000000000000, -30.81290142243961583 ) ) ;
#5047 = CARTESIAN_POINT ( 'NONE',  ( 12.27621833645988048, 0.5000000000000340838, 34.50740186172187407 ) ) ;
#5048 = CARTESIAN_POINT ( 'NONE',  ( -6.488374333700841490, 3.105155021998484699E-13, 47.25539575096761524 ) ) ;
#5049 = CARTESIAN_POINT ( 'NONE',  ( -45.16415474063715862, 3.105155021998484699E-13, 14.94574159231500587 ) ) ;
#5050 = CARTESIAN_POINT ( 'NONE',  ( -8.666594791426808442, 10.00000000000000000, 48.23159475834217602 ) ) ;
#5051 = CARTESIAN_POINT ( 'NONE',  ( 6.390356373669691337, 10.00000000000000000, -48.13437006803174967 ) ) ;
#5052 = CARTESIAN_POINT ( 'NONE',  ( 10.96263895604709937, 2.758210326803123280E-13, -47.59147069035797273 ) ) ;
#5053 = DIRECTION ( 'NONE',  ( -3.964541573183182870E-16, -1.000000000000000000, 1.158175138636003392E-15 ) ) ;
#5054 = CARTESIAN_POINT ( 'NONE',  ( -43.87735155583479951, 10.00000000000000000, 20.91222684283142996 ) ) ;
#5055 = AXIS2_PLACEMENT_3D ( 'NONE', #3253, #2694, #4949 ) ;
#5056 = CARTESIAN_POINT ( 'NONE',  ( 17.94978839377248647, 3.105155021998484699E-13, 45.56177932268646913 ) ) ;
#5057 = CARTESIAN_POINT ( 'NONE',  ( 9.499999999999793943, 5.000000000000000000, 15.55448267190445577 ) ) ;
#5058 = EDGE_CURVE ( 'NONE', #2141, #377, #2276, .T. ) ;
#5059 = EDGE_CURVE ( 'NONE', #6054, #6826, #6398, .T. ) ;
#5060 = CARTESIAN_POINT ( 'NONE',  ( 25.47802476116791581, 10.00000000000000000, 40.00263191534361340 ) ) ;
#5061 = CARTESIAN_POINT ( 'NONE',  ( 43.22333241088182376, 10.00000000000000000, -23.09858425750366351 ) ) ;
#5062 = DIRECTION ( 'NONE',  ( 0.000000000000000000, 0.000000000000000000, 1.000000000000000000 ) ) ;
#5063 = EDGE_LOOP ( 'NONE', ( #6678, #1938 ) ) ;
#5064 = CARTESIAN_POINT ( 'NONE',  ( 38.74052491849111135, 2.758210326803123280E-13, -29.52576027889990584 ) ) ;
#5065 = CARTESIAN_POINT ( 'NONE',  ( -38.03710777270632093, 0.000000000000000000, 30.23782141097618847 ) ) ;
#5066 = CARTESIAN_POINT ( 'NONE',  ( -44.22058171022048612, 0.000000000000000000, -15.90896177375730680 ) ) ;
#5067 = CARTESIAN_POINT ( 'NONE',  ( 43.11834910094705009, 10.00000000000000000, 21.11566684127869564 ) ) ;
#5068 = CARTESIAN_POINT ( 'NONE',  ( 25.98076211353288301, 3.999999999999973355, 15.00000000000047784 ) ) ;
#5069 = FACE_OUTER_BOUND ( 'NONE', #3005, .T. ) ;
#5070 = ORIENTED_EDGE ( 'NONE', *, *, #1614, .T. ) ;
#5071 = CARTESIAN_POINT ( 'NONE',  ( 25.40479977788373134, 2.758210326803123280E-13, -40.37037995091471743 ) ) ;
#5072 = CARTESIAN_POINT ( 'NONE',  ( 16.49437868864007584, 0.000000000000000000, 45.07905301746462357 ) ) ;
#5073 = CARTESIAN_POINT ( 'NONE',  ( 4.238307288771285819, 0.000000000000000000, -48.64906681028863744 ) ) ;
#5074 = CARTESIAN_POINT ( 'NONE',  ( 47.01001761814102053, 3.105155021998484699E-13, 0.2271179980517399055 ) ) ;
#5075 = DIRECTION ( 'NONE',  ( -0.000000000000000000, 1.000000000000000000, -0.000000000000000000 ) ) ;
#5076 = CARTESIAN_POINT ( 'NONE',  ( 45.23049544017899137, 2.758210326803123280E-13, -14.26683525308907008 ) ) ;
#5077 = CARTESIAN_POINT ( 'NONE',  ( -22.50334853433975724, 3.105155021998484699E-13, 42.20200591817334868 ) ) ;
#5078 = DIRECTION ( 'NONE',  ( -0.000000000000000000, 1.000000000000000000, -0.000000000000000000 ) ) ;
#5079 = CARTESIAN_POINT ( 'NONE',  ( -28.17542666203026513, 10.00000000000000000, -38.89176394523000369 ) ) ;
#5080 = CARTESIAN_POINT ( 'NONE',  ( -17.45161947546543146, 2.758210326803123280E-13, -43.61432089167389847 ) ) ;
#5081 = CARTESIAN_POINT ( 'NONE',  ( 44.16854487200028956, 0.000000000000000000, -18.00862112954407834 ) ) ;
#5082 = CARTESIAN_POINT ( 'NONE',  ( -41.68120872562597867, 10.00000000000000000, -21.73595169722976550 ) ) ;
#5083 = CARTESIAN_POINT ( 'NONE',  ( 48.33900278726238753, 2.758210326803123280E-13, -1.878659982060433720 ) ) ;
#5084 = CARTESIAN_POINT ( 'NONE',  ( -3.503852009756390995, 10.00000000000000000, 47.53478937393789039 ) ) ;
#5085 = CARTESIAN_POINT ( 'NONE',  ( -44.94078716856306244, 10.00000000000000000, 19.37988316339407291 ) ) ;
#5086 = CARTESIAN_POINT ( 'NONE',  ( -33.46714325955761637, 10.00000000000000000, 34.93885925296681449 ) ) ;
#5087 = CARTESIAN_POINT ( 'NONE',  ( 9.638685458078610324, 10.00000000000000000, -46.58617613187983153 ) ) ;
#5088 = CARTESIAN_POINT ( 'NONE',  ( 13.80912449933339126, 2.758210326803123280E-13, -45.08558219001507439 ) ) ;
#5089 = DIRECTION ( 'NONE',  ( -0.000000000000000000, -1.000000000000000000, 0.000000000000000000 ) ) ;
#5090 = CARTESIAN_POINT ( 'NONE',  ( -37.64950513550373756, 10.00000000000000000, 28.42368189153648572 ) ) ;
#5091 = CARTESIAN_POINT ( 'NONE',  ( 20.13559923306334554, 3.105155021998484699E-13, 42.53991421653525151 ) ) ;
#5092 = CARTESIAN_POINT ( 'NONE',  ( 47.34304772420826879, 0.000000000000000000, -1.151695648883964029 ) ) ;
#5093 = CARTESIAN_POINT ( 'NONE',  ( 37.96953194799060327, 10.00000000000000000, 29.51514361698095712 ) ) ;
#5094 = CARTESIAN_POINT ( 'NONE',  ( 44.16854487200028956, 10.00000000000000000, -18.00862112954407834 ) ) ;
#5095 = CIRCLE ( 'NONE', #1898, 6.524999999999999467 ) ;
#5096 = DIRECTION ( 'NONE',  ( 0.000000000000000000, 0.000000000000000000, 1.000000000000000000 ) ) ;
#5097 = VERTEX_POINT ( 'NONE', #103 ) ;
#5098 = CARTESIAN_POINT ( 'NONE',  ( 37.32867823460211554, 10.00000000000000000, -29.49145376580781530 ) ) ;
#5099 = CARTESIAN_POINT ( 'NONE',  ( -41.30425800373770784, 0.000000000000000000, 23.47811729565954764 ) ) ;
#5100 = CARTESIAN_POINT ( 'NONE',  ( -44.04032416192935528, 0.000000000000000000, -16.58051099783835980 ) ) ;
#5101 = CARTESIAN_POINT ( 'NONE',  ( 39.55886165367351737, 10.00000000000000000, 25.66122345097295465 ) ) ;
#5102 = AXIS2_PLACEMENT_3D ( 'NONE', #1904, #220, #5304 ) ;
#5103 = CARTESIAN_POINT ( 'NONE',  ( -37.75959108563729671, 3.105155021998484699E-13, 29.51705101376870743 ) ) ;
#5104 = DIRECTION ( 'NONE',  ( 0.000000000000000000, 0.000000000000000000, 1.000000000000000000 ) ) ;
#5105 = DIRECTION ( 'NONE',  ( 0.000000000000000000, 1.000000000000000000, 0.000000000000000000 ) ) ;
#5106 = EDGE_LOOP ( 'NONE', ( #1768, #802, #255, #3222 ) ) ;
#5107 = CARTESIAN_POINT ( 'NONE',  ( 25.46978455773414041, 2.758210326803123280E-13, -41.15945164482073437 ) ) ;
#5108 = AXIS2_PLACEMENT_3D ( 'NONE', #2757, #1206, #1168 ) ;
#5109 = CARTESIAN_POINT ( 'NONE',  ( -8.970409855364202656, 0.000000000000000000, 48.13220495013607803 ) ) ;
#5110 = CARTESIAN_POINT ( 'NONE',  ( -1.739070291964700310, 0.000000000000000000, -48.97997532753041128 ) ) ;
#5111 = CARTESIAN_POINT ( 'NONE',  ( 47.93372876040215402, 3.105155021998484699E-13, 4.899042732818436718 ) ) ;
#5112 = CARTESIAN_POINT ( 'NONE',  ( -47.66417753837199456, 10.00000000000000000, -1.815838320880827972 ) ) ;
#5113 = CARTESIAN_POINT ( 'NONE',  ( 45.57783576002800885, 2.758210326803123280E-13, -14.82240055638778742 ) ) ;
#5114 = CARTESIAN_POINT ( 'NONE',  ( -28.12498365876572137, 10.00000000000000000, 39.81159203391364088 ) ) ;
#5115 = CIRCLE ( 'NONE', #5805, 7.524999999999989697 ) ;
#5116 = FACE_BOUND ( 'NONE', #2459, .T. ) ;
#5117 = CARTESIAN_POINT ( 'NONE',  ( -44.87847118973455451, 10.00000000000000000, -15.11923143123286195 ) ) ;
#5118 = CARTESIAN_POINT ( 'NONE',  ( 38.49040888268347516, 0.000000000000000000, 29.60139600624777501 ) ) ;
#5119 = CARTESIAN_POINT ( 'NONE',  ( 39.55886165385840769, 0.000000000000000000, -25.66122345101966573 ) ) ;
#5120 = CARTESIAN_POINT ( 'NONE',  ( -41.88464801797805848, 2.758210326803123280E-13, -24.61070792502201954 ) ) ;
#5121 = CARTESIAN_POINT ( 'NONE',  ( -2.088408008910457081, 3.105155021998484699E-13, 48.93732214155459559 ) ) ;
#5122 = CARTESIAN_POINT ( 'NONE',  ( -44.96480565709349975, 10.00000000000000000, 19.06027129876470028 ) ) ;
#5123 = CARTESIAN_POINT ( 'NONE',  ( -28.20955984050420540, 10.00000000000000000, 39.06230543836561253 ) ) ;
#5124 = EDGE_CURVE ( 'NONE', #2821, #785, #280, .T. ) ;
#5125 = CARTESIAN_POINT ( 'NONE',  ( 9.888361412254010219, 10.00000000000000000, -46.79348573664567112 ) ) ;
#5126 = CARTESIAN_POINT ( 'NONE',  ( 3.571006709263596424, 2.758210326803123280E-13, -48.22521266046520338 ) ) ;
#5127 = DIRECTION ( 'NONE',  ( 0.000000000000000000, 1.000000000000000000, -0.000000000000000000 ) ) ;
#5128 = CARTESIAN_POINT ( 'NONE',  ( 19.51888808935384745, 10.00000000000000000, 43.61227867120651780 ) ) ;
#5129 = CARTESIAN_POINT ( 'NONE',  ( 14.16787126553803056, 10.00000000000000000, 44.82238695537763817 ) ) ;
#5130 = CARTESIAN_POINT ( 'NONE',  ( 47.98392197676413673, 10.00000000000000000, -9.878303804674477107 ) ) ;
#5131 = CARTESIAN_POINT ( 'NONE',  ( 9.500000000000133227, 0.000000000000000000, -16.45448267190425895 ) ) ;
#5132 = ORIENTED_EDGE ( 'NONE', *, *, #2205, .F. ) ;
#5133 = CARTESIAN_POINT ( 'NONE',  ( 39.74564810804976389, 10.00000000000000000, -26.84209189636689530 ) ) ;
#5134 = CARTESIAN_POINT ( 'NONE',  ( -40.11221095421424820, 0.000000000000000000, 26.86667732586117552 ) ) ;
#5135 = CARTESIAN_POINT ( 'NONE',  ( -38.39712721984329136, 0.000000000000000000, -27.21667281853842013 ) ) ;
#5136 = AXIS2_PLACEMENT_3D ( 'NONE', #3215, #4286, #4244 ) ;
#5137 = CARTESIAN_POINT ( 'NONE',  ( 39.25387599954630247, 3.105155021998484699E-13, 29.22991207900612309 ) ) ;
#5138 = CARTESIAN_POINT ( 'NONE',  ( 47.93659817301845294, 10.00000000000000000, 9.236994885851581572 ) ) ;
#5139 = DIRECTION ( 'NONE',  ( 0.000000000000000000, 1.000000000000000000, -0.000000000000000000 ) ) ;
#5140 = EDGE_LOOP ( 'NONE', ( #2675, #2536, #1183, #4187 ) ) ;
#5141 = CARTESIAN_POINT ( 'NONE',  ( 26.49275082305607398, 2.758210326803123280E-13, -38.79792018052347657 ) ) ;
#5142 = CARTESIAN_POINT ( 'NONE',  ( 0.9696227742758785073, 0.000000000000000000, 47.09635402392218850 ) ) ;
#5143 = CARTESIAN_POINT ( 'NONE',  ( -6.682706863688351540, 0.000000000000000000, -47.45928886766319010 ) ) ;
#5144 = APPROVAL_PERSON_ORGANIZATION ( #381, #457, #1507 ) ;
#5145 = CARTESIAN_POINT ( 'NONE',  ( 47.55216876275510884, 3.105155021998484699E-13, 1.397484914398166245 ) ) ;
#5146 = CARTESIAN_POINT ( 'NONE',  ( -48.13644352860126929, 2.758210326803123280E-13, -1.545359652178477150 ) ) ;
#5147 = CARTESIAN_POINT ( 'NONE',  ( -24.66044883969632906, 10.00000000000000000, 40.42932844348886334 ) ) ;
#5148 = FACE_BOUND ( 'NONE', #6941, .T. ) ;
#5149 = CARTESIAN_POINT ( 'NONE',  ( -47.42108593941478745, 0.000000000000000000, 4.803653317280635271 ) ) ;
#5150 = CC_DESIGN_PERSON_AND_ORGANIZATION_ASSIGNMENT ( #6161, #3361, ( #3961 ) ) ;
#5151 = EDGE_CURVE ( 'NONE', #3875, #2008, #2439, .T. ) ;
#5152 = CARTESIAN_POINT ( 'NONE',  ( -44.07800586995018932, 10.00000000000000000, -20.79623943199088387 ) ) ;
#5153 = CARTESIAN_POINT ( 'NONE',  ( -16.75100435947566169, 2.758210326803123280E-13, -44.21375863612132662 ) ) ;
#5154 = EDGE_LOOP ( 'NONE', ( #2216, #3743, #20, #3113 ) ) ;
#5155 = CARTESIAN_POINT ( 'NONE',  ( 35.39194185210557464, 0.000000000000000000, 33.89496606794419620 ) ) ;
#5156 = CARTESIAN_POINT ( 'NONE',  ( 35.82279732335787514, 0.000000000000000000, -32.51019160154715593 ) ) ;
#5157 = CARTESIAN_POINT ( 'NONE',  ( -41.25207003511705750, 2.758210326803123280E-13, -23.10236606041880592 ) ) ;
#5158 = CARTESIAN_POINT ( 'NONE',  ( -3.179053583939763783, 3.105155021998484699E-13, 48.27698387033478866 ) ) ;
#5159 = CARTESIAN_POINT ( 'NONE',  ( -44.51039127677249496, 10.00000000000000000, 20.38323919275816820 ) ) ;
#5160 = CARTESIAN_POINT ( 'NONE',  ( -23.34609233058675315, 10.00000000000000000, 40.78620948628923770 ) ) ;
#5161 = CARTESIAN_POINT ( 'NONE',  ( 0.4501098788289824570, 10.00000000000000000, -47.40705556680029531 ) ) ;
#5162 = CARTESIAN_POINT ( 'NONE',  ( 42.75452417877918521, 0.000000000000000000, 20.00995187189532842 ) ) ;
#5163 = EDGE_CURVE ( 'NONE', #7051, #1955, #6973, .T. ) ;
#5164 = CARTESIAN_POINT ( 'NONE',  ( -43.11875750468413315, 10.00000000000000000, 20.99969512112969028 ) ) ;
#5165 = CARTESIAN_POINT ( 'NONE',  ( 21.45409433927195764, 10.00000000000000000, 42.01324511743797530 ) ) ;
#5166 = CARTESIAN_POINT ( 'NONE',  ( 20.47677587887367068, 10.00000000000000000, 42.28341895293079489 ) ) ;
#5167 = CARTESIAN_POINT ( 'NONE',  ( 40.03198010932737105, 10.00000000000000000, -27.35000873463071613 ) ) ;
#5168 = DIRECTION ( 'NONE',  ( 0.000000000000000000, 0.000000000000000000, 1.000000000000000000 ) ) ;
#5169 = ORIENTED_EDGE ( 'NONE', *, *, #6037, .F. ) ;
#5170 = CARTESIAN_POINT ( 'NONE',  ( 39.83533076715598042, 10.00000000000000000, -27.01599365183455603 ) ) ;
#5171 = CARTESIAN_POINT ( 'NONE',  ( -41.40346119663684021, 0.000000000000000000, -22.19282339133211224 ) ) ;
#5172 = CARTESIAN_POINT ( 'NONE',  ( 39.74564810785650337, 10.00000000000000000, 26.84209189632152359 ) ) ;
#5173 = APPROVAL_DATE_TIME ( #6235, #899 ) ;
#5174 = CARTESIAN_POINT ( 'NONE',  ( 45.41078572896707755, 10.00000000000000000, 14.59561470424712937 ) ) ;
#5175 = DIRECTION ( 'NONE',  ( 0.2868677519576806056, 1.035495069920062815E-15, 0.9579701941536314935 ) ) ;
#5176 = ORIENTED_EDGE ( 'NONE', *, *, #3201, .F. ) ;
#5177 = CARTESIAN_POINT ( 'NONE',  ( 30.86910644795256786, 2.758210326803123280E-13, -35.79831709886952495 ) ) ;
#5178 = CARTESIAN_POINT ( 'NONE',  ( -3.179053583939763783, 0.000000000000000000, 48.27698387033478866 ) ) ;
#5179 = CARTESIAN_POINT ( 'NONE',  ( -9.256225765493898194, 0.000000000000000000, -47.99028174820654158 ) ) ;
#5180 = CARTESIAN_POINT ( 'NONE',  ( 47.76896890538773022, 10.00000000000000000, 4.954753279271195687 ) ) ;
#5181 = CARTESIAN_POINT ( 'NONE',  ( -47.66417753837199456, 2.758210326803123280E-13, -1.815838320880827972 ) ) ;
#5182 = CARTESIAN_POINT ( 'NONE',  ( -33.39357040528364706, 3.105155021998484699E-13, 35.52784148734748015 ) ) ;
#5183 = DIRECTION ( 'NONE',  ( -0.9579701941536316046, 7.120343644530292481E-16, 0.2868677519576807167 ) ) ;
#5184 = CARTESIAN_POINT ( 'NONE',  ( -46.92501412296926588, 0.000000000000000000, 3.914778265781361011 ) ) ;
#5185 = CARTESIAN_POINT ( 'NONE',  ( -40.11221095402077452, 10.00000000000000000, -26.86667732648169604 ) ) ;
#5186 = CARTESIAN_POINT ( 'NONE',  ( -14.60332226204491057, 2.758210326803123280E-13, -46.71512741829710791 ) ) ;
#5187 = CARTESIAN_POINT ( 'NONE',  ( 35.66008209012070296, 0.000000000000000000, -32.26743866810095795 ) ) ;
#5188 = CARTESIAN_POINT ( 'NONE',  ( -40.96071364664462067, 2.758210326803123280E-13, -26.61260217059113131 ) ) ;
#5189 = CARTESIAN_POINT ( 'NONE',  ( -5.782359242915688036, 10.00000000000000000, 46.81295823605800166 ) ) ;
#5190 = CARTESIAN_POINT ( 'NONE',  ( -45.99848029532082450, 3.105155021998484699E-13, 10.75378807403149573 ) ) ;
#5191 = APPLICATION_CONTEXT ( 'configuration controlled 3d designs of mechanical parts and assemblies' ) ;
#5192 = CARTESIAN_POINT ( 'NONE',  ( -30.56645755495390659, 10.00000000000000000, 36.64244819143367238 ) ) ;
#5193 = CARTESIAN_POINT ( 'NONE',  ( 2.602921011920423133, 10.00000000000000000, -47.16706221830376933 ) ) ;
#5194 = CARTESIAN_POINT ( 'NONE',  ( 4.988701143089761203, 2.758210326803123280E-13, -48.75212984024881280 ) ) ;
#5195 = CARTESIAN_POINT ( 'NONE',  ( 45.76231138099888085, 0.000000000000000000, 15.01062630787940577 ) ) ;
#5196 = CARTESIAN_POINT ( 'NONE',  ( -46.92501412296926588, 10.00000000000000000, 3.914778265781361011 ) ) ;
#5197 = CARTESIAN_POINT ( 'NONE',  ( 19.09554366350469579, 10.00000000000000000, 44.95965823774544390 ) ) ;
#5198 = CARTESIAN_POINT ( 'NONE',  ( 48.11266214968548383, 0.000000000000000000, -4.857465167278205875 ) ) ;
#5199 = CARTESIAN_POINT ( 'NONE',  ( 25.46978455743765579, 10.00000000000000000, 41.15945164467253647 ) ) ;
#5200 = CARTESIAN_POINT ( 'NONE',  ( 39.74564810804976389, 10.00000000000000000, -26.84209189636689530 ) ) ;
#5201 = LINE ( 'NONE', #156, #3560 ) ;
#5202 = ORIENTED_EDGE ( 'NONE', *, *, #149, .F. ) ;
#5203 = AXIS2_PLACEMENT_3D ( 'NONE', #924, #2695, #1001 ) ;
#5204 = CARTESIAN_POINT ( 'NONE',  ( -42.73316591939344278, 0.000000000000000000, -21.06864559344165144 ) ) ;
#5205 = CARTESIAN_POINT ( 'NONE',  ( -33.46261586827019130, 10.00000000000000000, -35.22616371442756389 ) ) ;
#5206 = CARTESIAN_POINT ( 'NONE',  ( 39.95867164664360160, 10.00000000000000000, 27.17191083032802368 ) ) ;
#5207 = CARTESIAN_POINT ( 'NONE',  ( -35.34556598235437974, 3.105155021998484699E-13, 32.02908669473996639 ) ) ;
#5208 = CARTESIAN_POINT ( 'NONE',  ( 47.98392197669301140, 10.00000000000000000, 9.878303804688435719 ) ) ;
#5209 = CARTESIAN_POINT ( 'NONE',  ( -19.00000000000000000, 0.000000000000000000, -0.9000000000003287592 ) ) ;
#5210 = CARTESIAN_POINT ( 'NONE',  ( 19.59474247412047632, 10.00000000000000000, -43.33409176341326230 ) ) ;
#5211 = CARTESIAN_POINT ( 'NONE',  ( 42.86506084908662473, 2.758210326803123280E-13, -20.60058251564622722 ) ) ;
#5212 = CARTESIAN_POINT ( 'NONE',  ( -1.395924204097653165, 0.000000000000000000, 48.97028130933051671 ) ) ;
#5213 = CIRCLE ( 'NONE', #2612, 7.525000000000018119 ) ;
#5214 = CARTESIAN_POINT ( 'NONE',  ( 3.049674978476205833, 0.000000000000000000, -47.47408321639377959 ) ) ;
#5215 = CARTESIAN_POINT ( 'NONE',  ( 46.81736925802925953, 10.00000000000000000, 7.894077009628501784 ) ) ;
#5216 = CARTESIAN_POINT ( 'NONE',  ( -47.06317427212636773, 10.00000000000000000, -4.281247491575454589 ) ) ;
#5217 = LINE ( 'NONE', #4628, #976 ) ;
#5218 = CARTESIAN_POINT ( 'NONE',  ( 20.73457533539865949, 0.000000000000000000, 29.26295592348078856 ) ) ;
#5219 = VERTEX_POINT ( 'NONE', #6906 ) ;
#5220 = CIRCLE ( 'NONE', #6276, 6.524999999999995914 ) ;
#5221 = CARTESIAN_POINT ( 'NONE',  ( -41.85341921498019246, 10.00000000000000000, -25.27002905205536010 ) ) ;
#5222 = ORIENTED_EDGE ( 'NONE', *, *, #2843, .T. ) ;
#5223 = CARTESIAN_POINT ( 'NONE',  ( 37.96953194799060327, 0.000000000000000000, 29.51514361698095712 ) ) ;
#5224 = CARTESIAN_POINT ( 'NONE',  ( 37.00088651728266598, 0.000000000000000000, -29.55677135513501952 ) ) ;
#5225 = AXIS2_PLACEMENT_3D ( 'NONE', #1669, #68, #2895 ) ;
#5226 = CARTESIAN_POINT ( 'NONE',  ( -41.75264547491183720, 10.00000000000000000, -25.58881073470873346 ) ) ;
#5227 = CARTESIAN_POINT ( 'NONE',  ( -7.715636491310879919, 3.105155021998484699E-13, 48.26192936873041361 ) ) ;
#5228 = CARTESIAN_POINT ( 'NONE',  ( -47.24140356186041600, 10.00000000000000000, 8.287389338648132764 ) ) ;
#5229 = CARTESIAN_POINT ( 'NONE',  ( -11.49313742289316309, 10.00000000000000000, -45.55319594661180105 ) ) ;
#5230 = CARTESIAN_POINT ( 'NONE',  ( 4.238307288771285819, 2.758210326803123280E-13, -48.64906681028863744 ) ) ;
#5231 = CARTESIAN_POINT ( 'NONE',  ( 43.03688288602829459, 0.000000000000000000, 23.36444628936250112 ) ) ;
#5232 = CARTESIAN_POINT ( 'NONE',  ( -48.41781468099730290, 10.00000000000000000, 5.750934167021956256 ) ) ;
#5233 = CARTESIAN_POINT ( 'NONE',  ( 9.888361411916978483, 10.00000000000000000, 46.79348573638527853 ) ) ;
#5234 = CARTESIAN_POINT ( 'NONE',  ( 21.45409433927195764, 10.00000000000000000, 42.01324511743797530 ) ) ;
#5235 = CARTESIAN_POINT ( 'NONE',  ( 31.92845245695830059, 10.00000000000000000, -34.58747117259623138 ) ) ;
#5236 = CC_DESIGN_PERSON_AND_ORGANIZATION_ASSIGNMENT ( #953, #6527, ( #2749 ) ) ;
#5237 = EDGE_CURVE ( 'NONE', #7051, #3505, #5576, .T. ) ;
#5238 = CYLINDRICAL_SURFACE ( 'NONE', #6029, 0.9000000000000030198 ) ;
#5239 = ORIENTED_EDGE ( 'NONE', *, *, #5991, .F. ) ;
#5240 = CARTESIAN_POINT ( 'NONE',  ( -47.14519657993881907, 0.000000000000000000, -13.37863006744421668 ) ) ;
#5241 = CARTESIAN_POINT ( 'NONE',  ( 32.31229380692504805, 10.00000000000000000, 34.45895843396883862 ) ) ;
#5242 = VECTOR ( 'NONE', #3125, 1000.000000000000000 ) ;
#5243 = CARTESIAN_POINT ( 'NONE',  ( -37.93823880513752300, 3.105155021998484699E-13, 30.81290142183474501 ) ) ;
#5244 = CARTESIAN_POINT ( 'NONE',  ( 48.54034189597091142, 10.00000000000000000, 4.451154402077203365 ) ) ;
#5245 = DIRECTION ( 'NONE',  ( 0.000000000000000000, 1.000000000000000000, -0.000000000000000000 ) ) ;
#5246 = CARTESIAN_POINT ( 'NONE',  ( 24.89161173604185961, 2.758210326803123280E-13, -42.16141674386349081 ) ) ;
#5247 = CARTESIAN_POINT ( 'NONE',  ( 3.313832755917772488, 0.000000000000000000, 47.76238363015728794 ) ) ;
#5248 = CARTESIAN_POINT ( 'NONE',  ( -24.99081225330401068, 0.000000000000000000, -40.48006136511772723 ) ) ;
#5249 = CARTESIAN_POINT ( 'NONE',  ( 47.46122657533407363, 10.00000000000000000, 5.116862069185624584 ) ) ;
#5250 = ADVANCED_FACE ( 'NONE', ( #5732 ), #384, .F. ) ;
#5251 = DIRECTION ( 'NONE',  ( 0.000000000000000000, 0.000000000000000000, 1.000000000000000000 ) ) ;
#5252 = CARTESIAN_POINT ( 'NONE',  ( -25.98076211353329867, 1.500000000000000000, 14.99999999999976374 ) ) ;
#5253 = CARTESIAN_POINT ( 'NONE',  ( -9.500000000000248690, 5.000000000000000000, 17.35448267190418647 ) ) ;
#5254 = ORIENTED_EDGE ( 'NONE', *, *, #1538, .T. ) ;
#5255 = CARTESIAN_POINT ( 'NONE',  ( -41.30425800356859867, 10.00000000000000000, -23.47811729628864441 ) ) ;
#5256 = CARTESIAN_POINT ( 'NONE',  ( -20.53663542222595595, 10.00000000000000000, -44.26616660397868941 ) ) ;
#5257 = EDGE_LOOP ( 'NONE', ( #2914, #2087 ) ) ;
#5258 = CARTESIAN_POINT ( 'NONE',  ( 35.71349888593488942, 0.000000000000000000, -30.64326182212636240 ) ) ;
#5259 = CARTESIAN_POINT ( 'NONE',  ( -44.20468725702678370, 10.00000000000000000, -17.58185684130311799 ) ) ;
#5260 = CARTESIAN_POINT ( 'NONE',  ( -10.06524238237297553, 3.105155021998484699E-13, 46.62468967039735190 ) ) ;
#5261 = CARTESIAN_POINT ( 'NONE',  ( -46.88379344560703288, 10.00000000000000000, 14.04151760477095934 ) ) ;
#5262 = AXIS2_PLACEMENT_3D ( 'NONE', #2024, #1509, #3763 ) ;
#5263 = CARTESIAN_POINT ( 'NONE',  ( -0.7726084938741105690, 10.00000000000000000, -48.81229980319636041 ) ) ;
#5264 = CARTESIAN_POINT ( 'NONE',  ( 45.99391006620061972, 0.000000000000000000, 16.91025827844341833 ) ) ;
#5265 = CARTESIAN_POINT ( 'NONE',  ( -41.61562696393023941, 0.000000000000000000, 25.88321177492099423 ) ) ;
#5266 = CARTESIAN_POINT ( 'NONE',  ( -46.34903428460037134, 10.00000000000000000, 11.42441798739537973 ) ) ;
#5267 = CARTESIAN_POINT ( 'NONE',  ( 10.69817096318923255, 3.105155021998484699E-13, 47.51997400064495025 ) ) ;
#5268 = CARTESIAN_POINT ( 'NONE',  ( 12.97528474921303854, 10.00000000000000000, 46.84212630530167587 ) ) ;
#5269 = CARTESIAN_POINT ( 'NONE',  ( 36.37930582233019550, 10.00000000000000000, -29.84978400709643864 ) ) ;
#5270 = DIRECTION ( 'NONE',  ( 0.000000000000000000, 1.000000000000000000, -0.000000000000000000 ) ) ;
#5271 = ORIENTED_EDGE ( 'NONE', *, *, #6954, .F. ) ;
#5272 = CARTESIAN_POINT ( 'NONE',  ( -45.91785491649247319, 0.000000000000000000, -10.35711534514599919 ) ) ;
#5273 = CARTESIAN_POINT ( 'NONE',  ( -32.26514457273891168, 10.00000000000000000, -36.77313813162741951 ) ) ;
#5274 = CARTESIAN_POINT ( 'NONE',  ( 31.26049057972285539, 3.105155021998484699E-13, 35.08948155852296935 ) ) ;
#5275 = EDGE_CURVE ( 'NONE', #1623, #59, #6283, .T. ) ;
#5276 = CARTESIAN_POINT ( 'NONE',  ( -38.08528399302004175, 10.00000000000000000, 27.50812628876267851 ) ) ;
#5277 = CARTESIAN_POINT ( 'NONE',  ( 47.23806058846963651, 10.00000000000000000, 11.36639356205567708 ) ) ;
#5278 = DIRECTION ( 'NONE',  ( 0.000000000000000000, 0.000000000000000000, 1.000000000000000000 ) ) ;
#5279 = CARTESIAN_POINT ( 'NONE',  ( 19.59474247412047632, 2.758210326803123280E-13, -43.33409176341326230 ) ) ;
#5280 = CARTESIAN_POINT ( 'NONE',  ( -23.97613782537861127, 0.000000000000000000, 40.49207715328372359 ) ) ;
#5281 = CARTESIAN_POINT ( 'NONE',  ( -11.91936587392812719, 0.000000000000000000, -45.53037859734133974 ) ) ;
#5282 = CARTESIAN_POINT ( 'NONE',  ( 46.18891600156401012, 3.105155021998484699E-13, 15.97901472148928192 ) ) ;
#5283 = DIRECTION ( 'NONE',  ( 0.000000000000000000, 1.000000000000000000, -0.000000000000000000 ) ) ;
#5284 = VECTOR ( 'NONE', #3196, 1000.000000000000000 ) ;
#5285 = PLANE ( 'NONE',  #5458 ) ;
#5286 = CARTESIAN_POINT ( 'NONE',  ( -49.00000000000115108, 0.000000000000000000, 0.07038305175572863448 ) ) ;
#5287 = VERTEX_POINT ( 'NONE', #5470 ) ;
#5288 = CARTESIAN_POINT ( 'NONE',  ( -46.98971807196924999, 10.00000000000000000, -12.04115489140017559 ) ) ;
#5289 = CARTESIAN_POINT ( 'NONE',  ( -18.74850481301510996, 2.758210326803123280E-13, -43.46023206326197652 ) ) ;
#5290 = ORIENTED_EDGE ( 'NONE', *, *, #5687, .T. ) ;
#5291 = CARTESIAN_POINT ( 'NONE',  ( 35.52546921083849440, 0.000000000000000000, 31.64043456666574983 ) ) ;
#5292 = CARTESIAN_POINT ( 'NONE',  ( 30.88096018754439598, 0.000000000000000000, -37.03306580132603187 ) ) ;
#5293 = CARTESIAN_POINT ( 'NONE',  ( -44.54563008437063587, 10.00000000000000000, -18.12500773705440693 ) ) ;
#5294 = CARTESIAN_POINT ( 'NONE',  ( -10.25976536043989462, 3.105155021998484699E-13, 46.30419688370048448 ) ) ;
#5295 = CARTESIAN_POINT ( 'NONE',  ( -46.58277300975366586, 10.00000000000000000, 11.68200449670956864 ) ) ;
#5296 = CARTESIAN_POINT ( 'NONE',  ( -19.36711515934238648, 10.00000000000000000, -43.69752291426866719 ) ) ;
#5297 = CARTESIAN_POINT ( 'NONE',  ( 0.6770610334620938975, 10.00000000000000000, -47.24381324527194437 ) ) ;
#5298 = CARTESIAN_POINT ( 'NONE',  ( 45.41078572896707755, 0.000000000000000000, 14.59561470424712937 ) ) ;
#5299 = CARTESIAN_POINT ( 'NONE',  ( -41.25207003528343108, 0.000000000000000000, 23.10236605979004310 ) ) ;
#5300 = CARTESIAN_POINT ( 'NONE',  ( -46.29342709037943138, 10.00000000000000000, 14.65171814620006963 ) ) ;
#5301 = CARTESIAN_POINT ( 'NONE',  ( 12.85569815094614299, 10.00000000000000000, 46.98456258033566968 ) ) ;
#5302 = CARTESIAN_POINT ( 'NONE',  ( 6.712294464892390344, 10.00000000000000000, 47.35351200882237777 ) ) ;
#5303 = CARTESIAN_POINT ( 'NONE',  ( 35.71349888593488942, 10.00000000000000000, -30.64326182212636240 ) ) ;
#5304 = DIRECTION ( 'NONE',  ( 0.000000000000000000, 0.000000000000000000, 1.000000000000000000 ) ) ;
#5305 = EDGE_LOOP ( 'NONE', ( #3657, #2586, #4325, #2426 ) ) ;
#5306 = CARTESIAN_POINT ( 'NONE',  ( -28.78612952734238206, 10.00000000000000000, -37.13504542281209098 ) ) ;
#5307 = CARTESIAN_POINT ( 'NONE',  ( 35.39194185210557464, 3.105155021998484699E-13, 33.89496606794419620 ) ) ;
#5308 = CARTESIAN_POINT ( 'NONE',  ( -41.76916595840862101, 3.105155021998484699E-13, 24.30200957677488205 ) ) ;
#5309 = CARTESIAN_POINT ( 'NONE',  ( -31.67578445180074809, 10.00000000000000000, 36.94274784031462389 ) ) ;
#5310 = CARTESIAN_POINT ( 'NONE',  ( 39.61256526104482134, 10.00000000000000000, 26.47368447858744389 ) ) ;
#5311 = FACE_OUTER_BOUND ( 'NONE', #191, .T. ) ;
#5312 = AXIS2_PLACEMENT_3D ( 'NONE', #6011, #3181, #4398 ) ;
#5313 = CARTESIAN_POINT ( 'NONE',  ( 22.25934983035124048, 2.758210326803123280E-13, -42.18639752616959981 ) ) ;
#5314 = CARTESIAN_POINT ( 'NONE',  ( -25.29633491910676923, 0.000000000000000000, 40.58947445109057384 ) ) ;
#5315 = CARTESIAN_POINT ( 'NONE',  ( -19.19283995485551131, 0.000000000000000000, -43.60786845195406869 ) ) ;
#5316 = CARTESIAN_POINT ( 'NONE',  ( 47.98392197669301140, 3.105155021998484699E-13, 9.878303804688435719 ) ) ;
#5317 = AXIS2_PLACEMENT_3D ( 'NONE', #1147, #5032, #4505 ) ;
#5318 = DIRECTION ( 'NONE',  ( 0.000000000000000000, 0.000000000000000000, 1.000000000000000000 ) ) ;
#5319 = LINE ( 'NONE', #5357, #4991 ) ;
#5320 = FACE_BOUND ( 'NONE', #5257, .T. ) ;
#5321 = VERTEX_POINT ( 'NONE', #3111 ) ;
#5322 = CARTESIAN_POINT ( 'NONE',  ( -32.81593044812791504, 10.00000000000000000, 36.40297676926140014 ) ) ;
#5323 = CARTESIAN_POINT ( 'NONE',  ( -46.34903428451813312, 10.00000000000000000, -11.42441798806080477 ) ) ;
#5324 = CARTESIAN_POINT ( 'NONE',  ( -19.82035793626815945, 2.758210326803123280E-13, -44.06996243744298880 ) ) ;
#5325 = VERTEX_POINT ( 'NONE', #4802 ) ;
#5326 = CARTESIAN_POINT ( 'NONE',  ( 23.75687818077963342, 0.000000000000000000, 42.71247589132966027 ) ) ;
#5327 = CARTESIAN_POINT ( 'NONE',  ( 29.51932750698621533, 0.000000000000000000, -38.97830972296881669 ) ) ;
#5328 = CARTESIAN_POINT ( 'NONE',  ( -46.29342709027387315, 2.758210326803123280E-13, -14.65171814686508256 ) ) ;
#5329 = CARTESIAN_POINT ( 'NONE',  ( 47.93372876043738273, 10.00000000000000000, -4.899042732804798739 ) ) ;
#5330 = CARTESIAN_POINT ( 'NONE',  ( -11.00264056470364515, 10.00000000000000000, 45.69717597579739987 ) ) ;
#5331 = CIRCLE ( 'NONE', #6740, 16.10000000000001563 ) ;
#5332 = CARTESIAN_POINT ( 'NONE',  ( -46.34903428460037134, 10.00000000000000000, 11.42441798739537973 ) ) ;
#5333 = CARTESIAN_POINT ( 'NONE',  ( -21.96948000142272406, 10.00000000000000000, -43.73324238638085859 ) ) ;
#5334 = CARTESIAN_POINT ( 'NONE',  ( 0.9696227746150907212, 10.00000000000000000, -47.09635402424679995 ) ) ;
#5335 = CIRCLE ( 'NONE', #6976, 2.074999999999998401 ) ;
#5336 = CARTESIAN_POINT ( 'NONE',  ( -44.22058171033506113, 10.00000000000000000, 15.90896177310713711 ) ) ;
#5337 = CARTESIAN_POINT ( 'NONE',  ( 15.58804164092392597, 10.00000000000000000, 44.63704192800481252 ) ) ;
#5338 = EDGE_CURVE ( 'NONE', #2102, #3008, #3144, .T. ) ;
#5339 = VECTOR ( 'NONE', #2151, 1000.000000000000000 ) ;
#5340 = CARTESIAN_POINT ( 'NONE',  ( -2.744104049135769774, 10.00000000000000000, 48.68087826237168514 ) ) ;
#5341 = CARTESIAN_POINT ( 'NONE',  ( 48.41393903336175697, 0.000000000000000000, 4.612104440943443073 ) ) ;
#5342 = CARTESIAN_POINT ( 'NONE',  ( 22.51173650341682730, 10.00000000000000000, -42.31152017039532609 ) ) ;
#5343 = DIRECTION ( 'NONE',  ( 0.000000000000000000, 0.000000000000000000, 1.000000000000000000 ) ) ;
#5344 = ORIENTED_EDGE ( 'NONE', *, *, #1728, .T. ) ;
#5345 = CARTESIAN_POINT ( 'NONE',  ( -46.10143807492499946, 0.000000000000000000, -11.02467881611131162 ) ) ;
#5346 = CARTESIAN_POINT ( 'NONE',  ( -27.90557941530940411, 2.758210326803123280E-13, -40.15990372591959812 ) ) ;
#5347 = CARTESIAN_POINT ( 'NONE',  ( 33.92280546852967404, 10.00000000000000000, 34.67371199702625972 ) ) ;
#5348 = CARTESIAN_POINT ( 'NONE',  ( -41.85341921516216246, 10.00000000000000000, 25.27002905142225941 ) ) ;
#5349 = CARTESIAN_POINT ( 'NONE',  ( -33.34450281336444277, 3.105155021998484699E-13, 34.71131097299122104 ) ) ;
#5350 = CARTESIAN_POINT ( 'NONE',  ( 46.08513344277532298, 10.00000000000000000, 15.40480195492111015 ) ) ;
#5351 = DIRECTION ( 'NONE',  ( 0.000000000000000000, 0.000000000000000000, 1.000000000000000000 ) ) ;
#5352 = CARTESIAN_POINT ( 'NONE',  ( -16.26604374678862186, 0.000000000000000000, 45.77582882882170168 ) ) ;
#5353 = CONICAL_SURFACE ( 'NONE', #2166, 6.524999999999999467, 0.7853981633974431720 ) ;
#5354 = CARTESIAN_POINT ( 'NONE',  ( -20.76633825492323737, 0.000000000000000000, -44.25637570041840974 ) ) ;
#5355 = CARTESIAN_POINT ( 'NONE',  ( 47.97904408501212714, 3.105155021998484699E-13, 9.555865791231024531 ) ) ;
#5356 = CARTESIAN_POINT ( 'NONE',  ( 0.000000000000000000, 0.000000000000000000, 0.000000000000000000 ) ) ;
#5357 = CARTESIAN_POINT ( 'NONE',  ( 18.74678718252987153, -5.868986283848342644, 29.85820650879297489 ) ) ;
#5358 = FACE_BOUND ( 'NONE', #6670, .T. ) ;
#5359 = VERTEX_POINT ( 'NONE', #7153 ) ;
#5360 = CARTESIAN_POINT ( 'NONE',  ( -48.35385230331711170, 10.00000000000000000, -7.430222860587518241 ) ) ;
#5361 = EDGE_LOOP ( 'NONE', ( #2000, #5534, #7195, #4937 ) ) ;
#5362 = CARTESIAN_POINT ( 'NONE',  ( 25.40731973354881390, 0.000000000000000000, -40.91425361732050447 ) ) ;
#5363 = CARTESIAN_POINT ( 'NONE',  ( -45.77446269631538200, 10.00000000000000000, -14.74881787313361947 ) ) ;
#5364 = CARTESIAN_POINT ( 'NONE',  ( 46.69101150209138495, 2.758210326803123280E-13, -5.972326457504685493 ) ) ;
#5365 = CARTESIAN_POINT ( 'NONE',  ( -19.82035793658560152, 3.105155021998484699E-13, 44.06996243696865179 ) ) ;
#5366 = EDGE_CURVE ( 'NONE', #2923, #2821, #853, .T. ) ;
#5367 = CARTESIAN_POINT ( 'NONE',  ( -49.00000000000115108, 10.00000000000000000, 0.07038305175572863448 ) ) ;
#5368 = CARTESIAN_POINT ( 'NONE',  ( -16.34082967223938354, 10.00000000000000000, -45.13494020345122237 ) ) ;
#5369 = CARTESIAN_POINT ( 'NONE',  ( 0.4501098788289824570, 10.00000000000000000, -47.40705556680029531 ) ) ;
#5370 = VERTEX_POINT ( 'NONE', #7047 ) ;
#5371 = LINE ( 'NONE', #2641, #5284 ) ;
#5372 = AXIS2_PLACEMENT_3D ( 'NONE', #345, #3110, #3002 ) ;
#5373 = CARTESIAN_POINT ( 'NONE',  ( 12.72176798425815036, 10.00000000000000000, 47.11054574171100739 ) ) ;
#5374 = CARTESIAN_POINT ( 'NONE',  ( -1.739070292317480337, 10.00000000000000000, 48.97997532718623859 ) ) ;
#5375 = CARTESIAN_POINT ( 'NONE',  ( 48.85883658863325252, 0.000000000000000000, 2.840538227089084877 ) ) ;
#5376 = CARTESIAN_POINT ( 'NONE',  ( 19.45183231380353917, 10.00000000000000000, -44.45506784306330417 ) ) ;
#5377 = CARTESIAN_POINT ( 'NONE',  ( -25.98076211353298604, 1.500000000000000000, -21.52500000000030056 ) ) ;
#5378 = ORIENTED_EDGE ( 'NONE', *, *, #3977, .F. ) ;
#5379 = LOCAL_TIME ( 11, 7, 39.00000000000000000, #2804 ) ;
#5380 = CARTESIAN_POINT ( 'NONE',  ( -47.63553300534552193, 0.000000000000000000, -4.999436368684140319 ) ) ;
#5381 = CARTESIAN_POINT ( 'NONE',  ( -34.04807669218732968, 10.00000000000000000, -32.39143301409414732 ) ) ;
#5382 = CARTESIAN_POINT ( 'NONE',  ( 33.40829916710654146, 10.00000000000000000, 34.50086255634933963 ) ) ;
#5383 = CARTESIAN_POINT ( 'NONE',  ( -38.08528399302004175, 3.105155021998484699E-13, 27.50812628876267851 ) ) ;
#5384 = CARTESIAN_POINT ( 'NONE',  ( -33.27739363086706703, 10.00000000000000000, 34.44930059890297969 ) ) ;
#5385 = CARTESIAN_POINT ( 'NONE',  ( 45.65387479832224216, 10.00000000000000000, 17.44902786893293722 ) ) ;
#5386 = CARTESIAN_POINT ( 'NONE',  ( 48.77209273865626926, 10.00000000000000000, -2.531838819601833990 ) ) ;
#5387 = CARTESIAN_POINT ( 'NONE',  ( -17.45161947577955175, 0.000000000000000000, 43.61432089121670685 ) ) ;
#5388 = CARTESIAN_POINT ( 'NONE',  ( -11.49313742289316309, 0.000000000000000000, -45.55319594661180105 ) ) ;
#5389 = DATE_AND_TIME ( #3283, #3494 ) ;
#5390 = CARTESIAN_POINT ( 'NONE',  ( 46.20419157647511810, 10.00000000000000000, 11.70495020559071619 ) ) ;
#5391 = DIRECTION ( 'NONE',  ( 0.000000000000000000, 0.000000000000000000, 1.000000000000000000 ) ) ;
#5392 = CARTESIAN_POINT ( 'NONE',  ( 9.500000000000133227, 5.000000000000000000, -16.45448267190425895 ) ) ;
#5393 = FACE_OUTER_BOUND ( 'NONE', #1479, .T. ) ;
#5394 = ORIENTED_EDGE ( 'NONE', *, *, #2526, .F. ) ;
#5395 = CARTESIAN_POINT ( 'NONE',  ( -37.64166828692550837, 10.00000000000000000, 31.37676539724828473 ) ) ;
#5396 = EDGE_LOOP ( 'NONE', ( #1735, #1174, #3182, #5406 ) ) ;
#5397 = CARTESIAN_POINT ( 'NONE',  ( 25.38699238972189320, 0.000000000000000000, 40.65148568266904050 ) ) ;
#5398 = CARTESIAN_POINT ( 'NONE',  ( 31.92845245695830059, 0.000000000000000000, -34.58747117259623138 ) ) ;
#5399 = AXIS2_PLACEMENT_3D ( 'NONE', #2732, #5539, #4988 ) ;
#5400 = CARTESIAN_POINT ( 'NONE',  ( -45.46852805687396426, 2.758210326803123280E-13, -14.83317069678637701 ) ) ;
#5401 = CARTESIAN_POINT ( 'NONE',  ( 48.54034189600292137, 2.758210326803123280E-13, -4.451154402059206205 ) ) ;
#5402 = CARTESIAN_POINT ( 'NONE',  ( -21.03884785026257731, 10.00000000000000000, 44.21128466465809481 ) ) ;
#5403 = CARTESIAN_POINT ( 'NONE',  ( -47.06317427215724791, 10.00000000000000000, 4.281247490904887876 ) ) ;
#5404 = CARTESIAN_POINT ( 'NONE',  ( -16.37600682928308515, 10.00000000000000000, -45.46512173834901205 ) ) ;
#5405 = CARTESIAN_POINT ( 'NONE',  ( -3.179053583592042820, 10.00000000000000000, -48.27698387068920027 ) ) ;
#5406 = ORIENTED_EDGE ( 'NONE', *, *, #7177, .T. ) ;
#5407 = CARTESIAN_POINT ( 'NONE',  ( -25.98076211353329867, 3.999999999999973355, 14.99999999999976374 ) ) ;
#5408 = LINE ( 'NONE', #4928, #2565 ) ;
#5409 = CARTESIAN_POINT ( 'NONE',  ( 2.851720362993713564, 3.105155021998484699E-13, 47.31545203901577423 ) ) ;
#5410 = CARTESIAN_POINT ( 'NONE',  ( 0.6770610331218196443, 10.00000000000000000, 47.24381324494519419 ) ) ;
#5411 = DIRECTION ( 'NONE',  ( -0.000000000000000000, -1.000000000000000000, 0.000000000000000000 ) ) ;
#5412 = CARTESIAN_POINT ( 'NONE',  ( 18.56707514739442288, 10.00000000000000000, -45.34511145899575979 ) ) ;
#5413 = DIRECTION ( 'NONE',  ( -0.000000000000000000, -1.000000000000000000, -0.000000000000000000 ) ) ;
#5414 = ORIENTED_EDGE ( 'NONE', *, *, #2112, .T. ) ;
#5415 = CARTESIAN_POINT ( 'NONE',  ( -33.60807469255861690, 10.00000000000000000, -32.82745454591130851 ) ) ;
#5416 = CARTESIAN_POINT ( 'NONE',  ( 27.48593654726746038, 3.105155021998484699E-13, 38.60361176104862579 ) ) ;
#5417 = CARTESIAN_POINT ( 'NONE',  ( -42.73316591954514365, 3.105155021998484699E-13, 21.06864559280228377 ) ) ;
#5418 = CARTESIAN_POINT ( 'NONE',  ( -28.32447849088707770, 10.00000000000000000, 37.80513279480680922 ) ) ;
#5419 = CARTESIAN_POINT ( 'NONE',  ( 39.74564810785650337, 10.00000000000000000, 26.84209189632152359 ) ) ;
#5420 = CARTESIAN_POINT ( 'NONE',  ( 46.90244463936873842, 10.00000000000000000, -5.627151524408612104 ) ) ;
#5421 = EDGE_LOOP ( 'NONE', ( #1296, #2837, #6165, #3538 ) ) ;
#5422 = CARTESIAN_POINT ( 'NONE',  ( 43.22333241088182376, 10.00000000000000000, -23.09858425750366351 ) ) ;
#5423 = CARTESIAN_POINT ( 'NONE',  ( -21.67370368699710781, 0.000000000000000000, 43.94910676293515195 ) ) ;
#5424 = CARTESIAN_POINT ( 'NONE',  ( -27.51569821798948468, 0.000000000000000000, -40.55297343757489870 ) ) ;
#5425 = PERSON_AND_ORGANIZATION_ROLE ( 'creator' ) ;
#5426 = CARTESIAN_POINT ( 'NONE',  ( 45.96777246645206816, 3.105155021998484699E-13, 15.15830727928372390 ) ) ;
#5427 = SHAPE_REPRESENTATION_RELATIONSHIP ( 'NONE' , 'NONE' ,  #6708, #6192 ) ;
#5428 = CARTESIAN_POINT ( 'NONE',  ( -33.24425336380804907, 3.105155021998484699E-13, 33.77181024407383347 ) ) ;
#5429 = EDGE_CURVE ( 'NONE', #4905, #4951, #862, .T. ) ;
#5430 = CIRCLE ( 'NONE', #944, 2.074999999999999734 ) ;
#5431 = DIRECTION ( 'NONE',  ( -0.9579701941536314935, 7.261854373296923318E-16, 0.2868677519576806612 ) ) ;
#5432 = EDGE_CURVE ( 'NONE', #4664, #1387, #5319, .T. ) ;
#5433 = CYLINDRICAL_SURFACE ( 'NONE', #2248, 0.9000000000000030198 ) ;
#5434 = VERTEX_POINT ( 'NONE', #4910 ) ;
#5435 = CARTESIAN_POINT ( 'NONE',  ( 33.73411894796562649, 2.758210326803123280E-13, -34.64725733244092964 ) ) ;
#5436 = CARTESIAN_POINT ( 'NONE',  ( -22.34997608210678166, 10.00000000000000000, -43.27906376230852459 ) ) ;
#5437 = ORIENTED_EDGE ( 'NONE', *, *, #5772, .F. ) ;
#5438 = CARTESIAN_POINT ( 'NONE',  ( 30.78413878900440892, 0.000000000000000000, 37.88899995952667865 ) ) ;
#5439 = CONICAL_SURFACE ( 'NONE', #4134, 15.09999999999999964, 0.7853981633974500554 ) ;
#5440 = CARTESIAN_POINT ( 'NONE',  ( 22.91024116607295014, 0.000000000000000000, -42.63720566932308031 ) ) ;
#5441 = CARTESIAN_POINT ( 'NONE',  ( -46.98971807196924999, 10.00000000000000000, -12.04115489140017559 ) ) ;
#5442 = CARTESIAN_POINT ( 'NONE',  ( 47.09184339539632447, 10.00000000000000000, -5.407811128156800429 ) ) ;
#5443 = CARTESIAN_POINT ( 'NONE',  ( -17.45161947577955175, 3.105155021998484699E-13, 43.61432089121670685 ) ) ;
#5444 = CARTESIAN_POINT ( 'NONE',  ( -47.10587011745312225, 10.00000000000000000, 2.434371989328715458 ) ) ;
#5445 = CARTESIAN_POINT ( 'NONE',  ( -19.98302025225905965, 10.00000000000000000, -44.17308355618402516 ) ) ;
#5446 = CARTESIAN_POINT ( 'NONE',  ( 1.818707001600958550, 2.758210326803123280E-13, -46.95055821527324014 ) ) ;
#5447 = ORIENTED_EDGE ( 'NONE', *, *, #7208, .F. ) ;
#5448 = AXIS2_PLACEMENT_3D ( 'NONE', #1533, #6073, #3274 ) ;
#5449 = CYLINDRICAL_SURFACE ( 'NONE', #6225, 3.499999999999999556 ) ;
#5450 = CARTESIAN_POINT ( 'NONE',  ( 5.324552022189197764, 10.00000000000000000, 48.71455882866226261 ) ) ;
#5451 = CARTESIAN_POINT ( 'NONE',  ( -20.16989368188736265, 10.00000000000000000, 44.22350273501361784 ) ) ;
#5452 = CARTESIAN_POINT ( 'NONE',  ( 48.81657375997244941, 0.000000000000000000, 3.843863664560246640 ) ) ;
#5453 = CARTESIAN_POINT ( 'NONE',  ( 28.59655103542652199, 10.00000000000000000, -39.02577139222194802 ) ) ;
#5454 = CARTESIAN_POINT ( 'NONE',  ( 19.45183231380353917, 2.758210326803123280E-13, -44.45506784306330417 ) ) ;
#5455 = VECTOR ( 'NONE', #2089, 1000.000000000000000 ) ;
#5456 = CARTESIAN_POINT ( 'NONE',  ( 0.000000000000000000, 3.999999999999985345, 15.09999999999999964 ) ) ;
#5457 = CARTESIAN_POINT ( 'NONE',  ( 25.28302191772680274, 10.00000000000000000, 41.68034871153472665 ) ) ;
#5458 = AXIS2_PLACEMENT_3D ( 'NONE', #1294, #5183, #4136 ) ;
#5459 = DIRECTION ( 'NONE',  ( 2.465190328815661892E-32, -1.000000000000000000, -0.000000000000000000 ) ) ;
#5460 = ADVANCED_FACE ( 'NONE', ( #4873 ), #306, .F. ) ;
#5461 = EDGE_CURVE ( 'NONE', #6536, #5287, #4983, .T. ) ;
#5462 = CARTESIAN_POINT ( 'NONE',  ( 39.92127943687653868, 10.00000000000000000, 24.76003750518335167 ) ) ;
#5463 = DIRECTION ( 'NONE',  ( 0.000000000000000000, 0.000000000000000000, 1.000000000000000000 ) ) ;
#5464 = ORIENTED_EDGE ( 'NONE', *, *, #5237, .T. ) ;
#5465 = CARTESIAN_POINT ( 'NONE',  ( -33.24425336380804907, 0.000000000000000000, 33.77181024407383347 ) ) ;
#5466 = CARTESIAN_POINT ( 'NONE',  ( -33.26016418677981790, 0.000000000000000000, -35.83937504465740176 ) ) ;
#5467 = APPROVAL_STATUS ( 'not_yet_approved' ) ;
#5468 = CARTESIAN_POINT ( 'NONE',  ( 41.93074063585570599, 3.105155021998484699E-13, 24.02215402624328533 ) ) ;
#5469 =( NAMED_UNIT ( * ) PLANE_ANGLE_UNIT ( ) SI_UNIT ( $, .RADIAN. ) );
#5470 = CARTESIAN_POINT ( 'NONE',  ( 9.500000000000133227, 5.000000000000000000, -15.55448267190425504 ) ) ;
#5471 = DIRECTION ( 'NONE',  ( 0.000000000000000000, 1.000000000000000000, -0.000000000000000000 ) ) ;
#5472 = VERTEX_POINT ( 'NONE', #7122 ) ;
#5473 = CARTESIAN_POINT ( 'NONE',  ( 35.60221757838101553, 2.758210326803123280E-13, -33.58179431262733061 ) ) ;
#5474 = CARTESIAN_POINT ( 'NONE',  ( -22.56135536600321956, 10.00000000000000000, -41.88270893814465268 ) ) ;
#5475 = ORIENTED_EDGE ( 'NONE', *, *, #6576, .T. ) ;
#5476 = CARTESIAN_POINT ( 'NONE',  ( 30.15150723448668657, 0.000000000000000000, 38.63869330512815736 ) ) ;
#5477 = EDGE_CURVE ( 'NONE', #3258, #1815, #2063, .T. ) ;
#5478 = CARTESIAN_POINT ( 'NONE',  ( 4.988701143089761203, 0.000000000000000000, -48.75212984024881280 ) ) ;
#5479 = CARTESIAN_POINT ( 'NONE',  ( -46.21235154904810116, 2.758210326803123280E-13, -9.132568661048411585 ) ) ;
#5480 = CARTESIAN_POINT ( 'NONE',  ( 48.81657376000020321, 2.758210326803123280E-13, -3.843863664540267067 ) ) ;
#5481 = CARTESIAN_POINT ( 'NONE',  ( -17.95805789184034396, 3.105155021998484699E-13, 43.44286953839409193 ) ) ;
#5482 = AXIS2_PLACEMENT_3D ( 'NONE', #3671, #3160, #1455 ) ;
#5483 = CARTESIAN_POINT ( 'NONE',  ( -46.92501412296926588, 3.105155021998484699E-13, 3.914778265781361011 ) ) ;
#5484 = CIRCLE ( 'NONE', #6195, 3.500000000000003109 ) ;
#5485 = CARTESIAN_POINT ( 'NONE',  ( -37.68019582115950072, 10.00000000000000000, -29.24677134282356405 ) ) ;
#5486 = CARTESIAN_POINT ( 'NONE',  ( -6.195896857940245361, 2.758210326803123280E-13, -47.02075252584022280 ) ) ;
#5487 = ORIENTED_EDGE ( 'NONE', *, *, #6083, .T. ) ;
#5488 = CARTESIAN_POINT ( 'NONE',  ( 44.95693045156922807, 0.000000000000000000, -17.93557531666483129 ) ) ;
#5489 = DIRECTION ( 'NONE',  ( 0.000000000000000000, 1.000000000000000000, -0.000000000000000000 ) ) ;
#5490 = CARTESIAN_POINT ( 'NONE',  ( 3.049674978134273129, 10.00000000000000000, 47.47408321608416770 ) ) ;
#5491 = CARTESIAN_POINT ( 'NONE',  ( -47.79401905905440628, 0.000000000000000000, 8.161078931835490380 ) ) ;
#5492 = CARTESIAN_POINT ( 'NONE',  ( -14.60332226238138276, 10.00000000000000000, 46.71512741786035861 ) ) ;
#5493 = CARTESIAN_POINT ( 'NONE',  ( 25.40731973354881390, 10.00000000000000000, -40.91425361732050447 ) ) ;
#5494 = CARTESIAN_POINT ( 'NONE',  ( 12.00447474040634077, 10.00000000000000000, -47.51441764541989699 ) ) ;
#5495 = DIRECTION ( 'NONE',  ( 0.000000000000000000, 1.000000000000000000, -0.000000000000000000 ) ) ;
#5496 = ORIENTED_EDGE ( 'NONE', *, *, #471, .T. ) ;
#5497 = CARTESIAN_POINT ( 'NONE',  ( 27.87066724171404530, 10.00000000000000000, 38.66599392288272696 ) ) ;
#5498 = LINE ( 'NONE', #946, #5455 ) ;
#5499 = CARTESIAN_POINT ( 'NONE',  ( 35.88785589652046326, 10.00000000000000000, 30.34166624296574710 ) ) ;
#5500 = CARTESIAN_POINT ( 'NONE',  ( 48.54034189600292137, 10.00000000000000000, -4.451154402059206205 ) ) ;
#5501 = CARTESIAN_POINT ( 'NONE',  ( -48.73775252398703373, 10.00000000000000000, -1.062583230456310535 ) ) ;
#5502 = CARTESIAN_POINT ( 'NONE',  ( -32.81593044812791504, 0.000000000000000000, 36.40297676926140014 ) ) ;
#5503 = CARTESIAN_POINT ( 'NONE',  ( -37.75959108542469522, 0.000000000000000000, -29.51705101437228151 ) ) ;
#5504 = PERSON_AND_ORGANIZATION ( #3204, #5727 ) ;
#5505 = CARTESIAN_POINT ( 'NONE',  ( 42.98576811683953025, 10.00000000000000000, 20.86244430911290593 ) ) ;
#5506 = FACE_OUTER_BOUND ( 'NONE', #855, .T. ) ;
#5507 = CARTESIAN_POINT ( 'NONE',  ( 25.98076211353288301, 1.500000000000000000, 15.00000000000047784 ) ) ;
#5508 = ORIENTED_EDGE ( 'NONE', *, *, #3067, .T. ) ;
#5509 = CARTESIAN_POINT ( 'NONE',  ( 34.32291852279363553, 2.758210326803123280E-13, -34.61091047112202546 ) ) ;
#5510 = CARTESIAN_POINT ( 'NONE',  ( -26.57875404861807667, 2.758210326803123280E-13, -40.97191091773577654 ) ) ;
#5511 = CARTESIAN_POINT ( 'NONE',  ( 5.324552022189197764, 0.000000000000000000, 48.71455882866226261 ) ) ;
#5512 = CARTESIAN_POINT ( 'NONE',  ( 18.56707514739442288, 0.000000000000000000, -45.34511145899575979 ) ) ;
#5513 = CARTESIAN_POINT ( 'NONE',  ( -47.04987646355015585, 2.758210326803123280E-13, -13.70285447975384763 ) ) ;
#5514 = CARTESIAN_POINT ( 'NONE',  ( 45.43748171313562523, 2.758210326803123280E-13, -17.66119879895672895 ) ) ;
#5515 = CARTESIAN_POINT ( 'NONE',  ( -17.95805789184034396, 10.00000000000000000, 43.44286953839409193 ) ) ;
#5516 = CARTESIAN_POINT ( 'NONE',  ( 0.000000000000000000, 1.500000000000000000, -30.00000000000000000 ) ) ;
#5517 = EDGE_CURVE ( 'NONE', #7076, #1851, #1970, .T. ) ;
#5518 = CARTESIAN_POINT ( 'NONE',  ( -34.04807669218732968, 10.00000000000000000, -32.39143301409414732 ) ) ;
#5519 = CARTESIAN_POINT ( 'NONE',  ( -12.57257308701887233, 10.00000000000000000, -45.66709288536071654 ) ) ;
#5520 = CARTESIAN_POINT ( 'NONE',  ( 39.25387599954630247, 0.000000000000000000, 29.22991207900612309 ) ) ;
#5521 = CARTESIAN_POINT ( 'NONE',  ( 47.23806058855154077, 0.000000000000000000, -11.36639356204707063 ) ) ;
#5522 = CARTESIAN_POINT ( 'NONE',  ( 25.98076211353288301, 3.999999999999973355, 8.475000000000479261 ) ) ;
#5523 = CARTESIAN_POINT ( 'NONE',  ( 3.313832755917772488, 10.00000000000000000, 47.76238363015728794 ) ) ;
#5524 = CARTESIAN_POINT ( 'NONE',  ( -47.63553300538149671, 0.000000000000000000, 4.999436368009451570 ) ) ;
#5525 = CARTESIAN_POINT ( 'NONE',  ( -9.701618094600064524, 10.00000000000000000, 47.61329664848133802 ) ) ;
#5526 = CARTESIAN_POINT ( 'NONE',  ( 3.415515231684342456, 10.00000000000000000, -47.90363493238852755 ) ) ;
#5527 = CARTESIAN_POINT ( 'NONE',  ( 12.30177350787806034, 2.758210326803123280E-13, -47.39131966155002118 ) ) ;
#5528 = CARTESIAN_POINT ( 'NONE',  ( -25.98076211353298604, 1.500000000000000000, -8.475000000000299849 ) ) ;
#5529 = CARTESIAN_POINT ( 'NONE',  ( 25.40124455783663393, 10.00000000000000000, 41.42371570264468517 ) ) ;
#5530 = DIRECTION ( 'NONE',  ( 0.000000000000000000, 1.000000000000000000, -0.000000000000000000 ) ) ;
#5531 = CARTESIAN_POINT ( 'NONE',  ( 30.15150723448668657, 10.00000000000000000, 38.63869330512815736 ) ) ;
#5532 = CARTESIAN_POINT ( 'NONE',  ( 42.86537817337114120, 10.00000000000000000, -19.22876030368550104 ) ) ;
#5533 = CARTESIAN_POINT ( 'NONE',  ( -48.86852676799713890, 10.00000000000000000, -0.7683555401938784168 ) ) ;
#5534 = ORIENTED_EDGE ( 'NONE', *, *, #3251, .F. ) ;
#5535 = CARTESIAN_POINT ( 'NONE',  ( -31.67578445180074809, 0.000000000000000000, 36.94274784031462389 ) ) ;
#5536 = CARTESIAN_POINT ( 'NONE',  ( -29.53041312804161223, 0.000000000000000000, -36.70068046428787056 ) ) ;
#5537 = COORDINATED_UNIVERSAL_TIME_OFFSET ( 5, 0, .BEHIND. ) ;
#5538 = CARTESIAN_POINT ( 'NONE',  ( 42.76889367697482669, 10.00000000000000000, 19.64455119567547214 ) ) ;
#5539 = DIRECTION ( 'NONE',  ( 0.000000000000000000, 1.000000000000000000, 0.000000000000000000 ) ) ;
#5540 = CARTESIAN_POINT ( 'NONE',  ( 11.90255470057654108, 0.000000000000000000, 33.25958427549098673 ) ) ;
#5541 = ORIENTED_EDGE ( 'NONE', *, *, #5461, .T. ) ;
#5542 = CARTESIAN_POINT ( 'NONE',  ( 34.32291852279363553, 10.00000000000000000, -34.61091047112202546 ) ) ;
#5543 = CARTESIAN_POINT ( 'NONE',  ( -22.54327751803325697, 2.758210326803123280E-13, -42.80170550950111164 ) ) ;
#5544 = VERTEX_POINT ( 'NONE', #3691 ) ;
#5545 = CARTESIAN_POINT ( 'NONE',  ( 12.85569815094614299, 0.000000000000000000, 46.98456258033566968 ) ) ;
#5546 = CARTESIAN_POINT ( 'NONE',  ( 5.324552022540062879, 0.000000000000000000, -48.71455882895549649 ) ) ;
#5547 = PRODUCT ( 'Cycloidal Disk N46 R100 Rr2 E1', 'Cycloidal Disk N46 R100 Rr2 E1', '', ( #2622 ) ) ;
#5548 = CARTESIAN_POINT ( 'NONE',  ( -46.71854250021710442, 10.00000000000000000, -11.79070647690571683 ) ) ;
#5549 = CARTESIAN_POINT ( 'NONE',  ( 44.70460516729353628, 2.758210326803123280E-13, -17.91664482418755000 ) ) ;
#5550 = CARTESIAN_POINT ( 'NONE',  ( -27.90557941559861277, 10.00000000000000000, 40.15990372538703213 ) ) ;
#5551 = PLANE ( 'NONE',  #4862 ) ;
#5552 = ADVANCED_FACE ( 'NONE', ( #6564 ), #347, .F. ) ;
#5553 = CARTESIAN_POINT ( 'NONE',  ( -34.97068948072989514, 10.00000000000000000, -32.03734045066855174 ) ) ;
#5554 = CARTESIAN_POINT ( 'NONE',  ( -9.502749607268279775, 10.00000000000000000, -47.81401925544493992 ) ) ;
#5555 = CIRCLE ( 'NONE', #1190, 6.524999999999999467 ) ;
#5556 = CARTESIAN_POINT ( 'NONE',  ( 46.47266627691736574, 0.000000000000000000, -11.59441795637283690 ) ) ;
#5557 = CARTESIAN_POINT ( 'NONE',  ( -33.34450281311436726, 10.00000000000000000, -34.71131097356293793 ) ) ;
#5558 = CARTESIAN_POINT ( 'NONE',  ( 3.864956067765980663, 10.00000000000000000, 48.47930604321663139 ) ) ;
#5559 = CIRCLE ( 'NONE', #2138, 2.074999999999997069 ) ;
#5560 = CARTESIAN_POINT ( 'NONE',  ( -44.20468725715348057, 10.00000000000000000, 17.58185684065307441 ) ) ;
#5561 = CARTESIAN_POINT ( 'NONE',  ( -48.20490586507293784, 0.000000000000000000, 7.715346297840635970 ) ) ;
#5562 = CARTESIAN_POINT ( 'NONE',  ( -14.92407106285547869, 10.00000000000000000, 46.67105651043119252 ) ) ;
#5563 = CARTESIAN_POINT ( 'NONE',  ( 9.025808622236366929, 10.00000000000000000, -46.30923408906516414 ) ) ;
#5564 = CARTESIAN_POINT ( 'NONE',  ( 10.69817096353150809, 10.00000000000000000, -47.51997400089940982 ) ) ;
#5565 = FACE_OUTER_BOUND ( 'NONE', #50, .T. ) ;
#5566 = EDGE_CURVE ( 'NONE', #666, #1761, #1547, .T. ) ;
#5567 = CARTESIAN_POINT ( 'NONE',  ( -37.75959108563729671, 10.00000000000000000, 29.51705101376870743 ) ) ;
#5568 = CARTESIAN_POINT ( 'NONE',  ( 25.46978455743765579, 3.105155021998484699E-13, 41.15945164467253647 ) ) ;
#5569 = CARTESIAN_POINT ( 'NONE',  ( 25.98076211353339815, 1.500000000000000000, -14.99999999999957900 ) ) ;
#5570 = CARTESIAN_POINT ( 'NONE',  ( 32.59837096023531444, 10.00000000000000000, 34.41267711602824875 ) ) ;
#5571 = CARTESIAN_POINT ( 'NONE',  ( 47.93659817308496685, 10.00000000000000000, -9.236994885837962244 ) ) ;
#5572 = DIRECTION ( 'NONE',  ( 0.000000000000000000, 0.000000000000000000, 1.000000000000000000 ) ) ;
#5573 = ORIENTED_EDGE ( 'NONE', *, *, #2720, .T. ) ;
#5574 = CARTESIAN_POINT ( 'NONE',  ( 42.25582227702785332, 2.758210326803123280E-13, -23.96781524989044954 ) ) ;
#5575 = CARTESIAN_POINT ( 'NONE',  ( -28.32447849088707770, 0.000000000000000000, 37.80513279480680922 ) ) ;
#5576 = CIRCLE ( 'NONE', #631, 0.9000000000000030198 ) ;
#5577 = CARTESIAN_POINT ( 'NONE',  ( -28.16194582709016103, 0.000000000000000000, -38.54419687471803968 ) ) ;
#5578 = CARTESIAN_POINT ( 'NONE',  ( 43.32333055671023203, 3.105155021998484699E-13, 21.30485502513987583 ) ) ;
#5579 = DIRECTION ( 'NONE',  ( 0.000000000000000000, 1.000000000000000000, 0.000000000000000000 ) ) ;
#5580 = LINE ( 'NONE', #598, #7075 ) ;
#5581 = ORIENTED_EDGE ( 'NONE', *, *, #4535, .F. ) ;
#5582 = CARTESIAN_POINT ( 'NONE',  ( 32.85192360694673397, 10.00000000000000000, -34.40696876758887157 ) ) ;
#5583 = CARTESIAN_POINT ( 'NONE',  ( -22.46789492665763177, 2.758210326803123280E-13, -43.04588155750463585 ) ) ;
#5584 = ORIENTED_EDGE ( 'NONE', *, *, #7177, .F. ) ;
#5585 = CARTESIAN_POINT ( 'NONE',  ( 7.357205118722475845, 0.000000000000000000, 46.60345391069666476 ) ) ;
#5586 = CARTESIAN_POINT ( 'NONE',  ( 9.638685458078610324, 0.000000000000000000, -46.58617613187983153 ) ) ;
#5587 = CARTESIAN_POINT ( 'NONE',  ( 1.849216666712503340E-15, 2.000000000000000000, 15.09999999999999964 ) ) ;
#5588 = CARTESIAN_POINT ( 'NONE',  ( -46.21235154904810116, 10.00000000000000000, -9.132568661048411585 ) ) ;
#5589 = CARTESIAN_POINT ( 'NONE',  ( 44.16854487200028956, 10.00000000000000000, -18.00862112954407834 ) ) ;
#5590 = CARTESIAN_POINT ( 'NONE',  ( -26.88935590369901263, 10.00000000000000000, 40.89274805599447404 ) ) ;
#5591 = FACE_BOUND ( 'NONE', #5723, .T. ) ;
#5592 = CARTESIAN_POINT ( 'NONE',  ( -35.62549330676937842, 10.00000000000000000, -32.06036333976920361 ) ) ;
#5593 = CARTESIAN_POINT ( 'NONE',  ( -9.881577510032695244, 2.758210326803123280E-13, -47.13663448787415433 ) ) ;
#5594 = CARTESIAN_POINT ( 'NONE',  ( 43.44038315519323845, 0.000000000000000000, -18.39358694126267224 ) ) ;
#5595 = AXIS2_PLACEMENT_3D ( 'NONE', #2269, #4561, #6178 ) ;
#5596 = ADVANCED_FACE ( 'NONE', ( #3727 ), #3400, .F. ) ;
#5597 = EDGE_CURVE ( 'NONE', #5813, #1235, #7042, .T. ) ;
#5598 = CARTESIAN_POINT ( 'NONE',  ( -33.60807469255861690, 2.758210326803123280E-13, -32.82745454591130851 ) ) ;
#5599 = CARTESIAN_POINT ( 'NONE',  ( -6.488374333700841490, 10.00000000000000000, 47.25539575096761524 ) ) ;
#5600 = CARTESIAN_POINT ( 'NONE',  ( -43.87735155583479951, 3.105155021998484699E-13, 20.91222684283142996 ) ) ;
#5601 = CARTESIAN_POINT ( 'NONE',  ( -46.06605038842406685, 0.000000000000000000, 14.76835635906406807 ) ) ;
#5602 = CARTESIAN_POINT ( 'NONE',  ( -19.53254084259512879, 10.00000000000000000, 43.80290274754605662 ) ) ;
#5603 = CARTESIAN_POINT ( 'NONE',  ( 9.345597098353533028, 10.00000000000000000, -46.42551185417018900 ) ) ;
#5604 = CARTESIAN_POINT ( 'NONE',  ( 11.64692101385363543, 10.00000000000000000, -47.59855720221199249 ) ) ;
#5605 = CYLINDRICAL_SURFACE ( 'NONE', #6036, 3.499999999999999556 ) ;
#5606 = CARTESIAN_POINT ( 'NONE',  ( -41.41186500504826284, 10.00000000000000000, 23.77125310547904391 ) ) ;
#5607 = CARTESIAN_POINT ( 'NONE',  ( 22.25934983004736978, 10.00000000000000000, 42.18639752599842296 ) ) ;
#5608 = CARTESIAN_POINT ( 'NONE',  ( -19.00000000000000000, 0.000000000000000000, 0.8999999999996765032 ) ) ;
#5609 = CARTESIAN_POINT ( 'NONE',  ( 25.66124536445769877, 10.00000000000000000, 39.57763539773183226 ) ) ;
#5610 = CARTESIAN_POINT ( 'NONE',  ( 45.23344692447137305, 10.00000000000000000, -12.69171918333470472 ) ) ;
#5611 = DIRECTION ( 'NONE',  ( 0.000000000000000000, 0.000000000000000000, 1.000000000000000000 ) ) ;
#5612 = ORIENTED_EDGE ( 'NONE', *, *, #3085, .F. ) ;
#5613 = CARTESIAN_POINT ( 'NONE',  ( -29.12806626601978977, 0.000000000000000000, 36.87879801367564170 ) ) ;
#5614 = CARTESIAN_POINT ( 'NONE',  ( -43.11875750453297229, 0.000000000000000000, -20.99969512177191078 ) ) ;
#5615 = CARTESIAN_POINT ( 'NONE',  ( 44.70460516716443067, 3.105155021998484699E-13, 17.91664482417785820 ) ) ;
#5616 = DIRECTION ( 'NONE',  ( 0.000000000000000000, 1.000000000000000000, -0.000000000000000000 ) ) ;
#5617 = CARTESIAN_POINT ( 'NONE',  ( -25.98076211353298604, 1.500000000000000000, -11.50000000000030020 ) ) ;
#5618 = CYLINDRICAL_SURFACE ( 'NONE', #777, 6.525000000000003020 ) ;
#5619 = CARTESIAN_POINT ( 'NONE',  ( 31.01521223645841019, 2.758210326803123280E-13, -35.45478608004575705 ) ) ;
#5620 = CARTESIAN_POINT ( 'NONE',  ( 16.21901918068641280, 0.000000000000000000, 44.91056042000037252 ) ) ;
#5621 = CARTESIAN_POINT ( 'NONE',  ( 13.08602879921912532, 0.000000000000000000, -46.68338290358649090 ) ) ;
#5622 = CARTESIAN_POINT ( 'NONE',  ( 46.99999999999889155, 10.00000000000000000, 0.07678126517037280052 ) ) ;
#5623 = CARTESIAN_POINT ( 'NONE',  ( -47.22625722617036814, 2.758210326803123280E-13, -4.565049819590514701 ) ) ;
#5624 = CARTESIAN_POINT ( 'NONE',  ( 45.99391006632246359, 2.758210326803123280E-13, -16.91025827844380203 ) ) ;
#5625 = CARTESIAN_POINT ( 'NONE',  ( -23.07909855428925283, 10.00000000000000000, 41.00998302107824856 ) ) ;
#5626 = LINE ( 'NONE', #2744, #5917 ) ;
#5627 = CARTESIAN_POINT ( 'NONE',  ( -31.36650230799046568, 10.00000000000000000, -36.97315242671792390 ) ) ;
#5628 = CARTESIAN_POINT ( 'NONE',  ( -9.856404579998661930, 2.758210326803123280E-13, -47.38841362963056980 ) ) ;
#5629 = ORIENTED_EDGE ( 'NONE', *, *, #3739, .T. ) ;
#5630 = CARTESIAN_POINT ( 'NONE',  ( 39.73764011218046477, 0.000000000000000000, 28.68182798090423447 ) ) ;
#5631 = CARTESIAN_POINT ( 'NONE',  ( 45.57783576002800885, 0.000000000000000000, -14.82240055638778742 ) ) ;
#5632 = CARTESIAN_POINT ( 'NONE',  ( -38.01378767760061805, 2.758210326803123280E-13, -30.51941404834402505 ) ) ;
#5633 = CARTESIAN_POINT ( 'NONE',  ( 47.01001761814419666, 2.758210326803123280E-13, -0.2271179980560636136 ) ) ;
#5634 = CARTESIAN_POINT ( 'NONE',  ( -6.682706864030185656, 3.105155021998484699E-13, 47.45928886728357554 ) ) ;
#5635 = CARTESIAN_POINT ( 'NONE',  ( -44.07800587009995752, 3.105155021998484699E-13, 20.79623943134178532 ) ) ;
#5636 = CARTESIAN_POINT ( 'NONE',  ( -24.66044883969632906, 10.00000000000000000, 40.42932844348886334 ) ) ;
#5637 = CARTESIAN_POINT ( 'NONE',  ( 17.29531084834088972, 10.00000000000000000, -45.58295722401451400 ) ) ;
#5638 = CARTESIAN_POINT ( 'NONE',  ( 15.58804164124541458, 2.758210326803123280E-13, -44.63704192822413575 ) ) ;
#5639 = DIRECTION ( 'NONE',  ( 0.000000000000000000, 0.000000000000000000, 1.000000000000000000 ) ) ;
#5640 = CARTESIAN_POINT ( 'NONE',  ( -38.01112908156566306, 10.00000000000000000, 29.96605618854577813 ) ) ;
#5641 = CARTESIAN_POINT ( 'NONE',  ( 19.88971653157062036, 10.00000000000000000, 42.81059083866684034 ) ) ;
#5642 = CARTESIAN_POINT ( 'NONE',  ( 48.54034189600292137, 0.000000000000000000, -4.451154402059206205 ) ) ;
#5643 = CARTESIAN_POINT ( 'NONE',  ( 31.57222170595121824, 10.00000000000000000, 34.79723650301753679 ) ) ;
#5644 = CARTESIAN_POINT ( 'NONE',  ( 45.52156229597231629, 10.00000000000000000, -12.23057545315486827 ) ) ;
#5645 = DIRECTION ( 'NONE',  ( -0.000000000000000000, 1.000000000000000000, -0.000000000000000000 ) ) ;
#5646 = EDGE_LOOP ( 'NONE', ( #6461, #4841, #7184, #2093 ) ) ;
#5647 = CARTESIAN_POINT ( 'NONE',  ( 38.74052491849111135, 10.00000000000000000, -29.52576027889990584 ) ) ;
#5648 = CARTESIAN_POINT ( 'NONE',  ( -37.80209017924777726, 0.000000000000000000, 27.93370669360054848 ) ) ;
#5649 = CARTESIAN_POINT ( 'NONE',  ( -44.07800586995018932, 0.000000000000000000, -20.79623943199088387 ) ) ;
#5650 = CARTESIAN_POINT ( 'NONE',  ( 37.00088651706984422, 3.105155021998484699E-13, 29.55677135506987341 ) ) ;
#5651 = FACE_OUTER_BOUND ( 'NONE', #359, .T. ) ;
#5652 = CARTESIAN_POINT ( 'NONE',  ( -25.98076211353329867, 3.999999999999973355, 14.99999999999976374 ) ) ;
#5653 = EDGE_LOOP ( 'NONE', ( #4344, #6129 ) ) ;
#5654 = CARTESIAN_POINT ( 'NONE',  ( 25.40731973354881390, 2.758210326803123280E-13, -40.91425361732050447 ) ) ;
#5655 = CARTESIAN_POINT ( 'NONE',  ( 43.11834910109919861, 10.00000000000000000, -21.11566684129976323 ) ) ;
#5656 = CARTESIAN_POINT ( 'NONE',  ( 2.602921011580702437, 0.000000000000000000, 47.16706221799088183 ) ) ;
#5657 = CARTESIAN_POINT ( 'NONE',  ( 2.602921011920423133, 0.000000000000000000, -47.16706221830376933 ) ) ;
#5658 = CARTESIAN_POINT ( 'NONE',  ( 48.73228654713041408, 3.105155021998484699E-13, 4.086991198159143579 ) ) ;
#5659 = EDGE_CURVE ( 'NONE', #5325, #4889, #6052, .T. ) ;
#5660 = CARTESIAN_POINT ( 'NONE',  ( -48.09558287327895698, 10.00000000000000000, -5.252459890059669512 ) ) ;
#5661 = CARTESIAN_POINT ( 'NONE',  ( 47.23806058855154077, 2.758210326803123280E-13, -11.36639356204707063 ) ) ;
#5662 = CARTESIAN_POINT ( 'NONE',  ( -27.23427133781200382, 3.105155021998484699E-13, 40.74007315665408413 ) ) ;
#5663 = CARTESIAN_POINT ( 'NONE',  ( -2.129423611654457122E-13, 1.500000000000000000, 26.50000000000000000 ) ) ;
#5664 = CARTESIAN_POINT ( 'NONE',  ( -41.26638704542735780, 10.00000000000000000, -22.66473460883746682 ) ) ;
#5665 = CARTESIAN_POINT ( 'NONE',  ( -13.30744966974758903, 10.00000000000000000, -46.12998155920615773 ) ) ;
#5666 = CARTESIAN_POINT ( 'NONE',  ( 39.97798511503782493, 0.000000000000000000, -28.13588990578830007 ) ) ;
#5667 = CARTESIAN_POINT ( 'NONE',  ( -40.96071364664462067, 10.00000000000000000, -26.61260217059113131 ) ) ;
#5668 = CARTESIAN_POINT ( 'NONE',  ( 48.85883658865368773, 10.00000000000000000, -2.840538227068802435 ) ) ;
#5669 = CARTESIAN_POINT ( 'NONE',  ( -0.1479874805285353312, 3.105155021998484699E-13, 48.21897113100977350 ) ) ;
#5670 = CARTESIAN_POINT ( 'NONE',  ( -44.04032416204871936, 3.105155021998484699E-13, 16.58051099718949573 ) ) ;
#5671 = CARTESIAN_POINT ( 'NONE',  ( -28.16194582736779495, 10.00000000000000000, 38.54419687418367602 ) ) ;
#5672 = CARTESIAN_POINT ( 'NONE',  ( 3.313832756261781753, 10.00000000000000000, -47.76238363046505242 ) ) ;
#5673 = CARTESIAN_POINT ( 'NONE',  ( 8.681093760131522785, 2.758210326803123280E-13, -46.25042819936485472 ) ) ;
#5674 = DIRECTION ( 'NONE',  ( -0.000000000000000000, 1.000000000000000000, -0.000000000000000000 ) ) ;
#5675 = CARTESIAN_POINT ( 'NONE',  ( -44.96480565709349975, 10.00000000000000000, 19.06027129876470028 ) ) ;
#5676 = CARTESIAN_POINT ( 'NONE',  ( 19.72309172767731766, 10.00000000000000000, 43.06451694029816935 ) ) ;
#5677 = CARTESIAN_POINT ( 'NONE',  ( 18.84111122043042386, 10.00000000000000000, 45.17269837894510687 ) ) ;
#5678 = CARTESIAN_POINT ( 'NONE',  ( 45.20527538362650688, 10.00000000000000000, -17.82219091192827420 ) ) ;
#5679 = CYLINDRICAL_SURFACE ( 'NONE', #964, 6.525000000000003020 ) ;
#5680 = ORIENTED_EDGE ( 'NONE', *, *, #4797, .T. ) ;
#5681 = CARTESIAN_POINT ( 'NONE',  ( 39.73764011238700533, 2.758210326803123280E-13, -28.68182798094965591 ) ) ;
#5682 = CARTESIAN_POINT ( 'NONE',  ( -44.94032137160552764, 0.000000000000000000, 18.78739623922156099 ) ) ;
#5683 = CARTESIAN_POINT ( 'NONE',  ( -40.11221095402077452, 0.000000000000000000, -26.86667732648169604 ) ) ;
#5684 = CARTESIAN_POINT ( 'NONE',  ( 40.26142946351658480, 3.105155021998484699E-13, 24.40537219967823646 ) ) ;
#5685 = CIRCLE ( 'NONE', #1670, 0.9000000000000030198 ) ;
#5686 = CC_DESIGN_PERSON_AND_ORGANIZATION_ASSIGNMENT ( #4396, #1581, ( #3893 ) ) ;
#5687 = EDGE_CURVE ( 'NONE', #59, #1623, #5983, .T. ) ;
#5688 = CARTESIAN_POINT ( 'NONE',  ( -34.97068948096060836, 10.00000000000000000, 32.03734045008510378 ) ) ;
#5689 = CARTESIAN_POINT ( 'NONE',  ( 47.05522970340850009, 10.00000000000000000, 0.5483646429962999447 ) ) ;
#5690 = FACE_OUTER_BOUND ( 'NONE', #2553, .T. ) ;
#5691 = VERTEX_POINT ( 'NONE', #1401 ) ;
#5692 = CARTESIAN_POINT ( 'NONE',  ( 30.88106224491607676, 2.758210326803123280E-13, -37.60959895133573383 ) ) ;
#5693 = AXIS2_PLACEMENT_3D ( 'NONE', #443, #2759, #3901 ) ;
#5694 = CARTESIAN_POINT ( 'NONE',  ( 3.049674978134273129, 0.000000000000000000, 47.47408321608416770 ) ) ;
#5695 = CARTESIAN_POINT ( 'NONE',  ( -2.441654943848182935, 0.000000000000000000, -48.83377677777771453 ) ) ;
#5696 = CARTESIAN_POINT ( 'NONE',  ( 47.79968281754121051, 3.105155021998484699E-13, 1.615430749902086127 ) ) ;
#5697 = CARTESIAN_POINT ( 'NONE',  ( -48.57461215929977527, 2.758210326803123280E-13, -1.282795168101966921 ) ) ;
#5698 = CARTESIAN_POINT ( 'NONE',  ( -26.04487969038131467, 10.00000000000000000, 40.98070861164669054 ) ) ;
#5699 = AXIS2_PLACEMENT_3D ( 'NONE', #2339, #1880, #4694 ) ;
#5700 = FACE_BOUND ( 'NONE', #2562, .T. ) ;
#5701 = CARTESIAN_POINT ( 'NONE',  ( -44.29340605239300288, 10.00000000000000000, -20.62220960337688780 ) ) ;
#5702 = CARTESIAN_POINT ( 'NONE',  ( -16.26604374645896200, 10.00000000000000000, -45.77582882927040941 ) ) ;
#5703 = ORIENTED_EDGE ( 'NONE', *, *, #4345, .T. ) ;
#5704 = ADVANCED_FACE ( 'NONE', ( #3655 ), #2174, .F. ) ;
#5705 = CARTESIAN_POINT ( 'NONE',  ( 35.58016677096953373, 0.000000000000000000, -31.96031499107090923 ) ) ;
#5706 = CARTESIAN_POINT ( 'NONE',  ( -38.70638873891308407, 10.00000000000000000, -27.02152812995809938 ) ) ;
#5707 = DIRECTION ( 'NONE',  ( -0.2868677519576806612, -9.638885950861341704E-16, -0.9579701941536314935 ) ) ;
#5708 = CARTESIAN_POINT ( 'NONE',  ( -2.441654944199910915, 10.00000000000000000, 48.83377677742858225 ) ) ;
#5709 = CARTESIAN_POINT ( 'NONE',  ( -43.87735155583479951, 10.00000000000000000, 20.91222684283142996 ) ) ;
#5710 = CARTESIAN_POINT ( 'NONE',  ( -27.73717641496542896, 10.00000000000000000, 40.35445773081551124 ) ) ;
#5711 = CARTESIAN_POINT ( 'NONE',  ( -8.666594791079395677, 10.00000000000000000, -48.23159475873613644 ) ) ;
#5712 = VECTOR ( 'NONE', #4413, 1000.000000000000000 ) ;
#5713 = CARTESIAN_POINT ( 'NONE',  ( 22.72911706989895819, 10.00000000000000000, 42.46051250424451240 ) ) ;
#5714 = CARTESIAN_POINT ( 'NONE',  ( 13.14435199892035833, 10.00000000000000000, 46.49983071065356910 ) ) ;
#5715 = CARTESIAN_POINT ( 'NONE',  ( 40.26142946369241571, 10.00000000000000000, -24.40537219971991334 ) ) ;
#5716 = LINE ( 'NONE', #6189, #3207 ) ;
#5717 = ORIENTED_EDGE ( 'NONE', *, *, #3068, .F. ) ;
#5718 = CARTESIAN_POINT ( 'NONE',  ( 39.67059509914334825, 2.758210326803123280E-13, -26.66088038517009196 ) ) ;
#5719 = CARTESIAN_POINT ( 'NONE',  ( -44.70801936866121196, 0.000000000000000000, -20.07285128636565119 ) ) ;
#5720 = CARTESIAN_POINT ( 'NONE',  ( 40.02751475087486455, 10.00000000000000000, 27.91137694777663825 ) ) ;
#5721 = CARTESIAN_POINT ( 'NONE',  ( 47.46058379547157813, 10.00000000000000000, 8.519075685039375401 ) ) ;
#5722 = DIRECTION ( 'NONE',  ( 0.000000000000000000, 0.000000000000000000, 1.000000000000000000 ) ) ;
#5723 = EDGE_LOOP ( 'NONE', ( #3037, #5475 ) ) ;
#5724 = CARTESIAN_POINT ( 'NONE',  ( 30.61168797722803347, 2.758210326803123280E-13, -38.16055295108757406 ) ) ;
#5725 = CARTESIAN_POINT ( 'NONE',  ( -2.088408008910457081, 0.000000000000000000, 48.93732214155459559 ) ) ;
#5726 = CARTESIAN_POINT ( 'NONE',  ( -7.423693273577876894, 0.000000000000000000, -48.18061274224353951 ) ) ;
#5727 = ORGANIZATION ( 'UNSPECIFIED', 'UNSPECIFIED', '' ) ;
#5728 = CARTESIAN_POINT ( 'NONE',  ( 46.65782213712241600, 10.00000000000000000, 7.580822739802151489 ) ) ;
#5729 = DIRECTION ( 'NONE',  ( -0.000000000000000000, 1.000000000000000000, -0.000000000000000000 ) ) ;
#5730 = CARTESIAN_POINT ( 'NONE',  ( 43.81914253022119965, 2.758210326803123280E-13, -18.14453587812189994 ) ) ;
#5731 = CARTESIAN_POINT ( 'NONE',  ( -32.81593044812791504, 3.105155021998484699E-13, 36.40297676926140014 ) ) ;
#5732 = FACE_OUTER_BOUND ( 'NONE', #751, .T. ) ;
#5733 = CARTESIAN_POINT ( 'NONE',  ( -47.85537724537459781, 0.000000000000000000, 5.156957751313574256 ) ) ;
#5734 = CARTESIAN_POINT ( 'NONE',  ( -46.88379344550590844, 10.00000000000000000, -14.04151760544024086 ) ) ;
#5735 = CARTESIAN_POINT ( 'NONE',  ( 35.39194185234968870, 0.000000000000000000, -33.89496606802079270 ) ) ;
#5736 = CARTESIAN_POINT ( 'NONE',  ( -38.98539122603985163, 2.758210326803123280E-13, -26.90152853604898908 ) ) ;
#5737 = CARTESIAN_POINT ( 'NONE',  ( 0.2609790347150823253, 3.105155021998484699E-13, 47.57974350968807897 ) ) ;
#5738 = CARTESIAN_POINT ( 'NONE',  ( -48.01139925001888287, 10.00000000000000000, 7.938984896251222168 ) ) ;
#5739 = CARTESIAN_POINT ( 'NONE',  ( -25.79572543339759250, 10.00000000000000000, 40.92390373963624484 ) ) ;
#5740 = CARTESIAN_POINT ( 'NONE',  ( -13.30744966974758903, 10.00000000000000000, -46.12998155920615773 ) ) ;
#5741 = CARTESIAN_POINT ( 'NONE',  ( 6.544706139811871992, 10.00000000000000000, -47.93070174219494106 ) ) ;
#5742 = CARTESIAN_POINT ( 'NONE',  ( -46.87246452133289409, 10.00000000000000000, 11.89097542992440637 ) ) ;
#5743 = CARTESIAN_POINT ( 'NONE',  ( 19.45183231348334729, 3.105155021998484699E-13, 44.45506784287194080 ) ) ;
#5744 = CARTESIAN_POINT ( 'NONE',  ( 48.41393903339499616, 0.000000000000000000, -4.612104440926358961 ) ) ;
#5745 = CARTESIAN_POINT ( 'NONE',  ( 25.40731973325410920, 10.00000000000000000, 40.91425361717184472 ) ) ;
#5746 = CARTESIAN_POINT ( 'NONE',  ( 40.63327091337148289, 10.00000000000000000, -24.17415757906816509 ) ) ;
#5747 = DIRECTION ( 'NONE',  ( -0.000000000000000000, 1.000000000000000000, -0.000000000000000000 ) ) ;
#5748 = EDGE_LOOP ( 'NONE', ( #237, #5836, #4838, #2515 ) ) ;
#5749 = CARTESIAN_POINT ( 'NONE',  ( 39.97798511503782493, 2.758210326803123280E-13, -28.13588990578830007 ) ) ;
#5750 = VECTOR ( 'NONE', #57, 1000.000000000000000 ) ;
#5751 = CARTESIAN_POINT ( 'NONE',  ( -44.09735811414089568, 0.000000000000000000, -17.26532196684733833 ) ) ;
#5752 = CARTESIAN_POINT ( 'NONE',  ( -33.39357040502779483, 10.00000000000000000, -35.52784148791953100 ) ) ;
#5753 = CARTESIAN_POINT ( 'NONE',  ( 39.61256526104482134, 10.00000000000000000, 26.47368447858744389 ) ) ;
#5754 = CARTESIAN_POINT ( 'NONE',  ( -37.43648903217425783, 10.00000000000000000, 31.62128862603388058 ) ) ;
#5755 = CARTESIAN_POINT ( 'NONE',  ( 47.46122657533407363, 10.00000000000000000, 5.116862069185624584 ) ) ;
#5756 = FACE_BOUND ( 'NONE', #6755, .T. ) ;
#5757 = CARTESIAN_POINT ( 'NONE',  ( 17.94978839410061866, 10.00000000000000000, -45.56177932288870380 ) ) ;
#5758 = CARTESIAN_POINT ( 'NONE',  ( -1.079191094428147757, 0.000000000000000000, 48.90950489367619269 ) ) ;
#5759 = CARTESIAN_POINT ( 'NONE',  ( 0.2609790350577760321, 0.000000000000000000, -47.57974351001768554 ) ) ;
#5760 = CARTESIAN_POINT ( 'NONE',  ( 46.55295747031869524, 10.00000000000000000, 6.361996736164893029 ) ) ;
#5761 = CARTESIAN_POINT ( 'NONE',  ( -48.13644352860126929, 10.00000000000000000, -1.545359652178477150 ) ) ;
#5762 = CARTESIAN_POINT ( 'NONE',  ( 42.86537817337114120, 10.00000000000000000, -19.22876030368550104 ) ) ;
#5763 = CARTESIAN_POINT ( 'NONE',  ( -25.98076211353298604, 3.999999999999973355, -15.00000000000030020 ) ) ;
#5764 = CARTESIAN_POINT ( 'NONE',  ( 0.000000000000000000, 0.000000000000000000, 0.000000000000000000 ) ) ;
#5765 = EDGE_LOOP ( 'NONE', ( #1780, #760 ) ) ;
#5766 = CARTESIAN_POINT ( 'NONE',  ( -46.69674352696663533, 10.00000000000000000, -14.30181089916401760 ) ) ;
#5767 = ORIENTED_EDGE ( 'NONE', *, *, #2205, .T. ) ;
#5768 = CARTESIAN_POINT ( 'NONE',  ( 40.26142946369241571, 0.000000000000000000, -24.40537219971991334 ) ) ;
#5769 = CARTESIAN_POINT ( 'NONE',  ( -38.98539122603985163, 10.00000000000000000, -26.90152853604898908 ) ) ;
#5770 = CARTESIAN_POINT ( 'NONE',  ( -14.92407106285547869, 3.105155021998484699E-13, 46.67105651043119252 ) ) ;
#5771 = ADVANCED_FACE ( 'NONE', ( #4432 ), #6199, .F. ) ;
#5772 = EDGE_CURVE ( 'NONE', #1235, #5813, #2807, .T. ) ;
#5773 = CARTESIAN_POINT ( 'NONE',  ( -46.96857664271918509, 10.00000000000000000, 8.422003628740917236 ) ) ;
#5774 = CARTESIAN_POINT ( 'NONE',  ( -33.05611533214992193, 10.00000000000000000, 36.14576570390433830 ) ) ;
#5775 = CARTESIAN_POINT ( 'NONE',  ( -3.758474394699768517, 10.00000000000000000, -47.23970171771618709 ) ) ;
#5776 = CARTESIAN_POINT ( 'NONE',  ( 7.661018336453331301, 10.00000000000000000, -46.43029501614690702 ) ) ;
#5777 = CARTESIAN_POINT ( 'NONE',  ( 45.57783575992127112, 0.000000000000000000, 14.82240055638443543 ) ) ;
#5778 = CARTESIAN_POINT ( 'NONE',  ( -48.20490586507293784, 10.00000000000000000, 7.715346297840635970 ) ) ;
#5779 = CARTESIAN_POINT ( 'NONE',  ( 12.85569815094614299, 3.105155021998484699E-13, 46.98456258033566968 ) ) ;
#5780 = CARTESIAN_POINT ( 'NONE',  ( 16.96362320756021802, 10.00000000000000000, 45.52193069367715594 ) ) ;
#5781 = CARTESIAN_POINT ( 'NONE',  ( 35.73409833055687557, 10.00000000000000000, -33.28966224874656632 ) ) ;
#5782 = CARTESIAN_POINT ( 'NONE',  ( 25.98076211353288301, 5.000000000000000000, 15.00000000000047784 ) ) ;
#5783 = VERTEX_POINT ( 'NONE', #527 ) ;
#5784 = ADVANCED_FACE ( 'NONE', ( #6753 ), #7227, .F. ) ;
#5785 = CARTESIAN_POINT ( 'NONE',  ( -47.04987646355015585, 0.000000000000000000, -13.70285447975384763 ) ) ;
#5786 = CARTESIAN_POINT ( 'NONE',  ( -28.22922351340212899, 10.00000000000000000, -38.07882712763090183 ) ) ;
#5787 = CARTESIAN_POINT ( 'NONE',  ( 37.96953194799060327, 3.105155021998484699E-13, 29.51514361698095712 ) ) ;
#5788 = APPROVAL_STATUS ( 'not_yet_approved' ) ;
#5789 = CARTESIAN_POINT ( 'NONE',  ( -33.60807469279514237, 3.105155021998484699E-13, 32.82745454533775131 ) ) ;
#5790 = AXIS2_PLACEMENT_3D ( 'NONE', #2763, #6781, #5168 ) ;
#5791 = CARTESIAN_POINT ( 'NONE',  ( 48.65575631687137559, 10.00000000000000000, 2.284027950658315209 ) ) ;
#5792 = DIRECTION ( 'NONE',  ( 0.000000000000000000, 0.000000000000000000, 1.000000000000000000 ) ) ;
#5793 = CARTESIAN_POINT ( 'NONE',  ( 23.17336651174888473, 2.758210326803123280E-13, -42.70998122139233288 ) ) ;
#5794 = CARTESIAN_POINT ( 'NONE',  ( -6.195896858278907793, 0.000000000000000000, 47.02075252546396911 ) ) ;
#5795 = CARTESIAN_POINT ( 'NONE',  ( -8.032755438990236030, 0.000000000000000000, -48.29753861976255536 ) ) ;
#5796 = CARTESIAN_POINT ( 'NONE',  ( 48.65575631687137559, 3.105155021998484699E-13, 2.284027950658315209 ) ) ;
#5797 = CARTESIAN_POINT ( 'NONE',  ( -9.499999999999674927, -5.000000000000000000, -15.55448267190452860 ) ) ;
#5798 = DIRECTION ( 'NONE',  ( -0.000000000000000000, -1.000000000000000000, 0.000000000000000000 ) ) ;
#5799 = CARTESIAN_POINT ( 'NONE',  ( -48.57461215930914022, 0.000000000000000000, 1.282795167420516025 ) ) ;
#5800 = EDGE_LOOP ( 'NONE', ( #3096, #3217, #7028, #4990 ) ) ;
#5801 = CIRCLE ( 'NONE', #4038, 7.525000000000018119 ) ;
#5802 = CARTESIAN_POINT ( 'NONE',  ( -44.94078716842351184, 10.00000000000000000, -19.37988316404937095 ) ) ;
#5803 = CARTESIAN_POINT ( 'NONE',  ( -17.04327590061956599, 2.758210326803123280E-13, -43.88771629111199957 ) ) ;
#5804 = CARTESIAN_POINT ( 'NONE',  ( 39.95867164683923534, 0.000000000000000000, -27.17191083037187482 ) ) ;
#5805 = AXIS2_PLACEMENT_3D ( 'NONE', #6800, #2186, #2780 ) ;
#5806 = CARTESIAN_POINT ( 'NONE',  ( -41.40346119663684021, 2.758210326803123280E-13, -22.19282339133211224 ) ) ;
#5807 = CARTESIAN_POINT ( 'NONE',  ( -8.970409855364202656, 3.105155021998484699E-13, 48.13220495013607803 ) ) ;
#5808 = CARTESIAN_POINT ( 'NONE',  ( -47.07165387564119641, 3.105155021998484699E-13, 12.22458185506077832 ) ) ;
#5809 = CARTESIAN_POINT ( 'NONE',  ( -5.261528142357095206, 10.00000000000000000, -46.69895909887053875 ) ) ;
#5810 = CARTESIAN_POINT ( 'NONE',  ( 46.08513344277532298, 0.000000000000000000, 15.40480195492111015 ) ) ;
#5811 = CARTESIAN_POINT ( 'NONE',  ( -44.36549163220843184, 0.000000000000000000, 17.86373836095681256 ) ) ;
#5812 = EDGE_CURVE ( 'NONE', #4680, #1215, #3363, .T. ) ;
#5813 = VERTEX_POINT ( 'NONE', #3987 ) ;
#5814 = CARTESIAN_POINT ( 'NONE',  ( -46.58277300975366586, 10.00000000000000000, 11.68200449670956864 ) ) ;
#5815 = CARTESIAN_POINT ( 'NONE',  ( 15.15457490054883927, 10.00000000000000000, 44.57514820140895750 ) ) ;
#5816 = CARTESIAN_POINT ( 'NONE',  ( 14.66602667439688190, 10.00000000000000000, 44.62819223802210900 ) ) ;
#5817 = CARTESIAN_POINT ( 'NONE',  ( 39.25387599975676522, 10.00000000000000000, -29.22991207905507949 ) ) ;
#5818 = DIRECTION ( 'NONE',  ( -0.000000000000000000, 1.000000000000000000, -0.000000000000000000 ) ) ;
#5819 = ORIENTED_EDGE ( 'NONE', *, *, #1948, .F. ) ;
#5820 = CARTESIAN_POINT ( 'NONE',  ( -45.99848029524338955, 0.000000000000000000, -10.75378807469441966 ) ) ;
#5821 = CARTESIAN_POINT ( 'NONE',  ( -28.20955984022288376, 10.00000000000000000, -39.06230543890035278 ) ) ;
#5822 = CARTESIAN_POINT ( 'NONE',  ( 31.57222170595121824, 10.00000000000000000, 34.79723650301753679 ) ) ;
#5823 = AXIS2_PLACEMENT_3D ( 'NONE', #2192, #7283, #1199 ) ;
#5824 = CARTESIAN_POINT ( 'NONE',  ( -37.86857215203296789, 3.105155021998484699E-13, 29.75700132858588987 ) ) ;
#5825 = CARTESIAN_POINT ( 'NONE',  ( 48.05831803054861240, 10.00000000000000000, 1.794575443993277508 ) ) ;
#5826 = FACE_OUTER_BOUND ( 'NONE', #5653, .T. ) ;
#5827 = CARTESIAN_POINT ( 'NONE',  ( 20.13559923336973512, 2.758210326803123280E-13, -42.53991421672181872 ) ) ;
#5828 = CARTESIAN_POINT ( 'NONE',  ( -22.34997608241848610, 0.000000000000000000, 43.27906376181594794 ) ) ;
#5829 = CARTESIAN_POINT ( 'NONE',  ( -26.04487969008613391, 0.000000000000000000, -40.98070861216582017 ) ) ;
#5830 = CARTESIAN_POINT ( 'NONE',  ( 47.01651976824830115, 10.00000000000000000, 8.150104650336842838 ) ) ;
#5831 = LINE ( 'NONE', #5797, #6997 ) ;
#5832 = DIRECTION ( 'NONE',  ( -0.2868677519576806612, -1.030477389931695699E-15, -0.9579701941536314935 ) ) ;
#5833 = FACE_BOUND ( 'NONE', #1105, .T. ) ;
#5834 = ORIENTED_EDGE ( 'NONE', *, *, #5151, .T. ) ;
#5835 = CARTESIAN_POINT ( 'NONE',  ( -46.85395203707653167, 10.00000000000000000, -3.462104312925134320 ) ) ;
#5836 = ORIENTED_EDGE ( 'NONE', *, *, #4917, .T. ) ;
#5837 = CARTESIAN_POINT ( 'NONE',  ( 35.59206882314446574, 0.000000000000000000, 30.97119661151224079 ) ) ;
#5838 = AXIS2_PLACEMENT_3D ( 'NONE', #3143, #234, #5391 ) ;
#5839 = CARTESIAN_POINT ( 'NONE',  ( 20.47677587917820219, 0.000000000000000000, -42.28341895311490362 ) ) ;
#5840 = CARTESIAN_POINT ( 'NONE',  ( -44.36549163207975965, 10.00000000000000000, -17.86373836160798945 ) ) ;
#5841 = CARTESIAN_POINT ( 'NONE',  ( -12.57257308734778078, 10.00000000000000000, 45.66709288493858310 ) ) ;
#5842 = CARTESIAN_POINT ( 'NONE',  ( -46.01862772539637092, 3.105155021998484699E-13, 9.527638197073789783 ) ) ;
#5843 = CC_DESIGN_APPROVAL ( #1434, ( #6318 ) ) ;
#5844 = CARTESIAN_POINT ( 'NONE',  ( 1.391503987108191120, 10.00000000000000000, -46.97380805610476528 ) ) ;
#5845 = CARTESIAN_POINT ( 'NONE',  ( 3.202426590518085980, 2.758210326803123280E-13, -47.62871612217983142 ) ) ;
#5846 = CARTESIAN_POINT ( 'NONE',  ( -43.70179320605875262, 0.000000000000000000, 20.99370316739435793 ) ) ;
#5847 = CARTESIAN_POINT ( 'NONE',  ( -46.50258969469062009, 10.00000000000000000, 14.49509937299239581 ) ) ;
#5848 = CARTESIAN_POINT ( 'NONE',  ( 13.08602879888290538, 10.00000000000000000, 46.68338290334923357 ) ) ;
#5849 = CARTESIAN_POINT ( 'NONE',  ( -4.644197830944306382, 10.00000000000000000, 46.75014313054053616 ) ) ;
#5850 = CARTESIAN_POINT ( 'NONE',  ( 48.89907398102938885, 0.000000000000000000, 3.215505859469473204 ) ) ;
#5851 = CARTESIAN_POINT ( 'NONE',  ( 36.68117242723831595, 10.00000000000000000, -29.67325348895138504 ) ) ;
#5852 = DIRECTION ( 'NONE',  ( 0.000000000000000000, 0.000000000000000000, 1.000000000000000000 ) ) ;
#5853 = ORIENTED_EDGE ( 'NONE', *, *, #5016, .T. ) ;
#5854 = CARTESIAN_POINT ( 'NONE',  ( -46.96857664265848342, 0.000000000000000000, -8.422003629410825809 ) ) ;
#5855 = CARTESIAN_POINT ( 'NONE',  ( -28.12498365847899962, 2.758210326803123280E-13, -39.81159203444778427 ) ) ;
#5856 = CARTESIAN_POINT ( 'NONE',  ( 34.56643311945816066, 3.105155021998484699E-13, 34.52604948009167174 ) ) ;
#5857 = CARTESIAN_POINT ( 'NONE',  ( -38.98539122623355269, 3.105155021998484699E-13, 26.90152853543659361 ) ) ;
#5858 = CARTESIAN_POINT ( 'NONE',  ( -28.22922351367636651, 3.105155021998484699E-13, 38.07882712709600526 ) ) ;
#5859 = CARTESIAN_POINT ( 'NONE',  ( 44.95693045144007982, 10.00000000000000000, 17.93557531665695137 ) ) ;
#5860 = CARTESIAN_POINT ( 'NONE',  ( -2.133709875451472726E-13, 3.999999999999974243, 30.00000000000000000 ) ) ;
#5861 = CARTESIAN_POINT ( 'NONE',  ( 20.47677587917820219, 10.00000000000000000, -42.28341895311490362 ) ) ;
#5862 = CARTESIAN_POINT ( 'NONE',  ( -24.99081225359555347, 0.000000000000000000, 40.48006136460618620 ) ) ;
#5863 = CARTESIAN_POINT ( 'NONE',  ( -22.46789492665763177, 0.000000000000000000, -43.04588155750463585 ) ) ;
#5864 = CARTESIAN_POINT ( 'NONE',  ( 45.23049544007627532, 10.00000000000000000, 14.26683525308319567 ) ) ;
#5865 = FACE_OUTER_BOUND ( 'NONE', #928, .T. ) ;
#5866 = CARTESIAN_POINT ( 'NONE',  ( 11.42095920628385741, 3.382710778154773834E-14, 33.92165911943856571 ) ) ;
#5867 = DIRECTION ( 'NONE',  ( 0.000000000000000000, 0.000000000000000000, 1.000000000000000000 ) ) ;
#5868 = EDGE_LOOP ( 'NONE', ( #3241, #6359 ) ) ;
#5869 = CARTESIAN_POINT ( 'NONE',  ( -48.13644352860126929, 10.00000000000000000, -1.545359652178477150 ) ) ;
#5870 = ORIENTED_EDGE ( 'NONE', *, *, #3938, .F. ) ;
#5871 = CARTESIAN_POINT ( 'NONE',  ( 29.18936109801871126, 0.000000000000000000, 39.05559196647013209 ) ) ;
#5872 = CARTESIAN_POINT ( 'NONE',  ( 23.45473061560131711, 0.000000000000000000, -42.73591345936370800 ) ) ;
#5873 = CARTESIAN_POINT ( 'NONE',  ( -44.88076518825309336, 10.00000000000000000, -18.53297485571713565 ) ) ;
#5874 = CARTESIAN_POINT ( 'NONE',  ( -13.45816900407698391, 3.105155021998484699E-13, 46.36470106900110011 ) ) ;
#5875 = CARTESIAN_POINT ( 'NONE',  ( -46.88379344560703288, 3.105155021998484699E-13, 14.04151760477095934 ) ) ;
#5876 = CARTESIAN_POINT ( 'NONE',  ( -22.47340223554285288, 10.00000000000000000, -42.51794034354355034 ) ) ;
#5877 = CARTESIAN_POINT ( 'NONE',  ( -4.140029179943925719, 10.00000000000000000, -46.95380462336989069 ) ) ;
#5878 = CARTESIAN_POINT ( 'NONE',  ( -46.98971807205598594, 10.00000000000000000, 12.04115489073013201 ) ) ;
#5879 = CARTESIAN_POINT ( 'NONE',  ( 11.64692101351079501, 3.105155021998484699E-13, 47.59855720196431861 ) ) ;
#5880 = CARTESIAN_POINT ( 'NONE',  ( 9.638685457743054741, 10.00000000000000000, 46.58617613161766968 ) ) ;
#5881 = CARTESIAN_POINT ( 'NONE',  ( 48.64595250867724019, 0.000000000000000000, 4.273903290918795506 ) ) ;
#5882 = CARTESIAN_POINT ( 'NONE',  ( 21.45409433957454581, 10.00000000000000000, -42.01324511761499281 ) ) ;
#5883 = LINE ( 'NONE', #6343, #734 ) ;
#5884 = ORIENTED_EDGE ( 'NONE', *, *, #3608, .T. ) ;
#5885 = CIRCLE ( 'NONE', #6597, 0.8999999999999998002 ) ;
#5886 = CARTESIAN_POINT ( 'NONE',  ( -47.07165387555303937, 0.000000000000000000, -12.22458185573142586 ) ) ;
#5887 = CARTESIAN_POINT ( 'NONE',  ( -31.36650230799046568, 10.00000000000000000, -36.97315242671792390 ) ) ;
#5888 = CARTESIAN_POINT ( 'NONE',  ( 33.23961192595679393, 3.105155021998484699E-13, 34.45801783335500090 ) ) ;
#5889 = CARTESIAN_POINT ( 'NONE',  ( -41.76916595840862101, 10.00000000000000000, 24.30200957677488205 ) ) ;
#5890 = CARTESIAN_POINT ( 'NONE',  ( -33.46261586852389058, 3.105155021998484699E-13, 35.22616371385498724 ) ) ;
#5891 = CARTESIAN_POINT ( 'NONE',  ( 45.99391006620061972, 10.00000000000000000, 16.91025827844341833 ) ) ;
#5892 = CARTESIAN_POINT ( 'NONE',  ( -25.98076211353329867, 3.999999999999973355, 21.52499999999976410 ) ) ;
#5893 = AXIS2_PLACEMENT_3D ( 'NONE', #6495, #3804, #2625 ) ;
#5894 = CARTESIAN_POINT ( 'NONE',  ( 18.84111122075580269, 2.758210326803123280E-13, -45.17269837914102482 ) ) ;
#5895 = CARTESIAN_POINT ( 'NONE',  ( -15.81831764452721778, 0.000000000000000000, 46.26082462678538576 ) ) ;
#5896 = ADVANCED_FACE ( 'NONE', ( #1617, #6713 ), #3912, .T. ) ;
#5897 = ADVANCED_FACE ( 'NONE', ( #2805 ), #222, .F. ) ;
#5898 = CARTESIAN_POINT ( 'NONE',  ( -16.34082967223938354, 0.000000000000000000, -45.13494020345122237 ) ) ;
#5899 = CARTESIAN_POINT ( 'NONE',  ( 45.07584220103480988, 3.105155021998484699E-13, 13.29078285863055697 ) ) ;
#5900 = VECTOR ( 'NONE', #4238, 1000.000000000000000 ) ;
#5901 = CARTESIAN_POINT ( 'NONE',  ( 5.204748896376252474E-15, 5.000000000000000000, 42.50000000000000711 ) ) ;
#5902 = DIRECTION ( 'NONE',  ( -0.000000000000000000, 1.000000000000000000, -0.000000000000000000 ) ) ;
#5903 = FACE_BOUND ( 'NONE', #3990, .T. ) ;
#5904 = ORIENTED_EDGE ( 'NONE', *, *, #3398, .F. ) ;
#5905 = CARTESIAN_POINT ( 'NONE',  ( 0.000000000000000000, 1.500000000000000000, 0.000000000000000000 ) ) ;
#5906 = VECTOR ( 'NONE', #4751, 1000.000000000000000 ) ;
#5907 = ORIENTED_EDGE ( 'NONE', *, *, #4148, .T. ) ;
#5908 = CARTESIAN_POINT ( 'NONE',  ( 20.94506685077896080, 0.000000000000000000, 42.07842875128022797 ) ) ;
#5909 = CARTESIAN_POINT ( 'NONE',  ( 27.48593654754554549, 0.000000000000000000, -38.60361176118227888 ) ) ;
#5910 = CARTESIAN_POINT ( 'NONE',  ( -44.09735811414089568, 2.758210326803123280E-13, -17.26532196684733833 ) ) ;
#5911 = CARTESIAN_POINT ( 'NONE',  ( 48.64595250870810617, 2.758210326803123280E-13, -4.273903290900043395 ) ) ;
#5912 = CARTESIAN_POINT ( 'NONE',  ( -7.423693273924905078, 10.00000000000000000, 48.18061274185853193 ) ) ;
#5913 = CIRCLE ( 'NONE', #6858, 0.9000000000000014655 ) ;
#5914 = CARTESIAN_POINT ( 'NONE',  ( -48.86852676800263851, 10.00000000000000000, 0.7683555395103107699 ) ) ;
#5915 = CARTESIAN_POINT ( 'NONE',  ( -17.04327590061956599, 10.00000000000000000, -43.88771629111199957 ) ) ;
#5916 = CARTESIAN_POINT ( 'NONE',  ( 0.6770610334620938975, 2.758210326803123280E-13, -47.24381324527194437 ) ) ;
#5917 = VECTOR ( 'NONE', #5078, 1000.000000000000000 ) ;
#5918 = VERTEX_POINT ( 'NONE', #1069 ) ;
#5919 = CARTESIAN_POINT ( 'NONE',  ( 25.98076211353339815, 3.999999999999970690, -21.52499999999957581 ) ) ;
#5920 = CARTESIAN_POINT ( 'NONE',  ( 13.28424752735132586, 3.105155021998484699E-13, 45.83027493251469764 ) ) ;
#5921 = CARTESIAN_POINT ( 'NONE',  ( 2.602921011580702437, 10.00000000000000000, 47.16706221799088183 ) ) ;
#5922 = CARTESIAN_POINT ( 'NONE',  ( 48.27420884672838497, 0.000000000000000000, 4.756445711813475086 ) ) ;
#5923 = CARTESIAN_POINT ( 'NONE',  ( 19.45768270955788282, 10.00000000000000000, -43.89147979887606965 ) ) ;
#5924 = DIRECTION ( 'NONE',  ( -0.000000000000000000, -1.000000000000000000, 0.000000000000000000 ) ) ;
#5925 = CARTESIAN_POINT ( 'NONE',  ( -46.69674352696663533, 0.000000000000000000, -14.30181089916401760 ) ) ;
#5926 = CARTESIAN_POINT ( 'NONE',  ( -37.68019582115950072, 2.758210326803123280E-13, -29.24677134282356405 ) ) ;
#5927 = CARTESIAN_POINT ( 'NONE',  ( 35.52546921083849440, 3.105155021998484699E-13, 31.64043456666574983 ) ) ;
#5928 = CARTESIAN_POINT ( 'NONE',  ( -41.61562696393023941, 3.105155021998484699E-13, 25.88321177492099423 ) ) ;
#5929 = CARTESIAN_POINT ( 'NONE',  ( -33.46714325955761637, 3.105155021998484699E-13, 34.93885925296681449 ) ) ;
#5930 = CARTESIAN_POINT ( 'NONE',  ( 39.83533076696142672, 10.00000000000000000, 27.01599365178982737 ) ) ;
#5931 =( REPRESENTATION_RELATIONSHIP ('NONE','NONE', #3933, #6708 ) REPRESENTATION_RELATIONSHIP_WITH_TRANSFORMATION ( #6349 )SHAPE_REPRESENTATION_RELATIONSHIP( ) );
#5932 = DIRECTION ( 'NONE',  ( 0.000000000000000000, 1.000000000000000000, 0.000000000000000000 ) ) ;
#5933 = ORIENTED_EDGE ( 'NONE', *, *, #1754, .T. ) ;
#5934 = CARTESIAN_POINT ( 'NONE',  ( -16.37600682961056364, 0.000000000000000000, 45.46512173789954403 ) ) ;
#5935 = CARTESIAN_POINT ( 'NONE',  ( -16.54945442412029166, 0.000000000000000000, -44.53514656172582420 ) ) ;
#5936 = CALENDAR_DATE ( 2026, 12, 8 ) ;
#5937 = CARTESIAN_POINT ( 'NONE',  ( 47.70294041331264623, 10.00000000000000000, 8.677611613498498855 ) ) ;
#5938 = CARTESIAN_POINT ( 'NONE',  ( 9.500000000000133227, -5.000000000000000000, -17.35448267190425753 ) ) ;
#5939 = CARTESIAN_POINT ( 'NONE',  ( 1.604287306883032847E-15, 2.000000000000000000, 13.10000000000000142 ) ) ;
#5940 = FACE_OUTER_BOUND ( 'NONE', #7124, .T. ) ;
#5941 = VERTEX_POINT ( 'NONE', #452 ) ;
#5942 = CARTESIAN_POINT ( 'NONE',  ( -20.16989368156881213, 10.00000000000000000, -44.22350273549039912 ) ) ;
#5943 = ORIENTED_EDGE ( 'NONE', *, *, #5124, .F. ) ;
#5944 = CARTESIAN_POINT ( 'NONE',  ( 19.88971653157062036, 0.000000000000000000, 42.81059083866684034 ) ) ;
#5945 = CARTESIAN_POINT ( 'NONE',  ( 22.25934983035124048, 0.000000000000000000, -42.18639752616959981 ) ) ;
#5946 = CARTESIAN_POINT ( 'NONE',  ( -44.94032137147022610, 10.00000000000000000, -18.78739623987685903 ) ) ;
#5947 = CARTESIAN_POINT ( 'NONE',  ( 47.97904408508092899, 10.00000000000000000, -9.555865791217094340 ) ) ;
#5948 = CARTESIAN_POINT ( 'NONE',  ( -16.34082967256446395, 10.00000000000000000, 45.13494020300205278 ) ) ;
#5949 = CARTESIAN_POINT ( 'NONE',  ( -48.57461215930914022, 10.00000000000000000, 1.282795167420516025 ) ) ;
#5950 = CARTESIAN_POINT ( 'NONE',  ( -14.92407106251932625, 10.00000000000000000, -46.67105651087025819 ) ) ;
#5951 = CARTESIAN_POINT ( 'NONE',  ( -3.179053583592042820, 2.758210326803123280E-13, -48.27698387068920027 ) ) ;
#5952 = VERTEX_POINT ( 'NONE', #6085 ) ;
#5953 = ADVANCED_FACE ( 'NONE', ( #5506 ), #7265, .T. ) ;
#5954 = CARTESIAN_POINT ( 'NONE',  ( -48.86852676799713890, 0.000000000000000000, -0.7683555401938784168 ) ) ;
#5955 = DIRECTION ( 'NONE',  ( 0.000000000000000000, 1.000000000000000000, 0.000000000000000000 ) ) ;
#5956 = CC_DESIGN_SECURITY_CLASSIFICATION ( #6663, ( #6318 ) ) ;
#5957 = CARTESIAN_POINT ( 'NONE',  ( 3.313832755917772488, 3.105155021998484699E-13, 47.76238363015728794 ) ) ;
#5958 = CARTESIAN_POINT ( 'NONE',  ( -1.395924204097653165, 10.00000000000000000, 48.97028130933051671 ) ) ;
#5959 = CARTESIAN_POINT ( 'NONE',  ( 46.54892818206474203, 0.000000000000000000, 7.223747721253187315 ) ) ;
#5960 = CARTESIAN_POINT ( 'NONE',  ( 19.28701064628022976, 10.00000000000000000, -44.71769888560690731 ) ) ;
#5961 = DIRECTION ( 'NONE',  ( 1.225704244250531114E-16, 1.000000000000000000, -1.659623823642743815E-19 ) ) ;
#5962 = EDGE_LOOP ( 'NONE', ( #6429, #1688, #4437, #2473 ) ) ;
#5963 = CARTESIAN_POINT ( 'NONE',  ( -37.64166828669946341, 10.00000000000000000, -31.37676539785092089 ) ) ;
#5964 = CARTESIAN_POINT ( 'NONE',  ( 32.85192360669895351, 3.105155021998484699E-13, 34.40696876749404964 ) ) ;
#5965 = CARTESIAN_POINT ( 'NONE',  ( -41.26638704559058368, 3.105155021998484699E-13, 22.66473460820860097 ) ) ;
#5966 = CARTESIAN_POINT ( 'NONE',  ( -28.22922351367636651, 10.00000000000000000, 38.07882712709600526 ) ) ;
#5967 = CARTESIAN_POINT ( 'NONE',  ( 41.93074063585570599, 10.00000000000000000, 24.02215402624328533 ) ) ;
#5968 = CARTESIAN_POINT ( 'NONE',  ( 47.55216876276523408, 10.00000000000000000, -1.397484914387289834 ) ) ;
#5969 = CARTESIAN_POINT ( 'NONE',  ( 40.63327091337148289, 2.758210326803123280E-13, -24.17415757906816509 ) ) ;
#5970 = CARTESIAN_POINT ( 'NONE',  ( -16.75100435979412694, 0.000000000000000000, 44.21375863566903774 ) ) ;
#5971 = CARTESIAN_POINT ( 'NONE',  ( -27.23427133751857099, 0.000000000000000000, -40.74007315718172606 ) ) ;
#5972 = APPROVAL_DATE_TIME ( #7224, #1434 ) ;
#5973 = CARTESIAN_POINT ( 'NONE',  ( 46.20419157647511810, 3.105155021998484699E-13, 11.70495020559071619 ) ) ;
#5974 =( NAMED_UNIT ( * ) SI_UNIT ( $, .STERADIAN. ) SOLID_ANGLE_UNIT ( ) );
#5975 = CARTESIAN_POINT ( 'NONE',  ( 25.98076211353339815, 0.000000000000000000, -14.99999999999957900 ) ) ;
#5976 = FACE_OUTER_BOUND ( 'NONE', #3195, .T. ) ;
#5977 = ORIENTED_EDGE ( 'NONE', *, *, #4974, .T. ) ;
#5978 = CARTESIAN_POINT ( 'NONE',  ( 35.39194185234968870, 2.758210326803123280E-13, -33.89496606802079270 ) ) ;
#5979 = CARTESIAN_POINT ( 'NONE',  ( -23.07909855399385535, 10.00000000000000000, -41.00998302157595532 ) ) ;
#5980 = ORIENTED_EDGE ( 'NONE', *, *, #4797, .F. ) ;
#5981 = CARTESIAN_POINT ( 'NONE',  ( 33.40829916710654146, 0.000000000000000000, 34.50086255634933963 ) ) ;
#5982 = CARTESIAN_POINT ( 'NONE',  ( 25.28302191802704613, 0.000000000000000000, -41.68034871168424615 ) ) ;
#5983 = CIRCLE ( 'NONE', #3746, 3.499999999999999556 ) ;
#5984 = CARTESIAN_POINT ( 'NONE',  ( -46.10143807492499946, 2.758210326803123280E-13, -11.02467881611131162 ) ) ;
#5985 = CARTESIAN_POINT ( 'NONE',  ( 47.46058379553293349, 10.00000000000000000, -8.519075685029187994 ) ) ;
#5986 = CARTESIAN_POINT ( 'NONE',  ( -19.68822740932168358, 3.105155021998484699E-13, 43.92142064847359251 ) ) ;
#5987 = DIRECTION ( 'NONE',  ( 0.000000000000000000, 0.000000000000000000, 1.000000000000000000 ) ) ;
#5988 = CARTESIAN_POINT ( 'NONE',  ( -20.16989368156881213, 10.00000000000000000, -44.22350273549039912 ) ) ;
#5989 = CARTESIAN_POINT ( 'NONE',  ( -2.088408008557983919, 10.00000000000000000, -48.93732214190114149 ) ) ;
#5990 = ORIENTED_EDGE ( 'NONE', *, *, #5059, .T. ) ;
#5991 = EDGE_CURVE ( 'NONE', #377, #6288, #1693, .T. ) ;
#5992 = EDGE_CURVE ( 'NONE', #4175, #769, #3397, .T. ) ;
#5993 = CARTESIAN_POINT ( 'NONE',  ( -48.86852676800263851, 10.00000000000000000, 0.7683555395103107699 ) ) ;
#5994 = CARTESIAN_POINT ( 'NONE',  ( 6.199796286080736962, 10.00000000000000000, 48.31315845756013516 ) ) ;
#5995 = CARTESIAN_POINT ( 'NONE',  ( -0.7726084942256823407, 10.00000000000000000, 48.81229980285928605 ) ) ;
#5996 = CARTESIAN_POINT ( 'NONE',  ( 46.65782213712241600, 0.000000000000000000, 7.580822739802151489 ) ) ;
#5997 = CARTESIAN_POINT ( 'NONE',  ( 25.40124455813498372, 10.00000000000000000, -41.42371570279335202 ) ) ;
#5998 = DIRECTION ( 'NONE',  ( 0.000000000000000000, 0.000000000000000000, 1.000000000000000000 ) ) ;
#5999 = ORIENTED_EDGE ( 'NONE', *, *, #2655, .F. ) ;
#6000 = CARTESIAN_POINT ( 'NONE',  ( 25.47802476116791581, 3.105155021998484699E-13, 40.00263191534361340 ) ) ;
#6001 = CARTESIAN_POINT ( 'NONE',  ( 46.99999999999997158, 0.000000000000000000, -4.799259554187569168E-12 ) ) ;
#6002 = CARTESIAN_POINT ( 'NONE',  ( 43.11834910094705009, 10.00000000000000000, 21.11566684127869564 ) ) ;
#6003 = CARTESIAN_POINT ( 'NONE',  ( 46.99999999999997158, 10.00000000000000000, -4.799259554187569168E-12 ) ) ;
#6004 = ADVANCED_FACE ( 'NONE', ( #5651 ), #3989, .F. ) ;
#6005 = ORIENTED_EDGE ( 'NONE', *, *, #5059, .F. ) ;
#6006 = CARTESIAN_POINT ( 'NONE',  ( -29.89409614295442097, 0.000000000000000000, 36.61644788586827559 ) ) ;
#6007 = CARTESIAN_POINT ( 'NONE',  ( -33.60807469255861690, 0.000000000000000000, -32.82745454591130851 ) ) ;
#6008 = DATE_AND_TIME ( #7079, #4080 ) ;
#6009 = CARTESIAN_POINT ( 'NONE',  ( 43.37048054946014020, 10.00000000000000000, 22.80168480190333469 ) ) ;
#6010 = DIRECTION ( 'NONE',  ( -0.000000000000000000, -1.000000000000000000, -0.000000000000000000 ) ) ;
#6011 = CARTESIAN_POINT ( 'NONE',  ( 25.98076211353339815, 1.500000000000000000, -14.99999999999957900 ) ) ;
#6012 = ORIENTED_EDGE ( 'NONE', *, *, #1188, .T. ) ;
#6013 = CARTESIAN_POINT ( 'NONE',  ( -37.43648903217425783, 10.00000000000000000, 31.62128862603388058 ) ) ;
#6014 = CARTESIAN_POINT ( 'NONE',  ( 31.57222170620183732, 10.00000000000000000, -34.79723650312175209 ) ) ;
#6015 = CARTESIAN_POINT ( 'NONE',  ( -22.56135536600321956, 2.758210326803123280E-13, -41.88270893814465268 ) ) ;
#6016 = EDGE_LOOP ( 'NONE', ( #7270, #1516, #5487, #6087 ) ) ;
#6017 = CARTESIAN_POINT ( 'NONE',  ( 22.25934983004736978, 0.000000000000000000, 42.18639752599842296 ) ) ;
#6018 = AXIS2_PLACEMENT_3D ( 'NONE', #7123, #3728, #6053 ) ;
#6019 = CARTESIAN_POINT ( 'NONE',  ( 6.544706139811871992, 0.000000000000000000, -47.93070174219494106 ) ) ;
#6020 = CARTESIAN_POINT ( 'NONE',  ( -46.34903428451813312, 10.00000000000000000, -11.42441798806080477 ) ) ;
#6021 = CARTESIAN_POINT ( 'NONE',  ( 47.93659817308496685, 10.00000000000000000, -9.236994885837962244 ) ) ;
#6022 = CARTESIAN_POINT ( 'NONE',  ( -16.44346210324423296, 10.00000000000000000, 44.82887006669356111 ) ) ;
#6023 = CARTESIAN_POINT ( 'NONE',  ( -48.55650356979466409, 3.105155021998484699E-13, 6.441202254082487144 ) ) ;
#6024 = CIRCLE ( 'NONE', #6257, 3.499999999999999556 ) ;
#6025 = CARTESIAN_POINT ( 'NONE',  ( -26.30578014772677875, 10.00000000000000000, -40.99517880169772610 ) ) ;
#6026 = CARTESIAN_POINT ( 'NONE',  ( -11.49313742289316309, 2.758210326803123280E-13, -45.55319594661180105 ) ) ;
#6027 = ORIENTED_EDGE ( 'NONE', *, *, #4199, .F. ) ;
#6028 = CARTESIAN_POINT ( 'NONE',  ( 46.10308376688785614, 0.000000000000000000, -16.61030621710630228 ) ) ;
#6029 = AXIS2_PLACEMENT_3D ( 'NONE', #4159, #5818, #4610 ) ;
#6030 = CARTESIAN_POINT ( 'NONE',  ( 0.000000000000000000, 2.000000000000000000, 0.000000000000000000 ) ) ;
#6031 = CARTESIAN_POINT ( 'NONE',  ( 3.698543797383589737, 3.105155021998484699E-13, 48.36676328086463172 ) ) ;
#6032 = CARTESIAN_POINT ( 'NONE',  ( -47.51205586092479649, 0.000000000000000000, 8.227163105237080387 ) ) ;
#6033 = CARTESIAN_POINT ( 'NONE',  ( -6.836039188851542825, 10.00000000000000000, 47.67364694751805843 ) ) ;
#6034 = CARTESIAN_POINT ( 'NONE',  ( 29.85649611602950060, 10.00000000000000000, -38.83056500841107805 ) ) ;
#6035 = CARTESIAN_POINT ( 'NONE',  ( 15.58804164124541458, 10.00000000000000000, -44.63704192822413575 ) ) ;
#6036 = AXIS2_PLACEMENT_3D ( 'NONE', #6775, #1682, #1605 ) ;
#6037 = EDGE_CURVE ( 'NONE', #205, #6124, #2094, .T. ) ;
#6038 = FACE_OUTER_BOUND ( 'NONE', #5646, .T. ) ;
#6039 = CARTESIAN_POINT ( 'NONE',  ( 30.79779147582428322, 3.105155021998484699E-13, 36.76856092957612532 ) ) ;
#6040 = CIRCLE ( 'NONE', #3336, 6.524999999999999467 ) ;
#6041 = CARTESIAN_POINT ( 'NONE',  ( -25.98076211353329867, 5.000000000000000000, 7.474999999999745626 ) ) ;
#6042 = CARTESIAN_POINT ( 'NONE',  ( 31.92845245670919496, 10.00000000000000000, 34.58747117249463798 ) ) ;
#6043 = CARTESIAN_POINT ( 'NONE',  ( 48.81657376000020321, 10.00000000000000000, -3.843863664540267067 ) ) ;
#6044 = CARTESIAN_POINT ( 'NONE',  ( -46.69386976621652252, 10.00000000000000000, -8.594477431465724848 ) ) ;
#6045 = CARTESIAN_POINT ( 'NONE',  ( 41.29244157201614485, 2.758210326803123280E-13, -23.97810055949193497 ) ) ;
#6046 = CARTESIAN_POINT ( 'NONE',  ( -27.51569821828158879, 0.000000000000000000, 40.55297343704524593 ) ) ;
#6047 = CARTESIAN_POINT ( 'NONE',  ( -30.86198350449595296, 0.000000000000000000, -36.71469742232581979 ) ) ;
#6048 = ADVANCED_FACE ( 'NONE', ( #7190 ), #2139, .T. ) ;
#6049 = SHAPE_DEFINITION_REPRESENTATION ( #2312, #3933 ) ;
#6050 = CARTESIAN_POINT ( 'NONE',  ( 42.98576811683953025, 3.105155021998484699E-13, 20.86244430911290593 ) ) ;
#6051 = DIRECTION ( 'NONE',  ( 1.000000000000000000, 0.000000000000000000, 0.000000000000000000 ) ) ;
#6052 = LINE ( 'NONE', #1000, #3047 ) ;
#6053 = DIRECTION ( 'NONE',  ( 0.000000000000000000, 0.000000000000000000, 1.000000000000000000 ) ) ;
#6054 = VERTEX_POINT ( 'NONE', #1287 ) ;
#6055 = CARTESIAN_POINT ( 'NONE',  ( 35.83547300762123200, 2.758210326803123280E-13, -32.76542501798784457 ) ) ;
#6056 = CARTESIAN_POINT ( 'NONE',  ( -23.07909855399385535, 2.758210326803123280E-13, -41.00998302157595532 ) ) ;
#6057 = ORIENTED_EDGE ( 'NONE', *, *, #3041, .T. ) ;
#6058 = CARTESIAN_POINT ( 'NONE',  ( 7.096471593054904936, 0.000000000000000000, 46.82209335659425875 ) ) ;
#6059 = CARTESIAN_POINT ( 'NONE',  ( 7.988445472807269354, 0.000000000000000000, -46.31133393159194611 ) ) ;
#6060 = CARTESIAN_POINT ( 'NONE',  ( -45.91785491649247319, 10.00000000000000000, -10.35711534514599919 ) ) ;
#6061 = CARTESIAN_POINT ( 'NONE',  ( 45.84327328043521987, 2.758210326803123280E-13, -17.19219884981356827 ) ) ;
#6062 = CARTESIAN_POINT ( 'NONE',  ( -17.04327590093569711, 3.105155021998484699E-13, 43.88771629065767144 ) ) ;
#6063 = CARTESIAN_POINT ( 'NONE',  ( -46.90313647495211313, 3.105155021998484699E-13, 2.927686506766195240 ) ) ;
#6064 = CARTESIAN_POINT ( 'NONE',  ( -33.39357040502779483, 10.00000000000000000, -35.52784148791953100 ) ) ;
#6065 = CARTESIAN_POINT ( 'NONE',  ( -12.57257308701887233, 2.758210326803123280E-13, -45.66709288536071654 ) ) ;
#6066 = CARTESIAN_POINT ( 'NONE',  ( 43.11834910109919861, 0.000000000000000000, -21.11566684129976323 ) ) ;
#6067 = DIRECTION ( 'NONE',  ( 0.000000000000000000, 0.000000000000000000, 1.000000000000000000 ) ) ;
#6068 = CARTESIAN_POINT ( 'NONE',  ( 3.864956067765980663, 3.105155021998484699E-13, 48.47930604321663139 ) ) ;
#6069 = CARTESIAN_POINT ( 'NONE',  ( -46.98971807205598594, 0.000000000000000000, 12.04115489073013201 ) ) ;
#6070 = CARTESIAN_POINT ( 'NONE',  ( -6.682706864030185656, 10.00000000000000000, 47.45928886728357554 ) ) ;
#6071 = CARTESIAN_POINT ( 'NONE',  ( 3.498989426539049319, 10.00000000000000000, -48.05621757618709466 ) ) ;
#6072 = CARTESIAN_POINT ( 'NONE',  ( 14.16787126586086920, 10.00000000000000000, -44.82238695560720743 ) ) ;
#6073 = DIRECTION ( 'NONE',  ( 1.225704244250531114E-16, 1.000000000000000000, -1.659623823642743815E-19 ) ) ;
#6074 = CARTESIAN_POINT ( 'NONE',  ( 28.39375601483105882, 3.105155021998484699E-13, 38.86548078570556441 ) ) ;
#6075 = CARTESIAN_POINT ( 'NONE',  ( 20.73457533539865949, 0.000000000000000000, 29.26295592348078856 ) ) ;
#6076 = CARTESIAN_POINT ( 'NONE',  ( 30.78997066976540253, 10.00000000000000000, 36.14083870392153131 ) ) ;
#6077 = CARTESIAN_POINT ( 'NONE',  ( 48.33900278726238753, 10.00000000000000000, -1.878659982060433720 ) ) ;
#6078 = CARTESIAN_POINT ( 'NONE',  ( -48.51587056971138168, 10.00000000000000000, -6.075331518999544045 ) ) ;
#6079 = CARTESIAN_POINT ( 'NONE',  ( -36.11136541559732649, 0.000000000000000000, 32.23010507145544068 ) ) ;
#6080 = CARTESIAN_POINT ( 'NONE',  ( -33.39357040502779483, 0.000000000000000000, -35.52784148791953100 ) ) ;
#6081 = APPROVAL_ROLE ( '' ) ;
#6082 = CARTESIAN_POINT ( 'NONE',  ( 43.51869010671406102, 3.105155021998484699E-13, 21.85829326923358451 ) ) ;
#6083 = EDGE_CURVE ( 'NONE', #4831, #1453, #1719, .T. ) ;
#6084 = PERSON_AND_ORGANIZATION ( #3204, #5727 ) ;
#6085 = CARTESIAN_POINT ( 'NONE',  ( 5.204748896376252474E-15, 10.00000000000000000, 42.50000000000000711 ) ) ;
#6086 = DIRECTION ( 'NONE',  ( 0.000000000000000000, 0.000000000000000000, 1.000000000000000000 ) ) ;
#6087 = ORIENTED_EDGE ( 'NONE', *, *, #3251, .T. ) ;
#6088 = CARTESIAN_POINT ( 'NONE',  ( 36.68117242723831595, 2.758210326803123280E-13, -29.67325348895138504 ) ) ;
#6089 = CARTESIAN_POINT ( 'NONE',  ( -21.03884784994413337, 10.00000000000000000, -44.21128466514112176 ) ) ;
#6090 = ORIENTED_EDGE ( 'NONE', *, *, #6037, .T. ) ;
#6091 = CARTESIAN_POINT ( 'NONE',  ( 13.14435199892035833, 0.000000000000000000, 46.49983071065356910 ) ) ;
#6092 = CARTESIAN_POINT ( 'NONE',  ( 6.390356373669691337, 0.000000000000000000, -48.13437006803174967 ) ) ;
#6093 = CARTESIAN_POINT ( 'NONE',  ( -48.35385230331711170, 10.00000000000000000, -7.430222860587518241 ) ) ;
#6094 = CARTESIAN_POINT ( 'NONE',  ( 45.76231138110704677, 2.758210326803123280E-13, -15.01062630788144148 ) ) ;
#6095 = CARTESIAN_POINT ( 'NONE',  ( -19.36711515965708230, 3.105155021998484699E-13, 43.69752291379761289 ) ) ;
#6096 = FACE_BOUND ( 'NONE', #4358, .T. ) ;
#6097 = CARTESIAN_POINT ( 'NONE',  ( -28.16194582709016103, 10.00000000000000000, -38.54419687471803968 ) ) ;
#6098 = CARTESIAN_POINT ( 'NONE',  ( -10.25976536010639073, 10.00000000000000000, -46.30419688410594148 ) ) ;
#6099 = EDGE_CURVE ( 'NONE', #205, #820, #5408, .T. ) ;
#6100 = EDGE_CURVE ( 'NONE', #3077, #5783, #4853, .T. ) ;
#6101 = CARTESIAN_POINT ( 'NONE',  ( 46.99151132232189809, 0.000000000000000000, -11.51396662814373251 ) ) ;
#6102 = CARTESIAN_POINT ( 'NONE',  ( -33.46714325930592082, 2.758210326803123280E-13, -34.93885925353939115 ) ) ;
#6103 = CARTESIAN_POINT ( 'NONE',  ( 47.05522970341394284, 2.758210326803123280E-13, -0.5483646429927174770 ) ) ;
#6104 = CARTESIAN_POINT ( 'NONE',  ( 9.345597098019135629, 10.00000000000000000, 46.42551185390585999 ) ) ;
#6105 = CARTESIAN_POINT ( 'NONE',  ( -41.21469895940511208, 3.105155021998484699E-13, 26.39902915748928791 ) ) ;
#6106 = CARTESIAN_POINT ( 'NONE',  ( -46.10143807500438129, 0.000000000000000000, 11.02467881544767714 ) ) ;
#6107 = CARTESIAN_POINT ( 'NONE',  ( -10.06524238237297553, 10.00000000000000000, 46.62468967039735190 ) ) ;
#6108 = CARTESIAN_POINT ( 'NONE',  ( 13.15008245762654759, 10.00000000000000000, -46.30110724291195368 ) ) ;
#6109 = CARTESIAN_POINT ( 'NONE',  ( 10.45795325596460579, 2.758210326803123280E-13, -47.41714284092778797 ) ) ;
#6110 = FACE_OUTER_BOUND ( 'NONE', #4041, .T. ) ;
#6111 = CARTESIAN_POINT ( 'NONE',  ( -38.70638873910764488, 10.00000000000000000, 27.02152812934768633 ) ) ;
#6112 = CARTESIAN_POINT ( 'NONE',  ( 29.18936109801871126, 3.105155021998484699E-13, 39.05559196647013209 ) ) ;
#6113 = FACE_OUTER_BOUND ( 'NONE', #1549, .T. ) ;
#6114 = CARTESIAN_POINT ( 'NONE',  ( 28.14737955430765837, 10.00000000000000000, 38.75389351849127451 ) ) ;
#6115 = CARTESIAN_POINT ( 'NONE',  ( 45.65387479844790164, 10.00000000000000000, -17.44902786893582203 ) ) ;
#6116 = CARTESIAN_POINT ( 'NONE',  ( -25.98076211353298604, 3.999999999999973355, -15.00000000000030020 ) ) ;
#6117 = ORIENTED_EDGE ( 'NONE', *, *, #2490, .T. ) ;
#6118 = CARTESIAN_POINT ( 'NONE',  ( 43.37048054962436083, 2.758210326803123280E-13, -22.80168480192262592 ) ) ;
#6119 = CARTESIAN_POINT ( 'NONE',  ( -31.10802785787805647, 0.000000000000000000, 36.84253340256477571 ) ) ;
#6120 = CARTESIAN_POINT ( 'NONE',  ( -33.27739363061889577, 0.000000000000000000, -34.44930059947426315 ) ) ;
#6121 = CARTESIAN_POINT ( 'NONE',  ( 43.44038315506078618, 3.105155021998484699E-13, 18.39358694124389970 ) ) ;
#6122 = CARTESIAN_POINT ( 'NONE',  ( 9.500000000000133227, -5.000000000000000000, -16.45448267190425895 ) ) ;
#6123 = CYLINDRICAL_SURFACE ( 'NONE', #949, 6.524999999999995914 ) ;
#6124 = VERTEX_POINT ( 'NONE', #5522 ) ;
#6125 = CARTESIAN_POINT ( 'NONE',  ( 34.56643311970682930, 10.00000000000000000, -34.52604948017420128 ) ) ;
#6126 = CARTESIAN_POINT ( 'NONE',  ( -23.97613782508700453, 10.00000000000000000, -40.49207715378800287 ) ) ;
#6127 = EDGE_CURVE ( 'NONE', #2141, #1148, #5371, .T. ) ;
#6128 = ADVANCED_FACE ( 'NONE', ( #469 ), #7061, .F. ) ;
#6129 = ORIENTED_EDGE ( 'NONE', *, *, #4822, .T. ) ;
#6130 = CARTESIAN_POINT ( 'NONE',  ( 9.345597098019135629, 0.000000000000000000, 46.42551185390585999 ) ) ;
#6131 = CARTESIAN_POINT ( 'NONE',  ( 13.28424752768143158, 0.000000000000000000, -45.83027493275058362 ) ) ;
#6132 = CARTESIAN_POINT ( 'NONE',  ( 0.000000000000000000, 2.000000000000000000, 0.000000000000000000 ) ) ;
#6133 = CARTESIAN_POINT ( 'NONE',  ( -47.24140356180067357, 10.00000000000000000, -8.287389339319970460 ) ) ;
#6134 = CARTESIAN_POINT ( 'NONE',  ( 44.70460516729353628, 10.00000000000000000, -17.91664482418755000 ) ) ;
#6135 = CARTESIAN_POINT ( 'NONE',  ( -23.07909855428925283, 3.105155021998484699E-13, 41.00998302107824856 ) ) ;
#6136 = FACE_BOUND ( 'NONE', #5765, .T. ) ;
#6137 = CARTESIAN_POINT ( 'NONE',  ( -36.38351655452650846, 10.00000000000000000, -32.20849532113646774 ) ) ;
#6138 = CARTESIAN_POINT ( 'NONE',  ( -11.00264056437452354, 10.00000000000000000, -45.69717597620824279 ) ) ;
#6139 = CARTESIAN_POINT ( 'NONE',  ( 47.66789133767134956, 0.000000000000000000, -10.88445959772304050 ) ) ;
#6140 = CARTESIAN_POINT ( 'NONE',  ( -33.34450281311436726, 2.758210326803123280E-13, -34.71131097356293793 ) ) ;
#6141 = CARTESIAN_POINT ( 'NONE',  ( 48.05831803056164375, 10.00000000000000000, -1.794575443978757123 ) ) ;
#6142 = CARTESIAN_POINT ( 'NONE',  ( -5.782359242915688036, 3.105155021998484699E-13, 46.81295823605800166 ) ) ;
#6143 = CARTESIAN_POINT ( 'NONE',  ( -43.51090059704131363, 3.105155021998484699E-13, 21.01927078807506888 ) ) ;
#6144 = CARTESIAN_POINT ( 'NONE',  ( -45.46852805698080857, 0.000000000000000000, 14.83317069612727579 ) ) ;
#6145 = CARTESIAN_POINT ( 'NONE',  ( -16.44346210324423296, 10.00000000000000000, 44.82887006669356111 ) ) ;
#6146 = CARTESIAN_POINT ( 'NONE',  ( 10.45795325596460579, 10.00000000000000000, -47.41714284092778797 ) ) ;
#6147 = CARTESIAN_POINT ( 'NONE',  ( 16.67966783544469678, 10.00000000000000000, -45.35459813167133092 ) ) ;
#6148 = CARTESIAN_POINT ( 'NONE',  ( 25.98076211353339815, 3.999999999999970690, -14.99999999999957900 ) ) ;
#6149 = AXIS2_PLACEMENT_3D ( 'NONE', #3392, #4461, #2913 ) ;
#6150 = CARTESIAN_POINT ( 'NONE',  ( -42.73316591954514365, 10.00000000000000000, 21.06864559280228377 ) ) ;
#6151 = CARTESIAN_POINT ( 'NONE',  ( 30.15150723448668657, 10.00000000000000000, 38.63869330512815736 ) ) ;
#6152 = DIRECTION ( 'NONE',  ( -0.000000000000000000, -1.000000000000000000, -0.000000000000000000 ) ) ;
#6153 = AXIS2_PLACEMENT_3D ( 'NONE', #2598, #1115, #3332 ) ;
#6154 = CARTESIAN_POINT ( 'NONE',  ( 26.49275082277663529, 10.00000000000000000, 38.79792018038274648 ) ) ;
#6155 = CARTESIAN_POINT ( 'NONE',  ( 46.10308376688785614, 10.00000000000000000, -16.61030621710630228 ) ) ;
#6156 = CARTESIAN_POINT ( 'NONE',  ( 11.90255470057654463, 3.252606517456513302E-14, 33.25958427549098673 ) ) ;
#6157 = VERTEX_POINT ( 'NONE', #2712 ) ;
#6158 = CARTESIAN_POINT ( 'NONE',  ( 38.98907634042849679, 10.00000000000000000, -29.41053317191330052 ) ) ;
#6159 = CARTESIAN_POINT ( 'NONE',  ( -34.04807669242067902, 0.000000000000000000, 32.39143301351742821 ) ) ;
#6160 = CARTESIAN_POINT ( 'NONE',  ( -42.54723761386655667, 0.000000000000000000, -21.13044767255253120 ) ) ;
#6161 = PERSON_AND_ORGANIZATION ( #3204, #5727 ) ;
#6162 = CARTESIAN_POINT ( 'NONE',  ( 43.51869010671406102, 10.00000000000000000, 21.85829326923358451 ) ) ;
#6163 = CARTESIAN_POINT ( 'NONE',  ( 11.42095920628385741, 0.5000000000000336398, 33.92165911943856571 ) ) ;
#6164 = CARTESIAN_POINT ( 'NONE',  ( 25.98076211353339815, 1.500000000000000000, -14.99999999999957900 ) ) ;
#6165 = ORIENTED_EDGE ( 'NONE', *, *, #5366, .T. ) ;
#6166 = CARTESIAN_POINT ( 'NONE',  ( 30.78997067002575960, 10.00000000000000000, -36.14083870403133147 ) ) ;
#6167 = CARTESIAN_POINT ( 'NONE',  ( 15.94902323054420101, 0.000000000000000000, 44.75368592608378293 ) ) ;
#6168 = CARTESIAN_POINT ( 'NONE',  ( 19.45768270955788282, 0.000000000000000000, -43.89147979887606965 ) ) ;
#6169 = CARTESIAN_POINT ( 'NONE',  ( -46.92501412294099339, 10.00000000000000000, -3.914778266450924527 ) ) ;
#6170 = CARTESIAN_POINT ( 'NONE',  ( 47.83120900510913742, 10.00000000000000000, -10.55455277586745311 ) ) ;
#6171 = CARTESIAN_POINT ( 'NONE',  ( -22.54327751834156146, 3.105155021998484699E-13, 42.80170550900722759 ) ) ;
#6172 = DIRECTION ( 'NONE',  ( -0.000000000000000000, 1.000000000000000000, -0.000000000000000000 ) ) ;
#6173 = CARTESIAN_POINT ( 'NONE',  ( -38.03710777248849695, 10.00000000000000000, -30.23782141158175918 ) ) ;
#6174 = CARTESIAN_POINT ( 'NONE',  ( -4.140029179943925719, 2.758210326803123280E-13, -46.95380462336989069 ) ) ;
#6175 = CARTESIAN_POINT ( 'NONE',  ( 40.02751475087486455, 0.000000000000000000, 27.91137694777663825 ) ) ;
#6176 = CARTESIAN_POINT ( 'NONE',  ( 42.79010272571515827, 0.000000000000000000, -20.31157491044789865 ) ) ;
#6177 = CARTESIAN_POINT ( 'NONE',  ( -37.81051759091970865, 2.758210326803123280E-13, -31.10533982884220450 ) ) ;
#6178 = DIRECTION ( 'NONE',  ( 0.000000000000000000, 0.000000000000000000, 1.000000000000000000 ) ) ;
#6179 = CARTESIAN_POINT ( 'NONE',  ( -3.758474395040011018, 10.00000000000000000, 47.23970171735749801 ) ) ;
#6180 = CARTESIAN_POINT ( 'NONE',  ( -46.29342709037943138, 3.105155021998484699E-13, 14.65171814620006963 ) ) ;
#6181 = CARTESIAN_POINT ( 'NONE',  ( -15.24201195471582793, 10.00000000000000000, 46.57769993196529867 ) ) ;
#6182 = CARTESIAN_POINT ( 'NONE',  ( 13.14435199925527975, 10.00000000000000000, -46.49983071089038589 ) ) ;
#6183 = CARTESIAN_POINT ( 'NONE',  ( 13.28424752768143158, 10.00000000000000000, -45.83027493275058362 ) ) ;
#6184 = DIRECTION ( 'NONE',  ( 0.000000000000000000, 1.000000000000000000, -0.000000000000000000 ) ) ;
#6185 = CARTESIAN_POINT ( 'NONE',  ( -44.29340605254152763, 10.00000000000000000, 20.62220960272624737 ) ) ;
#6186 = CARTESIAN_POINT ( 'NONE',  ( 19.59474247380835266, 10.00000000000000000, 43.33409176322279421 ) ) ;
#6187 = CARTESIAN_POINT ( 'NONE',  ( 35.39194185210557464, 10.00000000000000000, 33.89496606794419620 ) ) ;
#6188 = CARTESIAN_POINT ( 'NONE',  ( 46.81736925808620242, 10.00000000000000000, -7.894077009622928465 ) ) ;
#6189 = CARTESIAN_POINT ( 'NONE',  ( -9.500000000000248690, -5.000000000000000000, 15.55448267190418221 ) ) ;
#6190 = ORIENTED_EDGE ( 'NONE', *, *, #6334, .F. ) ;
#6191 = CARTESIAN_POINT ( 'NONE',  ( 38.98907634042849679, 2.758210326803123280E-13, -29.41053317191330052 ) ) ;
#6192 = ADVANCED_BREP_SHAPE_REPRESENTATION ( '', ( #6951, #7138 ), #4903 ) ;
#6193 = CARTESIAN_POINT ( 'NONE',  ( -41.68120872578253966, 0.000000000000000000, 21.73595169659789406 ) ) ;
#6194 = ADVANCED_FACE ( 'NONE', ( #2563 ), #5449, .F. ) ;
#6195 = AXIS2_PLACEMENT_3D ( 'NONE', #3748, #5411, #3128 ) ;
#6196 = CARTESIAN_POINT ( 'NONE',  ( -40.40192023881714078, 0.000000000000000000, -26.87585679227152013 ) ) ;
#6197 = CARTESIAN_POINT ( 'NONE',  ( 40.04918307735645300, 3.105155021998484699E-13, 27.54279833520939391 ) ) ;
#6198 = LOCAL_TIME ( 11, 7, 39.00000000000000000, #5537 ) ;
#6199 = CYLINDRICAL_SURFACE ( 'NONE', #918, 0.9000000000000026867 ) ;
#6200 = CARTESIAN_POINT ( 'NONE',  ( 1.971681346627240461E-15, 5.000000000000000000, -16.10000000000001563 ) ) ;
#6201 = ORIENTED_EDGE ( 'NONE', *, *, #2068, .F. ) ;
#6202 = CARTESIAN_POINT ( 'NONE',  ( 25.38699239001469010, 2.758210326803123280E-13, -40.65148568281777841 ) ) ;
#6203 = CARTESIAN_POINT ( 'NONE',  ( 6.876009028724378247, 0.000000000000000000, 47.07331053804750809 ) ) ;
#6204 = CARTESIAN_POINT ( 'NONE',  ( 3.864956068115154242, 0.000000000000000000, -48.47930604352037420 ) ) ;
#6205 = CARTESIAN_POINT ( 'NONE',  ( 47.09184339535735830, 3.105155021998484699E-13, 5.407811128164377479 ) ) ;
#6206 = DIRECTION ( 'NONE',  ( 0.000000000000000000, 0.000000000000000000, 1.000000000000000000 ) ) ;
#6207 = CARTESIAN_POINT ( 'NONE',  ( 46.15953016473260107, 10.00000000000000000, -15.67738629354824553 ) ) ;
#6208 = CARTESIAN_POINT ( 'NONE',  ( -24.99081225359555347, 3.105155021998484699E-13, 40.48006136460618620 ) ) ;
#6209 = DIRECTION ( 'NONE',  ( 0.000000000000000000, 1.000000000000000000, -0.000000000000000000 ) ) ;
#6210 = CARTESIAN_POINT ( 'NONE',  ( -28.32447849061481193, 10.00000000000000000, -37.80513279534243765 ) ) ;
#6211 = CARTESIAN_POINT ( 'NONE',  ( 40.26142946351658480, 0.000000000000000000, 24.40537219967823646 ) ) ;
#6212 = B_SPLINE_CURVE_WITH_KNOTS ( 'NONE', 4,
 ( #6001, #6627, #1570, #2280, #6778, #5092, #6814, #4570, #6742, #1684, #3426, #2833, #4013, #6260, #3501, #1210, #3941, #3465, #662, #5642, #5744, #2949, #5198, #6887, #4495, #1087, #1123, #4412, #2117, #4372, #6654, #1049, #3232, #4521, #468, #1017, #2155, #1598, #4483, #1673, #978, #5004, #1561, #3301, #3854, #7242, #6139, #3378, #5521, #6101, #578, #5556, #34, #3888, #2822, #6730, #2190, #2711, #6614, #6767, #5631, #4965, #3781, #3929, #4447, #2266, #3340, #6028, #2784, #7281, #2676, #6691, #506, #5488, #2748, #7206, #5081, #3818, #5594, #433, #1633, #541, #2228, #6176, #4927, #7168, #6066, #1817, #3527, #4700, #614, #688, #2864, #1852, #2414, #6363, #6876, #1302, #6837, #4076, #6328, #1270, #4669, #5768, #720, #1707, #5119, #2938, #71, #4108, #6911, #3557, #2974, #5804, #1782, #1197, #107, #753, #5666, #2307, #3490, #3964, #4559, #3009, #6213, #6802, #4002, #3452, #1160, #2376, #5224, #3415, #650, #1746, #179, #5258, #207, #6248, #2445, #5705, #5187, #5156, #2900, #2342, #4596, #4042, #5735, #6290, #139, #1236, #4635, #1481, #3042, #352, #1446, #3698, #4252, #2633, #4843, #4808, #1408, #5398, #4216, #3150, #3661, #822, #6499, #4293, #279, #5292, #240, #2521, #6467, #6397, #391, #3630, #4179, #5327, #4774, #2590, #7090, #2479, #861, #4736, #5909, #7021, #3117, #1993, #6538, #6431, #1960, #3734, #5362, #3188, #7053, #5982, #2033, #313, #1375, #6980, #6942, #930, #5872, #1888, #5440, #2555, #4143, #5945, #1339, #895, #3595, #5839, #788, #1924, #3079, #2702, #3811, #6168, #425, #4996, #2220, #2667, #6606, #5512, #7160, #4473, #3880, #4919, #1664, #2147, #3331, #6645, #3918, #2108, #568, #534, #1042, #1114, #2181, #4880, #6131, #4957, #3224, #7234, #5621, #3368, #4404, #6571, #1588, #4439, #7198, #1625, #4363, #1554, #460, #6682, #1076, #2739, #2776, #5586, #5038, #4329, #7128, #2072, #6059, #7272, #6719, #1009, #1518, #3773, #3846, #6019, #6092, #3260, #967, #3293, #5546, #5478, #495, #6901, #5073, #6758, #6204, #2890, #1843, #4659, #3515, #6866, #4031, #5214, #3548, #5657, #640, #3445, #604, #6317, #6795, #6241, #5759, #4550, #2962, #2852, #1771, #4587, #24, #2256, #1187, #5110, #6278, #5695, #4624, #1227, #4511, #6829, #2927, #1698, #3954, #1261, #99, #711, #3482, #129, #170, #5143, #1151, #3405, #2335, #5726, #63, #5795, #1738, #2296, #677, #5179, #2403, #4099, #3994, #2811, #2366, #6354, #1291, #1807, #4067, #5388, #5281, #6422, #4833, #812, #7078, #6490, #3652, #3000, #6387, #1331, #1877, #4241, #1471, #200, #1915, #1365, #3620, #3724, #5898, #885, #5935, #849, #6934, #4724, #4799, #232, #6970, #6455, #5315, #3032, #342, #7044, #779, #2021, #267, #1435, #2510, #5354, #4763, #3140, #1984, #4132, #2468, #3069, #5863, #2580, #7009, #3585, #3108, #746, #4283, #1950, #2436, #4205, #302, #1398, #3686, #5248, #6526, #2546, #4690, #5829, #4169, #3177, #3835, #5971, #5424, #6711, #2767, #3212, #1032, #3282, #3760, #380, #5026, #6594, #1612, #5577, #2621, #4319, #449, #4427, #2135, #1578, #5536, #3870, #4869, #2060, #6047, #7263, #524, #6672, #2728, #7186, #1067, #1652, #1506, #5466, #6080, #7118, #4393, #2692, #6120, #415, #952, #2656, #6007, #4945, #6634, #6561, #4907, #4353, #7150, #483, #1543, #4984, #7223, #920, #3321, #2171, #2211, #4464, #2097, #3798, #996, #3248, #5503, #4649, #3435, #1691, #1177, #6785, #5135, #6267, #1252, #1144, #2287, #2326, #5683, #6196, #3507, #2916, #3948, #703, #632, #2358, #2882, #2955, #3395, #6892, #6855, #90, #158, #1217, #3909, #5171, #122, #2246, #4021, #6160, #5204, #4578, #5614, #6820, #3471, #1729, #668, #5649, #594, #4540, #5719, #4614, #1763, #1798, #4056, #6305, #1108, #3360, #2394, #2841, #5751, #560, #5100, #2802, #5066, #3983, #14, #4501, #54, #6751, #6233, #4681, #4091, #2427, #5925, #6346, #5785, #5240, #6411, #877, #3677, #2537, #5886, #3058, #4231, #2571, #6926, #6960, #2460, #1868, #5345, #5820, #5272, #6481, #3575, #1424, #1939, #2499, #5854, #1284, #3539, #223, #4123, #4753, #4716, #3643, #1388, #2992, #838, #294, #192, #6377, #3131, #5380, #331, #4824, #3024, #1833, #1321, #770, #6720, #3881, #2001, #6508, #1454, #4262, #4474, #1699, #5954, #2042, #6646, #1589, #905 ),
 .UNSPECIFIED., .F., .F.,
 ( 5, 1, 1, 1, 1, 1, 1, 1, 1, 1, 1, 1, 1, 1, 1, 1, 1, 1, 1, 1, 1, 1, 1, 1, 1, 1, 1, 1, 1, 1, 1, 1, 1, 1, 1, 1, 1, 1, 1, 1, 1, 1, 1, 1, 1, 1, 1, 1, 1, 1, 1, 1, 1, 1, 1, 1, 1, 1, 1, 1, 1, 1, 1, 1, 1, 1, 1, 1, 1, 1, 1, 1, 1, 1, 1, 1, 1, 1, 1, 1, 1, 1, 1, 1, 1, 1, 1, 1, 1, 1, 1, 1, 1, 1, 1, 1, 1, 1, 1, 1, 1, 1, 1, 1, 1, 1, 1, 1, 1, 1, 1, 1, 1, 1, 1, 1, 1, 1, 1, 1, 1, 1, 1, 1, 1, 1, 1, 1, 1, 1, 1, 1, 1, 1, 1, 1, 1, 1, 1, 1, 1, 1, 1, 1, 1, 1, 1, 1, 1, 1, 1, 1, 1, 1, 1, 1, 1, 1, 1, 1, 1, 1, 1, 1, 1, 1, 1, 1, 1, 1, 1, 1, 1, 1, 1, 1, 1, 1, 1, 1, 1, 1, 1, 1, 1, 1, 1, 1, 1, 1, 1, 1, 1, 1, 1, 1, 1, 1, 1, 1, 1, 1, 1, 1, 1, 1, 1, 1, 1, 1, 1, 1, 1, 1, 1, 1, 1, 1, 1, 1, 1, 1, 1, 1, 1, 1, 1, 1, 1, 1, 1, 1, 1, 1, 1, 1, 1, 1, 1, 1, 1, 1, 1, 1, 1, 1, 1, 1, 1, 1, 1, 1, 1, 1, 1, 1, 1, 1, 1, 1, 1, 1, 1, 1, 1, 1, 1, 1, 1, 1, 1, 1, 1, 1, 1, 1, 1, 1, 1, 1, 1, 1, 1, 1, 1, 1, 1, 1, 1, 1, 1, 1, 1, 1, 1, 1, 1, 1, 1, 1, 1, 1, 1, 1, 1, 1, 1, 1, 1, 1, 1, 1, 1, 1, 1, 1, 1, 1, 1, 1, 1, 1, 1, 1, 1, 1, 1, 1, 1, 1, 1, 1, 1, 1, 1, 1, 1, 1, 1, 1, 1, 1, 1, 1, 1, 1, 1, 1, 1, 1, 1, 1, 1, 1, 1, 1, 1, 1, 1, 1, 1, 1, 1, 1, 1, 1, 1, 1, 1, 1, 1, 1, 1, 1, 1, 1, 1, 1, 1, 1, 1, 1, 1, 1, 1, 1, 1, 1, 1, 1, 1, 1, 1, 1, 1, 1, 1, 1, 1, 1, 1, 1, 1, 1, 1, 1, 1, 1, 1, 1, 1, 1, 1, 1, 1, 1, 1, 1, 1, 1, 1, 1, 1, 1, 1, 1, 1, 1, 1, 1, 1, 1, 1, 1, 1, 1, 1, 1, 1, 1, 1, 1, 1, 1, 1, 1, 1, 1, 1, 1, 1, 1, 1, 1, 1, 1, 1, 1, 1, 1, 1, 1, 1, 1, 1, 1, 1, 1, 1, 1, 1, 1, 1, 1, 1, 1, 1, 1, 1, 1, 1, 1, 1, 1, 1, 1, 1, 1, 1, 1, 1, 1, 1, 1, 1, 1, 1, 1, 1, 1, 1, 1, 1, 1, 1, 1, 1, 1, 1, 1, 1, 1, 1, 1, 1, 1, 1, 1, 1, 1, 1, 1, 1, 1, 1, 1, 1, 1, 1, 1, 1, 1, 1, 1, 1, 1, 1, 1, 1, 1, 1, 1, 1, 1, 1, 1, 1, 1, 1, 1, 1, 1, 1, 1, 1, 1, 1, 1, 1, 1, 1, 1, 1, 1, 1, 1, 1, 1, 1, 1, 1, 1, 1, 1, 1, 1, 1, 1, 1, 1, 1, 1, 1, 1, 1, 1, 1, 1, 1, 1, 1, 1, 1, 5 ),
 ( 0.05760920070031212703, 0.05925751373930219362, 0.06090582677829226022, 0.06255413981728233375, 0.06420245285627239340, 0.06570337593780560537, 0.06720429901933881733, 0.06870522210087202930, 0.07020614518240524127, 0.07107002978236270918, 0.07193391438232019097, 0.07366168358223515455, 0.07538945278215011814, 0.07711722198206506784, 0.07906811229226959337, 0.08004355744737184919, 0.08101900260247410501, 0.08199444775757636084, 0.08296989291267861666, 0.08394533806778087248, 0.08492078322288312831, 0.08574560335710282311, 0.08657042349132251791, 0.08739524362554221271, 0.08822006375976192138, 0.08904488389398163006, 0.08986970402820132486, 0.09151934429664071446, 0.09302072867260910427, 0.09452211304857749408, 0.09752488180051428757, 0.09929022634995784968, 0.1010555708994014257, 0.1028209154488450017, 0.1045862599982885638, 0.1059027364657071923, 0.1072192129331258209, 0.1085356894005444495, 0.1098521658679630780, 0.1113372721963429290, 0.1128223785247227939, 0.1143074848531026588, 0.1157925911814825237, 0.1175266152700251698, 0.1192606393585678298, 0.1209946634471104898, 0.1227286875356531359, 0.1239252294257651155, 0.1251217713158770950, 0.1263183132059890745, 0.1275148550961010541, 0.1290603228952892367, 0.1306057906944774194, 0.1336967262928538125, 0.1364647675604141464, 0.1392328088279745080, 0.1421959995264167054, 0.1436775948756378041, 0.1451591902248589028, 0.1463365992288123141, 0.1475140082327657254, 0.1486914172367191367, 0.1498688262406725480, 0.1513797847049416223, 0.1528907431692106966, 0.1544017016334797154, 0.1559126600977487898, 0.1574236185620176420, 0.1589345770262864666, 0.1604455354905552911, 0.1619564939548241433, 0.1631339029587775546, 0.1643113119627309382, 0.1654887209666843217, 0.1666661299706377330, 0.1681477253198585542, 0.1696293206690793753, 0.1725925113675210176, 0.1751797069905286219, 0.1777669026135362262, 0.1792066316228527745, 0.1806463606321692672, 0.1820860896414857877, 0.1835258186508023082, 0.1848307122676125513, 0.1861356058844228500, 0.1874404995012331487, 0.1887453931180433919, 0.1902912793817987391, 0.1918371656455540308, 0.1933830519093093225, 0.1949289381730646697, 0.1964857670429919212, 0.1980425959129191726, 0.1995994247828464241, 0.2011562536527737310, 0.2027186454739614008, 0.2042810372951491260, 0.2057707473413395993, 0.2072604573875300726, 0.2087501674337206015, 0.2102398774799111303, 0.2128941229405605928, 0.2155483684012100554, 0.2179265470517314784, 0.2203047257022529570, 0.2212338130064334107, 0.2221629003106138645, 0.2230919876147943737, 0.2240210749189748274, 0.2249501622231552811, 0.2258792495273357348, 0.2268083368315162440, 0.2277374241356966977, 0.2286086705987415701, 0.2294799170617864426, 0.2303511635248313705, 0.2312224099878762429, 0.2329649029139659877, 0.2347073958400557325, 0.2364351650399699190, 0.2381629342398840499, 0.2398907034397981808, 0.2407545880397553573, 0.2416184726397123672, 0.2431193957212447465, 0.2446203188027771813, 0.2461212418843096161, 0.2476221649658420509, 0.2492704780048310975, 0.2509187910438202551, 0.2525671040828093572, 0.2542154171217985148, 0.2558637301607895043, 0.2575120431997804937, 0.2591603562387714277, 0.2608086692777624171, 0.2623095923592964063, 0.2638105154408303954, 0.2653114385223643845, 0.2668123616038983736, 0.2676762462038562163, 0.2685401308038141144, 0.2702679000037299106, 0.2719956692036457069, 0.2737234384035615031, 0.2756743287137642939, 0.2776252190239670847, 0.2786006641790684801, 0.2795761093341698755, 0.2805515544892712709, 0.2815269996443727218, 0.2823518197785921391, 0.2831766399128116674, 0.2840014600470310846, 0.2848262801812505018, 0.2856511003154699191, 0.2864759204496893918, 0.2881255607181283374, 0.2896269450940959223, 0.2911283294700636182, 0.2941310982219990100, 0.2958964427714450562, 0.2976617873208911025, 0.2994271318703372042, 0.3011924764197832505, 0.3025089528872023648, 0.3038254293546214235, 0.3051419058220405378, 0.3064583822894596521, 0.3079434886178387121, 0.3094285949462177721, 0.3109137012745968320, 0.3123988076029759475, 0.3141328316915177887, 0.3158668557800596299, 0.3176008798686014711, 0.3193349039571433123, 0.3205314458472539041, 0.3217279877373645514, 0.3229245296274751986, 0.3241210715175858459, 0.3256665393167723077, 0.3272120071159587695, 0.3303029427143317487, 0.3330709839818931650, 0.3358390252494545258, 0.3388022159479011086, 0.3402838112971243723, 0.3417654066463476914, 0.3429428156503014913, 0.3441202246542552912, 0.3452976336582090910, 0.3464750426621629464, 0.3479860011264334085, 0.3494969595907039261, 0.3510079180549744438, 0.3525188765192449059, 0.3540298349835123703, 0.3555407934477798904, 0.3570517519120473549, 0.3585627103763148193, 0.3597401193802678421, 0.3609175283842207538, 0.3620949373881737765, 0.3632723463921267992, 0.3647539417413452889, 0.3662355370905638896, 0.3691987277890009800, 0.3717859234120078349, 0.3743731190350146898, 0.3758128480443338471, 0.3772525770536530043, 0.3786923060629722171, 0.3801320350722913743, 0.3814369286891023392, 0.3827418223059134705, 0.3840467159227245464, 0.3853516095395355667, 0.3868974958032919131, 0.3884433820670482040, 0.3899892683308044949, 0.3915351545945608414, 0.3930919834644873712, 0.3946488123344138454, 0.3962056412043403752, 0.3977624700742669051, 0.3993248618954537976, 0.4008872537166405792, 0.4023769637628290541, 0.4038666738090174180, 0.4053563838552058374, 0.4068460939013943123, 0.4095003393620409438, 0.4121545848226876307, 0.4145327634732123290, 0.4169109421237369717, 0.4178400294279189797, 0.4187691167321010433, 0.4206272913404650593, 0.4215563786446471228, 0.4224854659488290753, 0.4234145532530110834, 0.4243436405571930914, 0.4252148870202379083, 0.4260861334832827252, 0.4269573799463275421, 0.4278286264093724145, 0.4295711193354619928, 0.4313136122615516821, 0.4330413814614643697, 0.4347691506613769463, 0.4364969198612895784, 0.4373608044612459222, 0.4382246890612022105, 0.4397256121427329800, 0.4412265352242636940, 0.4427274583057944080, 0.4442283813873251219, 0.4458766944263128917, 0.4475250074653006616, 0.4491733205042884869, 0.4508216335432762567, 0.4524699465822686895, 0.4541182596212611777, 0.4557665726602536660, 0.4574148856992460432, 0.4589158087807815867, 0.4604167318623171301, 0.4619176549438526180, 0.4634185780253881615, 0.4642824626253467812, 0.4651463472253054565, 0.4668741164252228071, 0.4686018856251401576, 0.4703296548250574527, 0.4722805451352580786, 0.4732559902903584192, 0.4742314354454588154, 0.4752068806005591006, 0.4761823257556594413, 0.4771577709107597820, 0.4781332160658600672, 0.4789580362000791514, 0.4797828563342981800, 0.4806076764685172087, 0.4814324966027363484, 0.4822573167369554326, 0.4830821368711745167, 0.4847317771396126296, 0.4862331615155793818, 0.4877345458915460785, 0.4907373146434795830, 0.4925026591929290154, 0.4942680037423784478, 0.4960333482918278802, 0.4969160205665525964, 0.4977986928412773127, 0.4991151693086969821, 0.5004316457761166514, 0.5017481222435363764, 0.5030645987109561013, 0.5045497050393343841, 0.5060348113677126669, 0.5075199176960909497, 0.5090050240244693436, 0.5107390481130102966, 0.5124730722015513606, 0.5142070962900923137, 0.5159411203786332667, 0.5171376622687424707, 0.5183342041588516746, 0.5195307460489606566, 0.5207272879390698606, 0.5222727557382547126, 0.5238182235374395646, 0.5269091591358093796, 0.5296772004033721837, 0.5324452416709346547, 0.5354084323693857339, 0.5368900277186112735, 0.5383716230678369241, 0.5395490320717910571, 0.5407264410757453010, 0.5419038500796995450, 0.5430812590836537890, 0.5445922175479254168, 0.5461031760121972667, 0.5476141344764691166, 0.5491250929407409664, 0.5506360514050070432, 0.5521470098692730089, 0.5536579683335389745, 0.5551689267978050513, 0.5563463358017576299, 0.5575237448057102085, 0.5587011538096628982, 0.5598785628136154768, 0.5613601581628318016, 0.5628417535120480153, 0.5658049442104804427, 0.5683921398334867980, 0.5709793354564930423, 0.5724190644658149196, 0.5738587934751369080, 0.5752985224844587853, 0.5767382514937806626, 0.5780431451105922935, 0.5793480387274040355, 0.5806529323442157775, 0.5819578259610274085, 0.5835037122247846986, 0.5850495984885419887, 0.5865954847522993898, 0.5881413710160566799, 0.5896981998859825991, 0.5912550287559085183, 0.5928118576258344374, 0.5943686864957603566, 0.5959310783169462500, 0.5974934701381322544, 0.5989831801843188419, 0.6004728902305054294, 0.6019626002766920170, 0.6034523103228784935, 0.6061065557835225714, 0.6087608012441667604, 0.6111389798946942342, 0.6135171585452215970, 0.6144462458494051038, 0.6153753331535887217, 0.6163044204577722285, 0.6172335077619557353, 0.6181625950661392421, 0.6190916823703227490, 0.6200207696745063668, 0.6209498569786898736, 0.6218211034417346905, 0.6226923499047796184, 0.6235635963678244353, 0.6244348428308692522, 0.6261773357569588860, 0.6279198286830486309, 0.6296475978829623177, 0.6313753670828760045, 0.6331031362827896913, 0.6339670208827465903, 0.6348309054827033782, 0.6363318285642353134, 0.6378327516457671376, 0.6393336747272989617, 0.6408345978088307859, 0.6424829108478196105, 0.6441312238868085460, 0.6457795369257974816, 0.6474278499647863061, 0.6490761630037776841, 0.6507244760427690622, 0.6523727890817604402, 0.6540211021207518183, 0.6555220252022865290, 0.6570229482838212398, 0.6585238713653558396, 0.6600247944468905503, 0.6608886790468486705, 0.6617525636468067907, 0.6634803328467233641, 0.6652081020466398265, 0.6669358712465561778, 0.6688867615567644087, 0.6698622067118684686, 0.6708376518669725286, 0.6718130970220765885, 0.6727885421771806485, 0.6737639873322847084, 0.6747394324873887683, 0.6755642526216090182, 0.6763890727558292681, 0.6772138928900495181, 0.6780387130242696569, 0.6788635331584900179, 0.6796883532927102678, 0.6813379935611507676, 0.6828393779371202399, 0.6843407623130898232, 0.6873435310650286567, 0.6891088756144672089, 0.6908742201639057612, 0.6926395647133443134, 0.6944049092627829767, 0.6957213857302009252, 0.6970378621976189848, 0.6983543386650370444, 0.6996708151324549929, 0.7011559214608376056, 0.7026410277892204403, 0.7041261341176030530, 0.7056112404459857768, 0.7073452645345315037, 0.7090792886230771197, 0.7108133127116229577, 0.7125473368001686847, 0.7137438786902857712, 0.7149404205804030799, 0.7161369624705202774, 0.7173335043606374750, 0.7188789721598324300, 0.7204244399590271630, 0.7235153755574167400, 0.7262834168249736599, 0.7290514580925304688, 0.7320146487909555688, 0.7334962441401681188, 0.7349778394893806688, 0.7361552484933325813, 0.7373326574972848269, 0.7385100665012367394, 0.7396874755051886519, 0.7411984339694525081, 0.7427093924337164754, 0.7442203508979804427, 0.7457313093622444100, 0.7472422678265222551, 0.7487532262908001002, 0.7502641847550779453, 0.7517751432193559014, 0.7529525522233116996, 0.7541299612272673869, 0.7553073702312232962, 0.7564847792351790945, 0.7579663745844140710, 0.7594479699336491585, 0.7624111606321193335, 0.7649983562551319061, 0.7675855518781445896, 0.7690252808874449286, 0.7704650098967451566, 0.7719047389060453845, 0.7733444679153457235, 0.7746493615321509152, 0.7759542551489561069, 0.7772591487657612985, 0.7785640423825664902, 0.7801099286463155646, 0.7816558149100645281, 0.7832017011738134915, 0.7847475874375626770, 0.7863044163074959236, 0.7878612451774292813, 0.7894180740473626390, 0.7909749029172958856, 0.7925372947384903277, 0.7940996865596846588, 0.7955893966058920075, 0.7970791066520992452, 0.7985688166983065939, 0.8000585267445139426, 0.8027127722051856651, 0.8053670176658572766, 0.8077451963163576609, 0.8101233749668580453, 0.8110524622710248988, 0.8119815495751916412, 0.8129106368793584947, 0.8138397241835253482, 0.8147688114876920906, 0.8156978987918589441, 0.8166269860960257976, 0.8175560734001925400, 0.8184273198632380231, 0.8192985663262835061, 0.8210410592523745832, 0.8227835521784656603, 0.8245260451045566263, 0.8262538143044872996, 0.8279815835044180838, 0.8297093527043488681, 0.8305732373043140937, 0.8314371219042795413, 0.8329380449858294622, 0.8344389680673791609, 0.8359398911489289707, 0.8374408142304787805, 0.8390891272694858127, 0.8407374403084927339, 0.8423857533474996551, 0.8440340663865066873, 0.8456823794254803017, 0.8473306924644539162, 0.8489790055034275307, 0.8506273185424011452, 0.8521282416239176483, 0.8536291647054341514, 0.8551300877869506545, 0.8566310108684670466, 0.8574948954684167290, 0.8583587800683665225, 0.8600865492682659985, 0.8618143184681652524, 0.8635420876680646174, 0.8654929779782993826, 0.8664684231334167652, 0.8674438682885341478, 0.8684193134436515304, 0.8693947585987689131, 0.8703702037538862957, 0.8713456489090037893, 0.8721704690432279250, 0.8729952891774521717, 0.8738201093116764184, 0.8746449294459006651, 0.8754697495801246898, 0.8762945697143489365, 0.8779442099827973189, 0.8794455943587782265, 0.8809469787347590231, 0.8839497474867208382, 0.8857150920361198665, 0.8874804365855190058, 0.8892457811349181451, 0.8910111256843172844, 0.8923276021517274614, 0.8936440786191375274, 0.8949605550865477044, 0.8962770315539576593, 0.8977621378823491538, 0.8992472442107406483, 0.9007323505391320317, 0.9022174568675236372, 0.9039514809560788011, 0.9056855050446341870, 0.9074195291331894619, 0.9091535532217447368, 0.9103500951118775886, 0.9115466370020103293, 0.9127431788921430700, 0.9139397207822758107, 0.9154851885814916379, 0.9170306563807073541, 0.9185761241799230703, 0.9201215919791387865, 0.9228896332466819397, 0.9256576745142250928, 0.9286208652125971241, 0.9301024605617831398, 0.9315840559109691554, 0.9327614649149149617, 0.9339388739188607680, 0.9351162829228065743, 0.9362936919267522695, 0.9378046503909983622, 0.9393156088552443439, 0.9408265673194904366, 0.9423375257837365293 ),
 .UNSPECIFIED. ) ;
#6213 = CARTESIAN_POINT ( 'NONE',  ( 38.74052491849111135, 0.000000000000000000, -29.52576027889990584 ) ) ;
#6214 = CARTESIAN_POINT ( 'NONE',  ( -42.29788661286513474, 2.758210326803123280E-13, -21.24116267592607343 ) ) ;
#6215 = CARTESIAN_POINT ( 'NONE',  ( 48.77209273865626926, 10.00000000000000000, -2.531838819601833990 ) ) ;
#6216 = CARTESIAN_POINT ( 'NONE',  ( -3.231370336853427894, 10.00000000000000000, 48.02384020727905778 ) ) ;
#6217 = CARTESIAN_POINT ( 'NONE',  ( -44.85295710380655976, 10.00000000000000000, 19.73540441136534085 ) ) ;
#6218 = CARTESIAN_POINT ( 'NONE',  ( -28.51769218306010956, 10.00000000000000000, 37.44943886017198764 ) ) ;
#6219 = CARTESIAN_POINT ( 'NONE',  ( 11.28158826358021471, 10.00000000000000000, -47.62331684575667623 ) ) ;
#6220 = CARTESIAN_POINT ( 'NONE',  ( 4.437374478000601030, 10.00000000000000000, -48.70163177475913585 ) ) ;
#6221 = CYLINDRICAL_SURFACE ( 'NONE', #161, 3.499999999999999556 ) ;
#6222 = APPROVAL ( #1544, 'UNSPECIFIED' ) ;
#6223 = EDGE_CURVE ( 'NONE', #1851, #7076, #7280, .T. ) ;
#6224 = CARTESIAN_POINT ( 'NONE',  ( -42.29788661301815011, 10.00000000000000000, 21.24116267528980373 ) ) ;
#6225 = AXIS2_PLACEMENT_3D ( 'NONE', #434, #1489, #2599 ) ;
#6226 = CARTESIAN_POINT ( 'NONE',  ( 22.72911706989895819, 3.105155021998484699E-13, 42.46051250424451240 ) ) ;
#6227 = CARTESIAN_POINT ( 'NONE',  ( 12.30177350753673515, 10.00000000000000000, 47.39131966130712925 ) ) ;
#6228 = CARTESIAN_POINT ( 'NONE',  ( 47.22685241208903761, 10.00000000000000000, -8.369913015169588633 ) ) ;
#6229 = DIRECTION ( 'NONE',  ( 0.000000000000000000, 1.000000000000000000, 0.000000000000000000 ) ) ;
#6230 = ORIENTED_EDGE ( 'NONE', *, *, #6334, .T. ) ;
#6231 = CARTESIAN_POINT ( 'NONE',  ( 40.02751475107594104, 2.758210326803123280E-13, -27.91137694781996004 ) ) ;
#6232 = CARTESIAN_POINT ( 'NONE',  ( -43.31420226924486627, 0.000000000000000000, 20.99041119054365367 ) ) ;
#6233 = CARTESIAN_POINT ( 'NONE',  ( -45.77446269631538200, 0.000000000000000000, -14.74881787313361947 ) ) ;
#6234 = CARTESIAN_POINT ( 'NONE',  ( 36.68117242702464154, 10.00000000000000000, 29.67325348888392966 ) ) ;
#6235 = DATE_AND_TIME ( #3985, #2193 ) ;
#6236 = CARTESIAN_POINT ( 'NONE',  ( -37.62320027549795043, 10.00000000000000000, 28.87622266380630620 ) ) ;
#6237 = DIRECTION ( 'NONE',  ( -0.000000000000000000, 1.000000000000000000, -0.000000000000000000 ) ) ;
#6238 = ORIENTED_EDGE ( 'NONE', *, *, #5429, .F. ) ;
#6239 = CARTESIAN_POINT ( 'NONE',  ( 28.88027686918722736, 10.00000000000000000, -39.07120267849331441 ) ) ;
#6240 = CARTESIAN_POINT ( 'NONE',  ( -9.856404580339983568, 0.000000000000000000, 47.38841362922807576 ) ) ;
#6241 = CARTESIAN_POINT ( 'NONE',  ( 0.4501098788289824570, 0.000000000000000000, -47.40705556680029531 ) ) ;
#6242 = CARTESIAN_POINT ( 'NONE',  ( 48.54034189597091142, 10.00000000000000000, 4.451154402077203365 ) ) ;
#6243 = CARTESIAN_POINT ( 'NONE',  ( -48.99250442892494561, 2.758210326803123280E-13, -0.2075573755636170303 ) ) ;
#6244 = CARTESIAN_POINT ( 'NONE',  ( -23.97613782537861127, 3.105155021998484699E-13, 40.49207715328372359 ) ) ;
#6245 = CARTESIAN_POINT ( 'NONE',  ( -25.98076211353329867, 1.500000000000000000, 21.52499999999976410 ) ) ;
#6246 = CARTESIAN_POINT ( 'NONE',  ( -45.16415474052955403, 10.00000000000000000, -14.94574159297189908 ) ) ;
#6247 = CARTESIAN_POINT ( 'NONE',  ( -15.81831764419400521, 2.758210326803123280E-13, -46.26082462723084632 ) ) ;
#6248 = CARTESIAN_POINT ( 'NONE',  ( 35.53287412867226180, 0.000000000000000000, -31.30628040950120194 ) ) ;
#6249 = CARTESIAN_POINT ( 'NONE',  ( -41.26638704542735780, 2.758210326803123280E-13, -22.66473460883746682 ) ) ;
#6250 = CARTESIAN_POINT ( 'NONE',  ( 47.34304772420826879, 2.758210326803123280E-13, -1.151695648883964029 ) ) ;
#6251 = CARTESIAN_POINT ( 'NONE',  ( -0.2623666731068121649, 10.00000000000000000, 48.48502521448254754 ) ) ;
#6252 = CARTESIAN_POINT ( 'NONE',  ( -45.46852805698080857, 3.105155021998484699E-13, 14.83317069612727579 ) ) ;
#6253 = CARTESIAN_POINT ( 'NONE',  ( -29.53041312830594123, 10.00000000000000000, 36.70068046374372983 ) ) ;
#6254 = CARTESIAN_POINT ( 'NONE',  ( -7.715636490963277083, 10.00000000000000000, -48.26192936911747466 ) ) ;
#6255 = CARTESIAN_POINT ( 'NONE',  ( 6.544706139811871992, 2.758210326803123280E-13, -47.93070174219494106 ) ) ;
#6256 = DIRECTION ( 'NONE',  ( 0.000000000000000000, 1.000000000000000000, 0.000000000000000000 ) ) ;
#6257 = AXIS2_PLACEMENT_3D ( 'NONE', #1873, #6351, #263 ) ;
#6258 = CARTESIAN_POINT ( 'NONE',  ( -40.11221095421424820, 10.00000000000000000, 26.86667732586117552 ) ) ;
#6259 = CARTESIAN_POINT ( 'NONE',  ( 18.26350984875370997, 3.105155021998484699E-13, 45.47796463867206285 ) ) ;
#6260 = CARTESIAN_POINT ( 'NONE',  ( 48.85883658865368773, 0.000000000000000000, -2.840538227068802435 ) ) ;
#6261 = CARTESIAN_POINT ( 'NONE',  ( 19.88971653157062036, 10.00000000000000000, 42.81059083866684034 ) ) ;
#6262 = CARTESIAN_POINT ( 'NONE',  ( 33.57032259479090897, 10.00000000000000000, -34.56409139257556262 ) ) ;
#6263 = CIRCLE ( 'NONE', #4733, 0.9000000000000026867 ) ;
#6264 = DIRECTION ( 'NONE',  ( -0.000000000000000000, 1.000000000000000000, -0.000000000000000000 ) ) ;
#6265 = VERTEX_POINT ( 'NONE', #2002 ) ;
#6266 = CARTESIAN_POINT ( 'NONE',  ( 37.96953194820320476, 10.00000000000000000, -29.51514361703916123 ) ) ;
#6267 = CARTESIAN_POINT ( 'NONE',  ( -38.70638873891308407, 0.000000000000000000, -27.02152812995809938 ) ) ;
#6268 = CARTESIAN_POINT ( 'NONE',  ( 40.63327091319732887, 10.00000000000000000, 24.17415757902919182 ) ) ;
#6269 = VECTOR ( 'NONE', #329, 1000.000000000000000 ) ;
#6270 = CARTESIAN_POINT ( 'NONE',  ( -34.97068948096060836, 3.105155021998484699E-13, 32.03734045008510378 ) ) ;
#6271 = CARTESIAN_POINT ( 'NONE',  ( 47.34304772419987728, 10.00000000000000000, 1.151695648893333201 ) ) ;
#6272 = CARTESIAN_POINT ( 'NONE',  ( 0.000000000000000000, 4.000000000000029310, -23.47499999999999432 ) ) ;
#6273 = VERTEX_POINT ( 'NONE', #2677 ) ;
#6274 = CARTESIAN_POINT ( 'NONE',  ( 30.88096018754439598, 2.758210326803123280E-13, -37.03306580132603187 ) ) ;
#6275 = CARTESIAN_POINT ( 'NONE',  ( 42.76889367711633838, 10.00000000000000000, -19.64455119569904795 ) ) ;
#6276 = AXIS2_PLACEMENT_3D ( 'NONE', #1535, #988, #2165 ) ;
#6277 = CARTESIAN_POINT ( 'NONE',  ( -3.758474395040011018, 0.000000000000000000, 47.23970171735749801 ) ) ;
#6278 = CARTESIAN_POINT ( 'NONE',  ( -2.088408008557983919, 0.000000000000000000, -48.93732214190114149 ) ) ;
#6279 = CARTESIAN_POINT ( 'NONE',  ( 47.79968281754121051, 10.00000000000000000, 1.615430749902086127 ) ) ;
#6280 = CARTESIAN_POINT ( 'NONE',  ( 7.990820364436481828E-16, 1.500000000000000000, -36.52499999999999858 ) ) ;
#6281 = CARTESIAN_POINT ( 'NONE',  ( 44.16854487200028956, 2.758210326803123280E-13, -18.00862112954407834 ) ) ;
#6282 = CARTESIAN_POINT ( 'NONE',  ( -27.73717641496542896, 3.105155021998484699E-13, 40.35445773081551124 ) ) ;
#6283 = CIRCLE ( 'NONE', #3106, 3.499999999999999556 ) ;
#6284 = CARTESIAN_POINT ( 'NONE',  ( 19.00000000000000000, 0.000000000000000000, 2.012279232133096230E-13 ) ) ;
#6285 = CARTESIAN_POINT ( 'NONE',  ( -45.16415474063715862, 0.000000000000000000, 14.94574159231500587 ) ) ;
#6286 = CARTESIAN_POINT ( 'NONE',  ( -44.04032416192935528, 10.00000000000000000, -16.58051099783835980 ) ) ;
#6287 = CARTESIAN_POINT ( 'NONE',  ( -13.67419874460295048, 2.758210326803123280E-13, -46.55795448687410953 ) ) ;
#6288 = VERTEX_POINT ( 'NONE', #7101 ) ;
#6289 = CARTESIAN_POINT ( 'NONE',  ( 35.88785589652046326, 0.000000000000000000, 30.34166624296574710 ) ) ;
#6290 = CARTESIAN_POINT ( 'NONE',  ( 35.12322994218526162, 0.000000000000000000, -34.17700911199528946 ) ) ;
#6291 = CARTESIAN_POINT ( 'NONE',  ( -40.11221095402077452, 10.00000000000000000, -26.86667732648169604 ) ) ;
#6292 = CARTESIAN_POINT ( 'NONE',  ( -4.140029180282105870, 10.00000000000000000, 46.95380462300855129 ) ) ;
#6293 = CARTESIAN_POINT ( 'NONE',  ( -46.10143807500438129, 10.00000000000000000, 11.02467881544767714 ) ) ;
#6294 = CARTESIAN_POINT ( 'NONE',  ( -32.26514457300381622, 10.00000000000000000, 36.77313813106339779 ) ) ;
#6295 = CARTESIAN_POINT ( 'NONE',  ( -9.881577510032695244, 10.00000000000000000, -47.13663448787415433 ) ) ;
#6296 = CARTESIAN_POINT ( 'NONE',  ( 9.345597098353533028, 10.00000000000000000, -46.42551185417018900 ) ) ;
#6297 = CARTESIAN_POINT ( 'NONE',  ( 45.09766806940967143, 0.000000000000000000, 13.82349709878816135 ) ) ;
#6298 = CARTESIAN_POINT ( 'NONE',  ( -47.17400383444148559, 10.00000000000000000, 12.62173967401615826 ) ) ;
#6299 = CARTESIAN_POINT ( 'NONE',  ( 20.47677587887367068, 3.105155021998484699E-13, 42.28341895293079489 ) ) ;
#6300 = CARTESIAN_POINT ( 'NONE',  ( 18.26350984875370997, 10.00000000000000000, 45.47796463867206285 ) ) ;
#6301 = CARTESIAN_POINT ( 'NONE',  ( 33.23961192620502203, 10.00000000000000000, -34.45801783344721514 ) ) ;
#6302 = DIRECTION ( 'NONE',  ( 0.000000000000000000, 0.000000000000000000, 1.000000000000000000 ) ) ;
#6303 = ORIENTED_EDGE ( 'NONE', *, *, #4281, .F. ) ;
#6304 = CARTESIAN_POINT ( 'NONE',  ( 39.54432978867784243, 2.758210326803123280E-13, -26.01046299616143997 ) ) ;
#6305 = CARTESIAN_POINT ( 'NONE',  ( -44.88076518825309336, 0.000000000000000000, -18.53297485571713565 ) ) ;
#6306 = CARTESIAN_POINT ( 'NONE',  ( -33.05611533188962170, 2.758210326803123280E-13, -36.14576570447392356 ) ) ;
#6307 = CARTESIAN_POINT ( 'NONE',  ( 39.88625831912916198, 3.105155021998484699E-13, 28.39642949158538343 ) ) ;
#6308 = CARTESIAN_POINT ( 'NONE',  ( -34.52033369154238329, 10.00000000000000000, 32.14397764991450401 ) ) ;
#6309 = CARTESIAN_POINT ( 'NONE',  ( 48.33900278724887301, 10.00000000000000000, 1.878659982076978041 ) ) ;
#6310 = DIRECTION ( 'NONE',  ( 0.000000000000000000, 1.000000000000000000, 0.000000000000000000 ) ) ;
#6311 = AXIS2_PLACEMENT_3D ( 'NONE', #7011, #748, #851 ) ;
#6312 = CARTESIAN_POINT ( 'NONE',  ( 48.05831803054861240, 0.000000000000000000, 1.794575443993277508 ) ) ;
#6313 = CARTESIAN_POINT ( 'NONE',  ( 28.59655103542652199, 2.758210326803123280E-13, -39.02577139222194802 ) ) ;
#6314 = CARTESIAN_POINT ( 'NONE',  ( 42.75452417892332591, 2.758210326803123280E-13, -20.00995187191900726 ) ) ;
#6315 = CARTESIAN_POINT ( 'NONE',  ( 2.851720362993713564, 0.000000000000000000, 47.31545203901577423 ) ) ;
#6316 = CC_DESIGN_DATE_AND_TIME_ASSIGNMENT ( #3213, #2022, ( #6663 ) ) ;
#6317 = CARTESIAN_POINT ( 'NONE',  ( 0.9696227746150907212, 0.000000000000000000, -47.09635402424679995 ) ) ;
#6318 = PRODUCT_DEFINITION_FORMATION_WITH_SPECIFIED_SOURCE ( 'ANY', '', #3893, .NOT_KNOWN. ) ;
#6319 = CARTESIAN_POINT ( 'NONE',  ( 46.69101150204836159, 10.00000000000000000, 5.972326457509365305 ) ) ;
#6320 = CARTESIAN_POINT ( 'NONE',  ( -48.86852676799713890, 10.00000000000000000, -0.7683555401938784168 ) ) ;
#6321 = CARTESIAN_POINT ( 'NONE',  ( 43.44038315519323845, 2.758210326803123280E-13, -18.39358694126267224 ) ) ;
#6322 = CARTESIAN_POINT ( 'NONE',  ( -29.89409614295442097, 3.105155021998484699E-13, 36.61644788586827559 ) ) ;
#6323 = DIRECTION ( 'NONE',  ( 0.000000000000000000, 1.000000000000000000, -0.000000000000000000 ) ) ;
#6324 = DIRECTION ( 'NONE',  ( 0.000000000000000000, 1.000000000000000000, 0.000000000000000000 ) ) ;
#6325 = CARTESIAN_POINT ( 'NONE',  ( -44.88076518825309336, 10.00000000000000000, -18.53297485571713565 ) ) ;
#6326 = APPROVAL_PERSON_ORGANIZATION ( #92, #899, #670 ) ;
#6327 = CARTESIAN_POINT ( 'NONE',  ( -16.26604374645896200, 2.758210326803123280E-13, -45.77582882927040941 ) ) ;
#6328 = CARTESIAN_POINT ( 'NONE',  ( 41.29244157201614485, 0.000000000000000000, -23.97810055949193497 ) ) ;
#6329 = CARTESIAN_POINT ( 'NONE',  ( -39.56029081510322243, 2.758210326803123280E-13, -26.79554503619569061 ) ) ;
#6330 = CARTESIAN_POINT ( 'NONE',  ( -11.91936587425607463, 3.105155021998484699E-13, 45.53037859692393852 ) ) ;
#6331 = CARTESIAN_POINT ( 'NONE',  ( -47.79401905905440628, 10.00000000000000000, 8.161078931835490380 ) ) ;
#6332 = ADVANCED_FACE ( 'NONE', ( #6509 ), #4224, .F. ) ;
#6333 = CARTESIAN_POINT ( 'NONE',  ( -31.96777131242016523, 10.00000000000000000, 36.89581434568024321 ) ) ;
#6334 = EDGE_CURVE ( 'NONE', #3258, #6273, #3162, .T. ) ;
#6335 = CARTESIAN_POINT ( 'NONE',  ( 0.6770610334620938975, 10.00000000000000000, -47.24381324527194437 ) ) ;
#6336 = CARTESIAN_POINT ( 'NONE',  ( 4.238307288771285819, 10.00000000000000000, -48.64906681028863744 ) ) ;
#6337 = CARTESIAN_POINT ( 'NONE',  ( 43.44038315506078618, 0.000000000000000000, 18.39358694124389970 ) ) ;
#6338 = ORIENTED_EDGE ( 'NONE', *, *, #2984, .F. ) ;
#6339 = CARTESIAN_POINT ( 'NONE',  ( -46.88379344560703288, 10.00000000000000000, 14.04151760477095934 ) ) ;
#6340 = CARTESIAN_POINT ( 'NONE',  ( 10.11438034126333285, 3.105155021998484699E-13, 47.01625643733036952 ) ) ;
#6341 = CARTESIAN_POINT ( 'NONE',  ( 11.28158826323719843, 10.00000000000000000, 47.62331684550641597 ) ) ;
#6342 = CARTESIAN_POINT ( 'NONE',  ( 33.06835334231568169, 10.00000000000000000, -34.42723213779179758 ) ) ;
#6343 = CARTESIAN_POINT ( 'NONE',  ( 25.98076211353339815, 3.999999999999970690, -8.474999999999583977 ) ) ;
#6344 = EDGE_LOOP ( 'NONE', ( #4214, #3138 ) ) ;
#6345 = AXIS2_PLACEMENT_3D ( 'NONE', #7029, #401, #4816 ) ;
#6346 = CARTESIAN_POINT ( 'NONE',  ( -46.88379344550590844, 0.000000000000000000, -14.04151760544024086 ) ) ;
#6347 = CARTESIAN_POINT ( 'NONE',  ( -31.96777131215435119, 2.758210326803123280E-13, -36.89581434624195566 ) ) ;
#6348 = CARTESIAN_POINT ( 'NONE',  ( 39.73764011218046477, 3.105155021998484699E-13, 28.68182798090423447 ) ) ;
#6349 = ITEM_DEFINED_TRANSFORMATION ( 'NONE', 'NONE', #5262,  #7138 ) ;
#6350 = CARTESIAN_POINT ( 'NONE',  ( 47.46479847245021944, 10.00000000000000000, 11.15575955012831422 ) ) ;
#6351 = DIRECTION ( 'NONE',  ( -0.000000000000000000, -1.000000000000000000, 0.000000000000000000 ) ) ;
#6352 = CARTESIAN_POINT ( 'NONE',  ( 24.89161173604185961, 10.00000000000000000, -42.16141674386349081 ) ) ;
#6353 = CARTESIAN_POINT ( 'NONE',  ( -5.261528142693442156, 0.000000000000000000, 46.69895909850111337 ) ) ;
#6354 = CARTESIAN_POINT ( 'NONE',  ( -10.06524238203714816, 0.000000000000000000, -46.62468967080147308 ) ) ;
#6355 = CARTESIAN_POINT ( 'NONE',  ( 48.64595250867724019, 10.00000000000000000, 4.273903290918795506 ) ) ;
#6356 = DIRECTION ( 'NONE',  ( -0.000000000000000000, -1.000000000000000000, -0.000000000000000000 ) ) ;
#6357 = DIRECTION ( 'NONE',  ( 0.000000000000000000, 1.000000000000000000, -0.000000000000000000 ) ) ;
#6358 = FACE_BOUND ( 'NONE', #4955, .T. ) ;
#6359 = ORIENTED_EDGE ( 'NONE', *, *, #3582, .T. ) ;
#6360 = ADVANCED_FACE ( 'NONE', ( #6475, #2080 ), #6581, .T. ) ;
#6361 = CARTESIAN_POINT ( 'NONE',  ( -44.85295710366439437, 10.00000000000000000, -19.73540441202000295 ) ) ;
#6362 = CARTESIAN_POINT ( 'NONE',  ( -16.54945442412029166, 2.758210326803123280E-13, -44.53514656172582420 ) ) ;
#6363 = CARTESIAN_POINT ( 'NONE',  ( 42.81119672079082505, 0.000000000000000000, -23.61110974964584130 ) ) ;
#6364 = CARTESIAN_POINT ( 'NONE',  ( -41.25207003511705750, 10.00000000000000000, -23.10236606041880592 ) ) ;
#6365 = CARTESIAN_POINT ( 'NONE',  ( -12.28171053032986215, 3.105155021998484699E-13, 45.57967856523683992 ) ) ;
#6366 = CARTESIAN_POINT ( 'NONE',  ( -46.71854250030197875, 10.00000000000000000, 11.79070647623763080 ) ) ;
#6367 = CARTESIAN_POINT ( 'NONE',  ( -9.256225765493898194, 10.00000000000000000, -47.99028174820654158 ) ) ;
#6368 = CARTESIAN_POINT ( 'NONE',  ( 9.025808622236366929, 10.00000000000000000, -46.30923408906516414 ) ) ;
#6369 = CARTESIAN_POINT ( 'NONE',  ( 42.98576811683953025, 0.000000000000000000, 20.86244430911290593 ) ) ;
#6370 = CARTESIAN_POINT ( 'NONE',  ( -44.20468725715348057, 0.000000000000000000, 17.58185684065307441 ) ) ;
#6371 = CARTESIAN_POINT ( 'NONE',  ( -45.77446269642167209, 10.00000000000000000, 14.74881787247233156 ) ) ;
#6372 = CARTESIAN_POINT ( 'NONE',  ( 14.16787126553803056, 10.00000000000000000, 44.82238695537763817 ) ) ;
#6373 = CARTESIAN_POINT ( 'NONE',  ( 24.36367472544436197, 10.00000000000000000, 42.51832489746226429 ) ) ;
#6374 = CARTESIAN_POINT ( 'NONE',  ( 39.67059509914334825, 10.00000000000000000, -26.66088038517009196 ) ) ;
#6375 = DIRECTION ( 'NONE',  ( 0.000000000000000000, 1.000000000000000000, 0.000000000000000000 ) ) ;
#6376 = ORIENTED_EDGE ( 'NONE', *, *, #2112, .F. ) ;
#6377 = CARTESIAN_POINT ( 'NONE',  ( -48.09558287327895698, 0.000000000000000000, -5.252459890059669512 ) ) ;
#6378 = CARTESIAN_POINT ( 'NONE',  ( -28.51769218279037688, 2.758210326803123280E-13, -37.44943886070897321 ) ) ;
#6379 = CARTESIAN_POINT ( 'NONE',  ( 31.92845245670919496, 10.00000000000000000, 34.58747117249463798 ) ) ;
#6380 = CARTESIAN_POINT ( 'NONE',  ( -38.01112908156566306, 3.105155021998484699E-13, 29.96605618854577813 ) ) ;
#6381 = VECTOR ( 'NONE', #6264, 1000.000000000000000 ) ;
#6382 = CARTESIAN_POINT ( 'NONE',  ( 47.93386787975488517, 10.00000000000000000, 10.21794103203395743 ) ) ;
#6383 = DIRECTION ( 'NONE',  ( 0.000000000000000000, 0.000000000000000000, 1.000000000000000000 ) ) ;
#6384 = CARTESIAN_POINT ( 'NONE',  ( 19.88971653187900301, 10.00000000000000000, -42.81059083885514127 ) ) ;
#6385 = CARTESIAN_POINT ( 'NONE',  ( 1.818707001262796386, 0.000000000000000000, 46.95055821495476067 ) ) ;
#6386 = AXIS2_PLACEMENT_3D ( 'NONE', #2990, #4121, #6302 ) ;
#6387 = CARTESIAN_POINT ( 'NONE',  ( -13.96927544748932526, 0.000000000000000000, -46.65319621144183770 ) ) ;
#6388 = CARTESIAN_POINT ( 'NONE',  ( 47.93659817301845294, 10.00000000000000000, 9.236994885851581572 ) ) ;
#6389 = DIRECTION ( 'NONE',  ( 0.000000000000000000, 1.000000000000000000, 0.000000000000000000 ) ) ;
#6390 = DIRECTION ( 'NONE',  ( -0.000000000000000000, 1.000000000000000000, -0.000000000000000000 ) ) ;
#6391 = FACE_BOUND ( 'NONE', #2177, .T. ) ;
#6392 = EDGE_LOOP ( 'NONE', ( #648, #5496, #126, #2393 ) ) ;
#6393 = AXIS2_PLACEMENT_3D ( 'NONE', #1716, #3973, #3353 ) ;
#6394 = CARTESIAN_POINT ( 'NONE',  ( -46.01862772532778223, 10.00000000000000000, -9.527638197736832737 ) ) ;
#6395 = EDGE_LOOP ( 'NONE', ( #7060, #5853, #1111, #6465 ) ) ;
#6396 = CARTESIAN_POINT ( 'NONE',  ( 33.92280546852967404, 0.000000000000000000, 34.67371199702625972 ) ) ;
#6397 = CARTESIAN_POINT ( 'NONE',  ( 30.61168797722803347, 0.000000000000000000, -38.16055295108757406 ) ) ;
#6398 = CIRCLE ( 'NONE', #4636, 6.524999999999999467 ) ;
#6399 = CARTESIAN_POINT ( 'NONE',  ( -45.77446269631538200, 2.758210326803123280E-13, -14.74881787313361947 ) ) ;
#6400 = CARTESIAN_POINT ( 'NONE',  ( -8.666594791426808442, 10.00000000000000000, 48.23159475834217602 ) ) ;
#6401 = CARTESIAN_POINT ( 'NONE',  ( -47.14519658003514735, 10.00000000000000000, 13.37863006677303979 ) ) ;
#6402 = CARTESIAN_POINT ( 'NONE',  ( -2.441654943848182935, 10.00000000000000000, -48.83377677777771453 ) ) ;
#6403 = CARTESIAN_POINT ( 'NONE',  ( 3.313832756261781753, 10.00000000000000000, -47.76238363046505242 ) ) ;
#6404 = CARTESIAN_POINT ( 'NONE',  ( -42.73316591954514365, 0.000000000000000000, 21.06864559280228377 ) ) ;
#6405 = CARTESIAN_POINT ( 'NONE',  ( -44.78155854347890852, 10.00000000000000000, 18.29746868135540439 ) ) ;
#6406 = CARTESIAN_POINT ( 'NONE',  ( 15.94902323054420101, 10.00000000000000000, 44.75368592608378293 ) ) ;
#6407 = CARTESIAN_POINT ( 'NONE',  ( 0.1113255315131821271, 10.00000000000000000, 47.75585073208940656 ) ) ;
#6408 = CARTESIAN_POINT ( 'NONE',  ( 39.55886165385840769, 10.00000000000000000, -25.66122345101966573 ) ) ;
#6409 = CARTESIAN_POINT ( 'NONE',  ( 0.000000000000000000, 0.000000000000000000, -30.00000000000000000 ) ) ;
#6410 = VERTEX_POINT ( 'NONE', #4263 ) ;
#6411 = CARTESIAN_POINT ( 'NONE',  ( -47.18725528548963410, 0.000000000000000000, -13.08419477316707180 ) ) ;
#6412 = CARTESIAN_POINT ( 'NONE',  ( -32.81593044786576741, 2.758210326803123280E-13, -36.40297676982936537 ) ) ;
#6413 = CARTESIAN_POINT ( 'NONE',  ( 35.12322994193915093, 3.105155021998484699E-13, 34.17700911191675317 ) ) ;
#6414 = CIRCLE ( 'NONE', #5823, 7.525000000000016342 ) ;
#6415 = CARTESIAN_POINT ( 'NONE',  ( -41.26638704559058368, 10.00000000000000000, 22.66473460820860097 ) ) ;
#6416 = AXIS2_PLACEMENT_3D ( 'NONE', #2567, #7104, #2603 ) ;
#6417 = CARTESIAN_POINT ( 'NONE',  ( 38.49040888268347516, 10.00000000000000000, 29.60139600624777501 ) ) ;
#6418 = CYLINDRICAL_SURFACE ( 'NONE', #1663, 3.500000000000003109 ) ;
#6419 = CARTESIAN_POINT ( 'NONE',  ( 24.64011210093111970, 10.00000000000000000, -42.35872378985594366 ) ) ;
#6420 = ADVANCED_FACE ( 'NONE', ( #4375 ), #5353, .F. ) ;
#6421 = CARTESIAN_POINT ( 'NONE',  ( -22.19333903263364149, 0.000000000000000000, 43.50383015200330306 ) ) ;
#6422 = CARTESIAN_POINT ( 'NONE',  ( -12.28171053000158786, 0.000000000000000000, -45.57967856565686304 ) ) ;
#6423 = CARTESIAN_POINT ( 'NONE',  ( 46.16891714022615645, 3.105155021998484699E-13, 16.29749940164699495 ) ) ;
#6424 = FACE_OUTER_BOUND ( 'NONE', #7114, .T. ) ;
#6425 = CARTESIAN_POINT ( 'NONE',  ( 19.00000000000000000, -5.000000000000000000, 0.9000000000002041922 ) ) ;
#6426 = DIRECTION ( 'NONE',  ( 0.000000000000000000, 1.000000000000000000, -0.000000000000000000 ) ) ;
#6427 = ORIENTED_EDGE ( 'NONE', *, *, #2317, .T. ) ;
#6428 = CARTESIAN_POINT ( 'NONE',  ( -47.66417753837199456, 10.00000000000000000, -1.815838320880827972 ) ) ;
#6429 = ORIENTED_EDGE ( 'NONE', *, *, #2317, .F. ) ;
#6430 = CARTESIAN_POINT ( 'NONE',  ( 25.28302191772680274, 0.000000000000000000, 41.68034871153472665 ) ) ;
#6431 = CARTESIAN_POINT ( 'NONE',  ( 25.47802476145604089, 0.000000000000000000, -40.00263191549169761 ) ) ;
#6432 = CARTESIAN_POINT ( 'NONE',  ( -46.06605038831766308, 10.00000000000000000, -14.76835635972747518 ) ) ;
#6433 = CARTESIAN_POINT ( 'NONE',  ( -12.84417367610372551, 3.105155021998484699E-13, 45.79109786995854137 ) ) ;
#6434 = CARTESIAN_POINT ( 'NONE',  ( -46.69386976627848185, 3.105155021998484699E-13, 8.594477430797812900 ) ) ;
#6435 = CARTESIAN_POINT ( 'NONE',  ( -19.53254084227967624, 10.00000000000000000, -43.80290274801825490 ) ) ;
#6436 = CARTESIAN_POINT ( 'NONE',  ( 2.602921011920423133, 2.758210326803123280E-13, -47.16706221830376933 ) ) ;
#6437 = ORIENTED_EDGE ( 'NONE', *, *, #6765, .T. ) ;
#6438 = CARTESIAN_POINT ( 'NONE',  ( -44.03837754290261586, 10.00000000000000000, 16.93020044192979157 ) ) ;
#6439 = CARTESIAN_POINT ( 'NONE',  ( 13.39376134471409685, 10.00000000000000000, 45.61081825733354123 ) ) ;
#6440 = CARTESIAN_POINT ( 'NONE',  ( 3.415515231339314450, 10.00000000000000000, 47.90363493208165835 ) ) ;
#6441 = CARTESIAN_POINT ( 'NONE',  ( 47.70294041331264623, 0.000000000000000000, 8.677611613498498855 ) ) ;
#6442 = CARTESIAN_POINT ( 'NONE',  ( 24.89161173604185961, 10.00000000000000000, -42.16141674386349081 ) ) ;
#6443 = EDGE_CURVE ( 'NONE', #5370, #1283, #2043, .T. ) ;
#6444 = EDGE_CURVE ( 'NONE', #3505, #7051, #2760, .T. ) ;
#6445 = LINE ( 'NONE', #3641, #2731 ) ;
#6446 = EDGE_LOOP ( 'NONE', ( #5870, #628, #86, #869, #3413, #7267 ) ) ;
#6447 = CARTESIAN_POINT ( 'NONE',  ( -28.22922351340212899, 2.758210326803123280E-13, -38.07882712763090183 ) ) ;
#6448 = CARTESIAN_POINT ( 'NONE',  ( 35.82279732312366605, 3.105155021998484699E-13, 32.51019160147357923 ) ) ;
#6449 = CARTESIAN_POINT ( 'NONE',  ( -42.00270222787662533, 10.00000000000000000, 21.42836741033329062 ) ) ;
#6450 = CARTESIAN_POINT ( 'NONE',  ( -33.05611533214992193, 10.00000000000000000, 36.14576570390433830 ) ) ;
#6451 = CARTESIAN_POINT ( 'NONE',  ( 42.25582227685520564, 10.00000000000000000, 23.96781524986312206 ) ) ;
#6452 = CARTESIAN_POINT ( 'NONE',  ( -25.98076211353298604, 3.999999999999973355, -8.475000000000299849 ) ) ;
#6453 = CARTESIAN_POINT ( 'NONE',  ( 20.47677587917820219, 2.758210326803123280E-13, -42.28341895311490362 ) ) ;
#6454 = CARTESIAN_POINT ( 'NONE',  ( -13.67419874493829290, 0.000000000000000000, 46.55795448644408197 ) ) ;
#6455 = CARTESIAN_POINT ( 'NONE',  ( -19.01068499142009216, 0.000000000000000000, -43.53569918625525759 ) ) ;
#6456 = CARTESIAN_POINT ( 'NONE',  ( 45.09766806940967143, 10.00000000000000000, 13.82349709878816135 ) ) ;
#6457 = EDGE_CURVE ( 'NONE', #1848, #4278, #2786, .T. ) ;
#6458 = DIRECTION ( 'NONE',  ( 8.659560562354895880E-17, 0.7071067811865505703, -0.7071067811865444641 ) ) ;
#6459 = DIRECTION ( 'NONE',  ( 0.000000000000000000, 0.000000000000000000, 1.000000000000000000 ) ) ;
#6460 = FACE_OUTER_BOUND ( 'NONE', #5962, .T. ) ;
#6461 = ORIENTED_EDGE ( 'NONE', *, *, #4282, .F. ) ;
#6462 = CARTESIAN_POINT ( 'NONE',  ( -30.86198350476038854, 10.00000000000000000, 36.71469742177191620 ) ) ;
#6463 = CARTESIAN_POINT ( 'NONE',  ( -19.00000000000000000, 5.000000000000000000, -0.9000000000003287592 ) ) ;
#6464 = CARTESIAN_POINT ( 'NONE',  ( -19.98302025225905965, 10.00000000000000000, -44.17308355618402516 ) ) ;
#6465 = ORIENTED_EDGE ( 'NONE', *, *, #5151, .F. ) ;
#6466 = CARTESIAN_POINT ( 'NONE',  ( 24.89161173573819141, 0.000000000000000000, 42.16141674371121439 ) ) ;
#6467 = CARTESIAN_POINT ( 'NONE',  ( 30.78413878927731417, 0.000000000000000000, -37.88899995963649303 ) ) ;
#6468 = CARTESIAN_POINT ( 'NONE',  ( -44.85295710366439437, 10.00000000000000000, -19.73540441202000295 ) ) ;
#6469 = CARTESIAN_POINT ( 'NONE',  ( 47.76896890542335683, 2.758210326803123280E-13, -4.954753279258746979 ) ) ;
#6470 = CARTESIAN_POINT ( 'NONE',  ( -13.30744967007983881, 3.105155021998484699E-13, 46.12998155877874495 ) ) ;
#6471 = CARTESIAN_POINT ( 'NONE',  ( -48.55650356979466409, 10.00000000000000000, 6.441202254082487144 ) ) ;
#6472 = CARTESIAN_POINT ( 'NONE',  ( -27.51569821798948468, 10.00000000000000000, -40.55297343757489870 ) ) ;
#6473 = CARTESIAN_POINT ( 'NONE',  ( -1.395924203744943304, 2.758210326803123280E-13, -48.97028130967217407 ) ) ;
#6474 = ORIENTED_EDGE ( 'NONE', *, *, #4974, .F. ) ;
#6475 = FACE_OUTER_BOUND ( 'NONE', #5868, .T. ) ;
#6476 = CARTESIAN_POINT ( 'NONE',  ( 13.14435199892035833, 10.00000000000000000, 46.49983071065356910 ) ) ;
#6477 = CARTESIAN_POINT ( 'NONE',  ( 7.096471593054904936, 10.00000000000000000, 46.82209335659425875 ) ) ;
#6478 = CARTESIAN_POINT ( 'NONE',  ( 47.79968281754121051, 0.000000000000000000, 1.615430749902086127 ) ) ;
#6479 = CARTESIAN_POINT ( 'NONE',  ( 19.59474247412047632, 10.00000000000000000, -43.33409176341326230 ) ) ;
#6480 = FACE_OUTER_BOUND ( 'NONE', #3693, .T. ) ;
#6481 = CARTESIAN_POINT ( 'NONE',  ( -45.92140164609771347, 0.000000000000000000, -9.943727800250568905 ) ) ;
#6482 = CARTESIAN_POINT ( 'NONE',  ( -37.75959108542469522, 2.758210326803123280E-13, -29.51705101437228151 ) ) ;
#6483 = CARTESIAN_POINT ( 'NONE',  ( 35.82279732312366605, 10.00000000000000000, 32.51019160147357923 ) ) ;
#6484 = CARTESIAN_POINT ( 'NONE',  ( -41.61562696393023941, 10.00000000000000000, 25.88321177492099423 ) ) ;
#6485 = CARTESIAN_POINT ( 'NONE',  ( -28.16194582736779495, 3.105155021998484699E-13, 38.54419687418367602 ) ) ;
#6486 = CARTESIAN_POINT ( 'NONE',  ( 46.18891600156401012, 10.00000000000000000, 15.97901472148928192 ) ) ;
#6487 = CARTESIAN_POINT ( 'NONE',  ( -2.133709875451472726E-13, 3.999999999999974243, 30.00000000000000000 ) ) ;
#6488 = CIRCLE ( 'NONE', #6959, 0.8999999999999998002 ) ;
#6489 = CARTESIAN_POINT ( 'NONE',  ( -26.30578014802206610, 0.000000000000000000, 40.99517880117666380 ) ) ;
#6490 = CARTESIAN_POINT ( 'NONE',  ( -13.30744966974758903, 0.000000000000000000, -46.12998155920615773 ) ) ;
#6491 = CARTESIAN_POINT ( 'NONE',  ( 47.66789133759289143, 3.105155021998484699E-13, 10.88445959773475380 ) ) ;
#6492 = AXIS2_PLACEMENT_3D ( 'NONE', #6487, #3173, #7182 ) ;
#6493 = DIRECTION ( 'NONE',  ( 0.000000000000000000, 0.000000000000000000, 1.000000000000000000 ) ) ;
#6494 = DIRECTION ( 'NONE',  ( 0.000000000000000000, 1.000000000000000000, 0.000000000000000000 ) ) ;
#6495 = CARTESIAN_POINT ( 'NONE',  ( 25.98076211353288301, 0.000000000000000000, 15.00000000000047784 ) ) ;
#6496 = ORIENTED_EDGE ( 'NONE', *, *, #471, .F. ) ;
#6497 = AXIS2_PLACEMENT_3D ( 'NONE', #441, #985, #4936 ) ;
#6498 = CARTESIAN_POINT ( 'NONE',  ( 20.13559923306334554, 0.000000000000000000, 42.53991421653525151 ) ) ;
#6499 = CARTESIAN_POINT ( 'NONE',  ( 30.78997067002575960, 0.000000000000000000, -36.14083870403133147 ) ) ;
#6500 = CARTESIAN_POINT ( 'NONE',  ( -46.69674352696663533, 10.00000000000000000, -14.30181089916401760 ) ) ;
#6501 = CARTESIAN_POINT ( 'NONE',  ( 47.93372876043738273, 2.758210326803123280E-13, -4.899042732804798739 ) ) ;
#6502 = CARTESIAN_POINT ( 'NONE',  ( -20.35305852491757150, 3.105155021998484699E-13, 44.25574658896002944 ) ) ;
#6503 = CARTESIAN_POINT ( 'NONE',  ( -48.38002286252526574, 10.00000000000000000, 1.479422360220733923 ) ) ;
#6504 = CARTESIAN_POINT ( 'NONE',  ( -21.67370368668052549, 10.00000000000000000, -43.94910676342281874 ) ) ;
#6505 = CARTESIAN_POINT ( 'NONE',  ( -2.744104048785144467, 10.00000000000000000, -48.68087826272296326 ) ) ;
#6506 = CIRCLE ( 'NONE', #4400, 3.499999999999999556 ) ;
#6507 = ORIENTED_EDGE ( 'NONE', *, *, #3622, .F. ) ;
#6508 = CARTESIAN_POINT ( 'NONE',  ( -47.89871387966344685, 0.000000000000000000, -1.660416455765983956 ) ) ;
#6509 = FACE_OUTER_BOUND ( 'NONE', #3210, .T. ) ;
#6510 = CARTESIAN_POINT ( 'NONE',  ( 5.975729838668017990, 3.105155021998484699E-13, 48.47079846560605887 ) ) ;
#6511 = CARTESIAN_POINT ( 'NONE',  ( -2.990908725482608332, 10.00000000000000000, 48.49416211901183971 ) ) ;
#6512 = DIRECTION ( 'NONE',  ( 0.000000000000000000, 1.000000000000000000, 0.000000000000000000 ) ) ;
#6513 = CARTESIAN_POINT ( 'NONE',  ( 25.11164975891753315, 10.00000000000000000, -41.93029834468455164 ) ) ;
#6514 = DIRECTION ( 'NONE',  ( -0.000000000000000000, 1.000000000000000000, -0.000000000000000000 ) ) ;
#6515 = EDGE_LOOP ( 'NONE', ( #5036, #6854, #277, #2588 ) ) ;
#6516 = CARTESIAN_POINT ( 'NONE',  ( -37.86857215181864689, 2.758210326803123280E-13, -29.75700132919024199 ) ) ;
#6517 = CARTESIAN_POINT ( 'NONE',  ( 32.85192360669895351, 10.00000000000000000, 34.40696876749404964 ) ) ;
#6518 = CARTESIAN_POINT ( 'NONE',  ( -40.40192023901066420, 10.00000000000000000, 26.87585679164893193 ) ) ;
#6519 = CARTESIAN_POINT ( 'NONE',  ( -33.34450281336444277, 10.00000000000000000, 34.71131097299122104 ) ) ;
#6520 = CARTESIAN_POINT ( 'NONE',  ( 39.55886165367351737, 10.00000000000000000, 25.66122345097295465 ) ) ;
#6521 = CARTESIAN_POINT ( 'NONE',  ( 47.79968281755294157, 10.00000000000000000, -1.615430749889427808 ) ) ;
#6522 = EDGE_LOOP ( 'NONE', ( #6474, #2070, #2626, #293 ) ) ;
#6523 = CARTESIAN_POINT ( 'NONE',  ( 40.98477501321526972, 2.758210326803123280E-13, -24.03147806771517381 ) ) ;
#6524 = CARTESIAN_POINT ( 'NONE',  ( -22.50334853433975724, 0.000000000000000000, 42.20200591817334868 ) ) ;
#6525 = VECTOR ( 'NONE', #6356, 1000.000000000000000 ) ;
#6526 = CARTESIAN_POINT ( 'NONE',  ( -25.29633491881440932, 0.000000000000000000, -40.58947445160428913 ) ) ;
#6527 = PERSON_AND_ORGANIZATION_ROLE ( 'creator' ) ;
#6528 = CARTESIAN_POINT ( 'NONE',  ( 45.76231138099888085, 3.105155021998484699E-13, 15.01062630787940577 ) ) ;
#6529 = CARTESIAN_POINT ( 'NONE',  ( 25.98076211353288301, 0.000000000000000000, 18.50000000000047962 ) ) ;
#6530 = CARTESIAN_POINT ( 'NONE',  ( -25.98076211353298604, 1.500000000000000000, -15.00000000000030020 ) ) ;
#6531 = ORIENTED_EDGE ( 'NONE', *, *, #5432, .T. ) ;
#6532 = CARTESIAN_POINT ( 'NONE',  ( 32.59837096048310201, 10.00000000000000000, -34.41267711612503888 ) ) ;
#6533 = CARTESIAN_POINT ( 'NONE',  ( -20.35305852459880072, 2.758210326803123280E-13, -44.25574658943811812 ) ) ;
#6534 = EDGE_CURVE ( 'NONE', #5472, #859, #6655, .T. ) ;
#6535 = EDGE_CURVE ( 'NONE', #1848, #5370, #4297, .T. ) ;
#6536 = VERTEX_POINT ( 'NONE', #6769 ) ;
#6537 = CARTESIAN_POINT ( 'NONE',  ( 30.86910644769476875, 0.000000000000000000, 35.79831709876035006 ) ) ;
#6538 = CARTESIAN_POINT ( 'NONE',  ( 25.66124536474277207, 0.000000000000000000, -39.57763539787850959 ) ) ;
#6539 = CARTESIAN_POINT ( 'NONE',  ( -43.70179320590759176, 10.00000000000000000, -20.99370316804075642 ) ) ;
#6540 = CARTESIAN_POINT ( 'NONE',  ( -19.19283995516960672, 10.00000000000000000, 43.60786845148428625 ) ) ;
#6541 = CARTESIAN_POINT ( 'NONE',  ( -25.98076211353329867, 3.999999999999973355, 14.99999999999976374 ) ) ;
#6542 = CARTESIAN_POINT ( 'NONE',  ( -28.02428562150406322, 10.00000000000000000, -39.99167870436807704 ) ) ;
#6543 = CARTESIAN_POINT ( 'NONE',  ( 0.9696227746150907212, 2.758210326803123280E-13, -47.09635402424679995 ) ) ;
#6544 = ORIENTED_EDGE ( 'NONE', *, *, #3041, .F. ) ;
#6545 = DIRECTION ( 'NONE',  ( 0.000000000000000000, 1.000000000000000000, -0.000000000000000000 ) ) ;
#6546 = CARTESIAN_POINT ( 'NONE',  ( 6.576098157998639060, 3.105155021998484699E-13, 47.64015109954559080 ) ) ;
#6547 = EDGE_CURVE ( 'NONE', #859, #4175, #2867, .T. ) ;
#6548 = CARTESIAN_POINT ( 'NONE',  ( 1.391503986769859535, 10.00000000000000000, 46.97380805578321628 ) ) ;
#6549 = CARTESIAN_POINT ( 'NONE',  ( 47.28240673514632419, 0.000000000000000000, 5.240457780503508189 ) ) ;
#6550 = CARTESIAN_POINT ( 'NONE',  ( 31.57222170620183732, 10.00000000000000000, -34.79723650312175209 ) ) ;
#6551 = LINE ( 'NONE', #3202, #971 ) ;
#6552 = EDGE_LOOP ( 'NONE', ( #6818, #3788, #2737, #1071 ) ) ;
#6553 = CARTESIAN_POINT ( 'NONE',  ( -36.65677987737331733, 2.758210326803123280E-13, -32.13663260289995804 ) ) ;
#6554 = CARTESIAN_POINT ( 'NONE',  ( 25.66124536445769877, 3.105155021998484699E-13, 39.57763539773183226 ) ) ;
#6555 = CARTESIAN_POINT ( 'NONE',  ( -39.56029081529624847, 10.00000000000000000, 26.79554503557909584 ) ) ;
#6556 = DIRECTION ( 'NONE',  ( 0.000000000000000000, 0.000000000000000000, 1.000000000000000000 ) ) ;
#6557 = CARTESIAN_POINT ( 'NONE',  ( 40.04913083350491831, 10.00000000000000000, 27.72877957918342418 ) ) ;
#6558 = CYLINDRICAL_SURFACE ( 'NONE', #4257, 3.499999999999999556 ) ;
#6559 = VERTEX_POINT ( 'NONE', #3417 ) ;
#6560 = CARTESIAN_POINT ( 'NONE',  ( -16.54945442444102710, 0.000000000000000000, 44.53514656127515536 ) ) ;
#6561 = CARTESIAN_POINT ( 'NONE',  ( -34.97068948072989514, 0.000000000000000000, -32.03734045066855174 ) ) ;
#6562 = SECURITY_CLASSIFICATION_LEVEL ( 'unclassified' ) ;
#6563 = CARTESIAN_POINT ( 'NONE',  ( 45.65387479832224216, 3.105155021998484699E-13, 17.44902786893293722 ) ) ;
#6564 = FACE_OUTER_BOUND ( 'NONE', #5305, .T. ) ;
#6565 = CARTESIAN_POINT ( 'NONE',  ( -2.133709875451472726E-13, 0.000000000000000000, 30.00000000000000000 ) ) ;
#6566 = EDGE_LOOP ( 'NONE', ( #2519, #3489, #272, #400 ) ) ;
#6567 = CARTESIAN_POINT ( 'NONE',  ( 35.80442075015090353, 2.758210326803123280E-13, -33.02487383575729041 ) ) ;
#6568 = CARTESIAN_POINT ( 'NONE',  ( -25.79572543310283450, 2.758210326803123280E-13, -40.92390374015360521 ) ) ;
#6569 = ORIENTED_EDGE ( 'NONE', *, *, #4782, .F. ) ;
#6570 = CARTESIAN_POINT ( 'NONE',  ( 25.66124536445769877, 0.000000000000000000, 39.57763539773183226 ) ) ;
#6571 = CARTESIAN_POINT ( 'NONE',  ( 12.72176798459747005, 0.000000000000000000, -47.11054574195090083 ) ) ;
#6572 = AXIS2_PLACEMENT_3D ( 'NONE', #4397, #6638, #1582 ) ;
#6573 = CARTESIAN_POINT ( 'NONE',  ( -46.71854250021710442, 2.758210326803123280E-13, -11.79070647690571683 ) ) ;
#6574 = CARTESIAN_POINT ( 'NONE',  ( 47.61220692423798084, 10.00000000000000000, -5.030362386571609612 ) ) ;
#6575 = CARTESIAN_POINT ( 'NONE',  ( -16.37600682961056364, 3.105155021998484699E-13, 45.46512173789954403 ) ) ;
#6576 = EDGE_CURVE ( 'NONE', #6265, #4926, #6414, .T. ) ;
#6577 = CARTESIAN_POINT ( 'NONE',  ( -47.42108593941478745, 3.105155021998484699E-13, 4.803653317280635271 ) ) ;
#6578 = CARTESIAN_POINT ( 'NONE',  ( -16.26604374645896200, 10.00000000000000000, -45.77582882927040941 ) ) ;
#6579 = CARTESIAN_POINT ( 'NONE',  ( -10.57080365322970827, 10.00000000000000000, -45.97443897831277582 ) ) ;
#6580 = VERTEX_POINT ( 'NONE', #616 ) ;
#6581 = PLANE ( 'NONE',  #5482 ) ;
#6582 = CARTESIAN_POINT ( 'NONE',  ( 6.876009028724378247, 3.105155021998484699E-13, 47.07331053804750809 ) ) ;
#6583 = CARTESIAN_POINT ( 'NONE',  ( -21.03884785026257731, 10.00000000000000000, 44.21128466465809481 ) ) ;
#6584 = CARTESIAN_POINT ( 'NONE',  ( 24.64011210093111970, 10.00000000000000000, -42.35872378985594366 ) ) ;
#6585 = CARTESIAN_POINT ( 'NONE',  ( 19.09554366382848656, 2.758210326803123280E-13, -44.95965823793940785 ) ) ;
#6586 = LINE ( 'NONE', #3240, #1318 ) ;
#6587 = EDGE_CURVE ( 'NONE', #4195, #3255, #3702, .T. ) ;
#6588 = CARTESIAN_POINT ( 'NONE',  ( 30.78997066976540253, 3.105155021998484699E-13, 36.14083870392153131 ) ) ;
#6589 = DIRECTION ( 'NONE',  ( 0.000000000000000000, 0.000000000000000000, 1.000000000000000000 ) ) ;
#6590 = CARTESIAN_POINT ( 'NONE',  ( 34.12262364839796902, 10.00000000000000000, 34.65295765585184284 ) ) ;
#6591 = LINE ( 'NONE', #3757, #5900 ) ;
#6592 = CARTESIAN_POINT ( 'NONE',  ( -45.99848029524338955, 10.00000000000000000, -10.75378807469441966 ) ) ;
#6593 = CARTESIAN_POINT ( 'NONE',  ( -28.02428562179208527, 0.000000000000000000, 39.99167870383464418 ) ) ;
#6594 = CARTESIAN_POINT ( 'NONE',  ( -28.17542666203026513, 0.000000000000000000, -38.89176394523000369 ) ) ;
#6595 = COORDINATED_UNIVERSAL_TIME_OFFSET ( 5, 0, .BEHIND. ) ;
#6596 = CARTESIAN_POINT ( 'NONE',  ( 44.95693045144007982, 10.00000000000000000, 17.93557531665695137 ) ) ;
#6597 = AXIS2_PLACEMENT_3D ( 'NONE', #1881, #3520, #3073 ) ;
#6598 = DIRECTION ( 'NONE',  ( 0.000000000000000000, 1.000000000000000000, 0.000000000000000000 ) ) ;
#6599 = FACE_OUTER_BOUND ( 'NONE', #7107, .T. ) ;
#6600 = ORIENTED_EDGE ( 'NONE', *, *, #4987, .F. ) ;
#6601 = CARTESIAN_POINT ( 'NONE',  ( 35.73409833055687557, 2.758210326803123280E-13, -33.28966224874656632 ) ) ;
#6602 = CARTESIAN_POINT ( 'NONE',  ( -20.76633825492323737, 2.758210326803123280E-13, -44.25637570041840974 ) ) ;
#6603 = ORIENTED_EDGE ( 'NONE', *, *, #1897, .T. ) ;
#6604 = CARTESIAN_POINT ( 'NONE',  ( 6.576098157998639060, 0.000000000000000000, 47.64015109954559080 ) ) ;
#6605 = CIRCLE ( 'NONE', #32, 3.500000000000003109 ) ;
#6606 = CARTESIAN_POINT ( 'NONE',  ( 18.84111122075580269, 0.000000000000000000, -45.17269837914102482 ) ) ;
#6607 = CARTESIAN_POINT ( 'NONE',  ( -47.13538552591132458, 10.00000000000000000, -12.41905783142563990 ) ) ;
#6608 = CARTESIAN_POINT ( 'NONE',  ( 46.81736925808620242, 10.00000000000000000, -7.894077009622928465 ) ) ;
#6609 = CARTESIAN_POINT ( 'NONE',  ( -48.09558287331679338, 3.105155021998484699E-13, 5.252459889381681180 ) ) ;
#6610 = VECTOR ( 'NONE', #4202, 1000.000000000000000 ) ;
#6611 = CARTESIAN_POINT ( 'NONE',  ( -28.16252507900433244, 10.00000000000000000, -38.71819953359096189 ) ) ;
#6612 = CARTESIAN_POINT ( 'NONE',  ( -9.701618094257106861, 10.00000000000000000, -47.61329664888269519 ) ) ;
#6613 = CARTESIAN_POINT ( 'NONE',  ( 39.88625831912916198, 0.000000000000000000, 28.39642949158538343 ) ) ;
#6614 = CARTESIAN_POINT ( 'NONE',  ( 45.23049544017899137, 0.000000000000000000, -14.26683525308907008 ) ) ;
#6615 = CIRCLE ( 'NONE', #1903, 42.50000000000000711 ) ;
#6616 = CARTESIAN_POINT ( 'NONE',  ( -47.38230242929080305, 10.00000000000000000, 2.063423480037482438 ) ) ;
#6617 = CARTESIAN_POINT ( 'NONE',  ( 4.437374477649838944, 10.00000000000000000, 48.70163177445953551 ) ) ;
#6618 = CARTESIAN_POINT ( 'NONE',  ( -46.21235154911381926, 0.000000000000000000, 9.132568660383977743 ) ) ;
#6619 = CARTESIAN_POINT ( 'NONE',  ( -6.195896858278907793, 10.00000000000000000, 47.02075252546396911 ) ) ;
#6620 = CARTESIAN_POINT ( 'NONE',  ( 3.864956068115154242, 10.00000000000000000, -48.47930604352037420 ) ) ;
#6621 = CARTESIAN_POINT ( 'NONE',  ( 12.72176798459747005, 2.758210326803123280E-13, -47.11054574195090083 ) ) ;
#6622 = VECTOR ( 'NONE', #7218, 1000.000000000000000 ) ;
#6623 = CARTESIAN_POINT ( 'NONE',  ( 20.73457533539865594, 5.000000000000000000, 29.26295592348078856 ) ) ;
#6624 = ADVANCED_FACE ( 'NONE', ( #1599 ), #4018, .F. ) ;
#6625 = CARTESIAN_POINT ( 'NONE',  ( 28.39375601483105882, 10.00000000000000000, 38.86548078570556441 ) ) ;
#6626 = CIRCLE ( 'NONE', #4747, 0.9000000000000014655 ) ;
#6627 = CARTESIAN_POINT ( 'NONE',  ( 47.00000000000028422, 0.000000000000000000, -0.07678126517536686124 ) ) ;
#6628 = CARTESIAN_POINT ( 'NONE',  ( 31.26049057972285539, 10.00000000000000000, 35.08948155852296935 ) ) ;
#6629 = CARTESIAN_POINT ( 'NONE',  ( 48.41393903339499616, 10.00000000000000000, -4.612104440926358961 ) ) ;
#6630 = CARTESIAN_POINT ( 'NONE',  ( -48.53784371705505407, 10.00000000000000000, -6.792624207876193587 ) ) ;
#6631 = ORIENTED_EDGE ( 'NONE', *, *, #2453, .T. ) ;
#6632 = CARTESIAN_POINT ( 'NONE',  ( 43.37048054962436083, 10.00000000000000000, -22.80168480192262592 ) ) ;
#6633 = CARTESIAN_POINT ( 'NONE',  ( -28.12498365876572137, 0.000000000000000000, 39.81159203391364088 ) ) ;
#6634 = CARTESIAN_POINT ( 'NONE',  ( -34.52033369131090978, 0.000000000000000000, -32.14397765049469768 ) ) ;
#6635 = PERSON_AND_ORGANIZATION_ROLE ( 'design_supplier' ) ;
#6636 = CARTESIAN_POINT ( 'NONE',  ( 45.43748171300844518, 3.105155021998484699E-13, 17.66119879895233780 ) ) ;
#6637 = DIRECTION ( 'NONE',  ( 1.000000000000000000, 0.000000000000000000, 0.000000000000000000 ) ) ;
#6638 = DIRECTION ( 'NONE',  ( 0.8086858141707815584, 3.606790320371810776E-16, 0.5882408128980343154 ) ) ;
#6639 = EDGE_CURVE ( 'NONE', #3758, #5219, #3591, .T. ) ;
#6640 = DIRECTION ( 'NONE',  ( 0.000000000000000000, 0.000000000000000000, 1.000000000000000000 ) ) ;
#6641 = ORIENTED_EDGE ( 'NONE', *, *, #2353, .T. ) ;
#6642 = CARTESIAN_POINT ( 'NONE',  ( 32.31229380717327615, 10.00000000000000000, -34.45895843406758274 ) ) ;
#6643 = CARTESIAN_POINT ( 'NONE',  ( -22.50334853403577640, 2.758210326803123280E-13, -42.20200591866699824 ) ) ;
#6644 = CARTESIAN_POINT ( 'NONE',  ( 14.16787126553803056, 0.000000000000000000, 44.82238695537763817 ) ) ;
#6645 = CARTESIAN_POINT ( 'NONE',  ( 16.21901918100986961, 0.000000000000000000, -44.91056042021516248 ) ) ;
#6646 = CARTESIAN_POINT ( 'NONE',  ( -48.99250442892494561, 0.000000000000000000, -0.2075573755636170303 ) ) ;
#6647 = CARTESIAN_POINT ( 'NONE',  ( -47.18725528548963410, 10.00000000000000000, -13.08419477316707180 ) ) ;
#6648 = CARTESIAN_POINT ( 'NONE',  ( 45.52156229597231629, 2.758210326803123280E-13, -12.23057545315486827 ) ) ;
#6649 = CARTESIAN_POINT ( 'NONE',  ( -18.40204756970596378, 10.00000000000000000, 43.41389834571099016 ) ) ;
#6650 = LINE ( 'NONE', #1743, #4516 ) ;
#6651 = CARTESIAN_POINT ( 'NONE',  ( -29.89409614269066040, 10.00000000000000000, -36.61644788641506665 ) ) ;
#6652 = CARTESIAN_POINT ( 'NONE',  ( -6.682706863688351540, 10.00000000000000000, -47.45928886766319010 ) ) ;
#6653 = CARTESIAN_POINT ( 'NONE',  ( 39.92127943687653868, 0.000000000000000000, 24.76003750518335167 ) ) ;
#6654 = CARTESIAN_POINT ( 'NONE',  ( 46.69101150209138495, 0.000000000000000000, -5.972326457504685493 ) ) ;
#6655 = LINE ( 'NONE', #2309, #1460 ) ;
#6656 = CARTESIAN_POINT ( 'NONE',  ( 6.876009028724378247, 10.00000000000000000, 47.07331053804750809 ) ) ;
#6657 = B_SPLINE_SURFACE_WITH_KNOTS ( 'NONE', 4, 1, ( 
 ( #3919, #3369 ),
 ( #5622, #569 ),
 ( #2813, #5074 ),
 ( #25, #3955 ),
 ( #1292, #641 ),
 ( #3549, #3446 ),
 ( #6903, #5145 ),
 ( #6279, #5696 ),
 ( #1189, #3995 ),
 ( #678, #3406 ),
 ( #4588, #1739 ),
 ( #712, #5796 ),
 ( #2404, #201 ),
 ( #2437, #4691 ),
 ( #4660, #2929 ),
 ( #6830, #2891 ),
 ( #6935, #6796 ),
 ( #3483, #5658 ),
 ( #6355, #1228 ),
 ( #6242, #1844 ),
 ( #1772, #100 ),
 ( #1878, #747 ),
 ( #605, #2853 ),
 ( #3001, #5111 ),
 ( #5180, #4100 ),
 ( #1808, #4068 ),
 ( #5249, #130 ),
 ( #6867, #3516 ),
 ( #2336, #6205 ),
 ( #1262, #1152 ),
 ( #6319, #64 ),
 ( #5760, #4032 ),
 ( #2297, #2963 ),
 ( #4551, #2367 ),
 ( #5728, #4625 ),
 ( #5215, #171 ),
 ( #5830, #344 ),
 ( #922, #850 ),
 ( #3109, #3726 ),
 ( #5937, #1436 ),
 ( #2582, #4800 ),
 ( #6388, #2469 ),
 ( #3688, #5355 ),
 ( #4242, #5316 ),
 ( #4764, #4725 ),
 ( #1916, #1399 ),
 ( #303, #6491 ),
 ( #1366, #2511 ),
 ( #4206, #382 ),
 ( #3142, #7045 ),
 ( #3621, #6971 ),
 ( #3179, #268 ),
 ( #5390, #5973 ),
 ( #4133, #7010 ),
 ( #1951, #4170 ),
 ( #2547, #887 ),
 ( #1473, #5899 ),
 ( #6456, #4835 ),
 ( #5864, #3653 ),
 ( #1985, #7080 ),
 ( #3586, #2023 ),
 ( #4285, #6528 ),
 ( #780, #5426 ),
 ( #2623, #4871 ),
 ( #7120, #1332 ),
 ( #3033, #5282 ),
 ( #233, #6423 ),
 ( #813, #3070 ),
 ( #4986, #7225 ),
 ( #4465, #2693 ),
 ( #7264, #6563 ),
 ( #7152, #6636 ),
 ( #3284, #4429 ),
 ( #6596, #451 ),
 ( #2137, #5615 ),
 ( #1068, #2730 ),
 ( #1545, #4909 ),
 ( #3910, #2212 ),
 ( #2099, #6121 ),
 ( #4355, #4321 ),
 ( #6712, #7188 ),
 ( #5538, #6674 ),
 ( #1653, #3837 ),
 ( #4395, #3322 ),
 ( #3800, #4947 ),
 ( #5505, #6050 ),
 ( #5067, #1580 ),
 ( #561, #5578 ),
 ( #1034, #1508 ),
 ( #6162, #6082 ),
 ( #3762, #485 ),
 ( #1109, #2173 ),
 ( #6009, #2658 ),
 ( #1613, #3872 ),
 ( #999, #954 ),
 ( #2768, #525 ),
 ( #3362, #2803 ),
 ( #5028, #2061 ),
 ( #3214, #5468 ),
 ( #3250, #417 ),
 ( #123, #4022 ),
 ( #2288, #4541 ),
 ( #6268, #1764 ),
 ( #6752, #5684 ),
 ( #1218, #2883 ),
 ( #595, #1179 ),
 ( #5101, #2359 ),
 ( #3541, #4579 ),
 ( #3472, #3436 ),
 ( #5753, #669 ),
 ( #2918, #2247 ),
 ( #5172, #4615 ),
 ( #2396, #633 ),
 ( #5206, #4502 ),
 ( #6857, #160 ),
 ( #1800, #6197 ),
 ( #4058, #6787 ),
 ( #5720, #6821 ),
 ( #55, #2842 ),
 ( #4093, #6307 ),
 ( #1254, #6348 ),
 ( #1730, #3509 ),
 ( #15, #5137 ),
 ( #705, #1145 ),
 ( #2957, #4651 ),
 ( #1692, #1286 ),
 ( #6894, #1835 ),
 ( #2994, #5787 ),
 ( #738, #3984 ),
 ( #2327, #3949 ),
 ( #3396, #5650 ),
 ( #6234, #91 ),
 ( #4826, #7002 ),
 ( #2429, #3613 ),
 ( #1870, #3577 ),
 ( #3679, #1390 ),
 ( #4197, #4792 ),
 ( #4718, #4683 ),
 ( #2539, #5927 ),
 ( #333, #6962 ),
 ( #2573, #2462 ),
 ( #6483, #6448 ),
 ( #225, #7037 ),
 ( #1907, #7069 ),
 ( #296, #2011 ),
 ( #3098, #879 ),
 ( #804, #5307 ),
 ( #4163, #6413 ),
 ( #3645, #1941 ),
 ( #6928, #5856 ),
 ( #3133, #1978 ),
 ( #1356, #4233 ),
 ( #5347, #1463 ),
 ( #2501, #1426 ),
 ( #3060, #258 ),
 ( #5382, #3716 ),
 ( #4755, #5888 ),
 ( #840, #4272 ),
 ( #6517, #5964 ),
 ( #913, #4125 ),
 ( #5241, #194 ),
 ( #6379, #1323 ),
 ( #5822, #772 ),
 ( #3026, #5274 ),
 ( #3752, #2164 ),
 ( #442, #1606 ),
 ( #2202, #6588 ),
 ( #4420, #2758 ),
 ( #3169, #6039 ),
 ( #6664, #2052 ),
 ( #2685, #517 ),
 ( #5018, #4938 ),
 ( #987, #7216 ),
 ( #4899, #3790 ),
 ( #1534, #7144 ),
 ( #6151, #3242 ),
 ( #1644, #3864 ),
 ( #2088, #2721 ),
 ( #4346, #6112 ),
 ( #1059, #2127 ),
 ( #7255, #4383 ),
 ( #6625, #6074 ),
 ( #477, #4457 ),
 ( #5497, #6702 ),
 ( #3900, #5416 ),
 ( #2648, #371 ),
 ( #2609, #1569 ),
 ( #4861, #7109 ),
 ( #4311, #6554 ),
 ( #1498, #6000 ),
 ( #7179, #3312 ),
 ( #1025, #4976 ),
 ( #3827, #3275 ),
 ( #945, #5568 ),
 ( #5529, #3205 ),
 ( #5457, #409 ),
 ( #3940, #2351 ),
 ( #4012, #3389 ),
 ( #1245, #1209 ),
 ( #1791, #2875 ),
 ( #623, #2948 ),
 ( #3975, #587 ),
 ( #2279, #661 ),
 ( #3464, #4644 ),
 ( #697, #3352 ),
 ( #5713, #6226 ),
 ( #1757, #4051 ),
 ( #5607, #6741 ),
 ( #2910, #82 ),
 ( #5165, #4532 ),
 ( #1720, #1683 ),
 ( #3500, #6299 ),
 ( #6, #5091 ),
 ( #5641, #45 ),
 ( #5676, #6886 ),
 ( #6186, #115 ),
 ( #5128, #6848 ),
 ( #152, #6777 ),
 ( #4607, #1100 ),
 ( #553, #5743 ),
 ( #1170, #1136 ),
 ( #5197, #2387 ),
 ( #1827, #2832 ),
 ( #4086, #3425 ),
 ( #2794, #6259 ),
 ( #2319, #5056 ),
 ( #4569, #2238 ),
 ( #6813, #4494 ),
 ( #4711, #6953 ),
 ( #250, #4117 ),
 ( #1900, #2491 ),
 ( #3569, #4155 ),
 ( #6406, #2564 ),
 ( #5337, #6993 ),
 ( #5815, #1863 ),
 ( #871, #4225 ),
 ( #6372, #3090 ),
 ( #1315, #1279 ),
 ( #3672, #1350 ),
 ( #6439, #4746 ),
 ( #3603, #5920 ),
 ( #1382, #3126 ),
 ( #2003, #1417 ),
 ( #6476, #763 ),
 ( #5848, #797 ),
 ( #4817, #2531 ),
 ( #5301, #5779 ),
 ( #5373, #3052 ),
 ( #3534, #1933 ),
 ( #2986, #4676 ),
 ( #4785, #4190 ),
 ( #3637, #5879 ),
 ( #3017, #730 ),
 ( #832, #7030 ),
 ( #325, #5267 ),
 ( #7062, #217 ),
 ( #1969, #2455 ),
 ( #288, #6340 ),
 ( #5233, #187 ),
 ( #2422, #6920 ),
 ( #6104, #362 ),
 ( #3745, #4854 ),
 ( #3821, #2044 ),
 ( #509, #2751 ),
 ( #470, #980 ),
 ( #4891, #939 ),
 ( #5008, #7102 ),
 ( #2119, #4414 ),
 ( #6656, #6582 ),
 ( #4304, #2713 ),
 ( #7139, #6546 ),
 ( #7245, #3856 ),
 ( #1490, #7210 ),
 ( #5994, #1052 ),
 ( #3197, #6510 ),
 ( #1456, #3234 ),
 ( #5450, #402 ),
 ( #4929, #1563 ),
 ( #2642, #1600 ),
 ( #6617, #3304 ),
 ( #4376, #4967 ),
 ( #7170, #2081 ),
 ( #5558, #6068 ),
 ( #2157, #6031 ),
 ( #3783, #4264 ),
 ( #3708, #1019 ),
 ( #4338, #3269 ),
 ( #5523, #5957 ),
 ( #1529, #907 ),
 ( #5490, #436 ),
 ( #3161, #5409 ),
 ( #2600, #2678 ),
 ( #1749, #1163 ),
 ( #2310, #3380 ),
 ( #2825, #2787 ),
 ( #1014, #6770 ),
 ( #3418, #4562 ),
 ( #6732, #580 ),
 ( #2270, #5737 ),
 ( #1200, #2868 ),
 ( #1710, #653 ),
 ( #109, #5669 ),
 ( #6251, #2194 ),
 ( #4450, #6805 ),
 ( #37, #543 ),
 ( #617, #4005 ),
 ( #6839, #3968 ),
 ( #4525, #3456 ),
 ( #3931, #5121 ),
 ( #5708, #6694 ),
 ( #1636, #2902 ),
 ( #1091, #75 ),
 ( #1784, #5158 ),
 ( #6216, #2344 ),
 ( #4598, #2231 ),
 ( #5084, #4045 ),
 ( #6179, #690 ),
 ( #6292, #1676 ),
 ( #1238, #3492 ),
 ( #3891, #2940 ),
 ( #5189, #6142 ),
 ( #3343, #4486 ),
 ( #5599, #5048 ),
 ( #1127, #5634 ),
 ( #6983, #722 ),
 ( #6878, #790 ),
 ( #825, #6913 ),
 ( #5912, #2976 ),
 ( #755, #5227 ),
 ( #1341, #3044 ),
 ( #1854, #283 ),
 ( #6400, #1890 ),
 ( #1819, #5807 ),
 ( #3597, #3011 ),
 ( #181, #1304 ),
 ( #2416, #242 ),
 ( #3664, #4702 ),
 ( #4145, #3559 ),
 ( #4110, #2481 ),
 ( #4671, #5260 ),
 ( #4078, #5294 ),
 ( #2524, #209 ),
 ( #5330, #4638 ),
 ( #4738, #4778 ),
 ( #1926, #6330 ),
 ( #4182, #6365 ),
 ( #5841, #6944 ),
 ( #2447, #6433 ),
 ( #4219, #1377 ),
 ( #3632, #6470 ),
 ( #7024, #5874 ),
 ( #3082, #1963 ),
 ( #1411, #865 ),
 ( #3120, #141 ),
 ( #2378, #1272 ),
 ( #3529, #5770 ),
 ( #7201, #4332 ),
 ( #3850, #4960 ),
 ( #2558, #4811 ),
 ( #4407, #1996 ),
 ( #7132, #3814 ),
 ( #7056, #6575 ),
 ( #5948, #4846 ),
 ( #6022, #2670 ),
 ( #7093, #463 ),
 ( #4922, #2705 ),
 ( #3227, #6062 ),
 ( #933, #5443 ),
 ( #5515, #5481 ),
 ( #6649, #2075 ),
 ( #4883, #1592 ),
 ( #3191, #2036 ),
 ( #6540, #7163 ),
 ( #2111, #6095 ),
 ( #2636, #1556 ),
 ( #1484, #5986 ),
 ( #1045, #5365 ),
 ( #394, #1521 ),
 ( #970, #316 ),
 ( #4255, #6502 ),
 ( #1449, #3701 ),
 ( #898, #3153 ),
 ( #5402, #4296 ),
 ( #2593, #3737 ),
 ( #355, #1775 ),
 ( #3884, #2300 ),
 ( #572, #1742 ),
 ( #2338, #6724 ),
 ( #4554, #2894 ),
 ( #3297, #6171 ),
 ( #6799, #2185 ),
 ( #643, #5077 ),
 ( #1118, #67 ),
 ( #5042, #1155 ),
 ( #1668, #7276 ),
 ( #5625, #6135 ),
 ( #3997, #3372 ),
 ( #2224, #2856 ),
 ( #4477, #6244 ),
 ( #1193, #2259 ),
 ( #5147, #4515 ),
 ( #6762, #6208 ),
 ( #608, #102 ),
 ( #2817, #4591 ),
 ( #3448, #1702 ),
 ( #5698, #4035 ),
 ( #28, #3922 ),
 ( #6832, #3958 ),
 ( #5590, #3409 ),
 ( #1080, #5662 ),
 ( #500, #2742 ),
 ( #6686, #6282 ),
 ( #5550, #5000 ),
 ( #7238, #4443 ),
 ( #5114, #1628 ),
 ( #3335, #537 ),
 ( #2779, #7071 ),
 ( #4275, #4235 ),
 ( #6870, #1810 ),
 ( #298, #3615 ),
 ( #2504, #7004 ),
 ( #2054, #6485 ),
 ( #4200, #2541 ),
 ( #5966, #5858 ),
 ( #5418, #1392 ),
 ( #881, #335 ),
 ( #7039, #807 ),
 ( #4313, #3171 ),
 ( #4794, #4070 ),
 ( #1230, #6322 ),
 ( #3682, #915 ),
 ( #1980, #842 ),
 ( #2013, #1359 ),
 ( #373, #3062 ),
 ( #4864, #2611 ),
 ( #5309, #1465 ),
 ( #1943, #260 ),
 ( #4828, #7111 ),
 ( #680, #3485 ),
 ( #3101, #5731 ),
 ( #6450, #2932 ),
 ( #1428, #4757 ),
 ( #3647, #5182 ),
 ( #3135, #5890 ),
 ( #132, #5929 ),
 ( #6519, #5349 ),
 ( #5384, #2575 ),
 ( #3718, #2369 ),
 ( #4627, #5428 ),
 ( #3764, #93 ),
 ( #4061, #5789 ),
 ( #4543, #3475 ),
 ( #6308, #671 ),
 ( #5688, #6270 ),
 ( #2329, #5207 ),
 ( #1325, #2360 ),
 ( #1255, #2920 ),
 ( #1765, #163 ),
 ( #634, #4616 ),
 ( #1732, #706 ),
 ( #4581, #195 ),
 ( #6859, #3510 ),
 ( #5754, #6823 ),
 ( #4652, #3986 ),
 ( #3543, #4023 ),
 ( #2995, #5243 ),
 ( #2431, #4684 ),
 ( #1871, #6929 ),
 ( #4126, #6380 ),
 ( #3578, #5824 ),
 ( #773, #5103 ),
 ( #56, #2289 ),
 ( #6236, #1180 ),
 ( #3100, #372 ),
 ( #7070, #3027 ),
 ( #5276, #5383 ),
 ( #841, #1357 ),
 ( #2610, #1464 ),
 ( #4312, #5857 ),
 ( #4863, #3061 ),
 ( #6555, #7110 ),
 ( #4756, #1499 ),
 ( #3646, #2503 ),
 ( #6518, #2053 ),
 ( #2463, #3754 ),
 ( #4793, #226 ),
 ( #1391, #6105 ),
 ( #3614, #7038 ),
 ( #6484, #5928 ),
 ( #334, #4719 ),
 ( #5348, #6963 ),
 ( #1427, #297 ),
 ( #1909, #806 ),
 ( #5889, #5308 ),
 ( #4234, #880 ),
 ( #7003, #3170 ),
 ( #1979, #3717 ),
 ( #2540, #3681 ),
 ( #6415, #5965 ),
 ( #4164, #259 ),
 ( #1942, #4198 ),
 ( #6449, #3134 ),
 ( #2574, #4827 ),
 ( #2012, #4274 ),
 ( #914, #5417 ),
 ( #6695, #618 ),
 ( #3344, #1164 ),
 ( #6734, #1677 ),
 ( #2271, #6143 ),
 ( #3932, #4526 ),
 ( #5709, #5600 ),
 ( #6771, #5635 ),
 ( #1092, #1637 ),
 ( #5159, #581 ),
 ( #2826, #110 ),
 ( #6217, #1128 ),
 ( #5085, #3419 ),
 ( #5122, #1785 ),
 ( #654, #1202 ),
 ( #3457, #3381 ),
 ( #3892, #4563 ),
 ( #2903, #39 ),
 ( #6840, #2345 ),
 ( #5560, #510 ),
 ( #4599, #5009 ),
 ( #1711, #6806 ),
 ( #3969, #5670 ),
 ( #4046, #2869 ),
 ( #1053, #3305 ),
 ( #76, #2311 ),
 ( #2752, #544 ),
 ( #2788, #1750 ),
 ( #4006, #5049 ),
 ( #7246, #6252 ),
 ( #2195, #4451 ),
 ( #7284, #2232 ),
 ( #4487, #6180 ),
 ( #691, #2482 ),
 ( #3083, #3012 ),
 ( #5261, #5875 ),
 ( #791, #3598 ),
 ( #6401, #4779 ),
 ( #6914, #3561 ),
 ( #1891, #4149 ),
 ( #1378, #1855 ),
 ( #4111, #6879 ),
 ( #4079, #5808 ),
 ( #210, #1342 ),
 ( #3530, #4672 ),
 ( #6366, #2527 ),
 ( #5295, #6945 ),
 ( #756, #4739 ),
 ( #5332, #2417 ),
 ( #243, #826 ),
 ( #6293, #1307 ),
 ( #6986, #5190 ),
 ( #2448, #3633 ),
 ( #1239, #1820 ),
 ( #4703, #5842 ),
 ( #3045, #284 ),
 ( #1927, #4183 ),
 ( #723, #6434 ),
 ( #5773, #7025 ),
 ( #5228, #1964 ),
 ( #2978, #1273 ),
 ( #6331, #3493 ),
 ( #5738, #2942 ),
 ( #182, #142 ),
 ( #2380, #4639 ),
 ( #3776, #1997 ),
 ( #464, #2706 ),
 ( #6471, #6023 ),
 ( #901, #4333 ),
 ( #4812, #4847 ),
 ( #3665, #7133 ),
 ( #1450, #6609 ),
 ( #4923, #2113 ),
 ( #4961, #2076 ),
 ( #4367, #6577 ),
 ( #3154, #972 ),
 ( #5403, #2637 ),
 ( #3228, #5483 ),
 ( #4884, #3703 ),
 ( #7202, #6063 ),
 ( #5444, #7057 ),
 ( #4220, #4256 ),
 ( #428, #2671 ),
 ( #1522, #3740 ),
 ( #7164, #1412 ),
 ( #6503, #1557 ),
 ( #5949, #7095 ),
 ( #1012, #356 ),
 ( #5914, #866 ),
 ( #2594, #3121 ),
 ( #3263, #3192 ),
 ( #5367, #3815 ),
 ( #317, #2559 ) ),
 .UNSPECIFIED., .F., .F., .F.,
 ( 5, 1, 1, 1, 1, 1, 1, 1, 1, 1, 1, 1, 1, 1, 1, 1, 1, 1, 1, 1, 1, 1, 1, 1, 1, 1, 1, 1, 1, 1, 1, 1, 1, 1, 1, 1, 1, 1, 1, 1, 1, 1, 1, 1, 1, 1, 1, 1, 1, 1, 1, 1, 1, 1, 1, 1, 1, 1, 1, 1, 1, 1, 1, 1, 1, 1, 1, 1, 1, 1, 1, 1, 1, 1, 1, 1, 1, 1, 1, 1, 1, 1, 1, 1, 1, 1, 1, 1, 1, 1, 1, 1, 1, 1, 1, 1, 1, 1, 1, 1, 1, 1, 1, 1, 1, 1, 1, 1, 1, 1, 1, 1, 1, 1, 1, 1, 1, 1, 1, 1, 1, 1, 1, 1, 1, 1, 1, 1, 1, 1, 1, 1, 1, 1, 1, 1, 1, 1, 1, 1, 1, 1, 1, 1, 1, 1, 1, 1, 1, 1, 1, 1, 1, 1, 1, 1, 1, 1, 1, 1, 1, 1, 1, 1, 1, 1, 1, 1, 1, 1, 1, 1, 1, 1, 1, 1, 1, 1, 1, 1, 1, 1, 1, 1, 1, 1, 1, 1, 1, 1, 1, 1, 1, 1, 1, 1, 1, 1, 1, 1, 1, 1, 1, 1, 1, 1, 1, 1, 1, 1, 1, 1, 1, 1, 1, 1, 1, 1, 1, 1, 1, 1, 1, 1, 1, 1, 1, 1, 1, 1, 1, 1, 1, 1, 1, 1, 1, 1, 1, 1, 1, 1, 1, 1, 1, 1, 1, 1, 1, 1, 1, 1, 1, 1, 1, 1, 1, 1, 1, 1, 1, 1, 1, 1, 1, 1, 1, 1, 1, 1, 1, 1, 1, 1, 1, 1, 1, 1, 1, 1, 1, 1, 1, 1, 1, 1, 1, 1, 1, 1, 1, 1, 1, 1, 1, 1, 1, 1, 1, 1, 1, 1, 1, 1, 1, 1, 1, 1, 1, 1, 1, 1, 1, 1, 1, 1, 1, 1, 1, 1, 1, 1, 1, 1, 1, 1, 1, 1, 1, 1, 1, 1, 1, 1, 1, 1, 1, 1, 1, 1, 1, 1, 1, 1, 1, 1, 1, 1, 1, 1, 1, 1, 1, 1, 1, 1, 1, 1, 1, 1, 1, 1, 1, 1, 1, 1, 1, 1, 1, 1, 1, 1, 1, 1, 1, 1, 1, 1, 1, 1, 1, 1, 1, 1, 1, 1, 1, 1, 1, 1, 1, 1, 1, 1, 1, 1, 1, 1, 1, 1, 1, 1, 1, 1, 1, 1, 1, 1, 1, 1, 1, 1, 1, 1, 1, 1, 1, 1, 1, 1, 1, 1, 1, 1, 1, 1, 1, 1, 1, 1, 1, 1, 1, 1, 1, 1, 1, 1, 1, 1, 1, 1, 1, 1, 1, 1, 1, 1, 1, 1, 1, 1, 1, 1, 1, 1, 1, 1, 1, 1, 1, 1, 1, 1, 1, 1, 1, 1, 1, 1, 1, 1, 1, 1, 1, 1, 1, 1, 1, 1, 1, 1, 1, 1, 1, 1, 1, 1, 1, 1, 1, 1, 1, 1, 1, 1, 1, 1, 1, 1, 1, 1, 1, 1, 1, 1, 1, 1, 1, 1, 1, 1, 1, 1, 1, 1, 1, 1, 1, 1, 1, 1, 1, 1, 1, 1, 1, 1, 1, 1, 1, 1, 1, 1, 1, 1, 1, 1, 1, 1, 1, 1, 1, 1, 1, 1, 1, 1, 1, 1, 1, 1, 1, 1, 1, 1, 1, 1, 1, 1, 1, 1, 1, 1, 1, 1, 1, 1, 1, 1, 1, 1, 1, 1, 1, 1, 1, 1, 1, 1, 1, 1, 1, 1, 1, 1, 1, 1, 1, 1, 1, 1, 1, 5 ),
 ( 2, 2 ),
 ( 0.05760920070031212703, 0.05925751373930219362, 0.06090582677829226022, 0.06255413981728233375, 0.06420245285627239340, 0.06570337593780560537, 0.06720429901933881733, 0.06870522210087202930, 0.07020614518240524127, 0.07107002978236270918, 0.07193391438232019097, 0.07366168358223515455, 0.07538945278215011814, 0.07711722198206506784, 0.07906811229226959337, 0.08004355744737184919, 0.08101900260247410501, 0.08199444775757636084, 0.08296989291267861666, 0.08394533806778087248, 0.08492078322288312831, 0.08574560335710282311, 0.08657042349132251791, 0.08739524362554221271, 0.08822006375976192138, 0.08904488389398163006, 0.08986970402820132486, 0.09151934429664071446, 0.09302072867260910427, 0.09452211304857749408, 0.09752488180051428757, 0.09929022634995784968, 0.1010555708994014257, 0.1028209154488450017, 0.1045862599982885638, 0.1059027364657071923, 0.1072192129331258209, 0.1085356894005444495, 0.1098521658679630780, 0.1113372721963429290, 0.1128223785247227939, 0.1143074848531026588, 0.1157925911814825237, 0.1175266152700251698, 0.1192606393585678298, 0.1209946634471104898, 0.1227286875356531359, 0.1239252294257651155, 0.1251217713158770950, 0.1263183132059890745, 0.1275148550961010541, 0.1290603228952892367, 0.1306057906944774194, 0.1336967262928538125, 0.1364647675604141464, 0.1392328088279745080, 0.1421959995264167054, 0.1436775948756378041, 0.1451591902248589028, 0.1463365992288123141, 0.1475140082327657254, 0.1486914172367191367, 0.1498688262406725480, 0.1513797847049416223, 0.1528907431692106689, 0.1544017016334797154, 0.1559126600977487898, 0.1574236185620176420, 0.1589345770262864666, 0.1604455354905552911, 0.1619564939548241433, 0.1631339029587775546, 0.1643113119627309382, 0.1654887209666843217, 0.1666661299706377330, 0.1681477253198585542, 0.1696293206690793753, 0.1725925113675210176, 0.1751797069905286219, 0.1777669026135362262, 0.1792066316228527467, 0.1806463606321692672, 0.1820860896414857877, 0.1835258186508023082, 0.1848307122676125791, 0.1861356058844228500, 0.1874404995012331487, 0.1887453931180434197, 0.1902912793817987391, 0.1918371656455540308, 0.1933830519093093503, 0.1949289381730646697, 0.1964857670429919212, 0.1980425959129191726, 0.1995994247828464241, 0.2011562536527737033, 0.2027186454739614008, 0.2042810372951490705, 0.2057707473413395993, 0.2072604573875301004, 0.2087501674337206015, 0.2102398774799111303, 0.2128941229405605928, 0.2155483684012100276, 0.2179265470517314784, 0.2203047257022529570, 0.2212338130064334107, 0.2221629003106138922, 0.2230919876147943737, 0.2240210749189748274, 0.2249501622231552811, 0.2258792495273357626, 0.2268083368315162440, 0.2277374241356966977, 0.2286086705987415701, 0.2294799170617864703, 0.2303511635248313705, 0.2312224099878762429, 0.2329649029139659877, 0.2347073958400557603, 0.2364351650399699190, 0.2381629342398840499, 0.2398907034397982085, 0.2407545880397553018, 0.2416184726397123672, 0.2431193957212447743, 0.2446203188027771813, 0.2461212418843095884, 0.2476221649658419954, 0.2492704780048311253, 0.2509187910438202551, 0.2525671040828093572, 0.2542154171217985148, 0.2558637301607895043, 0.2575120431997804937, 0.2591603562387714277, 0.2608086692777624171, 0.2623095923592964063, 0.2638105154408303954, 0.2653114385223643845, 0.2668123616038983736, 0.2676762462038562163, 0.2685401308038141144, 0.2702679000037299106, 0.2719956692036457069, 0.2737234384035614476, 0.2756743287137642939, 0.2776252190239670847, 0.2786006641790684801, 0.2795761093341698755, 0.2805515544892712709, 0.2815269996443727218, 0.2823518197785921391, 0.2831766399128116118, 0.2840014600470310846, 0.2848262801812505018, 0.2856511003154699191, 0.2864759204496893918, 0.2881255607181282818, 0.2896269450940959223, 0.2911283294700636182, 0.2941310982219990100, 0.2958964427714450562, 0.2976617873208911025, 0.2994271318703372042, 0.3011924764197832505, 0.3025089528872023648, 0.3038254293546214235, 0.3051419058220405378, 0.3064583822894596521, 0.3079434886178387121, 0.3094285949462177721, 0.3109137012745968320, 0.3123988076029759475, 0.3141328316915177887, 0.3158668557800596299, 0.3176008798686014711, 0.3193349039571433123, 0.3205314458472539041, 0.3217279877373645514, 0.3229245296274751986, 0.3241210715175858459, 0.3256665393167723077, 0.3272120071159587695, 0.3303029427143317487, 0.3330709839818931650, 0.3358390252494545258, 0.3388022159479011086, 0.3402838112971243723, 0.3417654066463476914, 0.3429428156503014913, 0.3441202246542552912, 0.3452976336582090910, 0.3464750426621629464, 0.3479860011264334085, 0.3494969595907039261, 0.3510079180549744438, 0.3525188765192449059, 0.3540298349835123703, 0.3555407934477798904, 0.3570517519120473549, 0.3585627103763148193, 0.3597401193802678421, 0.3609175283842208093, 0.3620949373881737765, 0.3632723463921267992, 0.3647539417413453444, 0.3662355370905638896, 0.3691987277890009800, 0.3717859234120078349, 0.3743731190350146898, 0.3758128480443338471, 0.3772525770536530043, 0.3786923060629722171, 0.3801320350722913743, 0.3814369286891023947, 0.3827418223059134705, 0.3840467159227245464, 0.3853516095395355667, 0.3868974958032919131, 0.3884433820670482040, 0.3899892683308044949, 0.3915351545945608414, 0.3930919834644873712, 0.3946488123344138454, 0.3962056412043403752, 0.3977624700742669051, 0.3993248618954537976, 0.4008872537166406347, 0.4023769637628290541, 0.4038666738090174180, 0.4053563838552058374, 0.4068460939013942568, 0.4095003393620409438, 0.4121545848226876307, 0.4145327634732123290, 0.4169109421237369717, 0.4178400294279189797, 0.4187691167321010433, 0.4206272913404650593, 0.4215563786446470673, 0.4224854659488290753, 0.4234145532530110834, 0.4243436405571930914, 0.4252148870202379083, 0.4260861334832827252, 0.4269573799463275421, 0.4278286264093723590, 0.4295711193354619928, 0.4313136122615516821, 0.4330413814614643142, 0.4347691506613769463, 0.4364969198612895784, 0.4373608044612459222, 0.4382246890612022105, 0.4397256121427329800, 0.4412265352242636940, 0.4427274583057944080, 0.4442283813873251219, 0.4458766944263128917, 0.4475250074653006616, 0.4491733205042884869, 0.4508216335432762567, 0.4524699465822686895, 0.4541182596212611777, 0.4557665726602536105, 0.4574148856992460432, 0.4589158087807815867, 0.4604167318623171301, 0.4619176549438526180, 0.4634185780253881615, 0.4642824626253467812, 0.4651463472253054565, 0.4668741164252228071, 0.4686018856251401576, 0.4703296548250574527, 0.4722805451352580786, 0.4732559902903584192, 0.4742314354454587599, 0.4752068806005591006, 0.4761823257556594413, 0.4771577709107597265, 0.4781332160658600672, 0.4789580362000791514, 0.4797828563342981800, 0.4806076764685172642, 0.4814324966027363484, 0.4822573167369554326, 0.4830821368711745167, 0.4847317771396126296, 0.4862331615155793818, 0.4877345458915460785, 0.4907373146434795830, 0.4925026591929290154, 0.4942680037423784478, 0.4960333482918278802, 0.4969160205665525964, 0.4977986928412773127, 0.4991151693086969821, 0.5004316457761166514, 0.5017481222435363764, 0.5030645987109561013, 0.5045497050393343841, 0.5060348113677126669, 0.5075199176960909497, 0.5090050240244693436, 0.5107390481130102966, 0.5124730722015513606, 0.5142070962900923137, 0.5159411203786332667, 0.5171376622687424707, 0.5183342041588515636, 0.5195307460489606566, 0.5207272879390698606, 0.5222727557382547126, 0.5238182235374395646, 0.5269091591358093796, 0.5296772004033720727, 0.5324452416709346547, 0.5354084323693857339, 0.5368900277186112735, 0.5383716230678369241, 0.5395490320717910571, 0.5407264410757453010, 0.5419038500796995450, 0.5430812590836536780, 0.5445922175479254168, 0.5461031760121972667, 0.5476141344764691166, 0.5491250929407409664, 0.5506360514050070432, 0.5521470098692730089, 0.5536579683335389745, 0.5551689267978050513, 0.5563463358017576299, 0.5575237448057102085, 0.5587011538096628982, 0.5598785628136154768, 0.5613601581628318016, 0.5628417535120480153, 0.5658049442104804427, 0.5683921398334867980, 0.5709793354564930423, 0.5724190644658149196, 0.5738587934751369080, 0.5752985224844587853, 0.5767382514937806626, 0.5780431451105922935, 0.5793480387274040355, 0.5806529323442157775, 0.5819578259610274085, 0.5835037122247846986, 0.5850495984885419887, 0.5865954847522993898, 0.5881413710160566799, 0.5896981998859825991, 0.5912550287559085183, 0.5928118576258344374, 0.5943686864957603566, 0.5959310783169462500, 0.5974934701381322544, 0.5989831801843188419, 0.6004728902305054294, 0.6019626002766920170, 0.6034523103228784935, 0.6061065557835225714, 0.6087608012441667604, 0.6111389798946942342, 0.6135171585452215970, 0.6144462458494051038, 0.6153753331535887217, 0.6163044204577722285, 0.6172335077619557353, 0.6181625950661392421, 0.6190916823703227490, 0.6200207696745063668, 0.6209498569786898736, 0.6218211034417346905, 0.6226923499047796184, 0.6235635963678244353, 0.6244348428308692522, 0.6261773357569588860, 0.6279198286830485198, 0.6296475978829623177, 0.6313753670828760045, 0.6331031362827896913, 0.6339670208827465903, 0.6348309054827034892, 0.6363318285642353134, 0.6378327516457671376, 0.6393336747272989617, 0.6408345978088307859, 0.6424829108478196105, 0.6441312238868085460, 0.6457795369257974816, 0.6474278499647863061, 0.6490761630037776841, 0.6507244760427690622, 0.6523727890817604402, 0.6540211021207518183, 0.6555220252022865290, 0.6570229482838212398, 0.6585238713653558396, 0.6600247944468905503, 0.6608886790468486705, 0.6617525636468069017, 0.6634803328467233641, 0.6652081020466398265, 0.6669358712465561778, 0.6688867615567644087, 0.6698622067118684686, 0.6708376518669725286, 0.6718130970220765885, 0.6727885421771806485, 0.6737639873322847084, 0.6747394324873887683, 0.6755642526216090182, 0.6763890727558292681, 0.6772138928900495181, 0.6780387130242697680, 0.6788635331584900179, 0.6796883532927102678, 0.6813379935611507676, 0.6828393779371202399, 0.6843407623130897122, 0.6873435310650286567, 0.6891088756144672089, 0.6908742201639057612, 0.6926395647133443134, 0.6944049092627829767, 0.6957213857302009252, 0.6970378621976189848, 0.6983543386650370444, 0.6996708151324549929, 0.7011559214608376056, 0.7026410277892203293, 0.7041261341176030530, 0.7056112404459857768, 0.7073452645345315037, 0.7090792886230772307, 0.7108133127116229577, 0.7125473368001686847, 0.7137438786902858823, 0.7149404205804030799, 0.7161369624705202774, 0.7173335043606375860, 0.7188789721598323190, 0.7204244399590271630, 0.7235153755574167400, 0.7262834168249736599, 0.7290514580925304688, 0.7320146487909555688, 0.7334962441401681188, 0.7349778394893806688, 0.7361552484933326923, 0.7373326574972847158, 0.7385100665012367394, 0.7396874755051886519, 0.7411984339694526192, 0.7427093924337164754, 0.7442203508979804427, 0.7457313093622444100, 0.7472422678265222551, 0.7487532262908001002, 0.7502641847550779453, 0.7517751432193559014, 0.7529525522233116996, 0.7541299612272674979, 0.7553073702312232962, 0.7564847792351790945, 0.7579663745844140710, 0.7594479699336491585, 0.7624111606321193335, 0.7649983562551319061, 0.7675855518781445896, 0.7690252808874449286, 0.7704650098967451566, 0.7719047389060453845, 0.7733444679153457235, 0.7746493615321509152, 0.7759542551489561069, 0.7772591487657612985, 0.7785640423825664902, 0.7801099286463155646, 0.7816558149100645281, 0.7832017011738136025, 0.7847475874375626770, 0.7863044163074959236, 0.7878612451774292813, 0.7894180740473626390, 0.7909749029172958856, 0.7925372947384903277, 0.7940996865596846588, 0.7955893966058920075, 0.7970791066520992452, 0.7985688166983065939, 0.8000585267445139426, 0.8027127722051856651, 0.8053670176658572766, 0.8077451963163576609, 0.8101233749668580453, 0.8110524622710248988, 0.8119815495751916412, 0.8129106368793584947, 0.8138397241835253482, 0.8147688114876920906, 0.8156978987918589441, 0.8166269860960257976, 0.8175560734001925400, 0.8184273198632380231, 0.8192985663262835061, 0.8210410592523745832, 0.8227835521784656603, 0.8245260451045566263, 0.8262538143044872996, 0.8279815835044180838, 0.8297093527043488681, 0.8305732373043142047, 0.8314371219042795413, 0.8329380449858293511, 0.8344389680673791609, 0.8359398911489289707, 0.8374408142304787805, 0.8390891272694858127, 0.8407374403084927339, 0.8423857533474996551, 0.8440340663865066873, 0.8456823794254803017, 0.8473306924644539162, 0.8489790055034275307, 0.8506273185424011452, 0.8521282416239176483, 0.8536291647054341514, 0.8551300877869505435, 0.8566310108684670466, 0.8574948954684167290, 0.8583587800683665225, 0.8600865492682658875, 0.8618143184681652524, 0.8635420876680646174, 0.8654929779782993826, 0.8664684231334167652, 0.8674438682885341478, 0.8684193134436515304, 0.8693947585987689131, 0.8703702037538862957, 0.8713456489090037893, 0.8721704690432279250, 0.8729952891774521717, 0.8738201093116764184, 0.8746449294459005541, 0.8754697495801246898, 0.8762945697143489365, 0.8779442099827973189, 0.8794455943587782265, 0.8809469787347590231, 0.8839497474867207272, 0.8857150920361198665, 0.8874804365855190058, 0.8892457811349181451, 0.8910111256843172844, 0.8923276021517274614, 0.8936440786191375274, 0.8949605550865475934, 0.8962770315539576593, 0.8977621378823491538, 0.8992472442107406483, 0.9007323505391321428, 0.9022174568675236372, 0.9039514809560789121, 0.9056855050446341870, 0.9074195291331894619, 0.9091535532217448479, 0.9103500951118775886, 0.9115466370020103293, 0.9127431788921430700, 0.9139397207822758107, 0.9154851885814916379, 0.9170306563807073541, 0.9185761241799230703, 0.9201215919791387865, 0.9228896332466819397, 0.9256576745142250928, 0.9286208652125971241, 0.9301024605617831398, 0.9315840559109691554, 0.9327614649149149617, 0.9339388739188607680, 0.9351162829228065743, 0.9362936919267523805, 0.9378046503909983622, 0.9393156088552443439, 0.9408265673194904366, 0.9423375257837364183 ),
 ( 0.000000000000000000, 1.000000000000000000 ),
 .UNSPECIFIED. ) ;
#6658 = CARTESIAN_POINT ( 'NONE',  ( -44.09735811426526197, 0.000000000000000000, 17.26532196619807635 ) ) ;
#6659 = CARTESIAN_POINT ( 'NONE',  ( -6.945798611005028711, 10.00000000000000000, 47.90163114914786746 ) ) ;
#6660 = CARTESIAN_POINT ( 'NONE',  ( 13.08602879921912532, 10.00000000000000000, -46.68338290358649090 ) ) ;
#6661 = CARTESIAN_POINT ( 'NONE',  ( 15.15457490086989800, 2.758210326803123280E-13, -44.57514820163137159 ) ) ;
#6662 = FACE_BOUND ( 'NONE', #2653, .T. ) ;
#6663 = SECURITY_CLASSIFICATION ( '', '', #6562 ) ;
#6664 = CARTESIAN_POINT ( 'NONE',  ( 30.88096018727767245, 10.00000000000000000, 37.03306580121687119 ) ) ;
#6665 = CARTESIAN_POINT ( 'NONE',  ( 46.99999999999997158, 10.00000000000000000, -4.799259554187569168E-12 ) ) ;
#6666 = ADVANCED_FACE ( 'NONE', ( #679 ), #2815, .F. ) ;
#6667 = CARTESIAN_POINT ( 'NONE',  ( 30.61168797695316712, 10.00000000000000000, 38.16055295097658018 ) ) ;
#6668 = CARTESIAN_POINT ( 'NONE',  ( 43.44038315519323845, 10.00000000000000000, -18.39358694126267224 ) ) ;
#6669 = DIRECTION ( 'NONE',  ( 0.000000000000000000, 0.000000000000000000, 1.000000000000000000 ) ) ;
#6670 = EDGE_LOOP ( 'NONE', ( #1922, #2050 ) ) ;
#6671 = CARTESIAN_POINT ( 'NONE',  ( -33.60807469279514237, 0.000000000000000000, 32.82745454533775131 ) ) ;
#6672 = CARTESIAN_POINT ( 'NONE',  ( -31.67578445153468891, 0.000000000000000000, -36.94274784087429708 ) ) ;
#6673 = APPROVAL_STATUS ( 'not_yet_approved' ) ;
#6674 = CARTESIAN_POINT ( 'NONE',  ( 42.76889367697482669, 3.105155021998484699E-13, 19.64455119567547214 ) ) ;
#6675 =( NAMED_UNIT ( * ) SI_UNIT ( $, .STERADIAN. ) SOLID_ANGLE_UNIT ( ) );
#6676 = CARTESIAN_POINT ( 'NONE',  ( 0.000000000000000000, 1.500000000000000000, 0.000000000000000000 ) ) ;
#6677 = DIRECTION ( 'NONE',  ( 0.000000000000000000, 0.000000000000000000, 1.000000000000000000 ) ) ;
#6678 = ORIENTED_EDGE ( 'NONE', *, *, #2031, .T. ) ;
#6679 = CARTESIAN_POINT ( 'NONE',  ( 35.39194185234968870, 10.00000000000000000, -33.89496606802079270 ) ) ;
#6680 = CARTESIAN_POINT ( 'NONE',  ( -25.58491539885082133, 2.758210326803123280E-13, -40.72150743567961939 ) ) ;
#6681 = CARTESIAN_POINT ( 'NONE',  ( 10.11438034126333285, 0.000000000000000000, 47.01625643733036952 ) ) ;
#6682 = CARTESIAN_POINT ( 'NONE',  ( 10.45795325596460579, 0.000000000000000000, -47.41714284092778797 ) ) ;
#6683 = CARTESIAN_POINT ( 'NONE',  ( -9.500000000000248690, 0.000000000000000000, 16.45448267190418434 ) ) ;
#6684 = CARTESIAN_POINT ( 'NONE',  ( -47.13538552591132458, 2.758210326803123280E-13, -12.41905783142563990 ) ) ;
#6685 = CARTESIAN_POINT ( 'NONE',  ( 46.20419157655948084, 10.00000000000000000, -11.70495020558956512 ) ) ;
#6686 = CARTESIAN_POINT ( 'NONE',  ( -27.73717641496542896, 10.00000000000000000, 40.35445773081551124 ) ) ;
#6687 = CARTESIAN_POINT ( 'NONE',  ( -25.98076211353298604, 1.500000000000000000, -8.475000000000299849 ) ) ;
#6688 = CARTESIAN_POINT ( 'NONE',  ( -33.05611533188962170, 10.00000000000000000, -36.14576570447392356 ) ) ;
#6689 = CARTESIAN_POINT ( 'NONE',  ( -9.952330259017823977, 10.00000000000000000, -46.88277020341504908 ) ) ;
#6690 = AXIS2_PLACEMENT_3D ( 'NONE', #4890, #7169, #2118 ) ;
#6691 = CARTESIAN_POINT ( 'NONE',  ( 45.43748171313562523, 0.000000000000000000, -17.66119879895672895 ) ) ;
#6692 = CARTESIAN_POINT ( 'NONE',  ( -37.43648903194648625, 10.00000000000000000, -31.62128862663512407 ) ) ;
#6693 = CARTESIAN_POINT ( 'NONE',  ( 47.00000000000028422, 2.758210326803123280E-13, -0.07678126517536686124 ) ) ;
#6694 = CARTESIAN_POINT ( 'NONE',  ( -2.441654944199910915, 3.105155021998484699E-13, 48.83377677742858225 ) ) ;
#6695 = CARTESIAN_POINT ( 'NONE',  ( -42.92429725523004436, 10.00000000000000000, 21.02530292055599759 ) ) ;
#6696 = CARTESIAN_POINT ( 'NONE',  ( -46.69386976627848185, 0.000000000000000000, 8.594477430797812900 ) ) ;
#6697 = CARTESIAN_POINT ( 'NONE',  ( -19.36711515965708230, 10.00000000000000000, 43.69752291379761289 ) ) ;
#6698 = CARTESIAN_POINT ( 'NONE',  ( 13.39376134504259852, 10.00000000000000000, -45.61081825756858876 ) ) ;
#6699 = CARTESIAN_POINT ( 'NONE',  ( 10.11438034160198107, 10.00000000000000000, -47.01625643758898576 ) ) ;
#6700 = LINE ( 'NONE', #4, #7094 ) ;
#6701 = CARTESIAN_POINT ( 'NONE',  ( -37.62320027549795043, 10.00000000000000000, 28.87622266380630620 ) ) ;
#6702 = CARTESIAN_POINT ( 'NONE',  ( 27.87066724171404530, 3.105155021998484699E-13, 38.66599392288272696 ) ) ;
#6703 = LINE ( 'NONE', #4900, #2267 ) ;
#6704 = CARTESIAN_POINT ( 'NONE',  ( 33.57032259454191347, 10.00000000000000000, 34.56409139248570739 ) ) ;
#6705 = CARTESIAN_POINT ( 'NONE',  ( 47.97904408508092899, 10.00000000000000000, -9.555865791217094340 ) ) ;
#6706 = LINE ( 'NONE', #6817, #44 ) ;
#6707 = ORIENTED_EDGE ( 'NONE', *, *, #3085, .T. ) ;
#6708 = SHAPE_REPRESENTATION ( 'Cycloidal Disk N46 R100 Rr2 E1', ( #7138 ), #4903 ) ;
#6709 = CARTESIAN_POINT ( 'NONE',  ( 40.04913083370458082, 10.00000000000000000, -27.72877957922662873 ) ) ;
#6710 = CARTESIAN_POINT ( 'NONE',  ( -28.22922351367636651, 0.000000000000000000, 38.07882712709600526 ) ) ;
#6711 = CARTESIAN_POINT ( 'NONE',  ( -27.73717641467479567, 0.000000000000000000, -40.35445773134681247 ) ) ;
#6712 = CARTESIAN_POINT ( 'NONE',  ( 42.86537817323266353, 10.00000000000000000, 19.22876030366260380 ) ) ;
#6713 = FACE_BOUND ( 'NONE', #4499, .T. ) ;
#6714 = DIRECTION ( 'NONE',  ( 0.000000000000000000, 1.000000000000000000, -0.000000000000000000 ) ) ;
#6715 = FACE_OUTER_BOUND ( 'NONE', #3906, .T. ) ;
#6716 = CARTESIAN_POINT ( 'NONE',  ( 30.78413878927731417, 2.758210326803123280E-13, -37.88899995963649303 ) ) ;
#6717 = CARTESIAN_POINT ( 'NONE',  ( -21.03884784994413337, 2.758210326803123280E-13, -44.21128466514112176 ) ) ;
#6718 = CARTESIAN_POINT ( 'NONE',  ( 4.988701142738616312, 0.000000000000000000, 48.75212983995312754 ) ) ;
#6719 = CARTESIAN_POINT ( 'NONE',  ( 7.357205119058143339, 0.000000000000000000, -46.60345391097529699 ) ) ;
#6720 = CARTESIAN_POINT ( 'NONE',  ( -47.10587011743552921, 0.000000000000000000, -2.434371989999588148 ) ) ;
#6721 = AXIS2_PLACEMENT_3D ( 'NONE', #5764, #3036, #6974 ) ;
#6722 = CARTESIAN_POINT ( 'NONE',  ( -46.34903428451813312, 2.758210326803123280E-13, -11.42441798806080477 ) ) ;
#6723 = CARTESIAN_POINT ( 'NONE',  ( 45.23344692447137305, 10.00000000000000000, -12.69171918333470472 ) ) ;
#6724 = CARTESIAN_POINT ( 'NONE',  ( -22.34997608241848610, 3.105155021998484699E-13, 43.27906376181594794 ) ) ;
#6725 = CARTESIAN_POINT ( 'NONE',  ( 9.499999999999793943, -5.000000000000000000, 16.45448267190445790 ) ) ;
#6726 = CARTESIAN_POINT ( 'NONE',  ( -28.78612952734238206, 10.00000000000000000, -37.13504542281209098 ) ) ;
#6727 = CARTESIAN_POINT ( 'NONE',  ( -5.782359242578509750, 10.00000000000000000, -46.81295823643124976 ) ) ;
#6728 = CIRCLE ( 'NONE', #2964, 3.499999999999999556 ) ;
#6729 = CARTESIAN_POINT ( 'NONE',  ( 40.03198010913040150, 0.000000000000000000, 27.35000873458740145 ) ) ;
#6730 = CARTESIAN_POINT ( 'NONE',  ( 45.23344692447137305, 0.000000000000000000, -12.69171918333470472 ) ) ;
#6731 = CARTESIAN_POINT ( 'NONE',  ( -35.34556598212376599, 2.758210326803123280E-13, -32.02908669532605046 ) ) ;
#6732 = CARTESIAN_POINT ( 'NONE',  ( 0.4501098784875324776, 10.00000000000000000, 47.40705556647197483 ) ) ;
#6733 = AXIS2_PLACEMENT_3D ( 'NONE', #1288, #1802, #4686 ) ;
#6734 = CARTESIAN_POINT ( 'NONE',  ( -43.31420226924486627, 10.00000000000000000, 20.99041119054365367 ) ) ;
#6735 = CARTESIAN_POINT ( 'NONE',  ( -19.82035793658560152, 10.00000000000000000, 44.06996243696865179 ) ) ;
#6736 = EDGE_CURVE ( 'NONE', #2145, #599, #1153, .T. ) ;
#6737 = CARTESIAN_POINT ( 'NONE',  ( 5.324552022540062879, 10.00000000000000000, -48.71455882895549649 ) ) ;
#6738 = CARTESIAN_POINT ( 'NONE',  ( 12.97528474955040245, 10.00000000000000000, -46.84212630553974321 ) ) ;
#6739 = CARTESIAN_POINT ( 'NONE',  ( 20.73457533539865594, -5.868986283848342644, 29.26295592348078856 ) ) ;
#6740 = AXIS2_PLACEMENT_3D ( 'NONE', #2535, #5924, #876 ) ;
#6741 = CARTESIAN_POINT ( 'NONE',  ( 22.25934983004736978, 3.105155021998484699E-13, 42.18639752599842296 ) ) ;
#6742 = CARTESIAN_POINT ( 'NONE',  ( 48.05831803056164375, 0.000000000000000000, -1.794575443978757123 ) ) ;
#6743 = AXIS2_PLACEMENT_3D ( 'NONE', #2200, #6256, #2316 ) ;
#6744 = CARTESIAN_POINT ( 'NONE',  ( 30.96471119712467512, 10.00000000000000000, 37.31029519932096150 ) ) ;
#6745 = CARTESIAN_POINT ( 'NONE',  ( 46.99151132232189809, 10.00000000000000000, -11.51396662814373251 ) ) ;
#6746 = DIRECTION ( 'NONE',  ( 0.000000000000000000, 1.000000000000000000, -0.000000000000000000 ) ) ;
#6747 = EDGE_LOOP ( 'NONE', ( #3721, #1920, #3521, #1540 ) ) ;
#6748 = CARTESIAN_POINT ( 'NONE',  ( 39.57312328629932097, 10.00000000000000000, -26.28176479692137590 ) ) ;
#6749 = CARTESIAN_POINT ( 'NONE',  ( -37.68019582137012691, 0.000000000000000000, 29.24677134222053709 ) ) ;
#6750 = AXIS2_PLACEMENT_3D ( 'NONE', #6763, #1194, #573 ) ;
#6751 = CARTESIAN_POINT ( 'NONE',  ( -45.46852805687396426, 0.000000000000000000, -14.83317069678637701 ) ) ;
#6752 = CARTESIAN_POINT ( 'NONE',  ( 40.26142946351658480, 10.00000000000000000, 24.40537219967823646 ) ) ;
#6753 = FACE_OUTER_BOUND ( 'NONE', #4806, .T. ) ;
#6754 = DIRECTION ( 'NONE',  ( 0.000000000000000000, 1.000000000000000000, 0.000000000000000000 ) ) ;
#6755 = EDGE_LOOP ( 'NONE', ( #4462, #1468 ) ) ;
#6756 = CARTESIAN_POINT ( 'NONE',  ( 28.39375601511100555, 10.00000000000000000, -38.86548078583254551 ) ) ;
#6757 = CARTESIAN_POINT ( 'NONE',  ( 19.09554366350469579, 0.000000000000000000, 44.95965823774544390 ) ) ;
#6758 = CARTESIAN_POINT ( 'NONE',  ( 4.045410638497346056, 0.000000000000000000, -48.57583986866325176 ) ) ;
#6759 = FACE_OUTER_BOUND ( 'NONE', #6016, .T. ) ;
#6760 = CARTESIAN_POINT ( 'NONE',  ( -48.51587056971138168, 2.758210326803123280E-13, -6.075331518999544045 ) ) ;
#6761 = CARTESIAN_POINT ( 'NONE',  ( 45.96777246656121463, 10.00000000000000000, -15.15830727928424615 ) ) ;
#6762 = CARTESIAN_POINT ( 'NONE',  ( -24.99081225359555347, 10.00000000000000000, 40.48006136460618620 ) ) ;
#6763 = CARTESIAN_POINT ( 'NONE',  ( 25.98076211353288301, 1.500000000000000000, 15.00000000000047784 ) ) ;
#6764 = EDGE_CURVE ( 'NONE', #1831, #5813, #4034, .T. ) ;
#6765 = EDGE_CURVE ( 'NONE', #6273, #493, #814, .T. ) ;
#6766 = CARTESIAN_POINT ( 'NONE',  ( -37.86857215181864689, 10.00000000000000000, -29.75700132919024199 ) ) ;
#6767 = CARTESIAN_POINT ( 'NONE',  ( 45.41078572907228050, 0.000000000000000000, -14.59561470425167329 ) ) ;
#6768 = CARTESIAN_POINT ( 'NONE',  ( -41.30425800356859867, 10.00000000000000000, -23.47811729628864441 ) ) ;
#6769 = CARTESIAN_POINT ( 'NONE',  ( 9.500000000000133227, 5.000000000000000000, -17.35448267190425753 ) ) ;
#6770 = CARTESIAN_POINT ( 'NONE',  ( 0.9696227742758785073, 3.105155021998484699E-13, 47.09635402392218850 ) ) ;
#6771 = CARTESIAN_POINT ( 'NONE',  ( -44.07800587009995752, 10.00000000000000000, 20.79623943134178532 ) ) ;
#6772 = CARTESIAN_POINT ( 'NONE',  ( -33.27739363086706703, 10.00000000000000000, 34.44930059890297969 ) ) ;
#6773 = CARTESIAN_POINT ( 'NONE',  ( 7.988445472807269354, 10.00000000000000000, -46.31133393159194611 ) ) ;
#6774 = CARTESIAN_POINT ( 'NONE',  ( 13.20395671666470783, 10.00000000000000000, -46.06253499103655713 ) ) ;
#6775 = CARTESIAN_POINT ( 'NONE',  ( -25.98076211353329867, 0.000000000000000000, 14.99999999999976374 ) ) ;
#6776 = CARTESIAN_POINT ( 'NONE',  ( -38.39712722003937984, 10.00000000000000000, 27.21667281793020265 ) ) ;
#6777 = CARTESIAN_POINT ( 'NONE',  ( 19.45768270924172327, 3.105155021998484699E-13, 43.89147979868471339 ) ) ;
#6778 = CARTESIAN_POINT ( 'NONE',  ( 47.17301182533935844, 0.000000000000000000, -0.8301019438993753052 ) ) ;
#6779 = CARTESIAN_POINT ( 'NONE',  ( 19.45183231348334729, 10.00000000000000000, 44.45506784287194080 ) ) ;
#6780 = CARTESIAN_POINT ( 'NONE',  ( 43.81914253022119965, 10.00000000000000000, -18.14453587812189994 ) ) ;
#6781 = DIRECTION ( 'NONE',  ( 0.000000000000000000, 1.000000000000000000, -0.000000000000000000 ) ) ;
#6782 = ORIENTED_EDGE ( 'NONE', *, *, #1124, .T. ) ;
#6783 = CARTESIAN_POINT ( 'NONE',  ( 39.92127943705481385, 10.00000000000000000, -24.76003750522744085 ) ) ;
#6784 = CARTESIAN_POINT ( 'NONE',  ( -44.29340605254152763, 0.000000000000000000, 20.62220960272624737 ) ) ;
#6785 = CARTESIAN_POINT ( 'NONE',  ( -38.08528399282198507, 0.000000000000000000, -27.50812628936863646 ) ) ;
#6786 = SECURITY_CLASSIFICATION_LEVEL ( 'unclassified' ) ;
#6787 = CARTESIAN_POINT ( 'NONE',  ( 40.04913083350491831, 3.105155021998484699E-13, 27.72877957918342418 ) ) ;
#6788 = DATE_AND_TIME ( #4094, #5029 ) ;
#6789 = DIRECTION ( 'NONE',  ( 0.000000000000000000, 0.000000000000000000, 1.000000000000000000 ) ) ;
#6790 = CARTESIAN_POINT ( 'NONE',  ( 0.000000000000000000, 1.500000000000000000, -30.00000000000000000 ) ) ;
#6791 = ORIENTED_EDGE ( 'NONE', *, *, #5687, .F. ) ;
#6792 = CARTESIAN_POINT ( 'NONE',  ( 30.77795741653526562, 2.758210326803123280E-13, -36.46497873591434313 ) ) ;
#6793 = CARTESIAN_POINT ( 'NONE',  ( 43.47613484983492071, 2.758210326803123280E-13, -21.55116089260758727 ) ) ;
#6794 = CARTESIAN_POINT ( 'NONE',  ( -6.945798611005028711, 0.000000000000000000, 47.90163114914786746 ) ) ;
#6795 = CARTESIAN_POINT ( 'NONE',  ( 0.6770610334620938975, 0.000000000000000000, -47.24381324527194437 ) ) ;
#6796 = CARTESIAN_POINT ( 'NONE',  ( 48.81657375997244941, 3.105155021998484699E-13, 3.843863664560246640 ) ) ;
#6797 = CARTESIAN_POINT ( 'NONE',  ( -46.90313647493102422, 2.758210326803123280E-13, -2.927686507435609542 ) ) ;
#6798 = CARTESIAN_POINT ( 'NONE',  ( 46.18891600167901146, 10.00000000000000000, -15.97901472148825341 ) ) ;
#6799 = CARTESIAN_POINT ( 'NONE',  ( -22.47340223584906838, 10.00000000000000000, 42.51794034305012104 ) ) ;
#6800 = CARTESIAN_POINT ( 'NONE',  ( 0.000000000000000000, 5.000000000000000000, -30.00000000000000000 ) ) ;
#6801 = CARTESIAN_POINT ( 'NONE',  ( -41.25207003511705750, 10.00000000000000000, -23.10236606041880592 ) ) ;
#6802 = CARTESIAN_POINT ( 'NONE',  ( 38.49040888289671614, 0.000000000000000000, -29.60139600630218482 ) ) ;
#6803 = CARTESIAN_POINT ( 'NONE',  ( -40.40192023881714078, 10.00000000000000000, -26.87585679227152013 ) ) ;
#6804 = CARTESIAN_POINT ( 'NONE',  ( 9.499999999999793943, 5.000000000000000000, 16.45448267190445790 ) ) ;
#6805 = CARTESIAN_POINT ( 'NONE',  ( -0.5186480867066560752, 3.105155021998484699E-13, 48.66061967834837532 ) ) ;
#6806 = CARTESIAN_POINT ( 'NONE',  ( -44.03837754290261586, 3.105155021998484699E-13, 16.93020044192979157 ) ) ;
#6807 = CARTESIAN_POINT ( 'NONE',  ( -31.10802785787805647, 10.00000000000000000, 36.84253340256477571 ) ) ;
#6808 = CARTESIAN_POINT ( 'NONE',  ( -11.00264056437452354, 10.00000000000000000, -45.69717597620824279 ) ) ;
#6809 = CARTESIAN_POINT ( 'NONE',  ( 8.332725805914124706, 10.00000000000000000, -46.25062801779240829 ) ) ;
#6810 = LINE ( 'NONE', #3310, #1674 ) ;
#6811 = CARTESIAN_POINT ( 'NONE',  ( -38.08528399302004175, 10.00000000000000000, 27.50812628876267851 ) ) ;
#6812 = AXIS2_PLACEMENT_3D ( 'NONE', #1655, #2769, #1733 ) ;
#6813 = CARTESIAN_POINT ( 'NONE',  ( 17.29531084801257634, 10.00000000000000000, 45.58295722380753290 ) ) ;
#6814 = CARTESIAN_POINT ( 'NONE',  ( 47.55216876276523408, 0.000000000000000000, -1.397484914387289834 ) ) ;
#6815 = CARTESIAN_POINT ( 'NONE',  ( 22.25934983004736978, 10.00000000000000000, 42.18639752599842296 ) ) ;
#6816 = CARTESIAN_POINT ( 'NONE',  ( 43.11834910109919861, 10.00000000000000000, -21.11566684129976323 ) ) ;
#6817 = CARTESIAN_POINT ( 'NONE',  ( 25.98076211353288301, 1.500000000000000000, 8.475000000000479261 ) ) ;
#6818 = ORIENTED_EDGE ( 'NONE', *, *, #5338, .F. ) ;
#6819 = CARTESIAN_POINT ( 'NONE',  ( 40.04918307755477969, 2.758210326803123280E-13, -27.54279833525259846 ) ) ;
#6820 = CARTESIAN_POINT ( 'NONE',  ( -43.31420226909370541, 0.000000000000000000, -20.99041119118722776 ) ) ;
#6821 = CARTESIAN_POINT ( 'NONE',  ( 40.02751475087486455, 3.105155021998484699E-13, 27.91137694777663825 ) ) ;
#6822 = CONTEXT_DEPENDENT_SHAPE_REPRESENTATION ( #5931, #4425 ) ;
#6823 = CARTESIAN_POINT ( 'NONE',  ( -37.43648903217425783, 3.105155021998484699E-13, 31.62128862603388058 ) ) ;
#6824 = CARTESIAN_POINT ( 'NONE',  ( 48.51277463616114716, 10.00000000000000000, 2.064865877050552356 ) ) ;
#6825 = DIRECTION ( 'NONE',  ( -0.000000000000000000, 1.000000000000000000, -0.000000000000000000 ) ) ;
#6826 = VERTEX_POINT ( 'NONE', #4207 ) ;
#6827 = CARTESIAN_POINT ( 'NONE',  ( 29.18936109829999026, 2.758210326803123280E-13, -39.05559196659149279 ) ) ;
#6828 = CARTESIAN_POINT ( 'NONE',  ( -10.57080365356085494, 0.000000000000000000, 45.97443897790501666 ) ) ;
#6829 = CARTESIAN_POINT ( 'NONE',  ( -3.231370336507539243, 0.000000000000000000, -48.02384020763385308 ) ) ;
#6830 = CARTESIAN_POINT ( 'NONE',  ( 48.87775430134514920, 10.00000000000000000, 3.552822324703895251 ) ) ;
#6831 = CARTESIAN_POINT ( 'NONE',  ( -9.500000000000248690, 0.000000000000000000, 16.45448267190418434 ) ) ;
#6832 = CARTESIAN_POINT ( 'NONE',  ( -26.57875404891316151, 10.00000000000000000, 40.97191091721277445 ) ) ;
#6833 = DIRECTION ( 'NONE',  ( 0.000000000000000000, 0.000000000000000000, 1.000000000000000000 ) ) ;
#6834 = CARTESIAN_POINT ( 'NONE',  ( -44.61787746730065152, 0.000000000000000000, 15.33803748422301361 ) ) ;
#6835 = CARTESIAN_POINT ( 'NONE',  ( -44.51039127662573236, 10.00000000000000000, -20.38323919341038959 ) ) ;
#6836 = ORIENTED_EDGE ( 'NONE', *, *, #6587, .T. ) ;
#6837 = CARTESIAN_POINT ( 'NONE',  ( 41.93074063602873736, 0.000000000000000000, -24.02215402627291141 ) ) ;
#6838 = CARTESIAN_POINT ( 'NONE',  ( -42.73316591939344278, 2.758210326803123280E-13, -21.06864559344165144 ) ) ;
#6839 = CARTESIAN_POINT ( 'NONE',  ( -1.395924204097653165, 10.00000000000000000, 48.97028130933051671 ) ) ;
#6840 = CARTESIAN_POINT ( 'NONE',  ( -44.36549163220843184, 10.00000000000000000, 17.86373836095681256 ) ) ;
#6841 = AXIS2_PLACEMENT_3D ( 'NONE', #58, #3988, #2922 ) ;
#6842 = CARTESIAN_POINT ( 'NONE',  ( -28.22922351367636651, 10.00000000000000000, 38.07882712709600526 ) ) ;
#6843 = CARTESIAN_POINT ( 'NONE',  ( -12.57257308701887233, 10.00000000000000000, -45.66709288536071654 ) ) ;
#6844 = CARTESIAN_POINT ( 'NONE',  ( 5.324552022540062879, 2.758210326803123280E-13, -48.71455882895549649 ) ) ;
#6845 = CARTESIAN_POINT ( 'NONE',  ( 45.20527538349806917, 0.000000000000000000, 17.82219091192222038 ) ) ;
#6846 = AXIS2_PLACEMENT_3D ( 'NONE', #4315, #5932, #5351 ) ;
#6847 = CARTESIAN_POINT ( 'NONE',  ( -42.92429725523004436, 10.00000000000000000, 21.02530292055599759 ) ) ;
#6848 = CARTESIAN_POINT ( 'NONE',  ( 19.51888808935384745, 3.105155021998484699E-13, 43.61227867120651780 ) ) ;
#6849 = CARTESIAN_POINT ( 'NONE',  ( 12.72176798425815036, 10.00000000000000000, 47.11054574171100739 ) ) ;
#6850 = CARTESIAN_POINT ( 'NONE',  ( 35.80442075015090353, 10.00000000000000000, -33.02487383575729041 ) ) ;
#6851 = CIRCLE ( 'NONE', #3323, 3.499999999999999556 ) ;
#6852 = EDGE_CURVE ( 'NONE', #565, #4141, #6936, .T. ) ;
#6853 = DIRECTION ( 'NONE',  ( 0.000000000000000000, 0.000000000000000000, 1.000000000000000000 ) ) ;
#6854 = ORIENTED_EDGE ( 'NONE', *, *, #1083, .F. ) ;
#6855 = CARTESIAN_POINT ( 'NONE',  ( -41.52998209296890764, 0.000000000000000000, -24.07168728809728364 ) ) ;
#6856 = CARTESIAN_POINT ( 'NONE',  ( -28.20955984022288376, 2.758210326803123280E-13, -39.06230543890035278 ) ) ;
#6857 = CARTESIAN_POINT ( 'NONE',  ( 40.03198010913040150, 10.00000000000000000, 27.35000873458740145 ) ) ;
#6858 = AXIS2_PLACEMENT_3D ( 'NONE', #476, #4567, #4456 ) ;
#6859 = CARTESIAN_POINT ( 'NONE',  ( -37.19850707023825009, 10.00000000000000000, 31.83470540759500977 ) ) ;
#6860 = CARTESIAN_POINT ( 'NONE',  ( 45.76231138099888085, 10.00000000000000000, 15.01062630787940577 ) ) ;
#6861 = DIRECTION ( 'NONE',  ( 0.000000000000000000, 0.000000000000000000, -1.000000000000000000 ) ) ;
#6862 = CARTESIAN_POINT ( 'NONE',  ( -25.98076211353298604, 3.999999999999973355, -15.00000000000030020 ) ) ;
#6863 = CARTESIAN_POINT ( 'NONE',  ( 31.26049057997566649, 2.758210326803123280E-13, -35.08948155862935181 ) ) ;
#6864 = CIRCLE ( 'NONE', #7098, 3.499999999999999556 ) ;
#6865 = CARTESIAN_POINT ( 'NONE',  ( 4.437374477649838944, 0.000000000000000000, 48.70163177445953551 ) ) ;
#6866 = CARTESIAN_POINT ( 'NONE',  ( 3.313832756261781753, 0.000000000000000000, -47.76238363046505242 ) ) ;
#6867 = CARTESIAN_POINT ( 'NONE',  ( 47.28240673514632419, 10.00000000000000000, 5.240457780503508189 ) ) ;
#6868 = ADVANCED_FACE ( 'NONE', ( #1333 ), #1293, .T. ) ;
#6869 = CARTESIAN_POINT ( 'NONE',  ( -47.42108593938024086, 2.758210326803123280E-13, -4.803653317953778590 ) ) ;
#6870 = CARTESIAN_POINT ( 'NONE',  ( -28.20955984050420540, 10.00000000000000000, 39.06230543836561253 ) ) ;
#6871 = DIRECTION ( 'NONE',  ( 8.659560562354895880E-17, 0.7071067811865505703, -0.7071067811865444641 ) ) ;
#6872 = CARTESIAN_POINT ( 'NONE',  ( -47.19120256431795468, 0.000000000000000000, 12.82691039550693368 ) ) ;
#6873 = CARTESIAN_POINT ( 'NONE',  ( -44.36549163207975965, 10.00000000000000000, -17.86373836160798945 ) ) ;
#6874 = CARTESIAN_POINT ( 'NONE',  ( -16.54945442412029166, 10.00000000000000000, -44.53514656172582420 ) ) ;
#6875 = CARTESIAN_POINT ( 'NONE',  ( 35.53287412844684923, 0.000000000000000000, 31.30628040942552559 ) ) ;
#6876 = CARTESIAN_POINT ( 'NONE',  ( 42.54913690589000197, 0.000000000000000000, -23.80135955396234948 ) ) ;
#6877 = CARTESIAN_POINT ( 'NONE',  ( -42.92429725507866323, 2.758210326803123280E-13, -21.02530292119681832 ) ) ;
#6878 = CARTESIAN_POINT ( 'NONE',  ( -6.945798611005028711, 10.00000000000000000, 47.90163114914786746 ) ) ;
#6879 = CARTESIAN_POINT ( 'NONE',  ( -47.13538552600084586, 3.105155021998484699E-13, 12.41905783075455361 ) ) ;
#6880 = CARTESIAN_POINT ( 'NONE',  ( -28.78612952760985522, 10.00000000000000000, 37.13504542227317984 ) ) ;
#6881 = CARTESIAN_POINT ( 'NONE',  ( -13.08109660311778377, 10.00000000000000000, -45.95544314689851007 ) ) ;
#6882 = CARTESIAN_POINT ( 'NONE',  ( 5.686910107805054793, 2.758210326803123280E-13, -48.60980721976390839 ) ) ;
#6883 = CARTESIAN_POINT ( 'NONE',  ( 43.47613484967973108, 0.000000000000000000, 21.55116089258905276 ) ) ;
#6884 = VECTOR ( 'NONE', #6458, 1000.000000000000000 ) ;
#6885 = CARTESIAN_POINT ( 'NONE',  ( -44.87847118984348072, 10.00000000000000000, 15.11923143057803109 ) ) ;
#6886 = CARTESIAN_POINT ( 'NONE',  ( 19.72309172767731766, 3.105155021998484699E-13, 43.06451694029816935 ) ) ;
#6887 = CARTESIAN_POINT ( 'NONE',  ( 47.93372876043738273, 0.000000000000000000, -4.899042732804798739 ) ) ;
#6888 = CARTESIAN_POINT ( 'NONE',  ( 25.28302191772680274, 10.00000000000000000, 41.68034871153472665 ) ) ;
#6889 = CARTESIAN_POINT ( 'NONE',  ( 34.12262364864761821, 10.00000000000000000, -34.65295765593768351 ) ) ;
#6890 = DIRECTION ( 'NONE',  ( -0.000000000000000000, -1.000000000000000000, 0.000000000000000000 ) ) ;
#6891 = ORIENTED_EDGE ( 'NONE', *, *, #3622, .T. ) ;
#6892 = CARTESIAN_POINT ( 'NONE',  ( -41.76916595823358591, 0.000000000000000000, -24.30200957740734324 ) ) ;
#6893 = CARTESIAN_POINT ( 'NONE',  ( -29.89409614269066040, 10.00000000000000000, -36.61644788641506665 ) ) ;
#6894 = CARTESIAN_POINT ( 'NONE',  ( 38.23685236781233954, 10.00000000000000000, 29.63323264093219578 ) ) ;
#6895 = ADVANCED_FACE ( 'NONE', ( #202 ), #7046, .F. ) ;
#6896 = ADVANCED_FACE ( 'NONE', ( #4692 ), #1986, .F. ) ;
#6897 = CARTESIAN_POINT ( 'NONE',  ( 46.73312850809739416, 10.00000000000000000, 11.52153102620461844 ) ) ;
#6898 = DIRECTION ( 'NONE',  ( -0.000000000000000000, -1.000000000000000000, -0.000000000000000000 ) ) ;
#6899 = CARTESIAN_POINT ( 'NONE',  ( 17.94978839410061866, 2.758210326803123280E-13, -45.56177932288870380 ) ) ;
#6900 = CARTESIAN_POINT ( 'NONE',  ( -3.231370336853427894, 0.000000000000000000, 48.02384020727905778 ) ) ;
#6901 = CARTESIAN_POINT ( 'NONE',  ( 4.437374478000601030, 0.000000000000000000, -48.70163177475913585 ) ) ;
#6902 = CC_DESIGN_APPROVAL ( #231, ( #1526 ) ) ;
#6903 = CARTESIAN_POINT ( 'NONE',  ( 47.55216876275510884, 10.00000000000000000, 1.397484914398166245 ) ) ;
#6904 = CARTESIAN_POINT ( 'NONE',  ( -46.90313647493102422, 10.00000000000000000, -2.927686507435609542 ) ) ;
#6905 = CARTESIAN_POINT ( 'NONE',  ( 42.86537817337114120, 2.758210326803123280E-13, -19.22876030368550104 ) ) ;
#6906 = CARTESIAN_POINT ( 'NONE',  ( -9.500000000000248690, 0.000000000000000000, 15.55448267190418221 ) ) ;
#6907 = CARTESIAN_POINT ( 'NONE',  ( 0.000000000000000000, 0.000000000000000000, -30.00000000000000000 ) ) ;
#6908 = ORIENTED_EDGE ( 'NONE', *, *, #2040, .T. ) ;
#6909 = CARTESIAN_POINT ( 'NONE',  ( -47.13538552591132458, 10.00000000000000000, -12.41905783142563990 ) ) ;
#6910 = CARTESIAN_POINT ( 'NONE',  ( -15.24201195438033807, 2.758210326803123280E-13, -46.57769993240661677 ) ) ;
#6911 = CARTESIAN_POINT ( 'NONE',  ( 39.67059509914334825, 0.000000000000000000, -26.66088038517009196 ) ) ;
#6912 = CARTESIAN_POINT ( 'NONE',  ( -41.43207856221283691, 2.758210326803123280E-13, -26.15909552961273477 ) ) ;
#6913 = CARTESIAN_POINT ( 'NONE',  ( -7.168168959158637499, 3.105155021998484699E-13, 48.06001249968313260 ) ) ;
#6914 = CARTESIAN_POINT ( 'NONE',  ( -47.18725528558393023, 10.00000000000000000, 13.08419477249561425 ) ) ;
#6915 = CARTESIAN_POINT ( 'NONE',  ( -0.5186480863561776511, 10.00000000000000000, -48.66061967868357385 ) ) ;
#6916 = CARTESIAN_POINT ( 'NONE',  ( 6.199796286428714609, 10.00000000000000000, -48.31315845784696705 ) ) ;
#6917 = CARTESIAN_POINT ( 'NONE',  ( 43.22333241071549992, 0.000000000000000000, 23.09858425748329935 ) ) ;
#6918 = CARTESIAN_POINT ( 'NONE',  ( -44.88076518838657591, 0.000000000000000000, 18.53297485506226394 ) ) ;
#6919 = CARTESIAN_POINT ( 'NONE',  ( -48.55650356979466409, 10.00000000000000000, 6.441202254082487144 ) ) ;
#6920 = CARTESIAN_POINT ( 'NONE',  ( 9.638685457743054741, 3.105155021998484699E-13, 46.58617613161766968 ) ) ;
#6921 = CARTESIAN_POINT ( 'NONE',  ( 22.51173650311207908, 10.00000000000000000, 42.31152017022590428 ) ) ;
#6922 = CARTESIAN_POINT ( 'NONE',  ( 39.92127943705481385, 10.00000000000000000, -24.76003750522744085 ) ) ;
#6923 = DIRECTION ( 'NONE',  ( 0.000000000000000000, 1.000000000000000000, -0.000000000000000000 ) ) ;
#6924 = EDGE_LOOP ( 'NONE', ( #447, #6190 ) ) ;
#6925 = VECTOR ( 'NONE', #1474, 1000.000000000000000 ) ;
#6926 = CARTESIAN_POINT ( 'NONE',  ( -46.58277300966949497, 0.000000000000000000, -11.68200449737668301 ) ) ;
#6927 = CARTESIAN_POINT ( 'NONE',  ( -31.10802785761272560, 2.758210326803123280E-13, -36.84253340312041303 ) ) ;
#6928 = CARTESIAN_POINT ( 'NONE',  ( 34.56643311945816066, 10.00000000000000000, 34.52604948009167174 ) ) ;
#6929 = CARTESIAN_POINT ( 'NONE',  ( -38.03710777270632093, 3.105155021998484699E-13, 30.23782141097618847 ) ) ;
#6930 = CARTESIAN_POINT ( 'NONE',  ( 46.90244463932813801, 10.00000000000000000, 5.627151524414816919 ) ) ;
#6931 = CARTESIAN_POINT ( 'NONE',  ( 0.000000000000000000, 1.500000000000000000, 0.000000000000000000 ) ) ;
#6932 = CARTESIAN_POINT ( 'NONE',  ( 22.25934983035124048, 10.00000000000000000, -42.18639752616959981 ) ) ;
#6933 = CARTESIAN_POINT ( 'NONE',  ( -1.739070292317480337, 0.000000000000000000, 48.97997532718623859 ) ) ;
#6934 = CARTESIAN_POINT ( 'NONE',  ( -17.04327590061956599, 0.000000000000000000, -43.88771629111199957 ) ) ;
#6935 = CARTESIAN_POINT ( 'NONE',  ( 48.81657375997244941, 10.00000000000000000, 3.843863664560246640 ) ) ;
#6936 = LINE ( 'NONE', #1845, #6884 ) ;
#6937 = LINE ( 'NONE', #783, #53 ) ;
#6938 = DIRECTION ( 'NONE',  ( 2.465190328815661892E-32, -1.000000000000000000, -0.000000000000000000 ) ) ;
#6939 = VERTEX_POINT ( 'NONE', #1879 ) ;
#6940 = CARTESIAN_POINT ( 'NONE',  ( -44.10101440059207789, 10.00000000000000000, -16.23747025751027451 ) ) ;
#6941 = EDGE_LOOP ( 'NONE', ( #1796, #2057 ) ) ;
#6942 = CARTESIAN_POINT ( 'NONE',  ( 24.06705234704800489, 0.000000000000000000, -42.63747644607472864 ) ) ;
#6943 = CARTESIAN_POINT ( 'NONE',  ( -44.61787746719021186, 10.00000000000000000, -15.33803748487596508 ) ) ;
#6944 = CARTESIAN_POINT ( 'NONE',  ( -12.57257308734778078, 3.105155021998484699E-13, 45.66709288493858310 ) ) ;
#6945 = CARTESIAN_POINT ( 'NONE',  ( -46.58277300975366586, 3.105155021998484699E-13, 11.68200449670956864 ) ) ;
#6946 = CARTESIAN_POINT ( 'NONE',  ( -6.682706863688351540, 10.00000000000000000, -47.45928886766319010 ) ) ;
#6947 = CARTESIAN_POINT ( 'NONE',  ( -3.503852009414022195, 10.00000000000000000, -47.53478937429473916 ) ) ;
#6948 = CARTESIAN_POINT ( 'NONE',  ( 46.99151132223900618, 0.000000000000000000, 11.51396662815057681 ) ) ;
#6949 = CARTESIAN_POINT ( 'NONE',  ( -41.88715047131236702, 0.000000000000000000, 24.94795369224215875 ) ) ;
#6950 = VERTEX_POINT ( 'NONE', #269 ) ;
#6951 = MANIFOLD_SOLID_BREP ( 'Cut-Extrude3', #4548 ) ;
#6952 = CARTESIAN_POINT ( 'NONE',  ( -46.10143807500438129, 10.00000000000000000, 11.02467881544767714 ) ) ;
#6953 = CARTESIAN_POINT ( 'NONE',  ( 16.96362320756021802, 3.105155021998484699E-13, 45.52193069367715594 ) ) ;
#6954 = EDGE_CURVE ( 'NONE', #1476, #2145, #3623, .T. ) ;
#6955 = CARTESIAN_POINT ( 'NONE',  ( 9.888361411916978483, 10.00000000000000000, 46.79348573638527853 ) ) ;
#6956 = CARTESIAN_POINT ( 'NONE',  ( 39.61256526123549548, 10.00000000000000000, -26.47368447863380325 ) ) ;
#6957 = FACE_OUTER_BOUND ( 'NONE', #558, .T. ) ;
#6958 = VERTEX_POINT ( 'NONE', #1437 ) ;
#6959 = AXIS2_PLACEMENT_3D ( 'NONE', #4026, #528, #2770 ) ;
#6960 = CARTESIAN_POINT ( 'NONE',  ( -46.46132477040216457, 0.000000000000000000, -11.55733942202903108 ) ) ;
#6961 = CARTESIAN_POINT ( 'NONE',  ( -28.17957293280831976, 10.00000000000000000, -38.32753649475015578 ) ) ;
#6962 = CARTESIAN_POINT ( 'NONE',  ( 35.58016677073935341, 3.105155021998484699E-13, 31.96031499099560236 ) ) ;
#6963 = CARTESIAN_POINT ( 'NONE',  ( -41.85341921516216246, 3.105155021998484699E-13, 25.27002905142225941 ) ) ;
#6964 = VECTOR ( 'NONE', #165, 1000.000000000000000 ) ;
#6965 = CARTESIAN_POINT ( 'NONE',  ( 46.20419157647511810, 10.00000000000000000, 11.70495020559071619 ) ) ;
#6966 = CARTESIAN_POINT ( 'NONE',  ( 11.42095920628385741, 3.382710778154773834E-14, 33.92165911943856571 ) ) ;
#6967 = CARTESIAN_POINT ( 'NONE',  ( 19.51888808966796773, 10.00000000000000000, -43.61227867139744063 ) ) ;
#6968 = CARTESIAN_POINT ( 'NONE',  ( -22.68260106858051017, 0.000000000000000000, 41.57123939433080295 ) ) ;
#6969 = VECTOR ( 'NONE', #3504, 1000.000000000000000 ) ;
#6970 = CARTESIAN_POINT ( 'NONE',  ( -18.74850481301510996, 0.000000000000000000, -43.46023206326197652 ) ) ;
#6971 = CARTESIAN_POINT ( 'NONE',  ( 46.73312850809739416, 3.105155021998484699E-13, 11.52153102620461844 ) ) ;
#6972 = DIRECTION ( 'NONE',  ( -3.964541573183182870E-16, -1.000000000000000000, 1.158175138636003392E-15 ) ) ;
#6973 = LINE ( 'NONE', #6425, #4273 ) ;
#6974 = DIRECTION ( 'NONE',  ( 0.000000000000000000, 0.000000000000000000, 1.000000000000000000 ) ) ;
#6975 = EDGE_LOOP ( 'NONE', ( #5414, #5254, #1440, #5977, #2991, #350 ) ) ;
#6976 = AXIS2_PLACEMENT_3D ( 'NONE', #6075, #5459, #2722 ) ;
#6977 = CARTESIAN_POINT ( 'NONE',  ( -46.90313647493102422, 10.00000000000000000, -2.927686507435609542 ) ) ;
#6978 = EDGE_LOOP ( 'NONE', ( #4715, #674 ) ) ;
#6979 = CARTESIAN_POINT ( 'NONE',  ( 32.31229380692504805, 0.000000000000000000, 34.45895843396883862 ) ) ;
#6980 = CARTESIAN_POINT ( 'NONE',  ( 24.36367472575058102, 0.000000000000000000, -42.51832489761836342 ) ) ;
#6981 = VECTOR ( 'NONE', #4036, 1000.000000000000000 ) ;
#6982 = CARTESIAN_POINT ( 'NONE',  ( -44.07800586995018932, 10.00000000000000000, -20.79623943199088387 ) ) ;
#6983 = CARTESIAN_POINT ( 'NONE',  ( -6.836039188851542825, 10.00000000000000000, 47.67364694751805843 ) ) ;
#6984 = CC_DESIGN_PERSON_AND_ORGANIZATION_ASSIGNMENT ( #2136, #3799, ( #6663 ) ) ;
#6985 = ADVANCED_FACE ( 'NONE', ( #5865 ), #3819, .F. ) ;
#6986 = CARTESIAN_POINT ( 'NONE',  ( -45.99848029532082450, 10.00000000000000000, 10.75378807403149573 ) ) ;
#6987 = CARTESIAN_POINT ( 'NONE',  ( -23.34609233029299347, 10.00000000000000000, -40.78620948678899083 ) ) ;
#6988 = CARTESIAN_POINT ( 'NONE',  ( -2.088408008557983919, 2.758210326803123280E-13, -48.93732214190114149 ) ) ;
#6989 = CARTESIAN_POINT ( 'NONE',  ( 45.23344692437991199, 0.000000000000000000, 12.69171918332886229 ) ) ;
#6990 = CARTESIAN_POINT ( 'NONE',  ( -42.00270222787662533, 0.000000000000000000, 21.42836741033329062 ) ) ;
#6991 = ORIENTED_EDGE ( 'NONE', *, *, #6954, .T. ) ;
#6992 = CARTESIAN_POINT ( 'NONE',  ( -46.90313647495211313, 10.00000000000000000, 2.927686506766195240 ) ) ;
#6993 = CARTESIAN_POINT ( 'NONE',  ( 15.58804164092392597, 3.105155021998484699E-13, 44.63704192800481252 ) ) ;
#6994 = CARTESIAN_POINT ( 'NONE',  ( 6.576098157998639060, 10.00000000000000000, 47.64015109954559080 ) ) ;
#6995 = CARTESIAN_POINT ( 'NONE',  ( 47.93386787975488517, 0.000000000000000000, 10.21794103203395743 ) ) ;
#6996 = CARTESIAN_POINT ( 'NONE',  ( 35.83547300762123200, 10.00000000000000000, -32.76542501798784457 ) ) ;
#6997 = VECTOR ( 'NONE', #3071, 1000.000000000000000 ) ;
#6998 = CARTESIAN_POINT ( 'NONE',  ( 0.000000000000000000, 1.500000000000000000, -30.00000000000000000 ) ) ;
#6999 = ORIENTED_EDGE ( 'NONE', *, *, #1856, .T. ) ;
#7000 = EDGE_CURVE ( 'NONE', #2323, #1040, #5831, .T. ) ;
#7001 = CARTESIAN_POINT ( 'NONE',  ( -28.16194582709016103, 10.00000000000000000, -38.54419687471803968 ) ) ;
#7002 = CARTESIAN_POINT ( 'NONE',  ( 36.37930582211521369, 3.105155021998484699E-13, 29.84978400702683032 ) ) ;
#7003 = CARTESIAN_POINT ( 'NONE',  ( -41.41186500504826284, 10.00000000000000000, 23.77125310547904391 ) ) ;
#7004 = CARTESIAN_POINT ( 'NONE',  ( -28.16252507928322046, 3.105155021998484699E-13, 38.71819953305659823 ) ) ;
#7005 = CARTESIAN_POINT ( 'NONE',  ( 43.09234470829333219, 10.00000000000000000, 18.77071706432569087 ) ) ;
#7006 = CARTESIAN_POINT ( 'NONE',  ( 11.88584931577152481, 0.5000000000000353051, 35.47411967105784925 ) ) ;
#7007 = CARTESIAN_POINT ( 'NONE',  ( 23.75687818108725580, 2.758210326803123280E-13, -42.71247589149013635 ) ) ;
#7008 = CARTESIAN_POINT ( 'NONE',  ( -25.79572543339759250, 0.000000000000000000, 40.92390373963624484 ) ) ;
#7009 = CARTESIAN_POINT ( 'NONE',  ( -22.47340223554285288, 0.000000000000000000, -42.51794034354355034 ) ) ;
#7010 = CARTESIAN_POINT ( 'NONE',  ( 45.86937228520461218, 3.105155021998484699E-13, 11.90446282062516126 ) ) ;
#7011 = CARTESIAN_POINT ( 'NONE',  ( 11.88584931577152481, 0.5000000000000353051, 35.47411967105784925 ) ) ;
#7012 = CARTESIAN_POINT ( 'NONE',  ( 25.98076211353339815, 0.000000000000000000, -14.99999999999957900 ) ) ;
#7013 = DIRECTION ( 'NONE',  ( -0.2868677519576806612, -1.035495069920063013E-15, -0.9579701941536314935 ) ) ;
#7014 = ORIENTED_EDGE ( 'NONE', *, *, #2984, .T. ) ;
#7015 = CARTESIAN_POINT ( 'NONE',  ( -33.39357040528364706, 10.00000000000000000, 35.52784148734748015 ) ) ;
#7016 = CARTESIAN_POINT ( 'NONE',  ( -48.09558287327895698, 10.00000000000000000, -5.252459890059669512 ) ) ;
#7017 = CARTESIAN_POINT ( 'NONE',  ( -19.68822740900531088, 10.00000000000000000, -43.92142064894699871 ) ) ;
#7018 = ORIENTED_EDGE ( 'NONE', *, *, #1220, .F. ) ;
#7019 = CARTESIAN_POINT ( 'NONE',  ( 25.40731973325410920, 0.000000000000000000, 40.91425361717184472 ) ) ;
#7020 = AXIS2_PLACEMENT_3D ( 'NONE', #383, #4322, #6051 ) ;
#7021 = CARTESIAN_POINT ( 'NONE',  ( 27.00987747841588060, 0.000000000000000000, -38.62986057950179486 ) ) ;
#7022 = CARTESIAN_POINT ( 'NONE',  ( -43.87735155568416445, 10.00000000000000000, -20.91222684347910743 ) ) ;
#7023 = CARTESIAN_POINT ( 'NONE',  ( 48.85883658865368773, 2.758210326803123280E-13, -2.840538227068802435 ) ) ;
#7024 = CARTESIAN_POINT ( 'NONE',  ( -13.45816900407698391, 10.00000000000000000, 46.36470106900110011 ) ) ;
#7025 = CARTESIAN_POINT ( 'NONE',  ( -46.96857664271918509, 3.105155021998484699E-13, 8.422003628740917236 ) ) ;
#7026 = CARTESIAN_POINT ( 'NONE',  ( -16.75100435947566169, 10.00000000000000000, -44.21375863612132662 ) ) ;
#7027 = CARTESIAN_POINT ( 'NONE',  ( -1.395924203744943304, 10.00000000000000000, -48.97028130967217407 ) ) ;
#7028 = ORIENTED_EDGE ( 'NONE', *, *, #2068, .T. ) ;
#7029 = CARTESIAN_POINT ( 'NONE',  ( -2.133709875451472726E-13, 5.000000000000000000, 30.00000000000000000 ) ) ;
#7030 = CARTESIAN_POINT ( 'NONE',  ( 10.96263895570430869, 3.105155021998484699E-13, 47.59147069010536768 ) ) ;
#7031 = CARTESIAN_POINT ( 'NONE',  ( 1.818707001262796386, 10.00000000000000000, 46.95055821495476067 ) ) ;
#7032 = CARTESIAN_POINT ( 'NONE',  ( 46.90244463932813801, 0.000000000000000000, 5.627151524414816919 ) ) ;
#7033 = CARTESIAN_POINT ( 'NONE',  ( 30.40816549910367783, 10.00000000000000000, -38.41069024788193786 ) ) ;
#7034 = DIRECTION ( 'NONE',  ( -0.000000000000000000, 1.000000000000000000, -0.000000000000000000 ) ) ;
#7035 = ORIENTED_EDGE ( 'NONE', *, *, #1615, .T. ) ;
#7036 = CARTESIAN_POINT ( 'NONE',  ( -33.24425336356483740, 10.00000000000000000, -33.77181024464491088 ) ) ;
#7037 = CARTESIAN_POINT ( 'NONE',  ( 35.83547300738513286, 3.105155021998484699E-13, 32.76542501791433182 ) ) ;
#7038 = CARTESIAN_POINT ( 'NONE',  ( -41.43207856240129416, 3.105155021998484699E-13, 26.15909552898271073 ) ) ;
#7039 = CARTESIAN_POINT ( 'NONE',  ( -28.78612952760985522, 10.00000000000000000, 37.13504542227317984 ) ) ;
#7040 = CARTESIAN_POINT ( 'NONE',  ( 39.88625831912916198, 10.00000000000000000, 28.39642949158538343 ) ) ;
#7041 = CARTESIAN_POINT ( 'NONE',  ( 47.46122657537090817, 10.00000000000000000, -5.116862069175397210 ) ) ;
#7042 = CIRCLE ( 'NONE', #3518, 6.525000000000003020 ) ;
#7043 = CARTESIAN_POINT ( 'NONE',  ( -22.46789492696770196, 0.000000000000000000, 43.04588155701134156 ) ) ;
#7044 = CARTESIAN_POINT ( 'NONE',  ( -19.68822740900531088, 0.000000000000000000, -43.92142064894699871 ) ) ;
#7045 = CARTESIAN_POINT ( 'NONE',  ( 46.99151132223900618, 3.105155021998484699E-13, 11.51396662815057681 ) ) ;
#7046 = CYLINDRICAL_SURFACE ( 'NONE', #5005, 3.499999999999999556 ) ;
#7047 = CARTESIAN_POINT ( 'NONE',  ( 0.000000000000000000, 3.999999999999985345, -15.09999999999999964 ) ) ;
#7048 = FACE_BOUND ( 'NONE', #3175, .T. ) ;
#7049 = VERTEX_POINT ( 'NONE', #782 ) ;
#7050 = CARTESIAN_POINT ( 'NONE',  ( -35.62549330700020533, 10.00000000000000000, 32.06036333918111580 ) ) ;
#7051 = VERTEX_POINT ( 'NONE', #4726 ) ;
#7052 = CARTESIAN_POINT ( 'NONE',  ( 23.45473061529353132, 0.000000000000000000, 42.73591345920117135 ) ) ;
#7053 = CARTESIAN_POINT ( 'NONE',  ( 25.40124455813498372, 0.000000000000000000, -41.42371570279335202 ) ) ;
#7054 = CARTESIAN_POINT ( 'NONE',  ( -44.07800586995018932, 2.758210326803123280E-13, -20.79623943199088387 ) ) ;
#7055 = CARTESIAN_POINT ( 'NONE',  ( 46.50200907407229067, 10.00000000000000000, -6.786246342409631538 ) ) ;
#7056 = CARTESIAN_POINT ( 'NONE',  ( -16.37600682961056364, 10.00000000000000000, 45.46512173789954403 ) ) ;
#7057 = CARTESIAN_POINT ( 'NONE',  ( -47.10587011745312225, 3.105155021998484699E-13, 2.434371989328715458 ) ) ;
#7058 = CARTESIAN_POINT ( 'NONE',  ( -28.26301930803733242, 10.00000000000000000, -39.23805508166571343 ) ) ;
#7059 = CARTESIAN_POINT ( 'NONE',  ( 3.498989426539049319, 2.758210326803123280E-13, -48.05621757618709466 ) ) ;
#7060 = ORIENTED_EDGE ( 'NONE', *, *, #4888, .F. ) ;
#7061 = CYLINDRICAL_SURFACE ( 'NONE', #1619, 6.525000000000003020 ) ;
#7062 = CARTESIAN_POINT ( 'NONE',  ( 10.45795325562310119, 10.00000000000000000, 47.41714284067161600 ) ) ;
#7063 = CARTESIAN_POINT ( 'NONE',  ( 6.876009028724378247, 10.00000000000000000, 47.07331053804750809 ) ) ;
#7064 = DIRECTION ( 'NONE',  ( 0.000000000000000000, 1.000000000000000000, -0.000000000000000000 ) ) ;
#7065 = CARTESIAN_POINT ( 'NONE',  ( 19.72309172798750510, 10.00000000000000000, -43.06451694048760004 ) ) ;
#7066 = CARTESIAN_POINT ( 'NONE',  ( 12.27621833645988048, 3.382710778154773834E-14, 34.50740186172188118 ) ) ;
#7067 = ORIENTED_EDGE ( 'NONE', *, *, #3926, .T. ) ;
#7068 = CARTESIAN_POINT ( 'NONE',  ( -37.62320027528993194, 10.00000000000000000, -28.87622266440891039 ) ) ;
#7069 = CARTESIAN_POINT ( 'NONE',  ( 35.80442074991306356, 3.105155021998484699E-13, 33.02487383568355739 ) ) ;
#7070 = CARTESIAN_POINT ( 'NONE',  ( -37.80209017924777726, 10.00000000000000000, 27.93370669360054848 ) ) ;
#7071 = CARTESIAN_POINT ( 'NONE',  ( -28.25630724264258475, 3.105155021998484699E-13, 39.42846835214629664 ) ) ;
#7072 = EDGE_CURVE ( 'NONE', #4951, #4195, #2470, .T. ) ;
#7073 = CARTESIAN_POINT ( 'NONE',  ( 43.37048054946014020, 10.00000000000000000, 22.80168480190333469 ) ) ;
#7074 = CARTESIAN_POINT ( 'NONE',  ( 47.28240673518403980, 10.00000000000000000, -5.240457780494574891 ) ) ;
#7075 = VECTOR ( 'NONE', #673, 1000.000000000000000 ) ;
#7076 = VERTEX_POINT ( 'NONE', #3034 ) ;
#7077 = CARTESIAN_POINT ( 'NONE',  ( -20.16989368188736265, 0.000000000000000000, 44.22350273501361784 ) ) ;
#7078 = CARTESIAN_POINT ( 'NONE',  ( -13.08109660311778377, 0.000000000000000000, -45.95544314689851007 ) ) ;
#7079 = CALENDAR_DATE ( 2026, 12, 8 ) ;
#7080 = CARTESIAN_POINT ( 'NONE',  ( 45.41078572896707755, 3.105155021998484699E-13, 14.59561470424712937 ) ) ;
#7081 = DIRECTION ( 'NONE',  ( -0.000000000000000000, -1.000000000000000000, -0.000000000000000000 ) ) ;
#7082 = DIRECTION ( 'NONE',  ( 0.000000000000000000, 0.000000000000000000, 1.000000000000000000 ) ) ;
#7083 = ORIENTED_EDGE ( 'NONE', *, *, #5016, .F. ) ;
#7084 = CARTESIAN_POINT ( 'NONE',  ( 35.88785589673904752, 10.00000000000000000, -30.34166624303892945 ) ) ;
#7085 = CARTESIAN_POINT ( 'NONE',  ( -20.35305852459880072, 10.00000000000000000, -44.25574658943811812 ) ) ;
#7086 = AXIS2_PLACEMENT_3D ( 'NONE', #590, #2836, #5096 ) ;
#7087 = ORIENTED_EDGE ( 'NONE', *, *, #3481, .T. ) ;
#7088 = CARTESIAN_POINT ( 'NONE',  ( 30.61168797695316712, 0.000000000000000000, 38.16055295097658018 ) ) ;
#7089 = EDGE_CURVE ( 'NONE', #493, #1815, #660, .T. ) ;
#7090 = CARTESIAN_POINT ( 'NONE',  ( 28.59655103542652199, 0.000000000000000000, -39.02577139222194802 ) ) ;
#7091 = CARTESIAN_POINT ( 'NONE',  ( -46.88379344550590844, 10.00000000000000000, -14.04151760544024086 ) ) ;
#7092 = CARTESIAN_POINT ( 'NONE',  ( 48.27420884676259760, 10.00000000000000000, -4.756445711797379516 ) ) ;
#7093 = CARTESIAN_POINT ( 'NONE',  ( -16.54945442444102710, 10.00000000000000000, 44.53514656127515536 ) ) ;
#7094 = VECTOR ( 'NONE', #7215, 1000.000000000000000 ) ;
#7095 = CARTESIAN_POINT ( 'NONE',  ( -48.57461215930914022, 3.105155021998484699E-13, 1.282795167420516025 ) ) ;
#7096 = CARTESIAN_POINT ( 'NONE',  ( -19.19283995485551131, 10.00000000000000000, -43.60786845195406869 ) ) ;
#7097 = CARTESIAN_POINT ( 'NONE',  ( 0.2609790350577760321, 2.758210326803123280E-13, -47.57974351001768554 ) ) ;
#7098 = AXIS2_PLACEMENT_3D ( 'NONE', #5516, #2037, #4298 ) ;
#7099 = ORIENTED_EDGE ( 'NONE', *, *, #1594, .F. ) ;
#7100 = DIRECTION ( 'NONE',  ( -0.2868677519576806612, -9.638885950861341704E-16, -0.9579701941536314935 ) ) ;
#7101 = CARTESIAN_POINT ( 'NONE',  ( -25.98076211353298604, 1.500000000000000000, -18.50000000000030198 ) ) ;
#7102 = CARTESIAN_POINT ( 'NONE',  ( 7.357205118722475845, 3.105155021998484699E-13, 46.60345391069666476 ) ) ;
#7103 = CARTESIAN_POINT ( 'NONE',  ( 10.45795325562310119, 10.00000000000000000, 47.41714284067161600 ) ) ;
#7104 = DIRECTION ( 'NONE',  ( -0.000000000000000000, -1.000000000000000000, 0.000000000000000000 ) ) ;
#7105 = CARTESIAN_POINT ( 'NONE',  ( 17.94978839410061866, 10.00000000000000000, -45.56177932288870380 ) ) ;
#7106 = DIRECTION ( 'NONE',  ( 0.000000000000000000, 1.000000000000000000, 0.000000000000000000 ) ) ;
#7107 = EDGE_LOOP ( 'NONE', ( #5132, #6600, #4317, #6090 ) ) ;
#7108 = CARTESIAN_POINT ( 'NONE',  ( -38.03710777248849695, 10.00000000000000000, -30.23782141158175918 ) ) ;
#7109 = CARTESIAN_POINT ( 'NONE',  ( 25.98694789235071312, 3.105155021998484699E-13, 39.15552321652646128 ) ) ;
#7110 = CARTESIAN_POINT ( 'NONE',  ( -39.56029081529624847, 3.105155021998484699E-13, 26.79554503557909584 ) ) ;
#7111 = CARTESIAN_POINT ( 'NONE',  ( -32.26514457300381622, 3.105155021998484699E-13, 36.77313813106339779 ) ) ;
#7112 = CARTESIAN_POINT ( 'NONE',  ( 39.95867164664360160, 10.00000000000000000, 27.17191083032802368 ) ) ;
#7113 = CARTESIAN_POINT ( 'NONE',  ( 48.51277463617599750, 10.00000000000000000, -2.064865877032759034 ) ) ;
#7114 = EDGE_LOOP ( 'NONE', ( #1512, #5271, #965, #7192 ) ) ;
#7115 = CARTESIAN_POINT ( 'NONE',  ( -23.34609233058675315, 0.000000000000000000, 40.78620948628923770 ) ) ;
#7116 = AXIS2_PLACEMENT_3D ( 'NONE', #4243, #3550, #5318 ) ;
#7117 = EDGE_CURVE ( 'NONE', #5918, #6536, #3689, .T. ) ;
#7118 = CARTESIAN_POINT ( 'NONE',  ( -33.46261586827019130, 0.000000000000000000, -35.22616371442756389 ) ) ;
#7119 = CALENDAR_DATE ( 2026, 12, 8 ) ;
#7120 = CARTESIAN_POINT ( 'NONE',  ( 46.15953016461975267, 10.00000000000000000, 15.67738629354905733 ) ) ;
#7121 = DIRECTION ( 'NONE',  ( 1.000000000000000000, 0.000000000000000000, 0.000000000000000000 ) ) ;
#7122 = CARTESIAN_POINT ( 'NONE',  ( 17.73542027622000106, 0.5000000000000299760, 32.87262345473227754 ) ) ;
#7123 = CARTESIAN_POINT ( 'NONE',  ( -9.499999999999674927, -5.000000000000000000, -16.45448267190452896 ) ) ;
#7124 = EDGE_LOOP ( 'NONE', ( #4301, #432, #6338, #4309 ) ) ;
#7125 = CARTESIAN_POINT ( 'NONE',  ( 31.92845245695830059, 10.00000000000000000, -34.58747117259623138 ) ) ;
#7126 = CARTESIAN_POINT ( 'NONE',  ( -22.54327751803325697, 10.00000000000000000, -42.80170550950111164 ) ) ;
#7127 = CARTESIAN_POINT ( 'NONE',  ( 32.59837096023531444, 0.000000000000000000, 34.41267711602824875 ) ) ;
#7128 = CARTESIAN_POINT ( 'NONE',  ( 8.681093760131522785, 0.000000000000000000, -46.25042819936485472 ) ) ;
#7129 = UNCERTAINTY_MEASURE_WITH_UNIT (LENGTH_MEASURE( 1.000000000000000082E-05 ), #486, 'distance_accuracy_value', 'NONE');
#7130 = CARTESIAN_POINT ( 'NONE',  ( -47.51205586086548749, 10.00000000000000000, -8.227163105910900498 ) ) ;
#7131 = CARTESIAN_POINT ( 'NONE',  ( 47.93659817308496685, 2.758210326803123280E-13, -9.236994885837962244 ) ) ;
#7132 = CARTESIAN_POINT ( 'NONE',  ( -16.26604374678862186, 10.00000000000000000, 45.77582882882170168 ) ) ;
#7133 = CARTESIAN_POINT ( 'NONE',  ( -48.27679355251305537, 3.105155021998484699E-13, 5.475449116227479429 ) ) ;
#7134 = CARTESIAN_POINT ( 'NONE',  ( -22.19333903232032412, 10.00000000000000000, -43.50383015249465046 ) ) ;
#7135 = CARTESIAN_POINT ( 'NONE',  ( -6.836039188508168607, 2.758210326803123280E-13, -47.67364694789878854 ) ) ;
#7136 = ORIENTED_EDGE ( 'NONE', *, *, #4509, .T. ) ;
#7137 = DIRECTION ( 'NONE',  ( 8.659560562354899578E-17, 0.7071067811865503483, -0.7071067811865446862 ) ) ;
#7138 = AXIS2_PLACEMENT_3D ( 'NONE', #2062, #4872, #7121 ) ;
#7139 = CARTESIAN_POINT ( 'NONE',  ( 6.576098157998639060, 10.00000000000000000, 47.64015109954559080 ) ) ;
#7140 = CARTESIAN_POINT ( 'NONE',  ( -20.53663542254482266, 10.00000000000000000, 44.26616660349931465 ) ) ;
#7141 = CARTESIAN_POINT ( 'NONE',  ( 23.45473061560131711, 10.00000000000000000, -42.73591345936370800 ) ) ;
#7142 = CARTESIAN_POINT ( 'NONE',  ( 18.56707514739442288, 10.00000000000000000, -45.34511145899575979 ) ) ;
#7143 = CARTESIAN_POINT ( 'NONE',  ( 25.98076211353288301, 1.500000000000000000, 21.52500000000047820 ) ) ;
#7144 = CARTESIAN_POINT ( 'NONE',  ( 30.40816549882700670, 3.105155021998484699E-13, 38.41069024776943763 ) ) ;
#7145 = CARTESIAN_POINT ( 'NONE',  ( 0.000000000000000000, 5.000000000000000000, 16.10000000000001563 ) ) ;
#7146 = CARTESIAN_POINT ( 'NONE',  ( 38.98907634021674085, 10.00000000000000000, 29.41053317186247895 ) ) ;
#7147 = FACE_OUTER_BOUND ( 'NONE', #5396, .T. ) ;
#7148 = CARTESIAN_POINT ( 'NONE',  ( -46.87246452124724527, 10.00000000000000000, -11.89097543059359552 ) ) ;
#7149 = CARTESIAN_POINT ( 'NONE',  ( -29.53041312830594123, 0.000000000000000000, 36.70068046374372983 ) ) ;
#7150 = CARTESIAN_POINT ( 'NONE',  ( -35.88073939974772486, 0.000000000000000000, -32.12601103825731030 ) ) ;
#7151 = PERSON_AND_ORGANIZATION ( #3204, #5727 ) ;
#7152 = CARTESIAN_POINT ( 'NONE',  ( 45.43748171300844518, 10.00000000000000000, 17.66119879895233780 ) ) ;
#7153 = CARTESIAN_POINT ( 'NONE',  ( -25.98076211353329867, 0.000000000000000000, 11.49999999999976374 ) ) ;
#7154 = CARTESIAN_POINT ( 'NONE',  ( 12.27621833645988048, 0.5000000000000340838, 34.50740186172187407 ) ) ;
#7155 = VERTEX_POINT ( 'NONE', #5901 ) ;
#7156 = CARTESIAN_POINT ( 'NONE',  ( 31.57222170620183732, 2.758210326803123280E-13, -34.79723650312175209 ) ) ;
#7157 = CARTESIAN_POINT ( 'NONE',  ( -26.57875404861807667, 10.00000000000000000, -40.97191091773577654 ) ) ;
#7158 = ORIENTED_EDGE ( 'NONE', *, *, #3067, .F. ) ;
#7159 = CARTESIAN_POINT ( 'NONE',  ( 13.15008245729308101, 0.000000000000000000, 46.30110724267517952 ) ) ;
#7160 = CARTESIAN_POINT ( 'NONE',  ( 18.26350984908127018, 0.000000000000000000, -45.47796463887212326 ) ) ;
#7161 = CARTESIAN_POINT ( 'NONE',  ( -47.79401905899558045, 2.758210326803123280E-13, -8.161078932511340867 ) ) ;
#7162 = CARTESIAN_POINT ( 'NONE',  ( 46.90244463936873842, 10.00000000000000000, -5.627151524408612104 ) ) ;
#7163 = CARTESIAN_POINT ( 'NONE',  ( -19.19283995516960672, 3.105155021998484699E-13, 43.60786845148428625 ) ) ;
#7164 = CARTESIAN_POINT ( 'NONE',  ( -48.13644352861246034, 10.00000000000000000, 1.545359651500180398 ) ) ;
#7165 = CARTESIAN_POINT ( 'NONE',  ( -39.84587845282160856, 10.00000000000000000, -26.78375227041117412 ) ) ;
#7166 = CARTESIAN_POINT ( 'NONE',  ( -10.57080365322970827, 2.758210326803123280E-13, -45.97443897831277582 ) ) ;
#7167 = EDGE_LOOP ( 'NONE', ( #7229, #3868 ) ) ;
#7168 = CARTESIAN_POINT ( 'NONE',  ( 42.98576811698977451, 0.000000000000000000, -20.86244430913494341 ) ) ;
#7169 = DIRECTION ( 'NONE',  ( -0.000000000000000000, 1.000000000000000000, -0.000000000000000000 ) ) ;
#7170 = CARTESIAN_POINT ( 'NONE',  ( 4.045410638147467708, 10.00000000000000000, 48.57583986836085188 ) ) ;
#7171 = CARTESIAN_POINT ( 'NONE',  ( -46.87246452133289409, 0.000000000000000000, 11.89097542992440637 ) ) ;
#7172 = CARTESIAN_POINT ( 'NONE',  ( -19.19283995516960672, 10.00000000000000000, 43.60786845148428625 ) ) ;
#7173 = CARTESIAN_POINT ( 'NONE',  ( 25.47802476145604089, 10.00000000000000000, -40.00263191549169761 ) ) ;
#7174 = CARTESIAN_POINT ( 'NONE',  ( 12.00447474040634077, 2.758210326803123280E-13, -47.51441764541989699 ) ) ;
#7175 = CARTESIAN_POINT ( 'NONE',  ( -9.500000000000248690, 5.000000000000000000, 15.55448267190418221 ) ) ;
#7176 = EDGE_LOOP ( 'NONE', ( #5464, #3157 ) ) ;
#7177 = EDGE_CURVE ( 'NONE', #176, #3124, #1712, .T. ) ;
#7178 = ADVANCED_FACE ( 'NONE', ( #6424 ), #1367, .T. ) ;
#7179 = CARTESIAN_POINT ( 'NONE',  ( 25.40479977759299146, 10.00000000000000000, 40.37037995076605768 ) ) ;
#7180 = CYLINDRICAL_SURFACE ( 'NONE', #4978, 15.09999999999999964 ) ;
#7181 = CARTESIAN_POINT ( 'NONE',  ( 35.73409833031710292, 10.00000000000000000, 33.28966224867235013 ) ) ;
#7182 = DIRECTION ( 'NONE',  ( 0.000000000000000000, 0.000000000000000000, 1.000000000000000000 ) ) ;
#7183 = CARTESIAN_POINT ( 'NONE',  ( -48.55650356974820880, 10.00000000000000000, -6.441202254763799928 ) ) ;
#7184 = ORIENTED_EDGE ( 'NONE', *, *, #2405, .T. ) ;
#7185 = CARTESIAN_POINT ( 'NONE',  ( -28.20955984050420540, 0.000000000000000000, 39.06230543836561253 ) ) ;
#7186 = CARTESIAN_POINT ( 'NONE',  ( -32.26514457273891168, 0.000000000000000000, -36.77313813162741951 ) ) ;
#7187 = PERSON_AND_ORGANIZATION ( #3204, #5727 ) ;
#7188 = CARTESIAN_POINT ( 'NONE',  ( 42.86537817323266353, 3.105155021998484699E-13, 19.22876030366260380 ) ) ;
#7189 = VECTOR ( 'NONE', #3874, 1000.000000000000000 ) ;
#7190 = FACE_OUTER_BOUND ( 'NONE', #3843, .T. ) ;
#7191 = CARTESIAN_POINT ( 'NONE',  ( -2.129423611654457122E-13, 0.000000000000000000, 26.50000000000000000 ) ) ;
#7192 = ORIENTED_EDGE ( 'NONE', *, *, #900, .T. ) ;
#7193 = CARTESIAN_POINT ( 'NONE',  ( 35.58016677096953373, 10.00000000000000000, -31.96031499107090923 ) ) ;
#7194 = CARTESIAN_POINT ( 'NONE',  ( -26.88935590340446424, 10.00000000000000000, -40.89274805651967881 ) ) ;
#7195 = ORIENTED_EDGE ( 'NONE', *, *, #1883, .F. ) ;
#7196 = CARTESIAN_POINT ( 'NONE',  ( 19.28701064595817982, 0.000000000000000000, 44.71769888541423654 ) ) ;
#7197 = CONICAL_SURFACE ( 'NONE', #2009, 6.524999999999999467, 0.7853981633974439491 ) ;
#7198 = CARTESIAN_POINT ( 'NONE',  ( 12.00447474040634077, 0.000000000000000000, -47.51441764541989699 ) ) ;
#7199 = CARTESIAN_POINT ( 'NONE',  ( -47.14519657993881907, 10.00000000000000000, -13.37863006744421668 ) ) ;
#7200 = CARTESIAN_POINT ( 'NONE',  ( 44.95693045156922807, 2.758210326803123280E-13, -17.93557531666483129 ) ) ;
#7201 = CARTESIAN_POINT ( 'NONE',  ( -15.24201195471582793, 10.00000000000000000, 46.57769993196529867 ) ) ;
#7202 = CARTESIAN_POINT ( 'NONE',  ( -46.90313647495211313, 10.00000000000000000, 2.927686506766195240 ) ) ;
#7203 = CARTESIAN_POINT ( 'NONE',  ( -37.75959108542469522, 10.00000000000000000, -29.51705101437228151 ) ) ;
#7204 = CARTESIAN_POINT ( 'NONE',  ( -7.715636490963277083, 2.758210326803123280E-13, -48.26192936911747466 ) ) ;
#7205 = CARTESIAN_POINT ( 'NONE',  ( 39.95867164664360160, 0.000000000000000000, 27.17191083032802368 ) ) ;
#7206 = CARTESIAN_POINT ( 'NONE',  ( 44.44231156581875553, 0.000000000000000000, -17.94223960956480468 ) ) ;
#7207 = AXIS2_PLACEMENT_3D ( 'NONE', #6623, #5495, #5998 ) ;
#7208 = EDGE_CURVE ( 'NONE', #4574, #7232, #2659, .T. ) ;
#7209 = EDGE_CURVE ( 'NONE', #1815, #493, #2904, .T. ) ;
#7210 = CARTESIAN_POINT ( 'NONE',  ( 6.390356373323012207, 3.105155021998484699E-13, 48.13437006774628202 ) ) ;
#7211 = CARTESIAN_POINT ( 'NONE',  ( -47.18725528558393023, 0.000000000000000000, 13.08419477249561425 ) ) ;
#7212 = CARTESIAN_POINT ( 'NONE',  ( -11.49313742322127219, 10.00000000000000000, 45.55319594619745516 ) ) ;
#7213 = CARTESIAN_POINT ( 'NONE',  ( 13.57351805873375383, 10.00000000000000000, -45.34377807319724241 ) ) ;
#7214 = CARTESIAN_POINT ( 'NONE',  ( 11.28158826358021471, 10.00000000000000000, -47.62331684575667623 ) ) ;
#7215 = DIRECTION ( 'NONE',  ( -0.000000000000000000, 1.000000000000000000, -0.000000000000000000 ) ) ;
#7216 = CARTESIAN_POINT ( 'NONE',  ( 30.78413878900440892, 3.105155021998484699E-13, 37.88899995952667865 ) ) ;
#7217 = VECTOR ( 'NONE', #5431, 1000.000000000000114 ) ;
#7218 = DIRECTION ( 'NONE',  ( -0.000000000000000000, -1.000000000000000000, -0.000000000000000000 ) ) ;
#7219 = CARTESIAN_POINT ( 'NONE',  ( 29.18936109801871126, 10.00000000000000000, 39.05559196647013209 ) ) ;
#7220 = CARTESIAN_POINT ( 'NONE',  ( 47.70294041337523083, 10.00000000000000000, -8.677611613486529762 ) ) ;
#7221 = DIRECTION ( 'NONE',  ( 0.000000000000000000, 1.000000000000000000, 0.000000000000000000 ) ) ;
#7222 = CARTESIAN_POINT ( 'NONE',  ( -36.65677987760469847, 0.000000000000000000, 32.13663260230433139 ) ) ;
#7223 = CARTESIAN_POINT ( 'NONE',  ( -36.93269067694564711, 0.000000000000000000, -32.01126727023650886 ) ) ;
#7224 = DATE_AND_TIME ( #450, #1134 ) ;
#7225 = CARTESIAN_POINT ( 'NONE',  ( 45.99391006620061972, 3.105155021998484699E-13, 16.91025827844341833 ) ) ;
#7226 =( LENGTH_UNIT ( ) NAMED_UNIT ( * ) SI_UNIT ( .MILLI., .METRE. ) );
#7227 = CYLINDRICAL_SURFACE ( 'NONE', #6812, 3.500000000000003109 ) ;
#7228 = DIRECTION ( 'NONE',  ( 0.000000000000000000, 0.000000000000000000, 1.000000000000000000 ) ) ;
#7229 = ORIENTED_EDGE ( 'NONE', *, *, #2069, .T. ) ;
#7230 = CARTESIAN_POINT ( 'NONE',  ( 33.57032259479090897, 2.758210326803123280E-13, -34.56409139257556262 ) ) ;
#7231 = CARTESIAN_POINT ( 'NONE',  ( -27.73717641467479567, 2.758210326803123280E-13, -40.35445773134681247 ) ) ;
#7232 = VERTEX_POINT ( 'NONE', #304 ) ;
#7233 = CARTESIAN_POINT ( 'NONE',  ( 9.888361411916978483, 0.000000000000000000, 46.79348573638527853 ) ) ;
#7234 = CARTESIAN_POINT ( 'NONE',  ( 13.14435199925527975, 0.000000000000000000, -46.49983071089038589 ) ) ;
#7235 = DIRECTION ( 'NONE',  ( 0.000000000000000000, 0.000000000000000000, 1.000000000000000000 ) ) ;
#7236 = CARTESIAN_POINT ( 'NONE',  ( -48.55650356974820880, 2.758210326803123280E-13, -6.441202254763799928 ) ) ;
#7237 = CARTESIAN_POINT ( 'NONE',  ( 45.07584220113049156, 10.00000000000000000, -13.29078285863753450 ) ) ;
#7238 = CARTESIAN_POINT ( 'NONE',  ( -28.02428562179208527, 10.00000000000000000, 39.99167870383464418 ) ) ;
#7239 = DIRECTION ( 'NONE',  ( 0.000000000000000000, 0.000000000000000000, 1.000000000000000000 ) ) ;
#7240 = CARTESIAN_POINT ( 'NONE',  ( -30.86198350449595296, 10.00000000000000000, -36.71469742232581979 ) ) ;
#7241 = CARTESIAN_POINT ( 'NONE',  ( -8.032755438990236030, 10.00000000000000000, -48.29753861976255536 ) ) ;
#7242 = CARTESIAN_POINT ( 'NONE',  ( 47.83120900510913742, 0.000000000000000000, -10.55455277586745311 ) ) ;
#7243 = CARTESIAN_POINT ( 'NONE',  ( -36.38351655452650846, 10.00000000000000000, -32.20849532113646774 ) ) ;
#7244 = DIRECTION ( 'NONE',  ( 0.000000000000000000, 0.000000000000000000, 1.000000000000000000 ) ) ;
#7245 = CARTESIAN_POINT ( 'NONE',  ( 6.544706139466644146, 10.00000000000000000, 47.93070174191055344 ) ) ;
#7246 = CARTESIAN_POINT ( 'NONE',  ( -45.46852805698080857, 10.00000000000000000, 14.83317069612727579 ) ) ;
#7247 = PRODUCT_DEFINITION_SHAPE ( 'NONE', 'NONE',  #1526 ) ;
#7248 = CARTESIAN_POINT ( 'NONE',  ( -46.29342709037943138, 0.000000000000000000, 14.65171814620006963 ) ) ;
#7249 = CARTESIAN_POINT ( 'NONE',  ( -14.27147613886922350, 10.00000000000000000, 46.71547522530534025 ) ) ;
#7250 = CARTESIAN_POINT ( 'NONE',  ( 8.332725805914124706, 10.00000000000000000, -46.25062801779240829 ) ) ;
#7251 = CARTESIAN_POINT ( 'NONE',  ( 12.85569815128456206, 2.758210326803123280E-13, -46.98456258057459678 ) ) ;
#7252 = CARTESIAN_POINT ( 'NONE',  ( 25.98076211353339815, 0.000000000000000000, -14.99999999999957900 ) ) ;
#7253 = LOCAL_TIME ( 11, 7, 39.00000000000000000, #886 ) ;
#7254 = CARTESIAN_POINT ( 'NONE',  ( -41.52998209314235822, 10.00000000000000000, 24.07168728746654551 ) ) ;
#7255 = CARTESIAN_POINT ( 'NONE',  ( 28.59655103514545615, 10.00000000000000000, 39.02577139209642354 ) ) ;
#7256 = DIRECTION ( 'NONE',  ( -0.000000000000000000, 1.000000000000000000, -0.000000000000000000 ) ) ;
#7257 = CARTESIAN_POINT ( 'NONE',  ( 35.83547300738513286, 10.00000000000000000, 32.76542501791433182 ) ) ;
#7258 = CARTESIAN_POINT ( 'NONE',  ( 45.99391006632246359, 10.00000000000000000, -16.91025827844380203 ) ) ;
#7259 = CARTESIAN_POINT ( 'NONE',  ( -19.00000000000000000, 5.000000000000000000, 0.8999999999996765032 ) ) ;
#7260 = EDGE_LOOP ( 'NONE', ( #2973, #1657, #11, #6201 ) ) ;
#7261 = CARTESIAN_POINT ( 'NONE',  ( 39.51782192992379095, 10.00000000000000000, -28.97611372683462960 ) ) ;
#7262 = CARTESIAN_POINT ( 'NONE',  ( -32.54682302964439344, 0.000000000000000000, 36.61614350244668969 ) ) ;
#7263 = CARTESIAN_POINT ( 'NONE',  ( -31.10802785761272560, 0.000000000000000000, -36.84253340312041303 ) ) ;
#7264 = CARTESIAN_POINT ( 'NONE',  ( 45.65387479832224216, 10.00000000000000000, 17.44902786893293722 ) ) ;
#7265 = PLANE ( 'NONE',  #4931 ) ;
#7266 = FACE_OUTER_BOUND ( 'NONE', #1037, .T. ) ;
#7267 = ORIENTED_EDGE ( 'NONE', *, *, #4523, .F. ) ;
#7268 = CARTESIAN_POINT ( 'NONE',  ( 30.88106224491607676, 10.00000000000000000, -37.60959895133573383 ) ) ;
#7269 = CARTESIAN_POINT ( 'NONE',  ( -23.97613782508700453, 2.758210326803123280E-13, -40.49207715378800287 ) ) ;
#7270 = ORIENTED_EDGE ( 'NONE', *, *, #121, .F. ) ;
#7271 = CARTESIAN_POINT ( 'NONE',  ( 13.28424752735132586, 0.000000000000000000, 45.83027493251469764 ) ) ;
#7272 = CARTESIAN_POINT ( 'NONE',  ( 7.661018336453331301, 0.000000000000000000, -46.43029501614690702 ) ) ;
#7273 = CARTESIAN_POINT ( 'NONE',  ( -2.133709875451472726E-13, 1.500000000000000000, 30.00000000000000000 ) ) ;
#7274 = CARTESIAN_POINT ( 'NONE',  ( -46.01862772532778223, 10.00000000000000000, -9.527638197736832737 ) ) ;
#7275 = CARTESIAN_POINT ( 'NONE',  ( 46.73312850818038555, 2.758210326803123280E-13, -11.52153102619965352 ) ) ;
#7276 = CARTESIAN_POINT ( 'NONE',  ( -22.85283134699132290, 3.105155021998484699E-13, 41.27660938834238635 ) ) ;
#7277 = CARTESIAN_POINT ( 'NONE',  ( 25.98076211353288301, 1.500000000000000000, 15.00000000000047784 ) ) ;
#7278 = CARTESIAN_POINT ( 'NONE',  ( -38.39712721984329136, 10.00000000000000000, -27.21667281853842013 ) ) ;
#7279 = CARTESIAN_POINT ( 'NONE',  ( -9.701618094257106861, 2.758210326803123280E-13, -47.61329664888269519 ) ) ;
#7280 = CIRCLE ( 'NONE', #6345, 7.525000000000018119 ) ;
#7281 = CARTESIAN_POINT ( 'NONE',  ( 45.84327328043521987, 0.000000000000000000, -17.19219884981356827 ) ) ;
#7282 = CARTESIAN_POINT ( 'NONE',  ( -38.01378767760061805, 10.00000000000000000, -30.51941404834402505 ) ) ;
#7283 = DIRECTION ( 'NONE',  ( -0.000000000000000000, -1.000000000000000000, 0.000000000000000000 ) ) ;
#7284 = CARTESIAN_POINT ( 'NONE',  ( -46.06605038842406685, 10.00000000000000000, 14.76835635906406807 ) ) ;
#7285 = NEXT_ASSEMBLY_USAGE_OCCURRENCE ( 'NAUO1', ' ', ' ', #2749, #1526, $ ) ;
ENDSEC;
END-ISO-10303-21;
