ISO-10303-21;
HEADER;
FILE_DESCRIPTION (( 'STEP AP203' ),
    '1' );
FILE_NAME ('Disc Bearing Holder.STEP',
    '2026-08-23T22:22:25',
    ( '' ),
    ( '' ),
    'SwSTEP 2.0',
    'SolidWorks 2025',
    '' );
FILE_SCHEMA (( 'CONFIG_CONTROL_DESIGN' ));
ENDSEC;

DATA;
#1 = DIRECTION ( 'NONE',  ( 0.000000000000000000, 0.000000000000000000, 1.000000000000000000 ) ) ;
#2 = DIRECTION ( 'NONE',  ( 0.000000000000000000, 1.000000000000000000, -0.000000000000000000 ) ) ;
#3 = CARTESIAN_POINT ( 'NONE',  ( 30.23211913487021363, 0.000000000000000000, 16.85413933191793845 ) ) ;
#4 = CARTESIAN_POINT ( 'NONE',  ( -25.98076211353315301, 2.999999999999999112, 11.49999999999972999 ) ) ;
#5 = ORIENTED_EDGE ( 'NONE', *, *, #2301, .F. ) ;
#6 = CARTESIAN_POINT ( 'NONE',  ( -35.28748099217636991, -2.203397611478790924E-13, 17.87339069892415822 ) ) ;
#7 = EDGE_CURVE ( 'NONE', #3339, #1157, #2084, .T. ) ;
#8 = VECTOR ( 'NONE', #2487, 1000.000000000000000 ) ;
#9 = DIRECTION ( 'NONE',  ( -0.000000000000000000, -1.000000000000000000, 0.000000000000000000 ) ) ;
#10 = ORIENTED_EDGE ( 'NONE', *, *, #1902, .F. ) ;
#11 = CARTESIAN_POINT ( 'NONE',  ( 25.29247134638580619, 0.000000000000000000, -24.71584511067383971 ) ) ;
#12 = ORIENTED_EDGE ( 'NONE', *, *, #103, .F. ) ;
#13 = ADVANCED_FACE ( 'NONE', ( #1405 ), #786, .T. ) ;
#14 = EDGE_CURVE ( 'NONE', #2619, #913, #352, .T. ) ;
#15 = COORDINATED_UNIVERSAL_TIME_OFFSET ( 5, 0, .BEHIND. ) ;
#16 = CARTESIAN_POINT ( 'NONE',  ( 28.15330012956288286, 0.000000000000000000, 19.09730611159831426 ) ) ;
#17 = CARTESIAN_POINT ( 'NONE',  ( 25.98076211353319565, 5.000000000000000000, -8.474999999999932143 ) ) ;
#18 = CIRCLE ( 'NONE', #402, 3.499999999999999556 ) ;
#19 = DIRECTION ( 'NONE',  ( 0.000000000000000000, 1.000000000000000000, -0.000000000000000000 ) ) ;
#20 = DIRECTION ( 'NONE',  ( 0.000000000000000000, 0.000000000000000000, 1.000000000000000000 ) ) ;
#21 = CARTESIAN_POINT ( 'NONE',  ( 30.41124952343041699, -0.000000000000000000, 16.37254963693823484 ) ) ;
#22 = DIRECTION ( 'NONE',  ( 0.000000000000000000, 0.000000000000000000, -1.000000000000000000 ) ) ;
#23 = ORIENTED_EDGE ( 'NONE', *, *, #1144, .T. ) ;
#24 = CARTESIAN_POINT ( 'NONE',  ( 4.370843712825573490, -0.000000000000000000, -31.55204467030963400 ) ) ;
#25 = AXIS2_PLACEMENT_3D ( 'NONE', #1704, #2214, #1906 ) ;
#26 = VECTOR ( 'NONE', #653, 1000.000000000000000 ) ;
#27 =( BOUNDED_SURFACE ( )  B_SPLINE_SURFACE ( 2, 3, ( 
 ( #2751, #1166, #2512, #1764, #430, #1445, #392, #904, #1500, #3014 ),
 ( #2495, #2552, #2736, #1462, #375, #922, #2290, #2532, #181, #358 ),
 ( #125, #1246, #2998, #2250, #3300, #3359, #1182, #2234, #1227, #1942 ) ),
 .UNSPECIFIED., .F., .F., .F. ) 
 B_SPLINE_SURFACE_WITH_KNOTS ( ( 3, 3 ),
 ( 4, 2, 2, 2, 4 ),
 ( 0.000000000000000000, 1.000000000000000000 ),
 ( 3.893926590294146006, 4.303157785339419839, 4.712388980384694115, 5.121620175429967503, 5.530851370475241779 ),
 .UNSPECIFIED. ) 
 GEOMETRIC_REPRESENTATION_ITEM ( )  RATIONAL_B_SPLINE_SURFACE ( (
 ( 1.000000000000000000, 1.000000000000000000, 1.000000000000000000, 1.000000000000000000, 1.000000000000000000, 1.000000000000000000, 1.000000000000000000, 1.000000000000000000, 1.000000000000000000, 1.000000000000000000),
 ( 0.2500000000000000000, 0.2500000000000000000, 0.2500000000000000000, 0.2500000000000000000, 0.2500000000000000000, 0.2500000000000000000, 0.2500000000000000555, 0.2500000000000000555, 0.2500000000000000000, 0.2500000000000000000),
 ( 1.000000000000000000, 1.000000000000000000, 1.000000000000000000, 1.000000000000000000, 1.000000000000000000, 1.000000000000000000, 1.000000000000000000, 1.000000000000000000, 1.000000000000000000, 1.000000000000000000) ) ) 
 REPRESENTATION_ITEM ( '' )  SURFACE ( )  );
#28 = CARTESIAN_POINT ( 'NONE',  ( -4.735419361292781737, -0.000000000000000000, -29.98606248109214079 ) ) ;
#29 = ORIENTED_EDGE ( 'NONE', *, *, #2309, .F. ) ;
#30 = CARTESIAN_POINT ( 'NONE',  ( 25.98076211353309262, 5.000000000000000000, 7.975000000000119549 ) ) ;
#31 = VERTEX_POINT ( 'NONE', #2693 ) ;
#32 = COORDINATED_UNIVERSAL_TIME_OFFSET ( 5, 0, .BEHIND. ) ;
#33 = CARTESIAN_POINT ( 'NONE',  ( 33.17296421218446056, 5.000000000000000000, -7.315739855252399337 ) ) ;
#34 = CARTESIAN_POINT ( 'NONE',  ( -33.82246506036864275, 0.000000000000000000, -20.77746356876176748 ) ) ;
#35 = FACE_OUTER_BOUND ( 'NONE', #2483, .T. ) ;
#36 = CARTESIAN_POINT ( 'NONE',  ( 25.98076211353319565, 4.500000000000007994, -14.99999999999993960 ) ) ;
#37 = CARTESIAN_POINT ( 'NONE',  ( 29.82104250234690568, 0.000000000000000000, 12.39920860620043008 ) ) ;
#38 = DIRECTION ( 'NONE',  ( 0.000000000000000000, -1.000000000000000000, 0.000000000000000000 ) ) ;
#39 = ORIENTED_EDGE ( 'NONE', *, *, #1894, .T. ) ;
#40 = APPLICATION_CONTEXT ( 'configuration controlled 3d designs of mechanical parts and assemblies' ) ;
#41 = CARTESIAN_POINT ( 'NONE',  ( -29.13024293600429360, 0.000000000000000000, 11.63504589709729586 ) ) ;
#42 = CONICAL_SURFACE ( 'NONE', #267, 6.524999999999997691, 0.7853981633974543852 ) ;
#43 = CARTESIAN_POINT ( 'NONE',  ( 0.000000000000000000, 3.000000000000000000, 0.000000000000000000 ) ) ;
#44 = AXIS2_PLACEMENT_3D ( 'NONE', #445, #3109, #2640 ) ;
#45 = AXIS2_PLACEMENT_3D ( 'NONE', #793, #2863, #745 ) ;
#46 = ORIENTED_EDGE ( 'NONE', *, *, #1769, .F. ) ;
#47 = CARTESIAN_POINT ( 'NONE',  ( -10.22127749354560144, 0.000000000000000000, -22.03699146852905244 ) ) ;
#48 = EDGE_LOOP ( 'NONE', ( #2339, #2436 ) ) ;
#49 = CIRCLE ( 'NONE', #2101, 3.499999999999997780 ) ;
#50 = FACE_OUTER_BOUND ( 'NONE', #422, .T. ) ;
#51 = EDGE_LOOP ( 'NONE', ( #3209, #2935 ) ) ;
#52 = DATE_AND_TIME ( #2938, #940 ) ;
#53 = EDGE_CURVE ( 'NONE', #1738, #966, #1421, .T. ) ;
#54 = CARTESIAN_POINT ( 'NONE',  ( 23.60135973961854816, -0.000000000000000000, 19.09413937410703710 ) ) ;
#55 = CARTESIAN_POINT ( 'NONE',  ( -24.64136678908649003, 0.000000000000000000, 19.41000745244275194 ) ) ;
#56 = CARTESIAN_POINT ( 'NONE',  ( -29.71447690586323631, 0.000000000000000000, -17.75085671251338937 ) ) ;
#57 = FACE_BOUND ( 'NONE', #549, .T. ) ;
#58 = CARTESIAN_POINT ( 'NONE',  ( -25.98076211353298248, 5.000000000000000000, -7.975000000000298073 ) ) ;
#59 = DIRECTION ( 'NONE',  ( 0.000000000000000000, 1.000000000000000000, 0.000000000000000000 ) ) ;
#60 = CARTESIAN_POINT ( 'NONE',  ( -32.17480919399719141, 5.000000000003792522, -6.381501232268993462 ) ) ;
#61 = EDGE_LOOP ( 'NONE', ( #2654, #2283, #1177, #2676 ) ) ;
#62 = CARTESIAN_POINT ( 'NONE',  ( -29.50661036112093782, 0.000000000000000000, 11.98731280813610489 ) ) ;
#63 = EDGE_CURVE ( 'NONE', #1059, #1776, #2732, .T. ) ;
#64 = CARTESIAN_POINT ( 'NONE',  ( -2.086897982941443614E-13, 4.500000000000002665, 23.47499999999999787 ) ) ;
#65 = VERTEX_POINT ( 'NONE', #3226 ) ;
#66 = CONICAL_SURFACE ( 'NONE', #2012, 6.525000000000006573, 0.7853981633974517207 ) ;
#67 = ORIENTED_EDGE ( 'NONE', *, *, #261, .T. ) ;
#68 = CARTESIAN_POINT ( 'NONE',  ( 24.20366473976389443, -8.673617379884035472E-16, -24.57671870031447980 ) ) ;
#69 = EDGE_CURVE ( 'NONE', #915, #3127, #1256, .T. ) ;
#70 = CARTESIAN_POINT ( 'NONE',  ( -4.930380657631323784E-29, 3.000000000000000000, -30.00000000000000355 ) ) ;
#71 = CALENDAR_DATE ( 2026, 23, 8 ) ;
#72 = CARTESIAN_POINT ( 'NONE',  ( 7.855510345741004485, 0.000000000000000000, 24.29460829910900799 ) ) ;
#73 = CARTESIAN_POINT ( 'NONE',  ( 1.971681346627240461E-15, 5.000000000000000000, -16.10000000000001563 ) ) ;
#74 = CARTESIAN_POINT ( 'NONE',  ( 0.000000000000000000, 3.999999999999985345, 0.000000000000000000 ) ) ;
#75 = LINE ( 'NONE', #1135, #3328 ) ;
#76 =( BOUNDED_CURVE ( )  B_SPLINE_CURVE ( 2, ( #859, #3235, #2964 ),
 .UNSPECIFIED., .F., .F. ) 
 B_SPLINE_CURVE_WITH_KNOTS ( ( 3, 3 ),
 ( 0.000000000000000000, 1.000000000000000000 ),
 .UNSPECIFIED. ) 
 CURVE ( )  GEOMETRIC_REPRESENTATION_ITEM ( )  RATIONAL_B_SPLINE_CURVE ( ( 1.000000000000000000, 0.2500000000000000000, 1.000000000000000000 ) ) 
 REPRESENTATION_ITEM ( '' )  );
#77 = CARTESIAN_POINT ( 'NONE',  ( -2.094888803305880013E-13, 5.000000000000000000, 30.00000000000000000 ) ) ;
#78 = DIRECTION ( 'NONE',  ( -0.000000000000000000, -1.000000000000000000, 0.000000000000000000 ) ) ;
#79 = ORIENTED_EDGE ( 'NONE', *, *, #500, .T. ) ;
#80 = CARTESIAN_POINT ( 'NONE',  ( -29.38122277760592027, 0.000000000000000000, 18.15352280400076168 ) ) ;
#81 = AXIS2_PLACEMENT_3D ( 'NONE', #1861, #1406, #2145 ) ;
#82 = CARTESIAN_POINT ( 'NONE',  ( 13.81625976971437808, 4.999999999999052314, -26.66419485413837975 ) ) ;
#83 = VERTEX_POINT ( 'NONE', #371 ) ;
#84 = VERTEX_POINT ( 'NONE', #607 ) ;
#85 = CARTESIAN_POINT ( 'NONE',  ( 27.59559208915520045, 5.000000000000001776, -25.46795306702178152 ) ) ;
#86 = CARTESIAN_POINT ( 'NONE',  ( -10.39913861188025379, -5.421010862427522170E-16, -29.37814494312672053 ) ) ;
#87 = DATE_AND_TIME ( #3210, #724 ) ;
#88 = DIRECTION ( 'NONE',  ( 0.000000000000000000, 0.000000000000000000, 1.000000000000000000 ) ) ;
#89 = DIRECTION ( 'NONE',  ( 0.000000000000000000, -1.000000000000000000, 0.000000000000000000 ) ) ;
#90 = CARTESIAN_POINT ( 'NONE',  ( -29.38122277760383483, 0.000000000000000000, -18.15352280400058049 ) ) ;
#91 = CARTESIAN_POINT ( 'NONE',  ( -10.25086554396549943, 5.000000000000000000, 32.38649965420999877 ) ) ;
#92 = CARTESIAN_POINT ( 'NONE',  ( 29.13024293600408043, 0.000000000000000000, -11.63504589709757120 ) ) ;
#93 = CARTESIAN_POINT ( 'NONE',  ( 19.00000000000000000, 10.00000000000000000, -1.249999999999884759 ) ) ;
#94 = ORIENTED_EDGE ( 'NONE', *, *, #737, .T. ) ;
#95 = DIRECTION ( 'NONE',  ( 0.000000000000000000, 1.000000000000000000, -0.000000000000000000 ) ) ;
#96 = ADVANCED_FACE ( 'NONE', ( #901 ), #3010, .F. ) ;
#97 = AXIS2_PLACEMENT_3D ( 'NONE', #691, #1268, #417 ) ;
#98 = CARTESIAN_POINT ( 'NONE',  ( -32.59543260130146791, 0.000000000000000000, 7.932783575516107355 ) ) ;
#99 = VERTEX_POINT ( 'NONE', #659 ) ;
#100 = AXIS2_PLACEMENT_3D ( 'NONE', #1874, #533, #2936 ) ;
#101 = FACE_BOUND ( 'NONE', #694, .T. ) ;
#102 = DIRECTION ( 'NONE',  ( 0.000000000000000000, 1.000000000000000000, -0.000000000000000000 ) ) ;
#103 = EDGE_CURVE ( 'NONE', #2523, #1078, #1694, .T. ) ;
#104 = EDGE_CURVE ( 'NONE', #463, #2177, #2126, .T. ) ;
#105 = DIRECTION ( 'NONE',  ( 0.000000000000000000, 0.000000000000000000, 1.000000000000000000 ) ) ;
#106 = CARTESIAN_POINT ( 'NONE',  ( 10.25086554396529515, 5.000000000000000000, -32.38649965420996324 ) ) ;
#107 = VECTOR ( 'NONE', #1185, 1000.000000000000000 ) ;
#108 = FACE_OUTER_BOUND ( 'NONE', #1873, .T. ) ;
#109 = DIRECTION ( 'NONE',  ( -0.000000000000000000, -1.000000000000000000, -0.000000000000000000 ) ) ;
#110 = CARTESIAN_POINT ( 'NONE',  ( -10.25086554396530758, 5.000000000000000000, -32.38649965420989929 ) ) ;
#111 = DIRECTION ( 'NONE',  ( -0.000000000000000000, -1.000000000000000000, -0.000000000000000000 ) ) ;
#112 = ORIENTED_EDGE ( 'NONE', *, *, #931, .F. ) ;
#113 = CARTESIAN_POINT ( 'NONE',  ( -10.25086554396549943, 5.000000000000000000, 32.38649965420999877 ) ) ;
#114 = CARTESIAN_POINT ( 'NONE',  ( -7.855510345755027046, 0.000000000000000000, -24.29460829909012176 ) ) ;
#115 = DIRECTION ( 'NONE',  ( -0.000000000000000000, -1.000000000000000000, -0.000000000000000000 ) ) ;
#116 = ORIENTED_EDGE ( 'NONE', *, *, #2803, .T. ) ;
#117 = EDGE_CURVE ( 'NONE', #2238, #2547, #1312, .T. ) ;
#118 = EDGE_LOOP ( 'NONE', ( #822, #3022 ) ) ;
#119 = DIRECTION ( 'NONE',  ( 0.000000000000000000, 0.000000000000000000, 1.000000000000000000 ) ) ;
#120 = DIRECTION ( 'NONE',  ( 0.000000000000000000, 0.7071067811865451302, 0.7071067811865500152 ) ) ;
#121 = VECTOR ( 'NONE', #611, 1000.000000000000000 ) ;
#122 = CARTESIAN_POINT ( 'NONE',  ( 4.488876146917521126, 0.000000000000000000, 31.04505334954047768 ) ) ;
#123 = CARTESIAN_POINT ( 'NONE',  ( -6.561261665052151137, 0.000000000000000000, 26.04031949944254265 ) ) ;
#124 = EDGE_CURVE ( 'NONE', #2326, #1897, #2397, .T. ) ;
#125 = CARTESIAN_POINT ( 'NONE',  ( 33.17296421218436819, 5.000000000000000000, -7.315739855252511248 ) ) ;
#126 = CARTESIAN_POINT ( 'NONE',  ( -9.523008733644930501, 5.000000000000219380, -34.63395002389054866 ) ) ;
#127 = CARTESIAN_POINT ( 'NONE',  ( -4.488876146917649024, 0.000000000000000000, 31.04505334954048834 ) ) ;
#128 = DIRECTION ( 'NONE',  ( 0.000000000000000000, 1.000000000000000000, -0.000000000000000000 ) ) ;
#129 = ORIENTED_EDGE ( 'NONE', *, *, #1865, .T. ) ;
#130 = CARTESIAN_POINT ( 'NONE',  ( -6.866720084174021466, -2.194723994098906888E-13, 36.90793353184418635 ) ) ;
#131 = CARTESIAN_POINT ( 'NONE',  ( -24.05888571911205531, 4.999999999999999112, -25.41602163292917282 ) ) ;
#132 = CARTESIAN_POINT ( 'NONE',  ( -29.15484574527152262, -4.336808689942017736E-16, 1.482153309688749143 ) ) ;
#133 = VERTEX_POINT ( 'NONE', #2802 ) ;
#134 = ORIENTED_EDGE ( 'NONE', *, *, #2615, .T. ) ;
#135 = DIRECTION ( 'NONE',  ( 0.000000000000000000, 0.000000000000000000, 1.000000000000000000 ) ) ;
#136 = CARTESIAN_POINT ( 'NONE',  ( -29.38458067230576631, 0.000000000000000000, -18.15053779599945472 ) ) ;
#137 = CARTESIAN_POINT ( 'NONE',  ( 1.026580851405192618, -0.000000000000000000, 34.52318946658793664 ) ) ;
#138 = CARTESIAN_POINT ( 'NONE',  ( 13.81625976971746894, 5.000000000000000000, 26.66419485413558377 ) ) ;
#139 = CIRCLE ( 'NONE', #756, 3.500000000000001332 ) ;
#140 = LINE ( 'NONE', #1204, #1777 ) ;
#141 = CARTESIAN_POINT ( 'NONE',  ( 1.082578746570308281, -8.673617379884035472E-16, -39.67984574527145014 ) ) ;
#142 = CARTESIAN_POINT ( 'NONE',  ( -34.50180441481769833, 5.000000000000000888, 21.29125723453847741 ) ) ;
#143 = CARTESIAN_POINT ( 'NONE',  ( -25.98076211353315301, 4.500000000000001776, 21.52500000000001279 ) ) ;
#144 = ORIENTED_EDGE ( 'NONE', *, *, #1404, .F. ) ;
#145 = CARTESIAN_POINT ( 'NONE',  ( -4.209360082585149598, 0.000000000000000000, 38.78365972074932699 ) ) ;
#146 = CARTESIAN_POINT ( 'NONE',  ( -2.086897982941443614E-13, 5.000000000000000000, 36.52499999999999858 ) ) ;
#147 = CARTESIAN_POINT ( 'NONE',  ( -36.21715402148303298, 4.999999999999998224, -12.27890459587358940 ) ) ;
#148 = CARTESIAN_POINT ( 'NONE',  ( -34.04036325679595620, 4.999999999999999112, 8.127595403022350951 ) ) ;
#149 = ORIENTED_EDGE ( 'NONE', *, *, #1975, .F. ) ;
#150 = VECTOR ( 'NONE', #1735, 1000.000000000000000 ) ;
#151 = ORIENTED_EDGE ( 'NONE', *, *, #1325, .F. ) ;
#152 = FACE_BOUND ( 'NONE', #1028, .T. ) ;
#153 = DIRECTION ( 'NONE',  ( 0.000000000000000000, 0.000000000000000000, -1.000000000000000000 ) ) ;
#154 = CARTESIAN_POINT ( 'NONE',  ( 35.85369038300331113, 5.000000000000000000, 11.16450724816582785 ) ) ;
#155 = CARTESIAN_POINT ( 'NONE',  ( 15.86100529112908397, -4.336808689942017736E-16, 24.50776040397730071 ) ) ;
#156 = CIRCLE ( 'NONE', #2865, 6.524999999999997691 ) ;
#157 = EDGE_CURVE ( 'NONE', #2078, #1897, #426, .T. ) ;
#158 = ORIENTED_EDGE ( 'NONE', *, *, #481, .T. ) ;
#159 = CARTESIAN_POINT ( 'NONE',  ( -9.427724201529938952, 0.000000000000000000, -32.19486446782855182 ) ) ;
#160 = CIRCLE ( 'NONE', #2976, 1.249999999999997558 ) ;
#161 = CIRCLE ( 'NONE', #914, 1.249999999999999334 ) ;
#162 = CARTESIAN_POINT ( 'NONE',  ( -22.92209866821912811, 5.000000000000000000, 25.07075979895723350 ) ) ;
#163 = VERTEX_POINT ( 'NONE', #407 ) ;
#164 = VECTOR ( 'NONE', #1029, 1000.000000000000000 ) ;
#165 = CARTESIAN_POINT ( 'NONE',  ( 3.618833984673635484, 0.000000000000000000, 32.90032401545122553 ) ) ;
#166 = AXIS2_PLACEMENT_3D ( 'NONE', #1052, #3165, #1589 ) ;
#167 = DIRECTION ( 'NONE',  ( 0.000000000000000000, 0.000000000000000000, 1.000000000000000000 ) ) ;
#168 = CONICAL_SURFACE ( 'NONE', #1228, 1.249999999999997335, 0.7853981633974541632 ) ;
#169 = CARTESIAN_POINT ( 'NONE',  ( 13.81625976971746894, 5.000000000000000000, 26.66419485413558377 ) ) ;
#170 = LINE ( 'NONE', #1452, #2955 ) ;
#171 = ORIENTED_EDGE ( 'NONE', *, *, #63, .T. ) ;
#172 = EDGE_CURVE ( 'NONE', #1076, #1288, #1243, .T. ) ;
#173 = ADVANCED_FACE ( 'NONE', ( #1761 ), #1998, .F. ) ;
#174 = ORIENTED_EDGE ( 'NONE', *, *, #1187, .F. ) ;
#175 = ORIENTED_EDGE ( 'NONE', *, *, #2766, .F. ) ;
#176 = CARTESIAN_POINT ( 'NONE',  ( -33.74610557904230035, 5.000000000000220268, 22.20143242887940360 ) ) ;
#177 = CARTESIAN_POINT ( 'NONE',  ( -27.19031943607332735, -0.000000000000000000, -19.47773182298748296 ) ) ;
#178 = B_SPLINE_CURVE_WITH_KNOTS ( 'NONE', 3,
 ( #1244, #179, #939, #408, #1478, #1762, #978, #3356, #2305, #660, #1977, #447, #2270, #1261, #154, #2550, #2530, #2768 ),
 .UNSPECIFIED., .F., .F.,
 ( 4, 2, 2, 2, 2, 2, 2, 2, 4 ),
 ( 0.000000000000000000, 0.1250000000000002498, 0.2500000000000004996, 0.3750000000000003886, 0.5000000000000003331, 0.6250000000000002220, 0.7500000000000001110, 0.8750000000000001110, 1.000000000000000000 ),
 .UNSPECIFIED. ) ;
#179 = CARTESIAN_POINT ( 'NONE',  ( 24.05888571911214768, 4.999999999999999112, 25.41602163292898453 ) ) ;
#180 = CARTESIAN_POINT ( 'NONE',  ( 16.18374023028550113, 5.000000000000948575, -25.29732937292810746 ) ) ;
#181 = CARTESIAN_POINT ( 'NONE',  ( 31.51308851983587189, -4.744018069348944508E-13, 6.919746896945379255 ) ) ;
#182 = ORIENTED_EDGE ( 'NONE', *, *, #2115, .T. ) ;
#183 = CARTESIAN_POINT ( 'NONE',  ( 1.030800527643373599, 0.000000000000000000, -34.52164672165549320 ) ) ;
#184 = CIRCLE ( 'NONE', #619, 3.499999999999999556 ) ;
#185 = DIRECTION ( 'NONE',  ( -0.000000000000000000, -1.000000000000000000, -0.000000000000000000 ) ) ;
#186 = AXIS2_PLACEMENT_3D ( 'NONE', #329, #3212, #1407 ) ;
#187 = CARTESIAN_POINT ( 'NONE',  ( 9.427724201529745329, -8.673617379884035472E-16, 32.19486446782852340 ) ) ;
#188 = DIRECTION ( 'NONE',  ( 0.000000000000000000, 1.000000000000000000, -0.000000000000000000 ) ) ;
#189 = CARTESIAN_POINT ( 'NONE',  ( 22.92209866821908548, 5.000000000000000000, 25.07075979895764917 ) ) ;
#190 = DIRECTION ( 'NONE',  ( 0.000000000000000000, 1.000000000000000000, -0.000000000000000000 ) ) ;
#191 = ORIENTED_EDGE ( 'NONE', *, *, #2361, .F. ) ;
#192 = VERTEX_POINT ( 'NONE', #3072 ) ;
#193 = EDGE_LOOP ( 'NONE', ( #2799, #3349 ) ) ;
#194 = CARTESIAN_POINT ( 'NONE',  ( -35.05626556197982779, -8.673617379884035472E-16, 11.46352894088017216 ) ) ;
#195 = CARTESIAN_POINT ( 'NONE',  ( -25.98076211353298248, 2.999999999999999112, -18.50000000000030198 ) ) ;
#196 = CARTESIAN_POINT ( 'NONE',  ( 20.22456353105974358, 4.999999999999052314, 24.54778014402329944 ) ) ;
#197 = CARTESIAN_POINT ( 'NONE',  ( 35.28748099217608569, -8.673617379884035472E-16, -17.87339069892448862 ) ) ;
#199 = ORIENTED_EDGE ( 'NONE', *, *, #3069, .F. ) ;
#198 = AXIS2_PLACEMENT_3D ( 'NONE', #2710, #102, #641 ) ;
#200 = CARTESIAN_POINT ( 'NONE',  ( -4.170146078690436298, 0.000000000000000000, -32.02921671726471686 ) ) ;
#201 = LINE ( 'NONE', #686, #1965 ) ;
#202 = CARTESIAN_POINT ( 'NONE',  ( 6.866720084180279571, 0.000000000000000000, 36.90793353183885017 ) ) ;
#203 = CARTESIAN_POINT ( 'NONE',  ( -5.913653608942185613, 0.000000000000000000, 26.91375937975962174 ) ) ;
#204 = CARTESIAN_POINT ( 'NONE',  ( 12.77482854217249475, 5.000000000000000000, 27.59284632937145076 ) ) ;
#205 = DIRECTION ( 'NONE',  ( -0.000000000000000000, -1.000000000000000000, 0.000000000000000000 ) ) ;
#206 = ORIENTED_EDGE ( 'NONE', *, *, #2651, .T. ) ;
#207 = ADVANCED_FACE ( 'NONE', ( #1742 ), #1476, .F. ) ;
#208 = ORIENTED_EDGE ( 'NONE', *, *, #404, .T. ) ;
#209 = ORIENTED_EDGE ( 'NONE', *, *, #1652, .T. ) ;
#210 = CARTESIAN_POINT ( 'NONE',  ( -3.616488451986789698, -0.000000000000000000, -32.90415605524346887 ) ) ;
#211 = AXIS2_PLACEMENT_3D ( 'NONE', #3016, #1710, #1447 ) ;
#212 = CARTESIAN_POINT ( 'NONE',  ( 4.981899122144618275, 0.000000000000000000, -28.92734416812898246 ) ) ;
#213 = DIRECTION ( 'NONE',  ( 0.000000000000000000, 0.000000000000000000, -1.000000000000000000 ) ) ;
#214 = ORIENTED_EDGE ( 'NONE', *, *, #955, .T. ) ;
#215 = EDGE_CURVE ( 'NONE', #2561, #396, #3183, .T. ) ;
#216 = EDGE_CURVE ( 'NONE', #2177, #2005, #253, .T. ) ;
#217 = CARTESIAN_POINT ( 'NONE',  ( 25.98076211353319565, 4.500000000000007994, -21.52499999999994529 ) ) ;
#218 = CARTESIAN_POINT ( 'NONE',  ( 25.29247134638623251, 2.186050376719027902E-13, 24.71584511067392498 ) ) ;
#219 = CARTESIAN_POINT ( 'NONE',  ( 19.00000000000000000, 0.7499999999999954481, 1.127570259384924611E-13 ) ) ;
#220 = LINE ( 'NONE', #146, #150 ) ;
#221 = CARTESIAN_POINT ( 'NONE',  ( 0.000000000000000000, 5.000000000000000000, 0.000000000000000000 ) ) ;
#222 = CARTESIAN_POINT ( 'NONE',  ( -24.08396084016162320, 0.000000000000000000, 1.086547033260125694 ) ) ;
#223 = ORIENTED_EDGE ( 'NONE', *, *, #1188, .T. ) ;
#224 = CONICAL_SURFACE ( 'NONE', #2153, 6.524999999999999467, 0.7853981633974552734 ) ;
#225 = APPLICATION_CONTEXT ( 'configuration controlled 3d designs of mechanical parts and assemblies' ) ;
#226 = ORIENTED_EDGE ( 'NONE', *, *, #1212, .F. ) ;
#227 = CARTESIAN_POINT ( 'NONE',  ( 25.98076211353309262, 4.499999999999999112, 8.475000000000125766 ) ) ;
#228 = ORIENTED_EDGE ( 'NONE', *, *, #2933, .T. ) ;
#229 = CARTESIAN_POINT ( 'NONE',  ( 35.84865425856889232, 5.000000000000000000, -11.15475712354150239 ) ) ;
#230 = EDGE_LOOP ( 'NONE', ( #3311, #2506 ) ) ;
#231 = CARTESIAN_POINT ( 'NONE',  ( 25.98076211353309262, 0.000000000000000000, 18.50000000000012434 ) ) ;
#232 = CARTESIAN_POINT ( 'NONE',  ( 10.25086554396511573, 5.000000000000000000, 32.38649965420984245 ) ) ;
#233 = EDGE_CURVE ( 'NONE', #913, #2619, #2146, .T. ) ;
#234 = ADVANCED_FACE ( 'NONE', ( #774 ), #2593, .F. ) ;
#235 = DIRECTION ( 'NONE',  ( 0.000000000000000000, -1.000000000000000000, 0.000000000000000000 ) ) ;
#236 = VECTOR ( 'NONE', #3066, 1000.000000000000000 ) ;
#237 = CARTESIAN_POINT ( 'NONE',  ( 0.000000000000000000, 1.000000000000000000, 0.000000000000000000 ) ) ;
#238 = DIRECTION ( 'NONE',  ( -0.000000000000000000, -1.000000000000000000, -0.000000000000000000 ) ) ;
#239 = CARTESIAN_POINT ( 'NONE',  ( -24.19515471113986393, -0.000000000000000000, 2.166626049885143512 ) ) ;
#240 = ORIENTED_EDGE ( 'NONE', *, *, #2692, .F. ) ;
#241 = EDGE_CURVE ( 'NONE', #2078, #2954, #1662, .T. ) ;
#242 = CARTESIAN_POINT ( 'NONE',  ( -32.59543260130146791, 0.000000000000000000, 7.932783575516107355 ) ) ;
#243 = ORIENTED_EDGE ( 'NONE', *, *, #2624, .F. ) ;
#244 = CARTESIAN_POINT ( 'NONE',  ( 33.82246506036769063, -2.203397611483200972E-13, -20.77746356876253486 ) ) ;
#245 = ORIENTED_EDGE ( 'NONE', *, *, #1902, .T. ) ;
#246 = DIRECTION ( 'NONE',  ( 0.000000000000000000, 1.000000000000000000, -0.000000000000000000 ) ) ;
#247 = EDGE_CURVE ( 'NONE', #2897, #2238, #272, .T. ) ;
#248 = CONICAL_SURFACE ( 'NONE', #3292, 1.250000000000001110, 0.7853981633974447263 ) ;
#249 = CARTESIAN_POINT ( 'NONE',  ( 27.19447292827279128, 0.000000000000000000, 19.47601886294496154 ) ) ;
#250 = DIRECTION ( 'NONE',  ( 0.000000000000000000, 0.000000000000000000, 1.000000000000000000 ) ) ;
#251 = FACE_OUTER_BOUND ( 'NONE', #956, .T. ) ;
#252 = CARTESIAN_POINT ( 'NONE',  ( 9.499999999999904077, 0.7499999999999920064, 16.45448267190439040 ) ) ;
#253 = LINE ( 'NONE', #1540, #1550 ) ;
#254 = VERTEX_POINT ( 'NONE', #3166 ) ;
#255 = CARTESIAN_POINT ( 'NONE',  ( 25.83215728843724079, -0.000000000000000000, 7.338025292054225268 ) ) ;
#256 = ORIENTED_EDGE ( 'NONE', *, *, #1305, .T. ) ;
#257 = CARTESIAN_POINT ( 'NONE',  ( 34.50712975278442229, 5.000000000000219380, -21.28189804480454583 ) ) ;
#258 = EDGE_LOOP ( 'NONE', ( #3077, #39, #916, #2178 ) ) ;
#259 = CARTESIAN_POINT ( 'NONE',  ( 0.000000000000000000, 1.000000000000000000, -13.10000000000000142 ) ) ;
#260 = CARTESIAN_POINT ( 'NONE',  ( 30.54361672615966938, -8.673617379884035472E-16, 23.60533254318434615 ) ) ;
#261 = EDGE_CURVE ( 'NONE', #2011, #2365, #1287, .T. ) ;
#262 = CARTESIAN_POINT ( 'NONE',  ( -25.98076211353315301, 5.000000000000000000, 22.02500000000001634 ) ) ;
#263 = CYLINDRICAL_SURFACE ( 'NONE', #421, 6.524999999999997691 ) ;
#264 = CARTESIAN_POINT ( 'NONE',  ( -9.499999999999902300, 10.00000000000000000, -16.45448267190439040 ) ) ;
#265 = DIRECTION ( 'NONE',  ( -0.000000000000000000, -1.000000000000000000, -0.000000000000000000 ) ) ;
#266 = ORIENTED_EDGE ( 'NONE', *, *, #574, .T. ) ;
#267 = AXIS2_PLACEMENT_3D ( 'NONE', #1813, #2856, #720 ) ;
#268 = DIRECTION ( 'NONE',  ( 0.000000000000000000, 0.000000000000000000, 1.000000000000000000 ) ) ;
#269 = AXIS2_PLACEMENT_3D ( 'NONE', #788, #235, #2860 ) ;
#270 = EDGE_CURVE ( 'NONE', #2838, #2569, #1970, .T. ) ;
#271 = EDGE_CURVE ( 'NONE', #1937, #1414, #491, .T. ) ;
#272 = B_SPLINE_CURVE_WITH_KNOTS ( 'NONE', 3,
 ( #806, #2612, #2882, #3151, #1867, #511, #2627, #239, #222, #1807, #2853, #3429, #1054, #2358, #761, #478, #1302, #2346 ),
 .UNSPECIFIED., .F., .F.,
 ( 4, 2, 2, 2, 2, 2, 2, 2, 4 ),
 ( 0.000000000000000000, 0.1250000000000000000, 0.2500000000000000000, 0.3750000000000000000, 0.5000000000000000000, 0.6250000000000000000, 0.7500000000000000000, 0.8750000000000000000, 1.000000000000000000 ),
 .UNSPECIFIED. ) ;
#273 = ADVANCED_BREP_SHAPE_REPRESENTATION ( 'Disc Bearing Holder', ( #646, #3106 ), #2053 ) ;
#274 = FACE_OUTER_BOUND ( 'NONE', #2808, .T. ) ;
#275 = ORIENTED_EDGE ( 'NONE', *, *, #14, .F. ) ;
#276 = CARTESIAN_POINT ( 'NONE',  ( -28.59710650569486390, 0.000000000000000000, 18.82970119025754130 ) ) ;
#277 = ORIENTED_EDGE ( 'NONE', *, *, #270, .T. ) ;
#278 = DATE_TIME_ROLE ( 'classification_date' ) ;
#279 = CARTESIAN_POINT ( 'NONE',  ( 24.64136678908636924, 0.000000000000000000, 19.41000745244314274 ) ) ;
#280 = CARTESIAN_POINT ( 'NONE',  ( 8.603143764009663544E-16, 5.000000000000000000, -37.02500000000000568 ) ) ;
#281 = DIRECTION ( 'NONE',  ( 0.000000000000000000, 0.000000000000000000, 1.000000000000000000 ) ) ;
#282 = DIRECTION ( 'NONE',  ( 0.000000000000000000, 1.000000000000000000, -0.000000000000000000 ) ) ;
#283 = CARTESIAN_POINT ( 'NONE',  ( 25.13945036940785016, -0.000000000000000000, 19.56128402643279074 ) ) ;
#284 = CARTESIAN_POINT ( 'NONE',  ( -2.090602539508864409E-13, 23.45548698896891082, 33.50000000000000000 ) ) ;
#285 = VERTEX_POINT ( 'NONE', #4 ) ;
#286 = CARTESIAN_POINT ( 'NONE',  ( 2.458541958689875795, 0.000000000000000000, -33.93286671811279831 ) ) ;
#287 = AXIS2_PLACEMENT_3D ( 'NONE', #3383, #190, #1193 ) ;
#288 = DIRECTION ( 'NONE',  ( -0.000000000000000000, -1.000000000000000000, 0.000000000000000000 ) ) ;
#289 = ORIENTED_EDGE ( 'NONE', *, *, #2933, .F. ) ;
#290 = CARTESIAN_POINT ( 'NONE',  ( -29.51029408225254258, -0.000000000000000000, 11.99076064388798457 ) ) ;
#291 = ORIENTED_EDGE ( 'NONE', *, *, #1699, .T. ) ;
#292 = PERSON_AND_ORGANIZATION_ROLE ( 'creator' ) ;
#293 = CARTESIAN_POINT ( 'NONE',  ( 25.98076211353319565, 0.000000000000000000, -18.49999999999993605 ) ) ;
#294 = CARTESIAN_POINT ( 'NONE',  ( -30.30193338245907242, 0.000000000000000000, -13.31615984492100502 ) ) ;
#295 = CIRCLE ( 'NONE', #1751, 1.249999999999997558 ) ;
#296 = FACE_BOUND ( 'NONE', #799, .T. ) ;
#297 = CARTESIAN_POINT ( 'NONE',  ( -20.22456353105960147, 5.000000000000000000, 24.54778014401582098 ) ) ;
#298 = PLANE ( 'NONE',  #1056 ) ;
#299 = CARTESIAN_POINT ( 'NONE',  ( -33.17296421218412661, 5.000000000000000000, -7.315739855252640922 ) ) ;
#300 = EDGE_LOOP ( 'NONE', ( #1583, #1952 ) ) ;
#301 = CARTESIAN_POINT ( 'NONE',  ( -25.29247134638801597, -2.203397611478789914E-13, 24.71584511067620582 ) ) ;
#302 = AXIS2_PLACEMENT_3D ( 'NONE', #2252, #1981, #1184 ) ;
#303 = LINE ( 'NONE', #2706, #2715 ) ;
#304 = ADVANCED_FACE ( 'NONE', ( #1069 ), #2077, .F. ) ;
#305 = CARTESIAN_POINT ( 'NONE',  ( -9.500000000000095923, 5.000000000000000000, 15.20448267190428560 ) ) ;
#306 = ORIENTED_EDGE ( 'NONE', *, *, #2583, .F. ) ;
#307 = CARTESIAN_POINT ( 'NONE',  ( -30.61599558045619673, 0.000000000000000000, 14.83727356654192242 ) ) ;
#308 = ORIENTED_EDGE ( 'NONE', *, *, #640, .T. ) ;
#309 = CARTESIAN_POINT ( 'NONE',  ( 0.000000000000000000, 5.000000000000000000, 0.000000000000000000 ) ) ;
#310 = CARTESIAN_POINT ( 'NONE',  ( 25.98076211353309262, 2.999999999999999112, 15.00000000000012257 ) ) ;
#311 = EDGE_CURVE ( 'NONE', #935, #1930, #3035, .T. ) ;
#312 = CARTESIAN_POINT ( 'NONE',  ( -29.13024293600390635, 0.000000000000000000, -11.63504589709776660 ) ) ;
#313 = CARTESIAN_POINT ( 'NONE',  ( -8.258322786933497639, 5.000000000000000000, 36.63235887435686777 ) ) ;
#314 = CARTESIAN_POINT ( 'NONE',  ( 10.25086554396529515, 5.000000000000000000, -32.38649965420996324 ) ) ;
#315 = CARTESIAN_POINT ( 'NONE',  ( 0.000000000000000000, 3.999999999999985345, 0.000000000000000000 ) ) ;
#316 = CARTESIAN_POINT ( 'NONE',  ( -30.00000000000003908, 5.000000000000000000, 1.366865481210236544 ) ) ;
#317 = EDGE_LOOP ( 'NONE', ( #29, #832 ) ) ;
#318 = DIRECTION ( 'NONE',  ( 0.000000000000000000, 0.000000000000000000, 1.000000000000000000 ) ) ;
#319 = CARTESIAN_POINT ( 'NONE',  ( 22.92209866821907127, 5.000000000000000000, -25.07075979895742535 ) ) ;
#320 = ADVANCED_FACE ( 'NONE', ( #1820 ), #3322, .F. ) ;
#321 = VECTOR ( 'NONE', #2329, 999.9999999999998863 ) ;
#322 = AXIS2_PLACEMENT_3D ( 'NONE', #1036, #1562, #1315 ) ;
#323 = VERTEX_POINT ( 'NONE', #1360 ) ;
#324 = CARTESIAN_POINT ( 'NONE',  ( 29.50661036112322222, 0.000000000000000000, -11.98731280813599298 ) ) ;
#325 = CARTESIAN_POINT ( 'NONE',  ( -8.503019064483371636, 0.000000000000000000, -23.42116601172317303 ) ) ;
#326 = APPLICATION_PROTOCOL_DEFINITION ( 'international standard', 'config_control_design', 1994, #225 ) ;
#327 = EDGE_CURVE ( 'NONE', #1264, #2952, #2913, .T. ) ;
#328 = CARTESIAN_POINT ( 'NONE',  ( 20.35666126767558026, -0.000000000000000000, 18.68956627144610749 ) ) ;
#329 = CARTESIAN_POINT ( 'NONE',  ( -25.98076211353315301, 23.45548698896891082, 15.00000000000001421 ) ) ;
#330 = CARTESIAN_POINT ( 'NONE',  ( -35.28748099217960998, -8.673617379884035472E-16, -17.87339069892275489 ) ) ;
#331 = LINE ( 'NONE', #1393, #2266 ) ;
#332 = FACE_OUTER_BOUND ( 'NONE', #1808, .T. ) ;
#333 = CARTESIAN_POINT ( 'NONE',  ( -25.98076211353315301, 2.999999999999999112, 15.00000000000001421 ) ) ;
#334 = ORIENTED_EDGE ( 'NONE', *, *, #1894, .F. ) ;
#335 = PLANE ( 'NONE',  #1661 ) ;
#336 = CARTESIAN_POINT ( 'NONE',  ( 9.499999999999904077, 5.000000000000000000, 15.20448267190439040 ) ) ;
#337 = CIRCLE ( 'NONE', #3396, 7.025000000000002132 ) ;
#338 = EDGE_LOOP ( 'NONE', ( #1385, #349, #3274, #353 ) ) ;
#339 = CARTESIAN_POINT ( 'NONE',  ( -24.64136678908649003, 0.000000000000000000, 19.41000745244275194 ) ) ;
#340 = CARTESIAN_POINT ( 'NONE',  ( -29.13024293600415149, 0.000000000000000000, -11.63504589709740600 ) ) ;
#341 = SHAPE_DEFINITION_REPRESENTATION ( #485, #273 ) ;
#342 = DIRECTION ( 'NONE',  ( 0.000000000000000000, 0.000000000000000000, 1.000000000000000000 ) ) ;
#343 = CARTESIAN_POINT ( 'NONE',  ( -20.35634305701593405, 0.000000000000000000, 18.68961796017769572 ) ) ;
#344 = ADVANCED_FACE ( 'NONE', ( #2930 ), #3217, .F. ) ;
#345 = CARTESIAN_POINT ( 'NONE',  ( -28.52984799767328994, -2.194723994103316936E-13, -24.40072079949597494 ) ) ;
#346 = CARTESIAN_POINT ( 'NONE',  ( 25.98076211353319565, 0.000000000000000000, -14.99999999999993960 ) ) ;
#347 = CARTESIAN_POINT ( 'NONE',  ( -4.587072169581833947, 5.000000000000000000, -39.54708585917796881 ) ) ;
#348 = CARTESIAN_POINT ( 'NONE',  ( 22.92209866821908548, 5.000000000000000000, 25.07075979895764917 ) ) ;
#349 = ORIENTED_EDGE ( 'NONE', *, *, #624, .F. ) ;
#350 = CARTESIAN_POINT ( 'NONE',  ( -30.30193338245766910, 0.000000000000000000, 13.31615984492099436 ) ) ;
#351 = CARTESIAN_POINT ( 'NONE',  ( 16.18374023028550113, 5.000000000000948575, -25.29732937292810746 ) ) ;
#352 = CIRCLE ( 'NONE', #2297, 7.025000000000002132 ) ;
#353 = ORIENTED_EDGE ( 'NONE', *, *, #1083, .F. ) ;
#354 = CARTESIAN_POINT ( 'NONE',  ( -29.13024293600415149, 0.000000000000000000, -11.63504589709740600 ) ) ;
#355 = CARTESIAN_POINT ( 'NONE',  ( 25.98076211353319565, 4.500000000000007994, -8.474999999999932143 ) ) ;
#356 = DIRECTION ( 'NONE',  ( -0.000000000000000000, -1.000000000000000000, -0.000000000000000000 ) ) ;
#357 = FACE_OUTER_BOUND ( 'NONE', #713, .T. ) ;
#358 = CARTESIAN_POINT ( 'NONE',  ( 32.59543260130153897, -4.336808689942017736E-16, 7.932783575515932384 ) ) ;
#359 = FACE_OUTER_BOUND ( 'NONE', #2229, .T. ) ;
#360 = CARTESIAN_POINT ( 'NONE',  ( -8.258098293857999650, 5.000000000000000000, -36.63246031517129353 ) ) ;
#361 = ADVANCED_FACE ( 'NONE', ( #3200 ), #1346, .F. ) ;
#362 = ORIENTED_EDGE ( 'NONE', *, *, #2941, .F. ) ;
#363 = CARTESIAN_POINT ( 'NONE',  ( -24.20366473976195820, -2.203608921471062495E-13, 24.57671870031357741 ) ) ;
#364 = AXIS2_PLACEMENT_3D ( 'NONE', #1034, #282, #2610 ) ;
#365 = CARTESIAN_POINT ( 'NONE',  ( -22.92209866821901798, 5.000000000000000000, -25.07075979895784812 ) ) ;
#366 = DIRECTION ( 'NONE',  ( 0.000000000000000000, 1.000000000000000000, -0.000000000000000000 ) ) ;
#367 = EDGE_LOOP ( 'NONE', ( #2790, #3386, #1612, #551 ) ) ;
#368 = EDGE_CURVE ( 'NONE', #3325, #1886, #1377, .T. ) ;
#369 = ORIENTED_EDGE ( 'NONE', *, *, #563, .F. ) ;
#370 = CARTESIAN_POINT ( 'NONE',  ( 0.000000000000000000, 5.000000000000000000, 0.000000000000000000 ) ) ;
#371 = CARTESIAN_POINT ( 'NONE',  ( 25.98076211353319565, 0.000000000000000000, -11.49999999999994138 ) ) ;
#372 = CARTESIAN_POINT ( 'NONE',  ( -25.98076211353298248, 4.500000000000001776, -8.475000000000303402 ) ) ;
#373 = DIRECTION ( 'NONE',  ( 0.000000000000000000, 0.000000000000000000, 1.000000000000000000 ) ) ;
#374 = VECTOR ( 'NONE', #3400, 1000.000000000000000 ) ;
#375 = CARTESIAN_POINT ( 'NONE',  ( 29.15484574527152262, -4.336808689942017736E-16, -1.482153309688758247 ) ) ;
#376 = CIRCLE ( 'NONE', #2646, 13.10000000000000142 ) ;
#377 =( BOUNDED_CURVE ( )  B_SPLINE_CURVE ( 2, ( #803, #2354, #3116 ),
 .UNSPECIFIED., .F., .F. ) 
 B_SPLINE_CURVE_WITH_KNOTS ( ( 3, 3 ),
 ( 0.000000000000000000, 1.000000000000000000 ),
 .UNSPECIFIED. ) 
 CURVE ( )  GEOMETRIC_REPRESENTATION_ITEM ( )  RATIONAL_B_SPLINE_CURVE ( ( 1.000000000000000000, 0.2500000000000000000, 1.000000000000000000 ) ) 
 REPRESENTATION_ITEM ( '' )  );
#378 = CARTESIAN_POINT ( 'NONE',  ( -9.983937466361048507, 5.000000000000000000, -33.53305076665466800 ) ) ;
#379 = CARTESIAN_POINT ( 'NONE',  ( 25.13905854230639392, 0.000000000000000000, -19.56116502178377914 ) ) ;
#380 = CARTESIAN_POINT ( 'NONE',  ( -2.094888803305880013E-13, 3.000000000000000000, 30.00000000000000000 ) ) ;
#381 = EDGE_LOOP ( 'NONE', ( #1219, #2212 ) ) ;
#382 = CARTESIAN_POINT ( 'NONE',  ( 25.98076211353309262, 5.000000000000000000, 15.00000000000012257 ) ) ;
#383 = CARTESIAN_POINT ( 'NONE',  ( 25.98076211353319565, 4.500000000000007994, -14.99999999999993960 ) ) ;
#384 = CARTESIAN_POINT ( 'NONE',  ( 25.98076211353319565, 4.500000000000007994, -14.99999999999993960 ) ) ;
#385 = ORIENTED_EDGE ( 'NONE', *, *, #932, .T. ) ;
#386 = ORIENTED_EDGE ( 'NONE', *, *, #3389, .F. ) ;
#387 = ORIENTED_EDGE ( 'NONE', *, *, #2108, .F. ) ;
#388 = CARTESIAN_POINT ( 'NONE',  ( -19.00000000000000355, 0.7499999999999781286, 1.249999999999883205 ) ) ;
#389 = CARTESIAN_POINT ( 'NONE',  ( -10.15932456070079581, 0.000000000000000000, -21.94422687083104861 ) ) ;
#390 = CIRCLE ( 'NONE', #620, 1.249999999999997335 ) ;
#391 = DIRECTION ( 'NONE',  ( -0.000000000000000000, -1.000000000000000000, 0.000000000000000000 ) ) ;
#392 = CARTESIAN_POINT ( 'NONE',  ( 24.53483428464400262, 0.000000000000000000, 4.346752487152790501 ) ) ;
#393 = CARTESIAN_POINT ( 'NONE',  ( 10.25086554396529515, 5.000000000000000000, -32.38649965420996324 ) ) ;
#394 = DIRECTION ( 'NONE',  ( 0.000000000000000000, 1.000000000000000000, 0.000000000000000000 ) ) ;
#395 = CARTESIAN_POINT ( 'NONE',  ( -29.13024293600415149, 0.000000000000000000, -11.63504589709740600 ) ) ;
#396 = VERTEX_POINT ( 'NONE', #1896 ) ;
#397 = CARTESIAN_POINT ( 'NONE',  ( 4.576882321790484376, 4.999999999999780620, 39.55056733275530689 ) ) ;
#398 = CARTESIAN_POINT ( 'NONE',  ( -4.488876146917649024, 0.000000000000000000, 31.04505334954048834 ) ) ;
#399 = LINE ( 'NONE', #1900, #1567 ) ;
#400 = CARTESIAN_POINT ( 'NONE',  ( -32.17480919399719141, 5.000000000003792522, -6.381501232268993462 ) ) ;
#401 = EDGE_LOOP ( 'NONE', ( #2912, #2188 ) ) ;
#402 = AXIS2_PLACEMENT_3D ( 'NONE', #2557, #2330, #1789 ) ;
#403 = EDGE_LOOP ( 'NONE', ( #484, #1569, #1124, #3416 ) ) ;
#404 = EDGE_CURVE ( 'NONE', #830, #512, #76, .T. ) ;
#405 = VERTEX_POINT ( 'NONE', #1914 ) ;
#406 = CARTESIAN_POINT ( 'NONE',  ( 34.50180441483630744, 5.000000000000000888, -21.29125723452155583 ) ) ;
#407 = CARTESIAN_POINT ( 'NONE',  ( -9.499999999999902300, 0.7499999999999920064, -15.20448267190439040 ) ) ;
#408 = CARTESIAN_POINT ( 'NONE',  ( 27.59539199227589990, 4.999999999999999112, 25.46809676331627870 ) ) ;
#409 = CARTESIAN_POINT ( 'NONE',  ( 9.763867659379711128, -1.185353996008557165E-12, -30.75100865835107911 ) ) ;
#410 = CARTESIAN_POINT ( 'NONE',  ( 25.98076211353319565, 23.45548698896891082, -14.99999999999993960 ) ) ;
#411 = ORIENTED_EDGE ( 'NONE', *, *, #104, .F. ) ;
#412 = CARTESIAN_POINT ( 'NONE',  ( -9.182230366253643083, 0.000000000000000000, -33.24934787947096027 ) ) ;
#413 = CARTESIAN_POINT ( 'NONE',  ( 0.000000000000000000, 1.000000000000000000, 0.000000000000000000 ) ) ;
#414 = EDGE_CURVE ( 'NONE', #2553, #559, #2703, .T. ) ;
#415 = ORIENTED_EDGE ( 'NONE', *, *, #814, .T. ) ;
#416 = CARTESIAN_POINT ( 'NONE',  ( 9.182230366250829334, 8.771067599130886958E-13, 33.24934787947015025 ) ) ;
#417 = DIRECTION ( 'NONE',  ( 0.000000000000000000, 0.000000000000000000, -1.000000000000000000 ) ) ;
#418 = CARTESIAN_POINT ( 'NONE',  ( -25.98076211353298248, 0.000000000000000000, -18.50000000000030198 ) ) ;
#419 = DIRECTION ( 'NONE',  ( 0.000000000000000000, 0.000000000000000000, 1.000000000000000000 ) ) ;
#420 = VERTEX_POINT ( 'NONE', #2950 ) ;
#421 = AXIS2_PLACEMENT_3D ( 'NONE', #1588, #819, #2636 ) ;
#422 = EDGE_LOOP ( 'NONE', ( #245, #1419, #2303, #3309 ) ) ;
#423 = ADVANCED_FACE ( 'NONE', ( #599, #2968 ), #3290, .T. ) ;
#424 = ORIENTED_EDGE ( 'NONE', *, *, #2788, .T. ) ;
#425 = CARTESIAN_POINT ( 'NONE',  ( 33.75421554750915476, 5.000000000000000888, -22.19434849861359282 ) ) ;
#426 = LINE ( 'NONE', #2015, #2575 ) ;
#427 = CARTESIAN_POINT ( 'NONE',  ( -9.499999999999902300, 0.7499999999999920064, -15.20448267190439040 ) ) ;
#428 = CARTESIAN_POINT ( 'NONE',  ( 10.56086241559889061, 5.000000000000948575, -31.05495274005733819 ) ) ;
#429 = CIRCLE ( 'NONE', #1047, 15.09999999999999964 ) ;
#430 = CARTESIAN_POINT ( 'NONE',  ( 24.08392021690042739, 0.000000000000000000, -2.173880280559842060 ) ) ;
#431 = VERTEX_POINT ( 'NONE', #1969 ) ;
#432 = CARTESIAN_POINT ( 'NONE',  ( 2.004226647342134626, 0.000000000000000000, -34.18221404872166147 ) ) ;
#433 = AXIS2_PLACEMENT_3D ( 'NONE', #758, #1019, #1064 ) ;
#434 = CYLINDRICAL_SURFACE ( 'NONE', #2345, 3.499999999999999556 ) ;
#435 = ORIENTED_EDGE ( 'NONE', *, *, #524, .T. ) ;
#436 = CARTESIAN_POINT ( 'NONE',  ( -3.269490635758490971, 0.000000000000000000, 33.28911382988516010 ) ) ;
#437 = AXIS2_PLACEMENT_3D ( 'NONE', #333, #2755, #667 ) ;
#438 = CARTESIAN_POINT ( 'NONE',  ( 7.990820364435989776E-16, 4.500000000000002665, -23.47500000000000142 ) ) ;
#439 = VECTOR ( 'NONE', #554, 1000.000000000000000 ) ;
#440 = CARTESIAN_POINT ( 'NONE',  ( -9.499999999999902300, 10.00000000000000000, -16.45448267190439040 ) ) ;
#441 = CARTESIAN_POINT ( 'NONE',  ( -36.21702005690774229, 5.000000000000000000, 12.27892449088165527 ) ) ;
#442 = ORIENTED_EDGE ( 'NONE', *, *, #1864, .T. ) ;
#443 = ORIENTED_EDGE ( 'NONE', *, *, #747, .T. ) ;
#444 = EDGE_LOOP ( 'NONE', ( #2864, #2071 ) ) ;
#445 = CARTESIAN_POINT ( 'NONE',  ( -25.98076211353298248, 4.500000000000001776, -15.00000000000030376 ) ) ;
#446 = CC_DESIGN_PERSON_AND_ORGANIZATION_ASSIGNMENT ( #1148, #2711, ( #2425 ) ) ;
#447 = CARTESIAN_POINT ( 'NONE',  ( 36.54231708448476468, 5.000000000000000888, 15.80102190170888576 ) ) ;
#448 = CARTESIAN_POINT ( 'NONE',  ( 11.14671944570455508, 5.000000000000000000, 29.78887587036044238 ) ) ;
#449 = CARTESIAN_POINT ( 'NONE',  ( 28.52984799767774149, 2.186050376723433153E-13, -24.40072079949302974 ) ) ;
#450 = ORIENTED_EDGE ( 'NONE', *, *, #680, .F. ) ;
#451 = CARTESIAN_POINT ( 'NONE',  ( -2.004226647342875811, 0.000000000000000000, -34.18221404872165436 ) ) ;
#452 = AXIS2_PLACEMENT_3D ( 'NONE', #43, #863, #1160 ) ;
#453 = CARTESIAN_POINT ( 'NONE',  ( -25.98076211353315301, 4.500000000000001776, 15.00000000000001421 ) ) ;
#454 = ADVANCED_FACE ( 'NONE', ( #844 ), #1933, .F. ) ;
#455 = CARTESIAN_POINT ( 'NONE',  ( -8.264024087253890372, 5.000000000000000000, 36.62322384117312879 ) ) ;
#456 = EDGE_CURVE ( 'NONE', #3122, #133, #983, .T. ) ;
#457 = CARTESIAN_POINT ( 'NONE',  ( 32.17480919401180728, 5.000000000000000000, -6.381501232250212929 ) ) ;
#458 = CARTESIAN_POINT ( 'NONE',  ( 25.98076211353319565, 23.45548698896891082, -11.49999999999994138 ) ) ;
#459 = CARTESIAN_POINT ( 'NONE',  ( -29.46227931641645981, 5.926595673065752579E-13, -2.963619313741472361 ) ) ;
#460 = VERTEX_POINT ( 'NONE', #336 ) ;
#461 = ORIENTED_EDGE ( 'NONE', *, *, #1617, .F. ) ;
#462 = ADVANCED_FACE ( 'NONE', ( #896, #1627 ), #1417, .T. ) ;
#463 = VERTEX_POINT ( 'NONE', #3239 ) ;
#464 = CIRCLE ( 'NONE', #3129, 3.500000000000284217 ) ;
#465 = CARTESIAN_POINT ( 'NONE',  ( -2.094888803305880013E-13, 5.000000000000000000, 37.02500000000000568 ) ) ;
#466 = CARTESIAN_POINT ( 'NONE',  ( -4.172715007745054550, -0.000000000000000000, 32.02528367591837366 ) ) ;
#467 = CARTESIAN_POINT ( 'NONE',  ( 20.24265053087226462, 7.103674871193291949E-13, 23.69499068693090749 ) ) ;
#468 = CARTESIAN_POINT ( 'NONE',  ( -2.090602539508864409E-13, 2.999999999999999112, 33.50000000000000000 ) ) ;
#469 = ORIENTED_EDGE ( 'NONE', *, *, #2583, .T. ) ;
#470 = DIRECTION ( 'NONE',  ( 0.000000000000000000, 1.000000000000000000, -0.000000000000000000 ) ) ;
#471 = CONICAL_SURFACE ( 'NONE', #1030, 1.250000000000001110, 0.7853981633974447263 ) ;
#472 = DIRECTION ( 'NONE',  ( 0.000000000000000000, 0.000000000000000000, 1.000000000000000000 ) ) ;
#473 = DIRECTION ( 'NONE',  ( 0.000000000000000000, 0.000000000000000000, -1.000000000000000000 ) ) ;
#474 = EDGE_CURVE ( 'NONE', #1196, #420, #1434, .T. ) ;
#475 = CARTESIAN_POINT ( 'NONE',  ( 30.00000000000003908, 5.000000000000000000, 1.366865481210045585 ) ) ;
#476 =( BOUNDED_SURFACE ( )  B_SPLINE_SURFACE ( 2, 3, ( 
 ( #895, #2042, #3040, #455, #2256, #3326, #2776, #950, #1714, #967, #1468, #397, #1772, #1211, #2519, #1250, #2026, #2006 ),
 ( #2757, #1191, #3064, #706, #130, #689, #145, #2240, #1984, #669, #3101, #1522, #2501, #202, #3363, #1450, #416, #187 ),
 ( #1734, #1752, #2794, #3019, #436, #1485, #650, #1234, #2538, #1504, #985, #2556, #1267, #927, #165, #2295, #2830, #2278 ) ),
 .UNSPECIFIED., .F., .F., .T. ) 
 B_SPLINE_SURFACE_WITH_KNOTS ( ( 3, 3 ),
 ( 4, 2, 2, 2, 2, 2, 2, 2, 4 ),
 ( 0.000000000000000000, 1.000000000000000000 ),
 ( 4.941124141490746524, 5.276639432912958227, 5.612154724335169931, 5.947670015757381634, 6.283185307179593337, 6.618700598601805041, 6.954215890024016744, 7.289731181446228447, 7.625246472868441039 ),
 .UNSPECIFIED. ) 
 GEOMETRIC_REPRESENTATION_ITEM ( )  RATIONAL_B_SPLINE_SURFACE ( (
 ( 1.000000000000000000, 1.000000000000000000, 1.000000000000000000, 1.000000000000000000, 1.000000000000000000, 1.000000000000000000, 1.000000000000000000, 1.000000000000000000, 1.000000000000000000, 1.000000000000000000, 1.000000000000000000, 1.000000000000000000, 1.000000000000000000, 1.000000000000000000, 1.000000000000000000, 1.000000000000000000, 1.000000000000000000, 1.000000000000000000),
 ( 0.2500000000000000000, 0.2500000000000000000, 0.2500000000000000000, 0.2500000000000000000, 0.2500000000000000000, 0.2500000000000000000, 0.2500000000000000000, 0.2500000000000000000, 0.2500000000000000000, 0.2500000000000000000, 0.2500000000000000000, 0.2500000000000000000, 0.2500000000000000000, 0.2500000000000000000, 0.2500000000000000000, 0.2500000000000000000, 0.2500000000000000000, 0.2500000000000000000),
 ( 1.000000000000000000, 1.000000000000000000, 1.000000000000000000, 1.000000000000000000, 1.000000000000000000, 1.000000000000000000, 1.000000000000000000, 1.000000000000000000, 1.000000000000000000, 1.000000000000000000, 1.000000000000000000, 1.000000000000000000, 1.000000000000000000, 1.000000000000000000, 1.000000000000000000, 1.000000000000000000, 1.000000000000000000, 1.000000000000000000) ) ) 
 REPRESENTATION_ITEM ( '' )  SURFACE ( )  );
#477 = DIRECTION ( 'NONE',  ( 0.000000000000000000, 1.000000000000000000, -0.000000000000000000 ) ) ;
#478 = CARTESIAN_POINT ( 'NONE',  ( -27.62435577788276220, -0.000000000000000000, -10.07328721956458750 ) ) ;
#479 = ORIENTED_EDGE ( 'NONE', *, *, #3389, .T. ) ;
#480 = ORIENTED_EDGE ( 'NONE', *, *, #2803, .F. ) ;
#481 = EDGE_CURVE ( 'NONE', #31, #1367, #2725, .T. ) ;
#482 = DIRECTION ( 'NONE',  ( -0.000000000000000000, -1.000000000000000000, -0.000000000000000000 ) ) ;
#483 = DIRECTION ( 'NONE',  ( -0.000000000000000000, -1.000000000000000000, -0.000000000000000000 ) ) ;
#484 = ORIENTED_EDGE ( 'NONE', *, *, #1213, .T. ) ;
#485 = PRODUCT_DEFINITION_SHAPE ( 'NONE', 'NONE',  #2183 ) ;
#486 = CARTESIAN_POINT ( 'NONE',  ( 25.98076211353319565, 5.000000000000000000, -22.02499999999994174 ) ) ;
#487 = CARTESIAN_POINT ( 'NONE',  ( 34.90504380694061126, -8.673617379884035472E-16, 18.90238217650557218 ) ) ;
#488 = VECTOR ( 'NONE', #2132, 1000.000000000000000 ) ;
#489 = AXIS2_PLACEMENT_3D ( 'NONE', #3237, #632, #318 ) ;
#490 = CARTESIAN_POINT ( 'NONE',  ( -9.427724201529938952, 0.000000000000000000, -32.19486446782855182 ) ) ;
#491 = CIRCLE ( 'NONE', #2868, 3.499999999999997780 ) ;
#492 = EDGE_CURVE ( 'NONE', #2057, #721, #2191, .T. ) ;
#493 = DIRECTION ( 'NONE',  ( 0.000000000000000000, 0.000000000000000000, 1.000000000000000000 ) ) ;
#494 = CARTESIAN_POINT ( 'NONE',  ( 21.61394677841409617, 5.000000000000000000, 24.67345150781485685 ) ) ;
#495 = APPROVAL_PERSON_ORGANIZATION ( #884, #2294, #2457 ) ;
#496 = DIRECTION ( 'NONE',  ( 0.000000000000000000, 0.000000000000000000, 1.000000000000000000 ) ) ;
#497 = ORIENTED_EDGE ( 'NONE', *, *, #104, .T. ) ;
#498 = CIRCLE ( 'NONE', #605, 3.500000000000003109 ) ;
#499 = AXIS2_PLACEMENT_3D ( 'NONE', #1296, #470, #3409 ) ;
#500 = EDGE_CURVE ( 'NONE', #2177, #3127, #303, .T. ) ;
#501 = FACE_OUTER_BOUND ( 'NONE', #3332, .T. ) ;
#502 = ORIENTED_EDGE ( 'NONE', *, *, #2925, .T. ) ;
#503 = CARTESIAN_POINT ( 'NONE',  ( 33.74610557904052399, 5.000000000000219380, -22.20143242887800739 ) ) ;
#504 = EDGE_LOOP ( 'NONE', ( #3046, #702 ) ) ;
#505 = CARTESIAN_POINT ( 'NONE',  ( 24.64136678908640121, 0.000000000000000000, -19.41000745244308945 ) ) ;
#506 = CARTESIAN_POINT ( 'NONE',  ( 25.13462259551720024, 0.000000000000000000, 19.55981774823565544 ) ) ;
#507 = DIRECTION ( 'NONE',  ( 0.000000000000000000, 1.000000000000000000, -0.000000000000000000 ) ) ;
#508 = AXIS2_PLACEMENT_3D ( 'NONE', #1444, #588, #1706 ) ;
#509 = DIRECTION ( 'NONE',  ( 0.000000000000000000, 1.000000000000000000, -0.000000000000000000 ) ) ;
#510 = CARTESIAN_POINT ( 'NONE',  ( 0.000000000000000000, 3.999999999999985345, -15.09999999999999964 ) ) ;
#511 = CARTESIAN_POINT ( 'NONE',  ( -24.96745138162483357, -0.000000000000000000, 5.344317455589189692 ) ) ;
#512 = VERTEX_POINT ( 'NONE', #1698 ) ;
#513 = EDGE_CURVE ( 'NONE', #2450, #1170, #1339, .T. ) ;
#514 = CARTESIAN_POINT ( 'NONE',  ( 4.286263797015241092E-16, 2.999999999999999112, -26.50000000000000355 ) ) ;
#515 = EDGE_LOOP ( 'NONE', ( #616, #1733, #2194, #2818 ) ) ;
#516 = CARTESIAN_POINT ( 'NONE',  ( 1.604287306883032847E-15, 0.000000000000000000, 13.10000000000000142 ) ) ;
#517 = EDGE_LOOP ( 'NONE', ( #534, #676, #435, #1888 ) ) ;
#518 = CARTESIAN_POINT ( 'NONE',  ( 24.64136678908640121, 0.000000000000000000, -19.41000745244308945 ) ) ;
#519 = CIRCLE ( 'NONE', #2453, 6.524999999999997691 ) ;
#520 = CARTESIAN_POINT ( 'NONE',  ( 29.82318837981454962, 0.000000000000000000, 12.40315591699362940 ) ) ;
#521 = VECTOR ( 'NONE', #3260, 1000.000000000000000 ) ;
#522 = DIRECTION ( 'NONE',  ( 0.000000000000000000, 1.000000000000000000, 0.000000000000000000 ) ) ;
#523 = CARTESIAN_POINT ( 'NONE',  ( -9.499999999999902300, 5.000000000000000000, -16.45448267190439040 ) ) ;
#524 = EDGE_CURVE ( 'NONE', #1210, #2594, #580, .T. ) ;
#525 = ADVANCED_FACE ( 'NONE', ( #1173 ), #2193, .T. ) ;
#526 = LINE ( 'NONE', #3234, #1283 ) ;
#527 = CARTESIAN_POINT ( 'NONE',  ( -22.92209866821901798, 5.000000000000000000, -25.07075979895784812 ) ) ;
#528 = EDGE_LOOP ( 'NONE', ( #1332, #2091 ) ) ;
#529 = CARTESIAN_POINT ( 'NONE',  ( -34.90504380693720776, -2.194723994098906636E-13, 18.90238217650974661 ) ) ;
#530 = EDGE_CURVE ( 'NONE', #1295, #2392, #1796, .T. ) ;
#531 = CARTESIAN_POINT ( 'NONE',  ( 24.96745138163256428, -0.000000000000000000, -5.344317455633532887 ) ) ;
#532 = ORIENTED_EDGE ( 'NONE', *, *, #1809, .F. ) ;
#533 = DIRECTION ( 'NONE',  ( 0.000000000000000000, 1.000000000000000000, -0.000000000000000000 ) ) ;
#534 = ORIENTED_EDGE ( 'NONE', *, *, #783, .F. ) ;
#535 =( LENGTH_UNIT ( ) NAMED_UNIT ( * ) SI_UNIT ( .MILLI., .METRE. ) );
#536 = AXIS2_PLACEMENT_3D ( 'NONE', #555, #1621, #2880 ) ;
#537 =( BOUNDED_SURFACE ( )  B_SPLINE_SURFACE ( 2, 3, ( 
 ( #2647, #3411, #1598, #2085, #1536, #1018, #3193, #3130, #769, #1063, #2385, #1570, #2100, #1557, #757, #1847, #2587, #2634 ),
 ( #2620, #1816, #218, #816, #2858, #260, #2891, #1282, #2327, #487, #1830, #2369, #2608, #801, #1031, #3146, #2877, #2906 ),
 ( #279, #506, #3441, #1336, #249, #16, #3178, #1080, #1311, #2118, #2352, #3424, #538, #3162, #787, #520, #1586, #1321 ) ),
 .UNSPECIFIED., .F., .F., .F. ) 
 B_SPLINE_SURFACE_WITH_KNOTS ( ( 3, 3 ),
 ( 4, 2, 2, 2, 2, 2, 2, 2, 4 ),
 ( 0.000000000000000000, 1.000000000000000000 ),
 ( 5.988321692687343933, 6.323836984109556525, 6.659352275531768228, 6.994867566953979932, 7.330382858376191635, 7.665898149798403338, 8.001413441220615042, 8.336928732642826745, 8.672444024065038448 ),
 .UNSPECIFIED. ) 
 GEOMETRIC_REPRESENTATION_ITEM ( )  RATIONAL_B_SPLINE_SURFACE ( (
 ( 1.000000000000000000, 1.000000000000000000, 1.000000000000000000, 1.000000000000000000, 1.000000000000000000, 1.000000000000000000, 1.000000000000000000, 1.000000000000000000, 1.000000000000000000, 1.000000000000000000, 1.000000000000000000, 1.000000000000000000, 1.000000000000000000, 1.000000000000000000, 1.000000000000000000, 1.000000000000000000, 1.000000000000000000, 1.000000000000000000),
 ( 0.2500000000000000000, 0.2500000000000000000, 0.2500000000000000000, 0.2500000000000000000, 0.2500000000000000000, 0.2500000000000000000, 0.2500000000000000000, 0.2500000000000000000, 0.2500000000000000000, 0.2500000000000000000, 0.2500000000000000000, 0.2500000000000000000, 0.2500000000000000000, 0.2500000000000000000, 0.2500000000000000000, 0.2500000000000000000, 0.2500000000000000000, 0.2500000000000000000),
 ( 1.000000000000000000, 1.000000000000000000, 1.000000000000000000, 1.000000000000000000, 1.000000000000000000, 1.000000000000000000, 1.000000000000000000, 1.000000000000000000, 1.000000000000000000, 1.000000000000000000, 1.000000000000000000, 1.000000000000000000, 1.000000000000000000, 1.000000000000000000, 1.000000000000000000, 1.000000000000000000, 1.000000000000000000, 1.000000000000000000) ) ) 
 REPRESENTATION_ITEM ( '' )  SURFACE ( )  );
#538 = CARTESIAN_POINT ( 'NONE',  ( 30.61540230127465279, 0.000000000000000000, 14.83282005677112103 ) ) ;
#539 = CARTESIAN_POINT ( 'NONE',  ( -25.98076211353315301, 4.500000000000001776, 15.00000000000001421 ) ) ;
#540 = DIRECTION ( 'NONE',  ( 0.000000000000000000, 1.000000000000000000, -0.000000000000000000 ) ) ;
#541 = CYLINDRICAL_SURFACE ( 'NONE', #3025, 1.249999999999996003 ) ;
#542 = FACE_OUTER_BOUND ( 'NONE', #1720, .T. ) ;
#543 = CARTESIAN_POINT ( 'NONE',  ( -10.25086554396530758, 5.000000000000000000, -32.38649965420989929 ) ) ;
#544 = ORIENTED_EDGE ( 'NONE', *, *, #215, .T. ) ;
#545 = CIRCLE ( 'NONE', #997, 1.249999999999994227 ) ;
#546 = CARTESIAN_POINT ( 'NONE',  ( -30.54361672615972267, -8.673617379884035472E-16, 23.60533254318579921 ) ) ;
#547 = AXIS2_PLACEMENT_3D ( 'NONE', #264, #2374, #2684 ) ;
#548 = CARTESIAN_POINT ( 'NONE',  ( -25.98076211353298248, 23.45548698896891082, -18.50000000000030198 ) ) ;
#549 = EDGE_LOOP ( 'NONE', ( #2613, #1239 ) ) ;
#550 = CARTESIAN_POINT ( 'NONE',  ( 28.60055240011901390, 0.000000000000000000, -18.82681821590268711 ) ) ;
#551 = ORIENTED_EDGE ( 'NONE', *, *, #117, .F. ) ;
#552 = CARTESIAN_POINT ( 'NONE',  ( -4.930380657631323784E-29, 5.000000000000000000, -30.00000000000000355 ) ) ;
#553 = CARTESIAN_POINT ( 'NONE',  ( -35.05626556198117072, 0.000000000000000000, -11.46352894088008689 ) ) ;
#554 = DIRECTION ( 'NONE',  ( -0.000000000000000000, -1.000000000000000000, -0.000000000000000000 ) ) ;
#555 = CARTESIAN_POINT ( 'NONE',  ( 0.000000000000000000, 0.000000000000000000, 0.000000000000000000 ) ) ;
#556 = EDGE_CURVE ( 'NONE', #2365, #65, #2996, .T. ) ;
#557 = CARTESIAN_POINT ( 'NONE',  ( 29.13024293600403425, 0.000000000000000000, 11.63504589709761028 ) ) ;
#558 = CARTESIAN_POINT ( 'NONE',  ( -2.094888803305880013E-13, 4.500000000000002665, 30.00000000000000000 ) ) ;
#559 = VERTEX_POINT ( 'NONE', #2578 ) ;
#560 = CARTESIAN_POINT ( 'NONE',  ( -22.92209866821901798, 5.000000000000000000, -25.07075979895784812 ) ) ;
#561 = VECTOR ( 'NONE', #1432, 1000.000000000000000 ) ;
#562 = CARTESIAN_POINT ( 'NONE',  ( -35.68967185101340078, 5.000000000000000000, -19.23381048240171154 ) ) ;
#563 = EDGE_CURVE ( 'NONE', #811, #2011, #970, .T. ) ;
#564 = EDGE_CURVE ( 'NONE', #285, #1170, #1008, .T. ) ;
#565 = VERTEX_POINT ( 'NONE', #1989 ) ;
#566 = CARTESIAN_POINT ( 'NONE',  ( -29.38466867202830812, -0.000000000000000000, 18.15063982964418443 ) ) ;
#567 = ORIENTED_EDGE ( 'NONE', *, *, #1213, .F. ) ;
#568 = APPROVAL_STATUS ( 'not_yet_approved' ) ;
#569 = DIRECTION ( 'NONE',  ( 0.000000000000000000, 1.000000000000000000, -0.000000000000000000 ) ) ;
#570 = LINE ( 'NONE', #1150, #121 ) ;
#571 = CARTESIAN_POINT ( 'NONE',  ( -24.20366473976320165, 1.755080881546169770E-12, -24.57671870031356676 ) ) ;
#572 = CARTESIAN_POINT ( 'NONE',  ( 2.343761846505466817, 5.000000000000000000, 40.32918239825482232 ) ) ;
#573 = CARTESIAN_POINT ( 'NONE',  ( -2.086285659541869812E-13, 5.000000000000000000, 22.97499999999999432 ) ) ;
#574 = EDGE_CURVE ( 'NONE', #1378, #420, #3168, .T. ) ;
#575 = DIRECTION ( 'NONE',  ( 0.000000000000000000, 0.000000000000000000, 1.000000000000000000 ) ) ;
#576 = CARTESIAN_POINT ( 'NONE',  ( -30.28352015504568584, 4.999999999999052314, 2.733097118173807072 ) ) ;
#577 = EDGE_LOOP ( 'NONE', ( #2264, #2141 ) ) ;
#578 = CARTESIAN_POINT ( 'NONE',  ( -28.60055240011724109, 0.000000000000000000, 18.82681821590096760 ) ) ;
#579 = CIRCLE ( 'NONE', #2239, 13.10000000000000142 ) ;
#580 = LINE ( 'NONE', #2226, #1242 ) ;
#581 = EDGE_CURVE ( 'NONE', #2841, #1481, #184, .T. ) ;
#582 = ORIENTED_EDGE ( 'NONE', *, *, #7, .T. ) ;
#583 = DIRECTION ( 'NONE',  ( 0.000000000000000000, 0.000000000000000000, 1.000000000000000000 ) ) ;
#584 = ORIENTED_EDGE ( 'NONE', *, *, #574, .F. ) ;
#585 = CARTESIAN_POINT ( 'NONE',  ( 30.46396356403131023, 0.000000000000000000, -13.81309496693929972 ) ) ;
#586 = CARTESIAN_POINT ( 'NONE',  ( -9.763867659393067555, -3.791419747858134016E-12, -30.75100865835731057 ) ) ;
#587 = EDGE_CURVE ( 'NONE', #31, #254, #1216, .T. ) ;
#588 = DIRECTION ( 'NONE',  ( 0.000000000000000000, 1.000000000000000000, -0.000000000000000000 ) ) ;
#589 = AXIS2_PLACEMENT_3D ( 'NONE', #1214, #188, #3118 ) ;
#590 = CARTESIAN_POINT ( 'NONE',  ( -27.45584006081183048, -8.673617379884035472E-16, -24.62785206804874250 ) ) ;
#591 = CARTESIAN_POINT ( 'NONE',  ( 0.000000000000000000, 3.999999999999985345, 0.000000000000000000 ) ) ;
#592 = CARTESIAN_POINT ( 'NONE',  ( 29.71217238780438663, 0.000000000000000000, -17.75471351506821804 ) ) ;
#593 = CARTESIAN_POINT ( 'NONE',  ( 24.64136678908644029, 0.000000000000000000, 19.41000745244292958 ) ) ;
#594 = CARTESIAN_POINT ( 'NONE',  ( -30.00000000000003908, 5.000000000000000000, -1.366865481210052913 ) ) ;
#595 = EDGE_LOOP ( 'NONE', ( #2291, #1972 ) ) ;
#596 = CC_DESIGN_DATE_AND_TIME_ASSIGNMENT ( #52, #278, ( #2425 ) ) ;
#597 = FACE_BOUND ( 'NONE', #118, .T. ) ;
#598 = AXIS2_PLACEMENT_3D ( 'NONE', #1799, #766, #2584 ) ;
#599 = FACE_BOUND ( 'NONE', #444, .T. ) ;
#600 = CIRCLE ( 'NONE', #433, 1.249999999999997335 ) ;
#601 = AXIS2_PLACEMENT_3D ( 'NONE', #3053, #1201, #153 ) ;
#602 = EDGE_CURVE ( 'NONE', #3436, #1210, #161, .T. ) ;
#603 = CIRCLE ( 'NONE', #2208, 3.499999999999997780 ) ;
#604 = ORIENTED_EDGE ( 'NONE', *, *, #3241, .F. ) ;
#605 = AXIS2_PLACEMENT_3D ( 'NONE', #1253, #987, #1805 ) ;
#606 = CARTESIAN_POINT ( 'NONE',  ( 29.13024293600417280, 0.000000000000000000, -11.63504589709745751 ) ) ;
#607 = CARTESIAN_POINT ( 'NONE',  ( 33.17296421218446056, 5.000000000000000000, -7.315739855252399337 ) ) ;
#608 = B_SPLINE_CURVE_WITH_KNOTS ( 'NONE', 3,
 ( #91, #1098, #1943, #313, #1373, #1892, #2426, #3195, #2447, #2943, #572, #3250, #2682, #1637, #2927, #872, #1674, #1910 ),
 .UNSPECIFIED., .F., .F.,
 ( 4, 2, 2, 2, 2, 2, 2, 2, 4 ),
 ( 0.000000000000000000, 0.1250000000000000278, 0.2500000000000000555, 0.3750000000000000000, 0.5000000000000000000, 0.6249999999999998890, 0.7499999999999998890, 0.8750000000000000000, 1.000000000000000000 ),
 .UNSPECIFIED. ) ;
#609 = AXIS2_PLACEMENT_3D ( 'NONE', #1338, #19, #250 ) ;
#610 = CARTESIAN_POINT ( 'NONE',  ( 8.588054336637517494, -0.000000000000000000, 23.49324054995328837 ) ) ;
#611 = DIRECTION ( 'NONE',  ( -0.000000000000000000, -1.000000000000000000, -0.000000000000000000 ) ) ;
#612 = CARTESIAN_POINT ( 'NONE',  ( -24.64136678908626976, 0.000000000000000000, -19.41000745244333103 ) ) ;
#613 = DIRECTION ( 'NONE',  ( 0.000000000000000000, 0.000000000000000000, 1.000000000000000000 ) ) ;
#614 = CARTESIAN_POINT ( 'NONE',  ( 24.64136678908640121, 0.000000000000000000, -19.41000745244308945 ) ) ;
#615 = CARTESIAN_POINT ( 'NONE',  ( 16.05171596516189325, -0.000000000000000000, -19.18409349958816890 ) ) ;
#616 = ORIENTED_EDGE ( 'NONE', *, *, #3197, .F. ) ;
#617 = DIRECTION ( 'NONE',  ( 0.000000000000000000, 1.000000000000000000, -0.000000000000000000 ) ) ;
#618 = CARTESIAN_POINT ( 'NONE',  ( -26.26482613868843785, 0.000000000000000000, -8.335505435353116610 ) ) ;
#619 = AXIS2_PLACEMENT_3D ( 'NONE', #1254, #1270, #419 ) ;
#620 = AXIS2_PLACEMENT_3D ( 'NONE', #2182, #89, #3248 ) ;
#621 = ORIENTED_EDGE ( 'NONE', *, *, #1352, .F. ) ;
#622 = CARTESIAN_POINT ( 'NONE',  ( -4.930380657631323784E-29, 3.000000000000000000, -30.00000000000000355 ) ) ;
#623 = CARTESIAN_POINT ( 'NONE',  ( -20.24265053087315280, 2.365000417920946679E-13, -23.69499068692832466 ) ) ;
#624 = EDGE_CURVE ( 'NONE', #1738, #3339, #1531, .T. ) ;
#625 = CARTESIAN_POINT ( 'NONE',  ( 4.735419361297363849, -0.000000000000000000, 29.98606248108022143 ) ) ;
#626 = CYLINDRICAL_SURFACE ( 'NONE', #186, 3.500000000000284217 ) ;
#627 = DIRECTION ( 'NONE',  ( -0.000000000000000000, -1.000000000000000000, -0.000000000000000000 ) ) ;
#628 = CARTESIAN_POINT ( 'NONE',  ( 0.000000000000000000, 0.000000000000000000, 0.000000000000000000 ) ) ;
#629 = CARTESIAN_POINT ( 'NONE',  ( 30.60568519287145861, -0.000000000000000000, -15.35099530672310664 ) ) ;
#630 = DIRECTION ( 'NONE',  ( 0.000000000000000000, 0.000000000000000000, -1.000000000000000000 ) ) ;
#631 = ORIENTED_EDGE ( 'NONE', *, *, #2712, .T. ) ;
#632 = DIRECTION ( 'NONE',  ( 0.000000000000000000, 1.000000000000000000, -0.000000000000000000 ) ) ;
#633 = EDGE_CURVE ( 'NONE', #463, #915, #2542, .T. ) ;
#634 = ADVANCED_FACE ( 'NONE', ( #1471 ), #1357, .F. ) ;
#635 = DIRECTION ( 'NONE',  ( 8.659560562354979697E-17, 0.7071067811865439090, -0.7071067811865512365 ) ) ;
#636 = AXIS2_PLACEMENT_3D ( 'NONE', #1669, #2474, #3028 ) ;
#637 = ORIENTED_EDGE ( 'NONE', *, *, #1967, .T. ) ;
#638 = ORIENTED_EDGE ( 'NONE', *, *, #2353, .F. ) ;
#639 = FACE_BOUND ( 'NONE', #2267, .T. ) ;
#640 = EDGE_CURVE ( 'NONE', #2383, #913, #170, .T. ) ;
#641 = DIRECTION ( 'NONE',  ( 0.000000000000000000, 0.000000000000000000, 1.000000000000000000 ) ) ;
#642 = FACE_OUTER_BOUND ( 'NONE', #674, .T. ) ;
#643 = CARTESIAN_POINT ( 'NONE',  ( -13.97395568798686405, 0.000000000000000000, 19.87038170280619553 ) ) ;
#644 = CARTESIAN_POINT ( 'NONE',  ( -25.98076211353298248, 3.000000000000000000, -15.00000000000030376 ) ) ;
#645 = DIRECTION ( 'NONE',  ( 0.000000000000000000, 1.000000000000000000, -0.000000000000000000 ) ) ;
#646 = MANIFOLD_SOLID_BREP ( 'Chamfer3', #1413 ) ;
#647 = CARTESIAN_POINT ( 'NONE',  ( 1.187867436164626866, 5.000000000000000000, -40.52493228308587447 ) ) ;
#648 = CARTESIAN_POINT ( 'NONE',  ( -33.74610557903867658, 4.999999999999999112, -22.20143242888003243 ) ) ;
#649 = ORIENTED_EDGE ( 'NONE', *, *, #2555, .T. ) ;
#650 = CARTESIAN_POINT ( 'NONE',  ( -2.004226647342943757, 0.000000000000000000, 34.18221404872200964 ) ) ;
#651 = AXIS2_PLACEMENT_3D ( 'NONE', #3149, #2928, #3181 ) ;
#652 = DIRECTION ( 'NONE',  ( 8.659560562354908206E-17, -0.7071067811865496822, 0.7071067811865454633 ) ) ;
#653 = DIRECTION ( 'NONE',  ( 8.659560562354978464E-17, 0.7071067811865439090, -0.7071067811865512365 ) ) ;
#654 = EDGE_LOOP ( 'NONE', ( #411, #1667, #2690, #1800 ) ) ;
#655 = ORIENTED_EDGE ( 'NONE', *, *, #921, .T. ) ;
#656 = VECTOR ( 'NONE', #1084, 1000.000000000000000 ) ;
#657 = CARTESIAN_POINT ( 'NONE',  ( -32.59543260130123343, 0.000000000000000000, -7.932783575516232588 ) ) ;
#658 = VECTOR ( 'NONE', #1851, 1000.000000000000000 ) ;
#659 = CARTESIAN_POINT ( 'NONE',  ( -4.930380657631323784E-29, 2.999999999999999112, -33.50000000000000000 ) ) ;
#660 = CARTESIAN_POINT ( 'NONE',  ( 35.68967185102376050, 5.000000000000000000, 19.23381048238378455 ) ) ;
#661 = CARTESIAN_POINT ( 'NONE',  ( 8.503019064484178102, 0.000000000000000000, -23.42116601171942492 ) ) ;
#662 = AXIS2_PLACEMENT_3D ( 'NONE', #1539, #1021, #2298 ) ;
#663 = DIRECTION ( 'NONE',  ( -0.000000000000000000, -1.000000000000000000, -0.000000000000000000 ) ) ;
#664 = VECTOR ( 'NONE', #2117, 1000.000000000000000 ) ;
#665 = CARTESIAN_POINT ( 'NONE',  ( 4.576882321790957775, 5.000000000000218492, -39.55056733275456082 ) ) ;
#666 = CARTESIAN_POINT ( 'NONE',  ( -24.05927943242148004, 5.000000000000001776, 25.41614121045115482 ) ) ;
#667 = DIRECTION ( 'NONE',  ( 0.000000000000000000, 0.000000000000000000, 1.000000000000000000 ) ) ;
#668 = VERTEX_POINT ( 'NONE', #2281 ) ;
#669 = CARTESIAN_POINT ( 'NONE',  ( 1.082578746570795891, -8.673617379884035472E-16, 39.67984574527145014 ) ) ;
#670 = EDGE_CURVE ( 'NONE', #1264, #3105, #809, .T. ) ;
#671 = CARTESIAN_POINT ( 'NONE',  ( -13.29384045413866922, -1.190089624176300187E-13, 25.98991371366629011 ) ) ;
#672 = CARTESIAN_POINT ( 'NONE',  ( -17.11204037324293026, -0.000000000000000000, -18.95028843643948235 ) ) ;
#673 = CARTESIAN_POINT ( 'NONE',  ( 9.500000000000101252, 0.000000000000000000, -16.45448267190427316 ) ) ;
#674 = EDGE_LOOP ( 'NONE', ( #2376, #767, #1472, #3392 ) ) ;
#675 = ORIENTED_EDGE ( 'NONE', *, *, #1865, .F. ) ;
#676 = ORIENTED_EDGE ( 'NONE', *, *, #602, .T. ) ;
#677 = CARTESIAN_POINT ( 'NONE',  ( -9.500000000000095923, 10.00000000000000000, 16.45448267190428027 ) ) ;
#678 = CARTESIAN_POINT ( 'NONE',  ( -19.00000000000000355, 0.7499999999999781286, -1.179611963664228824E-13 ) ) ;
#679 = CIRCLE ( 'NONE', #508, 6.525000000000003020 ) ;
#680 = EDGE_CURVE ( 'NONE', #668, #3253, #201, .T. ) ;
#681 = CARTESIAN_POINT ( 'NONE',  ( -9.499999999999902300, 0.000000000000000000, -18.45448267190439395 ) ) ;
#682 = CARTESIAN_POINT ( 'NONE',  ( 16.03181522015968596, 0.000000000000000000, -19.07441352456943662 ) ) ;
#683 = DIRECTION ( 'NONE',  ( 0.000000000000000000, 0.000000000000000000, 1.000000000000000000 ) ) ;
#684 = ORIENTED_EDGE ( 'NONE', *, *, #3285, .F. ) ;
#685 = CARTESIAN_POINT ( 'NONE',  ( -6.866720084175579331, -2.203397611483200719E-13, -36.90793353183926229 ) ) ;
#686 = CARTESIAN_POINT ( 'NONE',  ( 25.98076211353309262, 23.45548698896891082, 11.50000000000012257 ) ) ;
#687 = CARTESIAN_POINT ( 'NONE',  ( -35.68422922394297103, 5.000000000000000000, -19.24310195519677080 ) ) ;
#688 = ORIENTED_EDGE ( 'NONE', *, *, #117, .T. ) ;
#689 = CARTESIAN_POINT ( 'NONE',  ( -5.171009284099358894, 2.194723994098906888E-13, 38.25421427990129075 ) ) ;
#690 = ADVANCED_FACE ( 'NONE', ( #1748 ), #924, .F. ) ;
#691 = CARTESIAN_POINT ( 'NONE',  ( -9.500000000000095923, 0.7499999999999833467, 16.45448267190428027 ) ) ;
#692 = CARTESIAN_POINT ( 'NONE',  ( -11.10096246361124450, -0.000000000000000000, -21.40052506639844410 ) ) ;
#693 = CARTESIAN_POINT ( 'NONE',  ( -33.17296421218441083, 5.000000000000000000, -7.315739855252318513 ) ) ;
#694 = EDGE_LOOP ( 'NONE', ( #266, #2781 ) ) ;
#695 = AXIS2_PLACEMENT_3D ( 'NONE', #1370, #2475, #88 ) ;
#696 = ORIENTED_EDGE ( 'NONE', *, *, #2007, .T. ) ;
#697 = FACE_BOUND ( 'NONE', #51, .T. ) ;
#698 = DIRECTION ( 'NONE',  ( -0.000000000000000000, -1.000000000000000000, -0.000000000000000000 ) ) ;
#699 = CARTESIAN_POINT ( 'NONE',  ( 0.5199467470572826100, 0.000000000000000000, 34.60885284699487840 ) ) ;
#700 = CARTESIAN_POINT ( 'NONE',  ( 10.39913861187820032, -4.740842857566750422E-13, -29.37814494313057523 ) ) ;
#701 = DIRECTION ( 'NONE',  ( 0.000000000000000000, 0.000000000000000000, 1.000000000000000000 ) ) ;
#702 = ORIENTED_EDGE ( 'NONE', *, *, #2017, .T. ) ;
#703 = CARTESIAN_POINT ( 'NONE',  ( -5.622493802828497422, 5.000000000000000000, -38.97489563182782746 ) ) ;
#704 = FACE_OUTER_BOUND ( 'NONE', #1552, .T. ) ;
#705 = EDGE_LOOP ( 'NONE', ( #2947, #1489, #2581, #2414 ) ) ;
#706 = CARTESIAN_POINT ( 'NONE',  ( -7.600425501170973597, -8.673617379884035472E-16, 36.09138100892714363 ) ) ;
#707 = CARTESIAN_POINT ( 'NONE',  ( -9.763867659397448051, 2.013930854906346445E-12, 30.75100865835410247 ) ) ;
#708 = DIRECTION ( 'NONE',  ( -0.000000000000000000, -1.000000000000000000, -0.000000000000000000 ) ) ;
#709 = CARTESIAN_POINT ( 'NONE',  ( -32.59543260130151765, -6.505213034913026604E-16, -7.932783575515901298 ) ) ;
#710 = EDGE_LOOP ( 'NONE', ( #1044, #926 ) ) ;
#711 = AXIS2_PLACEMENT_3D ( 'NONE', #36, #838, #1928 ) ;
#712 = ORIENTED_EDGE ( 'NONE', *, *, #1399, .T. ) ;
#713 = EDGE_LOOP ( 'NONE', ( #3384, #1993, #3176, #2533 ) ) ;
#714 = CARTESIAN_POINT ( 'NONE',  ( -22.92209866821911035, 5.000000000000000000, 25.07075979895723350 ) ) ;
#715 = DIRECTION ( 'NONE',  ( -0.000000000000000000, -1.000000000000000000, -0.000000000000000000 ) ) ;
#716 = ADVANCED_FACE ( 'NONE', ( #1731 ), #471, .F. ) ;
#717 = LINE ( 'NONE', #1516, #973 ) ;
#718 = CARTESIAN_POINT ( 'NONE',  ( 21.61394677841409617, 5.000000000000000000, 24.67345150781485685 ) ) ;
#719 = AXIS2_PLACEMENT_3D ( 'NONE', #370, #1146, #1457 ) ;
#720 = DIRECTION ( 'NONE',  ( 0.000000000000000000, 0.000000000000000000, 1.000000000000000000 ) ) ;
#721 = VERTEX_POINT ( 'NONE', #3323 ) ;
#722 = FACE_OUTER_BOUND ( 'NONE', #2030, .T. ) ;
#723 = DIRECTION ( 'NONE',  ( 0.000000000000000000, 0.000000000000000000, -1.000000000000000000 ) ) ;
#724 = LOCAL_TIME ( 18, 22, 25.00000000000000000, #2662 ) ;
#725 = DIRECTION ( 'NONE',  ( 0.000000000000000000, 0.000000000000000000, -1.000000000000000000 ) ) ;
#726 = CARTESIAN_POINT ( 'NONE',  ( -10.56086241561470729, 5.000000000000000000, 31.05495274006047524 ) ) ;
#727 =( BOUNDED_SURFACE ( )  B_SPLINE_SURFACE ( 2, 3, ( 
 ( #393, #3301, #1463, #1960, #2534, #3033, #665, #2275, #1730, #2771, #1709, #3340, #703, #1205, #1502, #126, #378, #1520 ),
 ( #2235, #1446, #1248, #2513, #2251, #2496, #2002, #963, #141, #3320, #3096, #946, #3058, #685, #1167, #2791, #412, #159 ),
 ( #1230, #2292, #982, #2022, #3078, #1766, #432, #183, #2039, #1786, #2828, #451, #1062, #2847, #2586, #200, #768, #1535 ) ),
 .UNSPECIFIED., .F., .F., .F. ) 
 B_SPLINE_SURFACE_WITH_KNOTS ( ( 3, 3 ),
 ( 4, 2, 2, 2, 2, 2, 2, 2, 4 ),
 ( 0.000000000000000000, 1.000000000000000000 ),
 ( 1.799531487900949411, 2.135046779323161559, 2.470562070745373262, 2.806077362167584965, 3.141592653589796669, 3.477107945012008372, 3.812623236434220075, 4.148138527856431779, 4.483653819278643482 ),
 .UNSPECIFIED. ) 
 GEOMETRIC_REPRESENTATION_ITEM ( )  RATIONAL_B_SPLINE_SURFACE ( (
 ( 1.000000000000000000, 1.000000000000000000, 1.000000000000000000, 1.000000000000000000, 1.000000000000000000, 1.000000000000000000, 1.000000000000000000, 1.000000000000000000, 1.000000000000000000, 1.000000000000000000, 1.000000000000000000, 1.000000000000000000, 1.000000000000000000, 1.000000000000000000, 1.000000000000000000, 1.000000000000000000, 1.000000000000000000, 1.000000000000000000),
 ( 0.2500000000000000000, 0.2500000000000000000, 0.2500000000000000000, 0.2500000000000000000, 0.2500000000000000000, 0.2500000000000000000, 0.2500000000000000000, 0.2500000000000000000, 0.2500000000000000000, 0.2500000000000000000, 0.2500000000000000000, 0.2500000000000000000, 0.2500000000000000000, 0.2500000000000000000, 0.2500000000000000000, 0.2500000000000000000, 0.2500000000000000000, 0.2500000000000000000),
 ( 1.000000000000000000, 1.000000000000000000, 1.000000000000000000, 1.000000000000000000, 1.000000000000000000, 1.000000000000000000, 1.000000000000000000, 1.000000000000000000, 1.000000000000000000, 1.000000000000000000, 1.000000000000000000, 1.000000000000000000, 1.000000000000000000, 1.000000000000000000, 1.000000000000000000, 1.000000000000000000, 1.000000000000000000, 1.000000000000000000) ) ) 
 REPRESENTATION_ITEM ( '' )  SURFACE ( )  );
#728 = ADVANCED_FACE ( 'NONE', ( #1266 ), #3299, .F. ) ;
#729 = FACE_OUTER_BOUND ( 'NONE', #898, .T. ) ;
#730 = CARTESIAN_POINT ( 'NONE',  ( -29.46227931641642428, -5.924427268720780561E-13, 2.963619313743542705 ) ) ;
#731 = ORIENTED_EDGE ( 'NONE', *, *, #862, .F. ) ;
#732 = ORIENTED_EDGE ( 'NONE', *, *, #2563, .F. ) ;
#733 = EDGE_LOOP ( 'NONE', ( #2285, #754, #306, #3206 ) ) ;
#734 = DIRECTION ( 'NONE',  ( 0.000000000000000000, 1.000000000000000000, -0.000000000000000000 ) ) ;
#735 = CARTESIAN_POINT ( 'NONE',  ( -3.273050848775573840, -0.000000000000000000, 33.28637328014746544 ) ) ;
#736 = CARTESIAN_POINT ( 'NONE',  ( 22.56086535254548409, 0.000000000000000000, -18.77812328292739252 ) ) ;
#737 = EDGE_CURVE ( 'NONE', #565, #3325, #579, .T. ) ;
#738 = CARTESIAN_POINT ( 'NONE',  ( -25.98076211353298248, 23.45548698896891082, -11.50000000000030553 ) ) ;
#739 = ORIENTED_EDGE ( 'NONE', *, *, #862, .T. ) ;
#740 = CARTESIAN_POINT ( 'NONE',  ( 25.98076211353319565, 3.000000000000000000, -14.99999999999993960 ) ) ;
#741 = CARTESIAN_POINT ( 'NONE',  ( -19.00000000000000355, 0.7499999999999781286, -1.179611963664228824E-13 ) ) ;
#742 = DIRECTION ( 'NONE',  ( -0.000000000000000000, -1.000000000000000000, -0.000000000000000000 ) ) ;
#743 = DIRECTION ( 'NONE',  ( 0.000000000000000000, 0.000000000000000000, 1.000000000000000000 ) ) ;
#744 = LINE ( 'NONE', #3150, #827 ) ;
#745 = DIRECTION ( 'NONE',  ( 0.000000000000000000, 0.000000000000000000, -1.000000000000000000 ) ) ;
#746 = ORIENTED_EDGE ( 'NONE', *, *, #624, .T. ) ;
#747 = EDGE_CURVE ( 'NONE', #668, #1794, #139, .T. ) ;
#748 =( BOUNDED_CURVE ( )  B_SPLINE_CURVE ( 2, ( #2616, #242, #1306 ),
 .UNSPECIFIED., .F., .F. ) 
 B_SPLINE_CURVE_WITH_KNOTS ( ( 3, 3 ),
 ( 0.000000000000000000, 1.000000000000000000 ),
 .UNSPECIFIED. ) 
 CURVE ( )  GEOMETRIC_REPRESENTATION_ITEM ( )  RATIONAL_B_SPLINE_CURVE ( ( 1.000000000000000000, 0.2500000000000000000, 1.000000000000000000 ) ) 
 REPRESENTATION_ITEM ( '' )  );
#749 = ORIENTED_EDGE ( 'NONE', *, *, #1509, .T. ) ;
#750 = CIRCLE ( 'NONE', #1578, 7.025000000000000355 ) ;
#751 = CARTESIAN_POINT ( 'NONE',  ( -35.69231461119467497, 2.186050376719022853E-13, 15.74641709517675459 ) ) ;
#752 = DIRECTION ( 'NONE',  ( 0.000000000000000000, 0.000000000000000000, -1.000000000000000000 ) ) ;
#753 = CARTESIAN_POINT ( 'NONE',  ( 27.58463017131735384, 4.999999999999999112, -25.46846671763507430 ) ) ;
#754 = ORIENTED_EDGE ( 'NONE', *, *, #2062, .F. ) ;
#755 = CARTESIAN_POINT ( 'NONE',  ( 4.488876146917715637, 0.000000000000000000, -31.04505334954052387 ) ) ;
#756 = AXIS2_PLACEMENT_3D ( 'NONE', #1464, #2810, #472 ) ;
#757 = CARTESIAN_POINT ( 'NONE',  ( 35.84865425856685306, 5.000000000000000888, 11.15475712354032112 ) ) ;
#758 = CARTESIAN_POINT ( 'NONE',  ( 19.00000000000000000, 5.000000000000000000, 1.127570259384924611E-13 ) ) ;
#759 = DIRECTION ( 'NONE',  ( 0.000000000000000000, 0.000000000000000000, 1.000000000000000000 ) ) ;
#760 = DIRECTION ( 'NONE',  ( 0.000000000000000000, 0.000000000000000000, -1.000000000000000000 ) ) ;
#761 = CARTESIAN_POINT ( 'NONE',  ( -26.36385546905376742, 0.000000000000000000, -8.284301235444853972 ) ) ;
#762 = ORIENTED_EDGE ( 'NONE', *, *, #1111, .F. ) ;
#763 = ADVANCED_FACE ( 'NONE', ( #2514 ), #1195, .F. ) ;
#764 = CARTESIAN_POINT ( 'NONE',  ( 24.08396084016482419, 0.000000000000000000, -1.086547033259382289 ) ) ;
#765 = ORIENTED_EDGE ( 'NONE', *, *, #2310, .T. ) ;
#766 = DIRECTION ( 'NONE',  ( 0.000000000000000000, 1.000000000000000000, -0.000000000000000000 ) ) ;
#767 = ORIENTED_EDGE ( 'NONE', *, *, #563, .T. ) ;
#768 = CARTESIAN_POINT ( 'NONE',  ( -4.371987765602939113, 0.000000000000000000, -31.54713055636780439 ) ) ;
#769 = CARTESIAN_POINT ( 'NONE',  ( 34.50712975278381833, 5.000000000000219380, 21.28189804480697234 ) ) ;
#770 = AXIS2_PLACEMENT_3D ( 'NONE', #2879, #507, #2073 ) ;
#771 = CARTESIAN_POINT ( 'NONE',  ( -19.00000000000000355, 0.7499999999999781286, -1.179611963664228824E-13 ) ) ;
#772 = DIRECTION ( 'NONE',  ( 0.000000000000000000, 1.000000000000000000, 0.000000000000000000 ) ) ;
#773 = CARTESIAN_POINT ( 'NONE',  ( -25.98076211353315301, 3.000000000000000000, 21.52500000000001279 ) ) ;
#774 = FACE_OUTER_BOUND ( 'NONE', #2142, .T. ) ;
#775 = EDGE_LOOP ( 'NONE', ( #497, #2465, #3343, #3377 ) ) ;
#776 = VECTOR ( 'NONE', #2945, 1000.000000000000114 ) ;
#777 = ADVANCED_FACE ( 'NONE', ( #2829 ), #1207, .F. ) ;
#778 = CIRCLE ( 'NONE', #3434, 6.524999999999999467 ) ;
#779 = CARTESIAN_POINT ( 'NONE',  ( 27.62435577788768626, -0.000000000000000000, 10.07328721954897688 ) ) ;
#780 = ORIENTED_EDGE ( 'NONE', *, *, #1901, .F. ) ;
#781 = DIRECTION ( 'NONE',  ( 0.000000000000000000, 1.000000000000000000, -0.000000000000000000 ) ) ;
#782 = ORIENTED_EDGE ( 'NONE', *, *, #587, .F. ) ;
#783 = EDGE_CURVE ( 'NONE', #3436, #163, #1483, .T. ) ;
#784 = ADVANCED_FACE ( 'NONE', ( #3114 ), #248, .F. ) ;
#785 = DIRECTION ( 'NONE',  ( 0.000000000000000000, 1.000000000000000000, -0.000000000000000000 ) ) ;
#786 =( BOUNDED_SURFACE ( )  B_SPLINE_SURFACE ( 2, 3, ( 
 ( #1726, #2731, #2765, #1955, #3245, #389, #325, #2973, #3009, #2992 ),
 ( #2456, #1939, #623, #3277, #2492, #1440, #1458, #86, #586, #1921 ),
 ( #1115, #1163, #2231, #1648, #866, #1387, #1686, #3296, #2508, #2440 ) ),
 .UNSPECIFIED., .F., .F., .F. ) 
 B_SPLINE_SURFACE_WITH_KNOTS ( ( 3, 3 ),
 ( 4, 2, 2, 2, 4 ),
 ( 0.000000000000000000, 1.000000000000000000 ),
 ( 5.988321692687341269, 6.397552887732614657, 6.806784082777888045, 7.216015277823162322, 7.625246472868435710 ),
 .UNSPECIFIED. ) 
 GEOMETRIC_REPRESENTATION_ITEM ( )  RATIONAL_B_SPLINE_SURFACE ( (
 ( 1.000000000000000000, 1.000000000000000000, 1.000000000000000000, 1.000000000000000000, 1.000000000000000000, 1.000000000000000000, 1.000000000000000000, 1.000000000000000000, 1.000000000000000000, 1.000000000000000000),
 ( 0.2500000000000000000, 0.2500000000000000000, 0.2500000000000000000, 0.2500000000000000000, 0.2500000000000000000, 0.2500000000000000000, 0.2500000000000000000, 0.2500000000000000000, 0.2500000000000000000, 0.2500000000000000000),
 ( 1.000000000000000000, 1.000000000000000000, 1.000000000000000000, 1.000000000000000000, 1.000000000000000000, 1.000000000000000000, 1.000000000000000000, 1.000000000000000000, 1.000000000000000000, 1.000000000000000000) ) ) 
 REPRESENTATION_ITEM ( '' )  SURFACE ( )  );
#787 = CARTESIAN_POINT ( 'NONE',  ( 30.30193338245751278, 0.000000000000000000, 13.31615984492136739 ) ) ;
#788 = CARTESIAN_POINT ( 'NONE',  ( -9.500000000000095923, 0.7499999999999833467, 16.45448267190428027 ) ) ;
#789 = AXIS2_PLACEMENT_3D ( 'NONE', #2988, #2413, #2672 ) ;
#790 = VECTOR ( 'NONE', #1856, 1000.000000000000000 ) ;
#791 = CARTESIAN_POINT ( 'NONE',  ( -9.499999999999902300, 5.000000000000000000, -17.70448267190439040 ) ) ;
#792 = CARTESIAN_POINT ( 'NONE',  ( 28.15745362176673794, 0.000000000000000000, 19.09559315155116366 ) ) ;
#793 = CARTESIAN_POINT ( 'NONE',  ( 0.000000000000000000, 1.000000000000000000, 0.000000000000000000 ) ) ;
#794 = ORIENTED_EDGE ( 'NONE', *, *, #2978, .F. ) ;
#795 = EDGE_CURVE ( 'NONE', #1841, #65, #2497, .T. ) ;
#796 = CARTESIAN_POINT ( 'NONE',  ( 4.286263797015242078E-16, 23.45548698896891082, -26.50000000000000355 ) ) ;
#797 = VERTEX_POINT ( 'NONE', #127 ) ;
#798 = CARTESIAN_POINT ( 'NONE',  ( -9.500000000000095923, 0.000000000000000000, 16.45448267190428027 ) ) ;
#799 = EDGE_LOOP ( 'NONE', ( #1591, #3112 ) ) ;
#800 = LINE ( 'NONE', #3177, #164 ) ;
#801 = CARTESIAN_POINT ( 'NONE',  ( 35.39656808185028325, 2.186050376727842444E-13, 12.50721273234717223 ) ) ;
#802 = VECTOR ( 'NONE', #120, 1000.000000000000114 ) ;
#803 = CARTESIAN_POINT ( 'NONE',  ( -10.25086554396549943, 5.000000000000000000, 32.38649965420999877 ) ) ;
#804 = CARTESIAN_POINT ( 'NONE',  ( -19.00000000000000355, 0.000000000000000000, -1.179611963664228824E-13 ) ) ;
#805 = DIRECTION ( 'NONE',  ( 0.000000000000000000, -0.7071067811865499042, -0.7071067811865451302 ) ) ;
#806 = CARTESIAN_POINT ( 'NONE',  ( -29.13024293600429360, 0.000000000000000000, 11.63504589709729586 ) ) ;
#807 = EDGE_LOOP ( 'NONE', ( #2811, #1549, #1449, #2223 ) ) ;
#808 = CARTESIAN_POINT ( 'NONE',  ( -24.04850509713712725, 4.999999999999780620, 25.41286885899127412 ) ) ;
#809 = B_SPLINE_CURVE_WITH_KNOTS ( 'NONE', 3,
 ( #2503, #148, #2260, #3348, #441, #3059, #2003, #2293, #1521, #142, #2554, #2023, #3036, #3097, #1801, #2040, #666, #162 ),
 .UNSPECIFIED., .F., .F.,
 ( 4, 2, 2, 2, 2, 2, 2, 2, 4 ),
 ( 0.000000000000000000, 0.1249999999999999167, 0.2499999999999998335, 0.3749999999999997780, 0.4999999999999996669, 0.6249999999999995559, 0.7499999999999995559, 0.8749999999999997780, 1.000000000000000000 ),
 .UNSPECIFIED. ) ;
#810 = CYLINDRICAL_SURFACE ( 'NONE', #1739, 3.499999999999999556 ) ;
#811 = VERTEX_POINT ( 'NONE', #1231 ) ;
#812 = CARTESIAN_POINT ( 'NONE',  ( 32.59543260130153897, -4.336808689942017736E-16, 7.932783575515932384 ) ) ;
#813 = ORIENTED_EDGE ( 'NONE', *, *, #513, .F. ) ;
#814 = EDGE_CURVE ( 'NONE', #1271, #31, #1958, .T. ) ;
#815 = AXIS2_PLACEMENT_3D ( 'NONE', #2343, #509, #2104 ) ;
#816 = CARTESIAN_POINT ( 'NONE',  ( 27.45584006081236339, -2.203397611478790419E-13, 24.62785206805040161 ) ) ;
#817 = CARTESIAN_POINT ( 'NONE',  ( -26.68309939778513495, 0.000000000000000000, -19.58416417053208392 ) ) ;
#818 = CARTESIAN_POINT ( 'NONE',  ( 19.00000000000000000, 5.000000000000000000, -1.249999999999884759 ) ) ;
#819 = DIRECTION ( 'NONE',  ( -0.000000000000000000, -1.000000000000000000, -0.000000000000000000 ) ) ;
#820 = DIRECTION ( 'NONE',  ( 0.000000000000000000, -1.000000000000000000, 0.000000000000000000 ) ) ;
#821 = CARTESIAN_POINT ( 'NONE',  ( 9.500000000000101252, 0.7499999999999937828, -16.45448267190427316 ) ) ;
#822 = ORIENTED_EDGE ( 'NONE', *, *, #889, .F. ) ;
#823 = AXIS2_PLACEMENT_3D ( 'NONE', #2464, #1913, #2963 ) ;
#824 = CARTESIAN_POINT ( 'NONE',  ( -34.50712975278567995, 5.000000000000219380, 21.28189804480325975 ) ) ;
#825 = ADVANCED_FACE ( 'NONE', ( #704 ), #434, .F. ) ;
#826 = ADVANCED_FACE ( 'NONE', ( #1297 ), #1876, .F. ) ;
#827 = VECTOR ( 'NONE', #2862, 1000.000000000000000 ) ;
#828 = APPROVAL_PERSON_ORGANIZATION ( #1079, #3060, #3246 ) ;
#829 = CARTESIAN_POINT ( 'NONE',  ( -20.35666126765051231, -0.000000000000000000, -18.68956627144082816 ) ) ;
#830 = VERTEX_POINT ( 'NONE', #232 ) ;
#831 = CARTESIAN_POINT ( 'NONE',  ( 30.30193338246043311, 0.000000000000000000, -13.31615984492117022 ) ) ;
#832 = ORIENTED_EDGE ( 'NONE', *, *, #1137, .F. ) ;
#833 = PERSON_AND_ORGANIZATION ( #3047, #1381 ) ;
#834 = DIRECTION ( 'NONE',  ( 8.659560562354948882E-17, 0.7071067811865463515, -0.7071067811865487940 ) ) ;
#835 = DIRECTION ( 'NONE',  ( 0.000000000000000000, 0.000000000000000000, -1.000000000000000000 ) ) ;
#836 = LINE ( 'NONE', #17, #656 ) ;
#837 = CARTESIAN_POINT ( 'NONE',  ( 33.17296421218426872, 5.000000000000000000, 7.315739855252497925 ) ) ;
#838 = DIRECTION ( 'NONE',  ( 0.000000000000000000, 1.000000000000000000, 0.000000000000000000 ) ) ;
#839 = CARTESIAN_POINT ( 'NONE',  ( 25.98076211353319565, 4.500000000000007994, -21.52499999999994529 ) ) ;
#840 = CARTESIAN_POINT ( 'NONE',  ( 0.000000000000000000, 1.000000000000000000, -13.10000000000000142 ) ) ;
#841 = EDGE_LOOP ( 'NONE', ( #1303, #1233, #2335, #2244 ) ) ;
#842 = CARTESIAN_POINT ( 'NONE',  ( -28.15330012956388828, 0.000000000000000000, 19.09730611159885427 ) ) ;
#843 = AXIS2_PLACEMENT_3D ( 'NONE', #1041, #9, #1824 ) ;
#844 = FACE_OUTER_BOUND ( 'NONE', #2021, .T. ) ;
#845 = ADVANCED_FACE ( 'NONE', ( #2924 ), #537, .T. ) ;
#846 = ORIENTED_EDGE ( 'NONE', *, *, #3139, .F. ) ;
#847 = CARTESIAN_POINT ( 'NONE',  ( -2.094888803305880013E-13, 4.500000000000002665, 30.00000000000000000 ) ) ;
#848 = EDGE_LOOP ( 'NONE', ( #1811, #1484, #2919, #1792, #1682, #1113, #749, #1746, #3294, #688, #971, #1948 ) ) ;
#849 = CARTESIAN_POINT ( 'NONE',  ( 29.38122277760399115, 0.000000000000000000, -18.15352280399937257 ) ) ;
#850 = DIRECTION ( 'NONE',  ( 0.000000000000000000, 0.000000000000000000, 1.000000000000000000 ) ) ;
#851 =( BOUNDED_CURVE ( )  B_SPLINE_CURVE ( 2, ( #3190, #812, #3244 ),
 .UNSPECIFIED., .F., .F. ) 
 B_SPLINE_CURVE_WITH_KNOTS ( ( 3, 3 ),
 ( 0.000000000000000000, 1.000000000000000000 ),
 .UNSPECIFIED. ) 
 CURVE ( )  GEOMETRIC_REPRESENTATION_ITEM ( )  RATIONAL_B_SPLINE_CURVE ( ( 1.000000000000000000, 0.2500000000000000000, 1.000000000000000000 ) ) 
 REPRESENTATION_ITEM ( '' )  );
#852 = LINE ( 'NONE', #1650, #2848 ) ;
#853 = CARTESIAN_POINT ( 'NONE',  ( -4.930380657631323784E-29, 0.000000000000000000, -33.50000000000000000 ) ) ;
#854 = EDGE_CURVE ( 'NONE', #3325, #565, #1525, .T. ) ;
#855 = CARTESIAN_POINT ( 'NONE',  ( -30.60477904746143807, 0.000000000000000000, -15.35539583282018938 ) ) ;
#856 = CARTESIAN_POINT ( 'NONE',  ( -25.98076211353298248, 3.000000000000000000, -21.52500000000030056 ) ) ;
#857 = CARTESIAN_POINT ( 'NONE',  ( 7.474649488191493774, 5.000000000000000000, -37.50432166409413526 ) ) ;
#858 = CYLINDRICAL_SURFACE ( 'NONE', #823, 3.499999999999999556 ) ;
#859 = CARTESIAN_POINT ( 'NONE',  ( 10.25086554396511573, 5.000000000000000000, 32.38649965420984245 ) ) ;
#860 = ORIENTED_EDGE ( 'NONE', *, *, #2788, .F. ) ;
#861 = LINE ( 'NONE', #2705, #2421 ) ;
#862 = EDGE_CURVE ( 'NONE', #1740, #989, #2626, .T. ) ;
#863 = DIRECTION ( 'NONE',  ( 0.000000000000000000, 1.000000000000000000, -0.000000000000000000 ) ) ;
#864 = ORIENTED_EDGE ( 'NONE', *, *, #2978, .T. ) ;
#865 = CARTESIAN_POINT ( 'NONE',  ( 23.16770839977155561, -8.673617379884035472E-16, -24.26208089231250042 ) ) ;
#866 = CARTESIAN_POINT ( 'NONE',  ( -16.18374023028187025, 5.000000000000000000, -25.29732937292801864 ) ) ;
#867 = APPROVAL_DATE_TIME ( #87, #2294 ) ;
#868 = CARTESIAN_POINT ( 'NONE',  ( -9.500000000000095923, 0.7499999999999833467, 15.20448267190428560 ) ) ;
#869 = CARTESIAN_POINT ( 'NONE',  ( -16.05171596513255849, -0.000000000000000000, 19.18409349958901799 ) ) ;
#870 = AXIS2_PLACEMENT_3D ( 'NONE', #1986, #1486, #743 ) ;
#871 = DIRECTION ( 'NONE',  ( 0.000000000000000000, 0.000000000000000000, 1.000000000000000000 ) ) ;
#872 = CARTESIAN_POINT ( 'NONE',  ( 9.528934527044002678, 5.000000000000000000, 34.62471354987712147 ) ) ;
#873 = DIRECTION ( 'NONE',  ( 0.000000000000000000, 0.000000000000000000, 1.000000000000000000 ) ) ;
#874 = ORIENTED_EDGE ( 'NONE', *, *, #1823, .F. ) ;
#875 = DIRECTION ( 'NONE',  ( -0.000000000000000000, -1.000000000000000000, -0.000000000000000000 ) ) ;
#876 = VECTOR ( 'NONE', #3008, 1000.000000000000114 ) ;
#877 = CARTESIAN_POINT ( 'NONE',  ( -24.53483428464846128, 0.000000000000000000, 4.346752487151526623 ) ) ;
#878 = EDGE_CURVE ( 'NONE', #84, #3108, #2054, .T. ) ;
#879 = AXIS2_PLACEMENT_3D ( 'NONE', #2313, #3380, #1005 ) ;
#880 = ORIENTED_EDGE ( 'NONE', *, *, #2563, .T. ) ;
#881 = EDGE_LOOP ( 'NONE', ( #532, #158, #2155, #289 ) ) ;
#882 = DIRECTION ( 'NONE',  ( 0.000000000000000000, 0.000000000000000000, 1.000000000000000000 ) ) ;
#883 = DIRECTION ( 'NONE',  ( -0.000000000000000000, -1.000000000000000000, 0.000000000000000000 ) ) ;
#884 = PERSON_AND_ORGANIZATION ( #3047, #1381 ) ;
#885 = AXIS2_PLACEMENT_3D ( 'NONE', #905, #645, #2809 ) ;
#886 = CARTESIAN_POINT ( 'NONE',  ( 29.13024293600408043, 0.000000000000000000, -11.63504589709757120 ) ) ;
#887 = DIRECTION ( 'NONE',  ( -0.000000000000000000, -1.000000000000000000, 0.000000000000000000 ) ) ;
#888 = EDGE_CURVE ( 'NONE', #2011, #1841, #295, .T. ) ;
#889 = EDGE_CURVE ( 'NONE', #1414, #1937, #3238, .T. ) ;
#890 = CARTESIAN_POINT ( 'NONE',  ( -34.03244256349912433, 5.000000000000000000, -8.120181907663452492 ) ) ;
#891 = DIRECTION ( 'NONE',  ( -0.000000000000000000, -1.000000000000000000, -0.000000000000000000 ) ) ;
#892 = CARTESIAN_POINT ( 'NONE',  ( -25.98076211353298248, 2.999999999999999112, -11.50000000000030553 ) ) ;
#893 = CARTESIAN_POINT ( 'NONE',  ( 9.500000000000101252, 10.00000000000000000, -16.45448267190427316 ) ) ;
#894 = ORIENTED_EDGE ( 'NONE', *, *, #1839, .F. ) ;
#895 = CARTESIAN_POINT ( 'NONE',  ( -10.25086554396550120, 4.999999999999999112, 32.38649965420999877 ) ) ;
#896 = FACE_BOUND ( 'NONE', #317, .T. ) ;
#897 = VECTOR ( 'NONE', #1123, 1000.000000000000000 ) ;
#898 = EDGE_LOOP ( 'NONE', ( #3051, #2857, #1829, #1904 ) ) ;
#899 = VERTEX_POINT ( 'NONE', #293 ) ;
#900 = CARTESIAN_POINT ( 'NONE',  ( 36.54218403913681357, 5.000000000000000000, -15.80099657877194907 ) ) ;
#901 = FACE_OUTER_BOUND ( 'NONE', #3236, .T. ) ;
#902 = CARTESIAN_POINT ( 'NONE',  ( 25.98076211353319565, 5.000000000000000000, -7.974999999999936584 ) ) ;
#903 = CARTESIAN_POINT ( 'NONE',  ( -9.499999999999902300, 0.7499999999999920064, -16.45448267190439040 ) ) ;
#904 = CARTESIAN_POINT ( 'NONE',  ( 26.26482613868535765, 0.000000000000000000, 8.335505435350759385 ) ) ;
#905 = CARTESIAN_POINT ( 'NONE',  ( 9.499999999999904077, 0.000000000000000000, 16.45448267190439040 ) ) ;
#906 = FACE_OUTER_BOUND ( 'NONE', #300, .T. ) ;
#907 = CARTESIAN_POINT ( 'NONE',  ( -28.75241050924065433, 5.000000000000000000, -25.22150445558771636 ) ) ;
#908 = ORIENTED_EDGE ( 'NONE', *, *, #1810, .T. ) ;
#909 = CIRCLE ( 'NONE', #2895, 7.025000000000002132 ) ;
#910 = CARTESIAN_POINT ( 'NONE',  ( -4.930380657631323784E-29, 5.000000000000000000, -36.52499999999999858 ) ) ;
#911 = DIRECTION ( 'NONE',  ( 0.000000000000000000, 0.000000000000000000, 1.000000000000000000 ) ) ;
#912 = DIRECTION ( 'NONE',  ( 8.659560562354985860E-17, -0.7071067811865433539, 0.7071067811865517916 ) ) ;
#913 = VERTEX_POINT ( 'NONE', #1634 ) ;
#914 = AXIS2_PLACEMENT_3D ( 'NONE', #2299, #3366, #988 ) ;
#915 = VERTEX_POINT ( 'NONE', #2166 ) ;
#916 = ORIENTED_EDGE ( 'NONE', *, *, #3233, .T. ) ;
#917 = CYLINDRICAL_SURFACE ( 'NONE', #1099, 6.524999999999999467 ) ;
#918 = CARTESIAN_POINT ( 'NONE',  ( 25.98076211353309262, 5.000000000000000000, 15.00000000000012257 ) ) ;
#919 = CARTESIAN_POINT ( 'NONE',  ( 2.458625739037665792, -0.000000000000000000, 33.93297224379482913 ) ) ;
#920 = CARTESIAN_POINT ( 'NONE',  ( 20.35117252973983426, 0.000000000000000000, 18.57825394441445965 ) ) ;
#921 = EDGE_CURVE ( 'NONE', #1838, #989, #852, .T. ) ;
#922 = CARTESIAN_POINT ( 'NONE',  ( 29.15484574527152262, -4.336808689942017736E-16, 1.482153309688562626 ) ) ;
#923 = DIRECTION ( 'NONE',  ( 0.000000000000000000, 0.000000000000000000, -1.000000000000000000 ) ) ;
#924 = CYLINDRICAL_SURFACE ( 'NONE', #302, 3.499999999999997780 ) ;
#925 = CARTESIAN_POINT ( 'NONE',  ( 23.16770839977155916, 0.000000000000000000, 24.26208089231271714 ) ) ;
#926 = ORIENTED_EDGE ( 'NONE', *, *, #1564, .T. ) ;
#927 = CARTESIAN_POINT ( 'NONE',  ( 3.269490635759654040, 0.000000000000000000, 33.28911382987985945 ) ) ;
#928 = CARTESIAN_POINT ( 'NONE',  ( -12.98295775328933743, 0.000000000000000000, -20.31404839470827284 ) ) ;
#929 = DIRECTION ( 'NONE',  ( -0.000000000000000000, -1.000000000000000000, -0.000000000000000000 ) ) ;
#930 = EDGE_LOOP ( 'NONE', ( #2254, #2986 ) ) ;
#931 = EDGE_CURVE ( 'NONE', #323, #512, #1582, .T. ) ;
#932 = EDGE_CURVE ( 'NONE', #1189, #2349, #2215, .T. ) ;
#933 = ORIENTED_EDGE ( 'NONE', *, *, #2677, .T. ) ;
#934 = AXIS2_PLACEMENT_3D ( 'NONE', #1676, #2720, #1208 ) ;
#935 = VERTEX_POINT ( 'NONE', #1687 ) ;
#936 = CIRCLE ( 'NONE', #1493, 1.999999999999974021 ) ;
#937 = CARTESIAN_POINT ( 'NONE',  ( 36.56614540633976418, 5.000000000000000000, -14.62886655243086764 ) ) ;
#938 = CARTESIAN_POINT ( 'NONE',  ( -25.13945036942992672, -0.000000000000000000, -19.56128402643671294 ) ) ;
#939 = CARTESIAN_POINT ( 'NONE',  ( 25.22161436630447184, 5.000000000000000000, 25.56451245006156370 ) ) ;
#940 = LOCAL_TIME ( 18, 22, 25.00000000000000000, #32 ) ;
#941 = CARTESIAN_POINT ( 'NONE',  ( 22.92209866821915298, 5.000000000000000000, 25.07075979895743245 ) ) ;
#942 = AXIS2_PLACEMENT_3D ( 'NONE', #2357, #820, #575 ) ;
#943 = EDGE_CURVE ( 'NONE', #2674, #2553, #2733, .T. ) ;
#944 = DIRECTION ( 'NONE',  ( 0.000000000000000000, 1.000000000000000000, -0.000000000000000000 ) ) ;
#945 = AXIS2_PLACEMENT_3D ( 'NONE', #346, #3231, #613 ) ;
#946 = CARTESIAN_POINT ( 'NONE',  ( -4.209360082585982710, -8.673617379884035472E-16, -38.78365972075034307 ) ) ;
#947 = CARTESIAN_POINT ( 'NONE',  ( -4.930380657631323784E-29, 23.45548698896891082, -30.00000000000000355 ) ) ;
#948 = CARTESIAN_POINT ( 'NONE',  ( -36.54023720514711471, 5.000000000000000000, -15.81158730557227088 ) ) ;
#949 = ORIENTED_EDGE ( 'NONE', *, *, #14, .T. ) ;
#950 = CARTESIAN_POINT ( 'NONE',  ( -2.353951694294921015, 4.999999999999779732, 40.32570092467803136 ) ) ;
#951 = CARTESIAN_POINT ( 'NONE',  ( -19.27094737665647628, 0.000000000000000000, -18.70237903253471146 ) ) ;
#952 = CARTESIAN_POINT ( 'NONE',  ( -33.17296421218436819, 5.000000000000000888, 7.315739855252528123 ) ) ;
#953 = ORIENTED_EDGE ( 'NONE', *, *, #2158, .F. ) ;
#954 = ORIENTED_EDGE ( 'NONE', *, *, #3179, .F. ) ;
#955 = EDGE_CURVE ( 'NONE', #1511, #1334, #1467, .T. ) ;
#956 = EDGE_LOOP ( 'NONE', ( #2024, #3048, #3057, #362 ) ) ;
#957 = CARTESIAN_POINT ( 'NONE',  ( -25.98076211353315301, 4.500000000000001776, 15.00000000000001421 ) ) ;
#958 = CARTESIAN_POINT ( 'NONE',  ( -28.15745362176216560, 0.000000000000000000, -19.09559315155615522 ) ) ;
#959 = DIRECTION ( 'NONE',  ( -0.000000000000000000, -1.000000000000000000, -0.000000000000000000 ) ) ;
#960 = CARTESIAN_POINT ( 'NONE',  ( 12.77482854217249475, 5.000000000000000000, 27.59284632937145076 ) ) ;
#961 = DIRECTION ( 'NONE',  ( 0.000000000000000000, 0.000000000000000000, -1.000000000000000000 ) ) ;
#962 = EDGE_LOOP ( 'NONE', ( #2798, #209, #1529, #480 ) ) ;
#963 = CARTESIAN_POINT ( 'NONE',  ( 2.164930099059459323, 2.194723994103317441E-13, -39.49655032424640666 ) ) ;
#964 = DIRECTION ( 'NONE',  ( 0.000000000000000000, 1.000000000000000000, 0.000000000000000000 ) ) ;
#965 = PRODUCT_RELATED_PRODUCT_CATEGORY ( 'detail', '', ( #2840 ) ) ;
#966 = VERTEX_POINT ( 'NONE', #902 ) ;
#967 = CARTESIAN_POINT ( 'NONE',  ( 1.177099471158798538, 5.000000000000000000, 40.52499999999996305 ) ) ;
#968 = FACE_OUTER_BOUND ( 'NONE', #1597, .T. ) ;
#969 = DIRECTION ( 'NONE',  ( -0.000000000000000000, -1.000000000000000000, -0.000000000000000000 ) ) ;
#970 = LINE ( 'NONE', #3104, #2111 ) ;
#971 = ORIENTED_EDGE ( 'NONE', *, *, #1839, .T. ) ;
#972 = EDGE_CURVE ( 'NONE', #2547, #2838, #3315, .T. ) ;
#973 = VECTOR ( 'NONE', #2566, 1000.000000000000000 ) ;
#974 = EDGE_LOOP ( 'NONE', ( #2317, #2536, #739, #2990 ) ) ;
#975 = ORIENTED_EDGE ( 'NONE', *, *, #1072, .T. ) ;
#976 = CARTESIAN_POINT ( 'NONE',  ( -36.54023720514913975, 5.000000000000219380, 15.81158730556930081 ) ) ;
#977 = DIRECTION ( 'NONE',  ( 0.000000000000000000, -1.000000000000000000, 0.000000000000000000 ) ) ;
#978 = CARTESIAN_POINT ( 'NONE',  ( 31.95515646190272463, 5.000000000000000000, 23.74596139825642638 ) ) ;
#979 = CARTESIAN_POINT ( 'NONE',  ( 21.61394677841698453, 5.000000000000000000, -24.67345150780568019 ) ) ;
#980 = LINE ( 'NONE', #2826, #2971 ) ;
#981 = ORIENTED_EDGE ( 'NONE', *, *, #2837, .F. ) ;
#982 = CARTESIAN_POINT ( 'NONE',  ( 4.170146078690753377, 0.000000000000000000, -32.02921671726387132 ) ) ;
#983 = B_SPLINE_CURVE_WITH_KNOTS ( 'NONE', 3,
 ( #3271, #2209, #1664, #2452, #82, #351, #3004, #1951, #3021, #319 ),
 .UNSPECIFIED., .F., .F.,
 ( 4, 2, 2, 2, 4 ),
 ( 0.000000000000000000, 0.2499999999999998612, 0.5000000000000002220, 0.7500000000000001110, 1.000000000000000000 ),
 .UNSPECIFIED. ) ;
#984 = DIRECTION ( 'NONE',  ( 0.000000000000000000, 1.000000000000000000, 0.000000000000000000 ) ) ;
#985 = CARTESIAN_POINT ( 'NONE',  ( 1.030800527643475961, 0.000000000000000000, 34.52164672165514503 ) ) ;
#986 = CARTESIAN_POINT ( 'NONE',  ( 19.00000000000000000, 0.7499999999999954481, 1.127570259384924611E-13 ) ) ;
#987 = DIRECTION ( 'NONE',  ( 0.000000000000000000, 1.000000000000000000, -0.000000000000000000 ) ) ;
#988 = DIRECTION ( 'NONE',  ( 0.000000000000000000, 0.000000000000000000, 1.000000000000000000 ) ) ;
#989 = VERTEX_POINT ( 'NONE', #868 ) ;
#990 = CIRCLE ( 'NONE', #651, 15.09999999999999964 ) ;
#991 = ORIENTED_EDGE ( 'NONE', *, *, #1137, .T. ) ;
#992 = EDGE_CURVE ( 'NONE', #2349, #1070, #750, .T. ) ;
#993 = EDGE_LOOP ( 'NONE', ( #243, #2468 ) ) ;
#994 = CARTESIAN_POINT ( 'NONE',  ( -4.488876146917792020, 0.000000000000000000, -31.04505334954055229 ) ) ;
#995 = CARTESIAN_POINT ( 'NONE',  ( 25.98076211353319565, 5.000000000000000000, -14.99999999999993960 ) ) ;
#996 = CARTESIAN_POINT ( 'NONE',  ( 9.427724201529850134, -4.336808689942017736E-16, -32.19486446782860156 ) ) ;
#997 = AXIS2_PLACEMENT_3D ( 'NONE', #1178, #2230, #135 ) ;
#998 = CARTESIAN_POINT ( 'NONE',  ( -4.930380657631323784E-29, 5.000000000000000000, -30.00000000000000355 ) ) ;
#999 = ORIENTED_EDGE ( 'NONE', *, *, #1610, .F. ) ;
#1000 = DIRECTION ( 'NONE',  ( 0.000000000000000000, 0.000000000000000000, 1.000000000000000000 ) ) ;
#1001 = DIRECTION ( 'NONE',  ( 0.000000000000000000, 0.000000000000000000, -1.000000000000000000 ) ) ;
#1002 = CIRCLE ( 'NONE', #934, 6.524999999999999467 ) ;
#1003 = EDGE_CURVE ( 'NONE', #811, #2032, #2394, .T. ) ;
#1004 = AXIS2_PLACEMENT_3D ( 'NONE', #740, #1846, #1000 ) ;
#1005 = DIRECTION ( 'NONE',  ( 0.000000000000000000, 0.000000000000000000, -1.000000000000000000 ) ) ;
#1006 = CARTESIAN_POINT ( 'NONE',  ( -10.39913861187572586, 4.732169240220580660E-13, 29.37814494313144920 ) ) ;
#1007 = LINE ( 'NONE', #458, #2885 ) ;
#1008 = LINE ( 'NONE', #1791, #1842 ) ;
#1009 = EDGE_LOOP ( 'NONE', ( #5, #637, #1396, #2398 ) ) ;
#1010 = VERTEX_POINT ( 'NONE', #1923 ) ;
#1011 = ADVANCED_FACE ( 'NONE', ( #2975 ), #2713, .F. ) ;
#1012 = ORIENTED_EDGE ( 'NONE', *, *, #2481, .T. ) ;
#1013 = CARTESIAN_POINT ( 'NONE',  ( -34.05078541504143175, -8.673617379884035472E-16, 9.546000155123957498 ) ) ;
#1014 = DIRECTION ( 'NONE',  ( 8.659560562354985860E-17, 0.7071067811865432429, -0.7071067811865517916 ) ) ;
#1015 = AXIS2_PLACEMENT_3D ( 'NONE', #1181, #887, #2695 ) ;
#1016 = FACE_OUTER_BOUND ( 'NONE', #2472, .T. ) ;
#1017 = ORIENTED_EDGE ( 'NONE', *, *, #1398, .F. ) ;
#1018 = CARTESIAN_POINT ( 'NONE',  ( 30.94200282559217641, 5.000000000000000000, 24.35667028178201932 ) ) ;
#1019 = DIRECTION ( 'NONE',  ( 0.000000000000000000, 1.000000000000000000, -0.000000000000000000 ) ) ;
#1020 = CARTESIAN_POINT ( 'NONE',  ( -21.61394677841976986, 5.000000000003791634, 24.67345150780158392 ) ) ;
#1021 = DIRECTION ( 'NONE',  ( 0.000000000000000000, 1.000000000000000000, 0.000000000000000000 ) ) ;
#1022 = CARTESIAN_POINT ( 'NONE',  ( 25.98076211353319565, 2.999999999999999112, -14.99999999999993960 ) ) ;
#1023 = VERTEX_POINT ( 'NONE', #195 ) ;
#1024 = AXIS2_PLACEMENT_3D ( 'NONE', #3374, #1443, #3316 ) ;
#1025 = FACE_OUTER_BOUND ( 'NONE', #1852, .T. ) ;
#1026 = EDGE_LOOP ( 'NONE', ( #1365, #2419, #3070, #2401 ) ) ;
#1027 = CARTESIAN_POINT ( 'NONE',  ( 32.59543260130156739, -8.673617379884035472E-16, -7.932783575515977681 ) ) ;
#1028 = EDGE_LOOP ( 'NONE', ( #2243, #1429 ) ) ;
#1029 = DIRECTION ( 'NONE',  ( -0.000000000000000000, -1.000000000000000000, -0.000000000000000000 ) ) ;
#1030 = AXIS2_PLACEMENT_3D ( 'NONE', #2772, #2792, #723 ) ;
#1031 = CARTESIAN_POINT ( 'NONE',  ( 35.05626556197980648, -2.194723994107726984E-13, 11.46352894088028229 ) ) ;
#1032 = EDGE_CURVE ( 'NONE', #2013, #285, #464, .T. ) ;
#1033 = CARTESIAN_POINT ( 'NONE',  ( -19.00000000000000355, 5.000000000000000000, -1.250000000000119016 ) ) ;
#1034 = CARTESIAN_POINT ( 'NONE',  ( 19.00000000000000000, 5.000000000000000000, 1.127570259384924611E-13 ) ) ;
#1035 = CARTESIAN_POINT ( 'NONE',  ( 17.50869161287132769, 5.000000000000948575, 24.85974921119246517 ) ) ;
#1036 = CARTESIAN_POINT ( 'NONE',  ( 25.98076211353309262, 5.000000000000000000, 15.00000000000012257 ) ) ;
#1037 = ORIENTED_EDGE ( 'NONE', *, *, #814, .F. ) ;
#1038 = EDGE_CURVE ( 'NONE', #3063, #3141, #178, .T. ) ;
#1039 = EDGE_CURVE ( 'NONE', #163, #2523, #1782, .T. ) ;
#1040 = CIRCLE ( 'NONE', #2139, 6.524999999999997691 ) ;
#1041 = CARTESIAN_POINT ( 'NONE',  ( -25.98076211353298248, 5.000000000000000000, -15.00000000000030376 ) ) ;
#1042 = EDGE_LOOP ( 'NONE', ( #794, #3123, #1127, #2411 ) ) ;
#1043 = FACE_OUTER_BOUND ( 'NONE', #2433, .T. ) ;
#1044 = ORIENTED_EDGE ( 'NONE', *, *, #3098, .T. ) ;
#1045 = FACE_OUTER_BOUND ( 'NONE', #1713, .T. ) ;
#1046 = DIRECTION ( 'NONE',  ( 0.000000000000000000, 0.000000000000000000, -1.000000000000000000 ) ) ;
#1047 = AXIS2_PLACEMENT_3D ( 'NONE', #74, #1152, #1355 ) ;
#1048 = EDGE_CURVE ( 'NONE', #2383, #2580, #519, .T. ) ;
#1049 = CIRCLE ( 'NONE', #1105, 1.249999999999997558 ) ;
#1050 = CARTESIAN_POINT ( 'NONE',  ( -22.92209866821912811, 5.000000000000000000, 25.07075979895723350 ) ) ;
#1051 = DIRECTION ( 'NONE',  ( -0.000000000000000000, -1.000000000000000000, -0.000000000000000000 ) ) ;
#1052 = CARTESIAN_POINT ( 'NONE',  ( -4.930380657631323784E-29, 4.500000000000002665, -30.00000000000000355 ) ) ;
#1053 = CC_DESIGN_APPROVAL ( #3060, ( #2183 ) ) ;
#1054 = CARTESIAN_POINT ( 'NONE',  ( -24.96750313488739792, 0.000000000000000000, -5.344232630440651555 ) ) ;
#1055 = ORIENTED_EDGE ( 'NONE', *, *, #3087, .F. ) ;
#1056 = AXIS2_PLACEMENT_3D ( 'NONE', #1359, #1850, #1102 ) ;
#1057 = VECTOR ( 'NONE', #3361, 1000.000000000000000 ) ;
#1058 = CYLINDRICAL_SURFACE ( 'NONE', #3222, 6.524999999999997691 ) ;
#1059 = VERTEX_POINT ( 'NONE', #3054 ) ;
#1060 = CARTESIAN_POINT ( 'NONE',  ( 28.15330012956214034, 0.000000000000000000, -19.09730611159864466 ) ) ;
#1061 = ORIENTED_EDGE ( 'NONE', *, *, #2481, .F. ) ;
#1062 = CARTESIAN_POINT ( 'NONE',  ( -2.462102171710706333, 0.000000000000000000, -33.93012616837045670 ) ) ;
#1063 = CARTESIAN_POINT ( 'NONE',  ( 35.68422922394481844, 4.999999999999780620, 19.24310195519311861 ) ) ;
#1064 = DIRECTION ( 'NONE',  ( 0.000000000000000000, 0.000000000000000000, 1.000000000000000000 ) ) ;
#1065 = VECTOR ( 'NONE', #635, 999.9999999999998863 ) ;
#1066 = CIRCLE ( 'NONE', #662, 6.524999999999999467 ) ;
#1067 = FACE_OUTER_BOUND ( 'NONE', #258, .T. ) ;
#1068 = FACE_OUTER_BOUND ( 'NONE', #517, .T. ) ;
#1069 = FACE_OUTER_BOUND ( 'NONE', #2031, .T. ) ;
#1070 = VERTEX_POINT ( 'NONE', #3092 ) ;
#1071 = CARTESIAN_POINT ( 'NONE',  ( 1.849216666712503340E-15, 3.999999999999985345, 15.09999999999999964 ) ) ;
#1072 = EDGE_CURVE ( 'NONE', #460, #2740, #717, .T. ) ;
#1073 =( BOUNDED_SURFACE ( )  B_SPLINE_SURFACE ( 2, 3, ( 
 ( #2307, #1533, #2037, #229, #2325, #3391, #2070, #2096, #1551, #257, #503, #1518, #3126, #1828, #753, #1294, #1784, #2338 ),
 ( #1027, #3407, #2618, #2083, #2873, #1319, #3094, #197, #1568, #244, #1308, #3159, #2366, #449, #2382, #11, #68, #865 ),
 ( #606, #324, #1858, #831, #585, #1668, #1077, #1350, #3208, #3438, #849, #550, #1060, #1631, #2128, #1905, #1386, #2956 ) ),
 .UNSPECIFIED., .F., .F., .T. ) 
 B_SPLINE_SURFACE_WITH_KNOTS ( ( 3, 3 ),
 ( 4, 2, 2, 2, 2, 2, 2, 2, 4 ),
 ( 0.000000000000000000, 1.000000000000000000 ),
 ( 0.7523339367043536674, 1.087849228126565260, 1.423364519548776963, 1.758879810970988444, 2.094395102393200148, 2.429910393815411851, 2.765425685237623554, 3.100940976659835258, 3.436456268082046961 ),
 .UNSPECIFIED. ) 
 GEOMETRIC_REPRESENTATION_ITEM ( )  RATIONAL_B_SPLINE_SURFACE ( (
 ( 1.000000000000000000, 1.000000000000000000, 1.000000000000000000, 1.000000000000000000, 1.000000000000000000, 1.000000000000000000, 1.000000000000000000, 1.000000000000000000, 1.000000000000000000, 1.000000000000000000, 1.000000000000000000, 1.000000000000000000, 1.000000000000000000, 1.000000000000000000, 1.000000000000000000, 1.000000000000000000, 1.000000000000000000, 1.000000000000000000),
 ( 0.2500000000000000000, 0.2500000000000000000, 0.2500000000000000000, 0.2500000000000000000, 0.2500000000000000000, 0.2500000000000000000, 0.2500000000000000000, 0.2500000000000000000, 0.2500000000000000000, 0.2500000000000000000, 0.2500000000000000000, 0.2500000000000000000, 0.2500000000000000555, 0.2500000000000000555, 0.2500000000000000000, 0.2500000000000000000, 0.2500000000000000000, 0.2500000000000000000),
 ( 1.000000000000000000, 1.000000000000000000, 1.000000000000000000, 1.000000000000000000, 1.000000000000000000, 1.000000000000000000, 1.000000000000000000, 1.000000000000000000, 1.000000000000000000, 1.000000000000000000, 1.000000000000000000, 1.000000000000000000, 1.000000000000000000, 1.000000000000000000, 1.000000000000000000, 1.000000000000000000, 1.000000000000000000, 1.000000000000000000) ) ) 
 REPRESENTATION_ITEM ( '' )  SURFACE ( )  );
#1074 = FACE_OUTER_BOUND ( 'NONE', #1026, .T. ) ;
#1075 = CONICAL_SURFACE ( 'NONE', #3410, 6.524999999999997691, 0.7853981633974543852 ) ;
#1076 = VERTEX_POINT ( 'NONE', #372 ) ;
#1077 = CARTESIAN_POINT ( 'NONE',  ( 30.60477904746349154, 0.000000000000000000, -15.35539583281938469 ) ) ;
#1078 = VERTEX_POINT ( 'NONE', #681 ) ;
#1079 = PERSON_AND_ORGANIZATION ( #3047, #1381 ) ;
#1080 = CARTESIAN_POINT ( 'NONE',  ( 29.38122277760578172, 0.000000000000000000, 18.15352280400020391 ) ) ;
#1081 = VECTOR ( 'NONE', #698, 1000.000000000000000 ) ;
#1082 = EDGE_CURVE ( 'NONE', #2747, #2057, #2076, .T. ) ;
#1083 = EDGE_CURVE ( 'NONE', #3333, #966, #909, .T. ) ;
#1084 = DIRECTION ( 'NONE',  ( -0.000000000000000000, -1.000000000000000000, -0.000000000000000000 ) ) ;
#1085 = CYLINDRICAL_SURFACE ( 'NONE', #2370, 3.500000000000284217 ) ;
#1086 = FACE_OUTER_BOUND ( 'NONE', #2800, .T. ) ;
#1087 = CARTESIAN_POINT ( 'NONE',  ( 30.46323700674783908, 0.000000000000000000, 13.80866125021120894 ) ) ;
#1088 = CARTESIAN_POINT ( 'NONE',  ( -25.98076211353298248, 0.000000000000000000, -15.00000000000030376 ) ) ;
#1089 = ORIENTED_EDGE ( 'NONE', *, *, #1809, .T. ) ;
#1090 = ADVANCED_FACE ( 'NONE', ( #642 ), #3336, .F. ) ;
#1091 = CARTESIAN_POINT ( 'NONE',  ( 19.00000000000000000, 0.7499999999999954481, -1.249999999999884759 ) ) ;
#1092 = ORIENTED_EDGE ( 'NONE', *, *, #270, .F. ) ;
#1093 = CARTESIAN_POINT ( 'NONE',  ( 25.98076211353309262, 4.499999999999999112, 8.475000000000125766 ) ) ;
#1094 = ORIENTED_EDGE ( 'NONE', *, *, #1810, .F. ) ;
#1095 = DATE_TIME_ROLE ( 'creation_date' ) ;
#1096 = CARTESIAN_POINT ( 'NONE',  ( 6.561162327689149976, -0.000000000000000000, 26.04031709236894443 ) ) ;
#1097 = CARTESIAN_POINT ( 'NONE',  ( -30.22993130490555913, 0.000000000000000000, -16.85806350438748424 ) ) ;
#1098 = CARTESIAN_POINT ( 'NONE',  ( -9.981477537694228630, 5.000000000000000000, 33.54361703596710953 ) ) ;
#1099 = AXIS2_PLACEMENT_3D ( 'NONE', #3312, #2268, #1703 ) ;
#1100 = CARTESIAN_POINT ( 'NONE',  ( 25.98076211353309262, 3.000000000000000000, 8.475000000000125766 ) ) ;
#1101 = ADVANCED_FACE ( 'NONE', ( #2018 ), #1075, .F. ) ;
#1102 = DIRECTION ( 'NONE',  ( 0.000000000000000000, 0.000000000000000000, 1.000000000000000000 ) ) ;
#1103 = DIRECTION ( 'NONE',  ( 0.000000000000000000, 1.000000000000000000, 0.000000000000000000 ) ) ;
#1104 = ORIENTED_EDGE ( 'NONE', *, *, #3139, .T. ) ;
#1105 = AXIS2_PLACEMENT_3D ( 'NONE', #1298, #3163, #2892 ) ;
#1106 = LINE ( 'NONE', #910, #1825 ) ;
#1107 = CARTESIAN_POINT ( 'NONE',  ( -25.98076211353298248, 4.500000000000001776, -21.52500000000030056 ) ) ;
#1108 = AXIS2_PLACEMENT_3D ( 'NONE', #315, #59, #2637 ) ;
#1109 = CIRCLE ( 'NONE', #945, 3.499999999999997780 ) ;
#1110 = EDGE_LOOP ( 'NONE', ( #1632, #3086, #79, #2333 ) ) ;
#1111 = EDGE_CURVE ( 'NONE', #512, #797, #1416, .T. ) ;
#1112 = CARTESIAN_POINT ( 'NONE',  ( -28.74237056870664375, 5.000000000000000000, -25.22539717321315678 ) ) ;
#1113 = ORIENTED_EDGE ( 'NONE', *, *, #1111, .T. ) ;
#1114 = CYLINDRICAL_SURFACE ( 'NONE', #2596, 1.249999999999999334 ) ;
#1115 = CARTESIAN_POINT ( 'NONE',  ( -22.92209866821914233, 5.000000000000000000, -25.07075979895744666 ) ) ;
#1116 = PERSON_AND_ORGANIZATION_ROLE ( 'design_owner' ) ;
#1117 = CARTESIAN_POINT ( 'NONE',  ( 9.500000000000101252, 0.7499999999999937828, -16.45448267190427316 ) ) ;
#1118 = DIRECTION ( 'NONE',  ( 0.000000000000000000, -1.000000000000000000, 0.000000000000000000 ) ) ;
#1119 = CARTESIAN_POINT ( 'NONE',  ( -30.46396356402940953, 0.000000000000000000, -13.81309496693922156 ) ) ;
#1120 = FACE_BOUND ( 'NONE', #2793, .T. ) ;
#1121 = CARTESIAN_POINT ( 'NONE',  ( 30.61599558045987735, 0.000000000000000000, -14.83727356655799490 ) ) ;
#1122 = CARTESIAN_POINT ( 'NONE',  ( 24.64136678908644029, 0.000000000000000000, 19.41000745244292958 ) ) ;
#1123 = DIRECTION ( 'NONE',  ( -0.000000000000000000, -1.000000000000000000, -0.000000000000000000 ) ) ;
#1124 = ORIENTED_EDGE ( 'NONE', *, *, #1197, .F. ) ;
#1125 = CARTESIAN_POINT ( 'NONE',  ( -29.71447690586349566, 0.000000000000000000, 17.75085671251293462 ) ) ;
#1126 = CARTESIAN_POINT ( 'NONE',  ( -24.08392021690042739, 0.000000000000000000, 2.173880280559823852 ) ) ;
#1127 = ORIENTED_EDGE ( 'NONE', *, *, #1985, .T. ) ;
#1128 = VERTEX_POINT ( 'NONE', #2520 ) ;
#1129 = CARTESIAN_POINT ( 'NONE',  ( -26.68759080794565719, -0.000000000000000000, 19.58404889953238737 ) ) ;
#1130 = CARTESIAN_POINT ( 'NONE',  ( -25.98076211353315301, 5.000000000000000000, 15.00000000000001421 ) ) ;
#1131 = DIRECTION ( 'NONE',  ( 1.000000000000000000, 0.000000000000000000, 0.000000000000000000 ) ) ;
#1132 = CARTESIAN_POINT ( 'NONE',  ( -23.16770839977161245, -5.421010862427522170E-16, -24.26208089231251819 ) ) ;
#1133 = CARTESIAN_POINT ( 'NONE',  ( -4.930380657631323784E-29, 2.999999999999999112, -30.00000000000000355 ) ) ;
#1134 = AXIS2_PLACEMENT_3D ( 'NONE', #3341, #964, #3079 ) ;
#1135 = CARTESIAN_POINT ( 'NONE',  ( 1.849216666712503340E-15, 5.000000000000000000, 15.09999999999999964 ) ) ;
#1136 = CARTESIAN_POINT ( 'NONE',  ( 8.258322786944615856, 5.000000000000000000, -36.63235887434166926 ) ) ;
#1137 = EDGE_CURVE ( 'NONE', #1702, #99, #18, .T. ) ;
#1138 = CARTESIAN_POINT ( 'NONE',  ( 10.22122415585075572, -0.000000000000000000, -22.03693165330227899 ) ) ;
#1139 = ORIENTED_EDGE ( 'NONE', *, *, #1967, .F. ) ;
#1140 = CARTESIAN_POINT ( 'NONE',  ( -16.18374023028827224, 5.000000000000000000, 25.29732937293080752 ) ) ;
#1141 = CARTESIAN_POINT ( 'NONE',  ( -19.00000000000000355, 10.00000000000000000, -1.179611963664228824E-13 ) ) ;
#1142 = ORIENTED_EDGE ( 'NONE', *, *, #2176, .F. ) ;
#1143 = ADVANCED_FACE ( 'NONE', ( #2851 ), #2192, .F. ) ;
#1144 = EDGE_CURVE ( 'NONE', #1271, #2380, #220, .T. ) ;
#1145 = ORIENTED_EDGE ( 'NONE', *, *, #3099, .F. ) ;
#1146 = DIRECTION ( 'NONE',  ( 0.000000000000000000, 1.000000000000000000, -0.000000000000000000 ) ) ;
#1147 = CARTESIAN_POINT ( 'NONE',  ( -29.50999510764036771, 0.000000000000000000, -11.99048081397803678 ) ) ;
#1148 = PERSON_AND_ORGANIZATION ( #3047, #1381 ) ;
#1149 = CARTESIAN_POINT ( 'NONE',  ( 12.98295775330492496, 0.000000000000000000, 20.31404839469592716 ) ) ;
#1150 = CARTESIAN_POINT ( 'NONE',  ( -25.98076211353315301, 5.000000000000000000, 8.475000000000013856 ) ) ;
#1151 = AXIS2_PLACEMENT_3D ( 'NONE', #523, #2, #1358 ) ;
#1152 = DIRECTION ( 'NONE',  ( 0.000000000000000000, 1.000000000000000000, 0.000000000000000000 ) ) ;
#1153 = FACE_BOUND ( 'NONE', #528, .T. ) ;
#1154 = CARTESIAN_POINT ( 'NONE',  ( 30.23223582296474632, -0.000000000000000000, -16.85420670183204095 ) ) ;
#1155 = EDGE_CURVE ( 'NONE', #84, #3141, #2151, .T. ) ;
#1156 = CARTESIAN_POINT ( 'NONE',  ( 6.007308542952766395, -0.000000000000000000, -26.97416892974623792 ) ) ;
#1157 = VERTEX_POINT ( 'NONE', #2831 ) ;
#1158 = CARTESIAN_POINT ( 'NONE',  ( -12.77482854217623931, 5.000000000000000000, 27.59284632937126958 ) ) ;
#1159 = CIRCLE ( 'NONE', #1546, 6.524999999999999467 ) ;
#1160 = DIRECTION ( 'NONE',  ( 0.000000000000000000, 0.000000000000000000, 1.000000000000000000 ) ) ;
#1161 = ORIENTED_EDGE ( 'NONE', *, *, #1985, .F. ) ;
#1162 = FACE_BOUND ( 'NONE', #193, .T. ) ;
#1163 = CARTESIAN_POINT ( 'NONE',  ( -21.61394677841387590, 5.000000000000000000, -24.67345150781629570 ) ) ;
#1164 = CARTESIAN_POINT ( 'NONE',  ( 32.59543260130156739, -8.673617379884035472E-16, -7.932783575515977681 ) ) ;
#1165 = DIRECTION ( 'NONE',  ( -0.000000000000000000, -1.000000000000000000, -0.000000000000000000 ) ) ;
#1166 = CARTESIAN_POINT ( 'NONE',  ( 27.54276447468179612, 0.000000000000000000, -10.14922088519979226 ) ) ;
#1167 = CARTESIAN_POINT ( 'NONE',  ( -7.600425501170372300, 4.380774370817930246E-13, -36.09138100892706547 ) ) ;
#1168 = CARTESIAN_POINT ( 'NONE',  ( 9.981477537695022662, 4.999999999999999112, -33.54361703596278232 ) ) ;
#1169 = CARTESIAN_POINT ( 'NONE',  ( -24.04850509713698514, 4.999999999999122480, -25.41286885899348036 ) ) ;
#1170 = VERTEX_POINT ( 'NONE', #2574 ) ;
#1171 = CARTESIAN_POINT ( 'NONE',  ( -10.56086241561470729, 5.000000000000000000, 31.05495274006047524 ) ) ;
#1172 = CARTESIAN_POINT ( 'NONE',  ( -13.97393055528471706, -0.000000000000000000, -19.87030560339930219 ) ) ;
#1173 = FACE_OUTER_BOUND ( 'NONE', #1915, .T. ) ;
#1174 = ORIENTED_EDGE ( 'NONE', *, *, #3241, .T. ) ;
#1175 = ORIENTED_EDGE ( 'NONE', *, *, #2115, .F. ) ;
#1176 = ADVANCED_FACE ( 'NONE', ( #3397 ), #1424, .F. ) ;
#1177 = ORIENTED_EDGE ( 'NONE', *, *, #3427, .F. ) ;
#1178 = CARTESIAN_POINT ( 'NONE',  ( -9.500000000000095923, 5.000000000000000000, 16.45448267190428027 ) ) ;
#1179 = DIRECTION ( 'NONE',  ( 0.000000000000000000, 1.000000000000000000, -0.000000000000000000 ) ) ;
#1180 = CARTESIAN_POINT ( 'NONE',  ( 3.616488451985039543, -0.000000000000000000, 32.90415605524591314 ) ) ;
#1181 = CARTESIAN_POINT ( 'NONE',  ( -4.930380657631323784E-29, 5.000000000000000000, -30.00000000000000355 ) ) ;
#1182 = CARTESIAN_POINT ( 'NONE',  ( 30.28352015504385619, 5.000000000000948575, 2.733097118176193607 ) ) ;
#1183 = LINE ( 'NONE', #2752, #1057 ) ;
#1184 = DIRECTION ( 'NONE',  ( 0.000000000000000000, 0.000000000000000000, -1.000000000000000000 ) ) ;
#1185 = DIRECTION ( 'NONE',  ( -0.000000000000000000, -1.000000000000000000, -0.000000000000000000 ) ) ;
#1186 =( BOUNDED_SURFACE ( )  B_SPLINE_SURFACE ( 2, 3, ( 
 ( #1275, #2565, #2322, #2932, #3185, #2138, #976, #3202, #3372, #824, #176, #2898, #3388, #1494, #3089, #1795, #808, #714 ),
 ( #2377, #1781, #1013, #194, #2068, #3124, #751, #6, #529, #1592, #1869, #2914, #546, #1397, #2451, #301, #363, #1663 ),
 ( #2466, #62, #2156, #350, #3219, #2434, #2174, #1430, #2948, #1125, #80, #578, #842, #1950, #2670, #1643, #2688, #2484 ) ),
 .UNSPECIFIED., .F., .F., .F. ) 
 B_SPLINE_SURFACE_WITH_KNOTS ( ( 3, 3 ),
 ( 4, 2, 2, 2, 2, 2, 2, 2, 4 ),
 ( 0.000000000000000000, 1.000000000000000000 ),
 ( 3.893926590294152668, 4.229441881716363483, 4.564957173138575186, 4.900472464560786889, 5.235987755982998593, 5.571503047405210296, 5.907018338827421999, 6.242533630249633703, 6.578048921671845406 ),
 .UNSPECIFIED. ) 
 GEOMETRIC_REPRESENTATION_ITEM ( )  RATIONAL_B_SPLINE_SURFACE ( (
 ( 1.000000000000000000, 1.000000000000000000, 1.000000000000000000, 1.000000000000000000, 1.000000000000000000, 1.000000000000000000, 1.000000000000000000, 1.000000000000000000, 1.000000000000000000, 1.000000000000000000, 1.000000000000000000, 1.000000000000000000, 1.000000000000000000, 1.000000000000000000, 1.000000000000000000, 1.000000000000000000, 1.000000000000000000, 1.000000000000000000),
 ( 0.2500000000000000000, 0.2500000000000000000, 0.2500000000000000000, 0.2500000000000000000, 0.2500000000000000555, 0.2500000000000000555, 0.2500000000000000000, 0.2500000000000000000, 0.2500000000000000000, 0.2500000000000000000, 0.2500000000000000000, 0.2500000000000000000, 0.2500000000000000555, 0.2500000000000000555, 0.2500000000000000000, 0.2500000000000000000, 0.2500000000000000000, 0.2500000000000000000),
 ( 1.000000000000000000, 1.000000000000000000, 1.000000000000000000, 1.000000000000000000, 1.000000000000000000, 1.000000000000000000, 1.000000000000000000, 1.000000000000000000, 1.000000000000000000, 1.000000000000000000, 1.000000000000000000, 1.000000000000000000, 1.000000000000000000, 1.000000000000000000, 1.000000000000000000, 1.000000000000000000, 1.000000000000000000, 1.000000000000000000) ) ) 
 REPRESENTATION_ITEM ( '' )  SURFACE ( )  );
#1187 = EDGE_CURVE ( 'NONE', #559, #1128, #1918, .T. ) ;
#1188 = EDGE_CURVE ( 'NONE', #1128, #559, #2312, .T. ) ;
#1189 = VERTEX_POINT ( 'NONE', #1804 ) ;
#1190 = AXIS2_PLACEMENT_3D ( 'NONE', #2939, #569, #2663 ) ;
#1191 = CARTESIAN_POINT ( 'NONE',  ( -9.182230366255405229, -1.316093820711451909E-12, 33.24934787947134396 ) ) ;
#1192 = CARTESIAN_POINT ( 'NONE',  ( 7.990820364435989776E-16, 3.000000000000000000, -23.47500000000000142 ) ) ;
#1193 = DIRECTION ( 'NONE',  ( 0.000000000000000000, 0.000000000000000000, 1.000000000000000000 ) ) ;
#1194 = ORIENTED_EDGE ( 'NONE', *, *, #1188, .F. ) ;
#1195 = CONICAL_SURFACE ( 'NONE', #2518, 6.524999999999999467, 0.7853981633974533860 ) ;
#1196 = VERTEX_POINT ( 'NONE', #2061 ) ;
#1197 = EDGE_CURVE ( 'NONE', #1157, #1875, #3373, .T. ) ;
#1198 = VERTEX_POINT ( 'NONE', #438 ) ;
#1199 = ADVANCED_FACE ( 'NONE', ( #968 ), #2390, .T. ) ;
#1200 = CARTESIAN_POINT ( 'NONE',  ( -33.17296421218412661, 5.000000000000000000, -7.315739855252640922 ) ) ;
#1201 = DIRECTION ( 'NONE',  ( -0.000000000000000000, -1.000000000000000000, -0.000000000000000000 ) ) ;
#1202 = CARTESIAN_POINT ( 'NONE',  ( -0.5199467470576367711, -0.000000000000000000, 34.60898758680581011 ) ) ;
#1203 = CARTESIAN_POINT ( 'NONE',  ( 16.03181522015959359, 0.000000000000000000, 19.07441352455972705 ) ) ;
#1204 = CARTESIAN_POINT ( 'NONE',  ( 9.500000000000101252, 10.00000000000000000, -17.70448267190427316 ) ) ;
#1205 = CARTESIAN_POINT ( 'NONE',  ( -7.466258325578578159, 5.000000000000000000, -37.51107014883289281 ) ) ;
#1206 = EDGE_CURVE ( 'NONE', #2674, #3160, #1870, .T. ) ;
#1207 = CYLINDRICAL_SURFACE ( 'NONE', #2671, 3.499999999999999556 ) ;
#1208 = DIRECTION ( 'NONE',  ( 0.000000000000000000, 0.000000000000000000, 1.000000000000000000 ) ) ;
#1209 = AXIS2_PLACEMENT_3D ( 'NONE', #804, #1605, #493 ) ;
#1210 = VERTEX_POINT ( 'NONE', #791 ) ;
#1211 = CARTESIAN_POINT ( 'NONE',  ( 7.466258325583350342, 5.000000000000437872, 37.51107014883083934 ) ) ;
#1212 = EDGE_CURVE ( 'NONE', #65, #2365, #3423, .T. ) ;
#1213 = EDGE_CURVE ( 'NONE', #3339, #1738, #3145, .T. ) ;
#1214 = CARTESIAN_POINT ( 'NONE',  ( 19.00000000000000000, 0.000000000000000000, 1.127570259384924611E-13 ) ) ;
#1215 = DIRECTION ( 'NONE',  ( 0.000000000000000000, 1.000000000000000000, 0.000000000000000000 ) ) ;
#1216 = LINE ( 'NONE', #2316, #2560 ) ;
#1217 = ORIENTED_EDGE ( 'NONE', *, *, #2651, .F. ) ;
#1218 = AXIS2_PLACEMENT_3D ( 'NONE', #998, #1844, #213 ) ;
#1219 = ORIENTED_EDGE ( 'NONE', *, *, #747, .F. ) ;
#1220 = CIRCLE ( 'NONE', #2867, 3.499999999999997780 ) ;
#1221 = FACE_BOUND ( 'NONE', #577, .T. ) ;
#1222 = VECTOR ( 'NONE', #1837, 1000.000000000000000 ) ;
#1223 = CARTESIAN_POINT ( 'NONE',  ( -4.930380657631323784E-29, 5.000000000000000000, -30.00000000000000355 ) ) ;
#1224 = DIRECTION ( 'NONE',  ( -0.000000000000000000, -1.000000000000000000, -0.000000000000000000 ) ) ;
#1225 = CARTESIAN_POINT ( 'NONE',  ( 17.29770927105704104, 4.336808689942017736E-16, -24.03327268453875831 ) ) ;
#1226 = CONICAL_SURFACE ( 'NONE', #166, 6.524999999999999467, 0.7853981633974500554 ) ;
#1227 = CARTESIAN_POINT ( 'NONE',  ( 32.17480919401940298, 5.000000000000000000, 6.381501232245730293 ) ) ;
#1228 = AXIS2_PLACEMENT_3D ( 'NONE', #219, #2119, #2908 ) ;
#1229 = ORIENTED_EDGE ( 'NONE', *, *, #1461, .T. ) ;
#1230 = CARTESIAN_POINT ( 'NONE',  ( 4.488876146917715637, 0.000000000000000000, -31.04505334954052387 ) ) ;
#1231 = CARTESIAN_POINT ( 'NONE',  ( 9.500000000000101252, 5.000000000000000000, -15.20448267190427671 ) ) ;
#1232 = ADVANCED_FACE ( 'NONE', ( #1340, #1086 ), #1560, .T. ) ;
#1233 = ORIENTED_EDGE ( 'NONE', *, *, #456, .T. ) ;
#1234 = CARTESIAN_POINT ( 'NONE',  ( -1.030800527642956377, 0.000000000000000000, 34.52164672165515924 ) ) ;
#1235 = CARTESIAN_POINT ( 'NONE',  ( 30.28352015504385619, 5.000000000000948575, 2.733097118176193607 ) ) ;
#1236 = CARTESIAN_POINT ( 'NONE',  ( -33.17296421218412661, 5.000000000000000000, -7.315739855252640922 ) ) ;
#1237 = CARTESIAN_POINT ( 'NONE',  ( -30.00000000000003908, 5.000000000000000000, 1.366865481210236544 ) ) ;
#1238 = EDGE_LOOP ( 'NONE', ( #1092, #442, #3402, #3158, #3419, #2686, #1595, #3080, #3291, #3257, #1759, #1501 ) ) ;
#1239 = ORIENTED_EDGE ( 'NONE', *, *, #556, .T. ) ;
#1240 = ORIENTED_EDGE ( 'NONE', *, *, #1689, .T. ) ;
#1241 = CARTESIAN_POINT ( 'NONE',  ( -4.172491611377589393, -0.000000000000000000, -32.02538467747424988 ) ) ;
#1242 = VECTOR ( 'NONE', #115, 1000.000000000000000 ) ;
#1243 = LINE ( 'NONE', #1495, #1081 ) ;
#1244 = CARTESIAN_POINT ( 'NONE',  ( 22.92209866821908548, 5.000000000000000000, 25.07075979895764917 ) ) ;
#1245 = CARTESIAN_POINT ( 'NONE',  ( 17.50869161286947318, 4.999999999999999112, -24.85974921119904124 ) ) ;
#1246 = CARTESIAN_POINT ( 'NONE',  ( 32.17480919401180728, 5.000000000000000000, -6.381501232250212929 ) ) ;
#1247 = EDGE_LOOP ( 'NONE', ( #2965, #1438, #1361, #1508 ) ) ;
#1248 = CARTESIAN_POINT ( 'NONE',  ( 8.758314068652651940, -2.203397611483203496E-13, -34.26184526579785938 ) ) ;
#1249 = DIRECTION ( 'NONE',  ( -0.000000000000000000, -1.000000000000000000, -0.000000000000000000 ) ) ;
#1250 = CARTESIAN_POINT ( 'NONE',  ( 9.523008733644307000, 5.000000000000000000, 34.63395002389226818 ) ) ;
#1251 = EDGE_CURVE ( 'NONE', #2580, #2383, #1040, .T. ) ;
#1252 = CARTESIAN_POINT ( 'NONE',  ( -9.427724201529857240, -4.336808689942017736E-16, 32.19486446782858735 ) ) ;
#1253 = CARTESIAN_POINT ( 'NONE',  ( -2.094888803305880013E-13, 0.000000000000000000, 30.00000000000000000 ) ) ;
#1254 = CARTESIAN_POINT ( 'NONE',  ( -4.930380657631323784E-29, 0.000000000000000000, -30.00000000000000355 ) ) ;
#1255 = ORIENTED_EDGE ( 'NONE', *, *, #3023, .T. ) ;
#1256 = CIRCLE ( 'NONE', #3186, 7.025000000000003908 ) ;
#1257 = EDGE_LOOP ( 'NONE', ( #1456, #2525 ) ) ;
#1258 = CARTESIAN_POINT ( 'NONE',  ( 2.008490687454634216, -0.000000000000000000, -34.18079853060639550 ) ) ;
#1259 = EDGE_CURVE ( 'NONE', #1210, #3436, #2088, .T. ) ;
#1260 = ADVANCED_FACE ( 'NONE', ( #1067 ), #263, .F. ) ;
#1261 = CARTESIAN_POINT ( 'NONE',  ( 36.21715402147775364, 4.999999999999999112, 12.27890459587156791 ) ) ;
#1262 = FACE_OUTER_BOUND ( 'NONE', #841, .T. ) ;
#1263 = LINE ( 'NONE', #2631, #1716 ) ;
#1264 = VERTEX_POINT ( 'NONE', #2861 ) ;
#1265 = DIRECTION ( 'NONE',  ( 0.000000000000000000, 1.000000000000000000, -0.000000000000000000 ) ) ;
#1266 = FACE_OUTER_BOUND ( 'NONE', #881, .T. ) ;
#1267 = CARTESIAN_POINT ( 'NONE',  ( 2.462102171709128484, 0.000000000000000000, 33.93012616837331308 ) ) ;
#1268 = DIRECTION ( 'NONE',  ( 0.000000000000000000, -1.000000000000000000, 0.000000000000000000 ) ) ;
#1269 = CARTESIAN_POINT ( 'NONE',  ( -34.75034879646671726, 4.999999999999999112, -9.060057403512370655 ) ) ;
#1270 = DIRECTION ( 'NONE',  ( 0.000000000000000000, 1.000000000000000000, -0.000000000000000000 ) ) ;
#1271 = VERTEX_POINT ( 'NONE', #1299 ) ;
#1272 = AXIS2_PLACEMENT_3D ( 'NONE', #2754, #2700, #3251 ) ;
#1273 = ORIENTED_EDGE ( 'NONE', *, *, #1617, .T. ) ;
#1274 = ORIENTED_EDGE ( 'NONE', *, *, #3285, .T. ) ;
#1275 = CARTESIAN_POINT ( 'NONE',  ( -33.17296421218460267, 4.999999999999999112, 7.315739855252259893 ) ) ;
#1276 = CARTESIAN_POINT ( 'NONE',  ( 24.08387959363603059, -0.000000000000000000, 1.086547033259205763 ) ) ;
#1277 = CIRCLE ( 'NONE', #3153, 1.250000000000001110 ) ;
#1278 = LINE ( 'NONE', #738, #1491 ) ;
#1279 = ORIENTED_EDGE ( 'NONE', *, *, #972, .T. ) ;
#1280 =( NAMED_UNIT ( * ) PLANE_ANGLE_UNIT ( ) SI_UNIT ( $, .RADIAN. ) );
#1281 = LOCAL_TIME ( 18, 22, 25.00000000000000000, #15 ) ;
#1282 = CARTESIAN_POINT ( 'NONE',  ( 33.12255089312260736, 0.000000000000000000, 21.62315962532232305 ) ) ;
#1283 = VECTOR ( 'NONE', #1836, 1000.000000000000000 ) ;
#1284 = DIRECTION ( 'NONE',  ( 0.000000000000000000, 1.000000000000000000, -0.000000000000000000 ) ) ;
#1285 = DIRECTION ( 'NONE',  ( 0.000000000000000000, -1.000000000000000000, 0.000000000000000000 ) ) ;
#1286 = DIRECTION ( 'NONE',  ( 0.000000000000000000, 0.000000000000000000, 1.000000000000000000 ) ) ;
#1287 = LINE ( 'NONE', #2106, #658 ) ;
#1288 = VERTEX_POINT ( 'NONE', #2909 ) ;
#1289 = ORIENTED_EDGE ( 'NONE', *, *, #737, .F. ) ;
#1290 = ADVANCED_FACE ( 'NONE', ( #1324 ), #541, .F. ) ;
#1291 = CARTESIAN_POINT ( 'NONE',  ( 25.83220904169672139, 0.000000000000000000, -7.337940466870295886 ) ) ;
#1292 = EDGE_LOOP ( 'NONE', ( #3387, #1289 ) ) ;
#1293 = AXIS2_PLACEMENT_3D ( 'NONE', #1941, #1688, #373 ) ;
#1294 = CARTESIAN_POINT ( 'NONE',  ( 25.23237618726300369, 4.999999999999999112, -25.56414249574241992 ) ) ;
#1295 = VERTEX_POINT ( 'NONE', #2408 ) ;
#1296 = CARTESIAN_POINT ( 'NONE',  ( -25.98076211353315301, 3.000000000000000000, 15.00000000000001421 ) ) ;
#1297 = FACE_OUTER_BOUND ( 'NONE', #61, .T. ) ;
#1298 = CARTESIAN_POINT ( 'NONE',  ( 9.500000000000101252, 0.7499999999999937828, -16.45448267190427316 ) ) ;
#1299 = CARTESIAN_POINT ( 'NONE',  ( -2.086897982941443614E-13, 4.500000000000002665, 36.52499999999999858 ) ) ;
#1300 = ADVANCED_FACE ( 'NONE', ( #2074, #3133 ), #2120, .T. ) ;
#1301 = DIRECTION ( 'NONE',  ( -0.000000000000000000, -1.000000000000000000, 0.000000000000000000 ) ) ;
#1302 = CARTESIAN_POINT ( 'NONE',  ( -28.33640154872805894, -0.000000000000000000, -10.89203777609548496 ) ) ;
#1303 = ORIENTED_EDGE ( 'NONE', *, *, #1542, .T. ) ;
#1304 = VECTOR ( 'NONE', #3302, 1000.000000000000000 ) ;
#1305 = EDGE_CURVE ( 'NONE', #3068, #721, #990, .T. ) ;
#1306 = CARTESIAN_POINT ( 'NONE',  ( -33.17296421218460978, 5.000000000000000000, 7.315739855252264334 ) ) ;
#1307 = EDGE_LOOP ( 'NONE', ( #3038, #949 ) ) ;
#1308 = CARTESIAN_POINT ( 'NONE',  ( 33.12255089312076706, -8.673617379884035472E-16, -21.62315962532341374 ) ) ;
#1309 = ORIENTED_EDGE ( 'NONE', *, *, #3398, .T. ) ;
#1310 = CARTESIAN_POINT ( 'NONE',  ( 0.000000000000000000, 3.999999999999985345, 15.09999999999999964 ) ) ;
#1311 = CARTESIAN_POINT ( 'NONE',  ( 29.71447690586245827, 0.000000000000000000, 17.75085671251498098 ) ) ;
#1312 = B_SPLINE_CURVE_WITH_KNOTS ( 'NONE', 3,
 ( #340, #1147, #2196, #2748, #2549, #3090, #2785, #2287, #2269, #2034, #136, #3314, #958, #177, #3353, #3335, #938, #2527 ),
 .UNSPECIFIED., .F., .F.,
 ( 4, 2, 2, 2, 2, 2, 2, 2, 4 ),
 ( 0.000000000000000000, 0.1249999999999998890, 0.2499999999999997780, 0.3749999999999996669, 0.4999999999999991118, 0.6249999999999993339, 0.7499999999999995559, 0.8749999999999997780, 1.000000000000000000 ),
 .UNSPECIFIED. ) ;
#1313 = CARTESIAN_POINT ( 'NONE',  ( -25.98076211353315301, 5.000000000000000000, 15.00000000000001421 ) ) ;
#1314 = CARTESIAN_POINT ( 'NONE',  ( -25.98076211353298248, 4.500000000000001776, -15.00000000000030376 ) ) ;
#1315 = DIRECTION ( 'NONE',  ( 0.000000000000000000, 0.000000000000000000, 1.000000000000000000 ) ) ;
#1316 = ORIENTED_EDGE ( 'NONE', *, *, #157, .T. ) ;
#1317 = CARTESIAN_POINT ( 'NONE',  ( 26.36385546906027599, 0.000000000000000000, 8.284301235447211198 ) ) ;
#1318 = ORIENTED_EDGE ( 'NONE', *, *, #1039, .F. ) ;
#1319 = CARTESIAN_POINT ( 'NONE',  ( 35.71462601025818628, 0.000000000000000000, -14.64888173671806726 ) ) ;
#1320 = ORIENTED_EDGE ( 'NONE', *, *, #1871, .T. ) ;
#1321 = CARTESIAN_POINT ( 'NONE',  ( 29.13024293600403425, 0.000000000000000000, 11.63504589709761028 ) ) ;
#1322 = CIRCLE ( 'NONE', #489, 6.524999999999997691 ) ;
#1323 = CYLINDRICAL_SURFACE ( 'NONE', #1559, 3.499999999999997780 ) ;
#1324 = FACE_OUTER_BOUND ( 'NONE', #3224, .T. ) ;
#1325 = EDGE_CURVE ( 'NONE', #2392, #1295, #2967, .T. ) ;
#1326 = CARTESIAN_POINT ( 'NONE',  ( 30.30407925992515672, -0.000000000000000000, 13.32010715571456494 ) ) ;
#1327 = CARTESIAN_POINT ( 'NONE',  ( -12.77482854217249120, 5.000000000000000000, -27.59284632937523440 ) ) ;
#1328 = ORIENTED_EDGE ( 'NONE', *, *, #2463, .F. ) ;
#1329 = FACE_OUTER_BOUND ( 'NONE', #2347, .T. ) ;
#1330 = DIRECTION ( 'NONE',  ( -0.000000000000000000, -1.000000000000000000, -0.000000000000000000 ) ) ;
#1331 = EDGE_CURVE ( 'NONE', #2543, #1886, #1593, .T. ) ;
#1332 = ORIENTED_EDGE ( 'NONE', *, *, #3147, .T. ) ;
#1333 = DIRECTION ( 'NONE',  ( 0.000000000000000000, 1.000000000000000000, -0.000000000000000000 ) ) ;
#1334 = VERTEX_POINT ( 'NONE', #1573 ) ;
#1335 = PERSON_AND_ORGANIZATION ( #3047, #1381 ) ;
#1336 = CARTESIAN_POINT ( 'NONE',  ( 26.68309939778595918, 0.000000000000000000, 19.58416417053369329 ) ) ;
#1337 = CARTESIAN_POINT ( 'NONE',  ( -28.60055240011885758, 0.000000000000000000, -18.82681821590214000 ) ) ;
#1338 = CARTESIAN_POINT ( 'NONE',  ( 25.98076211353309262, 0.000000000000000000, 15.00000000000012257 ) ) ;
#1339 = CIRCLE ( 'NONE', #3280, 3.500000000000284217 ) ;
#1340 = FACE_BOUND ( 'NONE', #1292, .T. ) ;
#1341 = FACE_OUTER_BOUND ( 'NONE', #1009, .T. ) ;
#1342 = CARTESIAN_POINT ( 'NONE',  ( -11.14671944570455331, 5.000000000000000000, -29.78887587035664808 ) ) ;
#1343 = ORIENTED_EDGE ( 'NONE', *, *, #888, .F. ) ;
#1344 = CARTESIAN_POINT ( 'NONE',  ( -0.5199467470756379273, 0.000000000000000000, -34.60885284699487840 ) ) ;
#1345 = ADVANCED_FACE ( 'NONE', ( #251 ), #2622, .F. ) ;
#1346 = CONICAL_SURFACE ( 'NONE', #1514, 6.525000000000003020, 0.7853981633974536081 ) ;
#1347 = CARTESIAN_POINT ( 'NONE',  ( 25.98076211353309262, 3.000000000000000000, 21.52500000000011937 ) ) ;
#1348 = AXIS2_PLACEMENT_3D ( 'NONE', #2403, #1422, #342 ) ;
#1349 = ORIENTED_EDGE ( 'NONE', *, *, #311, .F. ) ;
#1350 = CARTESIAN_POINT ( 'NONE',  ( 30.41202330524506792, 0.000000000000000000, -16.36812391765551666 ) ) ;
#1351 = ORIENTED_EDGE ( 'NONE', *, *, #2176, .T. ) ;
#1352 = EDGE_CURVE ( 'NONE', #2594, #163, #2804, .T. ) ;
#1353 = PERSON_AND_ORGANIZATION ( #3047, #1381 ) ;
#1354 = CARTESIAN_POINT ( 'NONE',  ( 7.990820364435987804E-16, 4.500000000000002665, -36.52499999999999858 ) ) ;
#1355 = DIRECTION ( 'NONE',  ( 0.000000000000000000, 0.000000000000000000, 1.000000000000000000 ) ) ;
#1356 = FACE_BOUND ( 'NONE', #2321, .T. ) ;
#1357 = CONICAL_SURFACE ( 'NONE', #1638, 1.249999999999999334, 0.7853981633974528309 ) ;
#1358 = DIRECTION ( 'NONE',  ( 0.000000000000000000, 0.000000000000000000, 1.000000000000000000 ) ) ;
#1359 = CARTESIAN_POINT ( 'NONE',  ( 0.000000000000000000, 3.000000000000000000, 0.000000000000000000 ) ) ;
#1360 = CARTESIAN_POINT ( 'NONE',  ( 24.64136678908644029, 0.000000000000000000, 19.41000745244292958 ) ) ;
#1361 = ORIENTED_EDGE ( 'NONE', *, *, #2320, .T. ) ;
#1362 = ADVANCED_FACE ( 'NONE', ( #3000 ), #3255, .F. ) ;
#1363 = DIRECTION ( 'NONE',  ( 0.000000000000000000, 0.000000000000000000, 1.000000000000000000 ) ) ;
#1364 = DIRECTION ( 'NONE',  ( 0.000000000000000000, 0.000000000000000000, -1.000000000000000000 ) ) ;
#1365 = ORIENTED_EDGE ( 'NONE', *, *, #2144, .T. ) ;
#1366 = DIRECTION ( 'NONE',  ( 0.000000000000000000, 0.000000000000000000, -1.000000000000000000 ) ) ;
#1367 = VERTEX_POINT ( 'NONE', #573 ) ;
#1368 = CARTESIAN_POINT ( 'NONE',  ( -30.46337028484897402, -0.000000000000000000, 13.80864145716783753 ) ) ;
#1369 = VERTEX_POINT ( 'NONE', #892 ) ;
#1370 = CARTESIAN_POINT ( 'NONE',  ( 25.98076211353319565, 2.999999999999999112, -14.99999999999993960 ) ) ;
#1371 = CARTESIAN_POINT ( 'NONE',  ( -19.27099496078534102, -0.000000000000000000, 18.70229180031398641 ) ) ;
#1372 = CARTESIAN_POINT ( 'NONE',  ( -27.19447292827085505, 0.000000000000000000, -19.47601886294464535 ) ) ;
#1373 = CARTESIAN_POINT ( 'NONE',  ( -7.474649488206230430, 4.999999999999999112, 37.50432166408879198 ) ) ;
#1374 = AXIS2_PLACEMENT_3D ( 'NONE', #2020, #2807, #1425 ) ;
#1375 = CARTESIAN_POINT ( 'NONE',  ( 29.82106673061817048, -0.000000000000000000, -12.39896463849471964 ) ) ;
#1376 = CARTESIAN_POINT ( 'NONE',  ( -19.00000000000000355, 0.7499999999999781286, -1.250000000000119016 ) ) ;
#1377 = LINE ( 'NONE', #840, #897 ) ;
#1378 = VERTEX_POINT ( 'NONE', #58 ) ;
#1379 = AXIS2_PLACEMENT_3D ( 'NONE', #2685, #2668, #1882 ) ;
#1380 = CARTESIAN_POINT ( 'NONE',  ( -20.22456353105960147, 5.000000000000000000, 24.54778014401582098 ) ) ;
#1381 = ORGANIZATION ( 'UNSPECIFIED', 'UNSPECIFIED', '' ) ;
#1382 = CARTESIAN_POINT ( 'NONE',  ( -29.13024293600408043, 0.000000000000000000, 11.63504589709759074 ) ) ;
#1383 = AXIS2_PLACEMENT_3D ( 'NONE', #1314, #1866, #1880 ) ;
#1384 = ORIENTED_EDGE ( 'NONE', *, *, #2712, .F. ) ;
#1385 = ORIENTED_EDGE ( 'NONE', *, *, #2082, .F. ) ;
#1386 = CARTESIAN_POINT ( 'NONE',  ( 25.13462259551719669, 0.000000000000000000, -19.55981774823535702 ) ) ;
#1387 = CARTESIAN_POINT ( 'NONE',  ( -13.81625976971833225, 5.000000000000000000, -26.66419485413829094 ) ) ;
#1388 = APPROVAL_STATUS ( 'not_yet_approved' ) ;
#1389 = ADVANCED_FACE ( 'NONE', ( #332 ), #1657, .F. ) ;
#1390 = CARTESIAN_POINT ( 'NONE',  ( -24.64136678908626976, 0.000000000000000000, -19.41000745244333103 ) ) ;
#1391 = CARTESIAN_POINT ( 'NONE',  ( -17.11199278911387367, 0.000000000000000000, 18.95037566866038858 ) ) ;
#1392 = CARTESIAN_POINT ( 'NONE',  ( -35.69231461119089488, -8.673617379884035472E-16, -15.74641709517886312 ) ) ;
#1393 = CARTESIAN_POINT ( 'NONE',  ( -25.98076211353298248, 5.000000000000000000, -21.52500000000030056 ) ) ;
#1394 = CARTESIAN_POINT ( 'NONE',  ( 28.15750311953807383, -0.000000000000000000, -19.09571847029110714 ) ) ;
#1395 = LINE ( 'NONE', #93, #107 ) ;
#1396 = ORIENTED_EDGE ( 'NONE', *, *, #1946, .F. ) ;
#1397 = CARTESIAN_POINT ( 'NONE',  ( -28.52984799767630975, -8.673617379884035472E-16, 24.40072079949294448 ) ) ;
#1398 = EDGE_CURVE ( 'NONE', #3403, #3108, #2528, .T. ) ;
#1399 = EDGE_CURVE ( 'NONE', #2763, #1367, #1770, .T. ) ;
#1400 = CARTESIAN_POINT ( 'NONE',  ( -24.53483428464092952, 0.000000000000000000, -4.346752487150438604 ) ) ;
#1401 = ORIENTED_EDGE ( 'NONE', *, *, #1947, .T. ) ;
#1402 = EDGE_LOOP ( 'NONE', ( #208, #112, #953, #1320 ) ) ;
#1403 = CARTESIAN_POINT ( 'NONE',  ( -2.094888803305880013E-13, 2.999999999999999112, 26.50000000000000000 ) ) ;
#1404 = EDGE_CURVE ( 'NONE', #3122, #2569, #1601, .T. ) ;
#1405 = FACE_OUTER_BOUND ( 'NONE', #2901, .T. ) ;
#1406 = DIRECTION ( 'NONE',  ( 0.000000000000000000, 1.000000000000000000, -0.000000000000000000 ) ) ;
#1407 = DIRECTION ( 'NONE',  ( 0.000000000000000000, 0.000000000000000000, -1.000000000000000000 ) ) ;
#1408 = CARTESIAN_POINT ( 'NONE',  ( 9.499999999999904077, 0.000000000000000000, 18.45448267190438685 ) ) ;
#1409 = VECTOR ( 'NONE', #356, 1000.000000000000000 ) ;
#1410 = DIRECTION ( 'NONE',  ( 0.000000000000000000, 1.000000000000000000, 0.000000000000000000 ) ) ;
#1411 = DIRECTION ( 'NONE',  ( 0.000000000000000000, 0.000000000000000000, 1.000000000000000000 ) ) ;
#1412 = CARTESIAN_POINT ( 'NONE',  ( 25.98076211353309262, 5.000000000000000000, 15.00000000000012257 ) ) ;
#1413 = CLOSED_SHELL ( 'NONE', ( #634, #3131, #1666, #1441, #784, #1176, #2657, #454, #1912, #1090, #1802, #2623, #2516, #728, #763, #3306, #96, #1854, #2079, #1473, #2916, #1722, #2469, #777, #690, #826, #207, #3313, #1711, #2723, #1644, #2218, #3273, #173, #2915, #2360, #1345, #1260, #1936, #2470, #2687, #3187, #234, #1232, #344, #423, #825, #462, #3107, #2836, #1571, #2051, #2262, #1300, #3242, #1431, #2777, #1199, #525, #2905, #2272, #1585, #13, #845, #3286, #2429, #1600, #2573, #3138, #1362, #2157, #2759, #2658, #361, #1101, #1389, #1011, #2263, #2016, #304, #1290, #2951, #716, #1554, #320, #1143, #2063 ) ) ;
#1414 = VERTEX_POINT ( 'NONE', #3215 ) ;
#1415 = DIRECTION ( 'NONE',  ( 0.000000000000000000, 0.000000000000000000, 1.000000000000000000 ) ) ;
#1416 = B_SPLINE_CURVE_WITH_KNOTS ( 'NONE', 3,
 ( #122, #3073, #3297, #1180, #2232, #919, #2509, #137, #699, #1202, #1999, #1797, #3110, #735, #2843, #466, #2052, #2043 ),
 .UNSPECIFIED., .F., .F.,
 ( 4, 2, 2, 2, 2, 2, 2, 2, 4 ),
 ( 0.000000000000000000, 0.1250000000000000833, 0.2500000000000001110, 0.3750000000000001110, 0.5000000000000001110, 0.6250000000000002220, 0.7500000000000001110, 0.8750000000000001110, 1.000000000000000000 ),
 .UNSPECIFIED. ) ;
#1417 = PLANE ( 'NONE',  #789 ) ;
#1418 = ORIENTED_EDGE ( 'NONE', *, *, #2866, .F. ) ;
#1419 = ORIENTED_EDGE ( 'NONE', *, *, #3399, .T. ) ;
#1420 = CARTESIAN_POINT ( 'NONE',  ( 36.21702005690332982, 5.000000000000000000, -12.27892449086136395 ) ) ;
#1421 = LINE ( 'NONE', #355, #802 ) ;
#1422 = DIRECTION ( 'NONE',  ( 0.000000000000000000, -1.000000000000000000, 0.000000000000000000 ) ) ;
#1423 = CYLINDRICAL_SURFACE ( 'NONE', #3342, 3.499999999999999556 ) ;
#1424 = CONICAL_SURFACE ( 'NONE', #97, 1.249999999999996003, 0.7853981633974452814 ) ;
#1425 = DIRECTION ( 'NONE',  ( 0.000000000000000000, 0.000000000000000000, 1.000000000000000000 ) ) ;
#1426 = CARTESIAN_POINT ( 'NONE',  ( -9.499999999999902300, 0.7499999999999920064, -16.45448267190439040 ) ) ;
#1427 = CARTESIAN_POINT ( 'NONE',  ( -9.528934527040656022, 5.000000000000000000, -34.62471354989231997 ) ) ;
#1428 = DIRECTION ( 'NONE',  ( 0.000000000000000000, 0.000000000000000000, 1.000000000000000000 ) ) ;
#1429 = ORIENTED_EDGE ( 'NONE', *, *, #241, .F. ) ;
#1430 = CARTESIAN_POINT ( 'NONE',  ( -30.41202330524613373, 0.000000000000000000, 16.36812391765572627 ) ) ;
#1431 = ADVANCED_FACE ( 'NONE', ( #2221, #906 ), #1961, .T. ) ;
#1432 = DIRECTION ( 'NONE',  ( 0.000000000000000000, -0.7071067811865433539, -0.7071067811865517916 ) ) ;
#1433 = AXIS2_PLACEMENT_3D ( 'NONE', #622, #3295, #2245 ) ;
#1434 = LINE ( 'NONE', #1107, #2381 ) ;
#1435 = VERTEX_POINT ( 'NONE', #1100 ) ;
#1436 = AXIS2_PLACEMENT_3D ( 'NONE', #2832, #477, #3414 ) ;
#1437 = ORIENTED_EDGE ( 'NONE', *, *, #1032, .F. ) ;
#1438 = ORIENTED_EDGE ( 'NONE', *, *, #2310, .F. ) ;
#1439 = FACE_OUTER_BOUND ( 'NONE', #775, .T. ) ;
#1440 = CARTESIAN_POINT ( 'NONE',  ( -13.29384045414412796, -1.190089624167874647E-13, -25.98991371366474112 ) ) ;
#1441 = ADVANCED_FACE ( 'NONE', ( #2150 ), #1707, .F. ) ;
#1442 = EDGE_CURVE ( 'NONE', #1794, #668, #2588, .T. ) ;
#1443 = DIRECTION ( 'NONE',  ( 0.000000000000000000, 1.000000000000000000, 0.000000000000000000 ) ) ;
#1444 = CARTESIAN_POINT ( 'NONE',  ( -2.094888803305880013E-13, 3.000000000000000000, 30.00000000000000000 ) ) ;
#1445 = CARTESIAN_POINT ( 'NONE',  ( 24.08392021690042739, 0.000000000000000000, 2.173880280559660871 ) ) ;
#1446 = CARTESIAN_POINT ( 'NONE',  ( 9.182230366254787057, -4.398544225614843967E-13, -33.24934787947411508 ) ) ;
#1447 = DIRECTION ( 'NONE',  ( 0.000000000000000000, 0.000000000000000000, 1.000000000000000000 ) ) ;
#1448 = CARTESIAN_POINT ( 'NONE',  ( 20.35634305703814562, 0.000000000000000000, -18.68961796018355415 ) ) ;
#1449 = ORIENTED_EDGE ( 'NONE', *, *, #1553, .T. ) ;
#1450 = CARTESIAN_POINT ( 'NONE',  ( 8.758314068650898676, -2.203397611478796730E-13, 34.26184526580136236 ) ) ;
#1451 = FACE_OUTER_BOUND ( 'NONE', #807, .T. ) ;
#1452 = CARTESIAN_POINT ( 'NONE',  ( 25.98076211353309262, 4.499999999999999112, 21.52500000000011937 ) ) ;
#1453 = ORIENTED_EDGE ( 'NONE', *, *, #157, .F. ) ;
#1454 = AXIS2_PLACEMENT_3D ( 'NONE', #3279, #2750, #3264 ) ;
#1455 = VERTEX_POINT ( 'NONE', #2959 ) ;
#1456 = ORIENTED_EDGE ( 'NONE', *, *, #2884, .T. ) ;
#1457 = DIRECTION ( 'NONE',  ( 0.000000000000000000, 0.000000000000000000, 1.000000000000000000 ) ) ;
#1458 = CARTESIAN_POINT ( 'NONE',  ( -12.16457004536152198, -5.421010862427522170E-16, -26.99689199828316788 ) ) ;
#1459 = DIRECTION ( 'NONE',  ( 0.000000000000000000, 0.000000000000000000, -1.000000000000000000 ) ) ;
#1460 = CARTESIAN_POINT ( 'NONE',  ( 24.64136678908644029, 0.000000000000000000, 19.41000745244292958 ) ) ;
#1461 = EDGE_CURVE ( 'NONE', #254, #2380, #679, .T. ) ;
#1462 = CARTESIAN_POINT ( 'NONE',  ( 29.46227931641094955, 9.470843693408661955E-13, -2.963619313744579653 ) ) ;
#1463 = CARTESIAN_POINT ( 'NONE',  ( 9.523008733646157964, 5.000000000000000000, -34.63395002388860888 ) ) ;
#1464 = CARTESIAN_POINT ( 'NONE',  ( 25.98076211353309262, 2.999999999999999112, 15.00000000000012257 ) ) ;
#1465 = FACE_OUTER_BOUND ( 'NONE', #2228, .T. ) ;
#1466 = ORIENTED_EDGE ( 'NONE', *, *, #3404, .F. ) ;
#1467 = CIRCLE ( 'NONE', #1629, 16.10000000000001563 ) ;
#1468 = CARTESIAN_POINT ( 'NONE',  ( 2.353951694295955743, 5.000000000000219380, 40.32570092467799583 ) ) ;
#1469 = CARTESIAN_POINT ( 'NONE',  ( 31.37128297676773769, 4.999999999999052314, -5.241095726340833316 ) ) ;
#1470 = CARTESIAN_POINT ( 'NONE',  ( -23.60135973960488087, -0.000000000000000000, -19.09413937410479889 ) ) ;
#1471 = FACE_OUTER_BOUND ( 'NONE', #515, .T. ) ;
#1472 = ORIENTED_EDGE ( 'NONE', *, *, #888, .T. ) ;
#1473 = ADVANCED_FACE ( 'NONE', ( #3229 ), #626, .F. ) ;
#1474 = EDGE_LOOP ( 'NONE', ( #369, #1566, #2835, #1576 ) ) ;
#1475 = CARTESIAN_POINT ( 'NONE',  ( 30.95199301342014664, 5.000000000000000000, -24.35265159992873052 ) ) ;
#1476 = CYLINDRICAL_SURFACE ( 'NONE', #2696, 6.524999999999999467 ) ;
#1477 = EDGE_CURVE ( 'NONE', #463, #1010, #570, .T. ) ;
#1478 = CARTESIAN_POINT ( 'NONE',  ( 28.74237056870222773, 4.999999999999998224, 25.22539717321683383 ) ) ;
#1479 = CARTESIAN_POINT ( 'NONE',  ( 13.29384045413828019, 1.302593373549748959E-12, -25.98991371366483349 ) ) ;
#1480 = DIRECTION ( 'NONE',  ( 0.000000000000000000, 1.000000000000000000, -0.000000000000000000 ) ) ;
#1481 = VERTEX_POINT ( 'NONE', #853 ) ;
#1482 = CARTESIAN_POINT ( 'NONE',  ( 25.98076211353319565, 5.000000000000000000, -14.99999999999993960 ) ) ;
#1483 = LINE ( 'NONE', #2059, #1806 ) ;
#1484 = ORIENTED_EDGE ( 'NONE', *, *, #1398, .T. ) ;
#1485 = CARTESIAN_POINT ( 'NONE',  ( -2.462102171711038512, 0.000000000000000000, 33.93012616836808348 ) ) ;
#1486 = DIRECTION ( 'NONE',  ( 0.000000000000000000, 1.000000000000000000, -0.000000000000000000 ) ) ;
#1487 = CARTESIAN_POINT ( 'NONE',  ( -25.98076211353298248, 2.999999999999999112, -15.00000000000030376 ) ) ;
#1488 = CARTESIAN_POINT ( 'NONE',  ( -31.37128297676208177, 5.000000000000948575, 5.241095726342456018 ) ) ;
#1489 = ORIENTED_EDGE ( 'NONE', *, *, #1039, .T. ) ;
#1490 = EDGE_LOOP ( 'NONE', ( #2727, #1273, #1701, #3088 ) ) ;
#1491 = VECTOR ( 'NONE', #2845, 1000.000000000000000 ) ;
#1492 = VERTEX_POINT ( 'NONE', #2735 ) ;
#1493 = AXIS2_PLACEMENT_3D ( 'NONE', #2987, #1679, #1415 ) ;
#1494 = CARTESIAN_POINT ( 'NONE',  ( -28.75241050924295649, 5.000000000000000888, 25.22150445558462550 ) ) ;
#1495 = CARTESIAN_POINT ( 'NONE',  ( -25.98076211353298248, 5.000000000000000000, -8.475000000000303402 ) ) ;
#1496 = CARTESIAN_POINT ( 'NONE',  ( -25.98076211353315301, 2.999999999999999112, 15.00000000000001421 ) ) ;
#1497 = CARTESIAN_POINT ( 'NONE',  ( 12.77482854217422847, 5.000000000000948575, -27.59284632937151471 ) ) ;
#1498 = VECTOR ( 'NONE', #805, 1000.000000000000114 ) ;
#1499 = EDGE_CURVE ( 'NONE', #1070, #2349, #2444, .T. ) ;
#1500 = CARTESIAN_POINT ( 'NONE',  ( 27.54276447468895839, 0.000000000000000000, 10.14922088519441346 ) ) ;
#1501 = ORIENTED_EDGE ( 'NONE', *, *, #1404, .T. ) ;
#1502 = CARTESIAN_POINT ( 'NONE',  ( -8.264024087253732276, 4.999999999999780620, -36.62322384117303642 ) ) ;
#1503 = CARTESIAN_POINT ( 'NONE',  ( -4.930380657631323784E-29, 23.45548698896891082, -30.00000000000000355 ) ) ;
#1504 = CARTESIAN_POINT ( 'NONE',  ( 0.5154543990427811195, 0.000000000000000000, 34.60892021690034426 ) ) ;
#1505 = CARTESIAN_POINT ( 'NONE',  ( -20.24265053086833888, 2.363916215765317302E-13, 23.69499068692721977 ) ) ;
#1506 = CARTESIAN_POINT ( 'NONE',  ( -4.930380657631323784E-29, 4.500000000000002665, -23.47500000000000142 ) ) ;
#1507 = CARTESIAN_POINT ( 'NONE',  ( -25.98076211353298248, 5.000000000000000000, -15.00000000000030376 ) ) ;
#1508 = ORIENTED_EDGE ( 'NONE', *, *, #2017, .F. ) ;
#1509 = EDGE_CURVE ( 'NONE', #797, #1608, #3050, .T. ) ;
#1510 = EDGE_CURVE ( 'NONE', #1170, #2450, #3169, .T. ) ;
#1511 = VERTEX_POINT ( 'NONE', #73 ) ;
#1512 = ORIENTED_EDGE ( 'NONE', *, *, #2724, .F. ) ;
#1513 = CARTESIAN_POINT ( 'NONE',  ( 9.499999999999904077, 5.000000000000000000, 16.45448267190439040 ) ) ;
#1514 = AXIS2_PLACEMENT_3D ( 'NONE', #558, #1103, #1623 ) ;
#1515 = VECTOR ( 'NONE', #3418, 1000.000000000000000 ) ;
#1516 = CARTESIAN_POINT ( 'NONE',  ( 9.499999999999904077, 10.00000000000000000, 15.20448267190439040 ) ) ;
#1517 = CARTESIAN_POINT ( 'NONE',  ( 12.16457004536325925, 4.736506048876817492E-13, -26.99689199827943753 ) ) ;
#1518 = CARTESIAN_POINT ( 'NONE',  ( 31.96335488335398622, 4.999999999999780620, -23.73898002718300049 ) ) ;
#1519 = ORIENTED_EDGE ( 'NONE', *, *, #2767, .F. ) ;
#1520 = CARTESIAN_POINT ( 'NONE',  ( -10.25086554396530936, 5.000000000000000000, -32.38649965420989219 ) ) ;
#1521 = CARTESIAN_POINT ( 'NONE',  ( -35.68955456191116582, 5.000000000000000888, 19.23374276546119432 ) ) ;
#1522 = CARTESIAN_POINT ( 'NONE',  ( 4.209360082583650353, -8.673617379884035472E-16, 38.78365972075104651 ) ) ;
#1523 = DIRECTION ( 'NONE',  ( 0.000000000000000000, 0.000000000000000000, -1.000000000000000000 ) ) ;
#1524 = CARTESIAN_POINT ( 'NONE',  ( 20.22456353105974358, 4.999999999999052314, 24.54778014402329944 ) ) ;
#1525 = CIRCLE ( 'NONE', #81, 13.10000000000000142 ) ;
#1526 = CARTESIAN_POINT ( 'NONE',  ( -30.00000000000003908, 5.000000000000000000, -1.366865481210052913 ) ) ;
#1527 = ORIENTED_EDGE ( 'NONE', *, *, #1700, .F. ) ;
#1528 = AXIS2_PLACEMENT_3D ( 'NONE', #70, #1179, #1976 ) ;
#1529 = ORIENTED_EDGE ( 'NONE', *, *, #2677, .F. ) ;
#1530 = CARTESIAN_POINT ( 'NONE',  ( -2.458625739032976654, -0.000000000000000000, -33.93297224379992372 ) ) ;
#1531 = CIRCLE ( 'NONE', #3136, 6.525000000000006573 ) ;
#1532 = CARTESIAN_POINT ( 'NONE',  ( 16.18374023028268738, 5.000000000000000000, 25.29732937293075068 ) ) ;
#1533 = CARTESIAN_POINT ( 'NONE',  ( 34.03244256349990593, 5.000000000000000000, -8.120181907664276721 ) ) ;
#1534 = ORIENTED_EDGE ( 'NONE', *, *, #3399, .F. ) ;
#1535 = CARTESIAN_POINT ( 'NONE',  ( -4.488876146917722743, 0.000000000000000000, -31.04505334954049545 ) ) ;
#1536 = CARTESIAN_POINT ( 'NONE',  ( 28.75241050924379493, 5.000000000000000000, 25.22150445558668608 ) ) ;
#1537 = CARTESIAN_POINT ( 'NONE',  ( -9.500000000000095923, 10.00000000000000000, 17.70448267190427671 ) ) ;
#1538 = CARTESIAN_POINT ( 'NONE',  ( -12.16457004536576036, -4.745179666290403684E-13, 26.99689199827853869 ) ) ;
#1539 = CARTESIAN_POINT ( 'NONE',  ( -25.98076211353298248, 4.500000000000001776, -15.00000000000030376 ) ) ;
#1540 = CARTESIAN_POINT ( 'NONE',  ( -25.98076211353315301, 5.000000000000000000, 21.52500000000001279 ) ) ;
#1541 = ORIENTED_EDGE ( 'NONE', *, *, #1305, .F. ) ;
#1542 = EDGE_CURVE ( 'NONE', #3287, #3122, #2859, .T. ) ;
#1543 = AXIS2_PLACEMENT_3D ( 'NONE', #77, #2984, #1411 ) ;
#1544 =( BOUNDED_SURFACE ( )  B_SPLINE_SURFACE ( 2, 3, ( 
 ( #1460, #3030, #920, #1203, #2248, #2306, #3111, #1728, #2844, #2567 ),
 ( #3075, #2824, #467, #3317, #155, #2019, #3298, #3093, #2787, #1978 ),
 ( #941, #718, #196, #1783, #1532, #138, #960, #448, #2055, #2769 ) ),
 .UNSPECIFIED., .F., .F., .T. ) 
 B_SPLINE_SURFACE_WITH_KNOTS ( ( 3, 3 ),
 ( 4, 2, 2, 2, 4 ),
 ( 0.000000000000000000, 1.000000000000000000 ),
 ( 2.846729039097549041, 3.255960234142822429, 3.665191429188096262, 4.074422624233370094, 4.483653819278643482 ),
 .UNSPECIFIED. ) 
 GEOMETRIC_REPRESENTATION_ITEM ( )  RATIONAL_B_SPLINE_SURFACE ( (
 ( 1.000000000000000000, 1.000000000000000000, 1.000000000000000000, 1.000000000000000000, 1.000000000000000000, 1.000000000000000000, 1.000000000000000000, 1.000000000000000000, 1.000000000000000000, 1.000000000000000000),
 ( 0.2500000000000000000, 0.2500000000000000000, 0.2500000000000000000, 0.2500000000000000000, 0.2500000000000000000, 0.2500000000000000000, 0.2499999999999999722, 0.2499999999999999722, 0.2500000000000000000, 0.2500000000000000000),
 ( 1.000000000000000000, 1.000000000000000000, 1.000000000000000000, 1.000000000000000000, 1.000000000000000000, 1.000000000000000000, 1.000000000000000000, 1.000000000000000000, 1.000000000000000000, 1.000000000000000000) ) ) 
 REPRESENTATION_ITEM ( '' )  SURFACE ( )  );
#1545 = ORIENTED_EDGE ( 'NONE', *, *, #63, .F. ) ;
#1546 = AXIS2_PLACEMENT_3D ( 'NONE', #539, #2648, #1602 ) ;
#1547 = CARTESIAN_POINT ( 'NONE',  ( -9.500000000000095923, 0.7499999999999833467, 17.70448267190427671 ) ) ;
#1548 = VECTOR ( 'NONE', #2387, 1000.000000000000000 ) ;
#1549 = ORIENTED_EDGE ( 'NONE', *, *, #943, .T. ) ;
#1550 = VECTOR ( 'NONE', #2896, 1000.000000000000000 ) ;
#1551 = CARTESIAN_POINT ( 'NONE',  ( 35.68422922394428554, 4.999999999999780620, -19.24310195519537459 ) ) ;
#1552 = EDGE_LOOP ( 'NONE', ( #2854, #991, #116, #2744 ) ) ;
#1553 = EDGE_CURVE ( 'NONE', #2553, #2277, #390, .T. ) ;
#1554 = ADVANCED_FACE ( 'NONE', ( #2199 ), #2334, .F. ) ;
#1555 = LINE ( 'NONE', #1310, #664 ) ;
#1556 = AXIS2_PLACEMENT_3D ( 'NONE', #2607, #246, #2340 ) ;
#1557 = CARTESIAN_POINT ( 'NONE',  ( 36.21866883482103816, 5.000000000000000000, 12.28956569324886594 ) ) ;
#1558 = AXIS2_PLACEMENT_3D ( 'NONE', #1790, #1819, #1286 ) ;
#1559 = AXIS2_PLACEMENT_3D ( 'NONE', #2103, #742, #473 ) ;
#1560 = PLANE ( 'NONE',  #2041 ) ;
#1561 = CARTESIAN_POINT ( 'NONE',  ( -9.500000000000095923, 0.7499999999999833467, 15.20448267190428560 ) ) ;
#1562 = DIRECTION ( 'NONE',  ( -0.000000000000000000, -1.000000000000000000, 0.000000000000000000 ) ) ;
#1563 = ORIENTED_EDGE ( 'NONE', *, *, #2524, .T. ) ;
#1564 = EDGE_CURVE ( 'NONE', #3408, #3253, #2716, .T. ) ;
#1565 = CARTESIAN_POINT ( 'NONE',  ( 24.63977030179254157, -0.000000000000000000, 4.309147050351091579 ) ) ;
#1566 = ORIENTED_EDGE ( 'NONE', *, *, #1003, .T. ) ;
#1567 = VECTOR ( 'NONE', #652, 1000.000000000000114 ) ;
#1568 = CARTESIAN_POINT ( 'NONE',  ( 34.90504380693822384, 2.186050376723432901E-13, -18.90238217650886199 ) ) ;
#1569 = ORIENTED_EDGE ( 'NONE', *, *, #2353, .T. ) ;
#1570 = CARTESIAN_POINT ( 'NONE',  ( 36.54023720514722129, 4.999999999999780620, 15.81158730557212877 ) ) ;
#1571 = ADVANCED_FACE ( 'NONE', ( #357 ), #1423, .F. ) ;
#1572 = DIRECTION ( 'NONE',  ( 0.000000000000000000, 0.000000000000000000, 1.000000000000000000 ) ) ;
#1573 = CARTESIAN_POINT ( 'NONE',  ( 0.000000000000000000, 5.000000000000000000, 16.10000000000001563 ) ) ;
#1574 = CARTESIAN_POINT ( 'NONE',  ( -25.98076211353315301, 2.999999999999999112, 18.50000000000029843 ) ) ;
#1575 = DIRECTION ( 'NONE',  ( 0.000000000000000000, 1.000000000000000000, -0.000000000000000000 ) ) ;
#1576 = ORIENTED_EDGE ( 'NONE', *, *, #3049, .T. ) ;
#1577 = APPROVAL ( #568, 'UNSPECIFIED' ) ;
#1578 = AXIS2_PLACEMENT_3D ( 'NONE', #552, #1616, #2420 ) ;
#1579 = LINE ( 'NONE', #796, #2562 ) ;
#1580 = ORIENTED_EDGE ( 'NONE', *, *, #670, .F. ) ;
#1581 = FACE_OUTER_BOUND ( 'NONE', #1490, .T. ) ;
#1582 = B_SPLINE_CURVE_WITH_KNOTS ( 'NONE', 3,
 ( #2198, #54, #3247, #328, #1940, #2181, #3228, #2958, #1149, #2994, #2679, #610, #72, #1096, #3262, #3278, #625, #3211 ),
 .UNSPECIFIED., .F., .F.,
 ( 4, 2, 2, 2, 2, 2, 2, 2, 4 ),
 ( 0.000000000000000000, 0.1250000000000001943, 0.2500000000000003886, 0.3750000000000005551, 0.5000000000000005551, 0.6250000000000004441, 0.7500000000000002220, 0.8750000000000001110, 1.000000000000000000 ),
 .UNSPECIFIED. ) ;
#1583 = ORIENTED_EDGE ( 'NONE', *, *, #3354, .T. ) ;
#1584 = CARTESIAN_POINT ( 'NONE',  ( -9.499999999999902300, 5.000000000000000000, -15.20448267190439040 ) ) ;
#1585 = ADVANCED_FACE ( 'NONE', ( #2233 ), #1544, .T. ) ;
#1586 = CARTESIAN_POINT ( 'NONE',  ( 29.50661036112058966, 0.000000000000000000, 11.98731280813660405 ) ) ;
#1587 = CARTESIAN_POINT ( 'NONE',  ( 25.98076211353309262, 5.000000000000000000, 21.52500000000011937 ) ) ;
#1588 = CARTESIAN_POINT ( 'NONE',  ( -25.98076211353298248, 5.000000000000000000, -15.00000000000030376 ) ) ;
#1589 = DIRECTION ( 'NONE',  ( 0.000000000000000000, 0.000000000000000000, 1.000000000000000000 ) ) ;
#1590 = CARTESIAN_POINT ( 'NONE',  ( -21.61394677841387590, 5.000000000000000000, -24.67345150781629570 ) ) ;
#1591 = ORIENTED_EDGE ( 'NONE', *, *, #1510, .T. ) ;
#1592 = CARTESIAN_POINT ( 'NONE',  ( -33.82246506036884170, 2.194723994098906636E-13, 20.77746356876140865 ) ) ;
#1593 = CIRCLE ( 'NONE', #536, 13.10000000000000142 ) ;
#1594 = CARTESIAN_POINT ( 'NONE',  ( 24.63984877215468572, 0.000000000000000000, -4.309130766183368877 ) ) ;
#1595 = ORIENTED_EDGE ( 'NONE', *, *, #1871, .F. ) ;
#1596 = CARTESIAN_POINT ( 'NONE',  ( -25.64855089096237606, -0.000000000000000000, 19.62617607127007702 ) ) ;
#1597 = EDGE_LOOP ( 'NONE', ( #2604, #1756, #1145, #2708 ) ) ;
#1598 = CARTESIAN_POINT ( 'NONE',  ( 25.23237618726363252, 5.000000000000000000, 25.56414249574162412 ) ) ;
#1599 = CIRCLE ( 'NONE', #3258, 6.524999999999999467 ) ;
#1600 = ADVANCED_FACE ( 'NONE', ( #1262 ), #2746, .T. ) ;
#1601 = B_SPLINE_CURVE_WITH_KNOTS ( 'NONE', 3,
 ( #314, #1168, #3232, #1136, #857, #1675, #1692, #1893, #647, #2719, #2186, #347, #2462, #2203, #360, #1427, #2480, #110 ),
 .UNSPECIFIED., .F., .F.,
 ( 4, 2, 2, 2, 2, 2, 2, 2, 4 ),
 ( 0.000000000000000000, 0.1250000000000000000, 0.2500000000000000000, 0.3750000000000000000, 0.5000000000000000000, 0.6250000000000000000, 0.7500000000000000000, 0.8750000000000000000, 1.000000000000000000 ),
 .UNSPECIFIED. ) ;
#1602 = DIRECTION ( 'NONE',  ( 0.000000000000000000, 0.000000000000000000, 1.000000000000000000 ) ) ;
#1603 = CARTESIAN_POINT ( 'NONE',  ( -10.25086554396530758, 5.000000000000000000, -32.38649965420989929 ) ) ;
#1604 = CIRCLE ( 'NONE', #2485, 7.025000000000003908 ) ;
#1605 = DIRECTION ( 'NONE',  ( 0.000000000000000000, 1.000000000000000000, -0.000000000000000000 ) ) ;
#1606 = DIRECTION ( 'NONE',  ( 0.000000000000000000, 1.000000000000000000, -0.000000000000000000 ) ) ;
#1607 = DIRECTION ( 'NONE',  ( 0.000000000000000000, 0.000000000000000000, 1.000000000000000000 ) ) ;
#1608 = VERTEX_POINT ( 'NONE', #1840 ) ;
#1609 = CARTESIAN_POINT ( 'NONE',  ( -4.370936565324384127, 0.000000000000000000, -31.55164583576287285 ) ) ;
#1610 = EDGE_CURVE ( 'NONE', #420, #1378, #2112, .T. ) ;
#1611 = CARTESIAN_POINT ( 'NONE',  ( 25.98076211353319565, 4.500000000000007994, -8.474999999999932143 ) ) ;
#1612 = ORIENTED_EDGE ( 'NONE', *, *, #972, .F. ) ;
#1613 = CARTESIAN_POINT ( 'NONE',  ( -27.19026993830838990, 0.000000000000000000, 19.47760650424383044 ) ) ;
#1614 = ORIENTED_EDGE ( 'NONE', *, *, #2866, .T. ) ;
#1615 = CARTESIAN_POINT ( 'NONE',  ( 0.000000000000000000, 0.000000000000000000, 0.000000000000000000 ) ) ;
#1616 = DIRECTION ( 'NONE',  ( -0.000000000000000000, -1.000000000000000000, 0.000000000000000000 ) ) ;
#1617 = EDGE_CURVE ( 'NONE', #2580, #2619, #2069, .T. ) ;
#1618 = CONICAL_SURFACE ( 'NONE', #2614, 1.249999999999997558, 0.7853981633974549403 ) ;
#1619 = CARTESIAN_POINT ( 'NONE',  ( -32.59543260130123343, 0.000000000000000000, -7.932783575516232588 ) ) ;
#1620 = DIRECTION ( 'NONE',  ( 0.000000000000000000, 0.000000000000000000, 1.000000000000000000 ) ) ;
#1621 = DIRECTION ( 'NONE',  ( 0.000000000000000000, 1.000000000000000000, -0.000000000000000000 ) ) ;
#1622 = CARTESIAN_POINT ( 'NONE',  ( 29.50999510764120615, -0.000000000000000000, 11.99048081397848975 ) ) ;
#1623 = DIRECTION ( 'NONE',  ( 0.000000000000000000, 0.000000000000000000, 1.000000000000000000 ) ) ;
#1624 = ORIENTED_EDGE ( 'NONE', *, *, #587, .T. ) ;
#1625 = B_SPLINE_CURVE_WITH_KNOTS ( 'NONE', 3,
 ( #1658, #2515, #2701, #1156, #1712, #2449, #3303, #1138, #1929, #2187, #1982, #615, #3037, #3252, #1448, #1732, #3001, #2774 ),
 .UNSPECIFIED., .F., .F.,
 ( 4, 2, 2, 2, 2, 2, 2, 2, 4 ),
 ( 0.000000000000000000, 0.1249999999999999722, 0.2499999999999999445, 0.3749999999999998890, 0.4999999999999998890, 0.6250000000000001110, 0.7500000000000000000, 0.8750000000000000000, 1.000000000000000000 ),
 .UNSPECIFIED. ) ;
#1626 = DIRECTION ( 'NONE',  ( 0.000000000000000000, 0.000000000000000000, 1.000000000000000000 ) ) ;
#1627 = FACE_OUTER_BOUND ( 'NONE', #2579, .T. ) ;
#1628 = LINE ( 'NONE', #2486, #236 ) ;
#1629 = AXIS2_PLACEMENT_3D ( 'NONE', #309, #2442, #105 ) ;
#1630 = ORIENTED_EDGE ( 'NONE', *, *, #564, .T. ) ;
#1631 = CARTESIAN_POINT ( 'NONE',  ( 27.19447292827363327, 0.000000000000000000, -19.47601886294430074 ) ) ;
#1632 = ORIENTED_EDGE ( 'NONE', *, *, #633, .F. ) ;
#1633 = COORDINATED_UNIVERSAL_TIME_OFFSET ( 5, 0, .BEHIND. ) ;
#1634 = CARTESIAN_POINT ( 'NONE',  ( 25.98076211353309262, 5.000000000000000000, 22.02500000000012648 ) ) ;
#1635 = CARTESIAN_POINT ( 'NONE',  ( -8.588107674328050223, 0.000000000000000000, 23.49330036518671605 ) ) ;
#1636 = CARTESIAN_POINT ( 'NONE',  ( -25.65304230112246486, 0.000000000000000000, -19.62606080027146760 ) ) ;
#1637 = CARTESIAN_POINT ( 'NONE',  ( 7.474733700059766228, 5.000000000000000000, 37.50442773332361668 ) ) ;
#1638 = AXIS2_PLACEMENT_3D ( 'NONE', #2522, #1717, #2761 ) ;
#1639 = CARTESIAN_POINT ( 'NONE',  ( 30.30405503165415837, 0.000000000000000000, -13.32035112342000183 ) ) ;
#1640 = CARTESIAN_POINT ( 'NONE',  ( -19.00000000000000355, 5.000000000000000000, 1.249999999999883205 ) ) ;
#1641 = CARTESIAN_POINT ( 'NONE',  ( -30.28352015504571781, 5.000000000000948575, -2.733097118173628104 ) ) ;
#1642 = ORIENTED_EDGE ( 'NONE', *, *, #992, .F. ) ;
#1643 = CARTESIAN_POINT ( 'NONE',  ( -25.65304230112283435, 0.000000000000000000, 19.62606080027088140 ) ) ;
#1644 = ADVANCED_FACE ( 'NONE', ( #501 ), #2642, .F. ) ;
#1645 = AXIS2_PLACEMENT_3D ( 'NONE', #986, #1285, #1523 ) ;
#1646 = ORIENTED_EDGE ( 'NONE', *, *, #103, .T. ) ;
#1647 = CARTESIAN_POINT ( 'NONE',  ( -2.094888803305880013E-13, 2.999999999999999112, 30.00000000000000000 ) ) ;
#1648 = CARTESIAN_POINT ( 'NONE',  ( -17.50869161286960463, 5.000000000000000000, -24.85974921119894532 ) ) ;
#1649 = DIRECTION ( 'NONE',  ( 0.000000000000000000, 0.000000000000000000, 1.000000000000000000 ) ) ;
#1650 = CARTESIAN_POINT ( 'NONE',  ( -9.500000000000095923, 10.00000000000000000, 15.20448267190428560 ) ) ;
#1651 = CARTESIAN_POINT ( 'NONE',  ( -4.735329891566142813, 0.000000000000000000, 29.98644678542753894 ) ) ;
#1652 = EDGE_CURVE ( 'NONE', #1702, #2841, #1579, .T. ) ;
#1653 = EDGE_CURVE ( 'NONE', #3108, #405, #2839, .T. ) ;
#1654 = CARTESIAN_POINT ( 'NONE',  ( -34.90504380693700881, 0.000000000000000000, -18.90238217651010544 ) ) ;
#1655 = PLANE ( 'NONE',  #1832 ) ;
#1656 = CIRCLE ( 'NONE', #2753, 3.499999999999999556 ) ;
#1657 = CYLINDRICAL_SURFACE ( 'NONE', #1272, 1.249999999999999334 ) ;
#1658 = CARTESIAN_POINT ( 'NONE',  ( 4.488876146917715637, 0.000000000000000000, -31.04505334954052387 ) ) ;
#1659 = CARTESIAN_POINT ( 'NONE',  ( -31.37128297676211730, 4.999999999999053202, -5.241095726342276606 ) ) ;
#1660 = VERTEX_POINT ( 'NONE', #2886 ) ;
#1661 = AXIS2_PLACEMENT_3D ( 'NONE', #2224, #3254, #3288 ) ;
#1662 = CIRCLE ( 'NONE', #1990, 1.250000000000001110 ) ;
#1663 = CARTESIAN_POINT ( 'NONE',  ( -23.16770839977159469, -8.673617379884035472E-16, 24.26208089231230502 ) ) ;
#1664 = CARTESIAN_POINT ( 'NONE',  ( 11.14671944570249629, 4.999999999999052314, -29.78887587036050633 ) ) ;
#1665 = AXIS2_PLACEMENT_3D ( 'NONE', #380, #128, #2237 ) ;
#1666 = ADVANCED_FACE ( 'NONE', ( #1025 ), #1618, .F. ) ;
#1667 = ORIENTED_EDGE ( 'NONE', *, *, #633, .T. ) ;
#1668 = CARTESIAN_POINT ( 'NONE',  ( 30.61540230127366513, 0.000000000000000000, -14.83282005677077109 ) ) ;
#1669 = CARTESIAN_POINT ( 'NONE',  ( -4.930380657631323784E-29, 4.500000000000002665, -30.00000000000000355 ) ) ;
#1670 = APPLICATION_PROTOCOL_DEFINITION ( 'international standard', 'config_control_design', 1994, #40 ) ;
#1671 = DIRECTION ( 'NONE',  ( 0.000000000000000000, -1.000000000000000000, 0.000000000000000000 ) ) ;
#1672 = CARTESIAN_POINT ( 'NONE',  ( -10.22122415585161370, -0.000000000000000000, 22.03693165329573844 ) ) ;
#1673 = CARTESIAN_POINT ( 'NONE',  ( -34.75538492091050102, 4.999999999999998224, -9.069807528146192510 ) ) ;
#1674 = CARTESIAN_POINT ( 'NONE',  ( 9.981384238215989413, 5.000000000000000000, 33.54401779043649157 ) ) ;
#1675 = CARTESIAN_POINT ( 'NONE',  ( 5.614102640215481443, 5.000000000000000000, -38.98164411656666317 ) ) ;
#1676 = CARTESIAN_POINT ( 'NONE',  ( -4.930380657631323784E-29, 4.500000000000002665, -30.00000000000000355 ) ) ;
#1677 = ORIENTED_EDGE ( 'NONE', *, *, #2601, .F. ) ;
#1678 = AXIS2_PLACEMENT_3D ( 'NONE', #1507, #205, #3045 ) ;
#1679 = DIRECTION ( 'NONE',  ( 0.000000000000000000, 1.000000000000000000, -0.000000000000000000 ) ) ;
#1680 = AXIS2_PLACEMENT_3D ( 'NONE', #1908, #2167, #2443 ) ;
#1681 = CARTESIAN_POINT ( 'NONE',  ( -27.54276447467065125, 0.000000000000000000, -10.14922088520974164 ) ) ;
#1682 = ORIENTED_EDGE ( 'NONE', *, *, #931, .T. ) ;
#1683 = CC_DESIGN_PERSON_AND_ORGANIZATION_ASSIGNMENT ( #1353, #2993, ( #2923 ) ) ;
#1684 = EDGE_LOOP ( 'NONE', ( #933, #2883 ) ) ;
#1685 = CARTESIAN_POINT ( 'NONE',  ( -4.488876146917792020, 0.000000000000000000, -31.04505334954055229 ) ) ;
#1686 = CARTESIAN_POINT ( 'NONE',  ( -12.77482854217249120, 5.000000000000000000, -27.59284632937523440 ) ) ;
#1687 = CARTESIAN_POINT ( 'NONE',  ( -25.98076211353298248, 0.000000000000000000, -11.50000000000030553 ) ) ;
#1688 = DIRECTION ( 'NONE',  ( 0.000000000000000000, 1.000000000000000000, -0.000000000000000000 ) ) ;
#1689 = EDGE_CURVE ( 'NONE', #2013, #2450, #2348, .T. ) ;
#1690 = DIRECTION ( 'NONE',  ( 0.000000000000000000, 0.000000000000000000, -1.000000000000000000 ) ) ;
#1691 = CARTESIAN_POINT ( 'NONE',  ( -2.094888803305880013E-13, 23.45548698896891082, 26.50000000000000000 ) ) ;
#1692 = CARTESIAN_POINT ( 'NONE',  ( 4.587027577213682150, 5.000000000000000000, -39.54695797704763294 ) ) ;
#1693 = DIRECTION ( 'NONE',  ( 0.000000000000000000, 0.000000000000000000, -1.000000000000000000 ) ) ;
#1694 = CIRCLE ( 'NONE', #198, 2.000000000000001776 ) ;
#1695 = ORIENTED_EDGE ( 'NONE', *, *, #1768, .F. ) ;
#1696 = FACE_OUTER_BOUND ( 'NONE', #1785, .T. ) ;
#1697 = LINE ( 'NONE', #2225, #2284 ) ;
#1698 = CARTESIAN_POINT ( 'NONE',  ( 4.488876146917521126, 0.000000000000000000, 31.04505334954047768 ) ) ;
#1699 = EDGE_CURVE ( 'NONE', #2897, #1264, #748, .T. ) ;
#1700 = EDGE_CURVE ( 'NONE', #1023, #1930, #3435, .T. ) ;
#1701 = ORIENTED_EDGE ( 'NONE', *, *, #233, .F. ) ;
#1702 = VERTEX_POINT ( 'NONE', #514 ) ;
#1703 = DIRECTION ( 'NONE',  ( 0.000000000000000000, 0.000000000000000000, -1.000000000000000000 ) ) ;
#1704 = CARTESIAN_POINT ( 'NONE',  ( -25.98076211353315301, 4.500000000000001776, 15.00000000000001421 ) ) ;
#1705 = CARTESIAN_POINT ( 'NONE',  ( 9.500000000000101252, 10.00000000000000000, -16.45448267190427316 ) ) ;
#1706 = DIRECTION ( 'NONE',  ( 0.000000000000000000, 0.000000000000000000, 1.000000000000000000 ) ) ;
#1707 = CONICAL_SURFACE ( 'NONE', #3198, 1.250000000000001110, 0.7853981633974551624 ) ;
#1708 = CARTESIAN_POINT ( 'NONE',  ( -22.92209866821912811, 5.000000000000000000, 25.07075979895723350 ) ) ;
#1709 = CARTESIAN_POINT ( 'NONE',  ( -2.353951694293888064, 5.000000000000219380, -40.32570092467878453 ) ) ;
#1710 = DIRECTION ( 'NONE',  ( 0.000000000000000000, 1.000000000000000000, -0.000000000000000000 ) ) ;
#1711 = ADVANCED_FACE ( 'NONE', ( #1074 ), #1058, .F. ) ;
#1712 = CARTESIAN_POINT ( 'NONE',  ( 6.561261665055798886, 0.000000000000000000, -26.04031949944272739 ) ) ;
#1713 = EDGE_LOOP ( 'NONE', ( #3174, #1174, #3439, #2173 ) ) ;
#1714 = CARTESIAN_POINT ( 'NONE',  ( -1.177099471159067878, 5.000000000000000000, 40.52499999999996305 ) ) ;
#1715 = LINE ( 'NONE', #1091, #561 ) ;
#1716 = VECTOR ( 'NONE', #483, 1000.000000000000000 ) ;
#1717 = DIRECTION ( 'NONE',  ( 0.000000000000000000, -1.000000000000000000, 0.000000000000000000 ) ) ;
#1718 = EDGE_LOOP ( 'NONE', ( #2438, #649, #2821, #1527 ) ) ;
#1719 = CC_DESIGN_SECURITY_CLASSIFICATION ( #2425, ( #2923 ) ) ;
#1720 = EDGE_LOOP ( 'NONE', ( #424, #3240 ) ) ;
#1721 = AXIS2_PLACEMENT_3D ( 'NONE', #1412, #111, #630 ) ;
#1722 = ADVANCED_FACE ( 'NONE', ( #274 ), #810, .F. ) ;
#1723 = CIRCLE ( 'NONE', #3156, 1.250000000000001110 ) ;
#1724 = ORIENTED_EDGE ( 'NONE', *, *, #261, .F. ) ;
#1725 = CARTESIAN_POINT ( 'NONE',  ( 33.17296421218446056, 5.000000000000000000, -7.315739855252399337 ) ) ;
#1726 = CARTESIAN_POINT ( 'NONE',  ( -24.64136678908643674, 0.000000000000000000, -19.41000745244294379 ) ) ;
#1727 = DIRECTION ( 'NONE',  ( 0.000000000000000000, 0.000000000000000000, -1.000000000000000000 ) ) ;
#1728 = CARTESIAN_POINT ( 'NONE',  ( 5.913653608951521257, 0.000000000000000000, 26.91375937975476518 ) ) ;
#1729 = CARTESIAN_POINT ( 'NONE',  ( -2.086897982941443614E-13, 3.000000000000000000, 36.52499999999999858 ) ) ;
#1730 = CARTESIAN_POINT ( 'NONE',  ( 1.177099471158250088, 5.000000000000000000, -40.52499999999996305 ) ) ;
#1731 = FACE_OUTER_BOUND ( 'NONE', #2545, .T. ) ;
#1732 = CARTESIAN_POINT ( 'NONE',  ( 22.53590052068462768, -0.000000000000000000, -18.88675025704828059 ) ) ;
#1733 = ORIENTED_EDGE ( 'NONE', *, *, #2116, .T. ) ;
#1734 = CARTESIAN_POINT ( 'NONE',  ( -4.488876146917927024, 0.000000000000000000, 31.04505334954054163 ) ) ;
#1735 = DIRECTION ( 'NONE',  ( -0.000000000000000000, -1.000000000000000000, -0.000000000000000000 ) ) ;
#1736 = CARTESIAN_POINT ( 'NONE',  ( -30.95204276612918193, 5.000000000000000888, -24.35277756415587902 ) ) ;
#1737 = DIRECTION ( 'NONE',  ( -0.000000000000000000, -1.000000000000000000, -0.000000000000000000 ) ) ;
#1738 = VERTEX_POINT ( 'NONE', #1611 ) ;
#1739 = AXIS2_PLACEMENT_3D ( 'NONE', #1872, #482, #2918 ) ;
#1740 = VERTEX_POINT ( 'NONE', #1547 ) ;
#1741 = CARTESIAN_POINT ( 'NONE',  ( 36.09811043934445252, 5.000000000000000888, -18.13485922260029781 ) ) ;
#1742 = FACE_OUTER_BOUND ( 'NONE', #3137, .T. ) ;
#1743 = DIRECTION ( 'NONE',  ( 0.000000000000000000, 0.000000000000000000, 1.000000000000000000 ) ) ;
#1744 = CARTESIAN_POINT ( 'NONE',  ( 24.64136678908640121, 0.000000000000000000, -19.41000745244308945 ) ) ;
#1745 = FACE_OUTER_BOUND ( 'NONE', #2049, .T. ) ;
#1746 = ORIENTED_EDGE ( 'NONE', *, *, #2601, .T. ) ;
#1747 = DIRECTION ( 'NONE',  ( 0.000000000000000000, 0.000000000000000000, -1.000000000000000000 ) ) ;
#1748 = FACE_OUTER_BOUND ( 'NONE', #1718, .T. ) ;
#1749 = CARTESIAN_POINT ( 'NONE',  ( -36.10005727333378189, 5.000000000000000000, -18.12426849580037214 ) ) ;
#1750 = ORIENTED_EDGE ( 'NONE', *, *, #1975, .T. ) ;
#1751 = AXIS2_PLACEMENT_3D ( 'NONE', #1117, #1671, #2458 ) ;
#1752 = CARTESIAN_POINT ( 'NONE',  ( -4.371987765604130161, 0.000000000000000000, 31.54713055636806374 ) ) ;
#1753 = CARTESIAN_POINT ( 'NONE',  ( 30.28352015504004413, 5.000000000000948575, -2.733097118175417339 ) ) ;
#1754 = FACE_OUTER_BOUND ( 'NONE', #2669, .T. ) ;
#1755 = DIRECTION ( 'NONE',  ( 0.000000000000000000, 0.000000000000000000, 1.000000000000000000 ) ) ;
#1756 = ORIENTED_EDGE ( 'NONE', *, *, #1509, .F. ) ;
#1757 = ORIENTED_EDGE ( 'NONE', *, *, #1768, .T. ) ;
#1758 = EDGE_CURVE ( 'NONE', #966, #3333, #337, .T. ) ;
#1759 = ORIENTED_EDGE ( 'NONE', *, *, #456, .F. ) ;
#1760 = FACE_BOUND ( 'NONE', #1983, .T. ) ;
#1761 = FACE_OUTER_BOUND ( 'NONE', #2783, .T. ) ;
#1762 = CARTESIAN_POINT ( 'NONE',  ( 30.95204276613374006, 5.000000000000000888, 24.35277756415187511 ) ) ;
#1763 = CARTESIAN_POINT ( 'NONE',  ( 20.24265053086923061, 4.336808689942017736E-16, -23.69499068692842769 ) ) ;
#1764 = CARTESIAN_POINT ( 'NONE',  ( 24.53483428464017280, 0.000000000000000000, -4.346752487153876743 ) ) ;
#1765 = ORIENTED_EDGE ( 'NONE', *, *, #795, .T. ) ;
#1766 = CARTESIAN_POINT ( 'NONE',  ( 2.462102171711453735, 0.000000000000000000, -33.93012616837046380 ) ) ;
#1767 = CARTESIAN_POINT ( 'NONE',  ( -2.094888803305880013E-13, 4.500000000000002665, 30.00000000000000000 ) ) ;
#1768 = EDGE_CURVE ( 'NONE', #2277, #1128, #1715, .T. ) ;
#1769 = EDGE_CURVE ( 'NONE', #1367, #2763, #3061, .T. ) ;
#1770 = CIRCLE ( 'NONE', #1543, 7.025000000000003908 ) ;
#1771 = EDGE_LOOP ( 'NONE', ( #874, #2161, #2782, #2351 ) ) ;
#1772 = CARTESIAN_POINT ( 'NONE',  ( 5.622493802823368192, 4.999999999999560352, 38.97489563182985250 ) ) ;
#1773 = CARTESIAN_POINT ( 'NONE',  ( -16.03181522015569627, 0.000000000000000000, 19.07441352456740802 ) ) ;
#1774 = CARTESIAN_POINT ( 'NONE',  ( 25.98076211353319565, 2.999999999999999112, -11.49999999999994138 ) ) ;
#1775 = CARTESIAN_POINT ( 'NONE',  ( -25.98076211353315301, 4.500000000000001776, 8.475000000000013856 ) ) ;
#1776 = VERTEX_POINT ( 'NONE', #1192 ) ;
#1777 = VECTOR ( 'NONE', #627, 1000.000000000000000 ) ;
#1778 = EDGE_CURVE ( 'NONE', #565, #2543, #1697, .T. ) ;
#1779 = ORIENTED_EDGE ( 'NONE', *, *, #3049, .F. ) ;
#1780 = AXIS2_PLACEMENT_3D ( 'NONE', #1966, #617, #1626 ) ;
#1781 = CARTESIAN_POINT ( 'NONE',  ( -33.38589510601604360, -1.535587351134604638E-12, 8.672629179159116575 ) ) ;
#1782 = LINE ( 'NONE', #427, #2025 ) ;
#1783 = CARTESIAN_POINT ( 'NONE',  ( 17.50869161287132769, 5.000000000000948575, 24.85974921119246517 ) ) ;
#1784 = CARTESIAN_POINT ( 'NONE',  ( 24.04850509713778095, 5.000000000000000000, -25.41286885899556935 ) ) ;
#1785 = EDGE_LOOP ( 'NONE', ( #2874, #479 ) ) ;
#1786 = CARTESIAN_POINT ( 'NONE',  ( -0.5154543990426865285, 0.000000000000000000, -34.60892021690034426 ) ) ;
#1787 = DIRECTION ( 'NONE',  ( 0.000000000000000000, 0.000000000000000000, 1.000000000000000000 ) ) ;
#1788 = FACE_OUTER_BOUND ( 'NONE', #2585, .T. ) ;
#1789 = DIRECTION ( 'NONE',  ( 0.000000000000000000, 0.000000000000000000, 1.000000000000000000 ) ) ;
#1790 = CARTESIAN_POINT ( 'NONE',  ( -9.500000000000095923, 0.7499999999999833467, 16.45448267190428027 ) ) ;
#1791 = CARTESIAN_POINT ( 'NONE',  ( -25.98076211353315301, 23.45548698896891082, 11.49999999999972999 ) ) ;
#1792 = ORIENTED_EDGE ( 'NONE', *, *, #2062, .T. ) ;
#1793 = ORIENTED_EDGE ( 'NONE', *, *, #1946, .T. ) ;
#1794 = VERTEX_POINT ( 'NONE', #2258 ) ;
#1795 = CARTESIAN_POINT ( 'NONE',  ( -25.23237618726539822, 5.000000000000000000, 25.56414249574302744 ) ) ;
#1796 = CIRCLE ( 'NONE', #287, 1.999999999999974021 ) ;
#1797 = CARTESIAN_POINT ( 'NONE',  ( -2.008490687431737420, -0.000000000000000000, 34.18079853062077689 ) ) ;
#1798 = CARTESIAN_POINT ( 'NONE',  ( 23.16770839977153429, -5.421010862427522170E-16, -24.26208089231264964 ) ) ;
#1799 = CARTESIAN_POINT ( 'NONE',  ( -19.00000000000000355, 5.000000000000000000, -1.179611963664228824E-13 ) ) ;
#1800 = ORIENTED_EDGE ( 'NONE', *, *, #500, .F. ) ;
#1801 = CARTESIAN_POINT ( 'NONE',  ( -27.59559208913526973, 5.000000000000001776, 25.46795306701555006 ) ) ;
#1802 = ADVANCED_FACE ( 'NONE', ( #1451 ), #1885, .F. ) ;
#1803 = DIRECTION ( 'NONE',  ( -0.000000000000000000, -1.000000000000000000, -0.000000000000000000 ) ) ;
#1804 = CARTESIAN_POINT ( 'NONE',  ( -4.930380657631323784E-29, 4.500000000000002665, -36.52499999999999858 ) ) ;
#1805 = DIRECTION ( 'NONE',  ( 0.000000000000000000, 0.000000000000000000, 1.000000000000000000 ) ) ;
#1806 = VECTOR ( 'NONE', #2276, 1000.000000000000000 ) ;
#1807 = CARTESIAN_POINT ( 'NONE',  ( -24.08387959363923869, -0.000000000000000000, -1.086547033259979367 ) ) ;
#1808 = EDGE_LOOP ( 'NONE', ( #1534, #3243, #975, #765 ) ) ;
#1809 = EDGE_CURVE ( 'NONE', #31, #1271, #2168, .T. ) ;
#1810 = EDGE_CURVE ( 'NONE', #1198, #1776, #1628, .T. ) ;
#1811 = ORIENTED_EDGE ( 'NONE', *, *, #2217, .T. ) ;
#1812 = CARTESIAN_POINT ( 'NONE',  ( 24.19523318150706714, 0.000000000000000000, 2.166609765746183580 ) ) ;
#1813 = CARTESIAN_POINT ( 'NONE',  ( 25.98076211353309262, 4.499999999999999112, 15.00000000000012257 ) ) ;
#1814 = ORIENTED_EDGE ( 'NONE', *, *, #3098, .F. ) ;
#1815 = DIRECTION ( 'NONE',  ( 0.000000000000000000, 0.000000000000000000, 1.000000000000000000 ) ) ;
#1816 = CARTESIAN_POINT ( 'NONE',  ( 24.20366473976404720, 2.194935304091954951E-13, 24.57671870031322570 ) ) ;
#1817 = LINE ( 'NONE', #2342, #321 ) ;
#1818 = CARTESIAN_POINT ( 'NONE',  ( -22.92209866821902864, 4.999999999999999112, 25.07075979895756745 ) ) ;
#1819 = DIRECTION ( 'NONE',  ( 0.000000000000000000, -1.000000000000000000, 0.000000000000000000 ) ) ;
#1820 = FACE_OUTER_BOUND ( 'NONE', #2046, .T. ) ;
#1821 = VERTEX_POINT ( 'NONE', #1347 ) ;
#1822 = AXIS2_PLACEMENT_3D ( 'NONE', #1979, #663, #1690 ) ;
#1823 = EDGE_CURVE ( 'NONE', #1740, #2129, #399, .T. ) ;
#1824 = DIRECTION ( 'NONE',  ( 0.000000000000000000, 0.000000000000000000, 1.000000000000000000 ) ) ;
#1825 = VECTOR ( 'NONE', #875, 1000.000000000000000 ) ;
#1826 = ORIENTED_EDGE ( 'NONE', *, *, #889, .T. ) ;
#1827 = AXIS2_PLACEMENT_3D ( 'NONE', #821, #38, #2432 ) ;
#1828 = CARTESIAN_POINT ( 'NONE',  ( 28.75241050924596919, 5.000000000000000000, -25.22150445558477827 ) ) ;
#1829 = ORIENTED_EDGE ( 'NONE', *, *, #3170, .T. ) ;
#1830 = CARTESIAN_POINT ( 'NONE',  ( 35.28748099217972367, -8.673617379884035472E-16, 17.87339069892260923 ) ) ;
#1831 = CIRCLE ( 'NONE', #1665, 6.525000000000003020 ) ;
#1832 = AXIS2_PLACEMENT_3D ( 'NONE', #628, #2201, #3266 ) ;
#1833 = CARTESIAN_POINT ( 'NONE',  ( 1.849216666712503340E-15, 1.000000000000000000, 15.09999999999999964 ) ) ;
#1834 = CC_DESIGN_PERSON_AND_ORGANIZATION_ASSIGNMENT ( #1922, #292, ( #2923 ) ) ;
#1835 = CARTESIAN_POINT ( 'NONE',  ( -13.81625976971168157, 5.000000000000000000, 26.66419485413563706 ) ) ;
#1836 = DIRECTION ( 'NONE',  ( 8.659560562354971069E-17, -0.7071067811865443531, 0.7071067811865506814 ) ) ;
#1837 = DIRECTION ( 'NONE',  ( -0.000000000000000000, -1.000000000000000000, -0.000000000000000000 ) ) ;
#1838 = VERTEX_POINT ( 'NONE', #305 ) ;
#1839 = EDGE_CURVE ( 'NONE', #2547, #2721, #2878, .T. ) ;
#1840 = CARTESIAN_POINT ( 'NONE',  ( -24.64136678908649003, 0.000000000000000000, 19.41000745244275194 ) ) ;
#1841 = VERTEX_POINT ( 'NONE', #3289 ) ;
#1842 = VECTOR ( 'NONE', #929, 1000.000000000000000 ) ;
#1843 = VECTOR ( 'NONE', #1014, 1000.000000000000000 ) ;
#1844 = DIRECTION ( 'NONE',  ( -0.000000000000000000, -1.000000000000000000, -0.000000000000000000 ) ) ;
#1845 = ORIENTED_EDGE ( 'NONE', *, *, #1331, .F. ) ;
#1846 = DIRECTION ( 'NONE',  ( 0.000000000000000000, 1.000000000000000000, -0.000000000000000000 ) ) ;
#1847 = CARTESIAN_POINT ( 'NONE',  ( 34.75538492091194342, 5.000000000000000888, 9.069807528145810593 ) ) ;
#1848 = CARTESIAN_POINT ( 'NONE',  ( 29.13024293600408043, 0.000000000000000000, -11.63504589709757120 ) ) ;
#1849 = CARTESIAN_POINT ( 'NONE',  ( 25.98076211353319565, 4.500000000000007994, -14.99999999999993960 ) ) ;
#1850 = DIRECTION ( 'NONE',  ( 0.000000000000000000, 1.000000000000000000, -0.000000000000000000 ) ) ;
#1851 = DIRECTION ( 'NONE',  ( 8.659560562354992023E-17, -0.7071067811865426878, 0.7071067811865523467 ) ) ;
#1852 = EDGE_LOOP ( 'NONE', ( #1343, #67, #226, #1883 ) ) ;
#1853 = CARTESIAN_POINT ( 'NONE',  ( 3.616265055617287505, 0.000000000000000000, -32.90425705680200963 ) ) ;
#1854 = ADVANCED_FACE ( 'NONE', ( #1754 ), #66, .F. ) ;
#1855 = DESIGN_CONTEXT ( 'detailed design', #225, 'design' ) ;
#1856 = DIRECTION ( 'NONE',  ( -0.000000000000000000, -1.000000000000000000, -0.000000000000000000 ) ) ;
#1857 = EDGE_LOOP ( 'NONE', ( #675, #3310, #880, #1466 ) ) ;
#1858 = CARTESIAN_POINT ( 'NONE',  ( 29.82318837981189219, 0.000000000000000000, -12.40315591699355124 ) ) ;
#1859 = ORIENTED_EDGE ( 'NONE', *, *, #2082, .T. ) ;
#1860 = CARTESIAN_POINT ( 'NONE',  ( 25.98076211353319565, 0.000000000000000000, -14.99999999999993960 ) ) ;
#1861 = CARTESIAN_POINT ( 'NONE',  ( 0.000000000000000000, 1.000000000000000000, 0.000000000000000000 ) ) ;
#1862 = DIRECTION ( 'NONE',  ( 0.000000000000000000, 0.000000000000000000, 1.000000000000000000 ) ) ;
#1863 = DIRECTION ( 'NONE',  ( 0.000000000000000000, 1.000000000000000000, -0.000000000000000000 ) ) ;
#1864 = EDGE_CURVE ( 'NONE', #2838, #2952, #3171, .T. ) ;
#1865 = EDGE_CURVE ( 'NONE', #1937, #83, #1007, .T. ) ;
#1866 = DIRECTION ( 'NONE',  ( 0.000000000000000000, 1.000000000000000000, 0.000000000000000000 ) ) ;
#1867 = CARTESIAN_POINT ( 'NONE',  ( -25.83220904170443433, 0.000000000000000000, 7.337940466914643523 ) ) ;
#1868 = ORIENTED_EDGE ( 'NONE', *, *, #2144, .F. ) ;
#1869 = CARTESIAN_POINT ( 'NONE',  ( -33.12255089312268552, -8.673617379884035472E-16, 21.62315962532468205 ) ) ;
#1870 = CIRCLE ( 'NONE', #364, 1.249999999999997335 ) ;
#1871 = EDGE_CURVE ( 'NONE', #3063, #830, #2378, .T. ) ;
#1872 = CARTESIAN_POINT ( 'NONE',  ( 25.98076211353309262, 23.45548698896891082, 15.00000000000012257 ) ) ;
#1873 = EDGE_LOOP ( 'NONE', ( #469, #2454, #3221, #2490 ) ) ;
#1874 = CARTESIAN_POINT ( 'NONE',  ( -25.98076211353298248, 3.000000000000000000, -15.00000000000030376 ) ) ;
#1875 = VERTEX_POINT ( 'NONE', #2075 ) ;
#1876 = CYLINDRICAL_SURFACE ( 'NONE', #3074, 13.10000000000000142 ) ;
#1877 = CARTESIAN_POINT ( 'NONE',  ( -33.12255089311891254, 8.673617379884035472E-16, -21.62315962532632696 ) ) ;
#1878 = FACE_BOUND ( 'NONE', #710, .T. ) ;
#1879 = CARTESIAN_POINT ( 'NONE',  ( -9.500000000000095923, 10.00000000000000000, 16.45448267190428027 ) ) ;
#1880 = DIRECTION ( 'NONE',  ( 0.000000000000000000, 0.000000000000000000, 1.000000000000000000 ) ) ;
#1881 = CIRCLE ( 'NONE', #2599, 3.499999999999997780 ) ;
#1882 = DIRECTION ( 'NONE',  ( 0.000000000000000000, 0.000000000000000000, -1.000000000000000000 ) ) ;
#1883 = ORIENTED_EDGE ( 'NONE', *, *, #795, .F. ) ;
#1884 = CARTESIAN_POINT ( 'NONE',  ( -2.008446323589863969, 0.000000000000000000, -34.18067130378920382 ) ) ;
#1885 = CYLINDRICAL_SURFACE ( 'NONE', #3117, 1.249999999999997335 ) ;
#1886 = VERTEX_POINT ( 'NONE', #3103 ) ;
#1887 = CARTESIAN_POINT ( 'NONE',  ( -28.15750311952754359, -0.000000000000000000, 19.09571847029877745 ) ) ;
#1888 = ORIENTED_EDGE ( 'NONE', *, *, #1352, .T. ) ;
#1889 = PERSON_AND_ORGANIZATION ( #3047, #1381 ) ;
#1890 = CARTESIAN_POINT ( 'NONE',  ( -7.855411008377752857, -0.000000000000000000, 24.29460589203543464 ) ) ;
#1891 = FACE_OUTER_BOUND ( 'NONE', #2937, .T. ) ;
#1892 = CARTESIAN_POINT ( 'NONE',  ( -5.614102640201111605, 5.000000000000000000, 38.98164411657204909 ) ) ;
#1893 = CARTESIAN_POINT ( 'NONE',  ( 2.343806438872959585, 5.000000000000000000, -40.32931028038574084 ) ) ;
#1894 = EDGE_CURVE ( 'NONE', #1076, #1196, #1066, .T. ) ;
#1895 = FACE_BOUND ( 'NONE', #381, .T. ) ;
#1896 = CARTESIAN_POINT ( 'NONE',  ( -2.090602539508864409E-13, 0.000000000000000000, 33.50000000000000000 ) ) ;
#1897 = VERTEX_POINT ( 'NONE', #3382 ) ;
#1898 = CARTESIAN_POINT ( 'NONE',  ( -21.61394677841976986, 5.000000000003791634, 24.67345150780158392 ) ) ;
#1899 = CARTESIAN_POINT ( 'NONE',  ( 0.000000000000000000, 5.000000000000000000, -15.09999999999999964 ) ) ;
#1900 = CARTESIAN_POINT ( 'NONE',  ( -9.500000000000095923, 0.7499999999999833467, 17.70448267190427671 ) ) ;
#1901 = EDGE_CURVE ( 'NONE', #989, #2855, #2280, .T. ) ;
#1902 = EDGE_CURVE ( 'NONE', #460, #1455, #2920, .T. ) ;
#1903 = AXIS2_PLACEMENT_3D ( 'NONE', #1705, #959, #1459 ) ;
#1904 = ORIENTED_EDGE ( 'NONE', *, *, #524, .F. ) ;
#1905 = CARTESIAN_POINT ( 'NONE',  ( 25.65304230112173300, 0.000000000000000000, -19.62606080027022060 ) ) ;
#1906 = DIRECTION ( 'NONE',  ( 0.000000000000000000, 0.000000000000000000, 1.000000000000000000 ) ) ;
#1907 = DIRECTION ( 'NONE',  ( -0.000000000000000000, -1.000000000000000000, -0.000000000000000000 ) ) ;
#1908 = CARTESIAN_POINT ( 'NONE',  ( -25.98076211353315301, 0.000000000000000000, 15.00000000000001421 ) ) ;
#1909 = CARTESIAN_POINT ( 'NONE',  ( -30.61540230127512174, 0.000000000000000000, -14.83282005677142479 ) ) ;
#1910 = CARTESIAN_POINT ( 'NONE',  ( 10.25086554396511573, 5.000000000000000000, 32.38649965420984245 ) ) ;
#1911 = DIRECTION ( 'NONE',  ( 0.000000000000000000, -1.000000000000000000, 0.000000000000000000 ) ) ;
#1912 = ADVANCED_FACE ( 'NONE', ( #729 ), #3347, .F. ) ;
#1913 = DIRECTION ( 'NONE',  ( -0.000000000000000000, -1.000000000000000000, -0.000000000000000000 ) ) ;
#1914 = CARTESIAN_POINT ( 'NONE',  ( 29.13024293600403425, 0.000000000000000000, 11.63504589709761028 ) ) ;
#1915 = EDGE_LOOP ( 'NONE', ( #291, #2107, #1512, #2931 ) ) ;
#1916 = DIRECTION ( 'NONE',  ( -0.000000000000000000, -1.000000000000000000, -0.000000000000000000 ) ) ;
#1917 = CARTESIAN_POINT ( 'NONE',  ( -24.08392021690042739, 0.000000000000000000, -2.173880280559679079 ) ) ;
#1918 = CIRCLE ( 'NONE', #589, 2.000000000000001776 ) ;
#1919 = ORIENTED_EDGE ( 'NONE', *, *, #1700, .T. ) ;
#1920 = DIRECTION ( 'NONE',  ( 0.000000000000000000, 0.000000000000000000, 1.000000000000000000 ) ) ;
#1921 = CARTESIAN_POINT ( 'NONE',  ( -9.427724201530013559, 3.252606517456513302E-16, -32.19486446782859446 ) ) ;
#1922 = PERSON_AND_ORGANIZATION ( #3047, #1381 ) ;
#1923 = CARTESIAN_POINT ( 'NONE',  ( -25.98076211353315301, 3.000000000000000000, 8.475000000000013856 ) ) ;
#1924 = CARTESIAN_POINT ( 'NONE',  ( -6.007308542945317242, -0.000000000000000000, 26.97416892975087066 ) ) ;
#1925 = CARTESIAN_POINT ( 'NONE',  ( 9.499999999999904077, 0.7499999999999920064, 16.45448267190439040 ) ) ;
#1926 = FACE_BOUND ( 'NONE', #1684, .T. ) ;
#1927 = CIRCLE ( 'NONE', #2537, 3.500000000000003109 ) ;
#1928 = DIRECTION ( 'NONE',  ( 0.000000000000000000, 0.000000000000000000, 1.000000000000000000 ) ) ;
#1929 = CARTESIAN_POINT ( 'NONE',  ( 11.10100308688225645, 0.000000000000000000, -21.40059542796160841 ) ) ;
#1930 = VERTEX_POINT ( 'NONE', #418 ) ;
#1931 = CIRCLE ( 'NONE', #3321, 2.000000000000001776 ) ;
#1932 = CARTESIAN_POINT ( 'NONE',  ( -9.500000000000095923, 1.084202172485504434E-16, 14.45448267190430691 ) ) ;
#1933 = CYLINDRICAL_SURFACE ( 'NONE', #2834, 1.250000000000001110 ) ;
#1934 = AXIS2_PLACEMENT_3D ( 'NONE', #440, #969, #760 ) ;
#1935 = ORIENTED_EDGE ( 'NONE', *, *, #2463, .T. ) ;
#1936 = ADVANCED_FACE ( 'NONE', ( #2576 ), #2028, .F. ) ;
#1937 = VERTEX_POINT ( 'NONE', #1774 ) ;
#1938 = CARTESIAN_POINT ( 'NONE',  ( 34.75032440027308667, 5.000000000000000888, -9.060302540644725511 ) ) ;
#1939 = CARTESIAN_POINT ( 'NONE',  ( -21.74922086043218528, -4.745102271526736207E-13, -23.83126176140471131 ) ) ;
#1940 = CARTESIAN_POINT ( 'NONE',  ( 19.27094737662513779, 0.000000000000000000, 18.70237903254571776 ) ) ;
#1941 = CARTESIAN_POINT ( 'NONE',  ( 25.98076211353309262, 0.000000000000000000, 15.00000000000012257 ) ) ;
#1942 = CARTESIAN_POINT ( 'NONE',  ( 33.17296421218443214, 5.000000000000000000, 7.315739855252346935 ) ) ;
#1943 = CARTESIAN_POINT ( 'NONE',  ( -9.528710033965474224, 5.000000000000000000, 34.62481499070688784 ) ) ;
#1944 = CARTESIAN_POINT ( 'NONE',  ( 30.41111715983710440, 0.000000000000000000, -16.37252444375179650 ) ) ;
#1945 = DIRECTION ( 'NONE',  ( -0.000000000000000000, -1.000000000000000000, -0.000000000000000000 ) ) ;
#1946 = EDGE_CURVE ( 'NONE', #1334, #1511, #3041, .T. ) ;
#1947 = EDGE_CURVE ( 'NONE', #989, #1740, #2323, .T. ) ;
#1948 = ORIENTED_EDGE ( 'NONE', *, *, #2766, .T. ) ;
#1949 = AXIS2_PLACEMENT_3D ( 'NONE', #673, #3308, #1755 ) ;
#1950 = CARTESIAN_POINT ( 'NONE',  ( -27.19447292827204166, 0.000000000000000000, 19.47601886294374651 ) ) ;
#1951 = CARTESIAN_POINT ( 'NONE',  ( 20.22456353106131033, 4.999999999999999112, -24.54778014401693298 ) ) ;
#1952 = ORIENTED_EDGE ( 'NONE', *, *, #2941, .T. ) ;
#1953 = ORIENTED_EDGE ( 'NONE', *, *, #1689, .F. ) ;
#1954 = CARTESIAN_POINT ( 'NONE',  ( 31.95524491488533414, 5.000000000000000000, -23.74606395744745058 ) ) ;
#1955 = CARTESIAN_POINT ( 'NONE',  ( -16.03181522015599469, 0.000000000000000000, -19.07441352456934425 ) ) ;
#1956 = EDGE_CURVE ( 'NONE', #1369, #1023, #49, .T. ) ;
#1957 = CARTESIAN_POINT ( 'NONE',  ( -22.92209866821901798, 5.000000000000000000, -25.07075979895784812 ) ) ;
#1958 = CIRCLE ( 'NONE', #1134, 6.525000000000003020 ) ;
#1959 = CARTESIAN_POINT ( 'NONE',  ( -5.088659126279248213, -0.000000000000000000, 28.95978774248465015 ) ) ;
#1960 = CARTESIAN_POINT ( 'NONE',  ( 8.264024087252426654, 5.000000000000000000, -36.62322384117509699 ) ) ;
#1961 = PLANE ( 'NONE',  #211 ) ;
#1962 = CARTESIAN_POINT ( 'NONE',  ( -30.94200282559519266, 5.000000000000000000, -24.35667028178131233 ) ) ;
#1963 = AXIS2_PLACEMENT_3D ( 'NONE', #678, #977, #2246 ) ;
#1964 = ORIENTED_EDGE ( 'NONE', *, *, #2007, .F. ) ;
#1965 = VECTOR ( 'NONE', #1249, 1000.000000000000000 ) ;
#1966 = CARTESIAN_POINT ( 'NONE',  ( -2.094888803305880013E-13, 2.999999999999999112, 30.00000000000000000 ) ) ;
#1967 = EDGE_CURVE ( 'NONE', #2057, #1511, #3119, .T. ) ;
#1968 = CARTESIAN_POINT ( 'NONE',  ( -4.488876146917792020, 0.000000000000000000, -31.04505334954055229 ) ) ;
#1969 = CARTESIAN_POINT ( 'NONE',  ( -2.094888803305880013E-13, 0.000000000000000000, 26.50000000000000000 ) ) ;
#1970 = B_SPLINE_CURVE_WITH_KNOTS ( 'NONE', 3,
 ( #527, #1590, #2911, #2332, #3401, #2375, #1327, #1342, #3415, #543 ),
 .UNSPECIFIED., .F., .F.,
 ( 4, 2, 2, 2, 4 ),
 ( 0.000000000000000000, 0.2499999999999998612, 0.4999999999999997224, 0.7500000000000001110, 1.000000000000000000 ),
 .UNSPECIFIED. ) ;
#1971 = ORIENTED_EDGE ( 'NONE', *, *, #492, .T. ) ;
#1972 = ORIENTED_EDGE ( 'NONE', *, *, #1325, .T. ) ;
#1973 = EDGE_LOOP ( 'NONE', ( #2846, #206, #2775, #1175 ) ) ;
#1974 = FACE_OUTER_BOUND ( 'NONE', #974, .T. ) ;
#1975 = EDGE_CURVE ( 'NONE', #1198, #1070, #2344, .T. ) ;
#1976 = DIRECTION ( 'NONE',  ( 0.000000000000000000, 0.000000000000000000, 1.000000000000000000 ) ) ;
#1977 = CARTESIAN_POINT ( 'NONE',  ( 36.09797739399637351, 5.000000000000001776, 18.13483389966346593 ) ) ;
#1978 = CARTESIAN_POINT ( 'NONE',  ( 9.427724201530029546, -6.505213034913026604E-16, 32.19486446782857314 ) ) ;
#1979 = CARTESIAN_POINT ( 'NONE',  ( -2.094888803305880013E-13, 5.000000000000000000, 30.00000000000000000 ) ) ;
#1980 = DIRECTION ( 'NONE',  ( -0.000000000000000000, -1.000000000000000000, -0.000000000000000000 ) ) ;
#1981 = DIRECTION ( 'NONE',  ( -0.000000000000000000, -1.000000000000000000, -0.000000000000000000 ) ) ;
#1982 = CARTESIAN_POINT ( 'NONE',  ( 13.97395568796178544, 0.000000000000000000, -19.87038170280305494 ) ) ;
#1983 = EDGE_LOOP ( 'NONE', ( #1793, #214 ) ) ;
#1984 = CARTESIAN_POINT ( 'NONE',  ( -1.082578746571077444, -8.673617379884035472E-16, 39.67984574527145014 ) ) ;
#1985 = EDGE_CURVE ( 'NONE', #2580, #1435, #744, .T. ) ;
#1986 = CARTESIAN_POINT ( 'NONE',  ( 19.00000000000000000, 0.000000000000000000, 1.127570259384924611E-13 ) ) ;
#1987 = CARTESIAN_POINT ( 'NONE',  ( -27.59539199226993844, 4.999999999999999112, -25.46809676331670858 ) ) ;
#1988 = AXIS2_PLACEMENT_3D ( 'NONE', #1513, #734, #268 ) ;
#1989 = CARTESIAN_POINT ( 'NONE',  ( 1.604287306883032847E-15, 1.000000000000000000, 13.10000000000000142 ) ) ;
#1990 = AXIS2_PLACEMENT_3D ( 'NONE', #2090, #1575, #496 ) ;
#1991 = ORIENTED_EDGE ( 'NONE', *, *, #564, .F. ) ;
#1992 = LOCAL_TIME ( 18, 22, 25.00000000000000000, #3261 ) ;
#1993 = ORIENTED_EDGE ( 'NONE', *, *, #1442, .T. ) ;
#1994 = AXIS2_PLACEMENT_3D ( 'NONE', #221, #1301, #2044 ) ;
#1995 = CIRCLE ( 'NONE', #499, 6.524999999999999467 ) ;
#1996 = EDGE_LOOP ( 'NONE', ( #3007, #2300, #1104, #1328 ) ) ;
#1997 = CARTESIAN_POINT ( 'NONE',  ( 35.68955456189240749, 5.000000000000000888, -19.23374276547838591 ) ) ;
#1998 = CYLINDRICAL_SURFACE ( 'NONE', #601, 6.525000000000008349 ) ;
#1999 = CARTESIAN_POINT ( 'NONE',  ( -1.026536487554162047, 0.000000000000000000, 34.52306223975639199 ) ) ;
#2000 = CARTESIAN_POINT ( 'NONE',  ( 10.15932456069496048, 0.000000000000000000, -21.94422687083492463 ) ) ;
#2001 = CARTESIAN_POINT ( 'NONE',  ( -19.00000000000000355, 0.000000000000000000, 1.999999999999856115 ) ) ;
#2002 = CARTESIAN_POINT ( 'NONE',  ( 4.209360082584170826, -2.194723994103317441E-13, -38.78365972075036439 ) ) ;
#2003 = CARTESIAN_POINT ( 'NONE',  ( -36.54218403912904733, 5.000000000000000000, 15.80099657877009989 ) ) ;
#2004 = CARTESIAN_POINT ( 'NONE',  ( -36.21866883481986576, 4.999999999999999112, -12.28956569324841475 ) ) ;
#2005 = VERTEX_POINT ( 'NONE', #773 ) ;
#2006 = CARTESIAN_POINT ( 'NONE',  ( 10.25086554396511396, 5.000000000000000000, 32.38649965420985666 ) ) ;
#2007 = EDGE_CURVE ( 'NONE', #431, #396, #498, .T. ) ;
#2008 = CARTESIAN_POINT ( 'NONE',  ( 33.17296421218446056, 5.000000000000000000, -7.315739855252399337 ) ) ;
#2009 = CARTESIAN_POINT ( 'NONE',  ( -2.094888803305880013E-13, 5.000000000000000000, 30.00000000000000000 ) ) ;
#2010 = CARTESIAN_POINT ( 'NONE',  ( -31.51308851979975501, -2.376345843360432354E-13, -6.919746896983071771 ) ) ;
#2011 = VERTEX_POINT ( 'NONE', #2852 ) ;
#2012 = AXIS2_PLACEMENT_3D ( 'NONE', #383, #2502, #911 ) ;
#2013 = VERTEX_POINT ( 'NONE', #1574 ) ;
#2014 = CARTESIAN_POINT ( 'NONE',  ( 28.74242032141579983, 5.000000000000000000, -25.22552313743969421 ) ) ;
#2015 = CARTESIAN_POINT ( 'NONE',  ( -19.00000000000000355, 10.00000000000000000, 1.249999999999883205 ) ) ;
#2016 = ADVANCED_FACE ( 'NONE', ( #1068 ), #3199, .F. ) ;
#2017 = EDGE_CURVE ( 'NONE', #2274, #1492, #3385, .T. ) ;
#2018 = FACE_OUTER_BOUND ( 'NONE', #3331, .T. ) ;
#2019 = CARTESIAN_POINT ( 'NONE',  ( 13.29384045414255056, -4.336808689942017736E-16, 25.98991371366624037 ) ) ;
#2020 = CARTESIAN_POINT ( 'NONE',  ( 0.000000000000000000, 1.000000000000000000, 0.000000000000000000 ) ) ;
#2021 = EDGE_LOOP ( 'NONE', ( #1563, #1316, #3350, #1061 ) ) ;
#2022 = CARTESIAN_POINT ( 'NONE',  ( 3.618833984673591964, 0.000000000000000000, -32.90032401545389718 ) ) ;
#2023 = CARTESIAN_POINT ( 'NONE',  ( -31.95524491488630048, 5.000000000000000000, 23.74606395744556764 ) ) ;
#2024 = ORIENTED_EDGE ( 'NONE', *, *, #216, .F. ) ;
#2025 = VECTOR ( 'NONE', #2247, 1000.000000000000000 ) ;
#2026 = CARTESIAN_POINT ( 'NONE',  ( 9.983937466362966973, 5.000000000000000000, 33.53305076665373718 ) ) ;
#2027 = CARTESIAN_POINT ( 'NONE',  ( -13.92459565620360351, 0.000000000000000000, 19.77034659027935604 ) ) ;
#2028 = CYLINDRICAL_SURFACE ( 'NONE', #2600, 15.09999999999999964 ) ;
#2029 = DIRECTION ( 'NONE',  ( 0.000000000000000000, 1.000000000000000000, 0.000000000000000000 ) ) ;
#2030 = EDGE_LOOP ( 'NONE', ( #1255, #144, #3095, #175 ) ) ;
#2031 = EDGE_LOOP ( 'NONE', ( #1453, #2564, #1012, #3269 ) ) ;
#2032 = VERTEX_POINT ( 'NONE', #2667 ) ;
#2033 = CARTESIAN_POINT ( 'NONE',  ( 25.22141426942514997, 5.000000000000000888, -25.56465614635571981 ) ) ;
#2034 = CARTESIAN_POINT ( 'NONE',  ( -29.71228907589691914, -0.000000000000000000, -17.75478088498429941 ) ) ;
#2035 = DIRECTION ( 'NONE',  ( 0.000000000000000000, 0.000000000000000000, 1.000000000000000000 ) ) ;
#2036 = CARTESIAN_POINT ( 'NONE',  ( 22.92209866821905351, 5.000000000000000000, -25.07075979895757456 ) ) ;
#2037 = CARTESIAN_POINT ( 'NONE',  ( 34.75538492091024523, 5.000000000000000000, -9.069807528144497866 ) ) ;
#2038 = ORIENTED_EDGE ( 'NONE', *, *, #878, .T. ) ;
#2039 = CARTESIAN_POINT ( 'NONE',  ( 0.5154543990426589950, 0.000000000000000000, -34.60892021690034426 ) ) ;
#2040 = CARTESIAN_POINT ( 'NONE',  ( -25.22141426944517306, 5.000000000000000888, 25.56465614636160666 ) ) ;
#2041 = AXIS2_PLACEMENT_3D ( 'NONE', #237, #2388, #20 ) ;
#2042 = CARTESIAN_POINT ( 'NONE',  ( -9.983937466362787561, 5.000000000000657252, 33.53305076665514406 ) ) ;
#2043 = CARTESIAN_POINT ( 'NONE',  ( -4.488876146917649024, 0.000000000000000000, 31.04505334954048834 ) ) ;
#2044 = DIRECTION ( 'NONE',  ( 0.000000000000000000, 0.000000000000000000, 1.000000000000000000 ) ) ;
#2045 = CARTESIAN_POINT ( 'NONE',  ( -31.51308851982191683, 9.479362521439644556E-13, 6.919746896960993432 ) ) ;
#2046 = EDGE_LOOP ( 'NONE', ( #1724, #1779, #1765, #2066 ) ) ;
#2047 = ORIENTED_EDGE ( 'NONE', *, *, #1032, .T. ) ;
#2048 = CIRCLE ( 'NONE', #2202, 1.999999999999974021 ) ;
#2049 = EDGE_LOOP ( 'NONE', ( #1826, #129, #2261, #732 ) ) ;
#2050 = CARTESIAN_POINT ( 'NONE',  ( 9.499999999999904077, 0.7499999999999920064, 15.20448267190439040 ) ) ;
#2051 = ADVANCED_FACE ( 'NONE', ( #1895, #542 ), #298, .T. ) ;
#2052 = CARTESIAN_POINT ( 'NONE',  ( -4.370843712823571536, 0.000000000000000000, 31.55204467031225946 ) ) ;
#2053 =( GEOMETRIC_REPRESENTATION_CONTEXT ( 3 ) GLOBAL_UNCERTAINTY_ASSIGNED_CONTEXT ( ( #3172 ) ) GLOBAL_UNIT_ASSIGNED_CONTEXT ( ( #535, #1280, #3393 ) ) REPRESENTATION_CONTEXT ( 'NONE', 'WORKASPACE' ) );
#2054 =( BOUNDED_CURVE ( )  B_SPLINE_CURVE ( 2, ( #33, #1164, #886 ),
 .UNSPECIFIED., .F., .T. ) 
 B_SPLINE_CURVE_WITH_KNOTS ( ( 3, 3 ),
 ( 0.000000000000000000, 1.000000000000000000 ),
 .UNSPECIFIED. ) 
 CURVE ( )  GEOMETRIC_REPRESENTATION_ITEM ( )  RATIONAL_B_SPLINE_CURVE ( ( 1.000000000000000000, 0.2500000000000000000, 1.000000000000000000 ) ) 
 REPRESENTATION_ITEM ( '' )  );
#2055 = CARTESIAN_POINT ( 'NONE',  ( 10.56086241559361127, 5.000000000000000000, 31.05495274005632922 ) ) ;
#2056 = CARTESIAN_POINT ( 'NONE',  ( 19.00000000000000000, 0.7499999999999954481, 1.250000000000110134 ) ) ;
#2057 = VERTEX_POINT ( 'NONE', #510 ) ;
#2058 = CARTESIAN_POINT ( 'NONE',  ( 0.000000000000000000, 5.000000000000000000, 0.000000000000000000 ) ) ;
#2059 = CARTESIAN_POINT ( 'NONE',  ( -9.499999999999902300, 10.00000000000000000, -15.20448267190439040 ) ) ;
#2060 = FACE_OUTER_BOUND ( 'NONE', #1857, .T. ) ;
#2061 = CARTESIAN_POINT ( 'NONE',  ( -25.98076211353298248, 4.500000000000001776, -21.52500000000030056 ) ) ;
#2062 = EDGE_CURVE ( 'NONE', #405, #323, #3369, .T. ) ;
#2063 = ADVANCED_FACE ( 'NONE', ( #2430 ), #2983, .F. ) ;
#2064 = CARTESIAN_POINT ( 'NONE',  ( 0.000000000000000000, 5.000000000000000000, 0.000000000000000000 ) ) ;
#2065 = DIRECTION ( 'NONE',  ( -0.000000000000000000, -1.000000000000000000, -0.000000000000000000 ) ) ;
#2066 = ORIENTED_EDGE ( 'NONE', *, *, #556, .F. ) ;
#2067 = ORIENTED_EDGE ( 'NONE', *, *, #955, .F. ) ;
#2068 = CARTESIAN_POINT ( 'NONE',  ( -35.39656808184938797, 2.186050376719022853E-13, 12.50721273234821140 ) ) ;
#2069 = LINE ( 'NONE', #227, #1843 ) ;
#2070 = CARTESIAN_POINT ( 'NONE',  ( 36.54023720514927476, 4.999999999999341860, -15.81158730556914804 ) ) ;
#2071 = ORIENTED_EDGE ( 'NONE', *, *, #1956, .F. ) ;
#2072 = DIRECTION ( 'NONE',  ( -0.000000000000000000, -1.000000000000000000, -0.000000000000000000 ) ) ;
#2073 = DIRECTION ( 'NONE',  ( 0.000000000000000000, 0.000000000000000000, 1.000000000000000000 ) ) ;
#2074 = FACE_BOUND ( 'NONE', #993, .T. ) ;
#2075 = CARTESIAN_POINT ( 'NONE',  ( 25.98076211353319565, 3.000000000000000000, -8.474999999999932143 ) ) ;
#2076 = CIRCLE ( 'NONE', #1024, 15.09999999999999964 ) ;
#2077 = CYLINDRICAL_SURFACE ( 'NONE', #2597, 1.250000000000001110 ) ;
#2078 = VERTEX_POINT ( 'NONE', #1640 ) ;
#2079 = ADVANCED_FACE ( 'NONE', ( #1341 ), #2758, .F. ) ;
#2080 = CARTESIAN_POINT ( 'NONE',  ( 9.500000000000101252, 0.7499999999999937828, -16.45448267190427316 ) ) ;
#2081 = ORIENTED_EDGE ( 'NONE', *, *, #2163, .F. ) ;
#2082 = EDGE_CURVE ( 'NONE', #3339, #3333, #2389, .T. ) ;
#2083 = CARTESIAN_POINT ( 'NONE',  ( 35.05626556198197363, 0.000000000000000000, -11.46352894088170693 ) ) ;
#2084 = LINE ( 'NONE', #3143, #521 ) ;
#2085 = CARTESIAN_POINT ( 'NONE',  ( 27.58463017131676409, 5.000000000000000000, 25.46846671763622538 ) ) ;
#2086 = CARTESIAN_POINT ( 'NONE',  ( -4.488876146917792020, 0.000000000000000000, -31.04505334954055229 ) ) ;
#2087 = CARTESIAN_POINT ( 'NONE',  ( 0.000000000000000000, 3.000000000000000000, 0.000000000000000000 ) ) ;
#2088 = CIRCLE ( 'NONE', #1151, 1.249999999999999334 ) ;
#2089 = DIRECTION ( 'NONE',  ( 0.000000000000000000, 0.000000000000000000, -1.000000000000000000 ) ) ;
#2090 = CARTESIAN_POINT ( 'NONE',  ( -19.00000000000000355, 5.000000000000000000, -1.179611963664228824E-13 ) ) ;
#2091 = ORIENTED_EDGE ( 'NONE', *, *, #3404, .T. ) ;
#2092 = CIRCLE ( 'NONE', #598, 1.250000000000001110 ) ;
#2093 = CARTESIAN_POINT ( 'NONE',  ( 24.19515471114203109, -0.000000000000000000, -2.166626049914922802 ) ) ;
#2094 = CONICAL_SURFACE ( 'NONE', #269, 1.249999999999996003, 0.7853981633974452814 ) ;
#2095 = ORIENTED_EDGE ( 'NONE', *, *, #3087, .T. ) ;
#2096 = CARTESIAN_POINT ( 'NONE',  ( 36.10005727333198422, 5.000000000000658140, -18.12426849580308641 ) ) ;
#2097 = ORIENTED_EDGE ( 'NONE', *, *, #1956, .T. ) ;
#2098 = DIRECTION ( 'NONE',  ( -0.000000000000000000, -1.000000000000000000, -0.000000000000000000 ) ) ;
#2099 = APPROVAL_PERSON_ORGANIZATION ( #1889, #1577, #2974 ) ;
#2100 = CARTESIAN_POINT ( 'NONE',  ( 36.56449662842180004, 5.000000000000000000, 14.61822535004347401 ) ) ;
#2101 = AXIS2_PLACEMENT_3D ( 'NONE', #1487, #2331, #3365 ) ;
#2102 = CIRCLE ( 'NONE', #885, 1.999999999999998224 ) ;
#2103 = CARTESIAN_POINT ( 'NONE',  ( 25.98076211353319565, 23.45548698896891082, -14.99999999999993960 ) ) ;
#2104 = DIRECTION ( 'NONE',  ( 0.000000000000000000, 0.000000000000000000, 1.000000000000000000 ) ) ;
#2105 = CARTESIAN_POINT ( 'NONE',  ( 26.68778997604410819, 0.000000000000000000, 19.58390593338424424 ) ) ;
#2106 = CARTESIAN_POINT ( 'NONE',  ( 9.500000000000101252, 0.7499999999999937828, -15.20448267190427671 ) ) ;
#2107 = ORIENTED_EDGE ( 'NONE', *, *, #327, .T. ) ;
#2108 = EDGE_CURVE ( 'NONE', #2277, #2553, #2699, .T. ) ;
#2109 = CARTESIAN_POINT ( 'NONE',  ( 27.62424143633784013, -0.000000000000000000, -10.07298579670694316 ) ) ;
#2110 = ORIENTED_EDGE ( 'NONE', *, *, #2979, .T. ) ;
#2111 = VECTOR ( 'NONE', #1737, 1000.000000000000000 ) ;
#2112 = CIRCLE ( 'NONE', #843, 7.025000000000004796 ) ;
#2113 = CARTESIAN_POINT ( 'NONE',  ( -29.82106673062986957, -0.000000000000000000, 12.39896463850794994 ) ) ;
#2114 = EDGE_LOOP ( 'NONE', ( #240, #3152 ) ) ;
#2115 = EDGE_CURVE ( 'NONE', #2326, #1295, #2172, .T. ) ;
#2116 = EDGE_CURVE ( 'NONE', #2643, #2274, #526, .T. ) ;
#2117 = DIRECTION ( 'NONE',  ( 0.000000000000000000, 0.7071067811865463515, 0.7071067811865487940 ) ) ;
#2118 = CARTESIAN_POINT ( 'NONE',  ( 30.22993130490653968, 0.000000000000000000, 16.85806350438556223 ) ) ;
#2119 = DIRECTION ( 'NONE',  ( 0.000000000000000000, -1.000000000000000000, 0.000000000000000000 ) ) ;
#2120 = PLANE ( 'NONE',  #2356 ) ;
#2121 = DIRECTION ( 'NONE',  ( 0.000000000000000000, -1.000000000000000000, 0.000000000000000000 ) ) ;
#2122 = DIRECTION ( 'NONE',  ( -0.000000000000000000, -1.000000000000000000, -0.000000000000000000 ) ) ;
#2123 = ORIENTED_EDGE ( 'NONE', *, *, #1699, .F. ) ;
#2124 = CARTESIAN_POINT ( 'NONE',  ( -1.026580851395700655, -0.000000000000000000, -34.52318946658794374 ) ) ;
#2125 = DIRECTION ( 'NONE',  ( -0.000000000000000000, -1.000000000000000000, -0.000000000000000000 ) ) ;
#2126 = CIRCLE ( 'NONE', #25, 6.524999999999999467 ) ;
#2127 = EDGE_LOOP ( 'NONE', ( #3421, #2922, #1194, #1695 ) ) ;
#2128 = CARTESIAN_POINT ( 'NONE',  ( 26.68309939778616169, 0.000000000000000000, -19.58416417053259195 ) ) ;
#2129 = VERTEX_POINT ( 'NONE', #2625 ) ;
#2130 = PERSON_AND_ORGANIZATION_ROLE ( 'creator' ) ;
#2131 =( BOUNDED_CURVE ( )  B_SPLINE_CURVE ( 2, ( #2086, #490, #1603 ),
 .UNSPECIFIED., .F., .F. ) 
 B_SPLINE_CURVE_WITH_KNOTS ( ( 3, 3 ),
 ( 0.000000000000000000, 1.000000000000000000 ),
 .UNSPECIFIED. ) 
 CURVE ( )  GEOMETRIC_REPRESENTATION_ITEM ( )  RATIONAL_B_SPLINE_CURVE ( ( 1.000000000000000000, 0.2500000000000000000, 1.000000000000000000 ) ) 
 REPRESENTATION_ITEM ( '' )  );
#2132 = DIRECTION ( 'NONE',  ( 0.000000000000000000, -0.7071067811865443531, -0.7071067811865506814 ) ) ;
#2133 = CARTESIAN_POINT ( 'NONE',  ( -25.98076211353315301, 23.45548698896891082, 15.00000000000001421 ) ) ;
#2134 = CARTESIAN_POINT ( 'NONE',  ( -16.18374023028827224, 5.000000000000000000, 25.29732937293080752 ) ) ;
#2135 = CARTESIAN_POINT ( 'NONE',  ( 28.59719450542355190, -0.000000000000000000, 18.82980322389744998 ) ) ;
#2136 = CARTESIAN_POINT ( 'NONE',  ( 19.00000000000000000, 0.7499999999999954481, 1.250000000000110134 ) ) ;
#2137 = ORIENTED_EDGE ( 'NONE', *, *, #1769, .T. ) ;
#2138 = CARTESIAN_POINT ( 'NONE',  ( -36.56449662842309323, 5.000000000000000000, 14.61822535004256984 ) ) ;
#2139 = AXIS2_PLACEMENT_3D ( 'NONE', #3196, #772, #2893 ) ;
#2140 = DIRECTION ( 'NONE',  ( 0.000000000000000000, 0.000000000000000000, 1.000000000000000000 ) ) ;
#2141 = ORIENTED_EDGE ( 'NONE', *, *, #1083, .T. ) ;
#2142 = EDGE_LOOP ( 'NONE', ( #2872, #94, #3201, #1845 ) ) ;
#2143 = MECHANICAL_CONTEXT ( 'NONE', #40, 'mechanical' ) ;
#2144 = EDGE_CURVE ( 'NONE', #1196, #1076, #2869, .T. ) ;
#2145 = DIRECTION ( 'NONE',  ( 0.000000000000000000, 0.000000000000000000, 1.000000000000000000 ) ) ;
#2146 = CIRCLE ( 'NONE', #322, 7.025000000000002132 ) ;
#2147 = LINE ( 'NONE', #3213, #488 ) ;
#2148 = CIRCLE ( 'NONE', #1004, 6.525000000000006573 ) ;
#2149 = DIRECTION ( 'NONE',  ( 0.000000000000000000, -1.000000000000000000, 0.000000000000000000 ) ) ;
#2150 = FACE_OUTER_BOUND ( 'NONE', #705, .T. ) ;
#2151 = B_SPLINE_CURVE_WITH_KNOTS ( 'NONE', 3,
 ( #2008, #457, #1469, #1753, #3381, #475, #1235, #2279, #2795, #3346 ),
 .UNSPECIFIED., .F., .F.,
 ( 4, 2, 2, 2, 4 ),
 ( 0.000000000000000000, 0.2499999999999999445, 0.5000000000000001110, 0.7499999999999997780, 1.000000000000000000 ),
 .UNSPECIFIED. ) ;
#2152 = CARTESIAN_POINT ( 'NONE',  ( 30.60555282927795773, 0.000000000000000000, 15.35097011353693652 ) ) ;
#2153 = AXIS2_PLACEMENT_3D ( 'NONE', #3422, #2368, #1815 ) ;
#2154 = CARTESIAN_POINT ( 'NONE',  ( -33.17296421218460978, 5.000000000000000000, 7.315739855252264334 ) ) ;
#2155 = ORIENTED_EDGE ( 'NONE', *, *, #1399, .F. ) ;
#2156 = CARTESIAN_POINT ( 'NONE',  ( -29.82318837981487292, 0.000000000000000000, 12.40315591699341624 ) ) ;
#2157 = ADVANCED_FACE ( 'NONE', ( #3428 ), #1226, .F. ) ;
#2158 = EDGE_CURVE ( 'NONE', #3063, #323, #2949, .T. ) ;
#2159 = CARTESIAN_POINT ( 'NONE',  ( -25.98076211353315301, 0.000000000000000000, 15.00000000000001421 ) ) ;
#2160 = CARTESIAN_POINT ( 'NONE',  ( -36.56601144175960627, 5.000000000000000000, -14.62888644741902411 ) ) ;
#2161 = ORIENTED_EDGE ( 'NONE', *, *, #1947, .F. ) ;
#2162 = DIRECTION ( 'NONE',  ( 0.000000000000000000, 0.000000000000000000, -1.000000000000000000 ) ) ;
#2163 = EDGE_CURVE ( 'NONE', #285, #2013, #3433, .T. ) ;
#2164 = DIRECTION ( 'NONE',  ( 0.000000000000000000, 0.000000000000000000, 1.000000000000000000 ) ) ;
#2165 = DATE_AND_TIME ( #71, #1992 ) ;
#2166 = CARTESIAN_POINT ( 'NONE',  ( -25.98076211353315301, 5.000000000000000000, 7.975000000000010303 ) ) ;
#2167 = DIRECTION ( 'NONE',  ( 0.000000000000000000, 1.000000000000000000, -0.000000000000000000 ) ) ;
#2168 = CIRCLE ( 'NONE', #2498, 6.525000000000003020 ) ;
#2169 = CARTESIAN_POINT ( 'NONE',  ( -29.82318837981276261, 0.000000000000000000, -12.40315591699430620 ) ) ;
#2170 = DIRECTION ( 'NONE',  ( 0.000000000000000000, 0.000000000000000000, 1.000000000000000000 ) ) ;
#2171 = CARTESIAN_POINT ( 'NONE',  ( -9.499999999999902300, 0.7499999999999920064, -16.45448267190439040 ) ) ;
#2172 = LINE ( 'NONE', #1376, #1498 ) ;
#2173 = ORIENTED_EDGE ( 'NONE', *, *, #492, .F. ) ;
#2174 = CARTESIAN_POINT ( 'NONE',  ( -30.60477904746260691, 0.000000000000000000, 15.35539583281885712 ) ) ;
#2175 = DIRECTION ( 'NONE',  ( 8.659560562354993255E-17, 0.7071067811865426878, -0.7071067811865524577 ) ) ;
#2176 = EDGE_CURVE ( 'NONE', #2380, #254, #1831, .T. ) ;
#2177 = VERTEX_POINT ( 'NONE', #143 ) ;
#2178 = ORIENTED_EDGE ( 'NONE', *, *, #2404, .F. ) ;
#2179 = LINE ( 'NONE', #388, #876 ) ;
#2180 = DIRECTION ( 'NONE',  ( -0.000000000000000000, -1.000000000000000000, 0.000000000000000000 ) ) ;
#2181 = CARTESIAN_POINT ( 'NONE',  ( 17.11204037327428651, -0.000000000000000000, 18.95028843642845473 ) ) ;
#2182 = CARTESIAN_POINT ( 'NONE',  ( 19.00000000000000000, 0.7499999999999954481, 1.127570259384924611E-13 ) ) ;
#2183 = PRODUCT_DEFINITION ( 'UNKNOWN', '', #2923, #1855 ) ;
#2184 = CARTESIAN_POINT ( 'NONE',  ( -35.39656808184904691, -2.194723994098906383E-13, -12.50721273234678677 ) ) ;
#2185 = FACE_BOUND ( 'NONE', #1257, .T. ) ;
#2186 = CARTESIAN_POINT ( 'NONE',  ( -2.343761846504925472, 5.000000000000000000, -40.32918239825536943 ) ) ;
#2187 = CARTESIAN_POINT ( 'NONE',  ( 12.98291713001802528, -0.000000000000000000, -20.31397803314526840 ) ) ;
#2188 = ORIENTED_EDGE ( 'NONE', *, *, #1331, .T. ) ;
#2189 = CARTESIAN_POINT ( 'NONE',  ( -17.50869161287119269, 5.000000000000000000, 24.85974921120015324 ) ) ;
#2190 = EDGE_CURVE ( 'NONE', #3127, #915, #1604, .T. ) ;
#2191 = LINE ( 'NONE', #1899, #8 ) ;
#2192 = CONICAL_SURFACE ( 'NONE', #1645, 1.249999999999997335, 0.7853981633974541632 ) ;
#2193 =( BOUNDED_SURFACE ( )  B_SPLINE_SURFACE ( 2, 3, ( 
 ( #1382, #2435, #3256, #877, #1126, #1917, #1400, #618, #1681, #2467 ),
 ( #98, #2045, #2780, #730, #132, #2559, #459, #2797, #2010, #709 ),
 ( #952, #2242, #1488, #2833, #1237, #1526, #3330, #3067, #400, #693 ) ),
 .UNSPECIFIED., .F., .F., .T. ) 
 B_SPLINE_SURFACE_WITH_KNOTS ( ( 3, 3 ),
 ( 4, 2, 2, 2, 4 ),
 ( 0.000000000000000000, 1.000000000000000000 ),
 ( 0.7523339367043527792, 1.161565131749626500, 1.570796326794900111, 1.980027521840173721, 2.389258716885447331 ),
 .UNSPECIFIED. ) 
 GEOMETRIC_REPRESENTATION_ITEM ( )  RATIONAL_B_SPLINE_SURFACE ( (
 ( 1.000000000000000000, 1.000000000000000000, 1.000000000000000000, 1.000000000000000000, 1.000000000000000000, 1.000000000000000000, 1.000000000000000000, 1.000000000000000000, 1.000000000000000000, 1.000000000000000000),
 ( 0.2500000000000000000, 0.2500000000000000000, 0.2500000000000000555, 0.2500000000000000555, 0.2500000000000000000, 0.2500000000000000000, 0.2500000000000000000, 0.2500000000000000000, 0.2500000000000000000, 0.2500000000000000000),
 ( 1.000000000000000000, 1.000000000000000000, 1.000000000000000000, 1.000000000000000000, 1.000000000000000000, 1.000000000000000000, 1.000000000000000000, 1.000000000000000000, 1.000000000000000000, 1.000000000000000000) ) ) 
 REPRESENTATION_ITEM ( '' )  SURFACE ( )  );
#2194 = ORIENTED_EDGE ( 'NONE', *, *, #3276, .F. ) ;
#2195 = FACE_BOUND ( 'NONE', #230, .T. ) ;
#2196 = CARTESIAN_POINT ( 'NONE',  ( -29.82104250234876730, -0.000000000000000000, -12.39920860620510012 ) ) ;
#2197 = APPROVAL_STATUS ( 'not_yet_approved' ) ;
#2198 = CARTESIAN_POINT ( 'NONE',  ( 24.64136678908644029, 0.000000000000000000, 19.41000745244292958 ) ) ;
#2199 = FACE_OUTER_BOUND ( 'NONE', #2756, .T. ) ;
#2200 = DIRECTION ( 'NONE',  ( 0.000000000000000000, 0.000000000000000000, 1.000000000000000000 ) ) ;
#2201 = DIRECTION ( 'NONE',  ( 0.000000000000000000, 1.000000000000000000, -0.000000000000000000 ) ) ;
#2202 = AXIS2_PLACEMENT_3D ( 'NONE', #798, #2400, #1920 ) ;
#2203 = CARTESIAN_POINT ( 'NONE',  ( -7.474733700047764273, 5.000000000000000000, -37.50442773333330848 ) ) ;
#2204 = FACE_OUTER_BOUND ( 'NONE', #1474, .T. ) ;
#2205 = ORIENTED_EDGE ( 'NONE', *, *, #1206, .T. ) ;
#2206 = VECTOR ( 'NONE', #3412, 1000.000000000000000 ) ;
#2207 = FACE_OUTER_BOUND ( 'NONE', #2606, .T. ) ;
#2208 = AXIS2_PLACEMENT_3D ( 'NONE', #1860, #2890, #2633 ) ;
#2209 = CARTESIAN_POINT ( 'NONE',  ( 10.56086241559889061, 5.000000000000948575, -31.05495274005733819 ) ) ;
#2210 = EDGE_CURVE ( 'NONE', #3160, #2277, #1395, .T. ) ;
#2211 = EDGE_LOOP ( 'NONE', ( #2081, #1437 ) ) ;
#2212 = ORIENTED_EDGE ( 'NONE', *, *, #1442, .F. ) ;
#2213 = FACE_OUTER_BOUND ( 'NONE', #1110, .T. ) ;
#2214 = DIRECTION ( 'NONE',  ( 0.000000000000000000, 1.000000000000000000, 0.000000000000000000 ) ) ;
#2215 = LINE ( 'NONE', #1354, #2510 ) ;
#2216 = DIRECTION ( 'NONE',  ( 0.000000000000000000, 0.000000000000000000, -1.000000000000000000 ) ) ;
#2217 = EDGE_CURVE ( 'NONE', #3287, #3403, #1625, .T. ) ;
#2218 = ADVANCED_FACE ( 'NONE', ( #1465 ), #2499, .F. ) ;
#2219 = CARTESIAN_POINT ( 'NONE',  ( -24.64136678908649003, 0.000000000000000000, 19.41000745244275194 ) ) ;
#2220 = CYLINDRICAL_SURFACE ( 'NONE', #2546, 6.525000000000008349 ) ;
#2221 = FACE_BOUND ( 'NONE', #2211, .T. ) ;
#2222 = CARTESIAN_POINT ( 'NONE',  ( -25.23237618726471254, 4.999999999999780620, -25.56414249574366337 ) ) ;
#2223 = ORIENTED_EDGE ( 'NONE', *, *, #2210, .F. ) ;
#2224 = CARTESIAN_POINT ( 'NONE',  ( 0.000000000000000000, 3.000000000000000000, 0.000000000000000000 ) ) ;
#2225 = CARTESIAN_POINT ( 'NONE',  ( 1.604287306883032847E-15, 1.000000000000000000, 13.10000000000000142 ) ) ;
#2226 = CARTESIAN_POINT ( 'NONE',  ( -9.499999999999902300, 10.00000000000000000, -17.70448267190439040 ) ) ;
#2227 = EDGE_LOOP ( 'NONE', ( #731, #2903, #1418, #780 ) ) ;
#2228 = EDGE_LOOP ( 'NONE', ( #3085, #864, #860, #1161 ) ) ;
#2229 = EDGE_LOOP ( 'NONE', ( #1953, #2047, #1630, #813 ) ) ;
#2230 = DIRECTION ( 'NONE',  ( 0.000000000000000000, 1.000000000000000000, -0.000000000000000000 ) ) ;
#2231 = CARTESIAN_POINT ( 'NONE',  ( -20.22456353106144178, 5.000000000000000000, -24.54778014401683350 ) ) ;
#2232 = CARTESIAN_POINT ( 'NONE',  ( 3.272967068431115845, 0.000000000000000000, 33.28626775445835051 ) ) ;
#2233 = FACE_OUTER_BOUND ( 'NONE', #1402, .T. ) ;
#2234 = CARTESIAN_POINT ( 'NONE',  ( 31.37128297676396826, 4.999999999999052314, 5.241095726339713323 ) ) ;
#2235 = CARTESIAN_POINT ( 'NONE',  ( 9.427724201529926518, -8.673617379884035472E-16, -32.19486446782861577 ) ) ;
#2236 = DIRECTION ( 'NONE',  ( 0.000000000000000000, -1.000000000000000000, 0.000000000000000000 ) ) ;
#2237 = DIRECTION ( 'NONE',  ( 0.000000000000000000, 0.000000000000000000, 1.000000000000000000 ) ) ;
#2238 = VERTEX_POINT ( 'NONE', #395 ) ;
#2239 = AXIS2_PLACEMENT_3D ( 'NONE', #413, #3362, #2571 ) ;
#2240 = CARTESIAN_POINT ( 'NONE',  ( -2.164930099058839819, 0.000000000000000000, 39.49655032424744405 ) ) ;
#2241 = CARTESIAN_POINT ( 'NONE',  ( -6.007512412032900428, 0.000000000000000000, -26.97391919561652784 ) ) ;
#2242 = CARTESIAN_POINT ( 'NONE',  ( -32.17480919401062067, 4.999999999997156941, 6.381501232254809253 ) ) ;
#2243 = ORIENTED_EDGE ( 'NONE', *, *, #2524, .F. ) ;
#2244 = ORIENTED_EDGE ( 'NONE', *, *, #2217, .F. ) ;
#2245 = DIRECTION ( 'NONE',  ( 0.000000000000000000, 0.000000000000000000, 1.000000000000000000 ) ) ;
#2246 = DIRECTION ( 'NONE',  ( 0.000000000000000000, 0.000000000000000000, 1.000000000000000000 ) ) ;
#2247 = DIRECTION ( 'NONE',  ( 8.659560562354993255E-17, -0.7071067811865426878, 0.7071067811865523467 ) ) ;
#2248 = CARTESIAN_POINT ( 'NONE',  ( 13.92459565620365147, 0.000000000000000000, 19.77034659027554042 ) ) ;
#2249 = EDGE_CURVE ( 'NONE', #1189, #1198, #1002, .T. ) ;
#2250 = CARTESIAN_POINT ( 'NONE',  ( 30.28352015504004413, 5.000000000000948575, -2.733097118175417339 ) ) ;
#2251 = CARTESIAN_POINT ( 'NONE',  ( 6.866720084175102379, -2.194723994103317189E-13, -36.90793353184279368 ) ) ;
#2252 = CARTESIAN_POINT ( 'NONE',  ( -25.98076211353298248, 23.45548698896891082, -15.00000000000030376 ) ) ;
#2253 = FACE_OUTER_BOUND ( 'NONE', #1996, .T. ) ;
#2254 = ORIENTED_EDGE ( 'NONE', *, *, #2590, .T. ) ;
#2255 = CIRCLE ( 'NONE', #1374, 15.09999999999999964 ) ;
#2256 = CARTESIAN_POINT ( 'NONE',  ( -7.466258325576647259, 4.999999999999779732, 37.51107014883793767 ) ) ;
#2257 = CARTESIAN_POINT ( 'NONE',  ( 25.98076211353319565, 3.000000000000000000, -14.99999999999993960 ) ) ;
#2258 = CARTESIAN_POINT ( 'NONE',  ( 25.98076211353309262, 2.999999999999999112, 18.50000000000012434 ) ) ;
#2259 = CIRCLE ( 'NONE', #770, 6.524999999999999467 ) ;
#2260 = CARTESIAN_POINT ( 'NONE',  ( -34.75032440027511882, 5.000000000000000888, 9.060302540665819748 ) ) ;
#2261 = ORIENTED_EDGE ( 'NONE', *, *, #3147, .F. ) ;
#2262 = ADVANCED_FACE ( 'NONE', ( #2253 ), #858, .F. ) ;
#2263 = ADVANCED_FACE ( 'NONE', ( #2204 ), #3268, .F. ) ;
#2264 = ORIENTED_EDGE ( 'NONE', *, *, #1758, .T. ) ;
#2265 = AXIS2_PLACEMENT_3D ( 'NONE', #252, #2121, #2409 ) ;
#2266 = VECTOR ( 'NONE', #2982, 1000.000000000000000 ) ;
#2267 = EDGE_LOOP ( 'NONE', ( #10, #1519 ) ) ;
#2268 = DIRECTION ( 'NONE',  ( -0.000000000000000000, -1.000000000000000000, -0.000000000000000000 ) ) ;
#2269 = CARTESIAN_POINT ( 'NONE',  ( -30.23211913487187275, 0.000000000000000000, -16.85413933191658131 ) ) ;
#2270 = CARTESIAN_POINT ( 'NONE',  ( 36.56601144176509877, 5.000000000000001776, 14.62888644742077560 ) ) ;
#2271 = CARTESIAN_POINT ( 'NONE',  ( 21.74922086043813252, -3.560181956355059007E-13, -23.83126176139414554 ) ) ;
#2272 = ADVANCED_FACE ( 'NONE', ( #2739 ), #3115, .T. ) ;
#2273 = DIRECTION ( 'NONE',  ( -0.000000000000000000, -1.000000000000000000, -0.000000000000000000 ) ) ;
#2274 = VERTEX_POINT ( 'NONE', #1408 ) ;
#2275 = CARTESIAN_POINT ( 'NONE',  ( 2.353951694295691954, 4.999999999999779732, -40.32570092467880585 ) ) ;
#2276 = DIRECTION ( 'NONE',  ( -0.000000000000000000, -1.000000000000000000, -0.000000000000000000 ) ) ;
#2277 = VERTEX_POINT ( 'NONE', #2960 ) ;
#2278 = CARTESIAN_POINT ( 'NONE',  ( 4.488876146917521126, 0.000000000000000000, 31.04505334954047768 ) ) ;
#2279 = CARTESIAN_POINT ( 'NONE',  ( 31.37128297676396826, 4.999999999999052314, 5.241095726339713323 ) ) ;
#2280 = LINE ( 'NONE', #1561, #3207 ) ;
#2281 = CARTESIAN_POINT ( 'NONE',  ( 25.98076211353309262, 2.999999999999999112, 11.50000000000012079 ) ) ;
#2282 = VECTOR ( 'NONE', #912, 1000.000000000000000 ) ;
#2283 = ORIENTED_EDGE ( 'NONE', *, *, #1778, .T. ) ;
#2284 = VECTOR ( 'NONE', #2760, 1000.000000000000000 ) ;
#2285 = ORIENTED_EDGE ( 'NONE', *, *, #2158, .T. ) ;
#2286 = CARTESIAN_POINT ( 'NONE',  ( 0.5199467470756100607, -0.000000000000000000, -34.60898758680582432 ) ) ;
#2287 = CARTESIAN_POINT ( 'NONE',  ( -30.41124952342987697, -0.000000000000000000, -16.37254963694067911 ) ) ;
#2288 = CARTESIAN_POINT ( 'NONE',  ( 25.98076211353309262, 4.499999999999999112, 15.00000000000012257 ) ) ;
#2289 = CARTESIAN_POINT ( 'NONE',  ( 20.22456353106131033, 4.999999999999999112, -24.54778014401693298 ) ) ;
#2290 = CARTESIAN_POINT ( 'NONE',  ( 29.46227931641476516, -9.483854119478471852E-13, 2.963619313744414896 ) ) ;
#2291 = ORIENTED_EDGE ( 'NONE', *, *, #530, .T. ) ;
#2292 = CARTESIAN_POINT ( 'NONE',  ( 4.371987765605272358, 0.000000000000000000, -31.54713055636909047 ) ) ;
#2293 = CARTESIAN_POINT ( 'NONE',  ( -36.09811043935238928, 5.000000000000000888, 18.13485922260188232 ) ) ;
#2294 = APPROVAL ( #2197, 'UNSPECIFIED' ) ;
#2295 = CARTESIAN_POINT ( 'NONE',  ( 4.170146078690347480, 0.000000000000000000, 32.02921671726645769 ) ) ;
#2296 = CARTESIAN_POINT ( 'NONE',  ( -21.74922086043723013, -5.331599317170239552E-12, 23.83126176140030239 ) ) ;
#2297 = AXIS2_PLACEMENT_3D ( 'NONE', #918, #883, #2164 ) ;
#2298 = DIRECTION ( 'NONE',  ( 0.000000000000000000, 0.000000000000000000, 1.000000000000000000 ) ) ;
#2299 = CARTESIAN_POINT ( 'NONE',  ( -9.499999999999902300, 5.000000000000000000, -16.45448267190439040 ) ) ;
#2300 = ORIENTED_EDGE ( 'NONE', *, *, #2875, .T. ) ;
#2301 = EDGE_CURVE ( 'NONE', #2057, #2747, #429, .T. ) ;
#2302 = ORIENTED_EDGE ( 'NONE', *, *, #2249, .F. ) ;
#2303 = ORIENTED_EDGE ( 'NONE', *, *, #3197, .T. ) ;
#2304 = CARTESIAN_POINT ( 'NONE',  ( 22.92209866821907127, 5.000000000000000000, -25.07075979895742535 ) ) ;
#2305 = CARTESIAN_POINT ( 'NONE',  ( 34.50168712570489049, 5.000000000000000000, 21.29118951761630285 ) ) ;
#2306 = CARTESIAN_POINT ( 'NONE',  ( 10.15932456069683631, 0.000000000000000000, 21.94422687083122625 ) ) ;
#2307 = CARTESIAN_POINT ( 'NONE',  ( 33.17296421218446056, 5.000000000000000000, -7.315739855252399337 ) ) ;
#2308 = ORIENTED_EDGE ( 'NONE', *, *, #1187, .T. ) ;
#2309 = EDGE_CURVE ( 'NONE', #99, #1702, #1656, .T. ) ;
#2310 = EDGE_CURVE ( 'NONE', #2740, #2643, #1277, .T. ) ;
#2311 = DIRECTION ( 'NONE',  ( 0.000000000000000000, 0.000000000000000000, 1.000000000000000000 ) ) ;
#2312 = CIRCLE ( 'NONE', #870, 2.000000000000001776 ) ;
#2313 = CARTESIAN_POINT ( 'NONE',  ( -2.094888803305880013E-13, 23.45548698896891082, 30.00000000000000000 ) ) ;
#2314 = CARTESIAN_POINT ( 'NONE',  ( -22.56086535254148728, 0.000000000000000000, 18.77812328292915822 ) ) ;
#2315 = CARTESIAN_POINT ( 'NONE',  ( 11.14671944570455508, 5.000000000000000000, 29.78887587036044238 ) ) ;
#2316 = CARTESIAN_POINT ( 'NONE',  ( -2.094888803305880013E-13, 5.000000000000000000, 23.47499999999999787 ) ) ;
#2317 = ORIENTED_EDGE ( 'NONE', *, *, #2692, .T. ) ;
#2318 = ORIENTED_EDGE ( 'NONE', *, *, #2108, .T. ) ;
#2319 = AXIS2_PLACEMENT_3D ( 'NONE', #3071, #2784, #882 ) ;
#2320 = EDGE_CURVE ( 'NONE', #2740, #1492, #2147, .T. ) ;
#2321 = EDGE_LOOP ( 'NONE', ( #1614, #134 ) ) ;
#2322 = CARTESIAN_POINT ( 'NONE',  ( -34.75538492091268239, 5.000000000000219380, 9.069807528146300868 ) ) ;
#2323 = CIRCLE ( 'NONE', #1558, 1.249999999999994227 ) ;
#2324 = DIRECTION ( 'NONE',  ( -0.000000000000000000, -1.000000000000000000, 0.000000000000000000 ) ) ;
#2325 = CARTESIAN_POINT ( 'NONE',  ( 36.21866883482168475, 5.000000000000000000, -12.28956569324968662 ) ) ;
#2326 = VERTEX_POINT ( 'NONE', #2386 ) ;
#2327 = CARTESIAN_POINT ( 'NONE',  ( 33.82246506036522504, -8.673617379884035472E-16, 20.77746356876601297 ) ) ;
#2328 = EDGE_CURVE ( 'NONE', #2177, #463, #1159, .T. ) ;
#2329 = DIRECTION ( 'NONE',  ( 0.000000000000000000, 0.7071067811865439090, 0.7071067811865512365 ) ) ;
#2330 = DIRECTION ( 'NONE',  ( 0.000000000000000000, 1.000000000000000000, -0.000000000000000000 ) ) ;
#2331 = DIRECTION ( 'NONE',  ( 0.000000000000000000, 1.000000000000000000, -0.000000000000000000 ) ) ;
#2332 = CARTESIAN_POINT ( 'NONE',  ( -17.50869161286960463, 5.000000000000000000, -24.85974921119894532 ) ) ;
#2333 = ORIENTED_EDGE ( 'NONE', *, *, #69, .F. ) ;
#2334 = CONICAL_SURFACE ( 'NONE', #1454, 1.250000000000001110, 0.7853981633974551624 ) ;
#2335 = ORIENTED_EDGE ( 'NONE', *, *, #3417, .F. ) ;
#2336 = CARTESIAN_POINT ( 'NONE',  ( 28.33640154873108941, -0.000000000000000000, 10.89203777608209123 ) ) ;
#2337 = ORIENTED_EDGE ( 'NONE', *, *, #2163, .T. ) ;
#2338 = CARTESIAN_POINT ( 'NONE',  ( 22.92209866821907482, 5.000000000000000000, -25.07075979895742535 ) ) ;
#2339 = ORIENTED_EDGE ( 'NONE', *, *, #2969, .F. ) ;
#2340 = DIRECTION ( 'NONE',  ( 0.000000000000000000, 0.000000000000000000, 1.000000000000000000 ) ) ;
#2341 = CARTESIAN_POINT ( 'NONE',  ( 0.000000000000000000, 1.000000000000000000, 0.000000000000000000 ) ) ;
#2342 = CARTESIAN_POINT ( 'NONE',  ( -2.094888803305880013E-13, 4.500000000000002665, 36.52499999999999858 ) ) ;
#2343 = CARTESIAN_POINT ( 'NONE',  ( 9.500000000000101252, 0.000000000000000000, -16.45448267190427316 ) ) ;
#2344 = LINE ( 'NONE', #1506, #3155 ) ;
#2345 = AXIS2_PLACEMENT_3D ( 'NONE', #1503, #185, #3394 ) ;
#2346 = CARTESIAN_POINT ( 'NONE',  ( -29.13024293600415149, 0.000000000000000000, -11.63504589709740600 ) ) ;
#2347 = EDGE_LOOP ( 'NONE', ( #2123, #1677, #191, #1580 ) ) ;
#2348 = LINE ( 'NONE', #3188, #1515 ) ;
#2349 = VERTEX_POINT ( 'NONE', #280 ) ;
#2350 = CARTESIAN_POINT ( 'NONE',  ( -24.64136678908626976, 0.000000000000000000, -19.41000745244333103 ) ) ;
#2351 = ORIENTED_EDGE ( 'NONE', *, *, #2615, .F. ) ;
#2352 = CARTESIAN_POINT ( 'NONE',  ( 30.41202330524683006, 0.000000000000000000, 16.36812391765514008 ) ) ;
#2353 = EDGE_CURVE ( 'NONE', #1738, #1875, #836, .T. ) ;
#2354 = CARTESIAN_POINT ( 'NONE',  ( -9.427724201530132575, 8.673617379884035472E-16, 32.19486446782864419 ) ) ;
#2355 = DIRECTION ( 'NONE',  ( -0.000000000000000000, -1.000000000000000000, -0.000000000000000000 ) ) ;
#2356 = AXIS2_PLACEMENT_3D ( 'NONE', #2087, #1863, #759 ) ;
#2357 = CARTESIAN_POINT ( 'NONE',  ( 19.00000000000000000, 0.7499999999999954481, 1.127570259384924611E-13 ) ) ;
#2358 = CARTESIAN_POINT ( 'NONE',  ( -25.83215728844197656, -0.000000000000000000, -7.338025292062901883 ) ) ;
#2359 = ORIENTED_EDGE ( 'NONE', *, *, #1082, .T. ) ;
#2360 = ADVANCED_FACE ( 'NONE', ( #1891 ), #2942, .F. ) ;
#2361 = EDGE_CURVE ( 'NONE', #3105, #1608, #2489, .T. ) ;
#2362 = AXIS2_PLACEMENT_3D ( 'NONE', #1647, #1333, #2691 ) ;
#2363 = CARTESIAN_POINT ( 'NONE',  ( 28.33668963116458883, 0.000000000000000000, -10.89230741129629187 ) ) ;
#2364 = AXIS2_PLACEMENT_3D ( 'NONE', #771, #2609, #1572 ) ;
#2365 = VERTEX_POINT ( 'NONE', #3281 ) ;
#2366 = CARTESIAN_POINT ( 'NONE',  ( 30.54361672615817724, -2.203397611483201224E-13, -23.60533254318603724 ) ) ;
#2367 = ORIENTED_EDGE ( 'NONE', *, *, #932, .F. ) ;
#2368 = DIRECTION ( 'NONE',  ( 0.000000000000000000, 1.000000000000000000, 0.000000000000000000 ) ) ;
#2369 = CARTESIAN_POINT ( 'NONE',  ( 35.69231461119100146, -8.673617379884035472E-16, 15.74641709517871746 ) ) ;
#2370 = AXIS2_PLACEMENT_3D ( 'NONE', #2133, #109, #1747 ) ;
#2371 =( BOUNDED_CURVE ( )  B_SPLINE_CURVE ( 2, ( #518, #3128, #2570 ),
 .UNSPECIFIED., .F., .F. ) 
 B_SPLINE_CURVE_WITH_KNOTS ( ( 3, 3 ),
 ( 0.000000000000000000, 1.000000000000000000 ),
 .UNSPECIFIED. ) 
 CURVE ( )  GEOMETRIC_REPRESENTATION_ITEM ( )  RATIONAL_B_SPLINE_CURVE ( ( 1.000000000000000000, 0.2500000000000000000, 1.000000000000000000 ) ) 
 REPRESENTATION_ITEM ( '' )  );
#2372 = FACE_OUTER_BOUND ( 'NONE', #2127, .T. ) ;
#2373 = DIRECTION ( 'NONE',  ( 0.000000000000000000, 0.000000000000000000, -1.000000000000000000 ) ) ;
#2374 = DIRECTION ( 'NONE',  ( -0.000000000000000000, -1.000000000000000000, -0.000000000000000000 ) ) ;
#2375 = CARTESIAN_POINT ( 'NONE',  ( -13.81625976971833225, 5.000000000000000000, -26.66419485413829094 ) ) ;
#2376 = ORIENTED_EDGE ( 'NONE', *, *, #2969, .T. ) ;
#2377 = CARTESIAN_POINT ( 'NONE',  ( -32.59543260130170239, 8.673617379884035472E-16, 7.932783575515837349 ) ) ;
#2378 = B_SPLINE_CURVE_WITH_KNOTS ( 'NONE', 3,
 ( #189, #494, #1524, #1035, #2796, #169, #204, #2315, #2540, #2611 ),
 .UNSPECIFIED., .F., .F.,
 ( 4, 2, 2, 2, 4 ),
 ( 0.000000000000000000, 0.2499999999999998612, 0.5000000000000000000, 0.7500000000000001110, 1.000000000000000000 ),
 .UNSPECIFIED. ) ;
#2379 = DIRECTION ( 'NONE',  ( 0.000000000000000000, 0.000000000000000000, -1.000000000000000000 ) ) ;
#2380 = VERTEX_POINT ( 'NONE', #1729 ) ;
#2381 = VECTOR ( 'NONE', #2175, 1000.000000000000000 ) ;
#2382 = CARTESIAN_POINT ( 'NONE',  ( 27.45584006081277195, 0.000000000000000000, -24.62785206805013516 ) ) ;
#2383 = VERTEX_POINT ( 'NONE', #3338 ) ;
#2384 = DATE_AND_TIME ( #2441, #1281 ) ;
#2385 = CARTESIAN_POINT ( 'NONE',  ( 36.10005727333388847, 5.000000000000219380, 18.12426849580023003 ) ) ;
#2386 = CARTESIAN_POINT ( 'NONE',  ( -19.00000000000000355, 0.7499999999999781286, -1.250000000000119016 ) ) ;
#2387 = DIRECTION ( 'NONE',  ( -0.000000000000000000, -1.000000000000000000, -0.000000000000000000 ) ) ;
#2388 = DIRECTION ( 'NONE',  ( 0.000000000000000000, 1.000000000000000000, -0.000000000000000000 ) ) ;
#2389 = LINE ( 'NONE', #839, #776 ) ;
#2390 =( BOUNDED_SURFACE ( )  B_SPLINE_SURFACE ( 2, 3, ( 
 ( #398, #2814, #203, #2591, #3065, #2027, #1773, #3042, #2314, #3082 ),
 ( #1252, #707, #1006, #1538, #671, #2778, #3327, #1505, #2296, #3364 ),
 ( #3102, #726, #2650, #2666, #1835, #2134, #3164, #297, #1020, #1818 ) ),
 .UNSPECIFIED., .F., .F., .T. ) 
 B_SPLINE_SURFACE_WITH_KNOTS ( ( 3, 3 ),
 ( 4, 2, 2, 2, 4 ),
 ( 0.000000000000000000, 1.000000000000000000 ),
 ( 1.799531487900951410, 2.208762682946225020, 2.617993877991498408, 3.027225073036771796, 3.436456268082045185 ),
 .UNSPECIFIED. ) 
 GEOMETRIC_REPRESENTATION_ITEM ( )  RATIONAL_B_SPLINE_SURFACE ( (
 ( 1.000000000000000000, 1.000000000000000000, 1.000000000000000000, 1.000000000000000000, 1.000000000000000000, 1.000000000000000000, 1.000000000000000000, 1.000000000000000000, 1.000000000000000000, 1.000000000000000000),
 ( 0.2500000000000000000, 0.2500000000000000000, 0.2500000000000000000, 0.2500000000000000000, 0.2500000000000000000, 0.2500000000000000000, 0.2500000000000000000, 0.2500000000000000000, 0.2500000000000000000, 0.2500000000000000000),
 ( 1.000000000000000000, 1.000000000000000000, 1.000000000000000000, 1.000000000000000000, 1.000000000000000000, 1.000000000000000000, 1.000000000000000000, 1.000000000000000000, 1.000000000000000000, 1.000000000000000000) ) ) 
 REPRESENTATION_ITEM ( '' )  SURFACE ( )  );
#2391 = DIRECTION ( 'NONE',  ( 0.000000000000000000, 0.000000000000000000, -1.000000000000000000 ) ) ;
#2392 = VERTEX_POINT ( 'NONE', #2001 ) ;
#2393 = FACE_OUTER_BOUND ( 'NONE', #3293, .T. ) ;
#2394 = CIRCLE ( 'NONE', #1190, 1.249999999999997558 ) ;
#2395 = EDGE_CURVE ( 'NONE', #2594, #1078, #2770, .T. ) ;
#2396 = CARTESIAN_POINT ( 'NONE',  ( -6.561162327675128303, -0.000000000000000000, -26.04031709238781644 ) ) ;
#2397 = CIRCLE ( 'NONE', #1963, 1.250000000000001110 ) ;
#2398 = ORIENTED_EDGE ( 'NONE', *, *, #3345, .F. ) ;
#2399 = AXIS2_PLACEMENT_3D ( 'NONE', #1767, #394, #2311 ) ;
#2400 = DIRECTION ( 'NONE',  ( 0.000000000000000000, 1.000000000000000000, -0.000000000000000000 ) ) ;
#2401 = ORIENTED_EDGE ( 'NONE', *, *, #3233, .F. ) ;
#2402 = SECURITY_CLASSIFICATION_LEVEL ( 'unclassified' ) ;
#2403 = CARTESIAN_POINT ( 'NONE',  ( -9.500000000000095923, 0.7499999999999833467, 16.45448267190428027 ) ) ;
#2404 = EDGE_CURVE ( 'NONE', #1288, #3167, #1599, .T. ) ;
#2405 = EDGE_CURVE ( 'NONE', #721, #3068, #2255, .T. ) ;
#2406 = DIRECTION ( 'NONE',  ( 0.000000000000000000, -1.000000000000000000, 0.000000000000000000 ) ) ;
#2407 = DIRECTION ( 'NONE',  ( 0.000000000000000000, 0.000000000000000000, 1.000000000000000000 ) ) ;
#2408 = CARTESIAN_POINT ( 'NONE',  ( -19.00000000000000355, 0.000000000000000000, -2.000000000000091926 ) ) ;
#2409 = DIRECTION ( 'NONE',  ( 0.000000000000000000, 0.000000000000000000, -1.000000000000000000 ) ) ;
#2410 = CARTESIAN_POINT ( 'NONE',  ( -32.17480919401062067, 4.999999999997156941, 6.381501232254809253 ) ) ;
#2411 = ORIENTED_EDGE ( 'NONE', *, *, #2505, .F. ) ;
#2412 = CARTESIAN_POINT ( 'NONE',  ( 4.286263797015241092E-16, 0.000000000000000000, -26.50000000000000355 ) ) ;
#2413 = DIRECTION ( 'NONE',  ( 0.000000000000000000, 1.000000000000000000, -0.000000000000000000 ) ) ;
#2414 = ORIENTED_EDGE ( 'NONE', *, *, #2395, .F. ) ;
#2415 = CARTESIAN_POINT ( 'NONE',  ( -24.64136678908626976, 0.000000000000000000, -19.41000745244333103 ) ) ;
#2416 = ORIENTED_EDGE ( 'NONE', *, *, #2405, .T. ) ;
#2417 = CIRCLE ( 'NONE', #2319, 3.499999999999999556 ) ;
#2418 = CARTESIAN_POINT ( 'NONE',  ( -30.30405503164267955, 0.000000000000000000, 13.32035112340646243 ) ) ;
#2419 = ORIENTED_EDGE ( 'NONE', *, *, #172, .T. ) ;
#2420 = DIRECTION ( 'NONE',  ( 0.000000000000000000, 0.000000000000000000, 1.000000000000000000 ) ) ;
#2421 = VECTOR ( 'NONE', #1916, 1000.000000000000000 ) ;
#2422 = CARTESIAN_POINT ( 'NONE',  ( -22.53590052070682503, -0.000000000000000000, 18.88675025705698118 ) ) ;
#2423 = AXIS2_PLACEMENT_3D ( 'NONE', #1088, #3120, #3135 ) ;
#2424 = CARTESIAN_POINT ( 'NONE',  ( -33.17296421218412661, 5.000000000000000000, -7.315739855252641810 ) ) ;
#2425 = SECURITY_CLASSIFICATION ( '', '', #2402 ) ;
#2426 = CARTESIAN_POINT ( 'NONE',  ( -4.587027577234400688, 5.000000000000000000, 39.54695797704078331 ) ) ;
#2427 = AXIS2_PLACEMENT_3D ( 'NONE', #2910, #1606, #2929 ) ;
#2428 = CARTESIAN_POINT ( 'NONE',  ( 29.38466867203193189, -0.000000000000000000, -18.15063982963983591 ) ) ;
#2429 = ADVANCED_FACE ( 'NONE', ( #108 ), #27, .T. ) ;
#2430 = FACE_OUTER_BOUND ( 'NONE', #1247, .T. ) ;
#2431 = CIRCLE ( 'NONE', #609, 3.500000000000001332 ) ;
#2432 = DIRECTION ( 'NONE',  ( 0.000000000000000000, 0.000000000000000000, -1.000000000000000000 ) ) ;
#2433 = EDGE_LOOP ( 'NONE', ( #1094, #2095, #2728, #1384 ) ) ;
#2434 = CARTESIAN_POINT ( 'NONE',  ( -30.61540230127544149, 0.000000000000000000, 14.83282005677054372 ) ) ;
#2435 = CARTESIAN_POINT ( 'NONE',  ( -27.54276447468080136, 0.000000000000000000, 10.14922088520578392 ) ) ;
#2436 = ORIENTED_EDGE ( 'NONE', *, *, #1003, .F. ) ;
#2437 = CC_DESIGN_PERSON_AND_ORGANIZATION_ASSIGNMENT ( #1335, #2130, ( #2183 ) ) ;
#2438 = ORIENTED_EDGE ( 'NONE', *, *, #3355, .T. ) ;
#2439 = CARTESIAN_POINT ( 'NONE',  ( 9.499999999999904077, 0.7499999999999920064, 17.70448267190439040 ) ) ;
#2440 = CARTESIAN_POINT ( 'NONE',  ( -10.25086554396538396, 4.999999999999999112, -32.38649965420993482 ) ) ;
#2441 = CALENDAR_DATE ( 2026, 23, 8 ) ;
#2442 = DIRECTION ( 'NONE',  ( -0.000000000000000000, -1.000000000000000000, 0.000000000000000000 ) ) ;
#2443 = DIRECTION ( 'NONE',  ( 0.000000000000000000, 0.000000000000000000, 1.000000000000000000 ) ) ;
#2444 = CIRCLE ( 'NONE', #1015, 7.025000000000000355 ) ;
#2445 = EDGE_CURVE ( 'NONE', #2032, #1841, #140, .T. ) ;
#2446 = CARTESIAN_POINT ( 'NONE',  ( -35.84865425856804677, 4.999999999999998224, -11.15475712354022519 ) ) ;
#2447 = CARTESIAN_POINT ( 'NONE',  ( -1.187867436183608794, 5.000000000000000000, 40.52493228309274542 ) ) ;
#2448 = CARTESIAN_POINT ( 'NONE',  ( 29.51029408224084349, -0.000000000000000000, -11.99076064387474894 ) ) ;
#2449 = CARTESIAN_POINT ( 'NONE',  ( 7.855411008374070470, -0.000000000000000000, -24.29460589203529608 ) ) ;
#2450 = VERTEX_POINT ( 'NONE', #3319 ) ;
#2451 = CARTESIAN_POINT ( 'NONE',  ( -27.45584006081063322, 2.186050376719021843E-13, 24.62785206804741378 ) ) ;
#2452 = CARTESIAN_POINT ( 'NONE',  ( 12.77482854217422847, 5.000000000000948575, -27.59284632937151471 ) ) ;
#2453 = AXIS2_PLACEMENT_3D ( 'NONE', #2288, #3029, #2035 ) ;
#2454 = ORIENTED_EDGE ( 'NONE', *, *, #1653, .F. ) ;
#2455 = FACE_BOUND ( 'NONE', #1307, .T. ) ;
#2456 = CARTESIAN_POINT ( 'NONE',  ( -23.16770839977161245, -5.421010862427522170E-16, -24.26208089231251819 ) ) ;
#2457 = APPROVAL_ROLE ( '' ) ;
#2458 = DIRECTION ( 'NONE',  ( 0.000000000000000000, 0.000000000000000000, 1.000000000000000000 ) ) ;
#2459 = CARTESIAN_POINT ( 'NONE',  ( 4.488876146917715637, 0.000000000000000000, -31.04505334954052387 ) ) ;
#2460 = CARTESIAN_POINT ( 'NONE',  ( -30.54361672616250445, 2.194723994103316936E-13, -23.60533254318371377 ) ) ;
#2461 = FACE_BOUND ( 'NONE', #2659, .T. ) ;
#2462 = CARTESIAN_POINT ( 'NONE',  ( -5.614018428359308643, 5.000000000000000000, -38.98153804732741889 ) ) ;
#2463 = EDGE_CURVE ( 'NONE', #396, #431, #1927, .T. ) ;
#2464 = CARTESIAN_POINT ( 'NONE',  ( -2.094888803305880013E-13, 23.45548698896891082, 30.00000000000000000 ) ) ;
#2465 = ORIENTED_EDGE ( 'NONE', *, *, #216, .T. ) ;
#2466 = CARTESIAN_POINT ( 'NONE',  ( -29.13024293600429360, 0.000000000000000000, 11.63504589709729586 ) ) ;
#2467 = CARTESIAN_POINT ( 'NONE',  ( -29.13024293600415149, 0.000000000000000000, -11.63504589709740600 ) ) ;
#2468 = ORIENTED_EDGE ( 'NONE', *, *, #2875, .F. ) ;
#2469 = ADVANCED_FACE ( 'NONE', ( #1745 ), #2789, .F. ) ;
#2470 = ADVANCED_FACE ( 'NONE', ( #1043 ), #3420, .F. ) ;
#2471 = AXIS2_PLACEMENT_3D ( 'NONE', #2171, #1911, #873 ) ;
#2472 = EDGE_LOOP ( 'NONE', ( #2038, #1017, #3218, #2488 ) ) ;
#2473 = DIRECTION ( 'NONE',  ( 0.000000000000000000, 0.000000000000000000, -1.000000000000000000 ) ) ;
#2474 = DIRECTION ( 'NONE',  ( 0.000000000000000000, 1.000000000000000000, 0.000000000000000000 ) ) ;
#2475 = DIRECTION ( 'NONE',  ( 0.000000000000000000, 1.000000000000000000, -0.000000000000000000 ) ) ;
#2476 = CARTESIAN_POINT ( 'NONE',  ( 25.98076211353309262, 23.45548698896891082, 15.00000000000012257 ) ) ;
#2477 = CARTESIAN_POINT ( 'NONE',  ( -9.499999999999902300, 0.7499999999999920064, -17.70448267190439040 ) ) ;
#2478 = CARTESIAN_POINT ( 'NONE',  ( 9.499999999999904077, 0.7499999999999920064, 16.45448267190439040 ) ) ;
#2479 = AXIS2_PLACEMENT_3D ( 'NONE', #677, #2526, #2473 ) ;
#2480 = CARTESIAN_POINT ( 'NONE',  ( -9.981384238212649862, 5.000000000000000000, -33.54401779045167586 ) ) ;
#2481 = EDGE_CURVE ( 'NONE', #2954, #2326, #980, .T. ) ;
#2482 = CARTESIAN_POINT ( 'NONE',  ( -22.92209866821902153, 5.000000000000000000, -25.07075979895784812 ) ) ;
#2483 = EDGE_LOOP ( 'NONE', ( #1139, #2517, #2707, #2067 ) ) ;
#2484 = CARTESIAN_POINT ( 'NONE',  ( -24.64136678908649003, 0.000000000000000000, 19.41000745244275194 ) ) ;
#2485 = AXIS2_PLACEMENT_3D ( 'NONE', #2985, #78, #1428 ) ;
#2486 = CARTESIAN_POINT ( 'NONE',  ( 7.990820364435987804E-16, 5.000000000000000000, -23.47500000000000142 ) ) ;
#2487 = DIRECTION ( 'NONE',  ( -0.000000000000000000, -1.000000000000000000, -0.000000000000000000 ) ) ;
#2488 = ORIENTED_EDGE ( 'NONE', *, *, #2730, .F. ) ;
#2489 =( BOUNDED_CURVE ( )  B_SPLINE_CURVE ( 2, ( #1708, #3032, #2219 ),
 .UNSPECIFIED., .F., .F. ) 
 B_SPLINE_CURVE_WITH_KNOTS ( ( 3, 3 ),
 ( 0.000000000000000000, 1.000000000000000000 ),
 .UNSPECIFIED. ) 
 CURVE ( )  GEOMETRIC_REPRESENTATION_ITEM ( )  RATIONAL_B_SPLINE_CURVE ( ( 1.000000000000000000, 0.2500000000000000000, 1.000000000000000000 ) ) 
 REPRESENTATION_ITEM ( '' )  );
#2490 = ORIENTED_EDGE ( 'NONE', *, *, #1155, .T. ) ;
#2491 = FACE_BOUND ( 'NONE', #2114, .T. ) ;
#2492 = CARTESIAN_POINT ( 'NONE',  ( -15.86100529112755986, 1.179247602443017079E-13, -24.50776040397876443 ) ) ;
#2493 = DIRECTION ( 'NONE',  ( 0.000000000000000000, 1.000000000000000000, 0.000000000000000000 ) ) ;
#2494 = CARTESIAN_POINT ( 'NONE',  ( -4.488876146917649024, 0.000000000000000000, 31.04505334954048834 ) ) ;
#2495 = CARTESIAN_POINT ( 'NONE',  ( 32.59543260130146791, -5.421010862427522170E-16, -7.932783575516090480 ) ) ;
#2496 = CARTESIAN_POINT ( 'NONE',  ( 5.171009284097909386, 2.194723994103317189E-13, -38.25421427990261236 ) ) ;
#2497 = LINE ( 'NONE', #2535, #1304 ) ;
#2498 = AXIS2_PLACEMENT_3D ( 'NONE', #847, #1215, #583 ) ;
#2499 = CYLINDRICAL_SURFACE ( 'NONE', #1721, 6.524999999999995914 ) ;
#2500 = EDGE_LOOP ( 'NONE', ( #1229, #1351 ) ) ;
#2501 = CARTESIAN_POINT ( 'NONE',  ( 5.171009284092448866, 0.000000000000000000, 38.25421427990649192 ) ) ;
#2502 = DIRECTION ( 'NONE',  ( 0.000000000000000000, 1.000000000000000000, 0.000000000000000000 ) ) ;
#2503 = CARTESIAN_POINT ( 'NONE',  ( -33.17296421218460978, 5.000000000000000000, 7.315739855252264334 ) ) ;
#2504 = ORIENTED_EDGE ( 'NONE', *, *, #474, .F. ) ;
#2505 = EDGE_CURVE ( 'NONE', #1821, #1435, #156, .T. ) ;
#2506 = ORIENTED_EDGE ( 'NONE', *, *, #602, .F. ) ;
#2507 = CARTESIAN_POINT ( 'NONE',  ( 35.85371477920605088, 4.999999999999999112, -11.16426211104127120 ) ) ;
#2508 = CARTESIAN_POINT ( 'NONE',  ( -10.56086241559787453, 5.000000000002843059, -31.05495274006016970 ) ) ;
#2509 = CARTESIAN_POINT ( 'NONE',  ( 2.008446323579991422, 0.000000000000000000, 34.18067130378918250 ) ) ;
#2510 = VECTOR ( 'NONE', #834, 1000.000000000000000 ) ;
#2511 = CARTESIAN_POINT ( 'NONE',  ( 5.913653608945693918, 0.000000000000000000, -26.91375937975859145 ) ) ;
#2512 = CARTESIAN_POINT ( 'NONE',  ( 26.26482613868910931, 0.000000000000000000, -8.335505435349951142 ) ) ;
#2513 = CARTESIAN_POINT ( 'NONE',  ( 7.600425501169610243, 2.186050376723432648E-13, -36.09138100893071766 ) ) ;
#2514 = FACE_OUTER_BOUND ( 'NONE', #654, .T. ) ;
#2515 = CARTESIAN_POINT ( 'NONE',  ( 4.735329891568875738, 0.000000000000000000, -29.98644678541255360 ) ) ;
#2516 = ADVANCED_FACE ( 'NONE', ( #1581 ), #42, .F. ) ;
#2517 = ORIENTED_EDGE ( 'NONE', *, *, #1082, .F. ) ;
#2518 = AXIS2_PLACEMENT_3D ( 'NONE', #453, #984, #1787 ) ;
#2519 = CARTESIAN_POINT ( 'NONE',  ( 8.264024087253982742, 5.000000000000000000, 36.62322384117124585 ) ) ;
#2520 = CARTESIAN_POINT ( 'NONE',  ( 19.00000000000000000, 0.000000000000000000, -1.999999999999888978 ) ) ;
#2521 = CARTESIAN_POINT ( 'NONE',  ( -36.54231708448480731, 5.000000000000000000, -15.80102190174436849 ) ) ;
#2522 = CARTESIAN_POINT ( 'NONE',  ( 9.499999999999904077, 0.7499999999999920064, 16.45448267190439040 ) ) ;
#2523 = VERTEX_POINT ( 'NONE', #2888 ) ;
#2524 = EDGE_CURVE ( 'NONE', #2954, #2078, #2092, .T. ) ;
#2525 = ORIENTED_EDGE ( 'NONE', *, *, #311, .T. ) ;
#2526 = DIRECTION ( 'NONE',  ( -0.000000000000000000, -1.000000000000000000, -0.000000000000000000 ) ) ;
#2527 = CARTESIAN_POINT ( 'NONE',  ( -24.64136678908626976, 0.000000000000000000, -19.41000745244333103 ) ) ;
#2528 = B_SPLINE_CURVE_WITH_KNOTS ( 'NONE', 3,
 ( #614, #379, #3267, #2683, #2962, #1394, #3283, #2428, #592, #1154, #1944, #629, #1121, #2738, #1639, #1375, #2448, #92 ),
 .UNSPECIFIED., .F., .F.,
 ( 4, 2, 2, 2, 2, 2, 2, 2, 4 ),
 ( 0.000000000000000000, 0.1250000000000000000, 0.2500000000000000000, 0.3750000000000000000, 0.5000000000000000000, 0.6250000000000000000, 0.7500000000000000000, 0.8750000000000000000, 1.000000000000000000 ),
 .UNSPECIFIED. ) ;
#2529 = AXIS2_PLACEMENT_3D ( 'NONE', #2257, #2539, #167 ) ;
#2530 = CARTESIAN_POINT ( 'NONE',  ( 34.04066367062379328, 5.000000000000000000, 8.127876579990122252 ) ) ;
#2531 = CARTESIAN_POINT ( 'NONE',  ( 15.86100529113308433, -1.303677575722231434E-12, -24.50776040397885325 ) ) ;
#2532 = CARTESIAN_POINT ( 'NONE',  ( 30.64178914275327870, 9.470843693408663974E-13, 5.683154256198299947 ) ) ;
#2533 = ORIENTED_EDGE ( 'NONE', *, *, #1564, .F. ) ;
#2534 = CARTESIAN_POINT ( 'NONE',  ( 7.466258325577876498, 5.000000000000000888, -37.51107014883467627 ) ) ;
#2535 = CARTESIAN_POINT ( 'NONE',  ( 9.500000000000101252, 0.7499999999999937828, -17.70448267190427316 ) ) ;
#2536 = ORIENTED_EDGE ( 'NONE', *, *, #3069, .T. ) ;
#2537 = AXIS2_PLACEMENT_3D ( 'NONE', #3056, #944, #683 ) ;
#2538 = CARTESIAN_POINT ( 'NONE',  ( -0.5154543990431346145, 0.000000000000000000, 34.60892021690034426 ) ) ;
#2539 = DIRECTION ( 'NONE',  ( 0.000000000000000000, 1.000000000000000000, -0.000000000000000000 ) ) ;
#2540 = CARTESIAN_POINT ( 'NONE',  ( 10.56086241559361127, 5.000000000000000000, 31.05495274005632922 ) ) ;
#2541 = CIRCLE ( 'NONE', #2364, 1.250000000000001110 ) ;
#2542 = LINE ( 'NONE', #1775, #26 ) ;
#2543 = VERTEX_POINT ( 'NONE', #516 ) ;
#2544 = CC_DESIGN_APPROVAL ( #2294, ( #2923 ) ) ;
#2545 = EDGE_LOOP ( 'NONE', ( #1217, #3430, #182, #151 ) ) ;
#2546 = AXIS2_PLACEMENT_3D ( 'NONE', #1482, #1980, #923 ) ;
#2547 = VERTEX_POINT ( 'NONE', #2350 ) ;
#2548 = CARTESIAN_POINT ( 'NONE',  ( 3.273050848779253119, -0.000000000000000000, -33.28637328014039554 ) ) ;
#2549 = CARTESIAN_POINT ( 'NONE',  ( -30.46323700674701485, 0.000000000000000000, -13.80866125021519863 ) ) ;
#2550 = CARTESIAN_POINT ( 'NONE',  ( 34.75034879647549957, 5.000000000000001776, 9.060057403520314523 ) ) ;
#2551 = CARTESIAN_POINT ( 'NONE',  ( 13.81625976971437808, 4.999999999999052314, -26.66419485413837975 ) ) ;
#2552 = CARTESIAN_POINT ( 'NONE',  ( 31.51308851982673787, -8.299863217085145312E-13, -6.919746896952220006 ) ) ;
#2553 = VERTEX_POINT ( 'NONE', #2056 ) ;
#2554 = CARTESIAN_POINT ( 'NONE',  ( -33.75421554750830921, 5.000000000000000888, 22.19434849861517023 ) ) ;
#2555 = EDGE_CURVE ( 'NONE', #1369, #935, #1278, .T. ) ;
#2556 = CARTESIAN_POINT ( 'NONE',  ( 2.004226647341706968, 0.000000000000000000, 34.18221404872198832 ) ) ;
#2557 = CARTESIAN_POINT ( 'NONE',  ( -4.930380657631323784E-29, 2.999999999999999112, -30.00000000000000355 ) ) ;
#2558 = DIRECTION ( 'NONE',  ( 0.000000000000000000, 0.7071067811865463515, 0.7071067811865487940 ) ) ;
#2559 = CARTESIAN_POINT ( 'NONE',  ( -29.15484574527152262, -4.336808689942017736E-16, -1.482153309688571285 ) ) ;
#2560 = VECTOR ( 'NONE', #2065, 1000.000000000000000 ) ;
#2561 = VERTEX_POINT ( 'NONE', #468 ) ;
#2562 = VECTOR ( 'NONE', #2125, 1000.000000000000000 ) ;
#2563 = EDGE_CURVE ( 'NONE', #1414, #899, #1263, .T. ) ;
#2564 = ORIENTED_EDGE ( 'NONE', *, *, #241, .T. ) ;
#2565 = CARTESIAN_POINT ( 'NONE',  ( -34.03244256349791641, 5.000000000000437872, 8.120181907663138077 ) ) ;
#2566 = DIRECTION ( 'NONE',  ( -0.000000000000000000, -1.000000000000000000, -0.000000000000000000 ) ) ;
#2567 = CARTESIAN_POINT ( 'NONE',  ( 4.488876146917810672, 0.000000000000000000, 31.04505334954051321 ) ) ;
#2568 = CARTESIAN_POINT ( 'NONE',  ( -10.25086554396530758, 5.000000000000000000, -32.38649965420989929 ) ) ;
#2569 = VERTEX_POINT ( 'NONE', #2568 ) ;
#2570 = CARTESIAN_POINT ( 'NONE',  ( 22.92209866821907127, 5.000000000000000000, -25.07075979895742535 ) ) ;
#2571 = DIRECTION ( 'NONE',  ( 0.000000000000000000, 0.000000000000000000, 1.000000000000000000 ) ) ;
#2572 = CYLINDRICAL_SURFACE ( 'NONE', #879, 3.499999999999999556 ) ;
#2573 = ADVANCED_FACE ( 'NONE', ( #1016 ), #1073, .T. ) ;
#2574 = CARTESIAN_POINT ( 'NONE',  ( -25.98076211353315301, 0.000000000000000000, 11.49999999999972999 ) ) ;
#2575 = VECTOR ( 'NONE', #715, 1000.000000000000000 ) ;
#2576 = FACE_OUTER_BOUND ( 'NONE', #3437, .T. ) ;
#2577 = B_SPLINE_CURVE_WITH_KNOTS ( 'NONE', 3,
 ( #994, #1609, #1241, #210, #2822, #1530, #1884, #2124, #1344, #2286, #2655, #1258, #286, #2548, #1853, #2582, #24, #3352 ),
 .UNSPECIFIED., .F., .F.,
 ( 4, 2, 2, 2, 2, 2, 2, 2, 4 ),
 ( 0.000000000000000000, 0.1250000000000000000, 0.2500000000000000555, 0.3750000000000001110, 0.5000000000000001110, 0.6250000000000001110, 0.7500000000000001110, 0.8750000000000001110, 1.000000000000000000 ),
 .UNSPECIFIED. ) ;
#2578 = CARTESIAN_POINT ( 'NONE',  ( 19.00000000000000000, 0.000000000000000000, 2.000000000000114575 ) ) ;
#2579 = EDGE_LOOP ( 'NONE', ( #171, #631 ) ) ;
#2580 = VERTEX_POINT ( 'NONE', #1093 ) ;
#2581 = ORIENTED_EDGE ( 'NONE', *, *, #2925, .F. ) ;
#2582 = CARTESIAN_POINT ( 'NONE',  ( 4.172715007747058280, -0.000000000000000000, -32.02528367591577307 ) ) ;
#2583 = EDGE_CURVE ( 'NONE', #3141, #405, #851, .T. ) ;
#2584 = DIRECTION ( 'NONE',  ( 0.000000000000000000, 0.000000000000000000, 1.000000000000000000 ) ) ;
#2585 = EDGE_LOOP ( 'NONE', ( #2630, #544, #1964, #846 ) ) ;
#2586 = CARTESIAN_POINT ( 'NONE',  ( -3.618833984673944570, 0.000000000000000000, -32.90032401545299479 ) ) ;
#2587 = CARTESIAN_POINT ( 'NONE',  ( 34.03244256349844221, 5.000000000000877520, 8.120181907663303278 ) ) ;
#2588 = CIRCLE ( 'NONE', #3357, 3.500000000000001332 ) ;
#2589 = CARTESIAN_POINT ( 'NONE',  ( -4.930380657631323784E-29, 4.500000000000002665, -30.00000000000000355 ) ) ;
#2590 = EDGE_CURVE ( 'NONE', #3167, #1288, #2812, .T. ) ;
#2591 = CARTESIAN_POINT ( 'NONE',  ( -8.503019064487716605, 0.000000000000000000, 23.42116601171835555 ) ) ;
#2592 = CARTESIAN_POINT ( 'NONE',  ( -34.04066367061501097, 4.999999999999999112, -8.127876579982185490 ) ) ;
#2593 = CYLINDRICAL_SURFACE ( 'NONE', #45, 13.10000000000000142 ) ;
#2594 = VERTEX_POINT ( 'NONE', #2675 ) ;
#2595 = AXIS2_PLACEMENT_3D ( 'NONE', #893, #1945, #1693 ) ;
#2596 = AXIS2_PLACEMENT_3D ( 'NONE', #2644, #2709, #2162 ) ;
#2597 = AXIS2_PLACEMENT_3D ( 'NONE', #2653, #2122, #22 ) ;
#2598 = ORIENTED_EDGE ( 'NONE', *, *, #1510, .F. ) ;
#2599 = AXIS2_PLACEMENT_3D ( 'NONE', #3161, #785, #3113 ) ;
#2600 = AXIS2_PLACEMENT_3D ( 'NONE', #2064, #238, #2089 ) ;
#2601 = EDGE_CURVE ( 'NONE', #1608, #2897, #3154, .T. ) ;
#2602 = CONICAL_SURFACE ( 'NONE', #2870, 15.09999999999999964, 0.7853981633974500554 ) ;
#2603 = DIRECTION ( 'NONE',  ( -0.000000000000000000, -1.000000000000000000, -0.000000000000000000 ) ) ;
#2604 = ORIENTED_EDGE ( 'NONE', *, *, #2361, .T. ) ;
#2605 = DIRECTION ( 'NONE',  ( 0.000000000000000000, 0.000000000000000000, 1.000000000000000000 ) ) ;
#2606 = EDGE_LOOP ( 'NONE', ( #3026, #762, #2819, #954 ) ) ;
#2607 = CARTESIAN_POINT ( 'NONE',  ( -9.500000000000095923, 5.000000000000000000, 16.45448267190428027 ) ) ;
#2608 = CARTESIAN_POINT ( 'NONE',  ( 35.71462601025855577, -2.203397611487610515E-13, 14.64888173671916327 ) ) ;
#2609 = DIRECTION ( 'NONE',  ( 0.000000000000000000, -1.000000000000000000, 0.000000000000000000 ) ) ;
#2610 = DIRECTION ( 'NONE',  ( 0.000000000000000000, 0.000000000000000000, 1.000000000000000000 ) ) ;
#2611 = CARTESIAN_POINT ( 'NONE',  ( 10.25086554396511573, 5.000000000000000000, 32.38649965420984245 ) ) ;
#2612 = CARTESIAN_POINT ( 'NONE',  ( -28.33668963116502582, 0.000000000000000000, 10.89230741130017144 ) ) ;
#2613 = ORIENTED_EDGE ( 'NONE', *, *, #1212, .T. ) ;
#2614 = AXIS2_PLACEMENT_3D ( 'NONE', #2080, #3140, #2379 ) ;
#2615 = EDGE_CURVE ( 'NONE', #2129, #2855, #2048, .T. ) ;
#2616 = CARTESIAN_POINT ( 'NONE',  ( -29.13024293600429360, 0.000000000000000000, 11.63504589709729586 ) ) ;
#2617 = ORIENTED_EDGE ( 'NONE', *, *, #1048, .F. ) ;
#2618 = CARTESIAN_POINT ( 'NONE',  ( 34.05078541503905143, 0.000000000000000000, -9.546000155122683850 ) ) ;
#2619 = VERTEX_POINT ( 'NONE', #30 ) ;
#2620 = CARTESIAN_POINT ( 'NONE',  ( 23.16770839977155916, 0.000000000000000000, 24.26208089231271714 ) ) ;
#2621 = LINE ( 'NONE', #1537, #3034 ) ;
#2622 = CYLINDRICAL_SURFACE ( 'NONE', #3091, 6.524999999999999467 ) ;
#2623 = ADVANCED_FACE ( 'NONE', ( #50 ), #1114, .F. ) ;
#2624 = EDGE_CURVE ( 'NONE', #2632, #2561, #3431, .T. ) ;
#2625 = CARTESIAN_POINT ( 'NONE',  ( -9.500000000000095923, 1.084202172485504434E-16, 18.45448267190425540 ) ) ;
#2626 = CIRCLE ( 'NONE', #1348, 1.249999999999994227 ) ;
#2627 = CARTESIAN_POINT ( 'NONE',  ( -24.63984877216307012, 0.000000000000000000, 4.309130766211363373 ) ) ;
#2628 = ORIENTED_EDGE ( 'NONE', *, *, #481, .F. ) ;
#2629 = CARTESIAN_POINT ( 'NONE',  ( 24.96750313489211592, 0.000000000000000000, 5.344232630449323729 ) ) ;
#2630 = ORIENTED_EDGE ( 'NONE', *, *, #2624, .T. ) ;
#2631 = CARTESIAN_POINT ( 'NONE',  ( 25.98076211353319565, 23.45548698896891082, -18.49999999999993605 ) ) ;
#2632 = VERTEX_POINT ( 'NONE', #1403 ) ;
#2633 = DIRECTION ( 'NONE',  ( 0.000000000000000000, 0.000000000000000000, 1.000000000000000000 ) ) ;
#2634 = CARTESIAN_POINT ( 'NONE',  ( 33.17296421218426872, 5.000000000000000000, 7.315739855252500590 ) ) ;
#2635 = CARTESIAN_POINT ( 'NONE',  ( 10.25086554396529515, 5.000000000000000000, -32.38649965420996324 ) ) ;
#2636 = DIRECTION ( 'NONE',  ( 0.000000000000000000, 0.000000000000000000, -1.000000000000000000 ) ) ;
#2637 = DIRECTION ( 'NONE',  ( 0.000000000000000000, 0.000000000000000000, 1.000000000000000000 ) ) ;
#2638 = DIRECTION ( 'NONE',  ( 0.000000000000000000, 1.000000000000000000, -0.000000000000000000 ) ) ;
#2639 = ORIENTED_EDGE ( 'NONE', *, *, #2395, .T. ) ;
#2640 = DIRECTION ( 'NONE',  ( 0.000000000000000000, 0.000000000000000000, 1.000000000000000000 ) ) ;
#2641 = CONICAL_SURFACE ( 'NONE', #3100, 6.524999999999999467, 0.7853981633974533860 ) ;
#2642 = CYLINDRICAL_SURFACE ( 'NONE', #2773, 6.524999999999999467 ) ;
#2643 = VERTEX_POINT ( 'NONE', #2439 ) ;
#2644 = CARTESIAN_POINT ( 'NONE',  ( 9.499999999999904077, 10.00000000000000000, 16.45448267190439040 ) ) ;
#2645 = ORIENTED_EDGE ( 'NONE', *, *, #2249, .T. ) ;
#2646 = AXIS2_PLACEMENT_3D ( 'NONE', #2904, #1265, #3378 ) ;
#2647 = CARTESIAN_POINT ( 'NONE',  ( 22.92209866821908903, 5.000000000000000000, 25.07075979895764917 ) ) ;
#2648 = DIRECTION ( 'NONE',  ( 0.000000000000000000, 1.000000000000000000, 0.000000000000000000 ) ) ;
#2649 = LINE ( 'NONE', #1587, #2206 ) ;
#2650 = CARTESIAN_POINT ( 'NONE',  ( -11.14671944570051032, 5.000000000000000000, 29.78887587036071949 ) ) ;
#2651 = EDGE_CURVE ( 'NONE', #1897, #2392, #2179, .T. ) ;
#2652 = CARTESIAN_POINT ( 'NONE',  ( 30.61612885855690180, -0.000000000000000000, 14.83725377349911767 ) ) ;
#2653 = CARTESIAN_POINT ( 'NONE',  ( -19.00000000000000355, 10.00000000000000000, -1.179611963664228824E-13 ) ) ;
#2654 = ORIENTED_EDGE ( 'NONE', *, *, #854, .T. ) ;
#2655 = CARTESIAN_POINT ( 'NONE',  ( 1.026536487530873565, 0.000000000000000000, -34.52306223977075916 ) ) ;
#2656 = CARTESIAN_POINT ( 'NONE',  ( 25.98076211353319565, 5.000000000000000000, -14.99999999999993960 ) ) ;
#2657 = ADVANCED_FACE ( 'NONE', ( #1974 ), #3334, .F. ) ;
#2658 = ADVANCED_FACE ( 'NONE', ( #2213 ), #2641, .F. ) ;
#2659 = EDGE_LOOP ( 'NONE', ( #502, #1646 ) ) ;
#2660 = CARTESIAN_POINT ( 'NONE',  ( -30.41111715983944208, 0.000000000000000000, 16.37252444375733518 ) ) ;
#2661 = ORIENTED_EDGE ( 'NONE', *, *, #1144, .F. ) ;
#2662 = COORDINATED_UNIVERSAL_TIME_OFFSET ( 5, 0, .BEHIND. ) ;
#2663 = DIRECTION ( 'NONE',  ( 0.000000000000000000, 0.000000000000000000, 1.000000000000000000 ) ) ;
#2664 = CARTESIAN_POINT ( 'NONE',  ( -25.13462259551705458, 0.000000000000000000, -19.55981774823285591 ) ) ;
#2665 = FACE_BOUND ( 'NONE', #3121, .T. ) ;
#2666 = CARTESIAN_POINT ( 'NONE',  ( -12.77482854217623931, 5.000000000000000000, 27.59284632937126958 ) ) ;
#2667 = CARTESIAN_POINT ( 'NONE',  ( 9.500000000000101252, 5.000000000000000000, -17.70448267190427316 ) ) ;
#2668 = DIRECTION ( 'NONE',  ( -0.000000000000000000, -1.000000000000000000, -0.000000000000000000 ) ) ;
#2669 = EDGE_LOOP ( 'NONE', ( #567, #1859, #3002, #3351 ) ) ;
#2670 = CARTESIAN_POINT ( 'NONE',  ( -26.68309939778519535, 0.000000000000000000, 19.58416417053157943 ) ) ;
#2671 = AXIS2_PLACEMENT_3D ( 'NONE', #947, #3379, #1001 ) ;
#2672 = DIRECTION ( 'NONE',  ( 0.000000000000000000, 0.000000000000000000, 1.000000000000000000 ) ) ;
#2673 = CARTESIAN_POINT ( 'NONE',  ( -36.09797739399611771, 4.999999999999999112, -18.13483389962826564 ) ) ;
#2674 = VERTEX_POINT ( 'NONE', #3027 ) ;
#2675 = CARTESIAN_POINT ( 'NONE',  ( -9.499999999999902300, 0.7499999999999920064, -17.70448267190439040 ) ) ;
#2676 = ORIENTED_EDGE ( 'NONE', *, *, #368, .F. ) ;
#2677 = EDGE_CURVE ( 'NONE', #1481, #2841, #2417, .T. ) ;
#2678 = CALENDAR_DATE ( 2026, 23, 8 ) ;
#2679 = CARTESIAN_POINT ( 'NONE',  ( 10.22127749353541404, 0.000000000000000000, 22.03699146853560009 ) ) ;
#2680 = CARTESIAN_POINT ( 'NONE',  ( -12.98291712999518488, -0.000000000000000000, 20.31397803316381001 ) ) ;
#2681 = CARTESIAN_POINT ( 'NONE',  ( -25.29247134638661976, -8.673617379884035472E-16, -24.71584511067595713 ) ) ;
#2682 = CARTESIAN_POINT ( 'NONE',  ( 5.614018428346966516, 4.999999999999999112, 38.98153804733704675 ) ) ;
#2683 = CARTESIAN_POINT ( 'NONE',  ( 26.68759080795141259, -0.000000000000000000, -19.58404889953391503 ) ) ;
#2684 = DIRECTION ( 'NONE',  ( 0.000000000000000000, 0.000000000000000000, -1.000000000000000000 ) ) ;
#2685 = CARTESIAN_POINT ( 'NONE',  ( -25.98076211353298248, 23.45548698896891082, -15.00000000000030376 ) ) ;
#2686 = ORIENTED_EDGE ( 'NONE', *, *, #3179, .T. ) ;
#2687 = ADVANCED_FACE ( 'NONE', ( #2491, #152, #2195, #3052, #3259, #639, #1221, #697, #101, #1162, #2991, #2455, #1760, #2801 ), #3275, .T. ) ;
#2688 = CARTESIAN_POINT ( 'NONE',  ( -25.13462259551715050, 0.000000000000000000, 19.55981774823231234 ) ) ;
#2689 = DIRECTION ( 'NONE',  ( -0.000000000000000000, -1.000000000000000000, -0.000000000000000000 ) ) ;
#2690 = ORIENTED_EDGE ( 'NONE', *, *, #2190, .F. ) ;
#2691 = DIRECTION ( 'NONE',  ( 0.000000000000000000, 0.000000000000000000, 1.000000000000000000 ) ) ;
#2692 = EDGE_CURVE ( 'NONE', #1838, #1660, #545, .T. ) ;
#2693 = CARTESIAN_POINT ( 'NONE',  ( -2.094888803305880013E-13, 4.500000000000002665, 23.47499999999999432 ) ) ;
#2694 = CARTESIAN_POINT ( 'NONE',  ( 19.00000000000000000, 10.00000000000000000, 1.250000000000110134 ) ) ;
#2695 = DIRECTION ( 'NONE',  ( 0.000000000000000000, 0.000000000000000000, 1.000000000000000000 ) ) ;
#2696 = AXIS2_PLACEMENT_3D ( 'NONE', #1223, #265, #2391 ) ;
#2697 = CARTESIAN_POINT ( 'NONE',  ( -28.15330012956463079, 0.000000000000000000, -19.09730611159898928 ) ) ;
#2698 = DIRECTION ( 'NONE',  ( 0.000000000000000000, -1.000000000000000000, 0.000000000000000000 ) ) ;
#2699 = CIRCLE ( 'NONE', #942, 1.249999999999997335 ) ;
#2700 = DIRECTION ( 'NONE',  ( -0.000000000000000000, -1.000000000000000000, -0.000000000000000000 ) ) ;
#2701 = CARTESIAN_POINT ( 'NONE',  ( 5.088659126273119782, -0.000000000000000000, -28.95978774248931487 ) ) ;
#2702 = AXIS2_PLACEMENT_3D ( 'NONE', #1426, #2149, #1620 ) ;
#2703 = LINE ( 'NONE', #2136, #2282 ) ;
#2704 = EDGE_LOOP ( 'NONE', ( #2337, #1240, #2598, #1991 ) ) ;
#2705 = CARTESIAN_POINT ( 'NONE',  ( -4.930380657631323784E-29, 23.45548698896891082, -33.50000000000000000 ) ) ;
#2706 = CARTESIAN_POINT ( 'NONE',  ( -25.98076211353315301, 4.500000000000001776, 21.52500000000001279 ) ) ;
#2707 = ORIENTED_EDGE ( 'NONE', *, *, #3345, .T. ) ;
#2708 = ORIENTED_EDGE ( 'NONE', *, *, #2825, .T. ) ;
#2709 = DIRECTION ( 'NONE',  ( -0.000000000000000000, -1.000000000000000000, -0.000000000000000000 ) ) ;
#2710 = CARTESIAN_POINT ( 'NONE',  ( -9.499999999999902300, 0.000000000000000000, -16.45448267190439040 ) ) ;
#2711 = PERSON_AND_ORGANIZATION_ROLE ( 'classification_officer' ) ;
#2712 = EDGE_CURVE ( 'NONE', #1776, #1059, #2917, .T. ) ;
#2713 = CYLINDRICAL_SURFACE ( 'NONE', #3005, 1.249999999999997335 ) ;
#2714 = CARTESIAN_POINT ( 'NONE',  ( -11.10100308690521231, 0.000000000000000000, 21.40059542794300640 ) ) ;
#2715 = VECTOR ( 'NONE', #2743, 1000.000000000000000 ) ;
#2716 = CIRCLE ( 'NONE', #1293, 3.500000000000001332 ) ;
#2717 = CARTESIAN_POINT ( 'NONE',  ( -31.48295452860804033, 8.673617379884035472E-16, -23.03724262556967162 ) ) ;
#2718 = FACE_OUTER_BOUND ( 'NONE', #848, .T. ) ;
#2719 = CARTESIAN_POINT ( 'NONE',  ( -1.187867436164689039, 5.000000000000000000, -40.52506771691406584 ) ) ;
#2720 = DIRECTION ( 'NONE',  ( 0.000000000000000000, 1.000000000000000000, 0.000000000000000000 ) ) ;
#2721 = VERTEX_POINT ( 'NONE', #1685 ) ;
#2722 = CARTESIAN_POINT ( 'NONE',  ( -25.98076211353298248, 0.000000000000000000, -15.00000000000030376 ) ) ;
#2723 = ADVANCED_FACE ( 'NONE', ( #1439 ), #917, .F. ) ;
#2724 = EDGE_CURVE ( 'NONE', #2238, #2952, #2726, .T. ) ;
#2725 = LINE ( 'NONE', #64, #1065 ) ;
#2726 =( BOUNDED_CURVE ( )  B_SPLINE_CURVE ( 2, ( #354, #657, #1200 ),
 .UNSPECIFIED., .F., .F. ) 
 B_SPLINE_CURVE_WITH_KNOTS ( ( 3, 3 ),
 ( 0.000000000000000000, 1.000000000000000000 ),
 .UNSPECIFIED. ) 
 CURVE ( )  GEOMETRIC_REPRESENTATION_ITEM ( )  RATIONAL_B_SPLINE_CURVE ( ( 1.000000000000000000, 0.2500000000000000000, 1.000000000000000000 ) ) 
 REPRESENTATION_ITEM ( '' )  );
#2727 = ORIENTED_EDGE ( 'NONE', *, *, #1251, .F. ) ;
#2728 = ORIENTED_EDGE ( 'NONE', *, *, #2837, .T. ) ;
#2729 = DIRECTION ( 'NONE',  ( 0.000000000000000000, 1.000000000000000000, 0.000000000000000000 ) ) ;
#2730 = EDGE_CURVE ( 'NONE', #84, #133, #2734, .T. ) ;
#2731 = CARTESIAN_POINT ( 'NONE',  ( -22.56086535253973224, 0.000000000000000000, -18.77812328293720512 ) ) ;
#2732 = CIRCLE ( 'NONE', #1528, 6.524999999999999467 ) ;
#2733 = LINE ( 'NONE', #2694, #1409 ) ;
#2734 = B_SPLINE_CURVE_WITH_KNOTS ( 'NONE', 3,
 ( #1725, #2764, #1938, #2507, #1420, #937, #900, #1741, #1997, #406, #425, #1954, #1475, #2014, #85, #2033, #2842, #2304 ),
 .UNSPECIFIED., .F., .F.,
 ( 4, 2, 2, 2, 2, 2, 2, 2, 4 ),
 ( 0.000000000000000000, 0.1249999999999999167, 0.2499999999999998335, 0.3749999999999997780, 0.4999999999999996669, 0.6249999999999995559, 0.7499999999999995559, 0.8749999999999997780, 1.000000000000000000 ),
 .UNSPECIFIED. ) ;
#2735 = CARTESIAN_POINT ( 'NONE',  ( 9.499999999999904077, 0.000000000000000000, 14.45448267190439040 ) ) ;
#2736 = CARTESIAN_POINT ( 'NONE',  ( 30.64178914275704457, -9.483854119478477911E-13, -5.683154256198466037 ) ) ;
#2737 = LINE ( 'NONE', #1691, #439 ) ;
#2738 = CARTESIAN_POINT ( 'NONE',  ( 30.46337028484509801, -0.000000000000000000, -13.80864145715207592 ) ) ;
#2739 = FACE_OUTER_BOUND ( 'NONE', #367, .T. ) ;
#2740 = VERTEX_POINT ( 'NONE', #2050 ) ;
#2741 = CARTESIAN_POINT ( 'NONE',  ( -11.14671944570051032, 5.000000000000000000, 29.78887587036071949 ) ) ;
#2742 = CARTESIAN_POINT ( 'NONE',  ( -8.588054336633867081, -0.000000000000000000, -23.49324054995970812 ) ) ;
#2743 = DIRECTION ( 'NONE',  ( 0.000000000000000000, 0.7071067811865439090, 0.7071067811865512365 ) ) ;
#2744 = ORIENTED_EDGE ( 'NONE', *, *, #581, .F. ) ;
#2745 = AXIS2_PLACEMENT_3D ( 'NONE', #1849, #3413, #3426 ) ;
#2746 =( BOUNDED_SURFACE ( )  B_SPLINE_SURFACE ( 2, 3, ( 
 ( #3358, #212, #2511, #661, #2000, #3055, #682, #3375, #736, #1744 ),
 ( #996, #409, #700, #1517, #1479, #2531, #1225, #1763, #2271, #1798 ),
 ( #3337, #428, #2806, #1497, #2551, #180, #1245, #2289, #979, #2036 ) ),
 .UNSPECIFIED., .F., .F., .F. ) 
 B_SPLINE_SURFACE_WITH_KNOTS ( ( 3, 3 ),
 ( 4, 2, 2, 2, 4 ),
 ( 0.000000000000000000, 1.000000000000000000 ),
 ( 4.941124141490743860, 5.350355336536017248, 5.759586531581291524, 6.168817726626564912, 6.578048921671838301 ),
 .UNSPECIFIED. ) 
 GEOMETRIC_REPRESENTATION_ITEM ( )  RATIONAL_B_SPLINE_SURFACE ( (
 ( 1.000000000000000000, 1.000000000000000000, 1.000000000000000000, 1.000000000000000000, 1.000000000000000000, 1.000000000000000000, 1.000000000000000000, 1.000000000000000000, 1.000000000000000000, 1.000000000000000000),
 ( 0.2500000000000000000, 0.2500000000000000000, 0.2500000000000000000, 0.2500000000000000000, 0.2500000000000000000, 0.2500000000000000000, 0.2499999999999999722, 0.2499999999999999722, 0.2500000000000000000, 0.2500000000000000000),
 ( 1.000000000000000000, 1.000000000000000000, 1.000000000000000000, 1.000000000000000000, 1.000000000000000000, 1.000000000000000000, 1.000000000000000000, 1.000000000000000000, 1.000000000000000000, 1.000000000000000000) ) ) 
 REPRESENTATION_ITEM ( '' )  SURFACE ( )  );
#2747 = VERTEX_POINT ( 'NONE', #1071 ) ;
#2748 = CARTESIAN_POINT ( 'NONE',  ( -30.30407925992308193, -0.000000000000000000, -13.32010715571021464 ) ) ;
#2749 = CARTESIAN_POINT ( 'NONE',  ( 25.98076211353309262, 4.499999999999999112, 15.00000000000012257 ) ) ;
#2750 = DIRECTION ( 'NONE',  ( 0.000000000000000000, -1.000000000000000000, 0.000000000000000000 ) ) ;
#2751 = CARTESIAN_POINT ( 'NONE',  ( 29.13024293600408043, 0.000000000000000000, -11.63504589709757120 ) ) ;
#2752 = CARTESIAN_POINT ( 'NONE',  ( -25.98076211353298248, 4.500000000000001776, -8.475000000000303402 ) ) ;
#2753 = AXIS2_PLACEMENT_3D ( 'NONE', #1133, #3249, #871 ) ;
#2754 = CARTESIAN_POINT ( 'NONE',  ( 9.499999999999904077, 10.00000000000000000, 16.45448267190439040 ) ) ;
#2755 = DIRECTION ( 'NONE',  ( 0.000000000000000000, 1.000000000000000000, -0.000000000000000000 ) ) ;
#2756 = EDGE_LOOP ( 'NONE', ( #1318, #621, #2639, #12 ) ) ;
#2757 = CARTESIAN_POINT ( 'NONE',  ( -9.427724201530132575, 8.673617379884035472E-16, 32.19486446782864419 ) ) ;
#2758 = CONICAL_SURFACE ( 'NONE', #1108, 15.09999999999999964, 0.7853981633974500554 ) ;
#2759 = ADVANCED_FACE ( 'NONE', ( #2393 ), #2816, .F. ) ;
#2760 = DIRECTION ( 'NONE',  ( -0.000000000000000000, -1.000000000000000000, -0.000000000000000000 ) ) ;
#2761 = DIRECTION ( 'NONE',  ( 0.000000000000000000, 0.000000000000000000, -1.000000000000000000 ) ) ;
#2762 = ORIENTED_EDGE ( 'NONE', *, *, #414, .F. ) ;
#2763 = VERTEX_POINT ( 'NONE', #465 ) ;
#2764 = CARTESIAN_POINT ( 'NONE',  ( 34.04036325681396846, 4.999999999999999112, -8.127595403039476807 ) ) ;
#2765 = CARTESIAN_POINT ( 'NONE',  ( -20.35117252974341540, 0.000000000000000000, -18.57825394440485667 ) ) ;
#2766 = EDGE_CURVE ( 'NONE', #2721, #3287, #2577, .T. ) ;
#2767 = EDGE_CURVE ( 'NONE', #1455, #460, #3031, .T. ) ;
#2768 = CARTESIAN_POINT ( 'NONE',  ( 33.17296421218426872, 5.000000000000000000, 7.315739855252497925 ) ) ;
#2769 = CARTESIAN_POINT ( 'NONE',  ( 10.25086554396539817, 5.000000000000000000, 32.38649965420991350 ) ) ;
#2770 = LINE ( 'NONE', #2477, #3318 ) ;
#2771 = CARTESIAN_POINT ( 'NONE',  ( -1.177099471158312927, 5.000000000000000000, -40.52499999999996305 ) ) ;
#2772 = CARTESIAN_POINT ( 'NONE',  ( -19.00000000000000355, 0.7499999999999781286, -1.179611963664228824E-13 ) ) ;
#2773 = AXIS2_PLACEMENT_3D ( 'NONE', #3405, #1330, #752 ) ;
#2774 = CARTESIAN_POINT ( 'NONE',  ( 24.64136678908640121, 0.000000000000000000, -19.41000745244308945 ) ) ;
#2775 = ORIENTED_EDGE ( 'NONE', *, *, #530, .F. ) ;
#2776 = CARTESIAN_POINT ( 'NONE',  ( -4.576882321792083985, 5.000000000000218492, 39.55056733275534242 ) ) ;
#2777 = ADVANCED_FACE ( 'NONE', ( #1329 ), #1186, .T. ) ;
#2778 = CARTESIAN_POINT ( 'NONE',  ( -15.86100529113277879, 1.179247602451445142E-13, 24.50776040397734690 ) ) ;
#2779 = CARTESIAN_POINT ( 'NONE',  ( -31.95515646190267489, 5.000000000000000000, -23.74596139825655428 ) ) ;
#2780 = CARTESIAN_POINT ( 'NONE',  ( -30.64178914275155208, 5.922258864375810562E-13, 5.683154256199517640 ) ) ;
#2781 = ORIENTED_EDGE ( 'NONE', *, *, #1610, .T. ) ;
#2782 = ORIENTED_EDGE ( 'NONE', *, *, #1901, .T. ) ;
#2783 = EDGE_LOOP ( 'NONE', ( #638, #746, #582, #386 ) ) ;
#2784 = DIRECTION ( 'NONE',  ( 0.000000000000000000, 1.000000000000000000, -0.000000000000000000 ) ) ;
#2785 = CARTESIAN_POINT ( 'NONE',  ( -30.60555282927828102, 0.000000000000000000, -15.35097011353480667 ) ) ;
#2786 = DIRECTION ( 'NONE',  ( 0.000000000000000000, 0.000000000000000000, 1.000000000000000000 ) ) ;
#2787 = CARTESIAN_POINT ( 'NONE',  ( 9.763867659383338449, -6.505213034913026604E-16, 30.75100865835252506 ) ) ;
#2788 = EDGE_CURVE ( 'NONE', #1435, #1821, #1322, .T. ) ;
#2789 = CYLINDRICAL_SURFACE ( 'NONE', #3203, 3.499999999999997780 ) ;
#2790 = ORIENTED_EDGE ( 'NONE', *, *, #2724, .T. ) ;
#2791 = CARTESIAN_POINT ( 'NONE',  ( -8.758314068651966267, -4.398121605577698317E-13, -34.26184526580139789 ) ) ;
#2792 = DIRECTION ( 'NONE',  ( 0.000000000000000000, -1.000000000000000000, 0.000000000000000000 ) ) ;
#2793 = EDGE_LOOP ( 'NONE', ( #223, #2308 ) ) ;
#2794 = CARTESIAN_POINT ( 'NONE',  ( -4.170146078690515345, 0.000000000000000000, 32.02921671726475950 ) ) ;
#2795 = CARTESIAN_POINT ( 'NONE',  ( 32.17480919401940298, 5.000000000000000000, 6.381501232245730293 ) ) ;
#2796 = CARTESIAN_POINT ( 'NONE',  ( 16.18374023028268738, 5.000000000000000000, 25.29732937293075068 ) ) ;
#2797 = CARTESIAN_POINT ( 'NONE',  ( -30.64178914275158760, -5.920090460030839553E-13, -5.683154256201238042 ) ) ;
#2798 = ORIENTED_EDGE ( 'NONE', *, *, #2309, .T. ) ;
#2799 = ORIENTED_EDGE ( 'NONE', *, *, #2190, .T. ) ;
#2800 = EDGE_LOOP ( 'NONE', ( #2416, #256 ) ) ;
#2801 = FACE_OUTER_BOUND ( 'NONE', #1238, .T. ) ;
#2802 = CARTESIAN_POINT ( 'NONE',  ( 22.92209866821907127, 5.000000000000000000, -25.07075979895742535 ) ) ;
#2803 = EDGE_CURVE ( 'NONE', #99, #1481, #861, .T. ) ;
#2804 = CIRCLE ( 'NONE', #2471, 1.249999999999999334 ) ;
#2805 = DIRECTION ( 'NONE',  ( 0.000000000000000000, 0.000000000000000000, 1.000000000000000000 ) ) ;
#2806 = CARTESIAN_POINT ( 'NONE',  ( 11.14671944570249629, 4.999999999999052314, -29.78887587036050633 ) ) ;
#2807 = DIRECTION ( 'NONE',  ( 0.000000000000000000, 1.000000000000000000, -0.000000000000000000 ) ) ;
#2808 = EDGE_LOOP ( 'NONE', ( #443, #2110, #1814, #450 ) ) ;
#2809 = DIRECTION ( 'NONE',  ( 0.000000000000000000, 0.000000000000000000, 1.000000000000000000 ) ) ;
#2810 = DIRECTION ( 'NONE',  ( 0.000000000000000000, 1.000000000000000000, -0.000000000000000000 ) ) ;
#2811 = ORIENTED_EDGE ( 'NONE', *, *, #3013, .T. ) ;
#2812 = CIRCLE ( 'NONE', #100, 6.524999999999999467 ) ;
#2813 = DIRECTION ( 'NONE',  ( -0.000000000000000000, -1.000000000000000000, -0.000000000000000000 ) ) ;
#2814 = CARTESIAN_POINT ( 'NONE',  ( -4.981899122146369763, 0.000000000000000000, 28.92734416812793441 ) ) ;
#2815 = CARTESIAN_POINT ( 'NONE',  ( 1.849216666712503340E-15, 3.999999999999985345, -15.09999999999999964 ) ) ;
#2816 = CONICAL_SURFACE ( 'NONE', #44, 6.524999999999999467, 0.7853981633974552734 ) ;
#2817 = DIRECTION ( 'NONE',  ( 0.000000000000000000, 0.7071067811865432429, 0.7071067811865517916 ) ) ;
#2818 = ORIENTED_EDGE ( 'NONE', *, *, #2320, .F. ) ;
#2819 = ORIENTED_EDGE ( 'NONE', *, *, #404, .F. ) ;
#2820 = CIRCLE ( 'NONE', #2702, 1.249999999999999334 ) ;
#2821 = ORIENTED_EDGE ( 'NONE', *, *, #2884, .F. ) ;
#2822 = CARTESIAN_POINT ( 'NONE',  ( -3.272967068436195781, 0.000000000000000000, -33.28626775445327013 ) ) ;
#2823 = DIRECTION ( 'NONE',  ( 0.000000000000000000, 1.000000000000000000, -0.000000000000000000 ) ) ;
#2824 = CARTESIAN_POINT ( 'NONE',  ( 21.74922086043394742, -8.298779014886580192E-13, 23.83126176139913355 ) ) ;
#2825 = EDGE_CURVE ( 'NONE', #192, #3105, #3371, .T. ) ;
#2826 = CARTESIAN_POINT ( 'NONE',  ( -19.00000000000000355, 10.00000000000000000, -1.250000000000119016 ) ) ;
#2827 = EDGE_LOOP ( 'NONE', ( #2989, #2889 ) ) ;
#2828 = CARTESIAN_POINT ( 'NONE',  ( -1.030800527642688147, 0.000000000000000000, -34.52164672165548609 ) ) ;
#2829 = FACE_OUTER_BOUND ( 'NONE', #962, .T. ) ;
#2830 = CARTESIAN_POINT ( 'NONE',  ( 4.371987765606573539, 0.000000000000000000, 31.54713055636739583 ) ) ;
#2831 = CARTESIAN_POINT ( 'NONE',  ( 25.98076211353319565, 3.000000000000000000, -21.52499999999994529 ) ) ;
#2832 = CARTESIAN_POINT ( 'NONE',  ( 9.499999999999904077, 5.000000000000000000, 16.45448267190439040 ) ) ;
#2833 = CARTESIAN_POINT ( 'NONE',  ( -30.28352015504568584, 4.999999999999052314, 2.733097118173807072 ) ) ;
#2834 = AXIS2_PLACEMENT_3D ( 'NONE', #1141, #2689, #1364 ) ;
#2835 = ORIENTED_EDGE ( 'NONE', *, *, #2445, .T. ) ;
#2836 = ADVANCED_FACE ( 'NONE', ( #597, #1696 ), #335, .T. ) ;
#2837 = EDGE_CURVE ( 'NONE', #1189, #1059, #1106, .T. ) ;
#2838 = VERTEX_POINT ( 'NONE', #560 ) ;
#2839 = B_SPLINE_CURVE_WITH_KNOTS ( 'NONE', 3,
 ( #2871, #2363, #2109, #3173, #1291, #531, #1594, #2093, #764, #1276, #1812, #1565, #2629, #255, #1317, #779, #2336, #3157 ),
 .UNSPECIFIED., .F., .F.,
 ( 4, 2, 2, 2, 2, 2, 2, 2, 4 ),
 ( 0.000000000000000000, 0.1250000000000000000, 0.2500000000000000000, 0.3750000000000000000, 0.5000000000000000000, 0.6250000000000000000, 0.7500000000000000000, 0.8750000000000000000, 1.000000000000000000 ),
 .UNSPECIFIED. ) ;
#2840 = PRODUCT ( 'Disc Bearing Holder', 'Disc Bearing Holder', '', ( #2143 ) ) ;
#2841 = VERTEX_POINT ( 'NONE', #2412 ) ;
#2842 = CARTESIAN_POINT ( 'NONE',  ( 24.05927943240145339, 5.000000000000001776, -25.41614121044527863 ) ) ;
#2843 = CARTESIAN_POINT ( 'NONE',  ( -3.616265055619706015, 0.000000000000000000, 32.90425705679943036 ) ) ;
#2844 = CARTESIAN_POINT ( 'NONE',  ( 4.981899122143757630, 0.000000000000000000, 28.92734416813257070 ) ) ;
#2845 = DIRECTION ( 'NONE',  ( -0.000000000000000000, -1.000000000000000000, -0.000000000000000000 ) ) ;
#2846 = ORIENTED_EDGE ( 'NONE', *, *, #3024, .F. ) ;
#2847 = CARTESIAN_POINT ( 'NONE',  ( -3.269490635758464769, 0.000000000000000000, -33.28911382988273715 ) ) ;
#2848 = VECTOR ( 'NONE', #1907, 1000.000000000000000 ) ;
#2849 = DIRECTION ( 'NONE',  ( 0.000000000000000000, 0.000000000000000000, -1.000000000000000000 ) ) ;
#2850 = LINE ( 'NONE', #3425, #1548 ) ;
#2851 = FACE_OUTER_BOUND ( 'NONE', #3304, .T. ) ;
#2852 = CARTESIAN_POINT ( 'NONE',  ( 9.500000000000101252, 0.7499999999999937828, -15.20448267190427671 ) ) ;
#2853 = CARTESIAN_POINT ( 'NONE',  ( -24.19523318151258451, 0.000000000000000000, -2.166609765759667461 ) ) ;
#2854 = ORIENTED_EDGE ( 'NONE', *, *, #1652, .F. ) ;
#2855 = VERTEX_POINT ( 'NONE', #1932 ) ;
#2856 = DIRECTION ( 'NONE',  ( 0.000000000000000000, 1.000000000000000000, 0.000000000000000000 ) ) ;
#2857 = ORIENTED_EDGE ( 'NONE', *, *, #783, .T. ) ;
#2858 = CARTESIAN_POINT ( 'NONE',  ( 28.52984799767625645, -8.673617379884035472E-16, 24.40072079949500861 ) ) ;
#2859 =( BOUNDED_CURVE ( )  B_SPLINE_CURVE ( 2, ( #2459, #2977, #106 ),
 .UNSPECIFIED., .F., .F. ) 
 B_SPLINE_CURVE_WITH_KNOTS ( ( 3, 3 ),
 ( 0.000000000000000000, 1.000000000000000000 ),
 .UNSPECIFIED. ) 
 CURVE ( )  GEOMETRIC_REPRESENTATION_ITEM ( )  RATIONAL_B_SPLINE_CURVE ( ( 1.000000000000000000, 0.2500000000000000000, 1.000000000000000000 ) ) 
 REPRESENTATION_ITEM ( '' )  );
#2860 = DIRECTION ( 'NONE',  ( 0.000000000000000000, 0.000000000000000000, -1.000000000000000000 ) ) ;
#2861 = CARTESIAN_POINT ( 'NONE',  ( -33.17296421218460978, 5.000000000000000000, 7.315739855252264334 ) ) ;
#2862 = DIRECTION ( 'NONE',  ( -0.000000000000000000, -1.000000000000000000, -0.000000000000000000 ) ) ;
#2863 = DIRECTION ( 'NONE',  ( -0.000000000000000000, -1.000000000000000000, -0.000000000000000000 ) ) ;
#2864 = ORIENTED_EDGE ( 'NONE', *, *, #3355, .F. ) ;
#2865 = AXIS2_PLACEMENT_3D ( 'NONE', #3376, #781, #2605 ) ;
#2866 = EDGE_CURVE ( 'NONE', #2855, #2129, #936, .T. ) ;
#2867 = AXIS2_PLACEMENT_3D ( 'NONE', #2722, #95, #1363 ) ;
#2868 = AXIS2_PLACEMENT_3D ( 'NONE', #1022, #2638, #1607 ) ;
#2869 = CIRCLE ( 'NONE', #1383, 6.524999999999999467 ) ;
#2870 = AXIS2_PLACEMENT_3D ( 'NONE', #591, #1410, #2170 ) ;
#2871 = CARTESIAN_POINT ( 'NONE',  ( 29.13024293600408043, 0.000000000000000000, -11.63504589709757120 ) ) ;
#2872 = ORIENTED_EDGE ( 'NONE', *, *, #1778, .F. ) ;
#2873 = CARTESIAN_POINT ( 'NONE',  ( 35.39656808185087300, 0.000000000000000000, -12.50721273234814035 ) ) ;
#2874 = ORIENTED_EDGE ( 'NONE', *, *, #1197, .T. ) ;
#2875 = EDGE_CURVE ( 'NONE', #2561, #2632, #3263, .T. ) ;
#2876 = FACE_OUTER_BOUND ( 'NONE', #3184, .T. ) ;
#2877 = CARTESIAN_POINT ( 'NONE',  ( 33.38589510601509858, 8.771067599086567364E-13, 8.672629179160205481 ) ) ;
#2878 = B_SPLINE_CURVE_WITH_KNOTS ( 'NONE', 3,
 ( #2415, #1470, #3329, #829, #951, #672, #2934, #1172, #928, #692, #47, #2742, #114, #2396, #2241, #2953, #28, #1968 ),
 .UNSPECIFIED., .F., .F.,
 ( 4, 2, 2, 2, 2, 2, 2, 2, 4 ),
 ( 0.000000000000000000, 0.1250000000000001110, 0.2500000000000002220, 0.3750000000000003331, 0.5000000000000004441, 0.6250000000000003331, 0.7500000000000002220, 0.8750000000000001110, 1.000000000000000000 ),
 .UNSPECIFIED. ) ;
#2879 = CARTESIAN_POINT ( 'NONE',  ( -25.98076211353315301, 3.000000000000000000, 15.00000000000001421 ) ) ;
#2880 = DIRECTION ( 'NONE',  ( 0.000000000000000000, 0.000000000000000000, 1.000000000000000000 ) ) ;
#2881 = CARTESIAN_POINT ( 'NONE',  ( 29.38458067229933235, 0.000000000000000000, 18.15053779600492234 ) ) ;
#2882 = CARTESIAN_POINT ( 'NONE',  ( -27.62424143635352181, -0.000000000000000000, 10.07298579673513217 ) ) ;
#2883 = ORIENTED_EDGE ( 'NONE', *, *, #581, .T. ) ;
#2884 = EDGE_CURVE ( 'NONE', #1930, #935, #1220, .T. ) ;
#2885 = VECTOR ( 'NONE', #708, 1000.000000000000000 ) ;
#2886 = CARTESIAN_POINT ( 'NONE',  ( -9.500000000000095923, 5.000000000000000000, 17.70448267190427671 ) ) ;
#2887 = ORIENTED_EDGE ( 'NONE', *, *, #2210, .T. ) ;
#2888 = CARTESIAN_POINT ( 'NONE',  ( -9.499999999999902300, 0.000000000000000000, -14.45448267190438685 ) ) ;
#2889 = ORIENTED_EDGE ( 'NONE', *, *, #1206, .F. ) ;
#2890 = DIRECTION ( 'NONE',  ( 0.000000000000000000, 1.000000000000000000, -0.000000000000000000 ) ) ;
#2891 = CARTESIAN_POINT ( 'NONE',  ( 31.48295452860450183, 0.000000000000000000, 23.03724262557336289 ) ) ;
#2892 = DIRECTION ( 'NONE',  ( 0.000000000000000000, 0.000000000000000000, 1.000000000000000000 ) ) ;
#2893 = DIRECTION ( 'NONE',  ( 0.000000000000000000, 0.000000000000000000, 1.000000000000000000 ) ) ;
#2894 = CARTESIAN_POINT ( 'NONE',  ( 29.71228907589878787, -0.000000000000000000, 17.75478088498259766 ) ) ;
#2895 = AXIS2_PLACEMENT_3D ( 'NONE', #995, #391, #2786 ) ;
#2896 = DIRECTION ( 'NONE',  ( -0.000000000000000000, -1.000000000000000000, -0.000000000000000000 ) ) ;
#2897 = VERTEX_POINT ( 'NONE', #41 ) ;
#2898 = CARTESIAN_POINT ( 'NONE',  ( -31.96335488335232000, 4.999999999999781508, 23.73898002718130584 ) ) ;
#2899 = CC_DESIGN_DATE_AND_TIME_ASSIGNMENT ( #2165, #1095, ( #2183 ) ) ;
#2900 = CARTESIAN_POINT ( 'NONE',  ( -25.98076211353298248, 5.000000000000000000, -15.00000000000030376 ) ) ;
#2901 = EDGE_LOOP ( 'NONE', ( #1279, #277, #3018, #894 ) ) ;
#2902 = CARTESIAN_POINT ( 'NONE',  ( -30.23223582296927248, -0.000000000000000000, 16.85420670182613989 ) ) ;
#2903 = ORIENTED_EDGE ( 'NONE', *, *, #1823, .T. ) ;
#2904 = CARTESIAN_POINT ( 'NONE',  ( 0.000000000000000000, 0.000000000000000000, 0.000000000000000000 ) ) ;
#2905 = ADVANCED_FACE ( 'NONE', ( #2207 ), #476, .T. ) ;
#2906 = CARTESIAN_POINT ( 'NONE',  ( 32.59543260130137554, -8.673617379884035472E-16, 7.932783575516086927 ) ) ;
#2907 = CARTESIAN_POINT ( 'NONE',  ( -34.05078541503926459, 0.000000000000000000, -9.546000155124744424 ) ) ;
#2908 = DIRECTION ( 'NONE',  ( 0.000000000000000000, 0.000000000000000000, -1.000000000000000000 ) ) ;
#2909 = CARTESIAN_POINT ( 'NONE',  ( -25.98076211353298248, 3.000000000000000000, -8.475000000000303402 ) ) ;
#2910 = CARTESIAN_POINT ( 'NONE',  ( 9.499999999999904077, 0.000000000000000000, 16.45448267190439040 ) ) ;
#2911 = CARTESIAN_POINT ( 'NONE',  ( -20.22456353106144178, 5.000000000000000000, -24.54778014401683350 ) ) ;
#2912 = ORIENTED_EDGE ( 'NONE', *, *, #3427, .T. ) ;
#2913 = B_SPLINE_CURVE_WITH_KNOTS ( 'NONE', 3,
 ( #2154, #2410, #2946, #576, #316, #594, #1641, #1659, #60, #299 ),
 .UNSPECIFIED., .F., .F.,
 ( 4, 2, 2, 2, 4 ),
 ( 0.000000000000000000, 0.2500000000000000555, 0.5000000000000001110, 0.7500000000000001110, 1.000000000000000000 ),
 .UNSPECIFIED. ) ;
#2914 = CARTESIAN_POINT ( 'NONE',  ( -31.48295452860458354, -8.673617379884035472E-16, 23.03724262557045677 ) ) ;
#2915 = ADVANCED_FACE ( 'NONE', ( #3344 ), #3081, .F. ) ;
#2916 = ADVANCED_FACE ( 'NONE', ( #1788 ), #2572, .F. ) ;
#2917 = CIRCLE ( 'NONE', #1433, 6.524999999999999467 ) ;
#2918 = DIRECTION ( 'NONE',  ( 0.000000000000000000, 0.000000000000000000, -1.000000000000000000 ) ) ;
#2919 = ORIENTED_EDGE ( 'NONE', *, *, #1653, .T. ) ;
#2920 = CIRCLE ( 'NONE', #1436, 1.250000000000001110 ) ;
#2921 = CARTESIAN_POINT ( 'NONE',  ( -25.13905854231935777, 0.000000000000000000, 19.56116502178466021 ) ) ;
#2922 = ORIENTED_EDGE ( 'NONE', *, *, #414, .T. ) ;
#2923 = PRODUCT_DEFINITION_FORMATION_WITH_SPECIFIED_SOURCE ( 'ANY', '', #2840, .NOT_KNOWN. ) ;
#2924 = FACE_OUTER_BOUND ( 'NONE', #733, .T. ) ;
#2925 = EDGE_CURVE ( 'NONE', #1078, #2523, #1931, .T. ) ;
#2926 = CARTESIAN_POINT ( 'NONE',  ( -35.71462601025955763, 2.194723994098906383E-13, -14.64888173671982941 ) ) ;
#2927 = CARTESIAN_POINT ( 'NONE',  ( 8.258098293854290617, 4.999999999999999112, 36.63246031518640677 ) ) ;
#2928 = DIRECTION ( 'NONE',  ( 0.000000000000000000, 1.000000000000000000, -0.000000000000000000 ) ) ;
#2929 = DIRECTION ( 'NONE',  ( 0.000000000000000000, 0.000000000000000000, 1.000000000000000000 ) ) ;
#2930 = FACE_OUTER_BOUND ( 'NONE', #3006, .T. ) ;
#2931 = ORIENTED_EDGE ( 'NONE', *, *, #247, .F. ) ;
#2932 = CARTESIAN_POINT ( 'NONE',  ( -35.84865425856671095, 4.999999999999780620, 11.15475712353945070 ) ) ;
#2933 = EDGE_CURVE ( 'NONE', #1271, #2763, #1817, .T. ) ;
#2934 = CARTESIAN_POINT ( 'NONE',  ( -16.05174109783209602, 0.000000000000000000, -19.18416959899457908 ) ) ;
#2935 = ORIENTED_EDGE ( 'NONE', *, *, #992, .T. ) ;
#2936 = DIRECTION ( 'NONE',  ( 0.000000000000000000, 0.000000000000000000, 1.000000000000000000 ) ) ;
#2937 = EDGE_LOOP ( 'NONE', ( #2661, #415, #1624, #1142 ) ) ;
#2938 = CALENDAR_DATE ( 2026, 23, 8 ) ;
#2939 = CARTESIAN_POINT ( 'NONE',  ( 9.500000000000101252, 5.000000000000000000, -16.45448267190427316 ) ) ;
#2940 = DIRECTION ( 'NONE',  ( 0.000000000000000000, 1.000000000000000000, -0.000000000000000000 ) ) ;
#2941 = EDGE_CURVE ( 'NONE', #2005, #1010, #2259, .T. ) ;
#2942 = CYLINDRICAL_SURFACE ( 'NONE', #1822, 6.524999999999999467 ) ;
#2943 = CARTESIAN_POINT ( 'NONE',  ( 1.187867436183337011, 5.000000000000000000, 40.52506771690720200 ) ) ;
#2944 = DIRECTION ( 'NONE',  ( 0.000000000000000000, 0.000000000000000000, -1.000000000000000000 ) ) ;
#2945 = DIRECTION ( 'NONE',  ( 8.659560562354962440E-17, 0.7071067811865451302, -0.7071067811865500152 ) ) ;
#2946 = CARTESIAN_POINT ( 'NONE',  ( -31.37128297676208177, 5.000000000000948575, 5.241095726342456018 ) ) ;
#2947 = ORIENTED_EDGE ( 'NONE', *, *, #3170, .F. ) ;
#2948 = CARTESIAN_POINT ( 'NONE',  ( -30.22993130490582203, 0.000000000000000000, 16.85806350438702594 ) ) ;
#2949 =( BOUNDED_CURVE ( )  B_SPLINE_CURVE ( 2, ( #348, #925, #593 ),
 .UNSPECIFIED., .F., .F. ) 
 B_SPLINE_CURVE_WITH_KNOTS ( ( 3, 3 ),
 ( 0.000000000000000000, 1.000000000000000000 ),
 .UNSPECIFIED. ) 
 CURVE ( )  GEOMETRIC_REPRESENTATION_ITEM ( )  RATIONAL_B_SPLINE_CURVE ( ( 1.000000000000000000, 0.2500000000000000000, 1.000000000000000000 ) ) 
 REPRESENTATION_ITEM ( '' )  );
#2950 = CARTESIAN_POINT ( 'NONE',  ( -25.98076211353298248, 5.000000000000000000, -22.02500000000030767 ) ) ;
#2951 = ADVANCED_FACE ( 'NONE', ( #3395 ), #2094, .F. ) ;
#2952 = VERTEX_POINT ( 'NONE', #3180 ) ;
#2953 = CARTESIAN_POINT ( 'NONE',  ( -5.088455257190800829, -0.000000000000000000, -28.96003747661764649 ) ) ;
#2954 = VERTEX_POINT ( 'NONE', #1033 ) ;
#2955 = VECTOR ( 'NONE', #2817, 1000.000000000000000 ) ;
#2956 = CARTESIAN_POINT ( 'NONE',  ( 24.64136678908641898, 0.000000000000000000, -19.41000745244293668 ) ) ;
#2957 = APPROVAL_DATE_TIME ( #2384, #3060 ) ;
#2958 = CARTESIAN_POINT ( 'NONE',  ( 13.97393055528419481, -0.000000000000000000, 19.87030560339559315 ) ) ;
#2959 = CARTESIAN_POINT ( 'NONE',  ( 9.499999999999904077, 5.000000000000000000, 17.70448267190439040 ) ) ;
#2960 = CARTESIAN_POINT ( 'NONE',  ( 19.00000000000000000, 0.7499999999999954481, -1.249999999999884759 ) ) ;
#2961 = FACE_BOUND ( 'NONE', #595, .T. ) ;
#2962 = CARTESIAN_POINT ( 'NONE',  ( 27.19026993829770689, 0.000000000000000000, -19.47760650425184181 ) ) ;
#2963 = DIRECTION ( 'NONE',  ( 0.000000000000000000, 0.000000000000000000, -1.000000000000000000 ) ) ;
#2964 = CARTESIAN_POINT ( 'NONE',  ( 4.488876146917521126, 0.000000000000000000, 31.04505334954047768 ) ) ;
#2965 = ORIENTED_EDGE ( 'NONE', *, *, #2116, .F. ) ;
#2966 = CARTESIAN_POINT ( 'NONE',  ( -13.81625976971168157, 5.000000000000000000, 26.66419485413563706 ) ) ;
#2967 = CIRCLE ( 'NONE', #1209, 1.999999999999974021 ) ;
#2968 = FACE_OUTER_BOUND ( 'NONE', #930, .T. ) ;
#2969 = EDGE_CURVE ( 'NONE', #2032, #811, #160, .T. ) ;
#2970 = EDGE_LOOP ( 'NONE', ( #3406, #2205, #2887, #2318 ) ) ;
#2971 = VECTOR ( 'NONE', #3142, 1000.000000000000000 ) ;
#2972 = CARTESIAN_POINT ( 'NONE',  ( -30.60568519286930567, -0.000000000000000000, 15.35099530671724821 ) ) ;
#2973 = CARTESIAN_POINT ( 'NONE',  ( -5.913653608946783713, 0.000000000000000000, -26.91375937975475452 ) ) ;
#2974 = APPROVAL_ROLE ( '' ) ;
#2975 = FACE_OUTER_BOUND ( 'NONE', #2970, .T. ) ;
#2976 = AXIS2_PLACEMENT_3D ( 'NONE', #3132, #1284, #1 ) ;
#2977 = CARTESIAN_POINT ( 'NONE',  ( 9.427724201529850134, -4.336808689942017736E-16, -32.19486446782860156 ) ) ;
#2978 = EDGE_CURVE ( 'NONE', #2383, #1821, #2649, .T. ) ;
#2979 = EDGE_CURVE ( 'NONE', #1794, #3408, #2850, .T. ) ;
#2980 = CARTESIAN_POINT ( 'NONE',  ( -29.50661036112092361, 0.000000000000000000, -11.98731280813724887 ) ) ;
#2981 = LOCAL_TIME ( 18, 22, 25.00000000000000000, #1633 ) ;
#2982 = DIRECTION ( 'NONE',  ( -0.000000000000000000, -1.000000000000000000, -0.000000000000000000 ) ) ;
#2983 = CONICAL_SURFACE ( 'NONE', #2265, 1.249999999999999334, 0.7853981633974528309 ) ;
#2984 = DIRECTION ( 'NONE',  ( -0.000000000000000000, -1.000000000000000000, 0.000000000000000000 ) ) ;
#2985 = CARTESIAN_POINT ( 'NONE',  ( -25.98076211353315301, 5.000000000000000000, 15.00000000000001421 ) ) ;
#2986 = ORIENTED_EDGE ( 'NONE', *, *, #2404, .T. ) ;
#2987 = CARTESIAN_POINT ( 'NONE',  ( -9.500000000000095923, 0.000000000000000000, 16.45448267190428027 ) ) ;
#2988 = CARTESIAN_POINT ( 'NONE',  ( 0.000000000000000000, 3.000000000000000000, 0.000000000000000000 ) ) ;
#2989 = ORIENTED_EDGE ( 'NONE', *, *, #3013, .F. ) ;
#2990 = ORIENTED_EDGE ( 'NONE', *, *, #921, .F. ) ;
#2991 = FACE_BOUND ( 'NONE', #3360, .T. ) ;
#2992 = CARTESIAN_POINT ( 'NONE',  ( -4.488876146917792020, 0.000000000000000000, -31.04505334954055229 ) ) ;
#2993 = PERSON_AND_ORGANIZATION_ROLE ( 'design_supplier' ) ;
#2994 = CARTESIAN_POINT ( 'NONE',  ( 11.10096246359556993, -0.000000000000000000, 21.40052506641083951 ) ) ;
#2995 = CARTESIAN_POINT ( 'NONE',  ( -23.60098218744848708, -0.000000000000000000, 19.09402470499889404 ) ) ;
#2996 = CIRCLE ( 'NONE', #1949, 2.000000000000001776 ) ;
#2997 = AXIS2_PLACEMENT_3D ( 'NONE', #2009, #288, #2140 ) ;
#2998 = CARTESIAN_POINT ( 'NONE',  ( 31.37128297676773769, 4.999999999999052314, -5.241095726340833316 ) ) ;
#2999 = FACE_BOUND ( 'NONE', #401, .T. ) ;
#3000 = FACE_OUTER_BOUND ( 'NONE', #338, .T. ) ;
#3001 = CARTESIAN_POINT ( 'NONE',  ( 23.60098218742631104, -0.000000000000000000, -19.09402470499067306 ) ) ;
#3002 = ORIENTED_EDGE ( 'NONE', *, *, #1758, .F. ) ;
#3003 = CARTESIAN_POINT ( 'NONE',  ( -22.92209866821912811, 5.000000000000000000, 25.07075979895723350 ) ) ;
#3004 = CARTESIAN_POINT ( 'NONE',  ( 17.50869161286947318, 4.999999999999999112, -24.85974921119904124 ) ) ;
#3005 = AXIS2_PLACEMENT_3D ( 'NONE', #3011, #1224, #1727 ) ;
#3006 = EDGE_LOOP ( 'NONE', ( #3272, #2097, #1919, #1349 ) ) ;
#3007 = ORIENTED_EDGE ( 'NONE', *, *, #215, .F. ) ;
#3008 = DIRECTION ( 'NONE',  ( 8.659560562354903276E-17, -0.7071067811865499042, 0.7071067811865451302 ) ) ;
#3009 = CARTESIAN_POINT ( 'NONE',  ( -4.981899122140523772, 0.000000000000000000, -28.92734416813097198 ) ) ;
#3010 = CONICAL_SURFACE ( 'NONE', #636, 6.524999999999999467, 0.7853981633974500554 ) ;
#3011 = CARTESIAN_POINT ( 'NONE',  ( 19.00000000000000000, 10.00000000000000000, 1.127570259384924611E-13 ) ) ;
#3012 = DIRECTION ( 'NONE',  ( 0.000000000000000000, 0.000000000000000000, 1.000000000000000000 ) ) ;
#3013 = EDGE_CURVE ( 'NONE', #3160, #2674, #600, .T. ) ;
#3014 = CARTESIAN_POINT ( 'NONE',  ( 29.13024293600418346, 0.000000000000000000, 11.63504589709744508 ) ) ;
#3015 = CARTESIAN_POINT ( 'NONE',  ( 25.98076211353309262, 0.000000000000000000, 11.50000000000012079 ) ) ;
#3016 = CARTESIAN_POINT ( 'NONE',  ( 0.000000000000000000, 3.000000000000000000, 0.000000000000000000 ) ) ;
#3017 = CARTESIAN_POINT ( 'NONE',  ( -31.96335488335565245, 4.999999999999999112, -23.73898002718151901 ) ) ;
#3018 = ORIENTED_EDGE ( 'NONE', *, *, #3023, .F. ) ;
#3019 = CARTESIAN_POINT ( 'NONE',  ( -3.618833984674243887, 0.000000000000000000, 32.90032401545303742 ) ) ;
#3020 = CARTESIAN_POINT ( 'NONE',  ( -33.75430400049163637, 4.999999999999999112, -22.19445105780499361 ) ) ;
#3021 = CARTESIAN_POINT ( 'NONE',  ( 21.61394677841698453, 5.000000000000000000, -24.67345150780568019 ) ) ;
#3022 = ORIENTED_EDGE ( 'NONE', *, *, #271, .F. ) ;
#3023 = EDGE_CURVE ( 'NONE', #2721, #2569, #2131, .T. ) ;
#3024 = EDGE_CURVE ( 'NONE', #1897, #2326, #2541, .T. ) ;
#3025 = AXIS2_PLACEMENT_3D ( 'NONE', #1879, #1051, #2373 ) ;
#3026 = ORIENTED_EDGE ( 'NONE', *, *, #3099, .T. ) ;
#3027 = CARTESIAN_POINT ( 'NONE',  ( 19.00000000000000000, 5.000000000000000000, 1.250000000000110134 ) ) ;
#3028 = DIRECTION ( 'NONE',  ( 0.000000000000000000, 0.000000000000000000, 1.000000000000000000 ) ) ;
#3029 = DIRECTION ( 'NONE',  ( 0.000000000000000000, 1.000000000000000000, 0.000000000000000000 ) ) ;
#3030 = CARTESIAN_POINT ( 'NONE',  ( 22.56086535254124215, 0.000000000000000000, 18.77812328293385846 ) ) ;
#3031 = CIRCLE ( 'NONE', #1988, 1.250000000000001110 ) ;
#3032 = CARTESIAN_POINT ( 'NONE',  ( -23.16770839977150231, 5.421010862427522170E-16, 24.26208089231263898 ) ) ;
#3033 = CARTESIAN_POINT ( 'NONE',  ( 5.622493802829112042, 5.000000000000000888, -38.97489563182610084 ) ) ;
#3034 = VECTOR ( 'NONE', #1803, 1000.000000000000000 ) ;
#3035 = CIRCLE ( 'NONE', #2423, 3.499999999999997780 ) ;
#3036 = CARTESIAN_POINT ( 'NONE',  ( -30.95199301339695097, 5.000000000000000000, 24.35265159993639372 ) ) ;
#3037 = CARTESIAN_POINT ( 'NONE',  ( 17.11199278915004385, 0.000000000000000000, -18.95037566865935119 ) ) ;
#3038 = ORIENTED_EDGE ( 'NONE', *, *, #233, .T. ) ;
#3039 = CIRCLE ( 'NONE', #1556, 1.249999999999994227 ) ;
#3040 = CARTESIAN_POINT ( 'NONE',  ( -9.523008733645088597, 5.000000000000000000, 34.63395002389063393 ) ) ;
#3041 = CIRCLE ( 'NONE', #1994, 16.10000000000001563 ) ;
#3042 = CARTESIAN_POINT ( 'NONE',  ( -20.35117252974352198, 0.000000000000000000, 18.57825394440697053 ) ) ;
#3043 = AXIS2_PLACEMENT_3D ( 'NONE', #2058, #2098, #3440 ) ;
#3044 = CARTESIAN_POINT ( 'NONE',  ( 19.00000000000000000, 10.00000000000000000, 1.127570259384924611E-13 ) ) ;
#3045 = DIRECTION ( 'NONE',  ( 0.000000000000000000, 0.000000000000000000, 1.000000000000000000 ) ) ;
#3046 = ORIENTED_EDGE ( 'NONE', *, *, #3276, .T. ) ;
#3047 = PERSON ( 'UNSPECIFIED', 'UNSPECIFIED', 'UNSPECIFIED', ('UNSPECIFIED'), ('UNSPECIFIED'), ('UNSPECIFIED') ) ;
#3048 = ORIENTED_EDGE ( 'NONE', *, *, #2328, .T. ) ;
#3049 = EDGE_CURVE ( 'NONE', #1841, #2011, #1049, .T. ) ;
#3050 = B_SPLINE_CURVE_WITH_KNOTS ( 'NONE', 3,
 ( #2494, #1651, #1959, #1924, #123, #1890, #1635, #1672, #2714, #2680, #643, #869, #1391, #1371, #343, #2422, #2995, #55 ),
 .UNSPECIFIED., .F., .F.,
 ( 4, 2, 2, 2, 2, 2, 2, 2, 4 ),
 ( 0.000000000000000000, 0.1250000000000000833, 0.2500000000000001665, 0.3750000000000002220, 0.5000000000000003331, 0.6250000000000004441, 0.7500000000000002220, 0.8750000000000001110, 1.000000000000000000 ),
 .UNSPECIFIED. ) ;
#3051 = ORIENTED_EDGE ( 'NONE', *, *, #1259, .T. ) ;
#3052 = FACE_BOUND ( 'NONE', #48, .T. ) ;
#3053 = CARTESIAN_POINT ( 'NONE',  ( 25.98076211353319565, 5.000000000000000000, -14.99999999999993960 ) ) ;
#3054 = CARTESIAN_POINT ( 'NONE',  ( -4.930380657631323784E-29, 3.000000000000000000, -36.52499999999999858 ) ) ;
#3055 = CARTESIAN_POINT ( 'NONE',  ( 13.92459565620531770, 0.000000000000000000, -19.77034659027195573 ) ) ;
#3056 = CARTESIAN_POINT ( 'NONE',  ( -2.094888803305880013E-13, 0.000000000000000000, 30.00000000000000000 ) ) ;
#3057 = ORIENTED_EDGE ( 'NONE', *, *, #1477, .T. ) ;
#3058 = CARTESIAN_POINT ( 'NONE',  ( -5.171009284097509706, 2.186050376723432648E-13, -38.25421427990610113 ) ) ;
#3059 = CARTESIAN_POINT ( 'NONE',  ( -36.56614540633557198, 5.000000000000000000, 14.62886655241033473 ) ) ;
#3060 = APPROVAL ( #1388, 'UNSPECIFIED' ) ;
#3061 = CIRCLE ( 'NONE', #2997, 7.025000000000003908 ) ;
#3062 = CARTESIAN_POINT ( 'NONE',  ( -36.56449662842275217, 4.999999999999999112, -14.61822535004419876 ) ) ;
#3063 = VERTEX_POINT ( 'NONE', #3148 ) ;
#3064 = CARTESIAN_POINT ( 'NONE',  ( -8.758314068651687379, -8.673617379884035472E-16, 34.26184526580147605 ) ) ;
#3065 = CARTESIAN_POINT ( 'NONE',  ( -10.15932456069679191, 0.000000000000000000, 21.94422687082746037 ) ) ;
#3066 = DIRECTION ( 'NONE',  ( -0.000000000000000000, -1.000000000000000000, -0.000000000000000000 ) ) ;
#3067 = CARTESIAN_POINT ( 'NONE',  ( -31.37128297676211730, 4.999999999999053202, -5.241095726342276606 ) ) ;
#3068 = VERTEX_POINT ( 'NONE', #1833 ) ;
#3069 = EDGE_CURVE ( 'NONE', #1660, #1740, #2621, .T. ) ;
#3070 = ORIENTED_EDGE ( 'NONE', *, *, #2590, .F. ) ;
#3071 = CARTESIAN_POINT ( 'NONE',  ( -4.930380657631323784E-29, 0.000000000000000000, -30.00000000000000355 ) ) ;
#3072 = CARTESIAN_POINT ( 'NONE',  ( -10.25086554396549943, 5.000000000000000000, 32.38649965420999877 ) ) ;
#3073 = CARTESIAN_POINT ( 'NONE',  ( 4.370936565330157286, 0.000000000000000000, 31.55164583575341553 ) ) ;
#3074 = AXIS2_PLACEMENT_3D ( 'NONE', #2341, #2072, #1046 ) ;
#3075 = CARTESIAN_POINT ( 'NONE',  ( 23.16770839977161955, -4.336808689942017736E-16, 24.26208089231250398 ) ) ;
#3076 = DIRECTION ( 'NONE',  ( 0.000000000000000000, -0.7071067811865426878, -0.7071067811865523467 ) ) ;
#3077 = ORIENTED_EDGE ( 'NONE', *, *, #172, .F. ) ;
#3078 = CARTESIAN_POINT ( 'NONE',  ( 3.269490635757675179, 0.000000000000000000, -33.28911382988274426 ) ) ;
#3079 = DIRECTION ( 'NONE',  ( 0.000000000000000000, 0.000000000000000000, 1.000000000000000000 ) ) ;
#3080 = ORIENTED_EDGE ( 'NONE', *, *, #1038, .T. ) ;
#3081 = CYLINDRICAL_SURFACE ( 'NONE', #3432, 6.524999999999995914 ) ;
#3082 = CARTESIAN_POINT ( 'NONE',  ( -24.64136678908635858, 0.000000000000000000, 19.41000745244307524 ) ) ;
#3083 = CARTESIAN_POINT ( 'NONE',  ( -35.85369038301180922, 4.999999999999999112, -11.16450724817404527 ) ) ;
#3084 = DIRECTION ( 'NONE',  ( 0.000000000000000000, 0.000000000000000000, 1.000000000000000000 ) ) ;
#3085 = ORIENTED_EDGE ( 'NONE', *, *, #1251, .T. ) ;
#3086 = ORIENTED_EDGE ( 'NONE', *, *, #2328, .F. ) ;
#3087 = EDGE_CURVE ( 'NONE', #1198, #1189, #778, .T. ) ;
#3088 = ORIENTED_EDGE ( 'NONE', *, *, #640, .F. ) ;
#3089 = CARTESIAN_POINT ( 'NONE',  ( -27.58463017131502326, 5.000000000000000000, 25.46846671763411507 ) ) ;
#3090 = CARTESIAN_POINT ( 'NONE',  ( -30.61612885855753419, -0.000000000000000000, -14.83725377349545305 ) ) ;
#3091 = AXIS2_PLACEMENT_3D ( 'NONE', #1313, #2355, #2944 ) ;
#3092 = CARTESIAN_POINT ( 'NONE',  ( -4.930380657631323784E-29, 5.000000000000000000, -22.97500000000000142 ) ) ;
#3093 = CARTESIAN_POINT ( 'NONE',  ( 10.39913861188215272, 7.099338062452784074E-13, 29.37814494313052194 ) ) ;
#3094 = CARTESIAN_POINT ( 'NONE',  ( 35.69231461119478865, -8.673617379884035472E-16, -15.74641709517670485 ) ) ;
#3095 = ORIENTED_EDGE ( 'NONE', *, *, #1542, .F. ) ;
#3096 = CARTESIAN_POINT ( 'NONE',  ( -2.164930099057759350, -8.673617379884035472E-16, -39.49655032424638534 ) ) ;
#3097 = CARTESIAN_POINT ( 'NONE',  ( -28.74242032143910208, 5.000000000000000000, 25.22552313743170416 ) ) ;
#3098 = EDGE_CURVE ( 'NONE', #3253, #3408, #2431, .T. ) ;
#3099 = EDGE_CURVE ( 'NONE', #192, #797, #377, .T. ) ;
#3100 = AXIS2_PLACEMENT_3D ( 'NONE', #957, #2729, #119 ) ;
#3101 = CARTESIAN_POINT ( 'NONE',  ( 2.164930099059754642, -8.673617379884035472E-16, 39.49655032424565348 ) ) ;
#3102 = CARTESIAN_POINT ( 'NONE',  ( -10.25086554396522409, 5.000000000000000000, 32.38649965420993482 ) ) ;
#3103 = CARTESIAN_POINT ( 'NONE',  ( 0.000000000000000000, 0.000000000000000000, -13.10000000000000142 ) ) ;
#3104 = CARTESIAN_POINT ( 'NONE',  ( 9.500000000000101252, 10.00000000000000000, -15.20448267190427671 ) ) ;
#3105 = VERTEX_POINT ( 'NONE', #1050 ) ;
#3106 = AXIS2_PLACEMENT_3D ( 'NONE', #1615, #1649, #1131 ) ;
#3107 = ADVANCED_FACE ( 'NONE', ( #2060 ), #1323, .F. ) ;
#3108 = VERTEX_POINT ( 'NONE', #1848 ) ;
#3109 = DIRECTION ( 'NONE',  ( 0.000000000000000000, 1.000000000000000000, 0.000000000000000000 ) ) ;
#3110 = CARTESIAN_POINT ( 'NONE',  ( -2.458541958693956531, 0.000000000000000000, 33.93286671810577815 ) ) ;
#3111 = CARTESIAN_POINT ( 'NONE',  ( 8.503019064478630540, 0.000000000000000000, 23.42116601172318013 ) ) ;
#3112 = ORIENTED_EDGE ( 'NONE', *, *, #513, .T. ) ;
#3113 = DIRECTION ( 'NONE',  ( 0.000000000000000000, 0.000000000000000000, 1.000000000000000000 ) ) ;
#3114 = FACE_OUTER_BOUND ( 'NONE', #1973, .T. ) ;
#3115 =( BOUNDED_SURFACE ( )  B_SPLINE_SURFACE ( 2, 3, ( 
 ( #2482, #1169, #2222, #3284, #907, #1962, #3017, #648, #3324, #687, #1749, #948, #3062, #2004, #2446, #1673, #890, #2424 ),
 ( #3194, #571, #2681, #590, #345, #2460, #2717, #1877, #34, #1654, #330, #1392, #2926, #2184, #553, #2907, #3265, #1619 ),
 ( #612, #2664, #1636, #817, #1372, #2697, #1337, #90, #56, #1097, #3230, #855, #1909, #1119, #294, #2169, #2980, #312 ) ),
 .UNSPECIFIED., .F., .F., .T. ) 
 B_SPLINE_SURFACE_WITH_KNOTS ( ( 3, 3 ),
 ( 4, 2, 2, 2, 2, 2, 2, 2, 4 ),
 ( 0.000000000000000000, 1.000000000000000000 ),
 ( 2.846729039097555702, 3.182244330519766962, 3.517759621941978665, 3.853274913364190368, 4.188790204786402072, 4.524305496208613775, 4.859820787630825478, 5.195336079053037182, 5.530851370475248885 ),
 .UNSPECIFIED. ) 
 GEOMETRIC_REPRESENTATION_ITEM ( )  RATIONAL_B_SPLINE_SURFACE ( (
 ( 1.000000000000000000, 1.000000000000000000, 1.000000000000000000, 1.000000000000000000, 1.000000000000000000, 1.000000000000000000, 1.000000000000000000, 1.000000000000000000, 1.000000000000000000, 1.000000000000000000, 1.000000000000000000, 1.000000000000000000, 1.000000000000000000, 1.000000000000000000, 1.000000000000000000, 1.000000000000000000, 1.000000000000000000, 1.000000000000000000),
 ( 0.2500000000000000000, 0.2500000000000000000, 0.2500000000000000000, 0.2500000000000000000, 0.2500000000000000555, 0.2500000000000000555, 0.2500000000000000000, 0.2500000000000000000, 0.2500000000000000000, 0.2500000000000000000, 0.2500000000000000000, 0.2500000000000000000, 0.2500000000000000555, 0.2500000000000000555, 0.2500000000000000000, 0.2500000000000000000, 0.2500000000000000000, 0.2500000000000000000),
 ( 1.000000000000000000, 1.000000000000000000, 1.000000000000000000, 1.000000000000000000, 1.000000000000000000, 1.000000000000000000, 1.000000000000000000, 1.000000000000000000, 1.000000000000000000, 1.000000000000000000, 1.000000000000000000, 1.000000000000000000, 1.000000000000000000, 1.000000000000000000, 1.000000000000000000, 1.000000000000000000, 1.000000000000000000, 1.000000000000000000) ) ) 
 REPRESENTATION_ITEM ( '' )  SURFACE ( )  );
#3116 = CARTESIAN_POINT ( 'NONE',  ( -4.488876146917649024, 0.000000000000000000, 31.04505334954048834 ) ) ;
#3117 = AXIS2_PLACEMENT_3D ( 'NONE', #3044, #3204, #1366 ) ;
#3118 = DIRECTION ( 'NONE',  ( 0.000000000000000000, 0.000000000000000000, 1.000000000000000000 ) ) ;
#3119 = LINE ( 'NONE', #2815, #374 ) ;
#3120 = DIRECTION ( 'NONE',  ( 0.000000000000000000, 1.000000000000000000, -0.000000000000000000 ) ) ;
#3121 = EDGE_LOOP ( 'NONE', ( #696, #1935 ) ) ;
#3122 = VERTEX_POINT ( 'NONE', #2635 ) ;
#3123 = ORIENTED_EDGE ( 'NONE', *, *, #1048, .T. ) ;
#3124 = CARTESIAN_POINT ( 'NONE',  ( -35.71462601025989869, -2.203397611478790924E-13, 14.64888173671774219 ) ) ;
#3125 = DIRECTION ( 'NONE',  ( 0.000000000000000000, 0.000000000000000000, -1.000000000000000000 ) ) ;
#3126 = CARTESIAN_POINT ( 'NONE',  ( 30.94200282558997372, 5.000000000000000000, -24.35667028178364291 ) ) ;
#3127 = VERTEX_POINT ( 'NONE', #262 ) ;
#3128 = CARTESIAN_POINT ( 'NONE',  ( 23.16770839977155561, -8.673617379884035472E-16, -24.26208089231250042 ) ) ;
#3129 = AXIS2_PLACEMENT_3D ( 'NONE', #1496, #2823, #1743 ) ;
#3130 = CARTESIAN_POINT ( 'NONE',  ( 33.74610557904222929, 4.999999999999780620, 22.20143242887703749 ) ) ;
#3131 = ADVANCED_FACE ( 'NONE', ( #2372 ), #168, .F. ) ;
#3132 = CARTESIAN_POINT ( 'NONE',  ( 9.500000000000101252, 5.000000000000000000, -16.45448267190427316 ) ) ;
#3133 = FACE_OUTER_BOUND ( 'NONE', #2500, .T. ) ;
#3134 = DIRECTION ( 'NONE',  ( 0.000000000000000000, -0.7071067811865496822, -0.7071067811865454633 ) ) ;
#3135 = DIRECTION ( 'NONE',  ( 0.000000000000000000, 0.000000000000000000, 1.000000000000000000 ) ) ;
#3136 = AXIS2_PLACEMENT_3D ( 'NONE', #384, #2029, #3084 ) ;
#3137 = EDGE_LOOP ( 'NONE', ( #2645, #908, #1545, #981 ) ) ;
#3138 = ADVANCED_FACE ( 'NONE', ( #35 ), #2602, .F. ) ;
#3139 = EDGE_CURVE ( 'NONE', #2632, #431, #2737, .T. ) ;
#3140 = DIRECTION ( 'NONE',  ( 0.000000000000000000, -1.000000000000000000, 0.000000000000000000 ) ) ;
#3141 = VERTEX_POINT ( 'NONE', #837 ) ;
#3142 = DIRECTION ( 'NONE',  ( -0.000000000000000000, -1.000000000000000000, -0.000000000000000000 ) ) ;
#3143 = CARTESIAN_POINT ( 'NONE',  ( 25.98076211353319565, 5.000000000000000000, -21.52499999999994529 ) ) ;
#3144 = CYLINDRICAL_SURFACE ( 'NONE', #3043, 15.09999999999999964 ) ;
#3145 = CIRCLE ( 'NONE', #2745, 6.525000000000006573 ) ;
#3146 = CARTESIAN_POINT ( 'NONE',  ( 34.05078541504088463, 2.194723994107726984E-13, 9.546000155124257702 ) ) ;
#3147 = EDGE_CURVE ( 'NONE', #899, #83, #1109, .T. ) ;
#3148 = CARTESIAN_POINT ( 'NONE',  ( 22.92209866821908548, 5.000000000000000000, 25.07075979895764917 ) ) ;
#3149 = CARTESIAN_POINT ( 'NONE',  ( 0.000000000000000000, 1.000000000000000000, 0.000000000000000000 ) ) ;
#3150 = CARTESIAN_POINT ( 'NONE',  ( 25.98076211353309262, 5.000000000000000000, 8.475000000000125766 ) ) ;
#3151 = CARTESIAN_POINT ( 'NONE',  ( -26.36396981058486233, -0.000000000000000000, 8.284602658270815212 ) ) ;
#3152 = ORIENTED_EDGE ( 'NONE', *, *, #3398, .F. ) ;
#3153 = AXIS2_PLACEMENT_3D ( 'NONE', #1925, #2406, #2200 ) ;
#3154 = B_SPLINE_CURVE_WITH_KNOTS ( 'NONE', 3,
 ( #339, #2921, #1596, #1129, #1613, #1887, #276, #566, #3225, #2902, #2660, #2972, #307, #1368, #2418, #2113, #290, #3175 ),
 .UNSPECIFIED., .F., .F.,
 ( 4, 2, 2, 2, 2, 2, 2, 2, 4 ),
 ( 0.000000000000000000, 0.1249999999999998335, 0.2499999999999996669, 0.3749999999999995004, 0.4999999999999993339, 0.6249999999999991118, 0.7499999999999994449, 0.8749999999999996669, 1.000000000000000000 ),
 .UNSPECIFIED. ) ;
#3155 = VECTOR ( 'NONE', #2558, 1000.000000000000000 ) ;
#3156 = AXIS2_PLACEMENT_3D ( 'NONE', #2478, #2698, #2407 ) ;
#3157 = CARTESIAN_POINT ( 'NONE',  ( 29.13024293600403425, 0.000000000000000000, 11.63504589709761028 ) ) ;
#3158 = ORIENTED_EDGE ( 'NONE', *, *, #670, .T. ) ;
#3159 = CARTESIAN_POINT ( 'NONE',  ( 31.48295452860638122, -8.673617379884035472E-16, -23.03724262557203062 ) ) ;
#3160 = VERTEX_POINT ( 'NONE', #818 ) ;
#3161 = CARTESIAN_POINT ( 'NONE',  ( -25.98076211353298248, 2.999999999999999112, -15.00000000000030376 ) ) ;
#3162 = CARTESIAN_POINT ( 'NONE',  ( 30.46396356403009520, 0.000000000000000000, 13.81309496693920913 ) ) ;
#3163 = DIRECTION ( 'NONE',  ( 0.000000000000000000, -1.000000000000000000, 0.000000000000000000 ) ) ;
#3164 = CARTESIAN_POINT ( 'NONE',  ( -17.50869161287119269, 5.000000000000000000, 24.85974921120015324 ) ) ;
#3165 = DIRECTION ( 'NONE',  ( 0.000000000000000000, 1.000000000000000000, 0.000000000000000000 ) ) ;
#3166 = CARTESIAN_POINT ( 'NONE',  ( -2.094888803305880013E-13, 3.000000000000000000, 23.47499999999999432 ) ) ;
#3167 = VERTEX_POINT ( 'NONE', #856 ) ;
#3168 = CIRCLE ( 'NONE', #1678, 7.025000000000004796 ) ;
#3169 = CIRCLE ( 'NONE', #1680, 3.500000000000284217 ) ;
#3170 = EDGE_CURVE ( 'NONE', #163, #2594, #2820, .T. ) ;
#3171 = B_SPLINE_CURVE_WITH_KNOTS ( 'NONE', 3,
 ( #365, #131, #3307, #1987, #1112, #1736, #2779, #3020, #3223, #562, #2673, #2521, #2160, #147, #3083, #1269, #2592, #1236 ),
 .UNSPECIFIED., .F., .F.,
 ( 4, 2, 2, 2, 2, 2, 2, 2, 4 ),
 ( 0.000000000000000000, 0.1249999999999997502, 0.2499999999999995004, 0.3749999999999995559, 0.4999999999999996669, 0.6249999999999997780, 0.7499999999999997780, 0.8749999999999998890, 1.000000000000000000 ),
 .UNSPECIFIED. ) ;
#3172 = UNCERTAINTY_MEASURE_WITH_UNIT (LENGTH_MEASURE( 1.000000000000000082E-05 ), #535, 'distance_accuracy_value', 'NONE');
#3173 = CARTESIAN_POINT ( 'NONE',  ( 26.36396981060752154, -0.000000000000000000, -8.284602658292744337 ) ) ;
#3174 = ORIENTED_EDGE ( 'NONE', *, *, #2301, .T. ) ;
#3175 = CARTESIAN_POINT ( 'NONE',  ( -29.13024293600429360, 0.000000000000000000, 11.63504589709729586 ) ) ;
#3176 = ORIENTED_EDGE ( 'NONE', *, *, #680, .T. ) ;
#3177 = CARTESIAN_POINT ( 'NONE',  ( 9.499999999999904077, 10.00000000000000000, 17.70448267190439040 ) ) ;
#3178 = CARTESIAN_POINT ( 'NONE',  ( 28.60055240011710254, 0.000000000000000000, 18.82681821590216487 ) ) ;
#3179 = EDGE_CURVE ( 'NONE', #192, #830, #608, .T. ) ;
#3180 = CARTESIAN_POINT ( 'NONE',  ( -33.17296421218412661, 5.000000000000000000, -7.315739855252640922 ) ) ;
#3181 = DIRECTION ( 'NONE',  ( 0.000000000000000000, 0.000000000000000000, 1.000000000000000000 ) ) ;
#3182 = CARTESIAN_POINT ( 'NONE',  ( 27.19031943606893975, -0.000000000000000000, 19.47773182299211570 ) ) ;
#3183 = LINE ( 'NONE', #284, #1222 ) ;
#3184 = EDGE_LOOP ( 'NONE', ( #1868, #3368, #584, #684 ) ) ;
#3185 = CARTESIAN_POINT ( 'NONE',  ( -36.21866883482020683, 5.000000000000000000, 12.28956569324941839 ) ) ;
#3186 = AXIS2_PLACEMENT_3D ( 'NONE', #1130, #2180, #850 ) ;
#3187 = ADVANCED_FACE ( 'NONE', ( #1356, #2961, #2461, #57, #1120, #3214, #2718, #2999, #2185, #1926, #1153, #1878, #2665, #296 ), #1655, .F. ) ;
#3188 = CARTESIAN_POINT ( 'NONE',  ( -25.98076211353315301, 23.45548698896891082, 18.50000000000029843 ) ) ;
#3189 = ORIENTED_EDGE ( 'NONE', *, *, #1499, .F. ) ;
#3190 = CARTESIAN_POINT ( 'NONE',  ( 33.17296421218426872, 5.000000000000000000, 7.315739855252497925 ) ) ;
#3191 = EDGE_LOOP ( 'NONE', ( #2367, #1055, #1750, #1642 ) ) ;
#3192 = APPROVAL_DATE_TIME ( #3227, #1577 ) ;
#3193 = CARTESIAN_POINT ( 'NONE',  ( 31.96335488335225250, 5.000000000000219380, 23.73898002718420486 ) ) ;
#3194 = CARTESIAN_POINT ( 'NONE',  ( -23.16770839977148455, -8.673617379884035472E-16, -24.26208089231291964 ) ) ;
#3195 = CARTESIAN_POINT ( 'NONE',  ( -2.343806438852593210, 5.000000000000000000, 40.32931028039261179 ) ) ;
#3196 = CARTESIAN_POINT ( 'NONE',  ( 25.98076211353309262, 4.499999999999999112, 15.00000000000012257 ) ) ;
#3197 = EDGE_CURVE ( 'NONE', #2643, #2740, #1723, .T. ) ;
#3198 = AXIS2_PLACEMENT_3D ( 'NONE', #903, #1118, #835 ) ;
#3199 = CYLINDRICAL_SURFACE ( 'NONE', #547, 1.250000000000001110 ) ;
#3200 = FACE_OUTER_BOUND ( 'NONE', #3367, .T. ) ;
#3201 = ORIENTED_EDGE ( 'NONE', *, *, #368, .T. ) ;
#3202 = CARTESIAN_POINT ( 'NONE',  ( -36.10005727333228975, 4.999999999999780620, 18.12426849580266719 ) ) ;
#3203 = AXIS2_PLACEMENT_3D ( 'NONE', #410, #2273, #961 ) ;
#3204 = DIRECTION ( 'NONE',  ( -0.000000000000000000, -1.000000000000000000, -0.000000000000000000 ) ) ;
#3205 = CC_DESIGN_APPROVAL ( #1577, ( #2425 ) ) ;
#3206 = ORIENTED_EDGE ( 'NONE', *, *, #1038, .F. ) ;
#3207 = VECTOR ( 'NONE', #3134, 1000.000000000000114 ) ;
#3208 = CARTESIAN_POINT ( 'NONE',  ( 30.22993130490624836, 0.000000000000000000, -16.85806350438627632 ) ) ;
#3209 = ORIENTED_EDGE ( 'NONE', *, *, #1499, .T. ) ;
#3210 = CALENDAR_DATE ( 2026, 23, 8 ) ;
#3211 = CARTESIAN_POINT ( 'NONE',  ( 4.488876146917521126, 0.000000000000000000, 31.04505334954047768 ) ) ;
#3212 = DIRECTION ( 'NONE',  ( -0.000000000000000000, -1.000000000000000000, -0.000000000000000000 ) ) ;
#3213 = CARTESIAN_POINT ( 'NONE',  ( 9.499999999999904077, 0.7499999999999920064, 15.20448267190439040 ) ) ;
#3214 = FACE_BOUND ( 'NONE', #504, .T. ) ;
#3215 = CARTESIAN_POINT ( 'NONE',  ( 25.98076211353319565, 2.999999999999999112, -18.49999999999993605 ) ) ;
#3216 = CARTESIAN_POINT ( 'NONE',  ( 25.64835172286369058, -0.000000000000000000, 19.62631903741893424 ) ) ;
#3217 = CYLINDRICAL_SURFACE ( 'NONE', #1379, 3.499999999999997780 ) ;
#3218 = ORIENTED_EDGE ( 'NONE', *, *, #3417, .T. ) ;
#3219 = CARTESIAN_POINT ( 'NONE',  ( -30.46396356402972927, 0.000000000000000000, 13.81309496693921801 ) ) ;
#3220 = DIRECTION ( 'NONE',  ( 0.000000000000000000, 0.000000000000000000, 1.000000000000000000 ) ) ;
#3221 = ORIENTED_EDGE ( 'NONE', *, *, #878, .F. ) ;
#3222 = AXIS2_PLACEMENT_3D ( 'NONE', #2900, #2603, #3125 ) ;
#3223 = CARTESIAN_POINT ( 'NONE',  ( -34.50168712571504415, 4.999999999999999112, -21.29118951759866007 ) ) ;
#3224 = EDGE_LOOP ( 'NONE', ( #199, #1309, #655, #1401 ) ) ;
#3225 = CARTESIAN_POINT ( 'NONE',  ( -29.71217238780004877, 0.000000000000000000, 17.75471351507381712 ) ) ;
#3226 = CARTESIAN_POINT ( 'NONE',  ( 9.500000000000101252, -1.084202172485504434E-16, -18.45448267190427671 ) ) ;
#3227 = DATE_AND_TIME ( #2678, #2981 ) ;
#3228 = CARTESIAN_POINT ( 'NONE',  ( 16.05174109783822445, 0.000000000000000000, 19.18416959899098018 ) ) ;
#3229 = FACE_OUTER_BOUND ( 'NONE', #2704, .T. ) ;
#3230 = CARTESIAN_POINT ( 'NONE',  ( -30.41202330524672348, 0.000000000000000000, -16.36812391765530350 ) ) ;
#3231 = DIRECTION ( 'NONE',  ( 0.000000000000000000, 1.000000000000000000, -0.000000000000000000 ) ) ;
#3232 = CARTESIAN_POINT ( 'NONE',  ( 9.528710033953968761, 5.000000000000000888, -34.62481499072202240 ) ) ;
#3233 = EDGE_CURVE ( 'NONE', #1196, #3167, #331, .T. ) ;
#3234 = CARTESIAN_POINT ( 'NONE',  ( 9.499999999999904077, 0.7499999999999920064, 17.70448267190439040 ) ) ;
#3235 = CARTESIAN_POINT ( 'NONE',  ( 9.427724201530029546, -6.505213034913026604E-16, 32.19486446782857314 ) ) ;
#3236 = EDGE_LOOP ( 'NONE', ( #2302, #385, #3189, #149 ) ) ;
#3237 = CARTESIAN_POINT ( 'NONE',  ( 25.98076211353309262, 3.000000000000000000, 15.00000000000012257 ) ) ;
#3238 = CIRCLE ( 'NONE', #695, 3.499999999999997780 ) ;
#3239 = CARTESIAN_POINT ( 'NONE',  ( -25.98076211353315301, 4.500000000000001776, 8.475000000000013856 ) ) ;
#3240 = ORIENTED_EDGE ( 'NONE', *, *, #2505, .T. ) ;
#3241 = EDGE_CURVE ( 'NONE', #2747, #3068, #75, .T. ) ;
#3242 = ADVANCED_FACE ( 'NONE', ( #359 ), #1085, .F. ) ;
#3243 = ORIENTED_EDGE ( 'NONE', *, *, #2767, .T. ) ;
#3244 = CARTESIAN_POINT ( 'NONE',  ( 29.13024293600403425, 0.000000000000000000, 11.63504589709761028 ) ) ;
#3245 = CARTESIAN_POINT ( 'NONE',  ( -13.92459565619977901, 0.000000000000000000, -19.77034659027566477 ) ) ;
#3246 = APPROVAL_ROLE ( '' ) ;
#3247 = CARTESIAN_POINT ( 'NONE',  ( 22.53558231004426560, 0.000000000000000000, 18.88680194579762883 ) ) ;
#3248 = DIRECTION ( 'NONE',  ( 0.000000000000000000, 0.000000000000000000, 1.000000000000000000 ) ) ;
#3249 = DIRECTION ( 'NONE',  ( 0.000000000000000000, 1.000000000000000000, -0.000000000000000000 ) ) ;
#3250 = CARTESIAN_POINT ( 'NONE',  ( 4.587072169580969749, 5.000000000000000000, 39.54708585917848751 ) ) ;
#3251 = DIRECTION ( 'NONE',  ( 0.000000000000000000, 0.000000000000000000, -1.000000000000000000 ) ) ;
#3252 = CARTESIAN_POINT ( 'NONE',  ( 19.27099496074917795, -0.000000000000000000, -18.70229180031504157 ) ) ;
#3253 = VERTEX_POINT ( 'NONE', #3015 ) ;
#3254 = DIRECTION ( 'NONE',  ( 0.000000000000000000, 1.000000000000000000, -0.000000000000000000 ) ) ;
#3255 = CONICAL_SURFACE ( 'NONE', #711, 6.525000000000006573, 0.7853981633974517207 ) ;
#3256 = CARTESIAN_POINT ( 'NONE',  ( -26.26482613868080662, 0.000000000000000000, 8.335505435352308368 ) ) ;
#3257 = ORIENTED_EDGE ( 'NONE', *, *, #2730, .T. ) ;
#3258 = AXIS2_PLACEMENT_3D ( 'NONE', #644, #1480, #701 ) ;
#3259 = FACE_BOUND ( 'NONE', #2827, .T. ) ;
#3260 = DIRECTION ( 'NONE',  ( -0.000000000000000000, -1.000000000000000000, -0.000000000000000000 ) ) ;
#3261 = COORDINATED_UNIVERSAL_TIME_OFFSET ( 5, 0, .BEHIND. ) ;
#3262 = CARTESIAN_POINT ( 'NONE',  ( 6.007512412033301885, 0.000000000000000000, 26.97391919562944906 ) ) ;
#3263 = CIRCLE ( 'NONE', #1780, 3.500000000000003109 ) ;
#3264 = DIRECTION ( 'NONE',  ( 0.000000000000000000, 0.000000000000000000, -1.000000000000000000 ) ) ;
#3265 = CARTESIAN_POINT ( 'NONE',  ( -33.38589510601997290, -8.779741216424633946E-13, -8.672629179155949330 ) ) ;
#3266 = DIRECTION ( 'NONE',  ( 0.000000000000000000, 0.000000000000000000, 1.000000000000000000 ) ) ;
#3267 = CARTESIAN_POINT ( 'NONE',  ( 25.64855089095647855, -0.000000000000000000, -19.62617607126889752 ) ) ;
#3268 = CYLINDRICAL_SURFACE ( 'NONE', #2595, 1.249999999999997558 ) ;
#3269 = ORIENTED_EDGE ( 'NONE', *, *, #124, .T. ) ;
#3270 = CC_DESIGN_PERSON_AND_ORGANIZATION_ASSIGNMENT ( #833, #1116, ( #2840 ) ) ;
#3271 = CARTESIAN_POINT ( 'NONE',  ( 10.25086554396529515, 5.000000000000000000, -32.38649965420996324 ) ) ;
#3272 = ORIENTED_EDGE ( 'NONE', *, *, #2555, .F. ) ;
#3273 = ADVANCED_FACE ( 'NONE', ( #3282 ), #2220, .F. ) ;
#3274 = ORIENTED_EDGE ( 'NONE', *, *, #53, .T. ) ;
#3275 = PLANE ( 'NONE',  #719 ) ;
#3276 = EDGE_CURVE ( 'NONE', #1492, #2274, #2102, .T. ) ;
#3277 = CARTESIAN_POINT ( 'NONE',  ( -17.29770927105337464, -2.373674035300830714E-13, -24.03327268453865528 ) ) ;
#3278 = CARTESIAN_POINT ( 'NONE',  ( 5.088455257196373260, -0.000000000000000000, 28.96003747660595806 ) ) ;
#3279 = CARTESIAN_POINT ( 'NONE',  ( -9.499999999999902300, 0.7499999999999920064, -16.45448267190439040 ) ) ;
#3280 = AXIS2_PLACEMENT_3D ( 'NONE', #2159, #366, #3220 ) ;
#3281 = CARTESIAN_POINT ( 'NONE',  ( 9.500000000000101252, -1.084202172485504434E-16, -14.45448267190427316 ) ) ;
#3282 = FACE_OUTER_BOUND ( 'NONE', #403, .T. ) ;
#3283 = CARTESIAN_POINT ( 'NONE',  ( 28.59710650569107315, 0.000000000000000000, -18.82970119026222022 ) ) ;
#3284 = CARTESIAN_POINT ( 'NONE',  ( -27.58463017131554906, 5.000000000000219380, -25.46846671763456271 ) ) ;
#3285 = EDGE_CURVE ( 'NONE', #1076, #1378, #1183, .T. ) ;
#3286 = ADVANCED_FACE ( 'NONE', ( #722 ), #727, .T. ) ;
#3287 = VERTEX_POINT ( 'NONE', #755 ) ;
#3288 = DIRECTION ( 'NONE',  ( 0.000000000000000000, 0.000000000000000000, 1.000000000000000000 ) ) ;
#3289 = CARTESIAN_POINT ( 'NONE',  ( 9.500000000000101252, 0.7499999999999937828, -17.70448267190427316 ) ) ;
#3290 = PLANE ( 'NONE',  #452 ) ;
#3291 = ORIENTED_EDGE ( 'NONE', *, *, #1155, .F. ) ;
#3292 = AXIS2_PLACEMENT_3D ( 'NONE', #741, #2236, #2849 ) ;
#3293 = EDGE_LOOP ( 'NONE', ( #2504, #334, #1274, #999 ) ) ;
#3294 = ORIENTED_EDGE ( 'NONE', *, *, #247, .T. ) ;
#3295 = DIRECTION ( 'NONE',  ( 0.000000000000000000, 1.000000000000000000, -0.000000000000000000 ) ) ;
#3296 = CARTESIAN_POINT ( 'NONE',  ( -11.14671944570455331, 5.000000000000000000, -29.78887587035664808 ) ) ;
#3297 = CARTESIAN_POINT ( 'NONE',  ( 4.172491611378941201, -0.000000000000000000, 32.02538467747177009 ) ) ;
#3298 = CARTESIAN_POINT ( 'NONE',  ( 12.16457004535963016, -7.116685297212559213E-13, 26.99689199827938779 ) ) ;
#3299 = CONICAL_SURFACE ( 'NONE', #2399, 6.525000000000003020, 0.7853981633974536081 ) ;
#3300 = CARTESIAN_POINT ( 'NONE',  ( 30.00000000000003908, 5.000000000000000000, -1.366865481210244093 ) ) ;
#3301 = CARTESIAN_POINT ( 'NONE',  ( 9.983937466362402091, 5.000000000000219380, -33.53305076665678541 ) ) ;
#3302 = DIRECTION ( 'NONE',  ( 0.000000000000000000, -0.7071067811865426878, -0.7071067811865523467 ) ) ;
#3303 = CARTESIAN_POINT ( 'NONE',  ( 8.588107674324866991, 0.000000000000000000, -23.49330036518660236 ) ) ;
#3304 = EDGE_LOOP ( 'NONE', ( #2762, #387, #1757, #174 ) ) ;
#3305 = CARTESIAN_POINT ( 'NONE',  ( -9.499999999999902300, 0.000000000000000000, -16.45448267190439040 ) ) ;
#3306 = ADVANCED_FACE ( 'NONE', ( #2876 ), #224, .F. ) ;
#3307 = CARTESIAN_POINT ( 'NONE',  ( -25.22161436631031606, 5.000000000000000000, -25.56451245006151396 ) ) ;
#3308 = DIRECTION ( 'NONE',  ( 0.000000000000000000, 1.000000000000000000, -0.000000000000000000 ) ) ;
#3309 = ORIENTED_EDGE ( 'NONE', *, *, #1072, .F. ) ;
#3310 = ORIENTED_EDGE ( 'NONE', *, *, #271, .T. ) ;
#3311 = ORIENTED_EDGE ( 'NONE', *, *, #1259, .F. ) ;
#3312 = CARTESIAN_POINT ( 'NONE',  ( -25.98076211353315301, 5.000000000000000000, 15.00000000000001421 ) ) ;
#3313 = ADVANCED_FACE ( 'NONE', ( #1045 ), #3144, .F. ) ;
#3314 = CARTESIAN_POINT ( 'NONE',  ( -28.59719450541692964, -0.000000000000000000, -18.82980322390326577 ) ) ;
#3315 =( BOUNDED_CURVE ( )  B_SPLINE_CURVE ( 2, ( #1390, #1132, #1957 ),
 .UNSPECIFIED., .F., .T. ) 
 B_SPLINE_CURVE_WITH_KNOTS ( ( 3, 3 ),
 ( 0.000000000000000000, 1.000000000000000000 ),
 .UNSPECIFIED. ) 
 CURVE ( )  GEOMETRIC_REPRESENTATION_ITEM ( )  RATIONAL_B_SPLINE_CURVE ( ( 1.000000000000000000, 0.2500000000000000000, 1.000000000000000000 ) ) 
 REPRESENTATION_ITEM ( '' )  );
#3316 = DIRECTION ( 'NONE',  ( 0.000000000000000000, 0.000000000000000000, 1.000000000000000000 ) ) ;
#3317 = CARTESIAN_POINT ( 'NONE',  ( 17.29770927105428058, -7.112348488573184063E-13, 24.03327268453606180 ) ) ;
#3318 = VECTOR ( 'NONE', #3076, 1000.000000000000000 ) ;
#3319 = CARTESIAN_POINT ( 'NONE',  ( -25.98076211353315301, 0.000000000000000000, 18.50000000000029843 ) ) ;
#3320 = CARTESIAN_POINT ( 'NONE',  ( -1.082578746570366013, -8.673617379884035472E-16, -39.67984574527145014 ) ) ;
#3321 = AXIS2_PLACEMENT_3D ( 'NONE', #3305, #540, #281 ) ;
#3322 = CONICAL_SURFACE ( 'NONE', #1827, 1.249999999999997558, 0.7853981633974549403 ) ;
#3323 = CARTESIAN_POINT ( 'NONE',  ( 0.000000000000000000, 1.000000000000000000, -15.09999999999999964 ) ) ;
#3324 = CARTESIAN_POINT ( 'NONE',  ( -34.50712975278548100, 5.000000000000000000, -21.28189804480360081 ) ) ;
#3325 = VERTEX_POINT ( 'NONE', #259 ) ;
#3326 = CARTESIAN_POINT ( 'NONE',  ( -5.622493802830708987, 5.000000000000218492, 38.97489563182291050 ) ) ;
#3327 = CARTESIAN_POINT ( 'NONE',  ( -17.29770927105793632, -2.374758237490172346E-13, 24.03327268453995558 ) ) ;
#3328 = VECTOR ( 'NONE', #891, 1000.000000000000000 ) ;
#3329 = CARTESIAN_POINT ( 'NONE',  ( -22.53558231007090384, 0.000000000000000000, -18.88680194579822924 ) ) ;
#3330 = CARTESIAN_POINT ( 'NONE',  ( -30.28352015504571781, 5.000000000000948575, -2.733097118173628104 ) ) ;
#3331 = EDGE_LOOP ( 'NONE', ( #461, #2617, #308, #275 ) ) ;
#3332 = EDGE_LOOP ( 'NONE', ( #1089, #23, #3370, #782 ) ) ;
#3333 = VERTEX_POINT ( 'NONE', #486 ) ;
#3334 = CYLINDRICAL_SURFACE ( 'NONE', #2479, 1.249999999999996003 ) ;
#3335 = CARTESIAN_POINT ( 'NONE',  ( -25.64835172288577425, -0.000000000000000000, -19.62631903742285289 ) ) ;
#3336 = CYLINDRICAL_SURFACE ( 'NONE', #1903, 1.249999999999997558 ) ;
#3337 = CARTESIAN_POINT ( 'NONE',  ( 10.25086554396521876, 5.000000000000000000, -32.38649965420994903 ) ) ;
#3338 = CARTESIAN_POINT ( 'NONE',  ( 25.98076211353309262, 4.499999999999999112, 21.52500000000011937 ) ) ;
#3339 = VERTEX_POINT ( 'NONE', #217 ) ;
#3340 = CARTESIAN_POINT ( 'NONE',  ( -4.576882321792883346, 4.999999999999780620, -39.55056733275453951 ) ) ;
#3341 = CARTESIAN_POINT ( 'NONE',  ( -2.094888803305880013E-13, 4.500000000000002665, 30.00000000000000000 ) ) ;
#3342 = AXIS2_PLACEMENT_3D ( 'NONE', #2476, #1165, #2216 ) ;
#3343 = ORIENTED_EDGE ( 'NONE', *, *, #3354, .F. ) ;
#3344 = FACE_OUTER_BOUND ( 'NONE', #1042, .T. ) ;
#3345 = EDGE_CURVE ( 'NONE', #2747, #1334, #1555, .T. ) ;
#3346 = CARTESIAN_POINT ( 'NONE',  ( 33.17296421218426872, 5.000000000000000000, 7.315739855252497925 ) ) ;
#3347 = CYLINDRICAL_SURFACE ( 'NONE', #1934, 1.250000000000001110 ) ;
#3348 = CARTESIAN_POINT ( 'NONE',  ( -35.85371477920427452, 4.999999999999999112, 11.16426211101991939 ) ) ;
#3349 = ORIENTED_EDGE ( 'NONE', *, *, #69, .T. ) ;
#3350 = ORIENTED_EDGE ( 'NONE', *, *, #3024, .T. ) ;
#3351 = ORIENTED_EDGE ( 'NONE', *, *, #53, .F. ) ;
#3352 = CARTESIAN_POINT ( 'NONE',  ( 4.488876146917715637, 0.000000000000000000, -31.04505334954052387 ) ) ;
#3353 = CARTESIAN_POINT ( 'NONE',  ( -26.68778997602183267, 0.000000000000000000, -19.58390593338070218 ) ) ;
#3354 = EDGE_CURVE ( 'NONE', #1010, #2005, #1995, .T. ) ;
#3355 = EDGE_CURVE ( 'NONE', #1023, #1369, #1881, .T. ) ;
#3356 = CARTESIAN_POINT ( 'NONE',  ( 33.75430400049174295, 5.000000000000000000, 22.19445105780481953 ) ) ;
#3357 = AXIS2_PLACEMENT_3D ( 'NONE', #310, #2940, #3012 ) ;
#3358 = CARTESIAN_POINT ( 'NONE',  ( 4.488876146917641030, 0.000000000000000000, -31.04505334954050610 ) ) ;
#3359 = CARTESIAN_POINT ( 'NONE',  ( 30.00000000000003908, 5.000000000000000000, 1.366865481210045585 ) ) ;
#3360 = EDGE_LOOP ( 'NONE', ( #712, #2137 ) ) ;
#3361 = DIRECTION ( 'NONE',  ( 0.000000000000000000, 0.7071067811865426878, 0.7071067811865524577 ) ) ;
#3362 = DIRECTION ( 'NONE',  ( 0.000000000000000000, 1.000000000000000000, -0.000000000000000000 ) ) ;
#3363 = CARTESIAN_POINT ( 'NONE',  ( 7.600425501171060638, 2.186050376719022600E-13, 36.09138100892702994 ) ) ;
#3364 = CARTESIAN_POINT ( 'NONE',  ( -23.16770839977150231, 5.421010862427522170E-16, 24.26208089231263898 ) ) ;
#3365 = DIRECTION ( 'NONE',  ( 0.000000000000000000, 0.000000000000000000, 1.000000000000000000 ) ) ;
#3366 = DIRECTION ( 'NONE',  ( 0.000000000000000000, 1.000000000000000000, -0.000000000000000000 ) ) ;
#3367 = EDGE_LOOP ( 'NONE', ( #2628, #1037, #228, #46 ) ) ;
#3368 = ORIENTED_EDGE ( 'NONE', *, *, #474, .T. ) ;
#3369 = B_SPLINE_CURVE_WITH_KNOTS ( 'NONE', 3,
 ( #557, #1622, #37, #1326, #1087, #2652, #2152, #21, #3, #2894, #2881, #2135, #792, #3182, #2105, #3216, #283, #1122 ),
 .UNSPECIFIED., .F., .F.,
 ( 4, 2, 2, 2, 2, 2, 2, 2, 4 ),
 ( 0.000000000000000000, 0.1250000000000001110, 0.2500000000000002220, 0.3750000000000003331, 0.5000000000000008882, 0.6250000000000006661, 0.7500000000000004441, 0.8750000000000002220, 1.000000000000000000 ),
 .UNSPECIFIED. ) ;
#3370 = ORIENTED_EDGE ( 'NONE', *, *, #1461, .F. ) ;
#3371 = B_SPLINE_CURVE_WITH_KNOTS ( 'NONE', 3,
 ( #113, #1171, #2741, #1158, #2966, #1140, #2189, #1380, #1898, #3003 ),
 .UNSPECIFIED., .F., .F.,
 ( 4, 2, 2, 2, 4 ),
 ( 0.000000000000000000, 0.2500000000000001110, 0.5000000000000001110, 0.7500000000000000000, 1.000000000000000000 ),
 .UNSPECIFIED. ) ;
#3372 = CARTESIAN_POINT ( 'NONE',  ( -35.68422922394316998, 4.999999999999780620, 19.24310195519642619 ) ) ;
#3373 = CIRCLE ( 'NONE', #2529, 6.525000000000006573 ) ;
#3374 = CARTESIAN_POINT ( 'NONE',  ( 0.000000000000000000, 3.999999999999985345, 0.000000000000000000 ) ) ;
#3375 = CARTESIAN_POINT ( 'NONE',  ( 20.35117252973952517, 0.000000000000000000, -18.57825394440494904 ) ) ;
#3376 = CARTESIAN_POINT ( 'NONE',  ( 25.98076211353309262, 3.000000000000000000, 15.00000000000012257 ) ) ;
#3377 = ORIENTED_EDGE ( 'NONE', *, *, #1477, .F. ) ;
#3378 = DIRECTION ( 'NONE',  ( 0.000000000000000000, 0.000000000000000000, 1.000000000000000000 ) ) ;
#3379 = DIRECTION ( 'NONE',  ( -0.000000000000000000, -1.000000000000000000, -0.000000000000000000 ) ) ;
#3380 = DIRECTION ( 'NONE',  ( -0.000000000000000000, -1.000000000000000000, -0.000000000000000000 ) ) ;
#3381 = CARTESIAN_POINT ( 'NONE',  ( 30.00000000000003908, 5.000000000000000000, -1.366865481210244093 ) ) ;
#3382 = CARTESIAN_POINT ( 'NONE',  ( -19.00000000000000355, 0.7499999999999781286, 1.249999999999883205 ) ) ;
#3383 = CARTESIAN_POINT ( 'NONE',  ( -19.00000000000000355, 0.000000000000000000, -1.179611963664228824E-13 ) ) ;
#3384 = ORIENTED_EDGE ( 'NONE', *, *, #2979, .F. ) ;
#3385 = CIRCLE ( 'NONE', #2427, 1.999999999999998224 ) ;
#3386 = ORIENTED_EDGE ( 'NONE', *, *, #1864, .F. ) ;
#3387 = ORIENTED_EDGE ( 'NONE', *, *, #854, .F. ) ;
#3388 = CARTESIAN_POINT ( 'NONE',  ( -30.94200282559309301, 5.000000000000000888, 24.35667028178346882 ) ) ;
#3389 = EDGE_CURVE ( 'NONE', #1875, #1157, #2148, .T. ) ;
#3390 = DIRECTION ( 'NONE',  ( 0.000000000000000000, 0.000000000000000000, 1.000000000000000000 ) ) ;
#3391 = CARTESIAN_POINT ( 'NONE',  ( 36.56449662842140924, 5.000000000000000000, -14.61822535004254320 ) ) ;
#3392 = ORIENTED_EDGE ( 'NONE', *, *, #2445, .F. ) ;
#3393 =( NAMED_UNIT ( * ) SI_UNIT ( $, .STERADIAN. ) SOLID_ANGLE_UNIT ( ) );
#3394 = DIRECTION ( 'NONE',  ( 0.000000000000000000, 0.000000000000000000, -1.000000000000000000 ) ) ;
#3395 = FACE_OUTER_BOUND ( 'NONE', #1771, .T. ) ;
#3396 = AXIS2_PLACEMENT_3D ( 'NONE', #2656, #2324, #3390 ) ;
#3397 = FACE_OUTER_BOUND ( 'NONE', #2227, .T. ) ;
#3398 = EDGE_CURVE ( 'NONE', #1660, #1838, #3039, .T. ) ;
#3399 = EDGE_CURVE ( 'NONE', #1455, #2643, #800, .T. ) ;
#3400 = DIRECTION ( 'NONE',  ( 8.659560562354950115E-17, 0.7071067811865463515, -0.7071067811865487940 ) ) ;
#3401 = CARTESIAN_POINT ( 'NONE',  ( -16.18374023028187025, 5.000000000000000000, -25.29732937292801864 ) ) ;
#3402 = ORIENTED_EDGE ( 'NONE', *, *, #327, .F. ) ;
#3403 = VERTEX_POINT ( 'NONE', #505 ) ;
#3404 = EDGE_CURVE ( 'NONE', #83, #899, #603, .T. ) ;
#3405 = CARTESIAN_POINT ( 'NONE',  ( -2.094888803305880013E-13, 5.000000000000000000, 30.00000000000000000 ) ) ;
#3406 = ORIENTED_EDGE ( 'NONE', *, *, #943, .F. ) ;
#3407 = CARTESIAN_POINT ( 'NONE',  ( 33.38589510601593702, -8.673617379884035472E-16, -8.672629179162134605 ) ) ;
#3408 = VERTEX_POINT ( 'NONE', #231 ) ;
#3409 = DIRECTION ( 'NONE',  ( 0.000000000000000000, 0.000000000000000000, 1.000000000000000000 ) ) ;
#3410 = AXIS2_PLACEMENT_3D ( 'NONE', #2749, #2493, #2805 ) ;
#3411 = CARTESIAN_POINT ( 'NONE',  ( 24.04850509713805806, 4.999999999999780620, 25.41286885899408432 ) ) ;
#3412 = DIRECTION ( 'NONE',  ( -0.000000000000000000, -1.000000000000000000, -0.000000000000000000 ) ) ;
#3413 = DIRECTION ( 'NONE',  ( 0.000000000000000000, 1.000000000000000000, 0.000000000000000000 ) ) ;
#3414 = DIRECTION ( 'NONE',  ( 0.000000000000000000, 0.000000000000000000, 1.000000000000000000 ) ) ;
#3415 = CARTESIAN_POINT ( 'NONE',  ( -10.56086241559787453, 5.000000000002843059, -31.05495274006016970 ) ) ;
#3416 = ORIENTED_EDGE ( 'NONE', *, *, #7, .F. ) ;
#3417 = EDGE_CURVE ( 'NONE', #3403, #133, #2371, .T. ) ;
#3418 = DIRECTION ( 'NONE',  ( -0.000000000000000000, -1.000000000000000000, -0.000000000000000000 ) ) ;
#3419 = ORIENTED_EDGE ( 'NONE', *, *, #2825, .F. ) ;
#3420 = CYLINDRICAL_SURFACE ( 'NONE', #1218, 6.524999999999999467 ) ;
#3421 = ORIENTED_EDGE ( 'NONE', *, *, #1553, .F. ) ;
#3422 = CARTESIAN_POINT ( 'NONE',  ( -25.98076211353298248, 4.500000000000001776, -15.00000000000030376 ) ) ;
#3423 = CIRCLE ( 'NONE', #815, 2.000000000000001776 ) ;
#3424 = CARTESIAN_POINT ( 'NONE',  ( 30.60477904746154820, 0.000000000000000000, 15.35539583282002596 ) ) ;
#3425 = CARTESIAN_POINT ( 'NONE',  ( 25.98076211353309262, 23.45548698896891082, 18.50000000000012434 ) ) ;
#3426 = DIRECTION ( 'NONE',  ( 0.000000000000000000, 0.000000000000000000, 1.000000000000000000 ) ) ;
#3427 = EDGE_CURVE ( 'NONE', #1886, #2543, #376, .T. ) ;
#3428 = FACE_OUTER_BOUND ( 'NONE', #3191, .T. ) ;
#3429 = CARTESIAN_POINT ( 'NONE',  ( -24.63977030178471139, -0.000000000000000000, -4.309147050335843332 ) ) ;
#3430 = ORIENTED_EDGE ( 'NONE', *, *, #124, .F. ) ;
#3431 = CIRCLE ( 'NONE', #2362, 3.500000000000003109 ) ;
#3432 = AXIS2_PLACEMENT_3D ( 'NONE', #382, #2813, #725 ) ;
#3433 = CIRCLE ( 'NONE', #437, 3.500000000000284217 ) ;
#3434 = AXIS2_PLACEMENT_3D ( 'NONE', #2589, #522, #1862 ) ;
#3435 = LINE ( 'NONE', #548, #790 ) ;
#3436 = VERTEX_POINT ( 'NONE', #1584 ) ;
#3437 = EDGE_LOOP ( 'NONE', ( #604, #2359, #1971, #1541 ) ) ;
#3438 = CARTESIAN_POINT ( 'NONE',  ( 29.71447690586288815, 0.000000000000000000, -17.75085671251397912 ) ) ;
#3439 = ORIENTED_EDGE ( 'NONE', *, *, #2405, .F. ) ;
#3440 = DIRECTION ( 'NONE',  ( 0.000000000000000000, 0.000000000000000000, -1.000000000000000000 ) ) ;
#3441 = CARTESIAN_POINT ( 'NONE',  ( 25.65304230112183959, 0.000000000000000000, 19.62606080026948163 ) ) ;
ENDSEC;
END-ISO-10303-21;
