ISO-10303-21;
HEADER;
FILE_DESCRIPTION (( 'STEP AP203' ),
    '1' );
FILE_NAME ('EC2.STEP',
    '2026-08-26T16:28:32',
    ( '' ),
    ( '' ),
    'SwSTEP 2.0',
    'SolidWorks 2025',
    '' );
FILE_SCHEMA (( 'CONFIG_CONTROL_DESIGN' ));
ENDSEC;

DATA;
#1 = CARTESIAN_POINT ( 'NONE',  ( -1.075106877196637889, 21.50000000000000000, 9.937870124137544892 ) ) ;
#2 = CARTESIAN_POINT ( 'NONE',  ( -0.5391825845255463490, 21.50000000000000711, 8.577864889514462021 ) ) ;
#3 = CARTESIAN_POINT ( 'NONE',  ( -0.6042983942281301424, 22.00000000000001421, 8.438246905072782411 ) ) ;
#4 = EDGE_CURVE ( 'NONE', #1423, #329, #837, .T. ) ;
#5 = LINE ( 'NONE', #1201, #862 ) ;
#6 = ORIENTED_EDGE ( 'NONE', *, *, #851, .F. ) ;
#7 = EDGE_LOOP ( 'NONE', ( #1161, #492, #701, #733 ) ) ;
#8 = DATE_AND_TIME ( #875, #843 ) ;
#9 = APPROVAL ( #468, 'UNSPECIFIED' ) ;
#10 = VECTOR ( 'NONE', #635, 1000.000000000000000 ) ;
#11 = VECTOR ( 'NONE', #13, 1000.000000000000000 ) ;
#12 = CARTESIAN_POINT ( 'NONE',  ( -0.9886296847990125869, 21.50000000000000355, 8.811777752277054176 ) ) ;
#13 = DIRECTION ( 'NONE',  ( 0.000000000000000000, 0.000000000000000000, 1.000000000000000000 ) ) ;
#14 = VERTEX_POINT ( 'NONE', #1416 ) ;
#15 = ORIENTED_EDGE ( 'NONE', *, *, #849, .T. ) ;
#16 = DIRECTION ( 'NONE',  ( 0.000000000000000000, 0.000000000000000000, -1.000000000000000000 ) ) ;
#17 = CARTESIAN_POINT ( 'NONE',  ( -0.9312775580593052327, 21.50000000000000711, 8.651204260690978032 ) ) ;
#18 = CARTESIAN_POINT ( 'NONE',  ( -0.7012481435247747141, 21.49999999999999645, 9.217103931681002393 ) ) ;
#19 = CARTESIAN_POINT ( 'NONE',  ( -0.2749280432553232734, 22.00000000000000711, 8.504654280304444924 ) ) ;
#20 = ORIENTED_EDGE ( 'NONE', *, *, #244, .T. ) ;
#21 = CARTESIAN_POINT ( 'NONE',  ( 4.199999999999993960, 23.75999999999692491, 2.900000000000003464 ) ) ;
#22 = ORIENTED_EDGE ( 'NONE', *, *, #1238, .T. ) ;
#23 = CARTESIAN_POINT ( 'NONE',  ( 0.000000000000000000, 50.28427124746190202, 0.000000000000000000 ) ) ;
#24 = CARTESIAN_POINT ( 'NONE',  ( -4.330127018922182103, 31.50000000000000000, -0.4000000000000192846 ) ) ;
#25 = CARTESIAN_POINT ( 'NONE',  ( -0.8880860353716624189, 21.50000000000000000, 9.196311728425422771 ) ) ;
#26 = CARTESIAN_POINT ( 'NONE',  ( -0.2732464723519933414, 21.50000000000001066, 8.687581549476833587 ) ) ;
#27 = ORIENTED_EDGE ( 'NONE', *, *, #860, .T. ) ;
#28 = CARTESIAN_POINT ( 'NONE',  ( -0.9798284528245014835, 22.00000000000001066, 8.769128817171017332 ) ) ;
#29 = CYLINDRICAL_SURFACE ( 'NONE', #1176, 2.100000000000000089 ) ;
#30 = CARTESIAN_POINT ( 'NONE',  ( -0.3164698486581878911, 21.50000000000000711, 8.481811634075734574 ) ) ;
#31 = CARTESIAN_POINT ( 'NONE',  ( -0.8474799981024192519, 22.00000000000001066, 8.549603731314221022 ) ) ;
#32 = AXIS2_PLACEMENT_3D ( 'NONE', #1408, #288, #149 ) ;
#33 = CARTESIAN_POINT ( 'NONE',  ( -0.8406885603924720840, 21.50000000000000000, 8.965729988693345476 ) ) ;
#34 = CARTESIAN_POINT ( 'NONE',  ( -0.2354845915604417417, 22.00000000000001421, 8.531454219344183798 ) ) ;
#35 = EDGE_LOOP ( 'NONE', ( #869, #920, #1389, #642 ) ) ;
#36 = DESIGN_CONTEXT ( 'detailed design', #903, 'design' ) ;
#37 = CARTESIAN_POINT ( 'NONE',  ( -0.9922057638622741038, 22.00000000000001066, 8.855790394378873387 ) ) ;
#38 = APPROVAL_ROLE ( '' ) ;
#39 = CARTESIAN_POINT ( 'NONE',  ( 1.951563910473907981E-15, 22.49999999999693046, 7.669342192283114201 ) ) ;
#40 = EDGE_LOOP ( 'NONE', ( #1040, #967, #227, #282 ) ) ;
#41 = CYLINDRICAL_SURFACE ( 'NONE', #961, 2.125000000000000000 ) ;
#42 = CARTESIAN_POINT ( 'NONE',  ( -4.330127018922182103, 13.79903810567358491, -0.4000000000000192846 ) ) ;
#43 = CARTESIAN_POINT ( 'NONE',  ( -0.9498517861734244727, 21.50000000000000000, 9.088704071772049531 ) ) ;
#44 = DIRECTION ( 'NONE',  ( 0.000000000000000000, 1.000000000000000000, 0.000000000000000000 ) ) ;
#45 = VERTEX_POINT ( 'NONE', #263 ) ;
#46 = EDGE_CURVE ( 'NONE', #58, #699, #77, .T. ) ;
#47 = ORIENTED_EDGE ( 'NONE', *, *, #1168, .F. ) ;
#48 = PERSON_AND_ORGANIZATION_ROLE ( 'design_owner' ) ;
#49 = FACE_OUTER_BOUND ( 'NONE', #7, .T. ) ;
#50 = EDGE_CURVE ( 'NONE', #256, #615, #1204, .T. ) ;
#51 = ORIENTED_EDGE ( 'NONE', *, *, #113, .F. ) ;
#52 = AXIS2_PLACEMENT_3D ( 'NONE', #324, #557, #1483 ) ;
#53 = CARTESIAN_POINT ( 'NONE',  ( -0.9910042278997749365, 21.50000000000000711, 8.841002474046453230 ) ) ;
#54 = DIRECTION ( 'NONE',  ( -0.000000000000000000, -1.000000000000000000, -0.000000000000000000 ) ) ;
#55 = CARTESIAN_POINT ( 'NONE',  ( -0.8626222873702893423, 21.50000000000000000, 9.234423270686145102 ) ) ;
#56 = CARTESIAN_POINT ( 'NONE',  ( 1.951563910473907981E-15, 22.49999999999693046, 7.099999999999989875 ) ) ;
#57 = EDGE_LOOP ( 'NONE', ( #1093, #1261, #390, #1268 ) ) ;
#58 = VERTEX_POINT ( 'NONE', #1248 ) ;
#59 = DIRECTION ( 'NONE',  ( 0.9983319744605384516, 0.000000000000000000, 0.05773446777898545712 ) ) ;
#60 = CARTESIAN_POINT ( 'NONE',  ( -0.2732464723519933414, 21.50000000000001066, 8.687581549476833587 ) ) ;
#61 = CARTESIAN_POINT ( 'NONE',  ( -0.8880860353716624189, 22.00000000000000355, 9.196311728425422771 ) ) ;
#62 = LINE ( 'NONE', #1105, #1012 ) ;
#63 = DATE_TIME_ROLE ( 'classification_date' ) ;
#64 = CARTESIAN_POINT ( 'NONE',  ( 4.330127018922181215, 23.79903810567358136, -4.600000000000022737 ) ) ;
#65 = ORIENTED_EDGE ( 'NONE', *, *, #919, .F. ) ;
#66 = DIRECTION ( 'NONE',  ( -0.000000000000000000, 1.000000000000000000, -0.000000000000000000 ) ) ;
#67 = CARTESIAN_POINT ( 'NONE',  ( -0.4715415057635872209, 21.50000000000000355, 8.581787245946525644 ) ) ;
#68 = CARTESIAN_POINT ( 'NONE',  ( -0.9927939423298658417, 22.00000000000000711, 8.876687337908379050 ) ) ;
#69 = DIRECTION ( 'NONE',  ( -0.000000000000000000, 1.000000000000000000, -0.000000000000000000 ) ) ;
#70 = CARTESIAN_POINT ( 'NONE',  ( 1.951563910473907981E-15, 22.49999999999693046, 2.124999999999996891 ) ) ;
#71 = CARTESIAN_POINT ( 'NONE',  ( -0.6616347873867772789, 22.00000000000001066, 8.605182985764507464 ) ) ;
#72 = CARTESIAN_POINT ( 'NONE',  ( -0.4064734261288306949, 21.50000000000000711, 8.597507480654728695 ) ) ;
#73 = SECURITY_CLASSIFICATION ( '', '', #867 ) ;
#74 = CARTESIAN_POINT ( 'NONE',  ( 0.1301270189221805096, 22.53903810567358335, -4.600000000000022737 ) ) ;
#75 = DIRECTION ( 'NONE',  ( -0.000000000000000000, 1.000000000000000000, 0.000000000000000000 ) ) ;
#76 = LINE ( 'NONE', #1249, #10 ) ;
#77 =( BOUNDED_CURVE ( )  B_SPLINE_CURVE ( 3, ( #844, #1309, #164, #340 ),
 .UNSPECIFIED., .F., .F. ) 
 B_SPLINE_CURVE_WITH_KNOTS ( ( 4, 4 ),
 ( 1.629309242285699177, 4.653876064893887055 ),
 .UNSPECIFIED. ) 
 CURVE ( )  GEOMETRIC_REPRESENTATION_ITEM ( )  RATIONAL_B_SPLINE_CURVE ( ( 1.000000000000000000, 0.3723196881091623833, 0.3723196881091623833, 1.000000000000000000 ) ) 
 REPRESENTATION_ITEM ( '' )  );
#78 = PLANE ( 'NONE',  #1143 ) ;
#79 = CARTESIAN_POINT ( 'NONE',  ( -0.8471848326747593028, 22.00000000000000711, 8.867736582670350032 ) ) ;
#80 = LINE ( 'NONE', #756, #907 ) ;
#81 = CARTESIAN_POINT ( 'NONE',  ( -0.1814022025703429242, 22.00000000000000000, 8.961739304645989890 ) ) ;
#82 = CARTESIAN_POINT ( 'NONE',  ( -0.9922057638622738818, 22.00000000000002132, 8.855790394378871611 ) ) ;
#83 = AXIS2_PLACEMENT_3D ( 'NONE', #303, #769, #1011 ) ;
#84 = LINE ( 'NONE', #392, #146 ) ;
#85 = FACE_BOUND ( 'NONE', #249, .T. ) ;
#86 = CARTESIAN_POINT ( 'NONE',  ( -0.1814022025703429242, 22.00000000000000000, 8.961739304645989890 ) ) ;
#87 = CARTESIAN_POINT ( 'NONE',  ( -0.3782205072971958626, 22.00000000000000000, 9.833714263093591867 ) ) ;
#88 = ORIENTED_EDGE ( 'NONE', *, *, #354, .F. ) ;
#89 = ADVANCED_FACE ( 'NONE', ( #231 ), #1487, .F. ) ;
#90 = ORIENTED_EDGE ( 'NONE', *, *, #203, .F. ) ;
#91 = ADVANCED_FACE ( 'NONE', ( #426 ), #893, .F. ) ;
#92 = CARTESIAN_POINT ( 'NONE',  ( 0.000000000000000000, 0.000000000000000000, 0.000000000000000000 ) ) ;
#93 = DIRECTION ( 'NONE',  ( 0.000000000000000000, -1.000000000000000000, 0.000000000000000000 ) ) ;
#94 = DIRECTION ( 'NONE',  ( 0.000000000000000000, 0.000000000000000000, -1.000000000000000000 ) ) ;
#95 = CARTESIAN_POINT ( 'NONE',  ( -0.6027334404712575422, 21.50000000000000711, 8.585850443287890599 ) ) ;
#96 = VECTOR ( 'NONE', #1428, 1000.000000000000000 ) ;
#97 = DIRECTION ( 'NONE',  ( -0.000000000000000000, -1.000000000000000000, -0.000000000000000000 ) ) ;
#98 = VERTEX_POINT ( 'NONE', #674 ) ;
#99 = EDGE_CURVE ( 'NONE', #503, #1169, #561, .T. ) ;
#100 = EDGE_LOOP ( 'NONE', ( #683, #1202, #797, #918 ) ) ;
#101 = CARTESIAN_POINT ( 'NONE',  ( -0.5000000000000042188, 22.00000000000000000, -0.8660254037844361541 ) ) ;
#102 = CC_DESIGN_PERSON_AND_ORGANIZATION_ASSIGNMENT ( #1106, #509, ( #895 ) ) ;
#103 = CARTESIAN_POINT ( 'NONE',  ( -0.8292720662697041778, 21.50000000000000355, 8.778985600773570042 ) ) ;
#104 = CARTESIAN_POINT ( 'NONE',  ( -0.5000000000000029976, 18.00000000000000000, 9.416025403784436421 ) ) ;
#105 = EDGE_LOOP ( 'NONE', ( #15, #848, #456, #212 ) ) ;
#106 = EDGE_LOOP ( 'NONE', ( #948, #933, #400, #607 ) ) ;
#107 = VECTOR ( 'NONE', #485, 1000.000000000000000 ) ;
#108 = FACE_BOUND ( 'NONE', #226, .T. ) ;
#109 = CARTESIAN_POINT ( 'NONE',  ( -0.8097686608962775257, 22.00000000000001066, 9.053224663537104533 ) ) ;
#110 = EDGE_CURVE ( 'NONE', #151, #1423, #953, .T. ) ;
#111 = CARTESIAN_POINT ( 'NONE',  ( -1.066915291442963820, 21.50000000000000000, 9.793927037486881204 ) ) ;
#112 = CARTESIAN_POINT ( 'NONE',  ( -0.9922057638622741038, 22.00000000000001066, 8.855790394378873387 ) ) ;
#113 = EDGE_CURVE ( 'NONE', #1137, #329, #140, .T. ) ;
#114 = ORIENTED_EDGE ( 'NONE', *, *, #1346, .T. ) ;
#115 = ORIENTED_EDGE ( 'NONE', *, *, #685, .F. ) ;
#116 = CARTESIAN_POINT ( 'NONE',  ( -4.330127018922182103, 31.50000000000000000, -2.500000000000019540 ) ) ;
#117 = CARTESIAN_POINT ( 'NONE',  ( 1.658783576975712840E-15, 12.49999999999692868, 7.099999999999989875 ) ) ;
#118 = CARTESIAN_POINT ( 'NONE',  ( -0.6942957835323925186, 22.00000000000000355, 8.458109970489497087 ) ) ;
#119 = EDGE_LOOP ( 'NONE', ( #274, #882, #448, #508, #1432, #374 ) ) ;
#120 = EDGE_LOOP ( 'NONE', ( #692, #977, #627, #342 ) ) ;
#121 = PERSON_AND_ORGANIZATION ( #460, #1190 ) ;
#122 = CARTESIAN_POINT ( 'NONE',  ( -0.8023507117828726498, 21.50000000000000000, 8.725933461192221685 ) ) ;
#123 = CARTESIAN_POINT ( 'NONE',  ( -0.9674862580364965714, 22.00000000000001066, 8.728142302179559664 ) ) ;
#124 = CARTESIAN_POINT ( 'NONE',  ( -0.1330680421939154645, 22.00000000000001421, 8.636545442737892486 ) ) ;
#125 = ORIENTED_EDGE ( 'NONE', *, *, #759, .F. ) ;
#126 =( BOUNDED_CURVE ( )  B_SPLINE_CURVE ( 3, ( #1159, #1259, #929, #117 ),
 .UNSPECIFIED., .F., .T. ) 
 B_SPLINE_CURVE_WITH_KNOTS ( ( 4, 4 ),
 ( 1.570796326794897668, 4.712388980384688786 ),
 .UNSPECIFIED. ) 
 CURVE ( )  GEOMETRIC_REPRESENTATION_ITEM ( )  RATIONAL_B_SPLINE_CURVE ( ( 1.000000000000000000, 0.3333333333333339810, 0.3333333333333339810, 1.000000000000000000 ) ) 
 REPRESENTATION_ITEM ( '' )  );
#127 = ORIENTED_EDGE ( 'NONE', *, *, #99, .F. ) ;
#128 = B_SPLINE_SURFACE_WITH_KNOTS ( 'NONE', 3, 1, ( 
 ( #136, #951 ),
 ( #154, #382 ),
 ( #365, #284 ),
 ( #1294, #818 ),
 ( #375, #501 ),
 ( #735, #617 ),
 ( #980, #166 ),
 ( #593, #1069 ),
 ( #717, #1102 ),
 ( #173, #451 ),
 ( #847, #264 ),
 ( #276, #1206 ),
 ( #610, #625 ),
 ( #1197, #391 ),
 ( #859, #921 ),
 ( #962, #1320 ),
 ( #483, #746 ),
 ( #1285, #1377 ),
 ( #1404, #358 ) ),
 .UNSPECIFIED., .F., .F., .F.,
 ( 4, 1, 1, 1, 1, 1, 1, 1, 1, 1, 1, 1, 1, 1, 1, 1, 4 ),
 ( 2, 2 ),
 ( 0.000000000000000000, 0.06851222252983678318, 0.1345259281172412058, 0.1985700213252694912, 0.2614279785632046549, 0.3227930735413597207, 0.3841146450844289406, 0.4458875950684443312, 0.5087478481939298192, 0.5714011344952373284, 0.6325117089918178559, 0.6921558605927536911, 0.7519775914555718588, 0.8119871990495529657, 0.8729452614034280966, 0.9354140015415612908, 1.000000000000000000 ),
 ( 0.000000000000000000, 1.000000000000000000 ),
 .UNSPECIFIED. ) ;
#129 = AXIS2_PLACEMENT_3D ( 'NONE', #1192, #169, #620 ) ;
#130 = CARTESIAN_POINT ( 'NONE',  ( -0.6504252382754867057, 21.50000000000000711, 8.445877642579022293 ) ) ;
#131 = VECTOR ( 'NONE', #542, 1000.000000000000227 ) ;
#132 = CARTESIAN_POINT ( 'NONE',  ( -0.5062457951068909390, 22.00000000000001066, 8.436227632006149335 ) ) ;
#133 = CARTESIAN_POINT ( 'NONE',  ( 1.951563910473907981E-15, 22.49999999999693046, 2.124999999999996891 ) ) ;
#134 = VERTEX_POINT ( 'NONE', #731 ) ;
#135 = CARTESIAN_POINT ( 'NONE',  ( -0.5559837006473428156, 22.00000000000000711, 8.434640140283603316 ) ) ;
#136 = CARTESIAN_POINT ( 'NONE',  ( -0.03838912916027197031, 21.50000000000000355, 8.970125729561777561 ) ) ;
#137 = ORIENTED_EDGE ( 'NONE', *, *, #928, .F. ) ;
#138 = CARTESIAN_POINT ( 'NONE',  ( -0.7756607517684236397, 21.50000000000000711, 8.495184554827154955 ) ) ;
#139 = CARTESIAN_POINT ( 'NONE',  ( -0.9886296847990125869, 22.00000000000000711, 8.811777752277054176 ) ) ;
#140 = LINE ( 'NONE', #947, #1059 ) ;
#141 = ORIENTED_EDGE ( 'NONE', *, *, #1371, .F. ) ;
#142 = CARTESIAN_POINT ( 'NONE',  ( -0.7756607517684236397, 22.00000000000001066, 8.495184554827154955 ) ) ;
#143 = EDGE_CURVE ( 'NONE', #58, #1075, #1193, .T. ) ;
#144 = B_SPLINE_SURFACE_WITH_KNOTS ( 'NONE', 3, 1, ( 
 ( #347, #132 ),
 ( #1055, #1278 ),
 ( #588, #1288 ),
 ( #930, #3 ),
 ( #361, #821 ),
 ( #238, #118 ),
 ( #964, #470 ),
 ( #148, #810 ),
 ( #703, #252 ),
 ( #1414, #31 ),
 ( #1173, #696 ),
 ( #1182, #1064 ),
 ( #17, #259 ),
 ( #712, #839 ),
 ( #459, #123 ),
 ( #476, #596 ),
 ( #12, #139 ),
 ( #720, #1071 ),
 ( #937, #1392 ) ),
 .UNSPECIFIED., .F., .F., .F.,
 ( 4, 1, 1, 1, 1, 1, 1, 1, 1, 1, 1, 1, 1, 1, 1, 1, 4 ),
 ( 2, 2 ),
 ( 0.000000000000000000, 0.07036071411533066644, 0.1377705084341800390, 0.2023707869777483237, 0.2657298513031681186, 0.3279867888275232457, 0.3898360181596349783, 0.4522578264854615337, 0.5157097165346420375, 0.5790146853017762441, 0.6399365959076624977, 0.6999285682485395510, 0.7590057053260884645, 0.8181942597473701451, 0.8773917184970309036, 0.9379593238468540983, 1.000000000000000000 ),
 ( 0.000000000000000000, 1.000000000000000000 ),
 .UNSPECIFIED. ) ;
#145 = CARTESIAN_POINT ( 'NONE',  ( 0.1301270189221805096, 12.53903810567358157, -4.600000000000022737 ) ) ;
#146 = VECTOR ( 'NONE', #66, 1000.000000000000000 ) ;
#147 = FACE_OUTER_BOUND ( 'NONE', #575, .T. ) ;
#148 = CARTESIAN_POINT ( 'NONE',  ( -0.7756607517684236397, 21.50000000000000711, 8.495184554827154955 ) ) ;
#149 = DIRECTION ( 'NONE',  ( 0.000000000000000000, 0.000000000000000000, 1.000000000000000000 ) ) ;
#150 = CARTESIAN_POINT ( 'NONE',  ( -0.2523635998806414427, 21.50000000000001066, 8.713909629294334991 ) ) ;
#151 = VERTEX_POINT ( 'NONE', #1401 ) ;
#152 = ORIENTED_EDGE ( 'NONE', *, *, #942, .T. ) ;
#153 = APPROVAL_ROLE ( '' ) ;
#154 = CARTESIAN_POINT ( 'NONE',  ( -0.03819063173713455051, 21.50000000000000000, 8.952053641009051432 ) ) ;
#155 = VERTEX_POINT ( 'NONE', #722 ) ;
#156 = CARTESIAN_POINT ( 'NONE',  ( -0.4070759481479420128, 21.50000000000001066, 8.449830401010174796 ) ) ;
#157 = CARTESIAN_POINT ( 'NONE',  ( -0.3479592489215183604, 22.00000000000001776, 8.624827123583472144 ) ) ;
#158 = EDGE_CURVE ( 'NONE', #1025, #134, #823, .T. ) ;
#159 = AXIS2_PLACEMENT_3D ( 'NONE', #197, #44, #293 ) ;
#160 = CARTESIAN_POINT ( 'NONE',  ( -0.6093928189683284202, 21.50000000000000000, 9.332108508552229509 ) ) ;
#161 = EDGE_CURVE ( 'NONE', #1330, #1023, #5, .T. ) ;
#162 = ORIENTED_EDGE ( 'NONE', *, *, #685, .T. ) ;
#163 = APPROVAL ( #579, 'UNSPECIFIED' ) ;
#164 = CARTESIAN_POINT ( 'NONE',  ( 15.25706806282719974, 27.07712041884508380, 6.775586423061369601 ) ) ;
#165 = DATE_AND_TIME ( #1086, #978 ) ;
#166 = CARTESIAN_POINT ( 'NONE',  ( -0.08396475411403350742, 22.00000000000000711, 8.720992167662609873 ) ) ;
#167 = FACE_OUTER_BOUND ( 'NONE', #1171, .T. ) ;
#168 = CARTESIAN_POINT ( 'NONE',  ( -0.1880384891079065479, 22.00000000000000355, 8.880148377885150879 ) ) ;
#169 = DIRECTION ( 'NONE',  ( 0.000000000000000000, -1.000000000000000000, 0.000000000000000000 ) ) ;
#170 = CARTESIAN_POINT ( 'NONE',  ( -0.5000000000000042188, 22.64999999999692903, -9.416025403784436421 ) ) ;
#171 = VERTEX_POINT ( 'NONE', #348 ) ;
#172 = COORDINATED_UNIVERSAL_TIME_OFFSET ( 5, 0, .BEHIND. ) ;
#173 = CARTESIAN_POINT ( 'NONE',  ( -0.1641631555455628222, 21.50000000000001066, 8.598091085274830903 ) ) ;
#174 = ORIENTED_EDGE ( 'NONE', *, *, #783, .F. ) ;
#175 = VECTOR ( 'NONE', #1130, 1000.000000000000000 ) ;
#176 = CARTESIAN_POINT ( 'NONE',  ( -1.075106877196637889, 21.50000000000000000, 9.937870124137544892 ) ) ;
#177 = CARTESIAN_POINT ( 'NONE',  ( -0.2963437145856619437, 21.50000000000000355, 8.663821901805780712 ) ) ;
#178 = DIRECTION ( 'NONE',  ( -0.000000000000000000, 1.000000000000000000, -0.000000000000000000 ) ) ;
#179 = CARTESIAN_POINT ( 'NONE',  ( -0.8471848326747593028, 22.00000000000000711, 8.867736582670350032 ) ) ;
#180 = PERSON_AND_ORGANIZATION_ROLE ( 'creator' ) ;
#181 = CARTESIAN_POINT ( 'NONE',  ( -0.8008413052315677128, 21.49999999999999645, 9.318263654899226367 ) ) ;
#182 = CARTESIAN_POINT ( 'NONE',  ( -0.7262350526783579729, 21.50000000000000000, 9.411693504987887593 ) ) ;
#183 = CARTESIAN_POINT ( 'NONE',  ( -0.2523635998806414427, 22.00000000000001421, 8.713909629294334991 ) ) ;
#184 = DIRECTION ( 'NONE',  ( 0.9578262852211513190, -0.2873478855663452736, 0.000000000000000000 ) ) ;
#185 = CARTESIAN_POINT ( 'NONE',  ( -0.7262350526783579729, 22.00000000000001776, 9.411693504987887593 ) ) ;
#186 = CARTESIAN_POINT ( 'NONE',  ( -0.3782205072971958626, 21.50000000000000000, 9.833714263093591867 ) ) ;
#187 = CARTESIAN_POINT ( 'NONE',  ( -0.4064734261288306949, 22.00000000000001066, 8.597507480654728695 ) ) ;
#188 = EDGE_CURVE ( 'NONE', #866, #155, #691, .T. ) ;
#189 =( BOUNDED_CURVE ( )  B_SPLINE_CURVE ( 3, ( #854, #822, #1325, #133 ),
 .UNSPECIFIED., .F., .F. ) 
 B_SPLINE_CURVE_WITH_KNOTS ( ( 4, 4 ),
 ( 1.570796326794895892, 4.712388980384690562 ),
 .UNSPECIFIED. ) 
 CURVE ( )  GEOMETRIC_REPRESENTATION_ITEM ( )  RATIONAL_B_SPLINE_CURVE ( ( 1.000000000000000000, 0.3333333333333327597, 0.3333333333333327597, 1.000000000000000000 ) ) 
 REPRESENTATION_ITEM ( '' )  );
#190 = FACE_OUTER_BOUND ( 'NONE', #622, .T. ) ;
#191 = CARTESIAN_POINT ( 'NONE',  ( -0.8173187830735308967, 21.50000000000000355, 8.751755964000743404 ) ) ;
#192 = CARTESIAN_POINT ( 'NONE',  ( -0.8626222873702893423, 21.50000000000000000, 9.234423270686145102 ) ) ;
#193 = DIRECTION ( 'NONE',  ( 0.000000000000000000, 0.000000000000000000, 1.000000000000000000 ) ) ;
#194 = CARTESIAN_POINT ( 'NONE',  ( 1.658783576975712840E-15, 12.49999999999692868, -14.00999999999999979 ) ) ;
#195 = APPROVAL_PERSON_ORGANIZATION ( #1336, #9, #38 ) ;
#196 = CARTESIAN_POINT ( 'NONE',  ( -0.8482427953639466445, 21.50000000000000355, 8.916878357595967586 ) ) ;
#197 = CARTESIAN_POINT ( 'NONE',  ( -0.5000000000000041078, 18.00000000000000000, 0.8660254037844363761 ) ) ;
#198 = FACE_OUTER_BOUND ( 'NONE', #57, .T. ) ;
#199 = CARTESIAN_POINT ( 'NONE',  ( -0.1814022025703429242, 21.50000000000000355, 8.961739304645988113 ) ) ;
#200 = CARTESIAN_POINT ( 'NONE',  ( -0.1818467499401728860, 22.00000000000000711, 8.947626213715496490 ) ) ;
#201 = CARTESIAN_POINT ( 'NONE',  ( -0.7291848539503842375, 21.50000000000000711, 9.179412970301481067 ) ) ;
#202 = CARTESIAN_POINT ( 'NONE',  ( -0.1953360514863071995, 22.00000000000001421, 8.842417004041720929 ) ) ;
#203 = EDGE_CURVE ( 'NONE', #171, #569, #1138, .T. ) ;
#204 = EDGE_CURVE ( 'NONE', #1186, #58, #850, .T. ) ;
#205 = CARTESIAN_POINT ( 'NONE',  ( -0.7262350526783579729, 22.00000000000000355, 9.411693504987887593 ) ) ;
#206 = CIRCLE ( 'NONE', #83, 10.00000000000000000 ) ;
#207 = VECTOR ( 'NONE', #908, 1000.000000000000000 ) ;
#208 = VERTEX_POINT ( 'NONE', #751 ) ;
#209 = CARTESIAN_POINT ( 'NONE',  ( -0.1301270189221822582, 22.53903810567358335, -0.4000000000000196176 ) ) ;
#210 = LINE ( 'NONE', #571, #1037 ) ;
#211 = LINE ( 'NONE', #439, #207 ) ;
#212 = ORIENTED_EDGE ( 'NONE', *, *, #1371, .T. ) ;
#213 = ORIENTED_EDGE ( 'NONE', *, *, #576, .T. ) ;
#214 = DIRECTION ( 'NONE',  ( 0.05767575917268118885, 0.000000000000000000, -0.9983353679019164595 ) ) ;
#215 = CARTESIAN_POINT ( 'NONE',  ( -0.5173071951911863975, 21.50000000000001066, 8.578625652536949531 ) ) ;
#216 = CARTESIAN_POINT ( 'NONE',  ( -0.6894734469468026816, 21.50000000000000711, 8.619113413392019751 ) ) ;
#217 = VECTOR ( 'NONE', #927, 1000.000000000000000 ) ;
#218 = ORIENTED_EDGE ( 'NONE', *, *, #158, .F. ) ;
#219 = ORIENTED_EDGE ( 'NONE', *, *, #656, .T. ) ;
#220 = ADVANCED_FACE ( 'NONE', ( #1326, #530 ), #1421, .F. ) ;
#221 = EDGE_CURVE ( 'NONE', #568, #615, #1015, .T. ) ;
#222 = CARTESIAN_POINT ( 'NONE',  ( 4.249999999999999112, 13.77499999999693259, -2.124999999999999112 ) ) ;
#223 = CARTESIAN_POINT ( 'NONE',  ( 1.658783576975712840E-15, 12.49999999999692868, -14.00999999999999979 ) ) ;
#224 = CARTESIAN_POINT ( 'NONE',  ( -0.6027334404712575422, 21.50000000000000711, 8.585850443287890599 ) ) ;
#225 = CARTESIAN_POINT ( 'NONE',  ( -0.5391825845255463490, 21.50000000000000711, 8.577864889514462021 ) ) ;
#226 = EDGE_LOOP ( 'NONE', ( #232, #125 ) ) ;
#227 = ORIENTED_EDGE ( 'NONE', *, *, #759, .T. ) ;
#228 = DIRECTION ( 'NONE',  ( 0.000000000000000000, -1.000000000000000000, 0.000000000000000000 ) ) ;
#229 = CARTESIAN_POINT ( 'NONE',  ( -0.8471848326747593028, 21.50000000000000355, 8.867736582670350032 ) ) ;
#230 = CARTESIAN_POINT ( 'NONE',  ( 1.658783576975712840E-15, 12.49999999999692868, -7.669342192283121307 ) ) ;
#231 = FACE_OUTER_BOUND ( 'NONE', #40, .T. ) ;
#232 = ORIENTED_EDGE ( 'NONE', *, *, #244, .F. ) ;
#233 = B_SPLINE_CURVE_WITH_KNOTS ( 'NONE', 3,
 ( #838, #512, #504, #1304, #130, #368, #1398, #138, #1063, #1208, #269, #360, #618, #1391, #719, #1413, #1295, #53, #377 ),
 .UNSPECIFIED., .F., .F.,
 ( 4, 1, 1, 1, 1, 1, 1, 1, 1, 1, 1, 1, 1, 1, 1, 1, 4 ),
 ( 0.000000000000000000, 0.07036071411533066644, 0.1377705084341800390, 0.2023707869777483237, 0.2657298513031681186, 0.3279867888275232457, 0.3898360181596349783, 0.4522578264854615337, 0.5157097165346420375, 0.5790146853017762441, 0.6399365959076624977, 0.6999285682485395510, 0.7590057053260884645, 0.8181942597473701451, 0.8773917184970309036, 0.9379593238468540983, 1.000000000000000000 ),
 .UNSPECIFIED. ) ;
#234 =( BOUNDED_CURVE ( )  B_SPLINE_CURVE ( 3, ( #70, #517, #1435, #531 ),
 .UNSPECIFIED., .F., .F. ) 
 B_SPLINE_CURVE_WITH_KNOTS ( ( 4, 4 ),
 ( 1.570796326794897668, 4.712388980384688786 ),
 .UNSPECIFIED. ) 
 CURVE ( )  GEOMETRIC_REPRESENTATION_ITEM ( )  RATIONAL_B_SPLINE_CURVE ( ( 1.000000000000000000, 0.3333333333333339810, 0.3333333333333339810, 1.000000000000000000 ) ) 
 REPRESENTATION_ITEM ( '' )  );
#235 = ORIENTED_EDGE ( 'NONE', *, *, #490, .F. ) ;
#236 = CARTESIAN_POINT ( 'NONE',  ( 1.658783576975712840E-15, 12.49999999999692868, -2.125000000000003553 ) ) ;
#237 = CARTESIAN_POINT ( 'NONE',  ( -0.03819063173713455051, 21.50000000000000000, 8.952053641009051432 ) ) ;
#238 = CARTESIAN_POINT ( 'NONE',  ( -0.6942957835323925186, 21.50000000000000000, 8.458109970489497087 ) ) ;
#239 = CARTESIAN_POINT ( 'NONE',  ( -0.4892737328286221321, 22.00000000000001421, 8.437697645861046425 ) ) ;
#240 = EDGE_LOOP ( 'NONE', ( #608, #247, #115, #323 ) ) ;
#241 = DIRECTION ( 'NONE',  ( -0.000000000000000000, -1.000000000000000000, -0.000000000000000000 ) ) ;
#242 = DIRECTION ( 'NONE',  ( -0.05854040008276396867, 0.000000000000000000, 0.9982850402355781805 ) ) ;
#243 = CARTESIAN_POINT ( 'NONE',  ( 1.951563910473907981E-15, 22.49999999999693046, -14.00999999999999979 ) ) ;
#244 = EDGE_CURVE ( 'NONE', #1162, #1169, #1163, .T. ) ;
#245 = ORIENTED_EDGE ( 'NONE', *, *, #1327, .F. ) ;
#246 = EDGE_CURVE ( 'NONE', #462, #151, #62, .T. ) ;
#247 = ORIENTED_EDGE ( 'NONE', *, *, #1344, .T. ) ;
#248 = EDGE_CURVE ( 'NONE', #1395, #45, #1119, .T. ) ;
#249 = EDGE_LOOP ( 'NONE', ( #474, #591, #1084, #1317, #1274, #455, #856, #174, #1465, #472, #434, #491 ) ) ;
#250 = VECTOR ( 'NONE', #1054, 1000.000000000000000 ) ;
#251 = LINE ( 'NONE', #1312, #107 ) ;
#252 = CARTESIAN_POINT ( 'NONE',  ( -0.8128524750543354438, 22.00000000000000355, 8.520431595023975291 ) ) ;
#253 = CARTESIAN_POINT ( 'NONE',  ( -0.5963300186945119652, 21.50000000000000000, 9.347780744165259392 ) ) ;
#254 = CARTESIAN_POINT ( 'NONE',  ( -0.5000000000000029976, 12.64999999999693081, 9.416025403784436421 ) ) ;
#255 = EDGE_LOOP ( 'NONE', ( #669, #1368, #47, #482 ) ) ;
#256 = VERTEX_POINT ( 'NONE', #873 ) ;
#257 = CARTESIAN_POINT ( 'NONE',  ( 4.330127018922181215, 13.79903810567358136, -0.4000000000000214495 ) ) ;
#258 = CARTESIAN_POINT ( 'NONE',  ( -0.08396475411403350742, 21.50000000000000355, 8.720992167662609873 ) ) ;
#259 = CARTESIAN_POINT ( 'NONE',  ( -0.9312775580593052327, 22.00000000000001066, 8.651204260690978032 ) ) ;
#260 = CARTESIAN_POINT ( 'NONE',  ( -0.5963300186945119652, 22.00000000000000711, 9.347780744165259392 ) ) ;
#261 = CARTESIAN_POINT ( 'NONE',  ( -0.1880384891079065479, 21.50000000000000000, 8.880148377885150879 ) ) ;
#262 = ORIENTED_EDGE ( 'NONE', *, *, #535, .F. ) ;
#263 = CARTESIAN_POINT ( 'NONE',  ( -0.06190309991342037022, 22.00000000000000000, 9.996464642123122246 ) ) ;
#264 = CARTESIAN_POINT ( 'NONE',  ( -0.1985647594627946433, 22.00000000000000711, 8.562817743918595070 ) ) ;
#265 = VECTOR ( 'NONE', #761, 1000.000000000000000 ) ;
#266 = ORIENTED_EDGE ( 'NONE', *, *, #467, .F. ) ;
#267 = EDGE_CURVE ( 'NONE', #1002, #14, #784, .T. ) ;
#268 = EDGE_CURVE ( 'NONE', #935, #384, #1314, .T. ) ;
#269 = CARTESIAN_POINT ( 'NONE',  ( -0.8789844883067091663, 21.50000000000001066, 8.581601860597356080 ) ) ;
#270 = CARTESIAN_POINT ( 'NONE',  ( -0.2963437145856619437, 22.00000000000000711, 8.663821901805780712 ) ) ;
#271 = CARTESIAN_POINT ( 'NONE',  ( -0.6093928189683284202, 21.50000000000000000, 9.332108508552229509 ) ) ;
#272 = DIRECTION ( 'NONE',  ( -0.000000000000000000, 1.000000000000000000, -0.000000000000000000 ) ) ;
#273 = EDGE_LOOP ( 'NONE', ( #842, #681, #1185, #807, #706, #335 ) ) ;
#274 = ORIENTED_EDGE ( 'NONE', *, *, #576, .F. ) ;
#275 = COORDINATED_UNIVERSAL_TIME_OFFSET ( 5, 0, .BEHIND. ) ;
#276 = CARTESIAN_POINT ( 'NONE',  ( -0.2354845915604417417, 21.50000000000001066, 8.531454219344183798 ) ) ;
#277 = VERTEX_POINT ( 'NONE', #1218 ) ;
#278 = CARTESIAN_POINT ( 'NONE',  ( 0.000000000000000000, 22.00000000000000000, 0.000000000000000000 ) ) ;
#279 = AXIS2_PLACEMENT_3D ( 'NONE', #1214, #1311, #602 ) ;
#280 = CARTESIAN_POINT ( 'NONE',  ( -0.6344726877628482642, 21.50000000000000000, 9.302018665283370069 ) ) ;
#281 = CARTESIAN_POINT ( 'NONE',  ( -0.7262350526783579729, 21.50000000000000000, 9.411693504987887593 ) ) ;
#282 = ORIENTED_EDGE ( 'NONE', *, *, #656, .F. ) ;
#283 = PERSON_AND_ORGANIZATION ( #460, #1190 ) ;
#284 = CARTESIAN_POINT ( 'NONE',  ( -0.03780087573316295857, 22.00000000000000355, 8.916568520313781221 ) ) ;
#285 =( BOUNDED_CURVE ( )  B_SPLINE_CURVE ( 3, ( #317, #437, #1370, #1461 ),
 .UNSPECIFIED., .F., .T. ) 
 B_SPLINE_CURVE_WITH_KNOTS ( ( 4, 4 ),
 ( 1.570796326794896558, 4.712388980384689674 ),
 .UNSPECIFIED. ) 
 CURVE ( )  GEOMETRIC_REPRESENTATION_ITEM ( )  RATIONAL_B_SPLINE_CURVE ( ( 1.000000000000000000, 0.3333333333333333703, 0.3333333333333333703, 1.000000000000000000 ) ) 
 REPRESENTATION_ITEM ( '' )  );
#286 = DIRECTION ( 'NONE',  ( -0.6358608392450185720, 0.000000000000000000, -0.7718037270670702332 ) ) ;
#287 = LINE ( 'NONE', #1313, #1271 ) ;
#288 = DIRECTION ( 'NONE',  ( 0.000000000000000000, 1.000000000000000000, 0.000000000000000000 ) ) ;
#289 = LINE ( 'NONE', #753, #661 ) ;
#290 = CARTESIAN_POINT ( 'NONE',  ( -0.7641439771898580480, 22.00000000000001421, 8.678015961971446757 ) ) ;
#291 = CARTESIAN_POINT ( 'NONE',  ( -0.3764313431349504135, 22.00000000000000000, 8.609901504948027195 ) ) ;
#292 = CARTESIAN_POINT ( 'NONE',  ( -0.8406885603924720840, 22.00000000000000711, 8.965729988693345476 ) ) ;
#293 = DIRECTION ( 'NONE',  ( 0.000000000000000000, 0.000000000000000000, 1.000000000000000000 ) ) ;
#294 = CARTESIAN_POINT ( 'NONE',  ( -0.7394364113448256282, 21.50000000000000000, 9.395497736626740704 ) ) ;
#295 = CARTESIAN_POINT ( 'NONE',  ( -0.1665001676616101600, 12.54995005029541488, -7.679095736333072075 ) ) ;
#296 = FACE_OUTER_BOUND ( 'NONE', #412, .T. ) ;
#297 = CARTESIAN_POINT ( 'NONE',  ( -0.8097686608962775257, 21.50000000000000711, 9.053224663537104533 ) ) ;
#298 = CARTESIAN_POINT ( 'NONE',  ( -0.8382961077221938728, 21.50000000000000711, 8.807440489798560534 ) ) ;
#299 = EDGE_CURVE ( 'NONE', #1374, #1330, #1350, .T. ) ;
#300 = AXIS2_PLACEMENT_3D ( 'NONE', #176, #748, #59 ) ;
#301 = CARTESIAN_POINT ( 'NONE',  ( -0.8332397426600693935, 22.00000000000002487, 9.274892745830273455 ) ) ;
#302 = DIRECTION ( 'NONE',  ( 0.7718037270670702332, 0.000000000000000000, -0.6358608392450185720 ) ) ;
#303 = CARTESIAN_POINT ( 'NONE',  ( 0.000000000000000000, 18.00000000000000000, 0.000000000000000000 ) ) ;
#304 = B_SPLINE_CURVE_WITH_KNOTS ( 'NONE', 3,
 ( #229, #1028, #1372, #906, #103, #1472, #122, #1264, #1378, #809, #914, #936, #667, #333, #224, #326, #2, #215, #1036 ),
 .UNSPECIFIED., .F., .F.,
 ( 4, 1, 1, 1, 1, 1, 1, 1, 1, 1, 1, 1, 1, 1, 1, 1, 4 ),
 ( 0.000000000000000000, 0.06228389533158854019, 0.1229952441440400751, 0.1827627807356166922, 0.2422451754795474643, 0.3021105113373437900, 0.3627224098578751832, 0.4247916693700198865, 0.4895929478137113211, 0.5541568167280820356, 0.6177190595760545522, 0.6801056005964271067, 0.7417818911926210568, 0.8042123715594579059, 0.8679211276471844316, 0.9325529168421905490, 1.000000000000000000 ),
 .UNSPECIFIED. ) ;
#305 = CARTESIAN_POINT ( 'NONE',  ( -0.8097686608962775257, 22.00000000000001421, 9.053224663537104533 ) ) ;
#306 = CARTESIAN_POINT ( 'NONE',  ( -4.200000000000006395, 23.75999999999692847, 2.899999999999997247 ) ) ;
#307 = CARTESIAN_POINT ( 'NONE',  ( -0.7262350526783579729, 21.50000000000000000, 9.411693504987887593 ) ) ;
#308 = ADVANCED_FACE ( 'NONE', ( #976, #647 ), #1240, .F. ) ;
#309 = CARTESIAN_POINT ( 'NONE',  ( 1.224646799147353256E-15, 50.28427124746190202, 10.00000000000000000 ) ) ;
#310 = CARTESIAN_POINT ( 'NONE',  ( -0.3782205072971958626, 21.50000000000000000, 9.833714263093591867 ) ) ;
#311 = EDGE_CURVE ( 'NONE', #480, #1150, #1434, .T. ) ;
#312 = AXIS2_PLACEMENT_3D ( 'NONE', #92, #551, #1026 ) ;
#313 = CARTESIAN_POINT ( 'NONE',  ( -0.9498517861734244727, 22.00000000000000000, 9.088704071772049531 ) ) ;
#314 = CARTESIAN_POINT ( 'NONE',  ( -0.5173071951911863975, 21.50000000000001066, 8.578625652536949531 ) ) ;
#315 = CARTESIAN_POINT ( 'NONE',  ( -0.9104941165573743334, 21.50000000000000355, 9.161061456290291005 ) ) ;
#316 = ADVANCED_FACE ( 'NONE', ( #855 ), #826, .F. ) ;
#317 = CARTESIAN_POINT ( 'NONE',  ( -0.5000000000000029976, 12.64999999999693081, 9.416025403784436421 ) ) ;
#318 = CARTESIAN_POINT ( 'NONE',  ( -0.8471848326747593028, 22.00000000000000711, 8.867736582670350032 ) ) ;
#319 = DIRECTION ( 'NONE',  ( 0.000000000000000000, -1.000000000000000000, 0.000000000000000000 ) ) ;
#320 = ORIENTED_EDGE ( 'NONE', *, *, #1383, .T. ) ;
#321 = AXIS2_PLACEMENT_3D ( 'NONE', #774, #653, #1140 ) ;
#322 = AXIS2_PLACEMENT_3D ( 'NONE', #663, #97, #1030 ) ;
#323 = ORIENTED_EDGE ( 'NONE', *, *, #785, .F. ) ;
#324 = CARTESIAN_POINT ( 'NONE',  ( 10.00000000000000355, 15.49999999999692690, -14.00999999999999979 ) ) ;
#325 = CARTESIAN_POINT ( 'NONE',  ( -0.1814022025703429242, 21.50000000000000355, 8.961739304645988113 ) ) ;
#326 = CARTESIAN_POINT ( 'NONE',  ( -0.5716079354504056687, 21.50000000000000711, 8.580226498568295668 ) ) ;
#327 = CARTESIAN_POINT ( 'NONE',  ( -0.4944471867106979834, 22.00000000000001066, 8.579951139546787786 ) ) ;
#328 =( BOUNDED_CURVE ( )  B_SPLINE_CURVE ( 3, ( #1442, #1339, #295, #1230 ),
 .UNSPECIFIED., .F., .F. ) 
 B_SPLINE_CURVE_WITH_KNOTS ( ( 4, 4 ),
 ( 4.712388980384689674, 4.770901895875492293 ),
 .UNSPECIFIED. ) 
 CURVE ( )  GEOMETRIC_REPRESENTATION_ITEM ( )  RATIONAL_B_SPLINE_CURVE ( ( 1.000000000000000000, 0.9997147069104228567, 0.9997147069104228567, 1.000000000000000000 ) ) 
 REPRESENTATION_ITEM ( '' )  );
#329 = VERTEX_POINT ( 'NONE', #112 ) ;
#330 = ORIENTED_EDGE ( 'NONE', *, *, #1346, .F. ) ;
#331 =( NAMED_UNIT ( * ) PLANE_ANGLE_UNIT ( ) SI_UNIT ( $, .RADIAN. ) );
#332 = CARTESIAN_POINT ( 'NONE',  ( -0.7919006981804009859, 22.00000000000001421, 9.086029328142549488 ) ) ;
#333 = CARTESIAN_POINT ( 'NONE',  ( -0.6329246463152994329, 21.50000000000000355, 8.593614398003735388 ) ) ;
#334 = CARTESIAN_POINT ( 'NONE',  ( -0.5391825845255463490, 22.00000000000001066, 8.577864889514462021 ) ) ;
#335 = ORIENTED_EDGE ( 'NONE', *, *, #46, .F. ) ;
#336 = VERTEX_POINT ( 'NONE', #1373 ) ;
#337 = EDGE_CURVE ( 'NONE', #1360, #1031, #1153, .T. ) ;
#338 = DIRECTION ( 'NONE',  ( 0.9983319744605384516, 0.000000000000000000, 0.05773446777898545712 ) ) ;
#339 = CARTESIAN_POINT ( 'NONE',  ( -0.7641439771898580480, 21.50000000000001066, 8.678015961971446757 ) ) ;
#340 = CARTESIAN_POINT ( 'NONE',  ( 1.951563910473907981E-15, 22.49999999999693046, 7.669342192283114201 ) ) ;
#341 = EDGE_LOOP ( 'NONE', ( #952, #218, #516, #833 ) ) ;
#342 = ORIENTED_EDGE ( 'NONE', *, *, #267, .F. ) ;
#343 = AXIS2_PLACEMENT_3D ( 'NONE', #796, #446, #915 ) ;
#344 = AXIS2_PLACEMENT_3D ( 'NONE', #999, #75, #765 ) ;
#345 = DIRECTION ( 'NONE',  ( 0.000000000000000000, 0.000000000000000000, 1.000000000000000000 ) ) ;
#346 = CARTESIAN_POINT ( 'NONE',  ( -0.03838912916027197031, 21.50000000000000355, 8.970125729561777561 ) ) ;
#347 = CARTESIAN_POINT ( 'NONE',  ( -0.5062457951068909390, 21.50000000000000711, 8.436227632006149335 ) ) ;
#348 = CARTESIAN_POINT ( 'NONE',  ( -0.5061363608460627272, 21.50000000000000711, 8.579014141974562691 ) ) ;
#349 = ORIENTED_EDGE ( 'NONE', *, *, #221, .F. ) ;
#350 = ORIENTED_EDGE ( 'NONE', *, *, #204, .T. ) ;
#351 = EDGE_CURVE ( 'NONE', #1023, #134, #1473, .T. ) ;
#352 = CARTESIAN_POINT ( 'NONE',  ( 4.330127018922181215, 23.79903810567358136, -4.600000000000022737 ) ) ;
#353 = CARTESIAN_POINT ( 'NONE',  ( 1.658783576975712840E-15, 12.49999999999692868, 7.099999999999989875 ) ) ;
#354 = EDGE_CURVE ( 'NONE', #480, #155, #548, .T. ) ;
#355 = B_SPLINE_SURFACE_WITH_KNOTS ( 'NONE', 3, 1, ( 
 ( #991, #393 ),
 ( #505, #871 ),
 ( #67, #863 ),
 ( #1437, #974 ),
 ( #72, #187 ),
 ( #739, #291 ),
 ( #997, #157 ),
 ( #1323, #1332 ),
 ( #177, #270 ),
 ( #60, #533 ),
 ( #755, #183 ),
 ( #1225, #1443 ),
 ( #878, #1005 ),
 ( #1451, #729 ),
 ( #1199, #1419 ),
 ( #1209, #168 ),
 ( #619, #566 ),
 ( #897, #200 ),
 ( #325, #794 ) ),
 .UNSPECIFIED., .F., .F., .F.,
 ( 4, 1, 1, 1, 1, 1, 1, 1, 1, 1, 1, 1, 1, 1, 1, 1, 4 ),
 ( 2, 2 ),
 ( 0.000000000000000000, 0.06291169735610829816, 0.1232794764448290475, 0.1822350190817930427, 0.2397637563910897107, 0.2974705822582733861, 0.3544617149949730872, 0.4123186108776931147, 0.4719347745802455751, 0.5320001488662353673, 0.5923727158186335995, 0.6544029974541868411, 0.7181295259086672989, 0.7839269681695646419, 0.8522755723389509042, 0.9242535377132443664, 1.000000000000000000 ),
 ( 0.000000000000000000, 1.000000000000000000 ),
 .UNSPECIFIED. ) ;
#356 = CARTESIAN_POINT ( 'NONE',  ( -0.1818467499401728860, 21.50000000000000355, 8.947626213715496490 ) ) ;
#357 = ORIENTED_EDGE ( 'NONE', *, *, #1126, .F. ) ;
#358 = CARTESIAN_POINT ( 'NONE',  ( -0.5062457951068909390, 22.00000000000001066, 8.436227632006149335 ) ) ;
#359 = ORIENTED_EDGE ( 'NONE', *, *, #267, .T. ) ;
#360 = CARTESIAN_POINT ( 'NONE',  ( -0.9071161394630081753, 21.50000000000000355, 8.615537511909193924 ) ) ;
#361 = CARTESIAN_POINT ( 'NONE',  ( -0.6504252382754867057, 21.50000000000000711, 8.445877642579022293 ) ) ;
#362 = CARTESIAN_POINT ( 'NONE',  ( -0.9699326771337138942, 21.50000000000001776, 9.039902093350422163 ) ) ;
#363 = ORIENTED_EDGE ( 'NONE', *, *, #354, .T. ) ;
#364 = VERTEX_POINT ( 'NONE', #318 ) ;
#365 = CARTESIAN_POINT ( 'NONE',  ( -0.03780087573316295857, 21.50000000000000000, 8.916568520313781221 ) ) ;
#366 = VERTEX_POINT ( 'NONE', #782 ) ;
#367 = VECTOR ( 'NONE', #1485, 1000.000000000000114 ) ;
#368 = CARTESIAN_POINT ( 'NONE',  ( -0.6942957835323925186, 21.50000000000000000, 8.458109970489497087 ) ) ;
#369 = CARTESIAN_POINT ( 'NONE',  ( 15.25706806282719974, 17.07712041884508380, -6.775586423061373154 ) ) ;
#370 = FACE_OUTER_BOUND ( 'NONE', #1095, .T. ) ;
#371 = CARTESIAN_POINT ( 'NONE',  ( -0.4381093643743572685, 21.50000000000000711, 8.588102039476440908 ) ) ;
#372 = EDGE_LOOP ( 'NONE', ( #442, #736, #1051, #1273 ) ) ;
#373 = EDGE_CURVE ( 'NONE', #45, #381, #211, .T. ) ;
#374 = ORIENTED_EDGE ( 'NONE', *, *, #1470, .T. ) ;
#375 = CARTESIAN_POINT ( 'NONE',  ( -0.05226514341464547769, 21.50000000000000000, 8.814323276486888403 ) ) ;
#376 = EDGE_CURVE ( 'NONE', #1330, #1025, #791, .T. ) ;
#377 = CARTESIAN_POINT ( 'NONE',  ( -0.9922057638622741038, 21.50000000000000711, 8.855790394378873387 ) ) ;
#378 = CYLINDRICAL_SURFACE ( 'NONE', #1250, 8.550000000000000711 ) ;
#379 = CARTESIAN_POINT ( 'NONE',  ( -0.9939612632670542514, 21.50000000000000355, 8.918160191896225442 ) ) ;
#380 = CARTESIAN_POINT ( 'NONE',  ( -0.3164698486581878911, 22.00000000000001066, 8.481811634075734574 ) ) ;
#381 = VERTEX_POINT ( 'NONE', #560 ) ;
#382 = CARTESIAN_POINT ( 'NONE',  ( -0.03819063173713455051, 22.00000000000000000, 8.952053641009051432 ) ) ;
#383 = VECTOR ( 'NONE', #345, 1000.000000000000000 ) ;
#384 = VERTEX_POINT ( 'NONE', #1479 ) ;
#385 =( BOUNDED_CURVE ( )  B_SPLINE_CURVE ( 3, ( #1329, #772, #526, #995 ),
 .UNSPECIFIED., .F., .F. ) 
 B_SPLINE_CURVE_WITH_KNOTS ( ( 4, 4 ),
 ( 4.712388980384689674, 7.853981633974482790 ),
 .UNSPECIFIED. ) 
 CURVE ( )  GEOMETRIC_REPRESENTATION_ITEM ( )  RATIONAL_B_SPLINE_CURVE ( ( 1.000000000000000000, 0.3333333333333333703, 0.3333333333333333703, 1.000000000000000000 ) ) 
 REPRESENTATION_ITEM ( '' )  );
#386 = CARTESIAN_POINT ( 'NONE',  ( -0.5000000000000031086, 22.64999999999692903, 7.683974596215564112 ) ) ;
#387 = CYLINDRICAL_SURFACE ( 'NONE', #1476, 8.550000000000000711 ) ;
#388 = CARTESIAN_POINT ( 'NONE',  ( -0.6344726877628482642, 21.50000000000000000, 9.302018665283370069 ) ) ;
#389 = CARTESIAN_POINT ( 'NONE',  ( -4.250000000000006217, 13.77499999999693614, -2.125000000000003109 ) ) ;
#390 = ORIENTED_EDGE ( 'NONE', *, *, #299, .F. ) ;
#391 = CARTESIAN_POINT ( 'NONE',  ( -0.3164698486581878911, 22.00000000000001066, 8.481811634075734574 ) ) ;
#392 = CARTESIAN_POINT ( 'NONE',  ( -0.8471848326747593028, 21.50000000000000355, 8.867736582670350032 ) ) ;
#393 = CARTESIAN_POINT ( 'NONE',  ( -0.5061363608460627272, 22.00000000000001066, 8.579014141974562691 ) ) ;
#394 = VECTOR ( 'NONE', #888, 1000.000000000000114 ) ;
#395 = CLOSED_SHELL ( 'NONE', ( #898, #917, #633, #1223, #89, #972, #1080, #220, #1488, #760, #1447, #643, #91, #554, #420, #688, #1189, #308, #574, #316, #969, #1279, #1243, #1083, #628, #896, #799, #465, #749, #502, #949, #1427, #564 ) ) ;
#396 = CYLINDRICAL_SURFACE ( 'NONE', #1455, 8.550000000000000711 ) ;
#397 = CARTESIAN_POINT ( 'NONE',  ( 1.951563910473907981E-15, 22.49999999999693046, -9.401392999851994503 ) ) ;
#398 = ORIENTED_EDGE ( 'NONE', *, *, #1490, .F. ) ;
#399 = DIRECTION ( 'NONE',  ( 0.000000000000000000, 0.000000000000000000, -1.000000000000000000 ) ) ;
#400 = ORIENTED_EDGE ( 'NONE', *, *, #1324, .F. ) ;
#401 = CARTESIAN_POINT ( 'NONE',  ( -4.330127018922182103, 23.79903810567358136, -0.4000000000000192846 ) ) ;
#402 = FACE_OUTER_BOUND ( 'NONE', #473, .T. ) ;
#403 = AXIS2_PLACEMENT_3D ( 'NONE', #1116, #1224, #193 ) ;
#404 = DIRECTION ( 'NONE',  ( 0.000000000000000000, 0.000000000000000000, -1.000000000000000000 ) ) ;
#405 = PERSON_AND_ORGANIZATION ( #460, #1190 ) ;
#406 = CARTESIAN_POINT ( 'NONE',  ( -1.075106877196637889, 21.50000000000000000, 9.937870124137544892 ) ) ;
#407 = CARTESIAN_POINT ( 'NONE',  ( -0.6894734469468026816, 22.00000000000001066, 8.619113413392019751 ) ) ;
#408 = LINE ( 'NONE', #613, #1087 ) ;
#409 = CARTESIAN_POINT ( 'NONE',  ( -0.8626222873702893423, 22.00000000000000000, 9.234423270686145102 ) ) ;
#410 = CARTESIAN_POINT ( 'NONE',  ( -0.8471848326747593028, 21.50000000000000355, 8.867736582670350032 ) ) ;
#411 = CARTESIAN_POINT ( 'NONE',  ( -0.7648990635765979818, 22.00000000000002132, 9.364259496092177670 ) ) ;
#412 = EDGE_LOOP ( 'NONE', ( #1299, #599, #1422, #320, #213, #435, #1194, #398 ) ) ;
#413 = CARTESIAN_POINT ( 'NONE',  ( -0.8382961077221938728, 22.00000000000001066, 8.807440489798560534 ) ) ;
#414 = CARTESIAN_POINT ( 'NONE',  ( -4.330127018922182103, 13.79903810567358491, -4.600000000000020073 ) ) ;
#415 = CARTESIAN_POINT ( 'NONE',  ( -0.7537774086052893008, 21.50000000000000355, 9.145110344809683767 ) ) ;
#416 = CARTESIAN_POINT ( 'NONE',  ( -4.250000000000006217, 13.77499999999693614, 2.125000000000003109 ) ) ;
#417 = VECTOR ( 'NONE', #423, 1000.000000000000000 ) ;
#418 = CARTESIAN_POINT ( 'NONE',  ( -0.9699326771337138942, 22.00000000000003197, 9.039902093350422163 ) ) ;
#419 = EDGE_CURVE ( 'NONE', #1150, #480, #931, .T. ) ;
#420 = ADVANCED_FACE ( 'NONE', ( #1079 ), #378, .T. ) ;
#421 = CARTESIAN_POINT ( 'NONE',  ( -0.8463131437867317253, 22.00000000000001066, 8.857448315621413215 ) ) ;
#422 = PRODUCT_DEFINITION ( 'UNKNOWN', '', #895, #36 ) ;
#423 = DIRECTION ( 'NONE',  ( 0.000000000000000000, 0.000000000000000000, 1.000000000000000000 ) ) ;
#424 = DIRECTION ( 'NONE',  ( 0.000000000000000000, 0.000000000000000000, 1.000000000000000000 ) ) ;
#425 = CARTESIAN_POINT ( 'NONE',  ( -0.7411458748052799361, 22.00000000000000711, 8.656132498217584015 ) ) ;
#426 = FACE_OUTER_BOUND ( 'NONE', #35, .T. ) ;
#427 = CARTESIAN_POINT ( 'NONE',  ( -0.9927939423298658417, 22.00000000000002132, 8.876687337908379050 ) ) ;
#428 = FACE_OUTER_BOUND ( 'NONE', #1157, .T. ) ;
#429 = AXIS2_PLACEMENT_3D ( 'NONE', #1041, #1139, #677 ) ;
#430 = VECTOR ( 'NONE', #520, 1000.000000000000000 ) ;
#431 = CARTESIAN_POINT ( 'NONE',  ( -0.9852439838965943997, 21.99999999999999289, 8.979734092529541911 ) ) ;
#432 = CARTESIAN_POINT ( 'NONE',  ( -0.6329246463152994329, 21.50000000000000355, 8.593614398003735388 ) ) ;
#433 =( BOUNDED_CURVE ( )  B_SPLINE_CURVE ( 3, ( #1046, #1269, #222, #236 ),
 .UNSPECIFIED., .F., .F. ) 
 B_SPLINE_CURVE_WITH_KNOTS ( ( 4, 4 ),
 ( 1.570796326794896780, 4.712388980384689674 ),
 .UNSPECIFIED. ) 
 CURVE ( )  GEOMETRIC_REPRESENTATION_ITEM ( )  RATIONAL_B_SPLINE_CURVE ( ( 1.000000000000000000, 0.3333333333333333703, 0.3333333333333333703, 1.000000000000000000 ) ) 
 REPRESENTATION_ITEM ( '' )  );
#434 = ORIENTED_EDGE ( 'NONE', *, *, #110, .F. ) ;
#435 = ORIENTED_EDGE ( 'NONE', *, *, #221, .T. ) ;
#436 = CARTESIAN_POINT ( 'NONE',  ( -0.8471848326747593028, 21.50000000000000355, 8.867736582670350032 ) ) ;
#437 = CARTESIAN_POINT ( 'NONE',  ( -17.60000000000000142, 17.77999999999693159, 9.416025403784436421 ) ) ;
#438 = CARTESIAN_POINT ( 'NONE',  ( -0.7262350526783579729, 22.00000000000000355, 9.411693504987887593 ) ) ;
#439 = CARTESIAN_POINT ( 'NONE',  ( -0.06190309991342037022, 22.00000000000000000, 9.996464642123122246 ) ) ;
#440 = EDGE_LOOP ( 'NONE', ( #1367, #51, #939, #910 ) ) ;
#441 = VECTOR ( 'NONE', #272, 1000.000000000000000 ) ;
#442 = ORIENTED_EDGE ( 'NONE', *, *, #1333, .F. ) ;
#443 = CARTESIAN_POINT ( 'NONE',  ( -0.5062457951068909390, 21.50000000000000711, 8.436227632006149335 ) ) ;
#444 = CARTESIAN_POINT ( 'NONE',  ( 1.658783576975712840E-15, 12.49999999999692868, 2.899999999999987477 ) ) ;
#445 = CARTESIAN_POINT ( 'NONE',  ( -0.9922057638622741038, 21.50000000000000711, 8.855790394378873387 ) ) ;
#446 = DIRECTION ( 'NONE',  ( 0.000000000000000000, 1.000000000000000000, 0.000000000000000000 ) ) ;
#447 = DIRECTION ( 'NONE',  ( 0.000000000000000000, -1.000000000000000000, 0.000000000000000000 ) ) ;
#448 = ORIENTED_EDGE ( 'NONE', *, *, #623, .F. ) ;
#449 = VERTEX_POINT ( 'NONE', #581 ) ;
#450 = CYLINDRICAL_SURFACE ( 'NONE', #1281, 2.100000000000000089 ) ;
#451 = CARTESIAN_POINT ( 'NONE',  ( -0.1641631555455628222, 22.00000000000001421, 8.598091085274830903 ) ) ;
#452 = CARTESIAN_POINT ( 'NONE',  ( 4.330127018922181215, 13.79903810567358136, -0.4000000000000214495 ) ) ;
#453 = CARTESIAN_POINT ( 'NONE',  ( -0.7850757115150139853, 22.00000000000001421, 8.701038152772170520 ) ) ;
#454 = CARTESIAN_POINT ( 'NONE',  ( -0.03780087573316295857, 22.00000000000000355, 8.916568520313781221 ) ) ;
#455 = ORIENTED_EDGE ( 'NONE', *, *, #1219, .F. ) ;
#456 = ORIENTED_EDGE ( 'NONE', *, *, #518, .F. ) ;
#457 = CARTESIAN_POINT ( 'NONE',  ( -0.5061363608460627272, 21.50000000000000711, 8.579014141974562691 ) ) ;
#458 = CARTESIAN_POINT ( 'NONE',  ( 4.330127018922181215, 13.79903810567358136, -4.600000000000022737 ) ) ;
#459 = CARTESIAN_POINT ( 'NONE',  ( -0.9674862580364965714, 21.50000000000000711, 8.728142302179559664 ) ) ;
#460 = PERSON ( 'UNSPECIFIED', 'UNSPECIFIED', 'UNSPECIFIED', ('UNSPECIFIED'), ('UNSPECIFIED'), ('UNSPECIFIED') ) ;
#461 = CARTESIAN_POINT ( 'NONE',  ( -0.05226514341464547769, 22.00000000000000355, 8.814323276486888403 ) ) ;
#462 = VERTEX_POINT ( 'NONE', #496 ) ;
#463 = ORIENTED_EDGE ( 'NONE', *, *, #490, .T. ) ;
#464 = AXIS2_PLACEMENT_3D ( 'NONE', #1253, #1047, #94 ) ;
#465 = ADVANCED_FACE ( 'NONE', ( #1388 ), #144, .F. ) ;
#466 = VECTOR ( 'NONE', #1021, 1000.000000000000000 ) ;
#467 = EDGE_CURVE ( 'NONE', #1300, #449, #1191, .T. ) ;
#468 = APPROVAL_STATUS ( 'not_yet_approved' ) ;
#469 = FACE_OUTER_BOUND ( 'NONE', #562, .T. ) ;
#470 = CARTESIAN_POINT ( 'NONE',  ( -0.7360517435080601301, 22.00000000000001421, 8.474539232840662351 ) ) ;
#471 = CARTESIAN_POINT ( 'NONE',  ( -1.066915291442963820, 21.50000000000000000, 9.793927037486881204 ) ) ;
#472 = ORIENTED_EDGE ( 'NONE', *, *, #4, .F. ) ;
#473 = EDGE_LOOP ( 'NONE', ( #1158, #141, #90, #834 ) ) ;
#474 = ORIENTED_EDGE ( 'NONE', *, *, #337, .F. ) ;
#475 = CARTESIAN_POINT ( 'NONE',  ( -0.2354845915604417417, 21.50000000000001066, 8.531454219344183798 ) ) ;
#476 = CARTESIAN_POINT ( 'NONE',  ( -0.9798284528245014835, 21.50000000000000711, 8.769128817171017332 ) ) ;
#477 = PRODUCT_DEFINITION_SHAPE ( 'NONE', 'NONE',  #422 ) ;
#478 = FACE_OUTER_BOUND ( 'NONE', #813, .T. ) ;
#479 = CARTESIAN_POINT ( 'NONE',  ( -0.4070759481479420128, 22.00000000000001421, 8.449830401010174796 ) ) ;
#480 = VERTEX_POINT ( 'NONE', #955 ) ;
#481 = APPROVAL_PERSON_ORGANIZATION ( #283, #163, #845 ) ;
#482 = ORIENTED_EDGE ( 'NONE', *, *, #158, .T. ) ;
#483 = CARTESIAN_POINT ( 'NONE',  ( -0.4558859864489199776, 21.50000000000000711, 8.440589483573942786 ) ) ;
#484 = ORIENTED_EDGE ( 'NONE', *, *, #248, .F. ) ;
#485 = DIRECTION ( 'NONE',  ( -0.000000000000000000, -1.000000000000000000, -0.000000000000000000 ) ) ;
#486 = DIRECTION ( 'NONE',  ( 0.000000000000000000, -1.000000000000000000, 0.000000000000000000 ) ) ;
#487 = EDGE_CURVE ( 'NONE', #549, #866, #648, .T. ) ;
#488 = CARTESIAN_POINT ( 'NONE',  ( -0.9852439838965943997, 21.49999999999999289, 8.979734092529541911 ) ) ;
#489 = CARTESIAN_POINT ( 'NONE',  ( -0.3213649521250245833, 21.50000000000000711, 8.642997338324445167 ) ) ;
#490 = EDGE_CURVE ( 'NONE', #1186, #1405, #830, .T. ) ;
#491 = ORIENTED_EDGE ( 'NONE', *, *, #849, .F. ) ;
#492 = ORIENTED_EDGE ( 'NONE', *, *, #1467, .F. ) ;
#493 = CARTESIAN_POINT ( 'NONE',  ( 0.000000000000000000, 31.50000000000000000, 5.000000000000000000 ) ) ;
#494 = VECTOR ( 'NONE', #876, 1000.000000000000000 ) ;
#495 = CARTESIAN_POINT ( 'NONE',  ( -0.4558859864489199776, 21.50000000000000711, 8.440589483573942786 ) ) ;
#496 = CARTESIAN_POINT ( 'NONE',  ( -0.03838912916027197031, 21.50000000000000355, 8.970125729561777561 ) ) ;
#497 = CARTESIAN_POINT ( 'NONE',  ( -0.08396475411403350742, 22.00000000000000711, 8.720992167662609873 ) ) ;
#498 = VERTEX_POINT ( 'NONE', #353 ) ;
#499 = CARTESIAN_POINT ( 'NONE',  ( -0.5230601611090632819, 22.00000000000000711, 8.435690965522946172 ) ) ;
#500 = PERSON_AND_ORGANIZATION ( #460, #1190 ) ;
#501 = CARTESIAN_POINT ( 'NONE',  ( -0.05226514341464547769, 22.00000000000000355, 8.814323276486888403 ) ) ;
#502 = ADVANCED_FACE ( 'NONE', ( #572 ), #1296, .F. ) ;
#503 = VERTEX_POINT ( 'NONE', #1111 ) ;
#504 = CARTESIAN_POINT ( 'NONE',  ( -0.5559837006473428156, 21.50000000000000355, 8.434640140283603316 ) ) ;
#505 = CARTESIAN_POINT ( 'NONE',  ( -0.4944471867106979834, 21.50000000000000711, 8.579951139546787786 ) ) ;
#506 = CARTESIAN_POINT ( 'NONE',  ( -0.8008413052315677128, 21.49999999999999645, 9.318263654899226367 ) ) ;
#507 = CARTESIAN_POINT ( 'NONE',  ( -0.8382961077221938728, 22.00000000000001066, 8.807440489798560534 ) ) ;
#508 = ORIENTED_EDGE ( 'NONE', *, *, #1127, .F. ) ;
#509 = PERSON_AND_ORGANIZATION_ROLE ( 'creator' ) ;
#510 = CARTESIAN_POINT ( 'NONE',  ( 1.951563910473907981E-15, 22.49999999999693046, 7.099999999999989875 ) ) ;
#511 = VECTOR ( 'NONE', #778, 1000.000000000000000 ) ;
#512 = CARTESIAN_POINT ( 'NONE',  ( -0.5230601611090632819, 21.50000000000000355, 8.435690965522946172 ) ) ;
#513 = CARTESIAN_POINT ( 'NONE',  ( -0.5000000000000031086, 22.00000000000000000, 7.683974596215564112 ) ) ;
#514 = CARTESIAN_POINT ( 'NONE',  ( -0.2636461371355814931, 21.50000000000000711, 8.699917870948612020 ) ) ;
#515 = DIRECTION ( 'NONE',  ( 0.6362169680742232325, -6.342611393580462627E-15, 0.7715101875765755235 ) ) ;
#516 = ORIENTED_EDGE ( 'NONE', *, *, #376, .F. ) ;
#517 = CARTESIAN_POINT ( 'NONE',  ( 4.249999999999994671, 23.77499999999692903, 2.124999999999996003 ) ) ;
#518 = EDGE_CURVE ( 'NONE', #569, #462, #287, .T. ) ;
#519 = EDGE_CURVE ( 'NONE', #449, #208, #543, .T. ) ;
#520 = DIRECTION ( 'NONE',  ( -0.000000000000000000, 1.000000000000000000, -0.000000000000000000 ) ) ;
#521 = CARTESIAN_POINT ( 'NONE',  ( 1.658783576975712840E-15, 12.49999999999692868, -7.669342192283121307 ) ) ;
#522 = AXIS2_PLACEMENT_3D ( 'NONE', #514, #1315, #1183 ) ;
#523 = CARTESIAN_POINT ( 'NONE',  ( -0.3782205072971958626, 22.00000000000000000, 9.833714263093591867 ) ) ;
#524 = DIRECTION ( 'NONE',  ( -0.2873478855663453291, -0.9578262852211514300, 0.000000000000000000 ) ) ;
#525 = DATE_AND_TIME ( #616, #697 ) ;
#526 = CARTESIAN_POINT ( 'NONE',  ( -0.1301270189221822582, 12.53903810567358690, -0.4000000000000196176 ) ) ;
#527 = CARTESIAN_POINT ( 'NONE',  ( -0.8292720662697041778, 22.00000000000000711, 8.778985600773570042 ) ) ;
#528 = PLANE ( 'NONE',  #1108 ) ;
#529 = CARTESIAN_POINT ( 'NONE',  ( -0.7537774086052893008, 22.00000000000001066, 9.145110344809683767 ) ) ;
#530 = FACE_OUTER_BOUND ( 'NONE', #1144, .T. ) ;
#531 = CARTESIAN_POINT ( 'NONE',  ( 1.951563910473907981E-15, 22.49999999999693046, -2.125000000000003553 ) ) ;
#532 = CARTESIAN_POINT ( 'NONE',  ( -1.075106877196637889, 22.00000000000000000, 9.937870124137544892 ) ) ;
#533 = CARTESIAN_POINT ( 'NONE',  ( -0.2732464723519933414, 22.00000000000001421, 8.687581549476833587 ) ) ;
#534 = DIRECTION ( 'NONE',  ( -0.000000000000000000, -1.000000000000000000, -0.000000000000000000 ) ) ;
#535 = EDGE_CURVE ( 'NONE', #384, #577, #408, .T. ) ;
#536 = EDGE_CURVE ( 'NONE', #366, #98, #1362, .T. ) ;
#537 = LINE ( 'NONE', #1454, #394 ) ;
#538 = CARTESIAN_POINT ( 'NONE',  ( -0.5173071951911863975, 22.00000000000001421, 8.578625652536949531 ) ) ;
#539 = PLANE ( 'NONE',  #611 ) ;
#540 = LINE ( 'NONE', #1353, #885 ) ;
#541 = VECTOR ( 'NONE', #178, 1000.000000000000000 ) ;
#542 = DIRECTION ( 'NONE',  ( -0.9983353679019163485, 0.000000000000000000, -0.05767575917268118191 ) ) ;
#543 =( BOUNDED_CURVE ( )  B_SPLINE_CURVE ( 3, ( #42, #1117, #630, #414 ),
 .UNSPECIFIED., .F., .T. ) 
 B_SPLINE_CURVE_WITH_KNOTS ( ( 4, 4 ),
 ( 1.570796326794896558, 4.712388980384689674 ),
 .UNSPECIFIED. ) 
 CURVE ( )  GEOMETRIC_REPRESENTATION_ITEM ( )  RATIONAL_B_SPLINE_CURVE ( ( 1.000000000000000000, 0.3333333333333333703, 0.3333333333333333703, 1.000000000000000000 ) ) 
 REPRESENTATION_ITEM ( '' )  );
#544 = FACE_OUTER_BOUND ( 'NONE', #805, .T. ) ;
#545 = CARTESIAN_POINT ( 'NONE',  ( 1.658783576975712840E-15, 12.49999999999692868, 2.899999999999987477 ) ) ;
#546 = FACE_BOUND ( 'NONE', #555, .T. ) ;
#547 = CARTESIAN_POINT ( 'NONE',  ( 0.1301270189221805096, 22.53903810567358335, -0.4000000000000207834 ) ) ;
#548 = LINE ( 'NONE', #104, #466 ) ;
#549 = VERTEX_POINT ( 'NONE', #521 ) ;
#550 = ORIENTED_EDGE ( 'NONE', *, *, #1035, .F. ) ;
#551 = DIRECTION ( 'NONE',  ( 0.000000000000000000, 0.000000000000000000, 1.000000000000000000 ) ) ;
#552 = CARTESIAN_POINT ( 'NONE',  ( -0.6093928189683284202, 22.00000000000000000, 9.332108508552229509 ) ) ;
#553 = CARTESIAN_POINT ( 'NONE',  ( -0.2732464723519933414, 22.00000000000001421, 8.687581549476833587 ) ) ;
#554 = ADVANCED_FACE ( 'NONE', ( #1216 ), #387, .T. ) ;
#555 = EDGE_LOOP ( 'NONE', ( #1032, #65 ) ) ;
#556 = ORIENTED_EDGE ( 'NONE', *, *, #519, .F. ) ;
#557 = DIRECTION ( 'NONE',  ( 0.2873478855663453291, -0.9578262852211514300, 0.000000000000000000 ) ) ;
#558 = DIRECTION ( 'NONE',  ( 0.000000000000000000, 1.000000000000000000, 0.000000000000000000 ) ) ;
#559 = LINE ( 'NONE', #111, #367 ) ;
#560 = CARTESIAN_POINT ( 'NONE',  ( -0.5963300186945119652, 22.00000000000000355, 9.347780744165259392 ) ) ;
#561 = LINE ( 'NONE', #1480, #1109 ) ;
#562 = EDGE_LOOP ( 'NONE', ( #911, #981, #665, #262 ) ) ;
#563 = VERTEX_POINT ( 'NONE', #513 ) ;
#564 = ADVANCED_FACE ( 'NONE', ( #296, #762 ), #528, .T. ) ;
#565 = PLANE ( 'NONE',  #429 ) ;
#566 = CARTESIAN_POINT ( 'NONE',  ( -0.1827137278001784715, 22.00000000000001066, 8.920102178700599183 ) ) ;
#567 = CARTESIAN_POINT ( 'NONE',  ( -0.7158592051114353039, 21.50000000000001066, 8.636524774284310979 ) ) ;
#568 = VERTEX_POINT ( 'NONE', #1429 ) ;
#569 = VERTEX_POINT ( 'NONE', #1231 ) ;
#570 = DIRECTION ( 'NONE',  ( 0.000000000000000000, 0.000000000000000000, -1.000000000000000000 ) ) ;
#571 = CARTESIAN_POINT ( 'NONE',  ( -1.075106877196637889, 22.00000000000000000, 9.937870124137544892 ) ) ;
#572 = FACE_OUTER_BOUND ( 'NONE', #105, .T. ) ;
#573 = CARTESIAN_POINT ( 'NONE',  ( 2.602374448188125350E-16, 30.75000000000000000, 2.125000000000000000 ) ) ;
#574 = ADVANCED_FACE ( 'NONE', ( #402 ), #355, .F. ) ;
#575 = EDGE_LOOP ( 'NONE', ( #152, #705, #349, #1410 ) ) ;
#576 = EDGE_CURVE ( 'NONE', #549, #568, #1478, .T. ) ;
#577 = VERTEX_POINT ( 'NONE', #444 ) ;
#578 = CC_DESIGN_DATE_AND_TIME_ASSIGNMENT ( #165, #726, ( #422 ) ) ;
#579 = APPROVAL_STATUS ( 'not_yet_approved' ) ;
#580 = PLANE ( 'NONE',  #1129 ) ;
#581 = CARTESIAN_POINT ( 'NONE',  ( -4.330127018922182103, 13.79903810567358491, -0.4000000000000192846 ) ) ;
#582 = EDGE_CURVE ( 'NONE', #155, #824, #285, .T. ) ;
#583 = CARTESIAN_POINT ( 'NONE',  ( -0.3764313431349504135, 21.50000000000000000, 8.609901504948027195 ) ) ;
#584 = ORIENTED_EDGE ( 'NONE', *, *, #1324, .T. ) ;
#585 = CARTESIAN_POINT ( 'NONE',  ( -0.8128524750543354438, 22.00000000000000355, 8.520431595023975291 ) ) ;
#586 = PRODUCT_RELATED_PRODUCT_CATEGORY ( 'detail', '', ( #941 ) ) ;
#587 = CARTESIAN_POINT ( 'NONE',  ( -0.1641631555455628222, 21.50000000000001066, 8.598091085274830903 ) ) ;
#588 = CARTESIAN_POINT ( 'NONE',  ( -0.5559837006473428156, 21.50000000000000355, 8.434640140283603316 ) ) ;
#589 = CARTESIAN_POINT ( 'NONE',  ( -0.9922057638622741038, 21.50000000000000711, 8.855790394378873387 ) ) ;
#590 = CARTESIAN_POINT ( 'NONE',  ( 1.658783576975712840E-15, 12.49999999999692868, 9.401392999851985621 ) ) ;
#591 = ORIENTED_EDGE ( 'NONE', *, *, #1263, .F. ) ;
#592 = CARTESIAN_POINT ( 'NONE',  ( -0.9515428959038434442, 22.00000000000001066, 8.688762659794273091 ) ) ;
#593 = CARTESIAN_POINT ( 'NONE',  ( -0.1061384930372564206, 21.50000000000000355, 8.677629752874851832 ) ) ;
#594 = ORIENTED_EDGE ( 'NONE', *, *, #188, .F. ) ;
#595 = CARTESIAN_POINT ( 'NONE',  ( -0.4892737328286221321, 21.50000000000001066, 8.437697645861046425 ) ) ;
#596 = CARTESIAN_POINT ( 'NONE',  ( -0.9798284528245014835, 22.00000000000001066, 8.769128817171017332 ) ) ;
#597 = DIRECTION ( 'NONE',  ( 0.000000000000000000, 0.000000000000000000, -1.000000000000000000 ) ) ;
#598 = CARTESIAN_POINT ( 'NONE',  ( -0.4715415057635872209, 21.50000000000000355, 8.581787245946525644 ) ) ;
#599 = ORIENTED_EDGE ( 'NONE', *, *, #188, .T. ) ;
#600 = CC_DESIGN_APPROVAL ( #982, ( #895 ) ) ;
#601 = CARTESIAN_POINT ( 'NONE',  ( -0.5062457951068909390, 22.00000000000001066, 8.436227632006149335 ) ) ;
#602 = DIRECTION ( 'NONE',  ( 0.000000000000000000, -0.000000000000000000, 1.000000000000000000 ) ) ;
#603 = CARTESIAN_POINT ( 'NONE',  ( 8.530127018922181392, 25.05903810567359002, -4.600000000000022737 ) ) ;
#604 = CARTESIAN_POINT ( 'NONE',  ( 15.25706806282719974, 17.07712041884508380, 8.507637230630242797 ) ) ;
#605 = DIRECTION ( 'NONE',  ( 0.6362169680742232325, 0.000000000000000000, 0.7715101875765755235 ) ) ;
#606 = CARTESIAN_POINT ( 'NONE',  ( -0.5062457951068909390, 22.00000000000001066, 8.436227632006149335 ) ) ;
#607 = ORIENTED_EDGE ( 'NONE', *, *, #248, .T. ) ;
#608 = ORIENTED_EDGE ( 'NONE', *, *, #536, .T. ) ;
#609 = APPLICATION_PROTOCOL_DEFINITION ( 'international standard', 'config_control_design', 1994, #903 ) ;
#610 = CARTESIAN_POINT ( 'NONE',  ( -0.2749280432553232734, 21.50000000000000355, 8.504654280304444924 ) ) ;
#611 = AXIS2_PLACEMENT_3D ( 'NONE', #310, #214, #1131 ) ;
#612 = DIRECTION ( 'NONE',  ( 0.000000000000000000, 0.000000000000000000, -1.000000000000000000 ) ) ;
#613 = CARTESIAN_POINT ( 'NONE',  ( 0.000000000000000000, 31.50000000000000000, 2.899999999999999911 ) ) ;
#614 = CARTESIAN_POINT ( 'NONE',  ( -0.5000000000000042188, 30.75000000000000000, -0.8660254037844361541 ) ) ;
#615 = VERTEX_POINT ( 'NONE', #1352 ) ;
#616 = CALENDAR_DATE ( 2026, 26, 8 ) ;
#617 = CARTESIAN_POINT ( 'NONE',  ( -0.06548488370300931116, 22.00000000000000711, 8.766381848190645698 ) ) ;
#618 = CARTESIAN_POINT ( 'NONE',  ( -0.9312775580593052327, 21.50000000000000711, 8.651204260690978032 ) ) ;
#619 = CARTESIAN_POINT ( 'NONE',  ( -0.1827137278001784715, 21.50000000000000711, 8.920102178700599183 ) ) ;
#620 = DIRECTION ( 'NONE',  ( 0.000000000000000000, 0.000000000000000000, -1.000000000000000000 ) ) ;
#621 = CARTESIAN_POINT ( 'NONE',  ( -0.8292720662697041778, 22.00000000000000711, 8.778985600773570042 ) ) ;
#622 = EDGE_LOOP ( 'NONE', ( #330, #676, #1115, #744 ) ) ;
#623 = EDGE_CURVE ( 'NONE', #498, #866, #1469, .T. ) ;
#624 = APPROVAL_DATE_TIME ( #525, #9 ) ;
#625 = CARTESIAN_POINT ( 'NONE',  ( -0.2749280432553232734, 22.00000000000000711, 8.504654280304444924 ) ) ;
#626 = EDGE_CURVE ( 'NONE', #723, #1300, #1321, .T. ) ;
#627 = ORIENTED_EDGE ( 'NONE', *, *, #785, .T. ) ;
#628 = ADVANCED_FACE ( 'NONE', ( #1457 ), #539, .F. ) ;
#629 = LINE ( 'NONE', #889, #96 ) ;
#630 = CARTESIAN_POINT ( 'NONE',  ( -8.530127018922181392, 15.05903810567358292, -4.600000000000019185 ) ) ;
#631 = CARTESIAN_POINT ( 'NONE',  ( -0.9104941165573743334, 22.00000000000000711, 9.161061456290291005 ) ) ;
#632 = DIRECTION ( 'NONE',  ( 0.000000000000000000, -1.000000000000000000, 0.000000000000000000 ) ) ;
#633 = ADVANCED_FACE ( 'NONE', ( #428 ), #1357, .T. ) ;
#634 = COORDINATED_UNIVERSAL_TIME_OFFSET ( 5, 0, .BEHIND. ) ;
#635 = DIRECTION ( 'NONE',  ( 0.000000000000000000, 0.000000000000000000, 1.000000000000000000 ) ) ;
#636 = LINE ( 'NONE', #199, #265 ) ;
#637 = CARTESIAN_POINT ( 'NONE',  ( -0.5000000000000041078, 18.00000000000000000, 0.8660254037844363761 ) ) ;
#638 = VECTOR ( 'NONE', #515, 1000.000000000000000 ) ;
#639 = CARTESIAN_POINT ( 'NONE',  ( -17.60000000000000142, 27.77999999999692804, -9.416025403784431091 ) ) ;
#640 = CARTESIAN_POINT ( 'NONE',  ( 8.530127018922181392, 15.05903810567358292, -4.600000000000022737 ) ) ;
#641 = LINE ( 'NONE', #205, #1289 ) ;
#642 = ORIENTED_EDGE ( 'NONE', *, *, #1470, .F. ) ;
#643 = ADVANCED_FACE ( 'NONE', ( #1123 ), #1258, .F. ) ;
#644 = CARTESIAN_POINT ( 'NONE',  ( -0.8445917744499257251, 22.00000000000001066, 8.837131540140907404 ) ) ;
#645 = DIRECTION ( 'NONE',  ( 0.9982850402355781805, 0.000000000000000000, 0.05854040008276396867 ) ) ;
#646 = EDGE_CURVE ( 'NONE', #1405, #563, #827, .T. ) ;
#647 = FACE_OUTER_BOUND ( 'NONE', #675, .T. ) ;
#648 =( BOUNDED_CURVE ( )  B_SPLINE_CURVE ( 3, ( #230, #369, #604, #815 ),
 .UNSPECIFIED., .F., .T. ) 
 B_SPLINE_CURVE_WITH_KNOTS ( ( 4, 4 ),
 ( 1.629309242285699177, 4.653876064893887055 ),
 .UNSPECIFIED. ) 
 CURVE ( )  GEOMETRIC_REPRESENTATION_ITEM ( )  RATIONAL_B_SPLINE_CURVE ( ( 1.000000000000000000, 0.3723196881091623833, 0.3723196881091623833, 1.000000000000000000 ) ) 
 REPRESENTATION_ITEM ( '' )  );
#649 = CARTESIAN_POINT ( 'NONE',  ( -0.7648990635765979818, 21.50000000000000355, 9.364259496092177670 ) ) ;
#650 = APPLICATION_CONTEXT ( 'configuration controlled 3d designs of mechanical parts and assemblies' ) ;
#651 = CC_DESIGN_SECURITY_CLASSIFICATION ( #73, ( #895 ) ) ;
#652 = CARTESIAN_POINT ( 'NONE',  ( -0.5061363608460627272, 22.00000000000001066, 8.579014141974562691 ) ) ;
#653 = DIRECTION ( 'NONE',  ( 0.000000000000000000, -1.000000000000000000, 0.000000000000000000 ) ) ;
#654 = CARTESIAN_POINT ( 'NONE',  ( -0.8475373018464923414, 21.50000000000000000, 8.884108578471858308 ) ) ;
#655 = CARTESIAN_POINT ( 'NONE',  ( -0.5061363608460627272, 22.00000000000001066, 8.579014141974562691 ) ) ;
#656 = EDGE_CURVE ( 'NONE', #812, #1162, #779, .T. ) ;
#657 = CARTESIAN_POINT ( 'NONE',  ( -0.8626222873702893423, 22.00000000000001421, 9.234423270686145102 ) ) ;
#658 = CARTESIAN_POINT ( 'NONE',  ( -0.06190309991342037022, 21.50000000000000000, 9.996464642123122246 ) ) ;
#659 = CARTESIAN_POINT ( 'NONE',  ( -0.5963300186945119652, 22.00000000000000355, 9.347780744165259392 ) ) ;
#660 = CARTESIAN_POINT ( 'NONE',  ( -0.6696061565704126695, 21.50000000000000000, 9.257917326455832097 ) ) ;
#661 = VECTOR ( 'NONE', #1001, 1000.000000000000000 ) ;
#662 = CARTESIAN_POINT ( 'NONE',  ( -0.1880384891079065479, 22.00000000000000355, 8.880148377885150879 ) ) ;
#663 = CARTESIAN_POINT ( 'NONE',  ( 0.000000000000000000, 30.75000000000000000, 0.000000000000000000 ) ) ;
#664 = CARTESIAN_POINT ( 'NONE',  ( -0.8008413052315677128, 22.00000000000001066, 9.318263654899226367 ) ) ;
#665 = ORIENTED_EDGE ( 'NONE', *, *, #1490, .T. ) ;
#666 = CARTESIAN_POINT ( 'NONE',  ( -0.5000000000000041078, 18.00000000000000000, 0.8660254037844363761 ) ) ;
#667 = CARTESIAN_POINT ( 'NONE',  ( -0.6616347873867772789, 21.50000000000000711, 8.605182985764507464 ) ) ;
#668 = CARTESIAN_POINT ( 'NONE',  ( -0.3479592489215183604, 22.00000000000001776, 8.624827123583472144 ) ) ;
#669 = ORIENTED_EDGE ( 'NONE', *, *, #1219, .T. ) ;
#670 = ORIENTED_EDGE ( 'NONE', *, *, #1170, .T. ) ;
#671 = EDGE_CURVE ( 'NONE', #381, #364, #1386, .T. ) ;
#672 = CARTESIAN_POINT ( 'NONE',  ( -0.7291848539503842375, 22.00000000000001066, 9.179412970301481067 ) ) ;
#673 = CARTESIAN_POINT ( 'NONE',  ( -0.3782205072971958626, 21.50000000000000000, 9.833714263093591867 ) ) ;
#674 = CARTESIAN_POINT ( 'NONE',  ( 1.224646799147353256E-15, 22.00000000000000000, 10.00000000000000000 ) ) ;
#675 = EDGE_LOOP ( 'NONE', ( #162, #359 ) ) ;
#676 = ORIENTED_EDGE ( 'NONE', *, *, #467, .T. ) ;
#677 = DIRECTION ( 'NONE',  ( 0.9578262852211513190, 0.2873478855663452736, 0.000000000000000000 ) ) ;
#678 = DIRECTION ( 'NONE',  ( 0.000000000000000000, 0.000000000000000000, -1.000000000000000000 ) ) ;
#679 = CARTESIAN_POINT ( 'NONE',  ( 1.951563910473907981E-15, 22.49999999999693046, -2.125000000000003553 ) ) ;
#680 = CARTESIAN_POINT ( 'NONE',  ( -0.3764313431349504135, 22.00000000000000000, 8.609901504948027195 ) ) ;
#681 = ORIENTED_EDGE ( 'NONE', *, *, #800, .F. ) ;
#682 = AXIS2_PLACEMENT_3D ( 'NONE', #666, #905, #678 ) ;
#683 = ORIENTED_EDGE ( 'NONE', *, *, #1263, .T. ) ;
#684 = FACE_OUTER_BOUND ( 'NONE', #273, .T. ) ;
#685 = EDGE_CURVE ( 'NONE', #14, #1002, #206, .T. ) ;
#686 = DIRECTION ( 'NONE',  ( -0.05681657613339509416, 0.000000000000000000, 0.9983846336339907701 ) ) ;
#687 = CARTESIAN_POINT ( 'NONE',  ( -0.5000000000000042188, 30.75000000000000000, -9.416025403784436421 ) ) ;
#688 = ADVANCED_FACE ( 'NONE', ( #85, #546, #1094 ), #1088, .T. ) ;
#689 = VERTEX_POINT ( 'NONE', #1417 ) ;
#690 = CC_DESIGN_PERSON_AND_ORGANIZATION_ASSIGNMENT ( #405, #48, ( #941 ) ) ;
#691 =( BOUNDED_CURVE ( )  B_SPLINE_CURVE ( 3, ( #590, #932, #811, #254 ),
 .UNSPECIFIED., .F., .F. ) 
 B_SPLINE_CURVE_WITH_KNOTS ( ( 4, 4 ),
 ( 1.512283411304094161, 1.570796326794896558 ),
 .UNSPECIFIED. ) 
 CURVE ( )  GEOMETRIC_REPRESENTATION_ITEM ( )  RATIONAL_B_SPLINE_CURVE ( ( 1.000000000000000000, 0.9997147069104228567, 0.9997147069104228567, 1.000000000000000000 ) ) 
 REPRESENTATION_ITEM ( '' )  );
#692 = ORIENTED_EDGE ( 'NONE', *, *, #1344, .F. ) ;
#693 = FACE_BOUND ( 'NONE', #1284, .T. ) ;
#694 =( BOUNDED_CURVE ( )  B_SPLINE_CURVE ( 3, ( #872, #547, #74, #1358 ),
 .UNSPECIFIED., .F., .F. ) 
 B_SPLINE_CURVE_WITH_KNOTS ( ( 4, 4 ),
 ( 4.712388980384689674, 7.853981633974482790 ),
 .UNSPECIFIED. ) 
 CURVE ( )  GEOMETRIC_REPRESENTATION_ITEM ( )  RATIONAL_B_SPLINE_CURVE ( ( 1.000000000000000000, 0.3333333333333333703, 0.3333333333333333703, 1.000000000000000000 ) ) 
 REPRESENTATION_ITEM ( '' )  );
#695 = CARTESIAN_POINT ( 'NONE',  ( -0.03780087573316295857, 21.50000000000000000, 8.916568520313781221 ) ) ;
#696 = CARTESIAN_POINT ( 'NONE',  ( -0.8789844883067091663, 22.00000000000001421, 8.581601860597356080 ) ) ;
#697 = LOCAL_TIME ( 12, 28, 32.00000000000000000, #275 ) ;
#698 = CARTESIAN_POINT ( 'NONE',  ( -0.5061363608460627272, 21.50000000000000711, 8.579014141974562691 ) ) ;
#699 = VERTEX_POINT ( 'NONE', #39 ) ;
#700 = EDGE_LOOP ( 'NONE', ( #1292, #793 ) ) ;
#701 = ORIENTED_EDGE ( 'NONE', *, *, #1174, .F. ) ;
#702 = PLANE ( 'NONE',  #300 ) ;
#703 = CARTESIAN_POINT ( 'NONE',  ( -0.8128524750543354438, 21.50000000000000000, 8.520431595023975291 ) ) ;
#704 = CARTESIAN_POINT ( 'NONE',  ( -0.06548488370300931116, 22.00000000000000711, 8.766381848190645698 ) ) ;
#705 = ORIENTED_EDGE ( 'NONE', *, *, #50, .T. ) ;
#706 = ORIENTED_EDGE ( 'NONE', *, *, #1035, .T. ) ;
#707 = B_SPLINE_SURFACE_WITH_KNOTS ( 'NONE', 3, 1, ( 
 ( #1016, #82 ),
 ( #1460, #427 ),
 ( #758, #1220 ),
 ( #894, #1107 ),
 ( #1448, #418 ),
 ( #1114, #1234 ),
 ( #1355, #1242 ),
 ( #315, #988 ),
 ( #868, #1337 ),
 ( #192, #657 ),
 ( #777, #301 ),
 ( #181, #664 ),
 ( #649, #411 ),
 ( #294, #766 ),
 ( #307, #185 ) ),
 .UNSPECIFIED., .F., .F., .F.,
 ( 4, 1, 1, 1, 1, 1, 1, 1, 1, 1, 1, 1, 4 ),
 ( 2, 2 ),
 ( 0.000000000000000000, 0.09900557854615055220, 0.1964901660010071882, 0.2938078951308382147, 0.3928864042942184498, 0.4459899014113683502, 0.5057588110486703759, 0.5716478644365946549, 0.6441025704822296305, 0.7231372822738887374, 0.8088368252789881474, 0.9008896005670724572, 1.000000000000000000 ),
 ( 0.000000000000000000, 1.000000000000000000 ),
 .UNSPECIFIED. ) ;
#708 = VECTOR ( 'NONE', #1148, 1000.000000000000227 ) ;
#709 = LINE ( 'NONE', #1180, #1318 ) ;
#710 = AXIS2_PLACEMENT_3D ( 'NONE', #1453, #524, #184 ) ;
#711 = CARTESIAN_POINT ( 'NONE',  ( -0.04279045797936539136, 21.50000000000000355, 8.864342671563228748 ) ) ;
#712 = CARTESIAN_POINT ( 'NONE',  ( -0.9515428959038434442, 21.50000000000000711, 8.688762659794273091 ) ) ;
#713 = PLANE ( 'NONE',  #522 ) ;
#714 = CARTESIAN_POINT ( 'NONE',  ( -0.1641631555455628222, 22.00000000000001421, 8.598091085274830903 ) ) ;
#715 = EDGE_LOOP ( 'NONE', ( #1375, #926, #1397, #1475, #1491, #747, #1262, #902, #1044, #584, #817, #1045 ) ) ;
#716 = EDGE_LOOP ( 'NONE', ( #958, #114 ) ) ;
#717 = CARTESIAN_POINT ( 'NONE',  ( -0.1330680421939154645, 21.50000000000001066, 8.636545442737892486 ) ) ;
#718 = B_SPLINE_CURVE_WITH_KNOTS ( 'NONE', 3,
 ( #891, #68, #1452, #431, #775, #313, #899, #631, #61, #409, #998, #879, #1277, #1365, #438 ),
 .UNSPECIFIED., .F., .F.,
 ( 4, 1, 1, 1, 1, 1, 1, 1, 1, 1, 1, 1, 4 ),
 ( 0.000000000000000000, 0.09900557854615055220, 0.1964901660010071882, 0.2938078951308382147, 0.3928864042942184498, 0.4459899014113683502, 0.5057588110486703759, 0.5716478644365946549, 0.6441025704822296305, 0.7231372822738887374, 0.8088368252789881474, 0.9008896005670724572, 1.000000000000000000 ),
 .UNSPECIFIED. ) ;
#719 = CARTESIAN_POINT ( 'NONE',  ( -0.9674862580364965714, 21.50000000000000711, 8.728142302179559664 ) ) ;
#720 = CARTESIAN_POINT ( 'NONE',  ( -0.9910042278997749365, 21.50000000000000711, 8.841002474046453230 ) ) ;
#721 = CARTESIAN_POINT ( 'NONE',  ( -0.7537774086052893008, 21.50000000000000355, 9.145110344809683767 ) ) ;
#722 = CARTESIAN_POINT ( 'NONE',  ( -0.5000000000000029976, 12.64999999999693081, 9.416025403784436421 ) ) ;
#723 = VERTEX_POINT ( 'NONE', #1424 ) ;
#724 = LOCAL_TIME ( 12, 28, 32.00000000000000000, #634 ) ;
#725 = ORIENTED_EDGE ( 'NONE', *, *, #1221, .T. ) ;
#726 = DATE_TIME_ROLE ( 'creation_date' ) ;
#727 = DIRECTION ( 'NONE',  ( 0.000000000000000000, -1.000000000000000000, 0.000000000000000000 ) ) ;
#728 = CYLINDRICAL_SURFACE ( 'NONE', #763, 10.00000000000000000 ) ;
#729 = CARTESIAN_POINT ( 'NONE',  ( -0.2055197729323702538, 22.00000000000000355, 8.806942456752043569 ) ) ;
#730 = CARTESIAN_POINT ( 'NONE',  ( -0.7747753997911779322, 21.50000000000000000, 9.114072734427448808 ) ) ;
#731 = CARTESIAN_POINT ( 'NONE',  ( -1.066915291442963820, 22.00000000000000000, 9.793927037486881204 ) ) ;
#732 = ORIENTED_EDGE ( 'NONE', *, *, #851, .T. ) ;
#733 = ORIENTED_EDGE ( 'NONE', *, *, #246, .T. ) ;
#734 = SHAPE_DEFINITION_REPRESENTATION ( #477, #806 ) ;
#735 = CARTESIAN_POINT ( 'NONE',  ( -0.06548488370300931116, 21.50000000000000355, 8.766381848190645698 ) ) ;
#736 = ORIENTED_EDGE ( 'NONE', *, *, #743, .F. ) ;
#737 = VECTOR ( 'NONE', #1160, 1000.000000000000000 ) ;
#738 = CARTESIAN_POINT ( 'NONE',  ( -0.1330680421939154645, 21.50000000000001066, 8.636545442737892486 ) ) ;
#739 = CARTESIAN_POINT ( 'NONE',  ( -0.3764313431349504135, 21.50000000000000000, 8.609901504948027195 ) ) ;
#740 = EDGE_CURVE ( 'NONE', #1415, #1395, #709, .T. ) ;
#741 = CARTESIAN_POINT ( 'NONE',  ( -0.6344726877628482642, 22.00000000000000355, 9.302018665283370069 ) ) ;
#742 = CARTESIAN_POINT ( 'NONE',  ( -0.8445917744499257251, 22.00000000000001066, 8.837131540140907404 ) ) ;
#743 = EDGE_CURVE ( 'NONE', #384, #935, #1462, .T. ) ;
#744 = ORIENTED_EDGE ( 'NONE', *, *, #1170, .F. ) ;
#745 = PERSON_AND_ORGANIZATION_ROLE ( 'classification_officer' ) ;
#746 = CARTESIAN_POINT ( 'NONE',  ( -0.4558859864489199776, 22.00000000000001066, 8.440589483573942786 ) ) ;
#747 = ORIENTED_EDGE ( 'NONE', *, *, #299, .T. ) ;
#748 = DIRECTION ( 'NONE',  ( -0.05773446777898546406, 0.000000000000000000, 0.9983319744605385626 ) ) ;
#749 = ADVANCED_FACE ( 'NONE', ( #49 ), #128, .F. ) ;
#750 = CARTESIAN_POINT ( 'NONE',  ( -0.8271049961129094408, 22.00000000000001066, 9.013826509039803980 ) ) ;
#751 = CARTESIAN_POINT ( 'NONE',  ( -4.330127018922182103, 13.79903810567358491, -4.600000000000020073 ) ) ;
#752 = CALENDAR_DATE ( 2026, 26, 8 ) ;
#753 = CARTESIAN_POINT ( 'NONE',  ( 0.000000000000000000, 50.28427124746190202, -10.00000000000000000 ) ) ;
#754 = CARTESIAN_POINT ( 'NONE',  ( -0.6329246463152994329, 22.00000000000000711, 8.593614398003735388 ) ) ;
#755 = CARTESIAN_POINT ( 'NONE',  ( -0.2523635998806414427, 21.50000000000001066, 8.713909629294334991 ) ) ;
#756 = CARTESIAN_POINT ( 'NONE',  ( 0.000000000000000000, 30.75000000000000000, -2.125000000000000000 ) ) ;
#757 = CARTESIAN_POINT ( 'NONE',  ( -0.3332143967457708578, 22.59996431902066050, -9.416025403784436421 ) ) ;
#758 = CARTESIAN_POINT ( 'NONE',  ( -0.9939612632670542514, 21.50000000000000355, 8.918160191896225442 ) ) ;
#759 = EDGE_CURVE ( 'NONE', #1169, #1162, #801, .T. ) ;
#760 = ADVANCED_FACE ( 'NONE', ( #828 ), #29, .F. ) ;
#761 = DIRECTION ( 'NONE',  ( -0.000000000000000000, 1.000000000000000000, -0.000000000000000000 ) ) ;
#762 = FACE_BOUND ( 'NONE', #792, .T. ) ;
#763 = AXIS2_PLACEMENT_3D ( 'NONE', #23, #829, #612 ) ;
#764 = CARTESIAN_POINT ( 'NONE',  ( -0.8271049961129094408, 21.50000000000000355, 9.013826509039803980 ) ) ;
#765 = DIRECTION ( 'NONE',  ( 0.000000000000000000, -0.000000000000000000, 1.000000000000000000 ) ) ;
#766 = CARTESIAN_POINT ( 'NONE',  ( -0.7394364113448256282, 22.00000000000001776, 9.395497736626740704 ) ) ;
#767 = ORIENTED_EDGE ( 'NONE', *, *, #671, .T. ) ;
#768 = CARTESIAN_POINT ( 'NONE',  ( -0.7850757115150139853, 22.00000000000001421, 8.701038152772170520 ) ) ;
#769 = DIRECTION ( 'NONE',  ( 0.000000000000000000, -1.000000000000000000, 0.000000000000000000 ) ) ;
#770 = CARTESIAN_POINT ( 'NONE',  ( -0.7012481435247747141, 21.49999999999999645, 9.217103931681002393 ) ) ;
#771 = CARTESIAN_POINT ( 'NONE',  ( 1.951563910473907981E-15, 22.49999999999693046, 2.899999999999987477 ) ) ;
#772 = CARTESIAN_POINT ( 'NONE',  ( -0.1301270189221822582, 12.53903810567358690, -4.600000000000020073 ) ) ;
#773 = CARTESIAN_POINT ( 'NONE',  ( -0.8023507117828726498, 22.00000000000000355, 8.725933461192221685 ) ) ;
#774 = CARTESIAN_POINT ( 'NONE',  ( 4.330127018922181215, 31.50000000000000000, -2.500000000000022204 ) ) ;
#775 = CARTESIAN_POINT ( 'NONE',  ( -0.9699326771337138942, 22.00000000000002132, 9.039902093350422163 ) ) ;
#776 = CARTESIAN_POINT ( 'NONE',  ( -0.4715415057635872209, 22.00000000000000711, 8.581787245946525644 ) ) ;
#777 = CARTESIAN_POINT ( 'NONE',  ( -0.8332397426600693935, 21.50000000000001066, 9.274892745830273455 ) ) ;
#778 = DIRECTION ( 'NONE',  ( -0.000000000000000000, 1.000000000000000000, -0.000000000000000000 ) ) ;
#779 = LINE ( 'NONE', #1152, #781 ) ;
#780 = CARTESIAN_POINT ( 'NONE',  ( -0.5000000000000041078, 18.00000000000000000, -7.683974596215563224 ) ) ;
#781 = VECTOR ( 'NONE', #93, 1000.000000000000000 ) ;
#782 = CARTESIAN_POINT ( 'NONE',  ( 0.000000000000000000, 22.00000000000000000, -10.00000000000000000 ) ) ;
#783 = EDGE_CURVE ( 'NONE', #277, #1023, #641, .T. ) ;
#784 = CIRCLE ( 'NONE', #909, 10.00000000000000000 ) ;
#785 = EDGE_CURVE ( 'NONE', #366, #14, #289, .T. ) ;
#786 = ORIENTED_EDGE ( 'NONE', *, *, #945, .F. ) ;
#787 = EDGE_CURVE ( 'NONE', #256, #384, #76, .T. ) ;
#788 = EDGE_LOOP ( 'NONE', ( #266, #1142, #670, #732 ) ) ;
#789 = CARTESIAN_POINT ( 'NONE',  ( -0.6344726877628482642, 22.00000000000000000, 9.302018665283370069 ) ) ;
#790 = FACE_OUTER_BOUND ( 'NONE', #255, .T. ) ;
#791 = LINE ( 'NONE', #673, #708 ) ;
#792 = EDGE_LOOP ( 'NONE', ( #6, #556 ) ) ;
#793 = ORIENTED_EDGE ( 'NONE', *, *, #1276, .F. ) ;
#794 = CARTESIAN_POINT ( 'NONE',  ( -0.1814022025703429242, 22.00000000000000711, 8.961739304645988113 ) ) ;
#795 = LINE ( 'NONE', #780, #250 ) ;
#796 = CARTESIAN_POINT ( 'NONE',  ( -0.5000000000000041078, 18.00000000000000000, 0.8660254037844363761 ) ) ;
#797 = ORIENTED_EDGE ( 'NONE', *, *, #1062, .F. ) ;
#798 = ORIENTED_EDGE ( 'NONE', *, *, #1024, .T. ) ;
#799 = ADVANCED_FACE ( 'NONE', ( #544 ), #707, .F. ) ;
#800 = EDGE_CURVE ( 'NONE', #256, #1075, #234, .T. ) ;
#801 =( BOUNDED_CURVE ( )  B_SPLINE_CURVE ( 3, ( #257, #1187, #145, #1077 ),
 .UNSPECIFIED., .F., .F. ) 
 B_SPLINE_CURVE_WITH_KNOTS ( ( 4, 4 ),
 ( 4.712388980384689674, 7.853981633974482790 ),
 .UNSPECIFIED. ) 
 CURVE ( )  GEOMETRIC_REPRESENTATION_ITEM ( )  RATIONAL_B_SPLINE_CURVE ( ( 1.000000000000000000, 0.3333333333333333703, 0.3333333333333333703, 1.000000000000000000 ) ) 
 REPRESENTATION_ITEM ( '' )  );
#802 = LINE ( 'NONE', #923, #804 ) ;
#803 = CARTESIAN_POINT ( 'NONE',  ( -0.2963437145856619437, 22.00000000000000711, 8.663821901805780712 ) ) ;
#804 = VECTOR ( 'NONE', #1387, 1000.000000000000000 ) ;
#805 = EDGE_LOOP ( 'NONE', ( #1050, #245, #786, #1256 ) ) ;
#806 = ADVANCED_BREP_SHAPE_REPRESENTATION ( 'EC2', ( #1471, #312 ), #1241 ) ;
#807 = ORIENTED_EDGE ( 'NONE', *, *, #743, .T. ) ;
#808 = FACE_OUTER_BOUND ( 'NONE', #788, .T. ) ;
#809 = CARTESIAN_POINT ( 'NONE',  ( -0.7411458748052799361, 21.50000000000000355, 8.656132498217584015 ) ) ;
#810 = CARTESIAN_POINT ( 'NONE',  ( -0.7756607517684236397, 22.00000000000001066, 8.495184554827154955 ) ) ;
#811 = CARTESIAN_POINT ( 'NONE',  ( -0.3332143967457693590, 12.59996431902066050, 9.416025403784436421 ) ) ;
#812 = VERTEX_POINT ( 'NONE', #64 ) ;
#813 = EDGE_LOOP ( 'NONE', ( #725, #1179, #1380, #235, #350, #1280 ) ) ;
#814 = CARTESIAN_POINT ( 'NONE',  ( 8.530127018922181392, 25.05903810567359002, -0.4000000000000221712 ) ) ;
#815 = CARTESIAN_POINT ( 'NONE',  ( 1.658783576975712840E-15, 12.49999999999692868, 9.401392999851985621 ) ) ;
#816 = CARTESIAN_POINT ( 'NONE',  ( -0.1814022025703429242, 21.50000000000000355, 8.961739304645988113 ) ) ;
#817 = ORIENTED_EDGE ( 'NONE', *, *, #928, .T. ) ;
#818 = CARTESIAN_POINT ( 'NONE',  ( -0.04279045797936539136, 22.00000000000000711, 8.864342671563228748 ) ) ;
#819 = ORIENTED_EDGE ( 'NONE', *, *, #268, .T. ) ;
#820 = FACE_OUTER_BOUND ( 'NONE', #120, .T. ) ;
#821 = CARTESIAN_POINT ( 'NONE',  ( -0.6504252382754867057, 22.00000000000001066, 8.445877642579022293 ) ) ;
#822 = CARTESIAN_POINT ( 'NONE',  ( -4.250000000000006217, 23.77499999999692548, -2.125000000000003109 ) ) ;
#823 = LINE ( 'NONE', #471, #441 ) ;
#824 = VERTEX_POINT ( 'NONE', #1008 ) ;
#825 = CARTESIAN_POINT ( 'NONE',  ( -0.7360517435080601301, 22.00000000000001421, 8.474539232840662351 ) ) ;
#826 = B_SPLINE_SURFACE_WITH_KNOTS ( 'NONE', 3, 1, ( 
 ( #410, #179 ),
 ( #880, #1342 ),
 ( #1099, #742 ),
 ( #298, #507 ),
 ( #1233, #621 ),
 ( #191, #1211 ),
 ( #986, #1431 ),
 ( #1254, #453 ),
 ( #339, #1135 ),
 ( #1464, #425 ),
 ( #567, #892 ),
 ( #216, #1155 ),
 ( #1272, #1014 ),
 ( #432, #1459 ),
 ( #95, #1260 ),
 ( #1141, #1043 ),
 ( #225, #334 ),
 ( #314, #1247 ),
 ( #900, #655 ) ),
 .UNSPECIFIED., .F., .F., .F.,
 ( 4, 1, 1, 1, 1, 1, 1, 1, 1, 1, 1, 1, 1, 1, 1, 1, 4 ),
 ( 2, 2 ),
 ( 0.000000000000000000, 0.06228389533158854019, 0.1229952441440400751, 0.1827627807356166922, 0.2422451754795474643, 0.3021105113373437900, 0.3627224098578751832, 0.4247916693700198865, 0.4895929478137113211, 0.5541568167280820356, 0.6177190595760545522, 0.6801056005964271067, 0.7417818911926210568, 0.8042123715594579059, 0.8679211276471844316, 0.9325529168421905490, 1.000000000000000000 ),
 ( 0.000000000000000000, 1.000000000000000000 ),
 .UNSPECIFIED. ) ;
#827 = CIRCLE ( 'NONE', #1433, 8.550000000000000711 ) ;
#828 = FACE_OUTER_BOUND ( 'NONE', #372, .T. ) ;
#829 = DIRECTION ( 'NONE',  ( 0.000000000000000000, -1.000000000000000000, 0.000000000000000000 ) ) ;
#830 = LINE ( 'NONE', #687, #737 ) ;
#831 = CARTESIAN_POINT ( 'NONE',  ( -0.8482427953639466445, 21.50000000000000355, 8.916878357595967586 ) ) ;
#832 = CARTESIAN_POINT ( 'NONE',  ( -0.2055197729323702538, 21.50000000000000000, 8.806942456752043569 ) ) ;
#833 = ORIENTED_EDGE ( 'NONE', *, *, #161, .T. ) ;
#834 = ORIENTED_EDGE ( 'NONE', *, *, #1426, .T. ) ;
#835 = PERSON_AND_ORGANIZATION_ROLE ( 'design_supplier' ) ;
#836 = CARTESIAN_POINT ( 'NONE',  ( 1.951563910473907981E-15, 22.49999999999693046, 2.899999999999987477 ) ) ;
#837 = B_SPLINE_CURVE_WITH_KNOTS ( 'NONE', 3,
 ( #601, #499, #135, #950, #1403, #1085, #825, #142, #585, #1060, #1076, #940, #1396, #592, #1068, #28, #959, #1411, #37 ),
 .UNSPECIFIED., .F., .F.,
 ( 4, 1, 1, 1, 1, 1, 1, 1, 1, 1, 1, 1, 1, 1, 1, 1, 4 ),
 ( 0.000000000000000000, 0.07036071411533066644, 0.1377705084341800390, 0.2023707869777483237, 0.2657298513031681186, 0.3279867888275232457, 0.3898360181596349783, 0.4522578264854615337, 0.5157097165346420375, 0.5790146853017762441, 0.6399365959076624977, 0.6999285682485395510, 0.7590057053260884645, 0.8181942597473701451, 0.8773917184970309036, 0.9379593238468540983, 1.000000000000000000 ),
 .UNSPECIFIED. ) ;
#838 = CARTESIAN_POINT ( 'NONE',  ( -0.5062457951068909390, 21.50000000000000711, 8.436227632006149335 ) ) ;
#839 = CARTESIAN_POINT ( 'NONE',  ( -0.9515428959038434442, 22.00000000000001066, 8.688762659794273091 ) ) ;
#840 = CARTESIAN_POINT ( 'NONE',  ( -0.8332397426600693935, 21.50000000000001066, 9.274892745830273455 ) ) ;
#841 = CARTESIAN_POINT ( 'NONE',  ( -0.3606873263274681385, 22.00000000000000711, 8.463763010497151740 ) ) ;
#842 = ORIENTED_EDGE ( 'NONE', *, *, #143, .T. ) ;
#843 = LOCAL_TIME ( 12, 28, 32.00000000000000000, #994 ) ;
#844 = CARTESIAN_POINT ( 'NONE',  ( 1.951563910473907981E-15, 22.49999999999693046, -9.401392999851994503 ) ) ;
#845 = APPROVAL_ROLE ( '' ) ;
#846 = B_SPLINE_CURVE_WITH_KNOTS ( 'NONE', 3,
 ( #1436, #421, #644, #413, #527, #870, #773, #768, #290, #1322, #1351, #407, #71, #754, #1236, #1122, #883, #538, #652 ),
 .UNSPECIFIED., .F., .F.,
 ( 4, 1, 1, 1, 1, 1, 1, 1, 1, 1, 1, 1, 1, 1, 1, 1, 4 ),
 ( 0.000000000000000000, 0.06228389533158854019, 0.1229952441440400751, 0.1827627807356166922, 0.2422451754795474643, 0.3021105113373437900, 0.3627224098578751832, 0.4247916693700198865, 0.4895929478137113211, 0.5541568167280820356, 0.6177190595760545522, 0.6801056005964271067, 0.7417818911926210568, 0.8042123715594579059, 0.8679211276471844316, 0.9325529168421905490, 1.000000000000000000 ),
 .UNSPECIFIED. ) ;
#847 = CARTESIAN_POINT ( 'NONE',  ( -0.1985647594627946433, 21.50000000000000355, 8.562817743918595070 ) ) ;
#848 = ORIENTED_EDGE ( 'NONE', *, *, #246, .F. ) ;
#849 = EDGE_CURVE ( 'NONE', #1031, #151, #537, .T. ) ;
#850 =( BOUNDED_CURVE ( )  B_SPLINE_CURVE ( 3, ( #170, #757, #1227, #397 ),
 .UNSPECIFIED., .F., .F. ) 
 B_SPLINE_CURVE_WITH_KNOTS ( ( 4, 4 ),
 ( 4.712388980384689674, 4.770901895875492293 ),
 .UNSPECIFIED. ) 
 CURVE ( )  GEOMETRIC_REPRESENTATION_ITEM ( )  RATIONAL_B_SPLINE_CURVE ( ( 1.000000000000000000, 0.9997147069104228567, 0.9997147069104228567, 1.000000000000000000 ) ) 
 REPRESENTATION_ITEM ( '' )  );
#851 = EDGE_CURVE ( 'NONE', #208, #449, #385, .T. ) ;
#852 = CARTESIAN_POINT ( 'NONE',  ( 0.000000000000000000, 30.75000000000000000, 0.000000000000000000 ) ) ;
#853 = DIRECTION ( 'NONE',  ( 0.000000000000000000, -1.000000000000000000, 0.000000000000000000 ) ) ;
#854 = CARTESIAN_POINT ( 'NONE',  ( 1.951563910473907981E-15, 22.49999999999693046, -2.125000000000003553 ) ) ;
#855 = FACE_OUTER_BOUND ( 'NONE', #100, .T. ) ;
#856 = ORIENTED_EDGE ( 'NONE', *, *, #351, .F. ) ;
#857 =( BOUNDED_CURVE ( )  B_SPLINE_CURVE ( 3, ( #1020, #1217, #639, #1463 ),
 .UNSPECIFIED., .F., .F. ) 
 B_SPLINE_CURVE_WITH_KNOTS ( ( 4, 4 ),
 ( 1.570796326794896558, 4.712388980384689674 ),
 .UNSPECIFIED. ) 
 CURVE ( )  GEOMETRIC_REPRESENTATION_ITEM ( )  RATIONAL_B_SPLINE_CURVE ( ( 1.000000000000000000, 0.3333333333333333703, 0.3333333333333333703, 1.000000000000000000 ) ) 
 REPRESENTATION_ITEM ( '' )  );
#858 = DATE_AND_TIME ( #1319, #724 ) ;
#859 = CARTESIAN_POINT ( 'NONE',  ( -0.3606873263274681385, 21.50000000000000355, 8.463763010497151740 ) ) ;
#860 = EDGE_CURVE ( 'NONE', #1415, #1361, #1441, .T. ) ;
#861 = AXIS2_PLACEMENT_3D ( 'NONE', #1343, #1128, #605 ) ;
#862 = VECTOR ( 'NONE', #1291, 1000.000000000000000 ) ;
#863 = CARTESIAN_POINT ( 'NONE',  ( -0.4715415057635872209, 22.00000000000000711, 8.581787245946525644 ) ) ;
#864 = CARTESIAN_POINT ( 'NONE',  ( 1.951563910473907981E-15, 22.49999999999693046, 7.099999999999989875 ) ) ;
#865 = CARTESIAN_POINT ( 'NONE',  ( 1.658783576975712840E-15, 12.49999999999692868, -2.125000000000003553 ) ) ;
#866 = VERTEX_POINT ( 'NONE', #1228 ) ;
#867 = SECURITY_CLASSIFICATION_LEVEL ( 'unclassified' ) ;
#868 = CARTESIAN_POINT ( 'NONE',  ( -0.8880860353716624189, 21.50000000000000000, 9.196311728425422771 ) ) ;
#869 = ORIENTED_EDGE ( 'NONE', *, *, #50, .F. ) ;
#870 = CARTESIAN_POINT ( 'NONE',  ( -0.8173187830735308967, 22.00000000000000711, 8.751755964000743404 ) ) ;
#871 = CARTESIAN_POINT ( 'NONE',  ( -0.4944471867106979834, 22.00000000000001066, 8.579951139546787786 ) ) ;
#872 = CARTESIAN_POINT ( 'NONE',  ( 4.330127018922181215, 23.79903810567358136, -0.4000000000000214495 ) ) ;
#873 = CARTESIAN_POINT ( 'NONE',  ( 1.951563910473907981E-15, 22.49999999999693046, 2.124999999999996891 ) ) ;
#874 = UNCERTAINTY_MEASURE_WITH_UNIT (LENGTH_MEASURE( 1.000000000000000082E-05 ), #1151, 'distance_accuracy_value', 'NONE');
#875 = CALENDAR_DATE ( 2026, 26, 8 ) ;
#876 = DIRECTION ( 'NONE',  ( -0.000000000000000000, 1.000000000000000000, -0.000000000000000000 ) ) ;
#877 = CARTESIAN_POINT ( 'NONE',  ( -8.530127018922181392, 25.05903810567359002, -0.4000000000000190070 ) ) ;
#878 = CARTESIAN_POINT ( 'NONE',  ( -0.2181532451475196588, 21.50000000000000711, 8.773501687348710831 ) ) ;
#879 = CARTESIAN_POINT ( 'NONE',  ( -0.8008413052315677128, 21.99999999999999645, 9.318263654899226367 ) ) ;
#880 = CARTESIAN_POINT ( 'NONE',  ( -0.8463131437867317253, 21.50000000000000711, 8.857448315621413215 ) ) ;
#881 = PLANE ( 'NONE',  #861 ) ;
#882 = ORIENTED_EDGE ( 'NONE', *, *, #487, .T. ) ;
#883 = CARTESIAN_POINT ( 'NONE',  ( -0.5391825845255463490, 22.00000000000001066, 8.577864889514462021 ) ) ;
#884 = CARTESIAN_POINT ( 'NONE',  ( -0.8482427953639466445, 22.00000000000000711, 8.916878357595967586 ) ) ;
#885 = VECTOR ( 'NONE', #424, 1000.000000000000000 ) ;
#886 = DIRECTION ( 'NONE',  ( 0.000000000000000000, -1.000000000000000000, 0.000000000000000000 ) ) ;
#887 = CARTESIAN_POINT ( 'NONE',  ( 0.000000000000000000, 18.00000000000000000, 0.000000000000000000 ) ) ;
#888 = DIRECTION ( 'NONE',  ( 0.9982850402355781805, 0.000000000000000000, 0.05854040008276396867 ) ) ;
#889 = CARTESIAN_POINT ( 'NONE',  ( 2.571758278209441957E-16, 31.50000000000000000, 7.100000000000000533 ) ) ;
#890 = CARTESIAN_POINT ( 'NONE',  ( -0.1301270189221822582, 22.53903810567358335, -4.600000000000020073 ) ) ;
#891 = CARTESIAN_POINT ( 'NONE',  ( -0.9922057638622741038, 22.00000000000001066, 8.855790394378873387 ) ) ;
#892 = CARTESIAN_POINT ( 'NONE',  ( -0.7158592051114353039, 22.00000000000001421, 8.636524774284310979 ) ) ;
#893 = CYLINDRICAL_SURFACE ( 'NONE', #322, 2.125000000000000000 ) ;
#894 = CARTESIAN_POINT ( 'NONE',  ( -0.9852439838965943997, 21.49999999999999289, 8.979734092529541911 ) ) ;
#895 = PRODUCT_DEFINITION_FORMATION_WITH_SPECIFIED_SOURCE ( 'ANY', '', #941, .NOT_KNOWN. ) ;
#896 = ADVANCED_FACE ( 'NONE', ( #198 ), #881, .F. ) ;
#897 = CARTESIAN_POINT ( 'NONE',  ( -0.1818467499401728860, 21.50000000000000355, 8.947626213715496490 ) ) ;
#898 = ADVANCED_FACE ( 'NONE', ( #965 ), #1210, .T. ) ;
#899 = CARTESIAN_POINT ( 'NONE',  ( -0.9294346961195738555, 22.00000000000001066, 9.128461095322673913 ) ) ;
#900 = CARTESIAN_POINT ( 'NONE',  ( -0.5061363608460627272, 21.50000000000000711, 8.579014141974562691 ) ) ;
#901 = ORIENTED_EDGE ( 'NONE', *, *, #1017, .T. ) ;
#902 = ORIENTED_EDGE ( 'NONE', *, *, #1168, .T. ) ;
#903 = APPLICATION_CONTEXT ( 'configuration controlled 3d designs of mechanical parts and assemblies' ) ;
#904 = MECHANICAL_CONTEXT ( 'NONE', #650, 'mechanical' ) ;
#905 = DIRECTION ( 'NONE',  ( -0.000000000000000000, -1.000000000000000000, -0.000000000000000000 ) ) ;
#906 = CARTESIAN_POINT ( 'NONE',  ( -0.8382961077221938728, 21.50000000000000711, 8.807440489798560534 ) ) ;
#907 = VECTOR ( 'NONE', #534, 1000.000000000000000 ) ;
#908 = DIRECTION ( 'NONE',  ( -0.6358608392450185720, 4.127945979249857461E-15, -0.7718037270670702332 ) ) ;
#909 = AXIS2_PLACEMENT_3D ( 'NONE', #887, #632, #1092 ) ;
#910 = ORIENTED_EDGE ( 'NONE', *, *, #1467, .T. ) ;
#911 = ORIENTED_EDGE ( 'NONE', *, *, #268, .F. ) ;
#912 = FACE_OUTER_BOUND ( 'NONE', #119, .T. ) ;
#913 = CARTESIAN_POINT ( 'NONE',  ( -4.330127018922182103, 23.79903810567358136, -0.4000000000000192846 ) ) ;
#914 = CARTESIAN_POINT ( 'NONE',  ( -0.7158592051114353039, 21.50000000000001066, 8.636524774284310979 ) ) ;
#915 = DIRECTION ( 'NONE',  ( 0.000000000000000000, 0.000000000000000000, 1.000000000000000000 ) ) ;
#916 = CARTESIAN_POINT ( 'NONE',  ( -0.03838912916027197031, 22.00000000000000711, 8.970125729561777561 ) ) ;
#917 = ADVANCED_FACE ( 'NONE', ( #478 ), #396, .T. ) ;
#918 = ORIENTED_EDGE ( 'NONE', *, *, #1382, .T. ) ;
#919 = EDGE_CURVE ( 'NONE', #563, #1405, #1229, .T. ) ;
#920 = ORIENTED_EDGE ( 'NONE', *, *, #800, .T. ) ;
#921 = CARTESIAN_POINT ( 'NONE',  ( -0.3606873263274681385, 22.00000000000000711, 8.463763010497151740 ) ) ;
#922 = LOCAL_TIME ( 12, 28, 32.00000000000000000, #172 ) ;
#923 = CARTESIAN_POINT ( 'NONE',  ( -4.330127018922182103, 31.50000000000000000, -4.600000000000020073 ) ) ;
#924 = CARTESIAN_POINT ( 'NONE',  ( -0.4064734261288306949, 22.00000000000001066, 8.597507480654728695 ) ) ;
#925 = EDGE_LOOP ( 'NONE', ( #1058, #798, #463, #1195 ) ) ;
#926 = ORIENTED_EDGE ( 'NONE', *, *, #518, .T. ) ;
#927 = DIRECTION ( 'NONE',  ( -0.000000000000000000, 1.000000000000000000, -0.000000000000000000 ) ) ;
#928 = EDGE_CURVE ( 'NONE', #336, #1482, #1052, .T. ) ;
#929 = CARTESIAN_POINT ( 'NONE',  ( 4.199999999999994849, 13.75999999999692314, 7.099999999999996980 ) ) ;
#930 = CARTESIAN_POINT ( 'NONE',  ( -0.6042983942281301424, 21.50000000000001066, 8.438246905072782411 ) ) ;
#931 = CIRCLE ( 'NONE', #343, 8.550000000000000711 ) ;
#932 = CARTESIAN_POINT ( 'NONE',  ( -0.1665001676616092996, 12.54995005029541311, 9.411146543901944383 ) ) ;
#933 = ORIENTED_EDGE ( 'NONE', *, *, #979, .F. ) ;
#934 = VECTOR ( 'NONE', #1266, 1000.000000000000000 ) ;
#935 = VERTEX_POINT ( 'NONE', #864 ) ;
#936 = CARTESIAN_POINT ( 'NONE',  ( -0.6894734469468026816, 21.50000000000000711, 8.619113413392019751 ) ) ;
#937 = CARTESIAN_POINT ( 'NONE',  ( -0.9922057638622741038, 21.50000000000000711, 8.855790394378873387 ) ) ;
#938 = CARTESIAN_POINT ( 'NONE',  ( -0.4064734261288306949, 21.50000000000000711, 8.597507480654728695 ) ) ;
#939 = ORIENTED_EDGE ( 'NONE', *, *, #1188, .F. ) ;
#940 = CARTESIAN_POINT ( 'NONE',  ( -0.9071161394630081753, 22.00000000000000711, 8.615537511909193924 ) ) ;
#941 = PRODUCT ( 'EC2', 'EC2', '', ( #904 ) ) ;
#942 = EDGE_CURVE ( 'NONE', #1075, #256, #189, .T. ) ;
#943 = CARTESIAN_POINT ( 'NONE',  ( -0.05226514341464547769, 21.50000000000000000, 8.814323276486888403 ) ) ;
#944 = DIRECTION ( 'NONE',  ( -0.000000000000000000, -1.000000000000000000, -0.000000000000000000 ) ) ;
#945 = EDGE_CURVE ( 'NONE', #1137, #1374, #1003, .T. ) ;
#946 = DIRECTION ( 'NONE',  ( -0.000000000000000000, -1.000000000000000000, -0.000000000000000000 ) ) ;
#947 = CARTESIAN_POINT ( 'NONE',  ( -0.9922057638622741038, 21.50000000000000711, 8.855790394378873387 ) ) ;
#948 = ORIENTED_EDGE ( 'NONE', *, *, #373, .T. ) ;
#949 = ADVANCED_FACE ( 'NONE', ( #975 ), #713, .T. ) ;
#950 = CARTESIAN_POINT ( 'NONE',  ( -0.6042983942281301424, 22.00000000000001421, 8.438246905072782411 ) ) ;
#951 = CARTESIAN_POINT ( 'NONE',  ( -0.03838912916027197031, 22.00000000000000711, 8.970125729561777561 ) ) ;
#952 = ORIENTED_EDGE ( 'NONE', *, *, #351, .T. ) ;
#953 = B_SPLINE_CURVE_WITH_KNOTS ( 'NONE', 3,
 ( #916, #1156, #454, #1066, #461, #704, #497, #1184, #124, #714, #966, #34, #19, #380, #841, #479, #1178, #239, #606 ),
 .UNSPECIFIED., .F., .F.,
 ( 4, 1, 1, 1, 1, 1, 1, 1, 1, 1, 1, 1, 1, 1, 1, 1, 4 ),
 ( 0.000000000000000000, 0.06851222252983678318, 0.1345259281172412058, 0.1985700213252694912, 0.2614279785632046549, 0.3227930735413597207, 0.3841146450844289406, 0.4458875950684443312, 0.5087478481939298192, 0.5714011344952373284, 0.6325117089918178559, 0.6921558605927536911, 0.7519775914555718588, 0.8119871990495529657, 0.8729452614034280966, 0.9354140015415612908, 1.000000000000000000 ),
 .UNSPECIFIED. ) ;
#954 = CARTESIAN_POINT ( 'NONE',  ( -0.06548488370300931116, 21.50000000000000355, 8.766381848190645698 ) ) ;
#955 = CARTESIAN_POINT ( 'NONE',  ( -0.5000000000000029976, 18.00000000000000000, 9.416025403784436421 ) ) ;
#956 = CARTESIAN_POINT ( 'NONE',  ( -0.7394364113448256282, 21.50000000000000000, 9.395497736626740704 ) ) ;
#957 = CARTESIAN_POINT ( 'NONE',  ( -0.4944471867106979834, 21.50000000000000711, 8.579951139546787786 ) ) ;
#958 = ORIENTED_EDGE ( 'NONE', *, *, #626, .T. ) ;
#959 = CARTESIAN_POINT ( 'NONE',  ( -0.9886296847990125869, 22.00000000000000711, 8.811777752277054176 ) ) ;
#960 = PERSON_AND_ORGANIZATION ( #460, #1190 ) ;
#961 = AXIS2_PLACEMENT_3D ( 'NONE', #852, #241, #16 ) ;
#962 = CARTESIAN_POINT ( 'NONE',  ( -0.4070759481479420128, 21.50000000000001066, 8.449830401010174796 ) ) ;
#963 = CARTESIAN_POINT ( 'NONE',  ( -0.1061384930372564206, 21.50000000000000355, 8.677629752874851832 ) ) ;
#964 = CARTESIAN_POINT ( 'NONE',  ( -0.7360517435080601301, 21.50000000000001066, 8.474539232840662351 ) ) ;
#965 = FACE_OUTER_BOUND ( 'NONE', #240, .T. ) ;
#966 = CARTESIAN_POINT ( 'NONE',  ( -0.1985647594627946433, 22.00000000000000711, 8.562817743918595070 ) ) ;
#967 = ORIENTED_EDGE ( 'NONE', *, *, #99, .T. ) ;
#968 =( BOUNDED_CURVE ( )  B_SPLINE_CURVE ( 3, ( #973, #1418, #1287, #386 ),
 .UNSPECIFIED., .F., .T. ) 
 B_SPLINE_CURVE_WITH_KNOTS ( ( 4, 4 ),
 ( 1.512283411304094161, 1.570796326794896558 ),
 .UNSPECIFIED. ) 
 CURVE ( )  GEOMETRIC_REPRESENTATION_ITEM ( )  RATIONAL_B_SPLINE_CURVE ( ( 1.000000000000000000, 0.9997147069104228567, 0.9997147069104228567, 1.000000000000000000 ) ) 
 REPRESENTATION_ITEM ( '' )  );
#969 = ADVANCED_FACE ( 'NONE', ( #370 ), #1175, .F. ) ;
#970 = EDGE_LOOP ( 'NONE', ( #1207, #1402 ) ) ;
#971 = APPROVAL_DATE_TIME ( #8, #982 ) ;
#972 = ADVANCED_FACE ( 'NONE', ( #190 ), #1444, .F. ) ;
#973 = CARTESIAN_POINT ( 'NONE',  ( 1.951563910473907981E-15, 22.49999999999693046, 7.669342192283114201 ) ) ;
#974 = CARTESIAN_POINT ( 'NONE',  ( -0.4381093643743572685, 22.00000000000001066, 8.588102039476440908 ) ) ;
#975 = FACE_OUTER_BOUND ( 'NONE', #715, .T. ) ;
#976 = FACE_BOUND ( 'NONE', #970, .T. ) ;
#977 = ORIENTED_EDGE ( 'NONE', *, *, #1276, .T. ) ;
#978 = LOCAL_TIME ( 12, 28, 32.00000000000000000, #1213 ) ;
#979 = EDGE_CURVE ( 'NONE', #336, #381, #1112, .T. ) ;
#980 = CARTESIAN_POINT ( 'NONE',  ( -0.08396475411403350742, 21.50000000000000355, 8.720992167662609873 ) ) ;
#981 = ORIENTED_EDGE ( 'NONE', *, *, #1333, .T. ) ;
#982 = APPROVAL ( #1053, 'UNSPECIFIED' ) ;
#983 = CARTESIAN_POINT ( 'NONE',  ( -4.330127018922182103, 23.79903810567358136, -4.600000000000020073 ) ) ;
#984 = DIRECTION ( 'NONE',  ( 0.9578262852211513190, -0.2873478855663452736, 0.000000000000000000 ) ) ;
#985 = CARTESIAN_POINT ( 'NONE',  ( -0.7919006981804009859, 21.50000000000001066, 9.086029328142549488 ) ) ;
#986 = CARTESIAN_POINT ( 'NONE',  ( -0.8023507117828726498, 21.50000000000000000, 8.725933461192221685 ) ) ;
#987 = EDGE_LOOP ( 'NONE', ( #88, #1149, #1067, #1136 ) ) ;
#988 = CARTESIAN_POINT ( 'NONE',  ( -0.9104941165573743334, 22.00000000000002132, 9.161061456290291005 ) ) ;
#989 = AXIS2_PLACEMENT_3D ( 'NONE', #1283, #242, #1048 ) ;
#990 = LINE ( 'NONE', #309, #175 ) ;
#991 = CARTESIAN_POINT ( 'NONE',  ( -0.5061363608460627272, 21.50000000000000711, 8.579014141974562691 ) ) ;
#992 = CARTESIAN_POINT ( 'NONE',  ( -0.7012481435247747141, 22.00000000000000000, 9.217103931681002393 ) ) ;
#993 = DIRECTION ( 'NONE',  ( -0.000000000000000000, 1.000000000000000000, -0.000000000000000000 ) ) ;
#994 = COORDINATED_UNIVERSAL_TIME_OFFSET ( 5, 0, .BEHIND. ) ;
#995 = CARTESIAN_POINT ( 'NONE',  ( -4.330127018922182103, 13.79903810567358491, -0.4000000000000192846 ) ) ;
#996 = CARTESIAN_POINT ( 'NONE',  ( -0.06190309991342037022, 21.50000000000000000, 9.996464642123122246 ) ) ;
#997 = CARTESIAN_POINT ( 'NONE',  ( -0.3479592489215183604, 21.50000000000001421, 8.624827123583472144 ) ) ;
#998 = CARTESIAN_POINT ( 'NONE',  ( -0.8332397426600693935, 22.00000000000001421, 9.274892745830273455 ) ) ;
#999 = CARTESIAN_POINT ( 'NONE',  ( 0.2499999999999958922, 18.00000000000000000, 0.4330127018922179660 ) ) ;
#1000 = APPROVAL_PERSON_ORGANIZATION ( #1196, #982, #153 ) ;
#1001 = DIRECTION ( 'NONE',  ( 0.000000000000000000, -1.000000000000000000, 0.000000000000000000 ) ) ;
#1002 = VERTEX_POINT ( 'NONE', #1458 ) ;
#1003 = B_SPLINE_CURVE_WITH_KNOTS ( 'NONE', 3,
 ( #589, #1073, #379, #488, #362, #43, #1098, #1290, #25, #55, #840, #506, #1306, #956, #1065 ),
 .UNSPECIFIED., .F., .F.,
 ( 4, 1, 1, 1, 1, 1, 1, 1, 1, 1, 1, 1, 4 ),
 ( 0.000000000000000000, 0.09900557854615055220, 0.1964901660010071882, 0.2938078951308382147, 0.3928864042942184498, 0.4459899014113683502, 0.5057588110486703759, 0.5716478644365946549, 0.6441025704822296305, 0.7231372822738887374, 0.8088368252789881474, 0.9008896005670724572, 1.000000000000000000 ),
 .UNSPECIFIED. ) ;
#1004 = CARTESIAN_POINT ( 'NONE',  ( -4.330127018922182103, 23.79903810567358136, -0.4000000000000192846 ) ) ;
#1005 = CARTESIAN_POINT ( 'NONE',  ( -0.2181532451475196588, 22.00000000000001066, 8.773501687348710831 ) ) ;
#1006 = CARTESIAN_POINT ( 'NONE',  ( -0.6696061565704126695, 22.00000000000000711, 9.257917326455832097 ) ) ;
#1007 = CARTESIAN_POINT ( 'NONE',  ( 4.330127018922181215, 13.79903810567358136, -4.600000000000022737 ) ) ;
#1008 = CARTESIAN_POINT ( 'NONE',  ( -0.5000000000000041078, 12.64999999999693081, -7.683974596215563224 ) ) ;
#1009 = CIRCLE ( 'NONE', #403, 10.00000000000000000 ) ;
#1010 = DIRECTION ( 'NONE',  ( -0.6358608392450185720, 4.127945979249857461E-15, -0.7718037270670702332 ) ) ;
#1011 = DIRECTION ( 'NONE',  ( 0.000000000000000000, 0.000000000000000000, -1.000000000000000000 ) ) ;
#1012 = VECTOR ( 'NONE', #69, 1000.000000000000000 ) ;
#1013 = CARTESIAN_POINT ( 'NONE',  ( -0.7919006981804009859, 21.50000000000001066, 9.086029328142549488 ) ) ;
#1014 = CARTESIAN_POINT ( 'NONE',  ( -0.6616347873867772789, 22.00000000000001066, 8.605182985764507464 ) ) ;
#1015 =( BOUNDED_CURVE ( )  B_SPLINE_CURVE ( 3, ( #865, #389, #416, #1439 ),
 .UNSPECIFIED., .F., .F. ) 
 B_SPLINE_CURVE_WITH_KNOTS ( ( 4, 4 ),
 ( 1.570796326794895892, 4.712388980384690562 ),
 .UNSPECIFIED. ) 
 CURVE ( )  GEOMETRIC_REPRESENTATION_ITEM ( )  RATIONAL_B_SPLINE_CURVE ( ( 1.000000000000000000, 0.3333333333333327597, 0.3333333333333327597, 1.000000000000000000 ) ) 
 REPRESENTATION_ITEM ( '' )  );
#1016 = CARTESIAN_POINT ( 'NONE',  ( -0.9922057638622738818, 21.50000000000000355, 8.855790394378871611 ) ) ;
#1017 = EDGE_CURVE ( 'NONE', #503, #812, #694, .T. ) ;
#1018 = EDGE_CURVE ( 'NONE', #1075, #568, #80, .T. ) ;
#1019 = CARTESIAN_POINT ( 'NONE',  ( -0.7012481435247747141, 21.99999999999999645, 9.217103931681002393 ) ) ;
#1020 = CARTESIAN_POINT ( 'NONE',  ( -0.5000000000000031086, 22.64999999999692903, 7.683974596215564112 ) ) ;
#1021 = DIRECTION ( 'NONE',  ( -0.000000000000000000, -1.000000000000000000, -0.000000000000000000 ) ) ;
#1022 = DIRECTION ( 'NONE',  ( 0.000000000000000000, 0.000000000000000000, -1.000000000000000000 ) ) ;
#1023 = VERTEX_POINT ( 'NONE', #523 ) ;
#1024 = EDGE_CURVE ( 'NONE', #689, #1186, #857, .T. ) ;
#1025 = VERTEX_POINT ( 'NONE', #1118 ) ;
#1026 = DIRECTION ( 'NONE',  ( 1.000000000000000000, 0.000000000000000000, 0.000000000000000000 ) ) ;
#1027 = CARTESIAN_POINT ( 'NONE',  ( -0.7537774086052893008, 22.00000000000000711, 9.145110344809683767 ) ) ;
#1028 = CARTESIAN_POINT ( 'NONE',  ( -0.8463131437867317253, 21.50000000000000711, 8.857448315621413215 ) ) ;
#1029 = CARTESIAN_POINT ( 'NONE',  ( -0.1827137278001784715, 22.00000000000001066, 8.920102178700599183 ) ) ;
#1030 = DIRECTION ( 'NONE',  ( 0.000000000000000000, 0.000000000000000000, -1.000000000000000000 ) ) ;
#1031 = VERTEX_POINT ( 'NONE', #86 ) ;
#1032 = ORIENTED_EDGE ( 'NONE', *, *, #646, .F. ) ;
#1033 = CARTESIAN_POINT ( 'NONE',  ( -0.5000000000000042188, 22.00000000000000000, -9.416025403784436421 ) ) ;
#1034 = CARTESIAN_POINT ( 'NONE',  ( -0.6696061565704126695, 22.00000000000000355, 9.257917326455832097 ) ) ;
#1035 = EDGE_CURVE ( 'NONE', #935, #699, #540, .T. ) ;
#1036 = CARTESIAN_POINT ( 'NONE',  ( -0.5061363608460627272, 21.50000000000000711, 8.579014141974562691 ) ) ;
#1037 = VECTOR ( 'NONE', #338, 1000.000000000000114 ) ;
#1038 = CARTESIAN_POINT ( 'NONE',  ( -0.1818467499401728860, 22.00000000000000711, 8.947626213715496490 ) ) ;
#1039 = EDGE_LOOP ( 'NONE', ( #127, #1293, #219, #20 ) ) ;
#1040 = ORIENTED_EDGE ( 'NONE', *, *, #1017, .F. ) ;
#1041 = CARTESIAN_POINT ( 'NONE',  ( 10.00000000000000355, 25.49999999999692690, -14.00999999999999979 ) ) ;
#1042 = CARTESIAN_POINT ( 'NONE',  ( -0.8271049961129094408, 22.00000000000000711, 9.013826509039803980 ) ) ;
#1043 = CARTESIAN_POINT ( 'NONE',  ( -0.5716079354504056687, 22.00000000000001066, 8.580226498568295668 ) ) ;
#1044 = ORIENTED_EDGE ( 'NONE', *, *, #740, .T. ) ;
#1045 = ORIENTED_EDGE ( 'NONE', *, *, #1062, .T. ) ;
#1046 = CARTESIAN_POINT ( 'NONE',  ( 1.658783576975712840E-15, 12.49999999999692868, 2.124999999999996891 ) ) ;
#1047 = DIRECTION ( 'NONE',  ( 0.000000000000000000, -1.000000000000000000, 0.000000000000000000 ) ) ;
#1048 = DIRECTION ( 'NONE',  ( 0.9982850402355781805, 0.000000000000000000, 0.05854040008276396867 ) ) ;
#1049 = CARTESIAN_POINT ( 'NONE',  ( 4.330127018922181215, 31.50000000000000000, -2.500000000000022204 ) ) ;
#1050 = ORIENTED_EDGE ( 'NONE', *, *, #1061, .T. ) ;
#1051 = ORIENTED_EDGE ( 'NONE', *, *, #535, .T. ) ;
#1052 = B_SPLINE_CURVE_WITH_KNOTS ( 'NONE', 3,
 ( #253, #160, #388, #1420, #18, #1400, #721, #730, #985, #1081, #1177, #33, #831, #1430, #1091 ),
 .UNSPECIFIED., .F., .F.,
 ( 4, 1, 1, 1, 1, 1, 1, 1, 1, 1, 1, 1, 4 ),
 ( 0.000000000000000000, 0.1101972247629085799, 0.2115727011545640024, 0.3045385223194518320, 0.3891236405421064637, 0.4649643378786477155, 0.5325051496024060249, 0.5914843028095455590, 0.6423643913593256594, 0.7342296679388753411, 0.8232454745404481633, 0.9116922839863542682, 1.000000000000000000 ),
 .UNSPECIFIED. ) ;
#1053 = APPROVAL_STATUS ( 'not_yet_approved' ) ;
#1054 = DIRECTION ( 'NONE',  ( -0.000000000000000000, -1.000000000000000000, -0.000000000000000000 ) ) ;
#1055 = CARTESIAN_POINT ( 'NONE',  ( -0.5230601611090632819, 21.50000000000000355, 8.435690965522946172 ) ) ;
#1056 = AXIS2_PLACEMENT_3D ( 'NONE', #1134, #886, #404 ) ;
#1057 = CARTESIAN_POINT ( 'NONE',  ( -0.2963437145856619437, 21.50000000000000355, 8.663821901805780712 ) ) ;
#1058 = ORIENTED_EDGE ( 'NONE', *, *, #1235, .F. ) ;
#1059 = VECTOR ( 'NONE', #1307, 1000.000000000000000 ) ;
#1060 = CARTESIAN_POINT ( 'NONE',  ( -0.8474799981024192519, 22.00000000000001066, 8.549603731314221022 ) ) ;
#1061 = EDGE_CURVE ( 'NONE', #329, #277, #718, .T. ) ;
#1062 = EDGE_CURVE ( 'NONE', #1482, #171, #304, .T. ) ;
#1063 = CARTESIAN_POINT ( 'NONE',  ( -0.8128524750543354438, 21.50000000000000000, 8.520431595023975291 ) ) ;
#1064 = CARTESIAN_POINT ( 'NONE',  ( -0.9071161394630081753, 22.00000000000000711, 8.615537511909193924 ) ) ;
#1065 = CARTESIAN_POINT ( 'NONE',  ( -0.7262350526783579729, 21.50000000000000000, 9.411693504987887593 ) ) ;
#1066 = CARTESIAN_POINT ( 'NONE',  ( -0.04279045797936539136, 22.00000000000000711, 8.864342671563228748 ) ) ;
#1067 = ORIENTED_EDGE ( 'NONE', *, *, #1126, .T. ) ;
#1068 = CARTESIAN_POINT ( 'NONE',  ( -0.9674862580364965714, 22.00000000000001066, 8.728142302179559664 ) ) ;
#1069 = CARTESIAN_POINT ( 'NONE',  ( -0.1061384930372564206, 22.00000000000000711, 8.677629752874851832 ) ) ;
#1070 = LINE ( 'NONE', #1089, #1407 ) ;
#1071 = CARTESIAN_POINT ( 'NONE',  ( -0.9910042278997749365, 22.00000000000001066, 8.841002474046453230 ) ) ;
#1072 = B_SPLINE_CURVE_WITH_KNOTS ( 'NONE', 3,
 ( #346, #237, #695, #711, #943, #954, #258, #963, #738, #587, #1172, #475, #1078, #30, #1181, #156, #495, #595, #1198 ),
 .UNSPECIFIED., .F., .F.,
 ( 4, 1, 1, 1, 1, 1, 1, 1, 1, 1, 1, 1, 1, 1, 1, 1, 4 ),
 ( 0.000000000000000000, 0.06851222252983678318, 0.1345259281172412058, 0.1985700213252694912, 0.2614279785632046549, 0.3227930735413597207, 0.3841146450844289406, 0.4458875950684443312, 0.5087478481939298192, 0.5714011344952373284, 0.6325117089918178559, 0.6921558605927536911, 0.7519775914555718588, 0.8119871990495529657, 0.8729452614034280966, 0.9354140015415612908, 1.000000000000000000 ),
 .UNSPECIFIED. ) ;
#1073 = CARTESIAN_POINT ( 'NONE',  ( -0.9927939423298658417, 21.50000000000000355, 8.876687337908379050 ) ) ;
#1074 = CARTESIAN_POINT ( 'NONE',  ( -0.3479592489215183604, 21.50000000000001421, 8.624827123583472144 ) ) ;
#1075 = VERTEX_POINT ( 'NONE', #679 ) ;
#1076 = CARTESIAN_POINT ( 'NONE',  ( -0.8789844883067091663, 22.00000000000001421, 8.581601860597356080 ) ) ;
#1077 = CARTESIAN_POINT ( 'NONE',  ( 4.330127018922181215, 13.79903810567358136, -4.600000000000022737 ) ) ;
#1078 = CARTESIAN_POINT ( 'NONE',  ( -0.2749280432553232734, 21.50000000000000355, 8.504654280304444924 ) ) ;
#1079 = FACE_OUTER_BOUND ( 'NONE', #925, .T. ) ;
#1080 = ADVANCED_FACE ( 'NONE', ( #469 ), #1166, .F. ) ;
#1081 = CARTESIAN_POINT ( 'NONE',  ( -0.8097686608962775257, 21.50000000000000711, 9.053224663537104533 ) ) ;
#1082 = CARTESIAN_POINT ( 'NONE',  ( -0.1827137278001784715, 21.50000000000000711, 8.920102178700599183 ) ) ;
#1083 = ADVANCED_FACE ( 'NONE', ( #790 ), #580, .F. ) ;
#1084 = ORIENTED_EDGE ( 'NONE', *, *, #671, .F. ) ;
#1085 = CARTESIAN_POINT ( 'NONE',  ( -0.6942957835323925186, 22.00000000000000355, 8.458109970489497087 ) ) ;
#1086 = CALENDAR_DATE ( 2026, 26, 8 ) ;
#1087 = VECTOR ( 'NONE', #853, 1000.000000000000000 ) ;
#1088 = PLANE ( 'NONE',  #279 ) ;
#1089 = CARTESIAN_POINT ( 'NONE',  ( -1.066915291442963820, 22.00000000000000000, 9.793927037486881204 ) ) ;
#1090 = CARTESIAN_POINT ( 'NONE',  ( -10.00000000000000000, 15.49999999999692690, -14.00999999999999979 ) ) ;
#1091 = CARTESIAN_POINT ( 'NONE',  ( -0.8471848326747593028, 21.50000000000000355, 8.867736582670350032 ) ) ;
#1092 = DIRECTION ( 'NONE',  ( 0.000000000000000000, 0.000000000000000000, -1.000000000000000000 ) ) ;
#1093 = ORIENTED_EDGE ( 'NONE', *, *, #783, .T. ) ;
#1094 = FACE_OUTER_BOUND ( 'NONE', #700, .T. ) ;
#1095 = EDGE_LOOP ( 'NONE', ( #767, #1466, #137, #1381 ) ) ;
#1096 = DIRECTION ( 'NONE',  ( -0.05681657613339509416, 0.000000000000000000, 0.9983846336339907701 ) ) ;
#1097 = DIRECTION ( 'NONE',  ( -0.2873478855663453291, -0.9578262852211514300, 0.000000000000000000 ) ) ;
#1098 = CARTESIAN_POINT ( 'NONE',  ( -0.9294346961195738555, 21.50000000000000711, 9.128461095322673913 ) ) ;
#1099 = CARTESIAN_POINT ( 'NONE',  ( -0.8445917744499257251, 21.50000000000000711, 8.837131540140907404 ) ) ;
#1100 = ORIENTED_EDGE ( 'NONE', *, *, #1133, .T. ) ;
#1101 = VECTOR ( 'NONE', #1010, 1000.000000000000000 ) ;
#1102 = CARTESIAN_POINT ( 'NONE',  ( -0.1330680421939154645, 22.00000000000001421, 8.636545442737892486 ) ) ;
#1103 = DIRECTION ( 'NONE',  ( 0.000000000000000000, -1.000000000000000000, -0.000000000000000000 ) ) ;
#1104 = CARTESIAN_POINT ( 'NONE',  ( -0.7919006981804009859, 22.00000000000001776, 9.086029328142549488 ) ) ;
#1105 = CARTESIAN_POINT ( 'NONE',  ( -0.03838912916027197031, 21.50000000000000355, 8.970125729561777561 ) ) ;
#1106 = PERSON_AND_ORGANIZATION ( #460, #1190 ) ;
#1107 = CARTESIAN_POINT ( 'NONE',  ( -0.9852439838965943997, 22.00000000000000711, 8.979734092529541911 ) ) ;
#1108 = AXIS2_PLACEMENT_3D ( 'NONE', #1090, #1097, #984 ) ;
#1109 = VECTOR ( 'NONE', #447, 1000.000000000000000 ) ;
#1110 = CARTESIAN_POINT ( 'NONE',  ( -0.7262350526783579729, 21.50000000000000000, 9.411693504987887593 ) ) ;
#1111 = CARTESIAN_POINT ( 'NONE',  ( 4.330127018922181215, 23.79903810567358136, -0.4000000000000214495 ) ) ;
#1112 = LINE ( 'NONE', #1438, #541 ) ;
#1113 = CARTESIAN_POINT ( 'NONE',  ( -0.06190309991342037022, 21.50000000000000000, 9.996464642123122246 ) ) ;
#1114 = CARTESIAN_POINT ( 'NONE',  ( -0.9498517861734244727, 21.50000000000000000, 9.088704071772049531 ) ) ;
#1115 = ORIENTED_EDGE ( 'NONE', *, *, #519, .T. ) ;
#1116 = CARTESIAN_POINT ( 'NONE',  ( 0.000000000000000000, 22.00000000000000000, 0.000000000000000000 ) ) ;
#1117 = CARTESIAN_POINT ( 'NONE',  ( -8.530127018922181392, 15.05903810567358292, -0.4000000000000190070 ) ) ;
#1118 = CARTESIAN_POINT ( 'NONE',  ( -1.066915291442963820, 21.50000000000000000, 9.793927037486881204 ) ) ;
#1119 = LINE ( 'NONE', #1113, #1132 ) ;
#1120 = DIRECTION ( 'NONE',  ( 0.6362169680742232325, -6.342611393580462627E-15, 0.7715101875765755235 ) ) ;
#1121 =( BOUNDED_CURVE ( )  B_SPLINE_CURVE ( 3, ( #352, #603, #814, #1282 ),
 .UNSPECIFIED., .F., .T. ) 
 B_SPLINE_CURVE_WITH_KNOTS ( ( 4, 4 ),
 ( 1.570796326794896558, 4.712388980384689674 ),
 .UNSPECIFIED. ) 
 CURVE ( )  GEOMETRIC_REPRESENTATION_ITEM ( )  RATIONAL_B_SPLINE_CURVE ( ( 1.000000000000000000, 0.3333333333333333703, 0.3333333333333333703, 1.000000000000000000 ) ) 
 REPRESENTATION_ITEM ( '' )  );
#1122 = CARTESIAN_POINT ( 'NONE',  ( -0.5716079354504056687, 22.00000000000001066, 8.580226498568295668 ) ) ;
#1123 = FACE_OUTER_BOUND ( 'NONE', #1039, .T. ) ;
#1124 = CARTESIAN_POINT ( 'NONE',  ( -0.8475373018464923414, 22.00000000000000711, 8.884108578471858308 ) ) ;
#1125 = CARTESIAN_POINT ( 'NONE',  ( -0.2055197729323702538, 22.00000000000000355, 8.806942456752043569 ) ) ;
#1126 = EDGE_CURVE ( 'NONE', #1150, #824, #795, .T. ) ;
#1127 = EDGE_CURVE ( 'NONE', #577, #498, #126, .T. ) ;
#1128 = DIRECTION ( 'NONE',  ( -0.7715101875765755235, 0.000000000000000000, 0.6362169680742232325 ) ) ;
#1129 = AXIS2_PLACEMENT_3D ( 'NONE', #1270, #1154, #686 ) ;
#1130 = DIRECTION ( 'NONE',  ( 0.000000000000000000, -1.000000000000000000, 0.000000000000000000 ) ) ;
#1131 = DIRECTION ( 'NONE',  ( -0.9983353679019163485, 0.000000000000000000, -0.05767575917268118191 ) ) ;
#1132 = VECTOR ( 'NONE', #993, 1000.000000000000000 ) ;
#1133 = EDGE_CURVE ( 'NONE', #1361, #45, #210, .T. ) ;
#1134 = CARTESIAN_POINT ( 'NONE',  ( -4.330127018922182103, 31.50000000000000000, -2.500000000000019540 ) ) ;
#1135 = CARTESIAN_POINT ( 'NONE',  ( -0.7641439771898580480, 22.00000000000001421, 8.678015961971446757 ) ) ;
#1136 = ORIENTED_EDGE ( 'NONE', *, *, #582, .F. ) ;
#1137 = VERTEX_POINT ( 'NONE', #445 ) ;
#1138 = B_SPLINE_CURVE_WITH_KNOTS ( 'NONE', 3,
 ( #698, #957, #598, #371, #938, #583, #1074, #489, #1057, #26, #150, #1394, #1409, #832, #1298, #261, #1082, #356, #816 ),
 .UNSPECIFIED., .F., .F.,
 ( 4, 1, 1, 1, 1, 1, 1, 1, 1, 1, 1, 1, 1, 1, 1, 1, 4 ),
 ( 0.000000000000000000, 0.06291169735610829816, 0.1232794764448290475, 0.1822350190817930427, 0.2397637563910897107, 0.2974705822582733861, 0.3544617149949730872, 0.4123186108776931147, 0.4719347745802455751, 0.5320001488662353673, 0.5923727158186335995, 0.6544029974541868411, 0.7181295259086672989, 0.7839269681695646419, 0.8522755723389509042, 0.9242535377132443664, 1.000000000000000000 ),
 .UNSPECIFIED. ) ;
#1139 = DIRECTION ( 'NONE',  ( 0.2873478855663453291, -0.9578262852211514300, 0.000000000000000000 ) ) ;
#1140 = DIRECTION ( 'NONE',  ( 0.000000000000000000, 0.000000000000000000, -1.000000000000000000 ) ) ;
#1141 = CARTESIAN_POINT ( 'NONE',  ( -0.5716079354504056687, 21.50000000000000711, 8.580226498568295668 ) ) ;
#1142 = ORIENTED_EDGE ( 'NONE', *, *, #626, .F. ) ;
#1143 = AXIS2_PLACEMENT_3D ( 'NONE', #658, #302, #286 ) ;
#1144 = EDGE_LOOP ( 'NONE', ( #550, #819, #1474, #1489, #1425, #1212, #1267, #1308 ) ) ;
#1145 = CARTESIAN_POINT ( 'NONE',  ( -0.5062457951068909390, 21.50000000000000711, 8.436227632006149335 ) ) ;
#1146 = DIRECTION ( 'NONE',  ( 0.000000000000000000, 0.000000000000000000, 1.000000000000000000 ) ) ;
#1147 = CARTESIAN_POINT ( 'NONE',  ( -0.5000000000000041078, 18.00000000000000000, -7.683974596215563224 ) ) ;
#1148 = DIRECTION ( 'NONE',  ( -0.9983353679019163485, 0.000000000000000000, -0.05767575917268118191 ) ) ;
#1149 = ORIENTED_EDGE ( 'NONE', *, *, #419, .F. ) ;
#1150 = VERTEX_POINT ( 'NONE', #1147 ) ;
#1151 =( LENGTH_UNIT ( ) NAMED_UNIT ( * ) SI_UNIT ( .MILLI., .METRE. ) );
#1152 = CARTESIAN_POINT ( 'NONE',  ( 4.330127018922181215, 31.50000000000000000, -4.600000000000022737 ) ) ;
#1153 = B_SPLINE_CURVE_WITH_KNOTS ( 'NONE', 3,
 ( #1486, #327, #776, #1366, #924, #680, #668, #1379, #803, #553, #1359, #1354, #1265, #1125, #202, #662, #1029, #1038, #81 ),
 .UNSPECIFIED., .F., .F.,
 ( 4, 1, 1, 1, 1, 1, 1, 1, 1, 1, 1, 1, 1, 1, 1, 1, 4 ),
 ( 0.000000000000000000, 0.06291169735610829816, 0.1232794764448290475, 0.1822350190817930427, 0.2397637563910897107, 0.2974705822582733861, 0.3544617149949730872, 0.4123186108776931147, 0.4719347745802455751, 0.5320001488662353673, 0.5923727158186335995, 0.6544029974541868411, 0.7181295259086672989, 0.7839269681695646419, 0.8522755723389509042, 0.9242535377132443664, 1.000000000000000000 ),
 .UNSPECIFIED. ) ;
#1154 = DIRECTION ( 'NONE',  ( -0.9983846336339908811, 0.000000000000000000, -0.05681657613339510110 ) ) ;
#1155 = CARTESIAN_POINT ( 'NONE',  ( -0.6894734469468026816, 22.00000000000001066, 8.619113413392019751 ) ) ;
#1156 = CARTESIAN_POINT ( 'NONE',  ( -0.03819063173713455051, 22.00000000000000000, 8.952053641009051432 ) ) ;
#1157 = EDGE_LOOP ( 'NONE', ( #1286, #363, #594, #1390, #1449, #357 ) ) ;
#1158 = ORIENTED_EDGE ( 'NONE', *, *, #337, .T. ) ;
#1159 = CARTESIAN_POINT ( 'NONE',  ( 1.658783576975712840E-15, 12.49999999999692868, 2.899999999999987477 ) ) ;
#1160 = DIRECTION ( 'NONE',  ( -0.000000000000000000, -1.000000000000000000, -0.000000000000000000 ) ) ;
#1161 = ORIENTED_EDGE ( 'NONE', *, *, #110, .T. ) ;
#1162 = VERTEX_POINT ( 'NONE', #458 ) ;
#1163 =( BOUNDED_CURVE ( )  B_SPLINE_CURVE ( 3, ( #1007, #640, #1445, #1316 ),
 .UNSPECIFIED., .F., .T. ) 
 B_SPLINE_CURVE_WITH_KNOTS ( ( 4, 4 ),
 ( 1.570796326794896558, 4.712388980384689674 ),
 .UNSPECIFIED. ) 
 CURVE ( )  GEOMETRIC_REPRESENTATION_ITEM ( )  RATIONAL_B_SPLINE_CURVE ( ( 1.000000000000000000, 0.3333333333333333703, 0.3333333333333333703, 1.000000000000000000 ) ) 
 REPRESENTATION_ITEM ( '' )  );
#1164 = CARTESIAN_POINT ( 'NONE',  ( 1.658783576975712840E-15, 12.49999999999692868, 7.099999999999989875 ) ) ;
#1165 = CC_DESIGN_APPROVAL ( #163, ( #422 ) ) ;
#1166 = CYLINDRICAL_SURFACE ( 'NONE', #464, 2.100000000000000089 ) ;
#1167 = CARTESIAN_POINT ( 'NONE',  ( -0.5000000000000042188, 30.75000000000000000, -0.8660254037844361541 ) ) ;
#1168 = EDGE_CURVE ( 'NONE', #1025, #1415, #559, .T. ) ;
#1169 = VERTEX_POINT ( 'NONE', #452 ) ;
#1170 = EDGE_CURVE ( 'NONE', #723, #208, #802, .T. ) ;
#1171 = EDGE_LOOP ( 'NONE', ( #1100, #484, #1255, #27 ) ) ;
#1172 = CARTESIAN_POINT ( 'NONE',  ( -0.1985647594627946433, 21.50000000000000355, 8.562817743918595070 ) ) ;
#1173 = CARTESIAN_POINT ( 'NONE',  ( -0.8789844883067091663, 21.50000000000001066, 8.581601860597356080 ) ) ;
#1174 = EDGE_CURVE ( 'NONE', #462, #1481, #1072, .T. ) ;
#1175 = B_SPLINE_SURFACE_WITH_KNOTS ( 'NONE', 3, 1, ( 
 ( #1297, #260 ),
 ( #271, #1200 ),
 ( #280, #741 ),
 ( #660, #1006 ),
 ( #770, #992 ),
 ( #201, #1349 ),
 ( #415, #529 ),
 ( #1334, #1239 ),
 ( #1013, #1104 ),
 ( #297, #305 ),
 ( #764, #750 ),
 ( #1226, #292 ),
 ( #196, #1232 ),
 ( #654, #1124 ),
 ( #1341, #1246 ) ),
 .UNSPECIFIED., .F., .F., .F.,
 ( 4, 1, 1, 1, 1, 1, 1, 1, 1, 1, 1, 1, 4 ),
 ( 2, 2 ),
 ( 0.000000000000000000, 0.1101972247629085799, 0.2115727011545640024, 0.3045385223194518320, 0.3891236405421064637, 0.4649643378786477155, 0.5325051496024060249, 0.5914843028095455590, 0.6423643913593256594, 0.7342296679388753411, 0.8232454745404481633, 0.9116922839863542682, 1.000000000000000000 ),
 ( 0.000000000000000000, 1.000000000000000000 ),
 .UNSPECIFIED. ) ;
#1176 = AXIS2_PLACEMENT_3D ( 'NONE', #493, #727, #399 ) ;
#1177 = CARTESIAN_POINT ( 'NONE',  ( -0.8271049961129094408, 21.50000000000000355, 9.013826509039803980 ) ) ;
#1178 = CARTESIAN_POINT ( 'NONE',  ( -0.4558859864489199776, 22.00000000000001066, 8.440589483573942786 ) ) ;
#1179 = ORIENTED_EDGE ( 'NONE', *, *, #1235, .T. ) ;
#1180 = CARTESIAN_POINT ( 'NONE',  ( -1.075106877196637889, 21.50000000000000000, 9.937870124137544892 ) ) ;
#1181 = CARTESIAN_POINT ( 'NONE',  ( -0.3606873263274681385, 21.50000000000000355, 8.463763010497151740 ) ) ;
#1182 = CARTESIAN_POINT ( 'NONE',  ( -0.9071161394630081753, 21.50000000000000355, 8.615537511909193924 ) ) ;
#1183 = DIRECTION ( 'NONE',  ( 0.000000000000000000, -0.000000000000000000, 1.000000000000000000 ) ) ;
#1184 = CARTESIAN_POINT ( 'NONE',  ( -0.1061384930372564206, 22.00000000000000711, 8.677629752874851832 ) ) ;
#1185 = ORIENTED_EDGE ( 'NONE', *, *, #787, .T. ) ;
#1186 = VERTEX_POINT ( 'NONE', #1406 ) ;
#1187 = CARTESIAN_POINT ( 'NONE',  ( 0.1301270189221805096, 12.53903810567358157, -0.4000000000000207834 ) ) ;
#1188 = EDGE_CURVE ( 'NONE', #1481, #1137, #233, .T. ) ;
#1189 = ADVANCED_FACE ( 'NONE', ( #820 ), #728, .T. ) ;
#1190 = ORGANIZATION ( 'UNSPECIFIED', 'UNSPECIFIED', '' ) ;
#1191 = LINE ( 'NONE', #24, #1345 ) ;
#1192 = CARTESIAN_POINT ( 'NONE',  ( 0.000000000000000000, 50.28427124746190202, 0.000000000000000000 ) ) ;
#1193 = LINE ( 'NONE', #243, #11 ) ;
#1194 = ORIENTED_EDGE ( 'NONE', *, *, #1446, .T. ) ;
#1195 = ORIENTED_EDGE ( 'NONE', *, *, #646, .T. ) ;
#1196 = PERSON_AND_ORGANIZATION ( #460, #1190 ) ;
#1197 = CARTESIAN_POINT ( 'NONE',  ( -0.3164698486581878911, 21.50000000000000711, 8.481811634075734574 ) ) ;
#1198 = CARTESIAN_POINT ( 'NONE',  ( -0.5062457951068909390, 21.50000000000000711, 8.436227632006149335 ) ) ;
#1199 = CARTESIAN_POINT ( 'NONE',  ( -0.1953360514863071995, 21.50000000000001066, 8.842417004041720929 ) ) ;
#1200 = CARTESIAN_POINT ( 'NONE',  ( -0.6093928189683284202, 22.00000000000000355, 9.332108508552229509 ) ) ;
#1201 = CARTESIAN_POINT ( 'NONE',  ( -0.3782205072971958626, 21.50000000000000000, 9.833714263093591867 ) ) ;
#1202 = ORIENTED_EDGE ( 'NONE', *, *, #1426, .F. ) ;
#1203 = AXIS2_PLACEMENT_3D ( 'NONE', #278, #1103, #1340 ) ;
#1204 = LINE ( 'NONE', #573, #934 ) ;
#1205 = AXIS2_PLACEMENT_3D ( 'NONE', #1049, #319, #1022 ) ;
#1206 = CARTESIAN_POINT ( 'NONE',  ( -0.2354845915604417417, 22.00000000000001421, 8.531454219344183798 ) ) ;
#1207 = ORIENTED_EDGE ( 'NONE', *, *, #419, .T. ) ;
#1208 = CARTESIAN_POINT ( 'NONE',  ( -0.8474799981024192519, 21.50000000000000711, 8.549603731314221022 ) ) ;
#1209 = CARTESIAN_POINT ( 'NONE',  ( -0.1880384891079065479, 21.50000000000000000, 8.880148377885150879 ) ) ;
#1210 = CYLINDRICAL_SURFACE ( 'NONE', #129, 10.00000000000000000 ) ;
#1211 = CARTESIAN_POINT ( 'NONE',  ( -0.8173187830735308967, 22.00000000000000711, 8.751755964000743404 ) ) ;
#1212 = ORIENTED_EDGE ( 'NONE', *, *, #204, .F. ) ;
#1213 = COORDINATED_UNIVERSAL_TIME_OFFSET ( 5, 0, .BEHIND. ) ;
#1214 = CARTESIAN_POINT ( 'NONE',  ( 0.2499999999999958922, 22.00000000000000000, 0.000000000000000000 ) ) ;
#1215 = CARTESIAN_POINT ( 'NONE',  ( -0.06190309991342037022, 21.50000000000000000, 9.996464642123122246 ) ) ;
#1216 = FACE_OUTER_BOUND ( 'NONE', #987, .T. ) ;
#1217 = CARTESIAN_POINT ( 'NONE',  ( -17.60000000000000142, 27.77999999999692804, 7.683974596215565889 ) ) ;
#1218 = CARTESIAN_POINT ( 'NONE',  ( -0.7262350526783579729, 22.00000000000000355, 9.411693504987887593 ) ) ;
#1219 = EDGE_CURVE ( 'NONE', #134, #1361, #1070, .T. ) ;
#1220 = CARTESIAN_POINT ( 'NONE',  ( -0.9939612632670542514, 22.00000000000002132, 8.918160191896225442 ) ) ;
#1221 = EDGE_CURVE ( 'NONE', #699, #689, #968, .T. ) ;
#1222 =( BOUNDED_CURVE ( )  B_SPLINE_CURVE ( 3, ( #401, #877, #1244, #983 ),
 .UNSPECIFIED., .F., .T. ) 
 B_SPLINE_CURVE_WITH_KNOTS ( ( 4, 4 ),
 ( 1.570796326794896558, 4.712388980384689674 ),
 .UNSPECIFIED. ) 
 CURVE ( )  GEOMETRIC_REPRESENTATION_ITEM ( )  RATIONAL_B_SPLINE_CURVE ( ( 1.000000000000000000, 0.3333333333333333703, 0.3333333333333333703, 1.000000000000000000 ) ) 
 REPRESENTATION_ITEM ( '' )  );
#1223 = ADVANCED_FACE ( 'NONE', ( #147 ), #41, .F. ) ;
#1224 = DIRECTION ( 'NONE',  ( 0.000000000000000000, -1.000000000000000000, -0.000000000000000000 ) ) ;
#1225 = CARTESIAN_POINT ( 'NONE',  ( -0.2340864432727283451, 21.50000000000000355, 8.742629825579141922 ) ) ;
#1226 = CARTESIAN_POINT ( 'NONE',  ( -0.8406885603924720840, 21.50000000000000000, 8.965729988693345476 ) ) ;
#1227 = CARTESIAN_POINT ( 'NONE',  ( -0.1665001676616102710, 22.54995005029541133, -9.411146543901944383 ) ) ;
#1228 = CARTESIAN_POINT ( 'NONE',  ( 1.658783576975712840E-15, 12.49999999999692868, 9.401392999851985621 ) ) ;
#1229 = CIRCLE ( 'NONE', #32, 8.550000000000000711 ) ;
#1230 = CARTESIAN_POINT ( 'NONE',  ( 1.658783576975712840E-15, 12.49999999999692868, -7.669342192283121307 ) ) ;
#1231 = CARTESIAN_POINT ( 'NONE',  ( -0.1814022025703429242, 21.50000000000000355, 8.961739304645988113 ) ) ;
#1232 = CARTESIAN_POINT ( 'NONE',  ( -0.8482427953639466445, 22.00000000000001066, 8.916878357595967586 ) ) ;
#1233 = CARTESIAN_POINT ( 'NONE',  ( -0.8292720662697041778, 21.50000000000000355, 8.778985600773570042 ) ) ;
#1234 = CARTESIAN_POINT ( 'NONE',  ( -0.9498517861734244727, 22.00000000000001421, 9.088704071772049531 ) ) ;
#1235 = EDGE_CURVE ( 'NONE', #689, #563, #251, .T. ) ;
#1236 = CARTESIAN_POINT ( 'NONE',  ( -0.6027334404712575422, 22.00000000000001066, 8.585850443287890599 ) ) ;
#1237 = DIRECTION ( 'NONE',  ( 0.000000000000000000, 0.000000000000000000, 1.000000000000000000 ) ) ;
#1238 = EDGE_CURVE ( 'NONE', #812, #503, #1121, .T. ) ;
#1239 = CARTESIAN_POINT ( 'NONE',  ( -0.7747753997911779322, 22.00000000000000711, 9.114072734427448808 ) ) ;
#1240 = PLANE ( 'NONE',  #344 ) ;
#1241 =( GEOMETRIC_REPRESENTATION_CONTEXT ( 3 ) GLOBAL_UNCERTAINTY_ASSIGNED_CONTEXT ( ( #874 ) ) GLOBAL_UNIT_ASSIGNED_CONTEXT ( ( #1151, #331, #1376 ) ) REPRESENTATION_CONTEXT ( 'NONE', 'WORKASPACE' ) );
#1242 = CARTESIAN_POINT ( 'NONE',  ( -0.9294346961195738555, 22.00000000000002132, 9.128461095322673913 ) ) ;
#1243 = ADVANCED_FACE ( 'NONE', ( #167 ), #702, .F. ) ;
#1244 = CARTESIAN_POINT ( 'NONE',  ( -8.530127018922181392, 25.05903810567359002, -4.600000000000019185 ) ) ;
#1245 = CARTESIAN_POINT ( 'NONE',  ( -0.7747753997911779322, 22.00000000000000355, 9.114072734427448808 ) ) ;
#1246 = CARTESIAN_POINT ( 'NONE',  ( -0.8471848326747593028, 22.00000000000001066, 8.867736582670350032 ) ) ;
#1247 = CARTESIAN_POINT ( 'NONE',  ( -0.5173071951911863975, 22.00000000000001421, 8.578625652536949531 ) ) ;
#1248 = CARTESIAN_POINT ( 'NONE',  ( 1.951563910473907981E-15, 22.49999999999693046, -9.401392999851994503 ) ) ;
#1249 = CARTESIAN_POINT ( 'NONE',  ( 1.951563910473907981E-15, 22.49999999999693046, -14.00999999999999979 ) ) ;
#1250 = AXIS2_PLACEMENT_3D ( 'NONE', #1167, #944, #1399 ) ;
#1251 = CARTESIAN_POINT ( 'NONE',  ( -4.200000000000006395, 13.75999999999693557, 2.899999999999997247 ) ) ;
#1252 = CARTESIAN_POINT ( 'NONE',  ( -4.330127018922182103, 23.79903810567358136, -4.600000000000020073 ) ) ;
#1253 = CARTESIAN_POINT ( 'NONE',  ( 0.000000000000000000, 31.50000000000000000, 5.000000000000000000 ) ) ;
#1254 = CARTESIAN_POINT ( 'NONE',  ( -0.7850757115150139853, 21.50000000000001066, 8.701038152772170520 ) ) ;
#1255 = ORIENTED_EDGE ( 'NONE', *, *, #740, .F. ) ;
#1256 = ORIENTED_EDGE ( 'NONE', *, *, #113, .T. ) ;
#1257 = LINE ( 'NONE', #457, #511 ) ;
#1258 = CYLINDRICAL_SURFACE ( 'NONE', #321, 2.100000000000000089 ) ;
#1259 = CARTESIAN_POINT ( 'NONE',  ( 4.199999999999994849, 13.75999999999692314, 2.900000000000004352 ) ) ;
#1260 = CARTESIAN_POINT ( 'NONE',  ( -0.6027334404712575422, 22.00000000000001066, 8.585850443287890599 ) ) ;
#1261 = ORIENTED_EDGE ( 'NONE', *, *, #161, .F. ) ;
#1262 = ORIENTED_EDGE ( 'NONE', *, *, #376, .T. ) ;
#1263 = EDGE_CURVE ( 'NONE', #364, #1360, #846, .T. ) ;
#1264 = CARTESIAN_POINT ( 'NONE',  ( -0.7850757115150139853, 21.50000000000001066, 8.701038152772170520 ) ) ;
#1265 = CARTESIAN_POINT ( 'NONE',  ( -0.2181532451475196588, 22.00000000000001066, 8.773501687348710831 ) ) ;
#1266 = DIRECTION ( 'NONE',  ( -0.000000000000000000, -1.000000000000000000, -0.000000000000000000 ) ) ;
#1267 = ORIENTED_EDGE ( 'NONE', *, *, #1024, .F. ) ;
#1268 = ORIENTED_EDGE ( 'NONE', *, *, #1327, .T. ) ;
#1269 = CARTESIAN_POINT ( 'NONE',  ( 4.249999999999999112, 13.77499999999693259, 2.124999999999999112 ) ) ;
#1270 = CARTESIAN_POINT ( 'NONE',  ( -1.066915291442963820, 21.50000000000000000, 9.793927037486881204 ) ) ;
#1271 = VECTOR ( 'NONE', #645, 1000.000000000000114 ) ;
#1272 = CARTESIAN_POINT ( 'NONE',  ( -0.6616347873867772789, 21.50000000000000711, 8.605182985764507464 ) ) ;
#1273 = ORIENTED_EDGE ( 'NONE', *, *, #1127, .T. ) ;
#1274 = ORIENTED_EDGE ( 'NONE', *, *, #1133, .F. ) ;
#1275 = CARTESIAN_POINT ( 'NONE',  ( -0.5062457951068909390, 22.00000000000001066, 8.436227632006149335 ) ) ;
#1276 = EDGE_CURVE ( 'NONE', #98, #366, #1009, .T. ) ;
#1277 = CARTESIAN_POINT ( 'NONE',  ( -0.7648990635765979818, 22.00000000000000711, 9.364259496092177670 ) ) ;
#1278 = CARTESIAN_POINT ( 'NONE',  ( -0.5230601611090632819, 22.00000000000000711, 8.435690965522946172 ) ) ;
#1279 = ADVANCED_FACE ( 'NONE', ( #1450 ), #78, .F. ) ;
#1280 = ORIENTED_EDGE ( 'NONE', *, *, #46, .T. ) ;
#1281 = AXIS2_PLACEMENT_3D ( 'NONE', #116, #228, #570 ) ;
#1282 = CARTESIAN_POINT ( 'NONE',  ( 4.330127018922181215, 23.79903810567358136, -0.4000000000000214495 ) ) ;
#1283 = CARTESIAN_POINT ( 'NONE',  ( -0.1814022025703429242, 21.50000000000000355, 8.961739304645988113 ) ) ;
#1284 = EDGE_LOOP ( 'NONE', ( #22, #901 ) ) ;
#1285 = CARTESIAN_POINT ( 'NONE',  ( -0.4892737328286221321, 21.50000000000001066, 8.437697645861046425 ) ) ;
#1286 = ORIENTED_EDGE ( 'NONE', *, *, #311, .F. ) ;
#1287 = CARTESIAN_POINT ( 'NONE',  ( -0.3332143967457694700, 22.59996431902066050, 7.683974596215564112 ) ) ;
#1288 = CARTESIAN_POINT ( 'NONE',  ( -0.5559837006473428156, 22.00000000000000711, 8.434640140283603316 ) ) ;
#1289 = VECTOR ( 'NONE', #1120, 1000.000000000000000 ) ;
#1290 = CARTESIAN_POINT ( 'NONE',  ( -0.9104941165573743334, 21.50000000000000355, 9.161061456290291005 ) ) ;
#1291 = DIRECTION ( 'NONE',  ( -0.000000000000000000, 1.000000000000000000, -0.000000000000000000 ) ) ;
#1292 = ORIENTED_EDGE ( 'NONE', *, *, #536, .F. ) ;
#1293 = ORIENTED_EDGE ( 'NONE', *, *, #1238, .F. ) ;
#1294 = CARTESIAN_POINT ( 'NONE',  ( -0.04279045797936539136, 21.50000000000000355, 8.864342671563228748 ) ) ;
#1295 = CARTESIAN_POINT ( 'NONE',  ( -0.9886296847990125869, 21.50000000000000355, 8.811777752277054176 ) ) ;
#1296 = PLANE ( 'NONE',  #989 ) ;
#1297 = CARTESIAN_POINT ( 'NONE',  ( -0.5963300186945119652, 21.50000000000000000, 9.347780744165259392 ) ) ;
#1298 = CARTESIAN_POINT ( 'NONE',  ( -0.1953360514863071995, 21.50000000000001066, 8.842417004041720929 ) ) ;
#1299 = ORIENTED_EDGE ( 'NONE', *, *, #623, .T. ) ;
#1300 = VERTEX_POINT ( 'NONE', #1004 ) ;
#1301 = APPROVAL_DATE_TIME ( #858, #163 ) ;
#1302 = CARTESIAN_POINT ( 'NONE',  ( 4.199999999999994849, 23.75999999999692491, 7.099999999999996980 ) ) ;
#1303 = CC_DESIGN_APPROVAL ( #9, ( #73 ) ) ;
#1304 = CARTESIAN_POINT ( 'NONE',  ( -0.6042983942281301424, 21.50000000000001066, 8.438246905072782411 ) ) ;
#1305 = DIRECTION ( 'NONE',  ( 0.000000000000000000, 0.000000000000000000, -1.000000000000000000 ) ) ;
#1306 = CARTESIAN_POINT ( 'NONE',  ( -0.7648990635765979818, 21.50000000000000355, 9.364259496092177670 ) ) ;
#1307 = DIRECTION ( 'NONE',  ( -0.000000000000000000, 1.000000000000000000, -0.000000000000000000 ) ) ;
#1308 = ORIENTED_EDGE ( 'NONE', *, *, #1221, .F. ) ;
#1309 = CARTESIAN_POINT ( 'NONE',  ( 15.25706806282719974, 27.07712041884508380, -8.507637230630246350 ) ) ;
#1310 = DATE_AND_TIME ( #752, #922 ) ;
#1311 = DIRECTION ( 'NONE',  ( -0.000000000000000000, 1.000000000000000000, 0.000000000000000000 ) ) ;
#1312 = CARTESIAN_POINT ( 'NONE',  ( -0.5000000000000031086, 30.75000000000000000, 7.683974596215564112 ) ) ;
#1313 = CARTESIAN_POINT ( 'NONE',  ( -0.1814022025703429242, 21.50000000000000355, 8.961739304645988113 ) ) ;
#1314 =( BOUNDED_CURVE ( )  B_SPLINE_CURVE ( 3, ( #56, #1335, #306, #771 ),
 .UNSPECIFIED., .F., .T. ) 
 B_SPLINE_CURVE_WITH_KNOTS ( ( 4, 4 ),
 ( 1.570796326794895670, 4.712388980384690562 ),
 .UNSPECIFIED. ) 
 CURVE ( )  GEOMETRIC_REPRESENTATION_ITEM ( )  RATIONAL_B_SPLINE_CURVE ( ( 1.000000000000000000, 0.3333333333333327597, 0.3333333333333327597, 1.000000000000000000 ) ) 
 REPRESENTATION_ITEM ( '' )  );
#1315 = DIRECTION ( 'NONE',  ( 0.000000000000000000, 1.000000000000000000, 0.000000000000000000 ) ) ;
#1316 = CARTESIAN_POINT ( 'NONE',  ( 4.330127018922181215, 13.79903810567358136, -0.4000000000000214495 ) ) ;
#1317 = ORIENTED_EDGE ( 'NONE', *, *, #373, .F. ) ;
#1318 = VECTOR ( 'NONE', #1412, 1000.000000000000114 ) ;
#1319 = CALENDAR_DATE ( 2026, 26, 8 ) ;
#1320 = CARTESIAN_POINT ( 'NONE',  ( -0.4070759481479420128, 22.00000000000001421, 8.449830401010174796 ) ) ;
#1321 =( BOUNDED_CURVE ( )  B_SPLINE_CURVE ( 3, ( #1252, #890, #209, #913 ),
 .UNSPECIFIED., .F., .T. ) 
 B_SPLINE_CURVE_WITH_KNOTS ( ( 4, 4 ),
 ( 4.712388980384689674, 7.853981633974482790 ),
 .UNSPECIFIED. ) 
 CURVE ( )  GEOMETRIC_REPRESENTATION_ITEM ( )  RATIONAL_B_SPLINE_CURVE ( ( 1.000000000000000000, 0.3333333333333333703, 0.3333333333333333703, 1.000000000000000000 ) ) 
 REPRESENTATION_ITEM ( '' )  );
#1322 = CARTESIAN_POINT ( 'NONE',  ( -0.7411458748052799361, 22.00000000000000711, 8.656132498217584015 ) ) ;
#1323 = CARTESIAN_POINT ( 'NONE',  ( -0.3213649521250245833, 21.50000000000000711, 8.642997338324445167 ) ) ;
#1324 = EDGE_CURVE ( 'NONE', #1395, #336, #1347, .T. ) ;
#1325 = CARTESIAN_POINT ( 'NONE',  ( -4.250000000000006217, 23.77499999999692548, 2.125000000000003109 ) ) ;
#1326 = FACE_BOUND ( 'NONE', #716, .T. ) ;
#1327 = EDGE_CURVE ( 'NONE', #1374, #277, #1456, .T. ) ;
#1328 = CC_DESIGN_PERSON_AND_ORGANIZATION_ASSIGNMENT ( #121, #180, ( #422 ) ) ;
#1329 = CARTESIAN_POINT ( 'NONE',  ( -4.330127018922182103, 13.79903810567358491, -4.600000000000020073 ) ) ;
#1330 = VERTEX_POINT ( 'NONE', #186 ) ;
#1331 = CARTESIAN_POINT ( 'NONE',  ( -0.5061363608460627272, 22.00000000000001066, 8.579014141974562691 ) ) ;
#1332 = CARTESIAN_POINT ( 'NONE',  ( -0.3213649521250245833, 22.00000000000001066, 8.642997338324445167 ) ) ;
#1333 = EDGE_CURVE ( 'NONE', #935, #498, #629, .T. ) ;
#1334 = CARTESIAN_POINT ( 'NONE',  ( -0.7747753997911779322, 21.50000000000000000, 9.114072734427448808 ) ) ;
#1335 = CARTESIAN_POINT ( 'NONE',  ( -4.200000000000006395, 23.75999999999692847, 7.100000000000004086 ) ) ;
#1336 = PERSON_AND_ORGANIZATION ( #460, #1190 ) ;
#1337 = CARTESIAN_POINT ( 'NONE',  ( -0.8880860353716624189, 22.00000000000001776, 9.196311728425422771 ) ) ;
#1338 = CC_DESIGN_PERSON_AND_ORGANIZATION_ASSIGNMENT ( #500, #835, ( #895 ) ) ;
#1339 = CARTESIAN_POINT ( 'NONE',  ( -0.3332143967457707467, 12.59996431902066050, -7.683974596215563224 ) ) ;
#1340 = DIRECTION ( 'NONE',  ( 0.000000000000000000, 0.000000000000000000, 1.000000000000000000 ) ) ;
#1341 = CARTESIAN_POINT ( 'NONE',  ( -0.8471848326747593028, 21.50000000000000355, 8.867736582670350032 ) ) ;
#1342 = CARTESIAN_POINT ( 'NONE',  ( -0.8463131437867317253, 22.00000000000001066, 8.857448315621413215 ) ) ;
#1343 = CARTESIAN_POINT ( 'NONE',  ( -0.7262350526783579729, 21.50000000000000000, 9.411693504987887593 ) ) ;
#1344 = EDGE_CURVE ( 'NONE', #98, #1002, #990, .T. ) ;
#1345 = VECTOR ( 'NONE', #486, 1000.000000000000000 ) ;
#1346 = EDGE_CURVE ( 'NONE', #1300, #723, #1222, .T. ) ;
#1347 = LINE ( 'NONE', #1215, #1101 ) ;
#1348 = CARTESIAN_POINT ( 'NONE',  ( -0.8475373018464923414, 22.00000000000000355, 8.884108578471858308 ) ) ;
#1349 = CARTESIAN_POINT ( 'NONE',  ( -0.7291848539503842375, 22.00000000000001421, 9.179412970301481067 ) ) ;
#1350 = LINE ( 'NONE', #281, #638 ) ;
#1351 = CARTESIAN_POINT ( 'NONE',  ( -0.7158592051114353039, 22.00000000000001421, 8.636524774284310979 ) ) ;
#1352 = CARTESIAN_POINT ( 'NONE',  ( 1.658783576975712840E-15, 12.49999999999692868, 2.124999999999996891 ) ) ;
#1353 = CARTESIAN_POINT ( 'NONE',  ( 1.951563910473907981E-15, 22.49999999999693046, -14.00999999999999979 ) ) ;
#1354 = CARTESIAN_POINT ( 'NONE',  ( -0.2340864432727283451, 22.00000000000000711, 8.742629825579141922 ) ) ;
#1355 = CARTESIAN_POINT ( 'NONE',  ( -0.9294346961195738555, 21.50000000000000711, 9.128461095322673913 ) ) ;
#1356 = APPLICATION_PROTOCOL_DEFINITION ( 'international standard', 'config_control_design', 1994, #650 ) ;
#1357 = CYLINDRICAL_SURFACE ( 'NONE', #682, 8.550000000000000711 ) ;
#1358 = CARTESIAN_POINT ( 'NONE',  ( 4.330127018922181215, 23.79903810567358136, -4.600000000000022737 ) ) ;
#1359 = CARTESIAN_POINT ( 'NONE',  ( -0.2523635998806414427, 22.00000000000001421, 8.713909629294334991 ) ) ;
#1360 = VERTEX_POINT ( 'NONE', #1331 ) ;
#1361 = VERTEX_POINT ( 'NONE', #532 ) ;
#1362 = CIRCLE ( 'NONE', #1203, 10.00000000000000000 ) ;
#1363 = CARTESIAN_POINT ( 'NONE',  ( 1.658783576975712840E-15, 12.49999999999692868, -14.00999999999999979 ) ) ;
#1364 =( BOUNDED_CURVE ( )  B_SPLINE_CURVE ( 3, ( #1164, #1369, #1251, #545 ),
 .UNSPECIFIED., .F., .F. ) 
 B_SPLINE_CURVE_WITH_KNOTS ( ( 4, 4 ),
 ( 1.570796326794895670, 4.712388980384690562 ),
 .UNSPECIFIED. ) 
 CURVE ( )  GEOMETRIC_REPRESENTATION_ITEM ( )  RATIONAL_B_SPLINE_CURVE ( ( 1.000000000000000000, 0.3333333333333327597, 0.3333333333333327597, 1.000000000000000000 ) ) 
 REPRESENTATION_ITEM ( '' )  );
#1365 = CARTESIAN_POINT ( 'NONE',  ( -0.7394364113448256282, 22.00000000000000355, 9.395497736626740704 ) ) ;
#1366 = CARTESIAN_POINT ( 'NONE',  ( -0.4381093643743572685, 22.00000000000001066, 8.588102039476440908 ) ) ;
#1367 = ORIENTED_EDGE ( 'NONE', *, *, #4, .T. ) ;
#1368 = ORIENTED_EDGE ( 'NONE', *, *, #860, .F. ) ;
#1369 = CARTESIAN_POINT ( 'NONE',  ( -4.200000000000006395, 13.75999999999693557, 7.100000000000004086 ) ) ;
#1370 = CARTESIAN_POINT ( 'NONE',  ( -17.60000000000000142, 17.77999999999693159, -7.683974596215560560 ) ) ;
#1371 = EDGE_CURVE ( 'NONE', #569, #1031, #636, .T. ) ;
#1372 = CARTESIAN_POINT ( 'NONE',  ( -0.8445917744499257251, 21.50000000000000711, 8.837131540140907404 ) ) ;
#1373 = CARTESIAN_POINT ( 'NONE',  ( -0.5963300186945119652, 21.50000000000000000, 9.347780744165259392 ) ) ;
#1374 = VERTEX_POINT ( 'NONE', #1110 ) ;
#1375 = ORIENTED_EDGE ( 'NONE', *, *, #203, .T. ) ;
#1376 =( NAMED_UNIT ( * ) SI_UNIT ( $, .STERADIAN. ) SOLID_ANGLE_UNIT ( ) );
#1377 = CARTESIAN_POINT ( 'NONE',  ( -0.4892737328286221321, 22.00000000000001421, 8.437697645861046425 ) ) ;
#1378 = CARTESIAN_POINT ( 'NONE',  ( -0.7641439771898580480, 21.50000000000001066, 8.678015961971446757 ) ) ;
#1379 = CARTESIAN_POINT ( 'NONE',  ( -0.3213649521250245833, 22.00000000000001066, 8.642997338324445167 ) ) ;
#1380 = ORIENTED_EDGE ( 'NONE', *, *, #919, .T. ) ;
#1381 = ORIENTED_EDGE ( 'NONE', *, *, #979, .T. ) ;
#1382 = EDGE_CURVE ( 'NONE', #1482, #364, #84, .T. ) ;
#1383 = EDGE_CURVE ( 'NONE', #824, #549, #328, .T. ) ;
#1384 = LINE ( 'NONE', #1363, #383 ) ;
#1385 = VECTOR ( 'NONE', #1146, 1000.000000000000000 ) ;
#1386 = B_SPLINE_CURVE_WITH_KNOTS ( 'NONE', 3,
 ( #659, #552, #789, #1034, #1019, #672, #1027, #1245, #332, #109, #1042, #1484, #884, #1348, #79 ),
 .UNSPECIFIED., .F., .F.,
 ( 4, 1, 1, 1, 1, 1, 1, 1, 1, 1, 1, 1, 4 ),
 ( 0.000000000000000000, 0.1101972247629085799, 0.2115727011545640024, 0.3045385223194518320, 0.3891236405421064637, 0.4649643378786477155, 0.5325051496024060249, 0.5914843028095455590, 0.6423643913593256594, 0.7342296679388753411, 0.8232454745404481633, 0.9116922839863542682, 1.000000000000000000 ),
 .UNSPECIFIED. ) ;
#1387 = DIRECTION ( 'NONE',  ( 0.000000000000000000, -1.000000000000000000, 0.000000000000000000 ) ) ;
#1388 = FACE_OUTER_BOUND ( 'NONE', #440, .T. ) ;
#1389 = ORIENTED_EDGE ( 'NONE', *, *, #1018, .T. ) ;
#1390 = ORIENTED_EDGE ( 'NONE', *, *, #487, .F. ) ;
#1391 = CARTESIAN_POINT ( 'NONE',  ( -0.9515428959038434442, 21.50000000000000711, 8.688762659794273091 ) ) ;
#1392 = CARTESIAN_POINT ( 'NONE',  ( -0.9922057638622741038, 22.00000000000001066, 8.855790394378873387 ) ) ;
#1393 = CC_DESIGN_PERSON_AND_ORGANIZATION_ASSIGNMENT ( #960, #745, ( #73 ) ) ;
#1394 = CARTESIAN_POINT ( 'NONE',  ( -0.2340864432727283451, 21.50000000000000355, 8.742629825579141922 ) ) ;
#1395 = VERTEX_POINT ( 'NONE', #996 ) ;
#1396 = CARTESIAN_POINT ( 'NONE',  ( -0.9312775580593052327, 22.00000000000001066, 8.651204260690978032 ) ) ;
#1397 = ORIENTED_EDGE ( 'NONE', *, *, #1174, .T. ) ;
#1398 = CARTESIAN_POINT ( 'NONE',  ( -0.7360517435080601301, 21.50000000000001066, 8.474539232840662351 ) ) ;
#1399 = DIRECTION ( 'NONE',  ( 0.000000000000000000, 0.000000000000000000, -1.000000000000000000 ) ) ;
#1400 = CARTESIAN_POINT ( 'NONE',  ( -0.7291848539503842375, 21.50000000000000711, 9.179412970301481067 ) ) ;
#1401 = CARTESIAN_POINT ( 'NONE',  ( -0.03838912916027197031, 22.00000000000000711, 8.970125729561777561 ) ) ;
#1402 = ORIENTED_EDGE ( 'NONE', *, *, #311, .T. ) ;
#1403 = CARTESIAN_POINT ( 'NONE',  ( -0.6504252382754867057, 22.00000000000001066, 8.445877642579022293 ) ) ;
#1404 = CARTESIAN_POINT ( 'NONE',  ( -0.5062457951068909390, 21.50000000000000711, 8.436227632006149335 ) ) ;
#1405 = VERTEX_POINT ( 'NONE', #1033 ) ;
#1406 = CARTESIAN_POINT ( 'NONE',  ( -0.5000000000000042188, 22.64999999999692903, -9.416025403784436421 ) ) ;
#1407 = VECTOR ( 'NONE', #1096, 1000.000000000000114 ) ;
#1408 = CARTESIAN_POINT ( 'NONE',  ( -0.5000000000000042188, 22.00000000000000000, -0.8660254037844361541 ) ) ;
#1409 = CARTESIAN_POINT ( 'NONE',  ( -0.2181532451475196588, 21.50000000000000711, 8.773501687348710831 ) ) ;
#1410 = ORIENTED_EDGE ( 'NONE', *, *, #1018, .F. ) ;
#1411 = CARTESIAN_POINT ( 'NONE',  ( -0.9910042278997749365, 22.00000000000001066, 8.841002474046453230 ) ) ;
#1412 = DIRECTION ( 'NONE',  ( 0.9983319744605384516, 0.000000000000000000, 0.05773446777898545712 ) ) ;
#1413 = CARTESIAN_POINT ( 'NONE',  ( -0.9798284528245014835, 21.50000000000000711, 8.769128817171017332 ) ) ;
#1414 = CARTESIAN_POINT ( 'NONE',  ( -0.8474799981024192519, 21.50000000000000711, 8.549603731314221022 ) ) ;
#1415 = VERTEX_POINT ( 'NONE', #1 ) ;
#1416 = CARTESIAN_POINT ( 'NONE',  ( 0.000000000000000000, 18.00000000000000000, -10.00000000000000000 ) ) ;
#1417 = CARTESIAN_POINT ( 'NONE',  ( -0.5000000000000031086, 22.64999999999692903, 7.683974596215564112 ) ) ;
#1418 = CARTESIAN_POINT ( 'NONE',  ( -0.1665001676616094106, 22.54995005029541133, 7.679095736333072963 ) ) ;
#1419 = CARTESIAN_POINT ( 'NONE',  ( -0.1953360514863071995, 22.00000000000001421, 8.842417004041720929 ) ) ;
#1420 = CARTESIAN_POINT ( 'NONE',  ( -0.6696061565704126695, 21.50000000000000000, 9.257917326455832097 ) ) ;
#1421 = PLANE ( 'NONE',  #710 ) ;
#1422 = ORIENTED_EDGE ( 'NONE', *, *, #582, .T. ) ;
#1423 = VERTEX_POINT ( 'NONE', #1275 ) ;
#1424 = CARTESIAN_POINT ( 'NONE',  ( -4.330127018922182103, 23.79903810567358136, -4.600000000000020073 ) ) ;
#1425 = ORIENTED_EDGE ( 'NONE', *, *, #143, .F. ) ;
#1426 = EDGE_CURVE ( 'NONE', #171, #1360, #1257, .T. ) ;
#1427 = ADVANCED_FACE ( 'NONE', ( #912, #108 ), #1477, .T. ) ;
#1428 = DIRECTION ( 'NONE',  ( 0.000000000000000000, -1.000000000000000000, 0.000000000000000000 ) ) ;
#1429 = CARTESIAN_POINT ( 'NONE',  ( 1.658783576975712840E-15, 12.49999999999692868, -2.125000000000003553 ) ) ;
#1430 = CARTESIAN_POINT ( 'NONE',  ( -0.8475373018464923414, 21.50000000000000000, 8.884108578471858308 ) ) ;
#1431 = CARTESIAN_POINT ( 'NONE',  ( -0.8023507117828726498, 22.00000000000000355, 8.725933461192221685 ) ) ;
#1432 = ORIENTED_EDGE ( 'NONE', *, *, #1446, .F. ) ;
#1433 = AXIS2_PLACEMENT_3D ( 'NONE', #101, #558, #1237 ) ;
#1434 = CIRCLE ( 'NONE', #159, 8.550000000000000711 ) ;
#1435 = CARTESIAN_POINT ( 'NONE',  ( 4.249999999999994671, 23.77499999999692903, -2.124999999999995559 ) ) ;
#1436 = CARTESIAN_POINT ( 'NONE',  ( -0.8471848326747593028, 22.00000000000000711, 8.867736582670350032 ) ) ;
#1437 = CARTESIAN_POINT ( 'NONE',  ( -0.4381093643743572685, 21.50000000000000711, 8.588102039476440908 ) ) ;
#1438 = CARTESIAN_POINT ( 'NONE',  ( -0.5963300186945119652, 21.50000000000000000, 9.347780744165259392 ) ) ;
#1439 = CARTESIAN_POINT ( 'NONE',  ( 1.658783576975712840E-15, 12.49999999999692868, 2.124999999999996891 ) ) ;
#1440 = CC_DESIGN_DATE_AND_TIME_ASSIGNMENT ( #1310, #63, ( #73 ) ) ;
#1441 = LINE ( 'NONE', #406, #494 ) ;
#1442 = CARTESIAN_POINT ( 'NONE',  ( -0.5000000000000041078, 12.64999999999693081, -7.683974596215563224 ) ) ;
#1443 = CARTESIAN_POINT ( 'NONE',  ( -0.2340864432727283451, 22.00000000000000711, 8.742629825579141922 ) ) ;
#1444 = CYLINDRICAL_SURFACE ( 'NONE', #1056, 2.100000000000000089 ) ;
#1445 = CARTESIAN_POINT ( 'NONE',  ( 8.530127018922181392, 15.05903810567358292, -0.4000000000000221712 ) ) ;
#1446 = EDGE_CURVE ( 'NONE', #615, #577, #1384, .T. ) ;
#1447 = ADVANCED_FACE ( 'NONE', ( #808 ), #450, .F. ) ;
#1448 = CARTESIAN_POINT ( 'NONE',  ( -0.9699326771337138942, 21.50000000000001776, 9.039902093350422163 ) ) ;
#1449 = ORIENTED_EDGE ( 'NONE', *, *, #1383, .F. ) ;
#1450 = FACE_OUTER_BOUND ( 'NONE', #106, .T. ) ;
#1451 = CARTESIAN_POINT ( 'NONE',  ( -0.2055197729323702538, 21.50000000000000000, 8.806942456752043569 ) ) ;
#1452 = CARTESIAN_POINT ( 'NONE',  ( -0.9939612632670542514, 22.00000000000000711, 8.918160191896225442 ) ) ;
#1453 = CARTESIAN_POINT ( 'NONE',  ( -10.00000000000000000, 25.49999999999692690, -14.00999999999999979 ) ) ;
#1454 = CARTESIAN_POINT ( 'NONE',  ( -0.1814022025703429242, 22.00000000000000711, 8.961739304645988113 ) ) ;
#1455 = AXIS2_PLACEMENT_3D ( 'NONE', #614, #946, #597 ) ;
#1456 = LINE ( 'NONE', #182, #430 ) ;
#1457 = FACE_OUTER_BOUND ( 'NONE', #341, .T. ) ;
#1458 = CARTESIAN_POINT ( 'NONE',  ( 1.224646799147353256E-15, 18.00000000000000000, 10.00000000000000000 ) ) ;
#1459 = CARTESIAN_POINT ( 'NONE',  ( -0.6329246463152994329, 22.00000000000000711, 8.593614398003735388 ) ) ;
#1460 = CARTESIAN_POINT ( 'NONE',  ( -0.9927939423298658417, 21.50000000000000355, 8.876687337908379050 ) ) ;
#1461 = CARTESIAN_POINT ( 'NONE',  ( -0.5000000000000041078, 12.64999999999693081, -7.683974596215563224 ) ) ;
#1462 =( BOUNDED_CURVE ( )  B_SPLINE_CURVE ( 3, ( #836, #21, #1302, #510 ),
 .UNSPECIFIED., .F., .F. ) 
 B_SPLINE_CURVE_WITH_KNOTS ( ( 4, 4 ),
 ( 1.570796326794897446, 4.712388980384688786 ),
 .UNSPECIFIED. ) 
 CURVE ( )  GEOMETRIC_REPRESENTATION_ITEM ( )  RATIONAL_B_SPLINE_CURVE ( ( 1.000000000000000000, 0.3333333333333339810, 0.3333333333333339810, 1.000000000000000000 ) ) 
 REPRESENTATION_ITEM ( '' )  );
#1463 = CARTESIAN_POINT ( 'NONE',  ( -0.5000000000000042188, 22.64999999999692903, -9.416025403784436421 ) ) ;
#1464 = CARTESIAN_POINT ( 'NONE',  ( -0.7411458748052799361, 21.50000000000000355, 8.656132498217584015 ) ) ;
#1465 = ORIENTED_EDGE ( 'NONE', *, *, #1061, .F. ) ;
#1466 = ORIENTED_EDGE ( 'NONE', *, *, #1382, .F. ) ;
#1467 = EDGE_CURVE ( 'NONE', #1481, #1423, #1468, .T. ) ;
#1468 = LINE ( 'NONE', #443, #217 ) ;
#1469 = LINE ( 'NONE', #223, #1385 ) ;
#1470 = EDGE_CURVE ( 'NONE', #615, #568, #433, .T. ) ;
#1471 = MANIFOLD_SOLID_BREP ( 'Stock-Eccentric Shaft-1', #395 ) ;
#1472 = CARTESIAN_POINT ( 'NONE',  ( -0.8173187830735308967, 21.50000000000000355, 8.751755964000743404 ) ) ;
#1473 = LINE ( 'NONE', #87, #131 ) ;
#1474 = ORIENTED_EDGE ( 'NONE', *, *, #787, .F. ) ;
#1475 = ORIENTED_EDGE ( 'NONE', *, *, #1188, .T. ) ;
#1476 = AXIS2_PLACEMENT_3D ( 'NONE', #637, #54, #1305 ) ;
#1477 = PLANE ( 'NONE',  #52 ) ;
#1478 = LINE ( 'NONE', #194, #417 ) ;
#1479 = CARTESIAN_POINT ( 'NONE',  ( 1.951563910473907981E-15, 22.49999999999693046, 2.899999999999987477 ) ) ;
#1480 = CARTESIAN_POINT ( 'NONE',  ( 4.330127018922181215, 31.50000000000000000, -0.4000000000000214495 ) ) ;
#1481 = VERTEX_POINT ( 'NONE', #1145 ) ;
#1482 = VERTEX_POINT ( 'NONE', #436 ) ;
#1483 = DIRECTION ( 'NONE',  ( 0.9578262852211513190, 0.2873478855663452736, 0.000000000000000000 ) ) ;
#1484 = CARTESIAN_POINT ( 'NONE',  ( -0.8406885603924720840, 22.00000000000000355, 8.965729988693345476 ) ) ;
#1485 = DIRECTION ( 'NONE',  ( -0.05681657613339509416, 0.000000000000000000, 0.9983846336339907701 ) ) ;
#1486 = CARTESIAN_POINT ( 'NONE',  ( -0.5061363608460627272, 22.00000000000001066, 8.579014141974562691 ) ) ;
#1487 = CYLINDRICAL_SURFACE ( 'NONE', #1205, 2.100000000000000089 ) ;
#1488 = ADVANCED_FACE ( 'NONE', ( #693, #684 ), #565, .F. ) ;
#1489 = ORIENTED_EDGE ( 'NONE', *, *, #942, .F. ) ;
#1490 = EDGE_CURVE ( 'NONE', #498, #577, #1364, .T. ) ;
#1491 = ORIENTED_EDGE ( 'NONE', *, *, #945, .T. ) ;
ENDSEC;
END-ISO-10303-21;
