ISO-10303-21;
HEADER;
FILE_DESCRIPTION (( 'STEP AP203' ),
    '1' );
FILE_NAME ('ES1.STEP',
    '2026-08-26T13:45:18',
    ( '' ),
    ( '' ),
    'SwSTEP 2.0',
    'SolidWorks 2025',
    '' );
FILE_SCHEMA (( 'CONFIG_CONTROL_DESIGN' ));
ENDSEC;

DATA;
#1 = AXIS2_PLACEMENT_3D ( 'NONE', #1694, #155, #841 ) ;
#2 = CARTESIAN_POINT ( 'NONE',  ( 6.998283371061259750, -14.91476916213374615, 4.751348577031902387 ) ) ;
#3 = DIRECTION ( 'NONE',  ( 0.000000000000000000, 0.000000000000000000, -1.000000000000000000 ) ) ;
#4 = VERTEX_POINT ( 'NONE', #290 ) ;
#5 = CIRCLE ( 'NONE', #1257, 10.50000000000000000 ) ;
#6 = EDGE_CURVE ( 'NONE', #1252, #2083, #278, .T. ) ;
#7 =( BOUNDED_SURFACE ( )  B_SPLINE_SURFACE ( 3, 2, ( 
 ( #1096, #751, #1979 ),
 ( #958, #1117, #1431 ),
 ( #441, #1260, #106 ),
 ( #97, #787, #240 ),
 ( #777, #1615, #78 ),
 ( #250, #1470, #761 ),
 ( #1440, #940, #1281 ),
 ( #1990, #2123, #612 ),
 ( #431, #1298, #1958 ),
 ( #1460, #453, #586 ),
 ( #1271, #421, #89 ),
 ( #770, #2143, #37 ),
 ( #225, #63, #2085 ),
 ( #1786, #1242, #1571 ),
 ( #405, #1079, #548 ),
 ( #1230, #721, #900 ),
 ( #1399, #2097, #1909 ),
 ( #911, #1601, #379 ),
 ( #1766, #49, #1610 ),
 ( #766, #1101, #416 ) ),
 .UNSPECIFIED., .F., .F., .F. ) 
 B_SPLINE_SURFACE_WITH_KNOTS ( ( 4, 2, 2, 2, 2, 2, 2, 2, 2, 4 ),
 ( 3, 3 ),
 ( 0.003523835504174482880, 0.004528884993287046745, 0.005533934482399610610, 0.006538983971512174476, 0.007041508716068456408, 0.007544033460624737474, 0.008549082949737300471, 0.009554132438849864337, 0.01055918192796242820, 0.01156423141707499207 ),
 ( 0.000000000000000000, 1.000000000000000000 ),
 .UNSPECIFIED. ) 
 GEOMETRIC_REPRESENTATION_ITEM ( )  RATIONAL_B_SPLINE_SURFACE ( (
 ( 1.000000000000000000, 0.7071067811865325847, 1.000000000000000000),
 ( 1.000000000000000000, 0.7369879944221022772, 1.000000000000000000),
 ( 1.000000000000000000, 0.7665527350649522509, 1.000000000000000000),
 ( 1.000000000000000000, 0.8212082871063920431, 1.000000000000000000),
 ( 1.000000000000000000, 0.8463571583743932925, 1.000000000000000000),
 ( 1.000000000000000000, 0.8885163617125139135, 1.000000000000000000),
 ( 1.000000000000000000, 0.9055796002776699272, 1.000000000000000000),
 ( 1.000000000000000000, 0.9232213309494172737, 1.000000000000000000),
 ( 1.000000000000000000, 0.9277762295987156405, 1.000000000000000000),
 ( 1.000000000000000000, 0.9338936668492995308, 1.000000000000000000),
 ( 1.000000000000000000, 0.9354386179267656365, 1.000000000000000000),
 ( 1.000000000000000000, 0.9351692948708526520, 1.000000000000000000),
 ( 1.000000000000000000, 0.9286026647738518935, 1.000000000000000000),
 ( 1.000000000000000000, 0.9049468357465066948, 1.000000000000000000),
 ( 1.000000000000000000, 0.8878579268677995184, 1.000000000000000000),
 ( 1.000000000000000000, 0.8456734174005817728, 1.000000000000000000),
 ( 1.000000000000000000, 0.8207498622454386661, 1.000000000000000000),
 ( 1.000000000000000000, 0.7663943397154563408, 1.000000000000000000),
 ( 1.000000000000000000, 0.7369516724499645122, 1.000000000000000000),
 ( 1.000000000000000000, 0.7071067811865475727, 1.000000000000000000) ) ) 
 REPRESENTATION_ITEM ( '' )  SURFACE ( )  );
#8 = CARTESIAN_POINT ( 'NONE',  ( 3.359672770721675583, -13.50000000000000000, 7.753392733098932510 ) ) ;
#9 = DIRECTION ( 'NONE',  ( 0.000000000000000000, -1.000000000000000000, 0.000000000000000000 ) ) ;
#10 = EDGE_LOOP ( 'NONE', ( #836, #850 ) ) ;
#11 = DIRECTION ( 'NONE',  ( -1.000000000000000000, -0.000000000000000000, -0.000000000000000000 ) ) ;
#12 = CARTESIAN_POINT ( 'NONE',  ( 3.359672770721551238, -13.50000000000000000, -7.753392733098985801 ) ) ;
#13 = DIRECTION ( 'NONE',  ( 0.000000000000000000, 0.000000000000000000, 1.000000000000000000 ) ) ;
#14 = CARTESIAN_POINT ( 'NONE',  ( 6.893042238564597746, -15.49999999953267960, 5.804120092285728560 ) ) ;
#15 = LINE ( 'NONE', #1366, #843 ) ;
#16 = ORIENTED_EDGE ( 'NONE', *, *, #238, .F. ) ;
#17 = CARTESIAN_POINT ( 'NONE',  ( 7.753392733098931622, -15.50000000000000355, -3.359672770721673363 ) ) ;
#18 = CARTESIAN_POINT ( 'NONE',  ( 4.537829848109625530, -13.74450301323268242, 7.132892024494448258 ) ) ;
#19 = CARTESIAN_POINT ( 'NONE',  ( -13.69634987870856158, -20.50000000000000000, 2.899999999999997691 ) ) ;
#20 = AXIS2_PLACEMENT_3D ( 'NONE', #1082, #582, #1267 ) ;
#21 = ORIENTED_EDGE ( 'NONE', *, *, #1277, .T. ) ;
#22 = CARTESIAN_POINT ( 'NONE',  ( 0.000000000000000000, -20.50000000000000000, 0.000000000000000000 ) ) ;
#23 = CARTESIAN_POINT ( 'NONE',  ( -3.399999999999999467, -20.50000000000000000, -13.58086889709196754 ) ) ;
#24 = DIRECTION ( 'NONE',  ( -0.000000000000000000, 1.000000000000000000, -0.000000000000000000 ) ) ;
#25 = EDGE_CURVE ( 'NONE', #1948, #1006, #1288, .T. ) ;
#26 = CARTESIAN_POINT ( 'NONE',  ( 6.427245538083283805, -14.10139555445144310, 5.487305249349801350 ) ) ;
#27 = CARTESIAN_POINT ( 'NONE',  ( 0.000000000000000000, 31.50000000000000000, 5.000000000000000000 ) ) ;
#28 = EDGE_CURVE ( 'NONE', #2083, #492, #587, .T. ) ;
#29 = VERTEX_POINT ( 'NONE', #1827 ) ;
#30 = CARTESIAN_POINT ( 'NONE',  ( 13.58086889709196932, -15.50000000000000000, 3.399999999999998135 ) ) ;
#31 = AXIS2_PLACEMENT_3D ( 'NONE', #2135, #1110, #93 ) ;
#32 = FACE_BOUND ( 'NONE', #1002, .T. ) ;
#33 = CARTESIAN_POINT ( 'NONE',  ( 4.154861592194261988, -15.50000000000000000, 9.588515273477378642 ) ) ;
#34 = VERTEX_POINT ( 'NONE', #576 ) ;
#35 = ORIENTED_EDGE ( 'NONE', *, *, #514, .T. ) ;
#36 = CARTESIAN_POINT ( 'NONE',  ( 3.399999999999999467, -20.00000000000000000, 13.39999999999999680 ) ) ;
#37 = CARTESIAN_POINT ( 'NONE',  ( -5.774666241884587770, -14.17542321941964545, -6.174905172054156566 ) ) ;
#38 = FACE_OUTER_BOUND ( 'NONE', #1700, .T. ) ;
#39 = CARTESIAN_POINT ( 'NONE',  ( -7.753392733098932510, -13.50000000000000000, -3.359672770721674251 ) ) ;
#40 = CARTESIAN_POINT ( 'NONE',  ( 8.605775610476101178, -15.50000000061455907, 4.619381337210768379 ) ) ;
#41 = EDGE_CURVE ( 'NONE', #497, #1372, #1261, .T. ) ;
#42 = VERTEX_POINT ( 'NONE', #300 ) ;
#43 = CIRCLE ( 'NONE', #435, 2.100000000000000089 ) ;
#44 = CARTESIAN_POINT ( 'NONE',  ( 7.753392733098929845, -13.50000000000000000, -3.359672770721676027 ) ) ;
#45 = CARTESIAN_POINT ( 'NONE',  ( 2.899999999999998135, -20.00000000000000000, 2.470662441085794611E-16 ) ) ;
#46 = CARTESIAN_POINT ( 'NONE',  ( -6.170318882626081525, -14.16530528016578749, -5.774764661982728420 ) ) ;
#47 = ORIENTED_EDGE ( 'NONE', *, *, #861, .F. ) ;
#48 = CYLINDRICAL_SURFACE ( 'NONE', #2206, 0.5000000000000000000 ) ;
#49 = CARTESIAN_POINT ( 'NONE',  ( -3.456359369983045493, -15.33702483048860365, -7.711496853818597508 ) ) ;
#50 = AXIS2_PLACEMENT_3D ( 'NONE', #1452, #1325, #1653 ) ;
#51 = CARTESIAN_POINT ( 'NONE',  ( 3.399999999999999467, -15.50000000000000000, 13.58086889709196754 ) ) ;
#52 = DIRECTION ( 'NONE',  ( -0.000000000000000000, 1.000000000000000000, -0.000000000000000000 ) ) ;
#53 = CARTESIAN_POINT ( 'NONE',  ( 3.456359369983545538, -15.33702483048841181, 7.711496853818791131 ) ) ;
#54 = ORIENTED_EDGE ( 'NONE', *, *, #1145, .F. ) ;
#55 = CIRCLE ( 'NONE', #615, 14.00000000000000000 ) ;
#56 = DIRECTION ( 'NONE',  ( -1.000000000000000000, 0.000000000000000000, 1.703905131783307691E-16 ) ) ;
#57 = APPLICATION_CONTEXT ( 'configuration controlled 3d designs of mechanical parts and assemblies' ) ;
#58 = ADVANCED_FACE ( 'NONE', ( #1649 ), #1142, .F. ) ;
#59 = DIRECTION ( 'NONE',  ( 0.000000000000000000, 0.000000000000000000, -1.000000000000000000 ) ) ;
#60 = B_SPLINE_CURVE_WITH_KNOTS ( 'NONE', 3,
 ( #888, #1742, #1921, #2071, #176, #1570, #533, #720, #1705, #1879, #1029, #690, #1397, #166, #522, #851, #2033, #1373, #2084, #1205 ),
 .UNSPECIFIED., .F., .F.,
 ( 4, 2, 2, 2, 2, 2, 2, 2, 2, 4 ),
 ( 0.000000000000000000, 0.0008310511410544671202, 0.001662102282108934240, 0.002493153423163401144, 0.003324204564217868481, 0.003739730134745101065, 0.004155255705272333649, 0.004986306846326797951, 0.005817357987381262252, 0.006648409128435724819 ),
 .UNSPECIFIED. ) ;
#61 = AXIS2_PLACEMENT_3D ( 'NONE', #289, #1671, #1681 ) ;
#62 = CARTESIAN_POINT ( 'NONE',  ( 7.524048259926813920, -13.54158357217373343, -3.854964442065206942 ) ) ;
#63 = CARTESIAN_POINT ( 'NONE',  ( -5.482749701108957652, -14.92351470833427918, -6.438207607927155074 ) ) ;
#64 = AXIS2_PLACEMENT_3D ( 'NONE', #1800, #475, #1991 ) ;
#65 = CARTESIAN_POINT ( 'NONE',  ( -5.000000000000000000, 31.50000000000000000, 2.100000000000000089 ) ) ;
#66 = ORIENTED_EDGE ( 'NONE', *, *, #1593, .T. ) ;
#67 = DIRECTION ( 'NONE',  ( 0.000000000000000000, 0.000000000000000000, -1.000000000000000000 ) ) ;
#68 = CARTESIAN_POINT ( 'NONE',  ( -5.002267217026902912, -14.91381458406983462, 6.821303372744701221 ) ) ;
#69 = CARTESIAN_POINT ( 'NONE',  ( 13.39999999999999680, -20.00000000000000000, -3.399999999999997691 ) ) ;
#70 = ORIENTED_EDGE ( 'NONE', *, *, #947, .T. ) ;
#71 = EDGE_CURVE ( 'NONE', #2015, #1405, #43, .T. ) ;
#72 = CARTESIAN_POINT ( 'NONE',  ( 1.000000000000000000, 0.000000000000000000, 0.000000000000000000 ) ) ;
#73 = CIRCLE ( 'NONE', #2026, 0.5000000000000000000 ) ;
#74 = VECTOR ( 'NONE', #874, 1000.000000000000000 ) ;
#75 = EDGE_CURVE ( 'NONE', #313, #730, #1479, .T. ) ;
#76 = DIRECTION ( 'NONE',  ( 0.000000000000000000, -0.000000000000000000, -1.000000000000000000 ) ) ;
#77 = VERTEX_POINT ( 'NONE', #929 ) ;
#78 = CARTESIAN_POINT ( 'NONE',  ( -7.132009192333550018, -13.74504403307175693, -4.539343672936700713 ) ) ;
#79 = CARTESIAN_POINT ( 'NONE',  ( -3.626728642640999922, -15.20201248022034513, 7.639472578495475119 ) ) ;
#80 = CARTESIAN_POINT ( 'NONE',  ( 0.000000000000000000, -13.50000000000000000, 0.000000000000000000 ) ) ;
#81 = VECTOR ( 'NONE', #1056, 1000.000000000000000 ) ;
#82 = ORIENTED_EDGE ( 'NONE', *, *, #83, .F. ) ;
#83 = EDGE_CURVE ( 'NONE', #1793, #662, #1005, .T. ) ;
#84 = PRODUCT_DEFINITION_SHAPE ( 'NONE', 'NONE',  #1466 ) ;
#85 = DIRECTION ( 'NONE',  ( 0.000000000000000000, 0.000000000000000000, -1.000000000000000000 ) ) ;
#86 = ADVANCED_FACE ( 'NONE', ( #1606 ), #1157, .F. ) ;
#87 = DIRECTION ( 'NONE',  ( -0.000000000000000000, 1.000000000000000000, -0.000000000000000000 ) ) ;
#88 = EDGE_LOOP ( 'NONE', ( #2167, #1240, #1541, #1918 ) ) ;
#89 = CARTESIAN_POINT ( 'NONE',  ( -6.063049942122113123, -14.17715323865511934, -5.887304682245406262 ) ) ;
#90 = CARTESIAN_POINT ( 'NONE',  ( -6.074900517408905465, -14.17645675805220407, -5.875138799896889807 ) ) ;
#91 = ORIENTED_EDGE ( 'NONE', *, *, #869, .T. ) ;
#92 = EDGE_CURVE ( 'NONE', #1493, #34, #1707, .T. ) ;
#93 = DIRECTION ( 'NONE',  ( 0.000000000000000000, 0.000000000000000000, -1.000000000000000000 ) ) ;
#94 = VECTOR ( 'NONE', #1134, 1000.000000000000000 ) ;
#95 = CARTESIAN_POINT ( 'NONE',  ( -2.899999999999997691, -20.50000000000000000, -13.39999999999999680 ) ) ;
#96 = ORIENTED_EDGE ( 'NONE', *, *, #1870, .F. ) ;
#97 = CARTESIAN_POINT ( 'NONE',  ( -8.605775610475527415, -15.50000000061455907, -4.619381337211056149 ) ) ;
#98 = EDGE_CURVE ( 'NONE', #698, #1188, #681, .T. ) ;
#99 = CARTESIAN_POINT ( 'NONE',  ( 9.588515273477378642, -15.50000000000000000, -4.154861592194260211 ) ) ;
#100 = VERTEX_POINT ( 'NONE', #1503 ) ;
#101 = CARTESIAN_POINT ( 'NONE',  ( 1.000000000000000000, 0.000000000000000000, 0.000000000000000000 ) ) ;
#102 = AXIS2_PLACEMENT_3D ( 'NONE', #72, #757, #1264 ) ;
#103 = AXIS2_PLACEMENT_3D ( 'NONE', #101, #609, #2155 ) ;
#104 = CARTESIAN_POINT ( 'NONE',  ( 13.39999999999999858, -20.50000000000000000, 13.39999999999999680 ) ) ;
#105 = ORIENTED_EDGE ( 'NONE', *, *, #1743, .T. ) ;
#106 = CARTESIAN_POINT ( 'NONE',  ( -7.526349297690525297, -13.54063445859697623, -3.850562413327876854 ) ) ;
#107 = DIRECTION ( 'NONE',  ( 1.000000000000000000, 0.000000000000000000, -8.519525658916538453E-17 ) ) ;
#108 = ORIENTED_EDGE ( 'NONE', *, *, #1675, .F. ) ;
#109 = DIRECTION ( 'NONE',  ( -1.000000000000000000, -0.000000000000000000, -0.000000000000000000 ) ) ;
#110 = DATE_AND_TIME ( #1304, #1456 ) ;
#111 = AXIS2_PLACEMENT_3D ( 'NONE', #603, #575, #1635 ) ;
#112 = B_SPLINE_CURVE_WITH_KNOTS ( 'NONE', 3,
 ( #1849, #316, #1519, #1540, #1001, #1530 ),
 .UNSPECIFIED., .F., .F.,
 ( 4, 2, 4 ),
 ( 0.000000000000000000, 0.0003955797467417196899, 0.0007911594934834393798 ),
 .UNSPECIFIED. ) ;
#113 = VECTOR ( 'NONE', #1213, 1000.000000000000000 ) ;
#114 = CARTESIAN_POINT ( 'NONE',  ( 1.000000000000001110, 0.000000000000000000, 8.449999999999999289 ) ) ;
#115 = DIRECTION ( 'NONE',  ( 0.000000000000000000, -1.000000000000000000, 0.000000000000000000 ) ) ;
#116 = ORIENTED_EDGE ( 'NONE', *, *, #1185, .T. ) ;
#117 = DIRECTION ( 'NONE',  ( 0.000000000000000000, 0.000000000000000000, -1.000000000000000000 ) ) ;
#118 = CARTESIAN_POINT ( 'NONE',  ( 0.000000000000000000, 0.000000000000000000, 0.000000000000000000 ) ) ;
#119 = ORIENTED_EDGE ( 'NONE', *, *, #1783, .T. ) ;
#120 = CARTESIAN_POINT ( 'NONE',  ( 6.843398643206703547, -13.91099158024507076, 4.963614052894424589 ) ) ;
#121 = COORDINATED_UNIVERSAL_TIME_OFFSET ( 5, 0, .BEHIND. ) ;
#122 = EDGE_CURVE ( 'NONE', #77, #991, #1860, .T. ) ;
#123 = CIRCLE ( 'NONE', #409, 10.00000000000000000 ) ;
#124 = VERTEX_POINT ( 'NONE', #865 ) ;
#125 = DIRECTION ( 'NONE',  ( 0.000000000000000000, 0.000000000000000000, 1.000000000000000000 ) ) ;
#126 = DIRECTION ( 'NONE',  ( -0.9175612701892228440, -0.000000000000000000, -0.3975944107362930358 ) ) ;
#127 = VERTEX_POINT ( 'NONE', #1695 ) ;
#128 = CYLINDRICAL_SURFACE ( 'NONE', #1313, 2.100000000000000089 ) ;
#129 = CARTESIAN_POINT ( 'NONE',  ( -13.39999999999999680, -15.50000000000000000, -3.399999999999997691 ) ) ;
#130 = CARTESIAN_POINT ( 'NONE',  ( 7.753392733098932510, -13.50000000000000000, 3.359672770721674251 ) ) ;
#131 = PERSON_AND_ORGANIZATION ( #306, #1620 ) ;
#132 = ORIENTED_EDGE ( 'NONE', *, *, #732, .T. ) ;
#133 = FACE_OUTER_BOUND ( 'NONE', #472, .T. ) ;
#134 = DIRECTION ( 'NONE',  ( -8.519525658916538453E-17, -0.000000000000000000, -1.000000000000000000 ) ) ;
#135 = ORIENTED_EDGE ( 'NONE', *, *, #258, .F. ) ;
#136 = CARTESIAN_POINT ( 'NONE',  ( 3.399999999999999467, -20.50000000000000000, 13.58086889709196754 ) ) ;
#137 = DIRECTION ( 'NONE',  ( 0.000000000000000000, -1.000000000000000000, 0.000000000000000000 ) ) ;
#138 = VERTEX_POINT ( 'NONE', #1549 ) ;
#139 = FACE_OUTER_BOUND ( 'NONE', #1126, .T. ) ;
#140 = EDGE_LOOP ( 'NONE', ( #2018, #1509, #685, #1614, #1691 ) ) ;
#141 = VECTOR ( 'NONE', #177, 1000.000000000000000 ) ;
#142 = AXIS2_PLACEMENT_3D ( 'NONE', #830, #1171, #13 ) ;
#143 = ADVANCED_FACE ( 'NONE', ( #312 ), #1682, .T. ) ;
#144 = DIRECTION ( 'NONE',  ( 0.000000000000000000, 0.000000000000000000, 1.000000000000000000 ) ) ;
#145 = DIRECTION ( 'NONE',  ( 1.000000000000000000, 0.000000000000000000, 0.000000000000000000 ) ) ;
#146 = ORIENTED_EDGE ( 'NONE', *, *, #1121, .T. ) ;
#147 = CARTESIAN_POINT ( 'NONE',  ( 3.359672770721675583, -13.50000000000000000, 7.753392733098932510 ) ) ;
#148 = DIRECTION ( 'NONE',  ( 1.000000000000000000, 0.000000000000000000, -8.519525658916538453E-17 ) ) ;
#149 = ORIENTED_EDGE ( 'NONE', *, *, #542, .F. ) ;
#150 = AXIS2_PLACEMENT_3D ( 'NONE', #1125, #1644, #107 ) ;
#151 = CARTESIAN_POINT ( 'NONE',  ( 0.000000000000000000, -20.50000000000000000, 0.000000000000000000 ) ) ;
#152 = EDGE_CURVE ( 'NONE', #730, #2083, #1115, .T. ) ;
#153 = ORIENTED_EDGE ( 'NONE', *, *, #152, .F. ) ;
#154 = FACE_OUTER_BOUND ( 'NONE', #420, .T. ) ;
#155 = DIRECTION ( 'NONE',  ( 0.000000000000000000, 1.000000000000000000, -0.000000000000000000 ) ) ;
#156 = CARTESIAN_POINT ( 'NONE',  ( -5.375411270935659402, -14.92147758118474776, 6.523264121566285212 ) ) ;
#157 = ORIENTED_EDGE ( 'NONE', *, *, #652, .T. ) ;
#158 = AXIS2_PLACEMENT_3D ( 'NONE', #1777, #1797, #925 ) ;
#159 = CARTESIAN_POINT ( 'NONE',  ( 2.602374448188125350E-16, 30.75000000000000000, 2.125000000000000000 ) ) ;
#160 = DIRECTION ( 'NONE',  ( -1.000000000000000000, 0.000000000000000000, -1.703905131783307691E-16 ) ) ;
#161 = CIRCLE ( 'NONE', #1923, 8.449999999999999289 ) ;
#162 = ORIENTED_EDGE ( 'NONE', *, *, #1843, .T. ) ;
#163 = ADVANCED_FACE ( 'NONE', ( #323 ), #668, .T. ) ;
#164 = CARTESIAN_POINT ( 'NONE',  ( 13.39999999999999858, -15.50000000000000000, -13.39999999999999680 ) ) ;
#165 = ORIENTED_EDGE ( 'NONE', *, *, #385, .T. ) ;
#166 = CARTESIAN_POINT ( 'NONE',  ( -5.169983950108413495, -13.99745163252914537, 6.689004284502255260 ) ) ;
#167 = CARTESIAN_POINT ( 'NONE',  ( 5.000000000000000000, -9.500000000000001776, -2.100000000000000089 ) ) ;
#168 = CARTESIAN_POINT ( 'NONE',  ( -7.004133254934714614, -14.91515483086392102, 4.742713518065301948 ) ) ;
#169 = CARTESIAN_POINT ( 'NONE',  ( 5.729255026709883403, -14.93272058982370432, 6.220075141423910381 ) ) ;
#170 = DIRECTION ( 'NONE',  ( 0.000000000000000000, -1.000000000000000000, 0.000000000000000000 ) ) ;
#171 = AXIS2_PLACEMENT_3D ( 'NONE', #1181, #200, #367 ) ;
#172 = VERTEX_POINT ( 'NONE', #39 ) ;
#173 = CARTESIAN_POINT ( 'NONE',  ( 13.39999999999999858, -15.50000000000000000, 13.39999999999999680 ) ) ;
#174 = CARTESIAN_POINT ( 'NONE',  ( -3.399999999999999467, -15.50000000000000000, 13.39999999999999680 ) ) ;
#175 = ORIENTED_EDGE ( 'NONE', *, *, #1584, .T. ) ;
#176 = CARTESIAN_POINT ( 'NONE',  ( -7.132892024494450922, -13.74450301323268242, 4.537829848109624642 ) ) ;
#177 = DIRECTION ( 'NONE',  ( -0.000000000000000000, 1.000000000000000000, -0.000000000000000000 ) ) ;
#178 = CARTESIAN_POINT ( 'NONE',  ( -7.526940168686876653, -13.54047612526637856, 3.849297575307365715 ) ) ;
#179 = CARTESIAN_POINT ( 'NONE',  ( 7.270205799554869230, -13.66260428248679659, 4.314727370518209426 ) ) ;
#180 = CARTESIAN_POINT ( 'NONE',  ( -4.941324882171592180E-16, -20.00000000000000000, -2.899999999999999911 ) ) ;
#181 = VERTEX_POINT ( 'NONE', #723 ) ;
#182 = CARTESIAN_POINT ( 'NONE',  ( 6.842355838789677236, -13.91159447624817247, -4.965169455134967436 ) ) ;
#183 = FACE_BOUND ( 'NONE', #1798, .T. ) ;
#184 = CARTESIAN_POINT ( 'NONE',  ( 3.399999999999999467, -20.00000000000000000, -13.58086889709196754 ) ) ;
#185 = EDGE_CURVE ( 'NONE', #838, #1793, #1975, .T. ) ;
#186 = ORIENTED_EDGE ( 'NONE', *, *, #947, .F. ) ;
#187 = DIRECTION ( 'NONE',  ( 0.000000000000000000, 0.000000000000000000, -1.000000000000000000 ) ) ;
#188 = ADVANCED_FACE ( 'NONE', ( #2088 ), #1926, .F. ) ;
#189 = CLOSED_SHELL ( 'NONE', ( #188, #1389, #2031, #818, #1710, #1255, #1377, #2045, #465, #1109, #2211, #583, #1814, #1476, #1053, #1521, #767, #86, #784, #2169, #1490, #2057, #1022, #959, #919, #1576, #1007, #1258, #1155, #986, #424, #58, #1819, #1683, #1784, #1095, #1803, #2137, #1435, #1488, #297, #1905, #1334, #1621, #324, #551, #847, #1099, #1103, #2168, #163, #1084, #462, #143, #1853, #718, #2048, #1669, #679, #2110, #303 ) ) ;
#190 = DIRECTION ( 'NONE',  ( -0.9175612701892228440, 0.000000000000000000, 0.3975944107362930358 ) ) ;
#191 = DIRECTION ( 'NONE',  ( 0.000000000000000000, 0.000000000000000000, -1.000000000000000000 ) ) ;
#192 = CARTESIAN_POINT ( 'NONE',  ( 4.965169455134801346, -13.91159447624817247, 6.842355838789788258 ) ) ;
#193 = CYLINDRICAL_SURFACE ( 'NONE', #1428, 2.100000000000000089 ) ;
#194 = EDGE_LOOP ( 'NONE', ( #1472, #1390, #1453, #199, #578, #1093 ) ) ;
#195 = CARTESIAN_POINT ( 'NONE',  ( 5.744333250174120664, -14.93111698385132691, -6.199569652811718790 ) ) ;
#196 = CARTESIAN_POINT ( 'NONE',  ( 1.034826545279513461E-15, 0.000000000000000000, -8.449999999999999289 ) ) ;
#197 = CARTESIAN_POINT ( 'NONE',  ( -13.58086889709196932, -20.00000000000000000, -3.399999999999996358 ) ) ;
#198 = VERTEX_POINT ( 'NONE', #1912 ) ;
#199 = ORIENTED_EDGE ( 'NONE', *, *, #1025, .F. ) ;
#200 = DIRECTION ( 'NONE',  ( -1.000000000000000000, 0.000000000000000000, -8.519525658916538453E-17 ) ) ;
#201 = EDGE_CURVE ( 'NONE', #2178, #138, #1902, .T. ) ;
#202 = CARTESIAN_POINT ( 'NONE',  ( 3.399999999999998579, -20.13378559697675740, -13.58086889709196754 ) ) ;
#203 = DIRECTION ( 'NONE',  ( -0.000000000000000000, 1.000000000000000000, 0.000000000000000000 ) ) ;
#204 = CARTESIAN_POINT ( 'NONE',  ( 4.262330472435207795, -14.96705976752937950, 7.308780912286302112 ) ) ;
#205 = VERTEX_POINT ( 'NONE', #1732 ) ;
#206 = CARTESIAN_POINT ( 'NONE',  ( 6.063101641523686247, -15.50000000046722981, -6.602367078036317949 ) ) ;
#207 = AXIS2_PLACEMENT_3D ( 'NONE', #1599, #392, #85 ) ;
#208 = CARTESIAN_POINT ( 'NONE',  ( -13.58086889709196754, -15.50000000000000000, 3.399999999999997691 ) ) ;
#209 = CARTESIAN_POINT ( 'NONE',  ( -7.643889925036131849, -13.49999999999999289, -3.612381392730017904 ) ) ;
#210 = ORIENTED_EDGE ( 'NONE', *, *, #621, .T. ) ;
#211 = LOCAL_TIME ( 9, 45, 18.00000000000000000, #121 ) ;
#212 = DIRECTION ( 'NONE',  ( -0.000000000000000000, 1.000000000000000000, -0.000000000000000000 ) ) ;
#213 = DIRECTION ( 'NONE',  ( 0.000000000000000000, -0.000000000000000000, 1.000000000000000000 ) ) ;
#214 = FACE_OUTER_BOUND ( 'NONE', #1545, .T. ) ;
#215 = CARTESIAN_POINT ( 'NONE',  ( 5.000000000000000000, 31.50000000000000000, -2.100000000000000089 ) ) ;
#216 = EDGE_CURVE ( 'NONE', #1188, #664, #550, .T. ) ;
#217 = CARTESIAN_POINT ( 'NONE',  ( 5.577925610539411494, -14.13145331699489482, 6.352795256033624050 ) ) ;
#218 = ORIENTED_EDGE ( 'NONE', *, *, #238, .T. ) ;
#219 = CARTESIAN_POINT ( 'NONE',  ( 5.887304682245223297, -14.17715323865497190, -6.063049942122296088 ) ) ;
#220 = DIRECTION ( 'NONE',  ( 0.000000000000000000, 0.000000000000000000, 1.000000000000000000 ) ) ;
#221 = DIRECTION ( 'NONE',  ( 0.000000000000000000, 0.000000000000000000, -1.000000000000000000 ) ) ;
#222 = VERTEX_POINT ( 'NONE', #382 ) ;
#223 = AXIS2_PLACEMENT_3D ( 'NONE', #1726, #872, #1555 ) ;
#224 = CARTESIAN_POINT ( 'NONE',  ( 0.000000000000000000, -20.50000000000000000, -2.125000000000000000 ) ) ;
#225 = CARTESIAN_POINT ( 'NONE',  ( -5.783366983465377587, -15.50000000090169472, -6.909810519434270937 ) ) ;
#226 = DIRECTION ( 'NONE',  ( -0.000000000000000000, -1.000000000000000000, -0.000000000000000000 ) ) ;
#227 = EDGE_LOOP ( 'NONE', ( #1846, #1123 ) ) ;
#228 = EDGE_CURVE ( 'NONE', #1396, #1228, #1984, .T. ) ;
#229 = CIRCLE ( 'NONE', #1016, 2.100000000000000089 ) ;
#230 = CARTESIAN_POINT ( 'NONE',  ( 8.610374635567193735, -15.50000000059356609, -4.616935641954770020 ) ) ;
#231 = CARTESIAN_POINT ( 'NONE',  ( -4.314727370518044225, -13.66260428248650527, 7.270205799554960713 ) ) ;
#232 = DIRECTION ( 'NONE',  ( 0.000000000000000000, 0.000000000000000000, -1.000000000000000000 ) ) ;
#233 = ORIENTED_EDGE ( 'NONE', *, *, #244, .T. ) ;
#234 = EDGE_CURVE ( 'NONE', #1741, #1816, #877, .T. ) ;
#235 = CIRCLE ( 'NONE', #2193, 0.5000000000000000000 ) ;
#236 = LINE ( 'NONE', #910, #1572 ) ;
#237 = DIRECTION ( 'NONE',  ( 0.000000000000000000, -1.000000000000000000, 0.000000000000000000 ) ) ;
#238 = EDGE_CURVE ( 'NONE', #2178, #1459, #1600, .T. ) ;
#239 = EDGE_LOOP ( 'NONE', ( #1327, #1773 ) ) ;
#240 = CARTESIAN_POINT ( 'NONE',  ( -7.270205799555022885, -13.66260428248679659, -4.314727370517934091 ) ) ;
#241 = CARTESIAN_POINT ( 'NONE',  ( 5.000000000000000000, -9.500000000000001776, 0.000000000000000000 ) ) ;
#242 = CARTESIAN_POINT ( 'NONE',  ( -5.580377952620141357, -14.13213766215850775, -6.350674946689541578 ) ) ;
#243 = ORIENTED_EDGE ( 'NONE', *, *, #758, .T. ) ;
#244 = EDGE_CURVE ( 'NONE', #790, #2015, #1813, .T. ) ;
#245 = CARTESIAN_POINT ( 'NONE',  ( 7.643249308585885693, -13.50000000000000355, -3.613859795916587903 ) ) ;
#246 = LINE ( 'NONE', #368, #81 ) ;
#247 = CIRCLE ( 'NONE', #1787, 2.000000000000000888 ) ;
#248 = DIRECTION ( 'NONE',  ( 0.000000000000000000, 0.000000000000000000, -1.000000000000000000 ) ) ;
#249 = EDGE_LOOP ( 'NONE', ( #1410, #1959 ) ) ;
#250 = CARTESIAN_POINT ( 'NONE',  ( -7.766488653014229193, -15.50000000089979046, -5.131065303406246336 ) ) ;
#251 = CARTESIAN_POINT ( 'NONE',  ( -6.689004284502257036, -13.99745163252914715, -5.169983950108412607 ) ) ;
#252 = AXIS2_PLACEMENT_3D ( 'NONE', #1412, #1265, #213 ) ;
#253 = ORIENTED_EDGE ( 'NONE', *, *, #1243, .T. ) ;
#254 = AXIS2_PLACEMENT_3D ( 'NONE', #1420, #126, #1996 ) ;
#255 = CARTESIAN_POINT ( 'NONE',  ( 5.000000000000000000, 6.999999999999999112, 0.000000000000000000 ) ) ;
#256 = EDGE_CURVE ( 'NONE', #138, #636, #1775, .T. ) ;
#257 = TOROIDAL_SURFACE ( 'NONE', #2187, 10.44999999999999929, 2.000000000000000000 ) ;
#258 = EDGE_CURVE ( 'NONE', #1942, #1172, #2157, .T. ) ;
#259 = DIRECTION ( 'NONE',  ( 0.000000000000000000, 0.000000000000000000, -1.000000000000000000 ) ) ;
#260 = EDGE_LOOP ( 'NONE', ( #54, #2151, #1623, #82 ) ) ;
#261 = PLANE ( 'NONE',  #111 ) ;
#262 = CARTESIAN_POINT ( 'NONE',  ( 0.000000000000000000, 6.999999999999999112, 0.000000000000000000 ) ) ;
#263 = ORIENTED_EDGE ( 'NONE', *, *, #702, .T. ) ;
#264 = CARTESIAN_POINT ( 'NONE',  ( 5.000000000000000000, 6.999999999999999112, 0.000000000000000000 ) ) ;
#265 = CIRCLE ( 'NONE', #1702, 8.449999999999999289 ) ;
#266 = CIRCLE ( 'NONE', #64, 14.00000000000000000 ) ;
#267 = DIRECTION ( 'NONE',  ( 0.000000000000000000, -1.000000000000000000, 0.000000000000000000 ) ) ;
#268 = ORIENTED_EDGE ( 'NONE', *, *, #92, .F. ) ;
#269 = CARTESIAN_POINT ( 'NONE',  ( 13.63936949761470174, -20.44736208302749603, -3.158590908333839931 ) ) ;
#270 = DIRECTION ( 'NONE',  ( -0.000000000000000000, 1.000000000000000000, -0.000000000000000000 ) ) ;
#271 = EDGE_LOOP ( 'NONE', ( #887, #2186, #1901, #162, #2032, #35 ) ) ;
#272 = APPROVAL ( #617, 'UNSPECIFIED' ) ;
#273 = CARTESIAN_POINT ( 'NONE',  ( 0.000000000000000000, 6.999999999999999112, 2.899999999999999911 ) ) ;
#274 = DATE_AND_TIME ( #1499, #1575 ) ;
#275 = AXIS2_PLACEMENT_3D ( 'NONE', #1162, #326, #1354 ) ;
#276 = CIRCLE ( 'NONE', #1071, 2.000000000000000888 ) ;
#277 = CARTESIAN_POINT ( 'NONE',  ( -3.344129883625361455, -20.26410364949114395, -13.59506866993011265 ) ) ;
#278 = LINE ( 'NONE', #2102, #1444 ) ;
#279 = EDGE_CURVE ( 'NONE', #1948, #138, #123, .T. ) ;
#280 = ORIENTED_EDGE ( 'NONE', *, *, #1321, .F. ) ;
#281 = CARTESIAN_POINT ( 'NONE',  ( 13.58086889709220557, -20.13385032297559718, -3.400000000000348521 ) ) ;
#282 = EDGE_CURVE ( 'NONE', #1228, #624, #55, .T. ) ;
#283 = CARTESIAN_POINT ( 'NONE',  ( -3.399999999999999467, -20.00000000000000000, -13.39999999999999680 ) ) ;
#284 = ORIENTED_EDGE ( 'NONE', *, *, #1081, .F. ) ;
#285 = CARTESIAN_POINT ( 'NONE',  ( 7.525629508749176466, -13.54098634057785766, 3.851852316732784498 ) ) ;
#286 = PERSON_AND_ORGANIZATION ( #306, #1620 ) ;
#287 = ORIENTED_EDGE ( 'NONE', *, *, #584, .T. ) ;
#288 = AXIS2_PLACEMENT_3D ( 'NONE', #164, #1889, #885 ) ;
#289 = CARTESIAN_POINT ( 'NONE',  ( 13.39999999999999858, -15.50000000000000000, -13.39999999999999680 ) ) ;
#290 = CARTESIAN_POINT ( 'NONE',  ( 2.602374448188125350E-16, 6.999999999999999112, 2.125000000000000000 ) ) ;
#291 = ORIENTED_EDGE ( 'NONE', *, *, #2214, .T. ) ;
#292 = LINE ( 'NONE', #159, #1997 ) ;
#293 = LINE ( 'NONE', #1312, #1337 ) ;
#294 = EDGE_CURVE ( 'NONE', #124, #544, #229, .T. ) ;
#295 = DIRECTION ( 'NONE',  ( 0.000000000000000000, 0.000000000000000000, -1.000000000000000000 ) ) ;
#296 = CALENDAR_DATE ( 2026, 26, 8 ) ;
#297 = ADVANCED_FACE ( 'NONE', ( #907 ), #1212, .F. ) ;
#298 = EDGE_LOOP ( 'NONE', ( #1348, #1322, #528, #302 ) ) ;
#299 = DIRECTION ( 'NONE',  ( 1.000000000000000000, 0.000000000000000000, -1.703905131783307691E-16 ) ) ;
#300 = CARTESIAN_POINT ( 'NONE',  ( 13.39999999999999680, -20.50000000000000000, -2.899999999999995914 ) ) ;
#301 = AXIS2_PLACEMENT_3D ( 'NONE', #978, #656, #489 ) ;
#302 = ORIENTED_EDGE ( 'NONE', *, *, #385, .F. ) ;
#303 = ADVANCED_FACE ( 'NONE', ( #1369, #896, #32, #183, #2054 ), #1888, .T. ) ;
#304 = CARTESIAN_POINT ( 'NONE',  ( 0.000000000000000000, -20.50000000000000000, 14.00000000000000000 ) ) ;
#305 = DIRECTION ( 'NONE',  ( -0.000000000000000000, -1.000000000000000000, 0.000000000000000000 ) ) ;
#306 = PERSON ( 'UNSPECIFIED', 'UNSPECIFIED', 'UNSPECIFIED', ('UNSPECIFIED'), ('UNSPECIFIED'), ('UNSPECIFIED') ) ;
#307 = CARTESIAN_POINT ( 'NONE',  ( -5.000000000000000000, -9.500000000000001776, 2.100000000000000089 ) ) ;
#308 = EDGE_CURVE ( 'NONE', #1723, #1140, #1580, .T. ) ;
#309 = ORIENTED_EDGE ( 'NONE', *, *, #1033, .F. ) ;
#310 = VECTOR ( 'NONE', #1944, 1000.000000000000000 ) ;
#311 = CARTESIAN_POINT ( 'NONE',  ( 2.899999999999998135, -20.00000000000000000, -2.470662441085794611E-16 ) ) ;
#312 = FACE_OUTER_BOUND ( 'NONE', #140, .T. ) ;
#313 = VERTEX_POINT ( 'NONE', #374 ) ;
#314 = DIRECTION ( 'NONE',  ( -0.000000000000000000, -1.000000000000000000, -0.000000000000000000 ) ) ;
#315 = EDGE_CURVE ( 'NONE', #198, #124, #674, .T. ) ;
#316 = CARTESIAN_POINT ( 'NONE',  ( 13.58086889709196754, -20.13378559697675740, 3.399999999999997691 ) ) ;
#317 = ORIENTED_EDGE ( 'NONE', *, *, #2147, .T. ) ;
#318 = CARTESIAN_POINT ( 'NONE',  ( 3.359672770721675583, -13.50000000000000000, -7.753392733098932510 ) ) ;
#319 = ORIENTED_EDGE ( 'NONE', *, *, #732, .F. ) ;
#320 =( GEOMETRIC_REPRESENTATION_CONTEXT ( 3 ) GLOBAL_UNCERTAINTY_ASSIGNED_CONTEXT ( ( #2118 ) ) GLOBAL_UNIT_ASSIGNED_CONTEXT ( ( #734, #1447, #393 ) ) REPRESENTATION_CONTEXT ( 'NONE', 'WORKASPACE' ) );
#321 = AXIS2_PLACEMENT_3D ( 'NONE', #2171, #115, #753 ) ;
#322 = DIRECTION ( 'NONE',  ( 1.703905131783307691E-16, 0.000000000000000000, 1.000000000000000000 ) ) ;
#323 = FACE_OUTER_BOUND ( 'NONE', #1751, .T. ) ;
#324 = ADVANCED_FACE ( 'NONE', ( #1358 ), #1392, .T. ) ;
#325 = VERTEX_POINT ( 'NONE', #196 ) ;
#326 = DIRECTION ( 'NONE',  ( 0.000000000000000000, -1.000000000000000000, 0.000000000000000000 ) ) ;
#327 = PLANE ( 'NONE',  #1891 ) ;
#328 = ORIENTED_EDGE ( 'NONE', *, *, #1182, .F. ) ;
#329 = VECTOR ( 'NONE', #1792, 1000.000000000000000 ) ;
#330 = CARTESIAN_POINT ( 'NONE',  ( -13.69634987870856158, -20.50000000000000000, -2.899999999999997691 ) ) ;
#331 = EDGE_LOOP ( 'NONE', ( #360, #821, #977, #614 ) ) ;
#332 = LINE ( 'NONE', #1349, #74 ) ;
#333 = CARTESIAN_POINT ( 'NONE',  ( 0.000000000000000000, 6.999999999999999112, 5.000000000000000000 ) ) ;
#334 = DIRECTION ( 'NONE',  ( 1.703905131783307691E-16, 0.000000000000000000, -1.000000000000000000 ) ) ;
#335 = CIRCLE ( 'NONE', #1602, 10.50000000000000000 ) ;
#336 = FACE_OUTER_BOUND ( 'NONE', #677, .T. ) ;
#337 = FACE_OUTER_BOUND ( 'NONE', #1837, .T. ) ;
#338 = EDGE_LOOP ( 'NONE', ( #844, #2007, #673, #532 ) ) ;
#339 = DIRECTION ( 'NONE',  ( 0.000000000000000000, 0.000000000000000000, -1.000000000000000000 ) ) ;
#340 = DIRECTION ( 'NONE',  ( 0.000000000000000000, 0.000000000000000000, -1.000000000000000000 ) ) ;
#341 = VERTEX_POINT ( 'NONE', #208 ) ;
#342 = DIRECTION ( 'NONE',  ( 0.9175612701892228440, 0.000000000000000000, -0.3975944107362927027 ) ) ;
#343 = DIRECTION ( 'NONE',  ( 0.000000000000000000, 1.000000000000000000, -0.000000000000000000 ) ) ;
#344 = CARTESIAN_POINT ( 'NONE',  ( -7.776584839096098989, -15.50000000100624753, 5.124258697116153449 ) ) ;
#345 = CARTESIAN_POINT ( 'NONE',  ( 4.030241029915039519, -15.02090009060463061, 7.436803515213157745 ) ) ;
#346 = DIRECTION ( 'NONE',  ( 0.000000000000000000, 0.000000000000000000, 1.000000000000000000 ) ) ;
#347 = AXIS2_PLACEMENT_3D ( 'NONE', #672, #137, #1899 ) ;
#348 = EDGE_LOOP ( 'NONE', ( #1161, #434, #1014, #2158 ) ) ;
#349 = EDGE_CURVE ( 'NONE', #1338, #569, #737, .T. ) ;
#350 = EDGE_CURVE ( 'NONE', #539, #325, #2109, .T. ) ;
#351 = CARTESIAN_POINT ( 'NONE',  ( 6.686432055311905209, -13.99871771150133704, -5.173286001323724292 ) ) ;
#352 = CARTESIAN_POINT ( 'NONE',  ( -5.000000000000000000, 31.50000000000000000, -2.100000000000000089 ) ) ;
#353 = CARTESIAN_POINT ( 'NONE',  ( -3.399999999999999467, -15.50000000000000000, 13.58086889709196754 ) ) ;
#354 = ORIENTED_EDGE ( 'NONE', *, *, #1883, .T. ) ;
#355 = FACE_OUTER_BOUND ( 'NONE', #1104, .T. ) ;
#356 = DIRECTION ( 'NONE',  ( -5.329070518200751394E-15, 0.000000000000000000, -1.000000000000000000 ) ) ;
#357 = CARTESIAN_POINT ( 'NONE',  ( -9.588515273477376866, -15.50000000000000000, 4.154861592194261988 ) ) ;
#358 = CARTESIAN_POINT ( 'NONE',  ( 6.418858327846411527, -14.92530662648839268, 5.499192770463003477 ) ) ;
#359 = LINE ( 'NONE', #1035, #2197 ) ;
#360 = ORIENTED_EDGE ( 'NONE', *, *, #1630, .F. ) ;
#361 = CARTESIAN_POINT ( 'NONE',  ( 7.711496853818130326, -15.33702483048810805, -3.456359369982239471 ) ) ;
#362 = CARTESIAN_POINT ( 'NONE',  ( 6.074900517408905465, -14.17645675805220407, 5.875138799896889807 ) ) ;
#363 = DIRECTION ( 'NONE',  ( -0.000000000000000000, 1.000000000000000000, -0.000000000000000000 ) ) ;
#364 = EDGE_CURVE ( 'NONE', #1140, #1331, #2029, .T. ) ;
#365 = AXIS2_PLACEMENT_3D ( 'NONE', #1251, #897, #588 ) ;
#366 = ORIENTED_EDGE ( 'NONE', *, *, #1025, .T. ) ;
#367 = DIRECTION ( 'NONE',  ( -8.519525658916538453E-17, 0.000000000000000000, 1.000000000000000000 ) ) ;
#368 = CARTESIAN_POINT ( 'NONE',  ( 0.000000000000000000, -20.50000000000000000, 14.00000000000000000 ) ) ;
#369 = FACE_OUTER_BOUND ( 'NONE', #1907, .T. ) ;
#370 = CARTESIAN_POINT ( 'NONE',  ( -13.39999999999999680, -15.50000000000000000, 3.399999999999997691 ) ) ;
#371 = LINE ( 'NONE', #1708, #994 ) ;
#372 = EDGE_LOOP ( 'NONE', ( #969, #802, #1164, #1650 ) ) ;
#373 = CARTESIAN_POINT ( 'NONE',  ( 3.344129883625361455, -20.26410364949114395, 13.59506866993011265 ) ) ;
#374 = CARTESIAN_POINT ( 'NONE',  ( 13.58086889709196754, -20.00000000000000000, -3.399999999999997691 ) ) ;
#375 = FACE_OUTER_BOUND ( 'NONE', #1052, .T. ) ;
#376 = ORIENTED_EDGE ( 'NONE', *, *, #1376, .F. ) ;
#377 = AXIS2_PLACEMENT_3D ( 'NONE', #262, #2164, #801 ) ;
#378 = DIRECTION ( 'NONE',  ( 0.000000000000000000, -1.000000000000000000, 0.000000000000000000 ) ) ;
#379 = CARTESIAN_POINT ( 'NONE',  ( -3.849297575307255581, -13.54047612526638034, -7.526940168686936161 ) ) ;
#380 = EDGE_CURVE ( 'NONE', #1172, #172, #276, .T. ) ;
#381 = CARTESIAN_POINT ( 'NONE',  ( 4.033928498870314350, -15.01962958555884597, -7.434865650520154468 ) ) ;
#382 = CARTESIAN_POINT ( 'NONE',  ( 13.69634987870856158, -20.50000000000000000, -2.899999999999997691 ) ) ;
#383 = CARTESIAN_POINT ( 'NONE',  ( 5.482749701109238316, -14.92351470833399318, 6.438207607926874410 ) ) ;
#384 = ORIENTED_EDGE ( 'NONE', *, *, #1121, .F. ) ;
#385 = EDGE_CURVE ( 'NONE', #1463, #780, #1446, .T. ) ;
#386 = CARTESIAN_POINT ( 'NONE',  ( 5.867505247182696060, -14.93302635388466548, -6.082962397295399448 ) ) ;
#387 = AXIS2_PLACEMENT_3D ( 'NONE', #1494, #1674, #1529 ) ;
#388 = DIRECTION ( 'NONE',  ( 0.000000000000000000, 0.000000000000000000, -1.000000000000000000 ) ) ;
#389 = DIRECTION ( 'NONE',  ( 0.000000000000000000, -1.000000000000000000, 0.000000000000000000 ) ) ;
#390 = ORIENTED_EDGE ( 'NONE', *, *, #1743, .F. ) ;
#391 = AXIS2_PLACEMENT_3D ( 'NONE', #984, #1638, #2002 ) ;
#392 = DIRECTION ( 'NONE',  ( 0.000000000000000000, -1.000000000000000000, 0.000000000000000000 ) ) ;
#393 =( NAMED_UNIT ( * ) SI_UNIT ( $, .STERADIAN. ) SOLID_ANGLE_UNIT ( ) );
#394 = EDGE_CURVE ( 'NONE', #443, #1469, #1982, .T. ) ;
#395 = LINE ( 'NONE', #407, #590 ) ;
#396 = EDGE_CURVE ( 'NONE', #2122, #325, #1993, .T. ) ;
#397 = CIRCLE ( 'NONE', #825, 2.100000000000000089 ) ;
#398 = ORIENTED_EDGE ( 'NONE', *, *, #595, .T. ) ;
#399 = FACE_OUTER_BOUND ( 'NONE', #939, .T. ) ;
#400 = ORIENTED_EDGE ( 'NONE', *, *, #875, .T. ) ;
#401 = CARTESIAN_POINT ( 'NONE',  ( 0.000000000000000000, -20.50000000000000000, 0.000000000000000000 ) ) ;
#402 = EDGE_LOOP ( 'NONE', ( #1769, #881, #2189, #149, #1263 ) ) ;
#403 = AXIS2_PLACEMENT_3D ( 'NONE', #1370, #2042, #508 ) ;
#404 = CARTESIAN_POINT ( 'NONE',  ( 6.685466614579859801, -13.99925955528425803, -5.174575008436665513 ) ) ;
#405 = CARTESIAN_POINT ( 'NONE',  ( -5.124258697116236050, -15.50000000100607345, -7.776584839095474599 ) ) ;
#406 = EDGE_CURVE ( 'NONE', #790, #2058, #2139, .T. ) ;
#407 = CARTESIAN_POINT ( 'NONE',  ( -13.58086889709196754, -20.50000000000000000, 3.399999999999997691 ) ) ;
#408 = ORIENTED_EDGE ( 'NONE', *, *, #2182, .T. ) ;
#409 = AXIS2_PLACEMENT_3D ( 'NONE', #1930, #541, #715 ) ;
#410 = CARTESIAN_POINT ( 'NONE',  ( 0.000000000000000000, -13.50000000000000000, -8.449999999999999289 ) ) ;
#411 = CARTESIAN_POINT ( 'NONE',  ( 13.58086889709196754, -20.50000000000000000, -3.399999999999997691 ) ) ;
#412 = DIRECTION ( 'NONE',  ( -0.9175612701892228440, 8.621454477767655854E-17, 0.3975944107362929802 ) ) ;
#413 = ORIENTED_EDGE ( 'NONE', *, *, #1227, .F. ) ;
#414 = AXIS2_PLACEMENT_3D ( 'NONE', #311, #2170, #1995 ) ;
#415 = FACE_OUTER_BOUND ( 'NONE', #848, .T. ) ;
#416 = CARTESIAN_POINT ( 'NONE',  ( -3.359672770721673363, -13.50000000000000000, -7.753392733098931622 ) ) ;
#417 = B_SPLINE_CURVE_WITH_KNOTS ( 'NONE', 3,
 ( #19, #1027, #716, #2020, #860, #1202 ),
 .UNSPECIFIED., .F., .F.,
 ( 4, 2, 4 ),
 ( 0.000000000000000000, 0.0003955843411403033288, 0.0007911686822806066575 ),
 .UNSPECIFIED. ) ;
#418 = PRODUCT ( 'ES1', 'ES1', '', ( #2003 ) ) ;
#419 = CARTESIAN_POINT ( 'NONE',  ( 13.39999999999999858, -20.00000000000000000, 13.39999999999999680 ) ) ;
#420 = EDGE_LOOP ( 'NONE', ( #317, #1042, #457, #1504, #1992, #1210, #268 ) ) ;
#421 = CARTESIAN_POINT ( 'NONE',  ( -6.082962397295329282, -14.93302635388496213, -5.867505247182623229 ) ) ;
#422 = DIRECTION ( 'NONE',  ( 0.000000000000000000, -1.000000000000000000, 0.000000000000000000 ) ) ;
#423 = EDGE_LOOP ( 'NONE', ( #961, #2012, #1204, #1048, #1119, #1345 ) ) ;
#424 = ADVANCED_FACE ( 'NONE', ( #139 ), #814, .F. ) ;
#425 = CARTESIAN_POINT ( 'NONE',  ( 5.169983950108413495, -13.99745163252914537, -6.689004284502255260 ) ) ;
#426 = PERSON_AND_ORGANIZATION_ROLE ( 'design_owner' ) ;
#427 = EDGE_CURVE ( 'NONE', #1828, #1372, #1169, .T. ) ;
#428 = APPROVAL_PERSON_ORGANIZATION ( #286, #1203, #1111 ) ;
#429 = DIRECTION ( 'NONE',  ( 0.000000000000000000, -1.000000000000000000, 0.000000000000000000 ) ) ;
#430 = ORIENTED_EDGE ( 'NONE', *, *, #470, .F. ) ;
#431 = CARTESIAN_POINT ( 'NONE',  ( -6.893042238564658142, -15.49999999953270269, -5.804120092285706356 ) ) ;
#432 = DIRECTION ( 'NONE',  ( 0.000000000000000000, -1.000000000000000000, 0.000000000000000000 ) ) ;
#433 = AXIS2_PLACEMENT_3D ( 'NONE', #1624, #1642, #1133 ) ;
#434 = ORIENTED_EDGE ( 'NONE', *, *, #694, .F. ) ;
#435 = AXIS2_PLACEMENT_3D ( 'NONE', #241, #1940, #1660 ) ;
#436 = EDGE_CURVE ( 'NONE', #780, #1604, #570, .T. ) ;
#437 = DIRECTION ( 'NONE',  ( 0.000000000000000000, 0.000000000000000000, -1.000000000000000000 ) ) ;
#438 = APPROVAL_DATE_TIME ( #468, #669 ) ;
#439 = CIRCLE ( 'NONE', #1514, 14.00000000000000000 ) ;
#440 = ORIENTED_EDGE ( 'NONE', *, *, #1983, .F. ) ;
#441 = CARTESIAN_POINT ( 'NONE',  ( -9.121906224551738163, -15.49999999938544448, -4.356672884328272488 ) ) ;
#442 = DIRECTION ( 'NONE',  ( 0.000000000000000000, 0.000000000000000000, 1.000000000000000000 ) ) ;
#443 = VERTEX_POINT ( 'NONE', #1316 ) ;
#444 = AXIS2_PLACEMENT_3D ( 'NONE', #45, #2041, #1224 ) ;
#445 = CARTESIAN_POINT ( 'NONE',  ( 1.034826545279513461E-15, -15.50000000000000000, -8.449999999999999289 ) ) ;
#446 = SECURITY_CLASSIFICATION_LEVEL ( 'unclassified' ) ;
#447 = AXIS2_PLACEMENT_3D ( 'NONE', #2111, #785, #1092 ) ;
#448 = EDGE_CURVE ( 'NONE', #1569, #2122, #670, .T. ) ;
#449 = AXIS2_PLACEMENT_3D ( 'NONE', #118, #1831, #1969 ) ;
#450 = CARTESIAN_POINT ( 'NONE',  ( 0.000000000000000000, 6.999999999999999112, 0.000000000000000000 ) ) ;
#451 = DIRECTION ( 'NONE',  ( -0.000000000000000000, 1.000000000000000000, -0.000000000000000000 ) ) ;
#452 = ORIENTED_EDGE ( 'NONE', *, *, #41, .F. ) ;
#453 = CARTESIAN_POINT ( 'NONE',  ( -6.199569652811576681, -14.93111698385147257, -5.744333250174480376 ) ) ;
#454 = LINE ( 'NONE', #2001, #94 ) ;
#455 = ORIENTED_EDGE ( 'NONE', *, *, #1174, .T. ) ;
#456 = LINE ( 'NONE', #1138, #855 ) ;
#457 = ORIENTED_EDGE ( 'NONE', *, *, #1145, .T. ) ;
#458 = AXIS2_PLACEMENT_3D ( 'NONE', #1557, #378, #1693 ) ;
#459 = AXIS2_PLACEMENT_3D ( 'NONE', #2195, #2207, #2027 ) ;
#460 = CYLINDRICAL_SURFACE ( 'NONE', #414, 0.5000000000000000000 ) ;
#461 = CARTESIAN_POINT ( 'NONE',  ( -5.181447215695034636, -14.00201209999440799, 6.680203677761617165 ) ) ;
#462 = ADVANCED_FACE ( 'NONE', ( #955 ), #1156, .T. ) ;
#463 = ORIENTED_EDGE ( 'NONE', *, *, #1033, .T. ) ;
#464 = FACE_OUTER_BOUND ( 'NONE', #1874, .T. ) ;
#465 = ADVANCED_FACE ( 'NONE', ( #2176 ), #627, .T. ) ;
#466 = CARTESIAN_POINT ( 'NONE',  ( 0.000000000000000000, 30.75000000000000000, -2.125000000000000000 ) ) ;
#467 = CARTESIAN_POINT ( 'NONE',  ( 13.39999999999999858, -15.50000000000000000, 13.39999999999999680 ) ) ;
#468 = DATE_AND_TIME ( #629, #639 ) ;
#469 = ORIENTED_EDGE ( 'NONE', *, *, #476, .F. ) ;
#470 = EDGE_CURVE ( 'NONE', #1172, #968, #2209, .T. ) ;
#471 = CARTESIAN_POINT ( 'NONE',  ( -13.39999999999999680, -20.50000000000000000, -2.899999999999997691 ) ) ;
#472 = EDGE_LOOP ( 'NONE', ( #1309, #942, #1608, #1645, #862, #1158, #1484 ) ) ;
#473 = VERTEX_POINT ( 'NONE', #1336 ) ;
#474 = LINE ( 'NONE', #136, #962 ) ;
#475 = DIRECTION ( 'NONE',  ( 0.000000000000000000, -1.000000000000000000, 0.000000000000000000 ) ) ;
#476 = EDGE_CURVE ( 'NONE', #1116, #1252, #456, .T. ) ;
#477 = DIRECTION ( 'NONE',  ( -0.000000000000000000, 1.000000000000000000, -0.000000000000000000 ) ) ;
#478 = ORIENTED_EDGE ( 'NONE', *, *, #152, .T. ) ;
#479 = DIRECTION ( 'NONE',  ( 0.000000000000000000, 1.000000000000000000, -0.000000000000000000 ) ) ;
#480 = CARTESIAN_POINT ( 'NONE',  ( -7.753392733098933398, -15.50000000000000178, 3.359672770721670254 ) ) ;
#481 = ORIENTED_EDGE ( 'NONE', *, *, #584, .F. ) ;
#482 = FACE_OUTER_BOUND ( 'NONE', #1310, .T. ) ;
#483 = DIRECTION ( 'NONE',  ( -8.519525658916538453E-17, 0.000000000000000000, -1.000000000000000000 ) ) ;
#484 = VERTEX_POINT ( 'NONE', #273 ) ;
#485 = DIRECTION ( 'NONE',  ( 8.519525658916538453E-17, -0.000000000000000000, -1.000000000000000000 ) ) ;
#486 = ORIENTED_EDGE ( 'NONE', *, *, #628, .F. ) ;
#487 = EDGE_CURVE ( 'NONE', #1604, #492, #1544, .T. ) ;
#488 = CIRCLE ( 'NONE', #31, 14.00000000000000000 ) ;
#489 = DIRECTION ( 'NONE',  ( 0.000000000000000000, -0.000000000000000000, 1.000000000000000000 ) ) ;
#490 = CARTESIAN_POINT ( 'NONE',  ( -13.39999999999999680, -20.00000000000000000, 3.399999999999997691 ) ) ;
#491 = AXIS2_PLACEMENT_3D ( 'NONE', #173, #507, #1916 ) ;
#492 = VERTEX_POINT ( 'NONE', #1841 ) ;
#493 = DIRECTION ( 'NONE',  ( -0.000000000000000000, 1.000000000000000000, -0.000000000000000000 ) ) ;
#494 = CARTESIAN_POINT ( 'NONE',  ( 5.000000000000000000, -9.500000000000001776, 0.000000000000000000 ) ) ;
#495 = ORIENTED_EDGE ( 'NONE', *, *, #406, .F. ) ;
#496 = CARTESIAN_POINT ( 'NONE',  ( -5.000000000000000000, 31.50000000000000000, 0.000000000000000000 ) ) ;
#497 = VERTEX_POINT ( 'NONE', #2165 ) ;
#498 = CARTESIAN_POINT ( 'NONE',  ( 0.000000000000000000, -15.50000000000000000, 0.000000000000000000 ) ) ;
#499 = VECTOR ( 'NONE', #1756, 1000.000000000000000 ) ;
#500 = CARTESIAN_POINT ( 'NONE',  ( 0.000000000000000000, -13.50000000000000000, 0.000000000000000000 ) ) ;
#501 = CARTESIAN_POINT ( 'NONE',  ( -8.610374635566616419, -15.50000000059356609, 4.616935641955057790 ) ) ;
#502 = AXIS2_PLACEMENT_3D ( 'NONE', #1147, #1832, #295 ) ;
#503 = DIRECTION ( 'NONE',  ( 0.000000000000000000, 0.000000000000000000, -1.000000000000000000 ) ) ;
#504 = LINE ( 'NONE', #1699, #1128 ) ;
#505 = ORIENTED_EDGE ( 'NONE', *, *, #1286, .T. ) ;
#506 = CC_DESIGN_PERSON_AND_ORGANIZATION_ASSIGNMENT ( #1963, #1629, ( #966 ) ) ;
#507 = DIRECTION ( 'NONE',  ( 0.000000000000000000, -1.000000000000000000, 0.000000000000000000 ) ) ;
#508 = DIRECTION ( 'NONE',  ( 0.000000000000000000, 0.000000000000000000, -1.000000000000000000 ) ) ;
#509 = ORIENTED_EDGE ( 'NONE', *, *, #427, .T. ) ;
#510 = CARTESIAN_POINT ( 'NONE',  ( 2.571758278209441957E-16, 6.999999999999999112, 7.100000000000000533 ) ) ;
#511 = VECTOR ( 'NONE', #736, 1000.000000000000000 ) ;
#512 = DIRECTION ( 'NONE',  ( -1.703905131783307691E-16, 0.000000000000000000, -1.000000000000000000 ) ) ;
#513 = CARTESIAN_POINT ( 'NONE',  ( -5.867505247182476680, -14.93302635388466371, 6.082962397295472279 ) ) ;
#514 = EDGE_CURVE ( 'NONE', #34, #443, #579, .T. ) ;
#515 = AXIS2_PLACEMENT_3D ( 'NONE', #622, #2006, #1855 ) ;
#516 = CYLINDRICAL_SURFACE ( 'NONE', #878, 8.449999999999999289 ) ;
#517 = ORIENTED_EDGE ( 'NONE', *, *, #380, .F. ) ;
#518 = CARTESIAN_POINT ( 'NONE',  ( 6.909810519434087972, -15.50000000090176400, -5.783366983465611177 ) ) ;
#519 = CARTESIAN_POINT ( 'NONE',  ( 3.854964442065207830, -13.54158357217373343, 7.524048259926812143 ) ) ;
#520 = DIRECTION ( 'NONE',  ( -8.260587980841938780E-16, 0.000000000000000000, -1.000000000000000000 ) ) ;
#521 = ORIENTED_EDGE ( 'NONE', *, *, #1971, .F. ) ;
#522 = CARTESIAN_POINT ( 'NONE',  ( -4.963614052894426365, -13.91099158024506899, 6.843398643206699106 ) ) ;
#523 = DIRECTION ( 'NONE',  ( 0.000000000000000000, 0.000000000000000000, 1.000000000000000000 ) ) ;
#524 = CARTESIAN_POINT ( 'NONE',  ( -9.364686109572488704, -15.50000000000000000, 4.247139431256606201 ) ) ;
#525 = CARTESIAN_POINT ( 'NONE',  ( 7.476306594225577307, -15.49999999900056835, 5.334748074650982552 ) ) ;
#526 = DIRECTION ( 'NONE',  ( -1.000000000000000000, 0.000000000000000000, 1.703905131783307691E-16 ) ) ;
#527 = AXIS2_PLACEMENT_3D ( 'NONE', #180, #526, #823 ) ;
#528 = ORIENTED_EDGE ( 'NONE', *, *, #436, .F. ) ;
#529 = CARTESIAN_POINT ( 'NONE',  ( 7.776584839095836976, -15.50000000100617648, -5.124258697116190753 ) ) ;
#530 = CARTESIAN_POINT ( 'NONE',  ( 5.580377952620141357, -14.13213766215850775, 6.350674946689541578 ) ) ;
#531 = CARTESIAN_POINT ( 'NONE',  ( -4.316663853821363084, -13.66332362742809714, -7.269007238984352526 ) ) ;
#532 = ORIENTED_EDGE ( 'NONE', *, *, #258, .T. ) ;
#533 = CARTESIAN_POINT ( 'NONE',  ( -6.685466614579859801, -13.99925955528425803, 5.174575008436665513 ) ) ;
#534 = CARTESIAN_POINT ( 'NONE',  ( 0.000000000000000000, 31.50000000000000000, 5.000000000000000000 ) ) ;
#535 = CARTESIAN_POINT ( 'NONE',  ( -13.39999999999999858, -15.50000000000000000, -13.39999999999999680 ) ) ;
#536 = AXIS2_PLACEMENT_3D ( 'NONE', #1744, #190, #1588 ) ;
#537 = VECTOR ( 'NONE', #1207, 1000.000000000000000 ) ;
#538 = CARTESIAN_POINT ( 'NONE',  ( 4.356156525457739015, -15.49999999940647299, 9.123128955762801695 ) ) ;
#539 = VERTEX_POINT ( 'NONE', #1667 ) ;
#540 = CARTESIAN_POINT ( 'NONE',  ( 0.000000000000000000, 30.75000000000000000, 0.000000000000000000 ) ) ;
#541 = DIRECTION ( 'NONE',  ( 0.000000000000000000, -1.000000000000000000, 0.000000000000000000 ) ) ;
#542 = EDGE_CURVE ( 'NONE', #2104, #624, #1326, .T. ) ;
#543 = FACE_OUTER_BOUND ( 'NONE', #2208, .T. ) ;
#544 = VERTEX_POINT ( 'NONE', #307 ) ;
#545 = AXIS2_PLACEMENT_3D ( 'NONE', #1980, #270, #442 ) ;
#546 = ORIENTED_EDGE ( 'NONE', *, *, #28, .T. ) ;
#547 = CARTESIAN_POINT ( 'NONE',  ( 13.58086889709196932, -20.00000000000000000, 3.399999999999998135 ) ) ;
#548 = CARTESIAN_POINT ( 'NONE',  ( -4.965169455134966547, -13.91159447624817247, -6.842355838789675460 ) ) ;
#549 = CARTESIAN_POINT ( 'NONE',  ( 3.626728642640566047, -15.20201248022033447, -7.639472578495619892 ) ) ;
#550 = LINE ( 'NONE', #370, #1872 ) ;
#551 = ADVANCED_FACE ( 'NONE', ( #1120 ), #1802, .T. ) ;
#552 = CARTESIAN_POINT ( 'NONE',  ( 6.082962397295764490, -14.93302635388495858, 5.867505247182259076 ) ) ;
#553 = ORIENTED_EDGE ( 'NONE', *, *, #1426, .T. ) ;
#554 = CIRCLE ( 'NONE', #972, 2.100000000000000089 ) ;
#555 = CARTESIAN_POINT ( 'NONE',  ( 3.400000000000350298, -20.13385032297559718, 13.58086889709220557 ) ) ;
#556 = DIRECTION ( 'NONE',  ( 0.000000000000000000, 0.000000000000000000, -1.000000000000000000 ) ) ;
#557 = CARTESIAN_POINT ( 'NONE',  ( -3.399999999999999467, -15.50000000000000000, 13.58086889709196754 ) ) ;
#558 = VERTEX_POINT ( 'NONE', #1690 ) ;
#559 = AXIS2_PLACEMENT_3D ( 'NONE', #604, #148, #483 ) ;
#560 = DIRECTION ( 'NONE',  ( -1.703905131783307691E-16, 0.000000000000000000, 1.000000000000000000 ) ) ;
#561 = CARTESIAN_POINT ( 'NONE',  ( 4.751348577032180387, -14.91476916213346371, -6.998283371060836089 ) ) ;
#562 = EDGE_CURVE ( 'NONE', #492, #1116, #1739, .T. ) ;
#563 = CARTESIAN_POINT ( 'NONE',  ( 7.434865650520152691, -15.01962958555856531, 4.033928498869622459 ) ) ;
#564 = ORIENTED_EDGE ( 'NONE', *, *, #2182, .F. ) ;
#565 = CARTESIAN_POINT ( 'NONE',  ( 6.352795256033870963, -14.13145331699489482, -5.577925610539113954 ) ) ;
#566 = CIRCLE ( 'NONE', #852, 10.50000000000000000 ) ;
#567 = CARTESIAN_POINT ( 'NONE',  ( -4.033928498869880919, -15.01962958555885663, 7.434865650520297464 ) ) ;
#568 = CARTESIAN_POINT ( 'NONE',  ( -3.159076166729010815, -20.44700518391625721, 13.63925534234538617 ) ) ;
#569 = VERTEX_POINT ( 'NONE', #33 ) ;
#570 = CIRCLE ( 'NONE', #1350, 2.000000000000000000 ) ;
#571 = CARTESIAN_POINT ( 'NONE',  ( 3.399999999999999467, -15.50000000000000000, 13.39999999999999680 ) ) ;
#572 = DIRECTION ( 'NONE',  ( 1.000000000000000000, 0.000000000000000000, -0.000000000000000000 ) ) ;
#573 = LINE ( 'NONE', #65, #618 ) ;
#574 = ORIENTED_EDGE ( 'NONE', *, *, #1640, .F. ) ;
#575 = DIRECTION ( 'NONE',  ( -1.000000000000000000, 0.000000000000000000, 8.519525658916538453E-17 ) ) ;
#576 = CARTESIAN_POINT ( 'NONE',  ( -3.399999999999999467, -15.50000000000000000, -13.58086889709196754 ) ) ;
#577 = CARTESIAN_POINT ( 'NONE',  ( -13.58086889709196754, -20.00000000000000000, 3.399999999999997691 ) ) ;
#578 = ORIENTED_EDGE ( 'NONE', *, *, #831, .F. ) ;
#579 = CIRCLE ( 'NONE', #502, 14.00000000000000000 ) ;
#580 = CARTESIAN_POINT ( 'NONE',  ( 13.39999999999999858, -20.50000000000000000, -13.39999999999999680 ) ) ;
#581 = CARTESIAN_POINT ( 'NONE',  ( -3.399999999999999467, -20.00000000000000000, 13.58086889709196754 ) ) ;
#582 = DIRECTION ( 'NONE',  ( 0.000000000000000000, 1.000000000000000000, 0.000000000000000000 ) ) ;
#583 = ADVANCED_FACE ( 'NONE', ( #849 ), #1906, .F. ) ;
#584 = EDGE_CURVE ( 'NONE', #181, #698, #417, .T. ) ;
#585 = EDGE_LOOP ( 'NONE', ( #1449, #1394, #1054, #1760 ) ) ;
#586 = CARTESIAN_POINT ( 'NONE',  ( -6.158260357392486561, -14.16706185854767419, -5.787619376195829446 ) ) ;
#587 = LINE ( 'NONE', #979, #827 ) ;
#588 = DIRECTION ( 'NONE',  ( 0.000000000000000000, 0.000000000000000000, -1.000000000000000000 ) ) ;
#589 = EDGE_LOOP ( 'NONE', ( #642, #1439, #1335, #574 ) ) ;
#590 = VECTOR ( 'NONE', #1622, 1000.000000000000000 ) ;
#591 = LINE ( 'NONE', #1962, #1279 ) ;
#592 = DIRECTION ( 'NONE',  ( 1.000000000000000000, 0.000000000000000000, 0.000000000000000000 ) ) ;
#593 = CARTESIAN_POINT ( 'NONE',  ( 0.000000000000000000, 0.000000000000000000, 0.000000000000000000 ) ) ;
#594 = VERTEX_POINT ( 'NONE', #1714 ) ;
#595 = EDGE_CURVE ( 'NONE', #991, #1036, #5, .T. ) ;
#596 = DIRECTION ( 'NONE',  ( 0.000000000000000000, -1.000000000000000000, 0.000000000000000000 ) ) ;
#597 = CARTESIAN_POINT ( 'NONE',  ( -13.39999999999999858, -20.00000000000000000, -13.39999999999999680 ) ) ;
#598 = ORIENTED_EDGE ( 'NONE', *, *, #1655, .T. ) ;
#599 = CARTESIAN_POINT ( 'NONE',  ( 7.269007238984352526, -13.66332362742809536, -4.316663853821362196 ) ) ;
#600 = PERSON_AND_ORGANIZATION_ROLE ( 'creator' ) ;
#601 = CARTESIAN_POINT ( 'NONE',  ( 0.000000000000000000, -20.50000000000000000, 0.000000000000000000 ) ) ;
#602 = ORIENTED_EDGE ( 'NONE', *, *, #1925, .F. ) ;
#603 = CARTESIAN_POINT ( 'NONE',  ( 3.399999999999999467, -20.50000000000000000, 13.58086889709196754 ) ) ;
#604 = CARTESIAN_POINT ( 'NONE',  ( -3.399999999999999467, -20.50000000000000000, -13.58086889709196754 ) ) ;
#605 = CC_DESIGN_APPROVAL ( #669, ( #1466 ) ) ;
#606 = ORIENTED_EDGE ( 'NONE', *, *, #1058, .T. ) ;
#607 = AXIS2_PLACEMENT_3D ( 'NONE', #1402, #1414, #1059 ) ;
#608 = EDGE_CURVE ( 'NONE', #172, #1006, #682, .T. ) ;
#609 = DIRECTION ( 'NONE',  ( 0.000000000000000000, 1.000000000000000000, 0.000000000000000000 ) ) ;
#610 = CARTESIAN_POINT ( 'NONE',  ( -13.58086889709196932, -20.00000000000000000, -3.399999999999996358 ) ) ;
#611 = ORIENTED_EDGE ( 'NONE', *, *, #350, .T. ) ;
#612 = CARTESIAN_POINT ( 'NONE',  ( -6.427245538083680820, -14.10139555445144310, -5.487305249349319958 ) ) ;
#613 = DIRECTION ( 'NONE',  ( -1.000000000000000000, 0.000000000000000000, -1.703905131783307691E-16 ) ) ;
#614 = ORIENTED_EDGE ( 'NONE', *, *, #1039, .T. ) ;
#615 = AXIS2_PLACEMENT_3D ( 'NONE', #1738, #1026, #556 ) ;
#616 = DIRECTION ( 'NONE',  ( 0.000000000000000000, 0.000000000000000000, -1.000000000000000000 ) ) ;
#617 = APPROVAL_STATUS ( 'not_yet_approved' ) ;
#618 = VECTOR ( 'NONE', #429, 1000.000000000000000 ) ;
#619 = EDGE_CURVE ( 'NONE', #1741, #915, #1730, .T. ) ;
#620 = ORIENTED_EDGE ( 'NONE', *, *, #28, .F. ) ;
#621 = EDGE_CURVE ( 'NONE', #594, #1662, #1566, .T. ) ;
#622 = CARTESIAN_POINT ( 'NONE',  ( 0.000000000000000000, -15.50000000000000000, 0.000000000000000000 ) ) ;
#623 = CARTESIAN_POINT ( 'NONE',  ( -3.850562413327766276, -13.54063445859726400, 7.526349297690585693 ) ) ;
#624 = VERTEX_POINT ( 'NONE', #353 ) ;
#625 = LINE ( 'NONE', #2037, #2107 ) ;
#626 = DIRECTION ( 'NONE',  ( -0.000000000000000000, 1.000000000000000000, -0.000000000000000000 ) ) ;
#627 = PLANE ( 'NONE',  #391 ) ;
#628 = EDGE_CURVE ( 'NONE', #1793, #1469, #1945, .T. ) ;
#629 = CALENDAR_DATE ( 2026, 26, 8 ) ;
#630 = ORIENTED_EDGE ( 'NONE', *, *, #648, .F. ) ;
#631 = AXIS2_PLACEMENT_3D ( 'NONE', #845, #1871, #660 ) ;
#632 = TOROIDAL_SURFACE ( 'NONE', #1208, 10.50000000000000000, 0.5000000000000000000 ) ;
#633 = EDGE_CURVE ( 'NONE', #838, #1604, #1862, .T. ) ;
#634 = CARTESIAN_POINT ( 'NONE',  ( 0.000000000000000000, -9.500000000000001776, 2.899999999999999911 ) ) ;
#635 = DIRECTION ( 'NONE',  ( 0.3975944107362929247, -0.000000000000000000, 0.9175612701892228440 ) ) ;
#636 = VERTEX_POINT ( 'NONE', #174 ) ;
#637 = CARTESIAN_POINT ( 'NONE',  ( 0.000000000000000000, -13.50000000000000000, 0.000000000000000000 ) ) ;
#638 = PLANE ( 'NONE',  #449 ) ;
#639 = LOCAL_TIME ( 9, 45, 18.00000000000000000, #2166 ) ;
#640 = B_SPLINE_CURVE_WITH_KNOTS ( 'NONE', 3,
 ( #1421, #1273, #2103, #568, #1941, #1772 ),
 .UNSPECIFIED., .F., .F.,
 ( 4, 2, 4 ),
 ( 0.000000000000000000, 0.0003955797467417200152, 0.0007911594934834400303 ),
 .UNSPECIFIED. ) ;
#641 = DIRECTION ( 'NONE',  ( 0.000000000000000000, -1.000000000000000000, 0.000000000000000000 ) ) ;
#642 = ORIENTED_EDGE ( 'NONE', *, *, #652, .F. ) ;
#643 = DIRECTION ( 'NONE',  ( 1.000000000000000000, 0.000000000000000000, -1.703905131783307691E-16 ) ) ;
#644 = CARTESIAN_POINT ( 'NONE',  ( -6.352795256034399429, -14.13145331699489482, 5.577925610538473578 ) ) ;
#645 = B_SPLINE_CURVE_WITH_KNOTS ( 'NONE', 3,
 ( #1719, #202, #2046, #1559, #1363, #1706 ),
 .UNSPECIFIED., .F., .F.,
 ( 4, 2, 4 ),
 ( 0.000000000000000000, 0.0003955797467417200152, 0.0007911594934834400303 ),
 .UNSPECIFIED. ) ;
#646 = VECTOR ( 'NONE', #1409, 1000.000000000000000 ) ;
#647 = ORIENTED_EDGE ( 'NONE', *, *, #621, .F. ) ;
#648 = EDGE_CURVE ( 'NONE', #1747, #473, #792, .T. ) ;
#649 = CARTESIAN_POINT ( 'NONE',  ( -5.000000000000000000, 31.50000000000000000, 0.000000000000000000 ) ) ;
#650 = FACE_OUTER_BOUND ( 'NONE', #1292, .T. ) ;
#651 = ORIENTED_EDGE ( 'NONE', *, *, #1266, .F. ) ;
#652 = EDGE_CURVE ( 'NONE', #1236, #473, #1165, .T. ) ;
#653 = CARTESIAN_POINT ( 'NONE',  ( -13.39999999999999858, -20.50000000000000000, -13.39999999999999680 ) ) ;
#654 = ORIENTED_EDGE ( 'NONE', *, *, #619, .T. ) ;
#655 = AXIS2_PLACEMENT_3D ( 'NONE', #419, #1468, #248 ) ;
#656 = DIRECTION ( 'NONE',  ( 0.000000000000000000, 1.000000000000000000, 0.000000000000000000 ) ) ;
#657 = CARTESIAN_POINT ( 'NONE',  ( -7.436803515213436633, -15.02090009060434994, 4.030241029915040407 ) ) ;
#658 = CIRCLE ( 'NONE', #377, 2.125000000000000000 ) ;
#659 = ORIENTED_EDGE ( 'NONE', *, *, #1825, .T. ) ;
#660 = DIRECTION ( 'NONE',  ( 0.000000000000000000, 0.000000000000000000, -1.000000000000000000 ) ) ;
#661 = FACE_OUTER_BOUND ( 'NONE', #806, .T. ) ;
#662 = VERTEX_POINT ( 'NONE', #318 ) ;
#663 = DIRECTION ( 'NONE',  ( -0.000000000000000000, 1.000000000000000000, -0.000000000000000000 ) ) ;
#664 = VERTEX_POINT ( 'NONE', #1359 ) ;
#665 = CARTESIAN_POINT ( 'NONE',  ( 13.39999999999999680, -20.00000000000000000, -2.899999999999997691 ) ) ;
#666 = CIRCLE ( 'NONE', #752, 10.00000000000000000 ) ;
#667 = DIRECTION ( 'NONE',  ( -1.000000000000000000, 0.000000000000000000, 1.703905131783307691E-16 ) ) ;
#668 = CYLINDRICAL_SURFACE ( 'NONE', #1586, 0.5000000000000000000 ) ;
#669 = APPROVAL ( #1276, 'UNSPECIFIED' ) ;
#670 = CIRCLE ( 'NONE', #965, 2.000000000000000000 ) ;
#671 = DIRECTION ( 'NONE',  ( 1.000000000000000000, 0.000000000000000000, 0.000000000000000000 ) ) ;
#672 = CARTESIAN_POINT ( 'NONE',  ( 0.000000000000000000, -13.50000000000000000, 0.000000000000000000 ) ) ;
#673 = ORIENTED_EDGE ( 'NONE', *, *, #775, .F. ) ;
#674 = LINE ( 'NONE', #352, #1661 ) ;
#675 = CARTESIAN_POINT ( 'NONE',  ( 13.39999999999999680, -20.50000000000000000, 3.399999999999997691 ) ) ;
#676 = EDGE_CURVE ( 'NONE', #1948, #1172, #2040, .T. ) ;
#677 = EDGE_LOOP ( 'NONE', ( #894, #1864, #233, #284 ) ) ;
#678 = CARTESIAN_POINT ( 'NONE',  ( 0.000000000000000000, -13.50000000000000000, 0.000000000000000000 ) ) ;
#679 = ADVANCED_FACE ( 'NONE', ( #2055, #1004 ), #1040, .T. ) ;
#680 = CARTESIAN_POINT ( 'NONE',  ( -5.000000000000000000, -9.500000000000001776, 0.000000000000000000 ) ) ;
#681 = LINE ( 'NONE', #490, #537 ) ;
#682 = CIRCLE ( 'NONE', #904, 8.449999999999999289 ) ;
#683 = CARTESIAN_POINT ( 'NONE',  ( 7.766488653013965404, -15.50000000089971941, 5.131065303406286304 ) ) ;
#684 = FACE_OUTER_BOUND ( 'NONE', #1289, .T. ) ;
#685 = ORIENTED_EDGE ( 'NONE', *, *, #2063, .T. ) ;
#686 = CARTESIAN_POINT ( 'NONE',  ( 4.972629017489381908, -13.91462181251038466, -6.836969851841022461 ) ) ;
#687 = CARTESIAN_POINT ( 'NONE',  ( 3.613859795916589235, -13.50000000000000000, 7.643249308585886581 ) ) ;
#688 = DIRECTION ( 'NONE',  ( 0.000000000000000000, -1.000000000000000000, 0.000000000000000000 ) ) ;
#689 = ORIENTED_EDGE ( 'NONE', *, *, #869, .F. ) ;
#690 = CARTESIAN_POINT ( 'NONE',  ( -5.574614977412317707, -14.12573746617287007, 6.351724952183203321 ) ) ;
#691 = EDGE_CURVE ( 'NONE', #703, #172, #2062, .T. ) ;
#692 = CARTESIAN_POINT ( 'NONE',  ( 3.610453085001352758, -13.50000001098358027, -7.644725492534469424 ) ) ;
#693 = DIRECTION ( 'NONE',  ( 0.000000000000000000, 0.000000000000000000, -1.000000000000000000 ) ) ;
#694 = EDGE_CURVE ( 'NONE', #1331, #127, #754, .T. ) ;
#695 = CIRCLE ( 'NONE', #20, 8.449999999999999289 ) ;
#696 = CARTESIAN_POINT ( 'NONE',  ( 5.774666241884224505, -14.17542321941964545, 6.174905172054516278 ) ) ;
#697 = CARTESIAN_POINT ( 'NONE',  ( -3.399999999999999467, -20.50000000000000000, 13.58086889709196754 ) ) ;
#698 = VERTEX_POINT ( 'NONE', #577 ) ;
#699 = CARTESIAN_POINT ( 'NONE',  ( 3.030853332859384075, -20.49999999999999645, 13.66864361618951484 ) ) ;
#700 = CARTESIAN_POINT ( 'NONE',  ( 4.967617006349485109, -13.91260954509412073, 6.840528462167124069 ) ) ;
#701 = CARTESIAN_POINT ( 'NONE',  ( -3.359672770721675583, -13.50000000000000000, -7.753392733098932510 ) ) ;
#702 = EDGE_CURVE ( 'NONE', #181, #915, #439, .T. ) ;
#703 = VERTEX_POINT ( 'NONE', #1106 ) ;
#704 = DIRECTION ( 'NONE',  ( 0.000000000000000000, -1.000000000000000000, 0.000000000000000000 ) ) ;
#705 = DIRECTION ( 'NONE',  ( 0.000000000000000000, 0.000000000000000000, -1.000000000000000000 ) ) ;
#706 = DIRECTION ( 'NONE',  ( 0.000000000000000000, -1.000000000000000000, 0.000000000000000000 ) ) ;
#707 = AXIS2_PLACEMENT_3D ( 'NONE', #1275, #899, #1774 ) ;
#708 = ADVANCED_BREP_SHAPE_REPRESENTATION ( 'ES1', ( #1512, #1177 ), #320 ) ;
#709 = EDGE_CURVE ( 'NONE', #624, #636, #930, .T. ) ;
#710 = CARTESIAN_POINT ( 'NONE',  ( 4.533031668236058742, -13.74268496645705184, 7.135990823816503514 ) ) ;
#711 = DIRECTION ( 'NONE',  ( 0.000000000000000000, -1.000000000000000000, 0.000000000000000000 ) ) ;
#712 = ORIENTED_EDGE ( 'NONE', *, *, #983, .T. ) ;
#713 = CC_DESIGN_APPROVAL ( #272, ( #966 ) ) ;
#714 = CARTESIAN_POINT ( 'NONE',  ( -3.399999999999999467, -20.00000000000000000, 13.58086889709196754 ) ) ;
#715 = DIRECTION ( 'NONE',  ( 0.000000000000000000, 0.000000000000000000, -1.000000000000000000 ) ) ;
#716 = CARTESIAN_POINT ( 'NONE',  ( -13.63936949761470174, -20.44736208302749603, 3.158590908333839931 ) ) ;
#717 = ORIENTED_EDGE ( 'NONE', *, *, #406, .T. ) ;
#718 = ADVANCED_FACE ( 'NONE', ( #1607 ), #946, .T. ) ;
#719 = ORIENTED_EDGE ( 'NONE', *, *, #831, .T. ) ;
#720 = CARTESIAN_POINT ( 'NONE',  ( -6.350674946689545131, -14.13213766215850953, 5.580377952620140469 ) ) ;
#721 = CARTESIAN_POINT ( 'NONE',  ( -4.262330472434143758, -14.96705976752967437, -7.308780912286765741 ) ) ;
#722 = CARTESIAN_POINT ( 'NONE',  ( 4.154861592194218467, -15.50000000000000000, -9.588515273477483447 ) ) ;
#723 = CARTESIAN_POINT ( 'NONE',  ( -13.69634987870856158, -20.50000000000000000, 2.899999999999997691 ) ) ;
#724 = CIRCLE ( 'NONE', #789, 8.449999999999999289 ) ;
#725 = CARTESIAN_POINT ( 'NONE',  ( 8.331244684232592235, -15.49999999910028059, 4.773329105810160122 ) ) ;
#726 = ORIENTED_EDGE ( 'NONE', *, *, #122, .F. ) ;
#727 = CARTESIAN_POINT ( 'NONE',  ( 7.308780912286612974, -14.96705976752908107, -4.262330472434449291 ) ) ;
#728 = DIRECTION ( 'NONE',  ( -1.000000000000000000, 0.000000000000000000, 0.000000000000000000 ) ) ;
#729 = DIRECTION ( 'NONE',  ( 0.000000000000000000, 0.000000000000000000, -1.000000000000000000 ) ) ;
#730 = VERTEX_POINT ( 'NONE', #1617 ) ;
#731 = AXIS2_PLACEMENT_3D ( 'NONE', #1951, #412, #920 ) ;
#732 = EDGE_CURVE ( 'NONE', #968, #949, #1239, .T. ) ;
#733 = DIRECTION ( 'NONE',  ( -1.000000000000000000, 0.000000000000000000, -1.703905131783307691E-16 ) ) ;
#734 =( LENGTH_UNIT ( ) NAMED_UNIT ( * ) SI_UNIT ( .MILLI., .METRE. ) );
#735 = CARTESIAN_POINT ( 'NONE',  ( 4.268974474215296411, -14.96578527221709720, -7.304947531738123168 ) ) ;
#736 = DIRECTION ( 'NONE',  ( 0.000000000000000000, -1.000000000000000000, 0.000000000000000000 ) ) ;
#737 = CIRCLE ( 'NONE', #491, 10.00000000000000000 ) ;
#738 = CARTESIAN_POINT ( 'NONE',  ( 3.610133905844296720, -13.50000001170920427, 7.644863798120142384 ) ) ;
#739 = ORIENTED_EDGE ( 'NONE', *, *, #702, .F. ) ;
#740 = VECTOR ( 'NONE', #299, 1000.000000000000000 ) ;
#741 = CARTESIAN_POINT ( 'NONE',  ( 5.000000000000000000, 6.999999999999999112, 2.100000000000000089 ) ) ;
#742 = CARTESIAN_POINT ( 'NONE',  ( -4.619381337211057925, -15.50000000061455729, 8.605775610475523862 ) ) ;
#743 = DIRECTION ( 'NONE',  ( -0.000000000000000000, -1.000000000000000000, 0.000000000000000000 ) ) ;
#744 = ORIENTED_EDGE ( 'NONE', *, *, #2147, .F. ) ;
#745 = AXIS2_PLACEMENT_3D ( 'NONE', #2065, #2017, #1551 ) ;
#746 = CARTESIAN_POINT ( 'NONE',  ( 4.313045489978529545, -13.66214941064264821, -7.271141889294412408 ) ) ;
#747 = DIRECTION ( 'NONE',  ( -8.519525658916538453E-17, 0.000000000000000000, 1.000000000000000000 ) ) ;
#748 = DIRECTION ( 'NONE',  ( 0.000000000000000000, -1.000000000000000000, 0.000000000000000000 ) ) ;
#749 = CC_DESIGN_DATE_AND_TIME_ASSIGNMENT ( #1317, #794, ( #1466 ) ) ;
#750 = ORIENTED_EDGE ( 'NONE', *, *, #1727, .F. ) ;
#751 = CARTESIAN_POINT ( 'NONE',  ( -7.753392733098952938, -15.50000000000008349, -3.359672770721624069 ) ) ;
#752 = AXIS2_PLACEMENT_3D ( 'NONE', #1652, #1186, #2025 ) ;
#753 = DIRECTION ( 'NONE',  ( 0.000000000000000000, -0.000000000000000000, -1.000000000000000000 ) ) ;
#754 = LINE ( 'NONE', #1917, #646 ) ;
#755 = ORIENTED_EDGE ( 'NONE', *, *, #75, .T. ) ;
#756 = CIRCLE ( 'NONE', #1137, 10.44999999999999929 ) ;
#757 = DIRECTION ( 'NONE',  ( 0.000000000000000000, 1.000000000000000000, 0.000000000000000000 ) ) ;
#758 = EDGE_CURVE ( 'NONE', #1024, #1728, #2125, .T. ) ;
#759 = CYLINDRICAL_SURFACE ( 'NONE', #916, 14.00000000000000000 ) ;
#760 = ORIENTED_EDGE ( 'NONE', *, *, #2214, .F. ) ;
#761 = CARTESIAN_POINT ( 'NONE',  ( -6.836969851840726697, -13.91462181251067420, -4.972629017489818004 ) ) ;
#762 = CARTESIAN_POINT ( 'NONE',  ( -4.539343672936700713, -13.74504403307204647, 7.132009192333550018 ) ) ;
#763 = CARTESIAN_POINT ( 'NONE',  ( -5.174575008436667289, -13.99925955528425803, -6.685466614579860689 ) ) ;
#764 = ORIENTED_EDGE ( 'NONE', *, *, #691, .T. ) ;
#765 = CARTESIAN_POINT ( 'NONE',  ( 7.753392733098932510, -13.50000000000000000, -3.359672770721674251 ) ) ;
#766 = CARTESIAN_POINT ( 'NONE',  ( -4.154861592194261988, -15.50000000000000000, -9.588515273477376866 ) ) ;
#767 = ADVANCED_FACE ( 'NONE', ( #543 ), #1799, .F. ) ;
#768 = DIRECTION ( 'NONE',  ( 0.000000000000000000, 0.000000000000000000, -1.000000000000000000 ) ) ;
#769 = ORIENTED_EDGE ( 'NONE', *, *, #2108, .T. ) ;
#770 = CARTESIAN_POINT ( 'NONE',  ( -6.038268114983098123, -15.49999999945263340, -6.620549862573046340 ) ) ;
#771 = FACE_OUTER_BOUND ( 'NONE', #1994, .T. ) ;
#772 = ORIENTED_EDGE ( 'NONE', *, *, #1825, .F. ) ;
#773 = CARTESIAN_POINT ( 'NONE',  ( 7.132892024494450922, -13.74450301323268242, -4.537829848109624642 ) ) ;
#774 = APPROVAL_ROLE ( '' ) ;
#775 = EDGE_CURVE ( 'NONE', #1942, #703, #1910, .T. ) ;
#776 = ORIENTED_EDGE ( 'NONE', *, *, #25, .F. ) ;
#777 = CARTESIAN_POINT ( 'NONE',  ( -8.331244684232325781, -15.49999999910020954, -4.773329105810200090 ) ) ;
#778 =( BOUNDED_SURFACE ( )  B_SPLINE_SURFACE ( 3, 2, ( 
 ( #822, #1506, #2184 ),
 ( #1550, #2089, #903 ),
 ( #1721, #1746, #1070 ),
 ( #40, #563, #179 ),
 ( #725, #1733, #1197 ),
 ( #683, #2, #866 ),
 ( #525, #1235, #1365 ),
 ( #1021, #1898, #26 ),
 ( #14, #358, #879 ),
 ( #1403, #2074, #2099 ),
 ( #1758, #552, #1060 ),
 ( #1927, #169, #696 ),
 ( #1378, #383, #217 ),
 ( #892, #1561, #1388 ),
 ( #1046, #1590, #192 ),
 ( #1209, #204, #710 ),
 ( #1417, #345, #2049 ),
 ( #538, #2064, #1220 ),
 ( #1913, #53, #738 ),
 ( #1246, #1577, #1937 ) ),
 .UNSPECIFIED., .F., .F., .F. ) 
 B_SPLINE_SURFACE_WITH_KNOTS ( ( 4, 2, 2, 2, 2, 2, 2, 2, 2, 4 ),
 ( 3, 3 ),
 ( 0.003523835504174482880, 0.004528884993287046745, 0.005533934482399610610, 0.006538983971512174476, 0.007041508716068456408, 0.007544033460624737474, 0.008549082949737300471, 0.009554132438849864337, 0.01055918192796242820, 0.01156423141707499207 ),
 ( 0.000000000000000000, 1.000000000000000000 ),
 .UNSPECIFIED. ) 
 GEOMETRIC_REPRESENTATION_ITEM ( )  RATIONAL_B_SPLINE_SURFACE ( (
 ( 1.000000000000000000, 0.7071067811865332509, 1.000000000000000000),
 ( 1.000000000000000000, 0.7369879944220447676, 1.000000000000000000),
 ( 1.000000000000000000, 0.7665527350650270799, 1.000000000000000000),
 ( 1.000000000000000000, 0.8212082871063187683, 1.000000000000000000),
 ( 1.000000000000000000, 0.8463571583743562110, 1.000000000000000000),
 ( 1.000000000000000000, 0.8885163617125512170, 1.000000000000000000),
 ( 1.000000000000000000, 0.9055796002777254383, 1.000000000000000000),
 ( 1.000000000000000000, 0.9232213309493894071, 1.000000000000000000),
 ( 1.000000000000000000, 0.9277762295987157515, 1.000000000000000000),
 ( 1.000000000000000000, 0.9338936668492996418, 1.000000000000000000),
 ( 1.000000000000000000, 0.9354386179267656365, 1.000000000000000000),
 ( 1.000000000000000000, 0.9351692948708526520, 1.000000000000000000),
 ( 1.000000000000000000, 0.9286026647738516715, 1.000000000000000000),
 ( 1.000000000000000000, 0.9049468357465064727, 1.000000000000000000),
 ( 1.000000000000000000, 0.8878579268677064817, 1.000000000000000000),
 ( 1.000000000000000000, 0.8456734174006739213, 1.000000000000000000),
 ( 1.000000000000000000, 0.8207498622454756365, 1.000000000000000000),
 ( 1.000000000000000000, 0.7663943397154195925, 1.000000000000000000),
 ( 1.000000000000000000, 0.7369516724499920457, 1.000000000000000000),
 ( 1.000000000000000000, 0.7071067811865470176, 1.000000000000000000) ) ) 
 REPRESENTATION_ITEM ( '' )  SURFACE ( )  );
#779 = FACE_OUTER_BOUND ( 'NONE', #1131, .T. ) ;
#780 = VERTEX_POINT ( 'NONE', #1931 ) ;
#781 = CARTESIAN_POINT ( 'NONE',  ( -2.899999999999998135, -20.00000000000000000, -2.470662441085794611E-16 ) ) ;
#782 = PERSON_AND_ORGANIZATION ( #306, #1620 ) ;
#783 = AXIS2_PLACEMENT_3D ( 'NONE', #653, #963, #616 ) ;
#784 = ADVANCED_FACE ( 'NONE', ( #375 ), #257, .F. ) ;
#785 = DIRECTION ( 'NONE',  ( 1.000000000000000000, 0.000000000000000000, -0.000000000000000000 ) ) ;
#786 = ORIENTED_EDGE ( 'NONE', *, *, #562, .F. ) ;
#787 = CARTESIAN_POINT ( 'NONE',  ( -7.434865650520158020, -15.01962958555857774, -4.033928498869744139 ) ) ;
#788 = DIRECTION ( 'NONE',  ( 0.000000000000000000, -1.000000000000000000, 0.000000000000000000 ) ) ;
#789 = AXIS2_PLACEMENT_3D ( 'NONE', #500, #1386, #356 ) ;
#790 = VERTEX_POINT ( 'NONE', #1596 ) ;
#791 = EDGE_CURVE ( 'NONE', #1342, #1259, #1404, .T. ) ;
#792 = CIRCLE ( 'NONE', #1360, 2.100000000000000089 ) ;
#793 = CARTESIAN_POINT ( 'NONE',  ( 7.643889925036131849, -13.49999999999999289, 3.612381392730017904 ) ) ;
#794 = DATE_TIME_ROLE ( 'creation_date' ) ;
#795 = EDGE_CURVE ( 'NONE', #2104, #2028, #640, .T. ) ;
#796 = VERTEX_POINT ( 'NONE', #69 ) ;
#797 = FACE_OUTER_BOUND ( 'NONE', #1627, .T. ) ;
#798 = DIRECTION ( 'NONE',  ( -0.000000000000000000, -1.000000000000000000, -0.000000000000000000 ) ) ;
#799 = ORIENTED_EDGE ( 'NONE', *, *, #2130, .F. ) ;
#800 = DIRECTION ( 'NONE',  ( 0.000000000000000000, 0.000000000000000000, 1.000000000000000000 ) ) ;
#801 = DIRECTION ( 'NONE',  ( 0.000000000000000000, 0.000000000000000000, 1.000000000000000000 ) ) ;
#802 = ORIENTED_EDGE ( 'NONE', *, *, #1887, .T. ) ;
#803 = AXIS2_PLACEMENT_3D ( 'NONE', #1232, #52, #1068 ) ;
#804 = CARTESIAN_POINT ( 'NONE',  ( 3.399999999999999467, -15.50000000000000000, -13.58086889709196754 ) ) ;
#805 = CALENDAR_DATE ( 2026, 26, 8 ) ;
#806 = EDGE_LOOP ( 'NONE', ( #1961, #553, #1089, #486, #2183, #1892 ) ) ;
#807 = CARTESIAN_POINT ( 'NONE',  ( -3.399999999999999467, -20.00000000000000000, -13.58086889709196754 ) ) ;
#808 = CARTESIAN_POINT ( 'NONE',  ( -3.359672770721624069, -15.50000000000008527, 7.753392733098954714 ) ) ;
#809 = APPLICATION_CONTEXT ( 'configuration controlled 3d designs of mechanical parts and assemblies' ) ;
#810 = ORIENTED_EDGE ( 'NONE', *, *, #1655, .F. ) ;
#811 = PRODUCT_RELATED_PRODUCT_CATEGORY ( 'detail', '', ( #418 ) ) ;
#812 = DIRECTION ( 'NONE',  ( 0.000000000000000000, -1.000000000000000000, 0.000000000000000000 ) ) ;
#813 = FACE_OUTER_BOUND ( 'NONE', #2024, .T. ) ;
#814 = CYLINDRICAL_SURFACE ( 'NONE', #783, 10.00000000000000000 ) ;
#815 = APPROVAL_ROLE ( '' ) ;
#816 = ORIENTED_EDGE ( 'NONE', *, *, #448, .F. ) ;
#817 = CIRCLE ( 'NONE', #1999, 8.449999999999999289 ) ;
#818 = ADVANCED_FACE ( 'NONE', ( #1676 ), #1809, .T. ) ;
#819 = PLANE ( 'NONE',  #515 ) ;
#820 = CARTESIAN_POINT ( 'NONE',  ( -7.639745051305396828, -15.20275021889961486, 3.626003123957802554 ) ) ;
#821 = ORIENTED_EDGE ( 'NONE', *, *, #98, .T. ) ;
#822 = CARTESIAN_POINT ( 'NONE',  ( 9.588515273477483447, -15.50000000000000000, 4.154861592194216691 ) ) ;
#823 = DIRECTION ( 'NONE',  ( 1.703905131783307691E-16, 0.000000000000000000, 1.000000000000000000 ) ) ;
#824 = ORIENTED_EDGE ( 'NONE', *, *, #1351, .F. ) ;
#825 = AXIS2_PLACEMENT_3D ( 'NONE', #680, #1030, #523 ) ;
#826 = DIRECTION ( 'NONE',  ( -8.519525658916538453E-17, 0.000000000000000000, 1.000000000000000000 ) ) ;
#827 = VECTOR ( 'NONE', #990, 1000.000000000000000 ) ;
#828 = ORIENTED_EDGE ( 'NONE', *, *, #1759, .T. ) ;
#829 = CARTESIAN_POINT ( 'NONE',  ( 0.000000000000000000, 6.999999999999999112, 5.000000000000000000 ) ) ;
#830 = CARTESIAN_POINT ( 'NONE',  ( 0.000000000000000000, -20.50000000000000000, 0.000000000000000000 ) ) ;
#831 = EDGE_CURVE ( 'NONE', #341, #1816, #832, .T. ) ;
#832 = CIRCLE ( 'NONE', #1692, 14.00000000000000000 ) ;
#833 = EDGE_LOOP ( 'NONE', ( #309, #469, #291, #390 ) ) ;
#834 = CARTESIAN_POINT ( 'NONE',  ( 1.000000000000000000, 7.000000000000000000, 0.000000000000000000 ) ) ;
#835 = CARTESIAN_POINT ( 'NONE',  ( -7.753392733098932510, -13.50000000000000000, 3.359672770721674251 ) ) ;
#836 = ORIENTED_EDGE ( 'NONE', *, *, #791, .F. ) ;
#837 = CARTESIAN_POINT ( 'NONE',  ( -13.39999999999999858, -20.50000000000000000, 13.39999999999999680 ) ) ;
#838 = VERTEX_POINT ( 'NONE', #99 ) ;
#839 = PLANE ( 'NONE',  #2172 ) ;
#840 = AXIS2_PLACEMENT_3D ( 'NONE', #948, #87, #937 ) ;
#841 = DIRECTION ( 'NONE',  ( 0.000000000000000000, 0.000000000000000000, 1.000000000000000000 ) ) ;
#842 = CARTESIAN_POINT ( 'NONE',  ( -6.842355838789431211, -13.91159447624817247, 4.965169455135327148 ) ) ;
#843 = VECTOR ( 'NONE', #1198, 1000.000000000000000 ) ;
#844 = ORIENTED_EDGE ( 'NONE', *, *, #380, .T. ) ;
#845 = CARTESIAN_POINT ( 'NONE',  ( 0.000000000000000000, -13.50000000000000000, 0.000000000000000000 ) ) ;
#846 = DIRECTION ( 'NONE',  ( 0.000000000000000000, -1.000000000000000000, 0.000000000000000000 ) ) ;
#847 = ADVANCED_FACE ( 'NONE', ( #771 ), #960, .T. ) ;
#848 = EDGE_LOOP ( 'NONE', ( #659, #2004, #1978, #1149 ) ) ;
#849 = FACE_OUTER_BOUND ( 'NONE', #372, .T. ) ;
#850 = ORIENTED_EDGE ( 'NONE', *, *, #882, .F. ) ;
#851 = CARTESIAN_POINT ( 'NONE',  ( -4.535215271745643761, -13.74353341465017131, 7.134521139842492587 ) ) ;
#852 = AXIS2_PLACEMENT_3D ( 'NONE', #580, #1284, #1411 ) ;
#853 = FACE_OUTER_BOUND ( 'NONE', #2200, .T. ) ;
#854 = CARTESIAN_POINT ( 'NONE',  ( -6.174905172055031422, -14.17542321941993499, 5.774666241883709361 ) ) ;
#855 = VECTOR ( 'NONE', #1293, 1000.000000000000000 ) ;
#856 = DIRECTION ( 'NONE',  ( -0.000000000000000000, -1.000000000000000000, -0.000000000000000000 ) ) ;
#857 = CYLINDRICAL_SURFACE ( 'NONE', #745, 10.00000000000000000 ) ;
#858 = ORIENTED_EDGE ( 'NONE', *, *, #1598, .F. ) ;
#859 = CARTESIAN_POINT ( 'NONE',  ( -9.588515273477378642, -13.50000000000000000, -4.154861592194260211 ) ) ;
#860 = CARTESIAN_POINT ( 'NONE',  ( -13.58086889709220557, -20.13385032297559718, 3.400000000000348521 ) ) ;
#861 = EDGE_CURVE ( 'NONE', #949, #558, #1010, .T. ) ;
#862 = ORIENTED_EDGE ( 'NONE', *, *, #282, .F. ) ;
#863 = CARTESIAN_POINT ( 'NONE',  ( -2.899999999999999467, -20.50000000000000000, 13.39999999999999680 ) ) ;
#864 = EDGE_CURVE ( 'NONE', #325, #1932, #1294, .T. ) ;
#865 = CARTESIAN_POINT ( 'NONE',  ( -5.000000000000000000, -9.500000000000001776, -2.100000000000000089 ) ) ;
#866 = CARTESIAN_POINT ( 'NONE',  ( 6.836969851841070422, -13.91462181251067420, 4.972629017489309966 ) ) ;
#867 = CARTESIAN_POINT ( 'NONE',  ( -2.899999999999997691, -20.50000000000000000, 13.39999999999999680 ) ) ;
#868 = ORIENTED_EDGE ( 'NONE', *, *, #758, .F. ) ;
#869 = EDGE_CURVE ( 'NONE', #1878, #1342, #1146, .T. ) ;
#870 = CARTESIAN_POINT ( 'NONE',  ( 7.487703827379883492, -15.49999999909823600, -5.326561327006804625 ) ) ;
#871 = DIRECTION ( 'NONE',  ( 0.000000000000000000, 0.000000000000000000, 1.000000000000000000 ) ) ;
#872 = DIRECTION ( 'NONE',  ( 0.000000000000000000, -1.000000000000000000, 0.000000000000000000 ) ) ;
#873 = VERTEX_POINT ( 'NONE', #283 ) ;
#874 = DIRECTION ( 'NONE',  ( 8.519525658916538453E-17, -0.000000000000000000, 1.000000000000000000 ) ) ;
#875 = EDGE_CURVE ( 'NONE', #100, #1024, #266, .T. ) ;
#876 = DIRECTION ( 'NONE',  ( 0.000000000000000000, 0.000000000000000000, 1.000000000000000000 ) ) ;
#877 = LINE ( 'NONE', #1574, #1191 ) ;
#878 = AXIS2_PLACEMENT_3D ( 'NONE', #1034, #226, #1102 ) ;
#879 = CARTESIAN_POINT ( 'NONE',  ( 6.339920136793927519, -14.12907828215608497, 5.588033762623858536 ) ) ;
#880 = CARTESIAN_POINT ( 'NONE',  ( 9.588515273477378642, -13.50000000000000000, -4.154861592194260211 ) ) ;
#881 = ORIENTED_EDGE ( 'NONE', *, *, #2202, .T. ) ;
#882 = EDGE_CURVE ( 'NONE', #1259, #1342, #1989, .T. ) ;
#883 = CARTESIAN_POINT ( 'NONE',  ( 3.399999999999999467, -20.50000000000000000, -13.39999999999999680 ) ) ;
#884 = CARTESIAN_POINT ( 'NONE',  ( 6.351724952183204209, -14.12573746617286652, 5.574614977412316819 ) ) ;
#885 = DIRECTION ( 'NONE',  ( 0.000000000000000000, 0.000000000000000000, -1.000000000000000000 ) ) ;
#886 = ORIENTED_EDGE ( 'NONE', *, *, #349, .F. ) ;
#887 = ORIENTED_EDGE ( 'NONE', *, *, #1328, .F. ) ;
#888 = CARTESIAN_POINT ( 'NONE',  ( -7.753392733098932510, -13.50000000000000000, 3.359672770721674251 ) ) ;
#889 = CARTESIAN_POINT ( 'NONE',  ( 4.941324882171592180E-16, -20.00000000000000000, 2.899999999999999911 ) ) ;
#890 = DIRECTION ( 'NONE',  ( 0.000000000000000000, -1.000000000000000000, 0.000000000000000000 ) ) ;
#891 = AXIS2_PLACEMENT_3D ( 'NONE', #649, #1664, #503 ) ;
#892 = CARTESIAN_POINT ( 'NONE',  ( 5.326561327007151903, -15.49999999909844206, 7.487703827379791122 ) ) ;
#893 = EDGE_CURVE ( 'NONE', #873, #949, #1807, .T. ) ;
#894 = ORIENTED_EDGE ( 'NONE', *, *, #1451, .F. ) ;
#895 = CARTESIAN_POINT ( 'NONE',  ( 6.620549862572946864, -15.49999999945269558, -6.038268114983277535 ) ) ;
#896 = FACE_BOUND ( 'NONE', #1180, .T. ) ;
#897 = DIRECTION ( 'NONE',  ( 0.000000000000000000, -1.000000000000000000, 0.000000000000000000 ) ) ;
#898 = ORIENTED_EDGE ( 'NONE', *, *, #1663, .F. ) ;
#899 = DIRECTION ( 'NONE',  ( 0.000000000000000000, -1.000000000000000000, 0.000000000000000000 ) ) ;
#900 = CARTESIAN_POINT ( 'NONE',  ( -4.533031668235889988, -13.74268496645705184, -7.135990823816618089 ) ) ;
#901 = CARTESIAN_POINT ( 'NONE',  ( -9.588515273477378642, -15.50000000000000000, 4.154861592194260211 ) ) ;
#902 = CARTESIAN_POINT ( 'NONE',  ( 0.000000000000000000, -15.50000000000000000, 0.000000000000000000 ) ) ;
#903 = CARTESIAN_POINT ( 'NONE',  ( 7.644725492534580447, -13.50000001098358027, 3.610453085001093410 ) ) ;
#904 = AXIS2_PLACEMENT_3D ( 'NONE', #1532, #663, #1190 ) ;
#905 = ORIENTED_EDGE ( 'NONE', *, *, #1114, .F. ) ;
#906 = CARTESIAN_POINT ( 'NONE',  ( 6.438207607927298071, -14.92351470833427562, -5.482749701109663754 ) ) ;
#907 = FACE_OUTER_BOUND ( 'NONE', #88, .T. ) ;
#908 = CARTESIAN_POINT ( 'NONE',  ( -4.537829848109625530, -13.74450301323268242, -7.132892024494448258 ) ) ;
#909 = ORIENTED_EDGE ( 'NONE', *, *, #1870, .T. ) ;
#910 = CARTESIAN_POINT ( 'NONE',  ( 13.58086889709196754, -20.50000000000000000, -2.899999999999997691 ) ) ;
#911 = CARTESIAN_POINT ( 'NONE',  ( -4.356156525458025008, -15.49999999940647122, -9.123128955762229708 ) ) ;
#912 = CC_DESIGN_PERSON_AND_ORGANIZATION_ASSIGNMENT ( #1973, #945, ( #1789 ) ) ;
#913 = AXIS2_PLACEMENT_3D ( 'NONE', #535, #1238, #388 ) ;
#914 = DIRECTION ( 'NONE',  ( 0.000000000000000000, 0.000000000000000000, -1.000000000000000000 ) ) ;
#915 = VERTEX_POINT ( 'NONE', #971 ) ;
#916 = AXIS2_PLACEMENT_3D ( 'NONE', #601, #1287, #1966 ) ;
#917 = CARTESIAN_POINT ( 'NONE',  ( 6.220075141423031972, -14.93272058982428341, -5.729255026710615262 ) ) ;
#918 = CARTESIAN_POINT ( 'NONE',  ( -5.131065303405982547, -15.50000000089974961, 7.766488653014530286 ) ) ;
#919 = ADVANCED_FACE ( 'NONE', ( #779 ), #638, .F. ) ;
#920 = DIRECTION ( 'NONE',  ( 0.3975944107362929247, 0.000000000000000000, 0.9175612701892229550 ) ) ;
#921 = ORIENTED_EDGE ( 'NONE', *, *, #1167, .F. ) ;
#922 = EDGE_CURVE ( 'NONE', #313, #796, #293, .T. ) ;
#923 = DIRECTION ( 'NONE',  ( 1.000000000000000000, 0.000000000000000000, 1.703905131783307691E-16 ) ) ;
#924 = LINE ( 'NONE', #1437, #1214 ) ;
#925 = DIRECTION ( 'NONE',  ( -1.000000000000000000, 0.000000000000000000, -1.703905131783307691E-16 ) ) ;
#926 = ORIENTED_EDGE ( 'NONE', *, *, #308, .T. ) ;
#927 = CARTESIAN_POINT ( 'NONE',  ( 13.58086889709196754, -20.00000000000000000, -3.399999999999997691 ) ) ;
#928 = CIRCLE ( 'NONE', #207, 10.00000000000000000 ) ;
#929 = CARTESIAN_POINT ( 'NONE',  ( -3.399999999999999467, -20.00000000000000000, 13.39999999999999680 ) ) ;
#930 = LINE ( 'NONE', #557, #329 ) ;
#931 = EDGE_LOOP ( 'NONE', ( #1673, #926, #1085, #1861 ) ) ;
#932 = CIRCLE ( 'NONE', #459, 8.449999999999999289 ) ;
#933 = EDGE_CURVE ( 'NONE', #4, #1878, #658, .T. ) ;
#934 = DIRECTION ( 'NONE',  ( -0.000000000000000000, 1.000000000000000000, 0.000000000000000000 ) ) ;
#935 = CARTESIAN_POINT ( 'NONE',  ( 0.000000000000000000, 0.000000000000000000, 0.000000000000000000 ) ) ;
#936 = AXIS2_PLACEMENT_3D ( 'NONE', #1968, #596, #67 ) ;
#937 = DIRECTION ( 'NONE',  ( 0.000000000000000000, 0.000000000000000000, -1.000000000000000000 ) ) ;
#938 = AXIS2_PLACEMENT_3D ( 'NONE', #1528, #1856, #693 ) ;
#939 = EDGE_LOOP ( 'NONE', ( #1689, #96, #91, #1567 ) ) ;
#940 = CARTESIAN_POINT ( 'NONE',  ( -6.821303372744418780, -14.91381458407042082, -5.002267217027478452 ) ) ;
#941 = CARTESIAN_POINT ( 'NONE',  ( -7.271141889294415073, -13.66214941064265176, -4.313045489978527769 ) ) ;
#942 = ORIENTED_EDGE ( 'NONE', *, *, #1307, .T. ) ;
#943 = EDGE_CURVE ( 'NONE', #780, #1248, #161, .T. ) ;
#944 = CARTESIAN_POINT ( 'NONE',  ( -3.399999999999999467, -15.50000000000000000, -13.39999999999999680 ) ) ;
#945 = PERSON_AND_ORGANIZATION_ROLE ( 'design_supplier' ) ;
#946 = TOROIDAL_SURFACE ( 'NONE', #1591, 10.50000000000000000, 0.5000000000000000000 ) ;
#947 = EDGE_CURVE ( 'NONE', #1036, #181, #454, .T. ) ;
#948 = CARTESIAN_POINT ( 'NONE',  ( -13.39999999999999858, -20.50000000000000000, -13.39999999999999680 ) ) ;
#949 = VERTEX_POINT ( 'NONE', #982 ) ;
#950 = CARTESIAN_POINT ( 'NONE',  ( 0.000000000000000000, -20.50000000000000000, 0.000000000000000000 ) ) ;
#951 = DIRECTION ( 'NONE',  ( 0.000000000000000000, 0.000000000000000000, -1.000000000000000000 ) ) ;
#952 = ORIENTED_EDGE ( 'NONE', *, *, #2119, .F. ) ;
#953 = CIRCLE ( 'NONE', #447, 0.5000000000000000000 ) ;
#954 = VECTOR ( 'NONE', #2153, 1000.000000000000000 ) ;
#955 = FACE_OUTER_BOUND ( 'NONE', #2114, .T. ) ;
#956 = DIRECTION ( 'NONE',  ( 0.000000000000000000, 0.000000000000000000, -1.000000000000000000 ) ) ;
#957 = ORIENTED_EDGE ( 'NONE', *, *, #1887, .F. ) ;
#958 = CARTESIAN_POINT ( 'NONE',  ( -9.364407947202453286, -15.50000000000000000, -4.247254108826044039 ) ) ;
#959 = ADVANCED_FACE ( 'NONE', ( #1636 ), #1839, .F. ) ;
#960 = CYLINDRICAL_SURFACE ( 'NONE', #150, 0.5000000000000000000 ) ;
#961 = ORIENTED_EDGE ( 'NONE', *, *, #1547, .F. ) ;
#962 = VECTOR ( 'NONE', #1153, 1000.000000000000000 ) ;
#963 = DIRECTION ( 'NONE',  ( 0.000000000000000000, -1.000000000000000000, 0.000000000000000000 ) ) ;
#964 = APPLICATION_PROTOCOL_DEFINITION ( 'international standard', 'config_control_design', 1994, #809 ) ;
#965 = AXIS2_PLACEMENT_3D ( 'NONE', #1678, #109, #2188 ) ;
#966 = SECURITY_CLASSIFICATION ( '', '', #446 ) ;
#967 = LINE ( 'NONE', #51, #1647 ) ;
#968 = VERTEX_POINT ( 'NONE', #129 ) ;
#969 = ORIENTED_EDGE ( 'NONE', *, *, #1657, .F. ) ;
#970 = DIRECTION ( 'NONE',  ( 0.000000000000000000, 0.000000000000000000, 1.000000000000000000 ) ) ;
#971 = CARTESIAN_POINT ( 'NONE',  ( -13.69634987870856158, -20.50000000000000000, -2.899999999999997691 ) ) ;
#972 = AXIS2_PLACEMENT_3D ( 'NONE', #829, #1340, #1527 ) ;
#973 = ORIENTED_EDGE ( 'NONE', *, *, #1243, .F. ) ;
#974 = AXIS2_PLACEMENT_3D ( 'NONE', #467, #641, #437 ) ;
#975 = DIRECTION ( 'NONE',  ( 0.000000000000000000, -1.000000000000000000, 0.000000000000000000 ) ) ;
#976 = DATE_AND_TIME ( #296, #2141 ) ;
#977 = ORIENTED_EDGE ( 'NONE', *, *, #216, .T. ) ;
#978 = CARTESIAN_POINT ( 'NONE',  ( 5.000000000000000000, -9.500000000000001776, 0.000000000000000000 ) ) ;
#979 = CARTESIAN_POINT ( 'NONE',  ( 3.399999999999998579, -15.50000000000000000, 3.399999999999999467 ) ) ;
#980 = EDGE_LOOP ( 'NONE', ( #1199, #210, #1280, #2043 ) ) ;
#981 = CARTESIAN_POINT ( 'NONE',  ( 5.000000000000000000, -9.500000000000001776, 2.100000000000000089 ) ) ;
#982 = CARTESIAN_POINT ( 'NONE',  ( -13.39999999999999680, -20.00000000000000000, -3.399999999999997691 ) ) ;
#983 = EDGE_CURVE ( 'NONE', #636, #77, #1154, .T. ) ;
#984 = CARTESIAN_POINT ( 'NONE',  ( 0.000000000000000000, -9.500000000000001776, 5.000000000000000000 ) ) ;
#985 = PERSON_AND_ORGANIZATION_ROLE ( 'creator' ) ;
#986 = ADVANCED_FACE ( 'NONE', ( #813 ), #2144, .F. ) ;
#987 = CIRCLE ( 'NONE', #1666, 8.449999999999999289 ) ;
#988 = EDGE_LOOP ( 'NONE', ( #952, #824, #413, #1806 ) ) ;
#989 = LINE ( 'NONE', #471, #740 ) ;
#990 = DIRECTION ( 'NONE',  ( -1.000000000000000000, -0.000000000000000000, 1.703905131783307691E-16 ) ) ;
#991 = VERTEX_POINT ( 'NONE', #867 ) ;
#992 = DIRECTION ( 'NONE',  ( 3.552713678800500929E-15, 0.000000000000000000, -1.000000000000000000 ) ) ;
#993 = DIRECTION ( 'NONE',  ( 0.000000000000000000, 0.000000000000000000, 1.000000000000000000 ) ) ;
#994 = VECTOR ( 'NONE', #856, 1000.000000000000000 ) ;
#995 = EDGE_CURVE ( 'NONE', #484, #1747, #15, .T. ) ;
#996 = VERTEX_POINT ( 'NONE', #1333 ) ;
#997 = LINE ( 'NONE', #1648, #1987 ) ;
#998 = CARTESIAN_POINT ( 'NONE',  ( -7.308780912286604092, -14.96705976752937772, 4.262330472434315176 ) ) ;
#999 = ORIENTED_EDGE ( 'NONE', *, *, #1736, .F. ) ;
#1000 = CARTESIAN_POINT ( 'NONE',  ( 0.000000000000000000, -20.50000000000000000, 0.000000000000000000 ) ) ;
#1001 = CARTESIAN_POINT ( 'NONE',  ( 13.66865638960767448, -20.50000000000000000, 3.030793005547578911 ) ) ;
#1002 = EDGE_LOOP ( 'NONE', ( #495, #1679 ) ) ;
#1003 = CC_DESIGN_PERSON_AND_ORGANIZATION_ASSIGNMENT ( #1148, #426, ( #418 ) ) ;
#1004 = FACE_BOUND ( 'NONE', #10, .T. ) ;
#1005 = CIRCLE ( 'NONE', #254, 2.000000000000000000 ) ;
#1006 = VERTEX_POINT ( 'NONE', #835 ) ;
#1007 = ADVANCED_FACE ( 'NONE', ( #661 ), #857, .F. ) ;
#1008 = FACE_OUTER_BOUND ( 'NONE', #2070, .T. ) ;
#1009 = CARTESIAN_POINT ( 'NONE',  ( -6.063101641523795493, -15.50000000046718540, 6.602367078036133208 ) ) ;
#1010 = CIRCLE ( 'NONE', #50, 0.5000000000000000000 ) ;
#1011 = ORIENTED_EDGE ( 'NONE', *, *, #6, .T. ) ;
#1012 = CARTESIAN_POINT ( 'NONE',  ( 3.399999999999999467, -15.50000000000000000, 13.58086889709196754 ) ) ;
#1013 = CARTESIAN_POINT ( 'NONE',  ( -13.39999999999999858, -20.00000000000000000, 13.39999999999999680 ) ) ;
#1014 = ORIENTED_EDGE ( 'NONE', *, *, #364, .F. ) ;
#1015 = CARTESIAN_POINT ( 'NONE',  ( -13.63925534234538617, -20.44700518391625721, -3.159076166729009483 ) ) ;
#1016 = AXIS2_PLACEMENT_3D ( 'NONE', #1074, #2079, #220 ) ;
#1017 = ORIENTED_EDGE ( 'NONE', *, *, #1759, .F. ) ;
#1018 = CARTESIAN_POINT ( 'NONE',  ( -13.39999999999999680, -20.00000000000000000, 3.399999999999997691 ) ) ;
#1019 = DIRECTION ( 'NONE',  ( 8.519525658916538453E-17, -0.000000000000000000, 1.000000000000000000 ) ) ;
#1020 = CARTESIAN_POINT ( 'NONE',  ( -6.200868484390396063, -15.50000000027365310, 6.456548729781850682 ) ) ;
#1021 = CARTESIAN_POINT ( 'NONE',  ( 7.039092916199724215, -15.50000000049971405, 5.681614864356022032 ) ) ;
#1022 = ADVANCED_FACE ( 'NONE', ( #650 ), #1344, .T. ) ;
#1023 = CARTESIAN_POINT ( 'NONE',  ( -13.39999999999999858, -20.00000000000000000, -13.39999999999999680 ) ) ;
#1024 = VERTEX_POINT ( 'NONE', #1163 ) ;
#1025 = EDGE_CURVE ( 'NONE', #1816, #968, #359, .T. ) ;
#1026 = DIRECTION ( 'NONE',  ( 0.000000000000000000, -1.000000000000000000, 0.000000000000000000 ) ) ;
#1027 = CARTESIAN_POINT ( 'NONE',  ( -13.66864361618951484, -20.49999999999999645, 3.030853332859381855 ) ) ;
#1028 = ORIENTED_EDGE ( 'NONE', *, *, #795, .F. ) ;
#1029 = CARTESIAN_POINT ( 'NONE',  ( -5.774764661982728420, -14.16530528016579282, 6.170318882626081525 ) ) ;
#1030 = DIRECTION ( 'NONE',  ( 0.000000000000000000, 1.000000000000000000, 0.000000000000000000 ) ) ;
#1031 = CARTESIAN_POINT ( 'NONE',  ( -6.828330749157156099, -14.91379511871367392, 4.992555804416978660 ) ) ;
#1032 = AXIS2_PLACEMENT_3D ( 'NONE', #22, #1526, #1055 ) ;
#1033 = EDGE_CURVE ( 'NONE', #1252, #205, #112, .T. ) ;
#1034 = CARTESIAN_POINT ( 'NONE',  ( 1.000000000000000000, 7.000000000000000000, 0.000000000000000000 ) ) ;
#1035 = CARTESIAN_POINT ( 'NONE',  ( -3.399999999999998579, -15.50000000000000000, -3.399999999999999467 ) ) ;
#1036 = VERTEX_POINT ( 'NONE', #2185 ) ;
#1037 = CARTESIAN_POINT ( 'NONE',  ( 5.681614864356000716, -15.50000000049969806, -7.039092916199717997 ) ) ;
#1038 = DIRECTION ( 'NONE',  ( 0.000000000000000000, 0.000000000000000000, -1.000000000000000000 ) ) ;
#1039 = EDGE_CURVE ( 'NONE', #664, #341, #504, .T. ) ;
#1040 = PLANE ( 'NONE',  #223 ) ;
#1041 = CIRCLE ( 'NONE', #1, 2.100000000000000089 ) ;
#1042 = ORIENTED_EDGE ( 'NONE', *, *, #2130, .T. ) ;
#1043 = CYLINDRICAL_SURFACE ( 'NONE', #458, 2.100000000000000089 ) ;
#1044 = DIRECTION ( 'NONE',  ( -0.000000000000000000, -1.000000000000000000, -0.000000000000000000 ) ) ;
#1045 = CARTESIAN_POINT ( 'NONE',  ( 0.000000000000000000, 30.75000000000000000, 0.000000000000000000 ) ) ;
#1046 = CARTESIAN_POINT ( 'NONE',  ( 5.124258697115620542, -15.50000000100613384, 7.776584839096617685 ) ) ;
#1047 = FACE_OUTER_BOUND ( 'NONE', #1563, .T. ) ;
#1048 = ORIENTED_EDGE ( 'NONE', *, *, #1867, .T. ) ;
#1049 = CARTESIAN_POINT ( 'NONE',  ( 3.158590908333841707, -20.44736208302749603, 13.63936949761470174 ) ) ;
#1050 = CARTESIAN_POINT ( 'NONE',  ( 6.170318882626081525, -14.16530528016578749, 5.774764661982728420 ) ) ;
#1051 = DIRECTION ( 'NONE',  ( 0.000000000000000000, 0.000000000000000000, 1.000000000000000000 ) ) ;
#1052 = EDGE_LOOP ( 'NONE', ( #1534, #2192, #517, #1226 ) ) ;
#1053 = ADVANCED_FACE ( 'NONE', ( #1709 ), #1612, .F. ) ;
#1054 = ORIENTED_EDGE ( 'NONE', *, *, #1712, .F. ) ;
#1055 = DIRECTION ( 'NONE',  ( 0.000000000000000000, 0.000000000000000000, -1.000000000000000000 ) ) ;
#1056 = DIRECTION ( 'NONE',  ( -0.000000000000000000, 1.000000000000000000, -0.000000000000000000 ) ) ;
#1057 = DIRECTION ( 'NONE',  ( -1.703905131783307691E-16, 0.000000000000000000, -1.000000000000000000 ) ) ;
#1058 = EDGE_CURVE ( 'NONE', #996, #539, #932, .T. ) ;
#1059 = DIRECTION ( 'NONE',  ( 0.000000000000000000, 0.000000000000000000, -1.000000000000000000 ) ) ;
#1060 = CARTESIAN_POINT ( 'NONE',  ( 6.063049942122298752, -14.17715323865511934, 5.887304682245221521 ) ) ;
#1061 = ORIENTED_EDGE ( 'NONE', *, *, #861, .T. ) ;
#1062 = CARTESIAN_POINT ( 'NONE',  ( -3.399999999999999467, -20.00000000000000000, -13.58086889709196754 ) ) ;
#1063 = CARTESIAN_POINT ( 'NONE',  ( 3.399999999999998579, -20.50000000000000000, -3.399999999999999467 ) ) ;
#1064 = EDGE_LOOP ( 'NONE', ( #1717, #1356, #905, #1735 ) ) ;
#1065 = CARTESIAN_POINT ( 'NONE',  ( 4.963614052894426365, -13.91099158024506899, -6.843398643206699106 ) ) ;
#1066 = LINE ( 'NONE', #581, #1943 ) ;
#1067 = CARTESIAN_POINT ( 'NONE',  ( 3.456472588025486736, -15.33683398708621404, -7.711447794544199041 ) ) ;
#1068 = DIRECTION ( 'NONE',  ( 3.552713678800500929E-15, 0.000000000000000000, -1.000000000000000000 ) ) ;
#1069 = AXIS2_PLACEMENT_3D ( 'NONE', #1000, #493, #800 ) ;
#1070 = CARTESIAN_POINT ( 'NONE',  ( 7.526349297690685169, -13.54063445859697623, 3.850562413327588196 ) ) ;
#1071 = AXIS2_PLACEMENT_3D ( 'NONE', #859, #1542, #1725 ) ;
#1072 = ORIENTED_EDGE ( 'NONE', *, *, #1321, .T. ) ;
#1073 = CARTESIAN_POINT ( 'NONE',  ( -13.58086889709196932, -20.00000000000000000, -3.399999999999997691 ) ) ;
#1074 = CARTESIAN_POINT ( 'NONE',  ( -5.000000000000000000, -9.500000000000001776, 0.000000000000000000 ) ) ;
#1075 = CARTESIAN_POINT ( 'NONE',  ( -7.134521139842490811, -13.74353341465017486, -4.535215271745641985 ) ) ;
#1076 = ORIENTED_EDGE ( 'NONE', *, *, #279, .T. ) ;
#1077 = CC_DESIGN_DATE_AND_TIME_ASSIGNMENT ( #274, #2156, ( #966 ) ) ;
#1078 = CARTESIAN_POINT ( 'NONE',  ( 2.899999999999997691, -20.50000000000000000, 13.39999999999999680 ) ) ;
#1079 = CARTESIAN_POINT ( 'NONE',  ( -4.742713518065420963, -14.91515483086363858, -7.004133254934586716 ) ) ;
#1080 = CIRCLE ( 'NONE', #936, 10.44999999999999929 ) ;
#1081 = EDGE_CURVE ( 'NONE', #1405, #2015, #1716, .T. ) ;
#1082 = CARTESIAN_POINT ( 'NONE',  ( 1.000000000000000000, 0.000000000000000000, 0.000000000000000000 ) ) ;
#1083 = VECTOR ( 'NONE', #485, 1000.000000000000000 ) ;
#1084 = ADVANCED_FACE ( 'NONE', ( #1047 ), #632, .T. ) ;
#1085 = ORIENTED_EDGE ( 'NONE', *, *, #1925, .T. ) ;
#1086 = DIRECTION ( 'NONE',  ( -0.000000000000000000, -1.000000000000000000, -0.000000000000000000 ) ) ;
#1087 = CARTESIAN_POINT ( 'NONE',  ( -9.588515273477376866, -13.50000000000000000, 4.154861592194260211 ) ) ;
#1088 = DIRECTION ( 'NONE',  ( 0.000000000000000000, -1.000000000000000000, 0.000000000000000000 ) ) ;
#1089 = ORIENTED_EDGE ( 'NONE', *, *, #2082, .F. ) ;
#1090 = CARTESIAN_POINT ( 'NONE',  ( 4.941324882171592180E-16, -20.00000000000000000, -2.899999999999999911 ) ) ;
#1091 = VECTOR ( 'NONE', #1713, 1000.000000000000000 ) ;
#1092 = DIRECTION ( 'NONE',  ( 0.000000000000000000, 0.000000000000000000, -1.000000000000000000 ) ) ;
#1093 = ORIENTED_EDGE ( 'NONE', *, *, #1039, .F. ) ;
#1094 = AXIS2_PLACEMENT_3D ( 'NONE', #1659, #479, #125 ) ;
#1095 = ADVANCED_FACE ( 'NONE', ( #1884 ), #327, .F. ) ;
#1096 = CARTESIAN_POINT ( 'NONE',  ( -9.588515273477488776, -15.50000000000000000, -4.154861592194214914 ) ) ;
#1097 = DIRECTION ( 'NONE',  ( -0.000000000000000000, 1.000000000000000000, -0.000000000000000000 ) ) ;
#1098 = ORIENTED_EDGE ( 'NONE', *, *, #1114, .T. ) ;
#1099 = ADVANCED_FACE ( 'NONE', ( #337 ), #1496, .T. ) ;
#1100 = CYLINDRICAL_SURFACE ( 'NONE', #891, 2.100000000000000089 ) ;
#1101 = CARTESIAN_POINT ( 'NONE',  ( -3.359672770721673363, -15.50000000000000178, -7.753392733098932510 ) ) ;
#1102 = DIRECTION ( 'NONE',  ( 0.000000000000000000, 0.000000000000000000, -1.000000000000000000 ) ) ;
#1103 = ADVANCED_FACE ( 'NONE', ( #684 ), #1379, .T. ) ;
#1104 = EDGE_LOOP ( 'NONE', ( #717, #2126, #1192, #1597 ) ) ;
#1105 = CARTESIAN_POINT ( 'NONE',  ( 13.59506866993011087, -20.26410364949114395, -3.344129883625359234 ) ) ;
#1106 = CARTESIAN_POINT ( 'NONE',  ( -3.359672770721675583, -13.50000000000000000, -7.753392733098932510 ) ) ;
#1107 = ORIENTED_EDGE ( 'NONE', *, *, #933, .T. ) ;
#1108 = AXIS2_PLACEMENT_3D ( 'NONE', #494, #1175, #1187 ) ;
#1109 = ADVANCED_FACE ( 'NONE', ( #1508 ), #193, .F. ) ;
#1110 = DIRECTION ( 'NONE',  ( 0.000000000000000000, -1.000000000000000000, 0.000000000000000000 ) ) ;
#1111 = APPROVAL_ROLE ( '' ) ;
#1112 = AXIS2_PLACEMENT_3D ( 'NONE', #534, #2060, #1911 ) ;
#1113 = LINE ( 'NONE', #1788, #1523 ) ;
#1114 = EDGE_CURVE ( 'NONE', #1248, #838, #247, .T. ) ;
#1115 = CIRCLE ( 'NONE', #938, 14.00000000000000000 ) ;
#1116 = VERTEX_POINT ( 'NONE', #2213 ) ;
#1117 = CARTESIAN_POINT ( 'NONE',  ( -7.711447794544212364, -15.33683398708764756, -3.456472588027843962 ) ) ;
#1118 = CARTESIAN_POINT ( 'NONE',  ( 0.000000000000000000, 0.000000000000000000, 0.000000000000000000 ) ) ;
#1119 = ORIENTED_EDGE ( 'NONE', *, *, #1727, .T. ) ;
#1120 = FACE_OUTER_BOUND ( 'NONE', #271, .T. ) ;
#1121 = EDGE_CURVE ( 'NONE', #2122, #703, #817, .T. ) ;
#1122 = CARTESIAN_POINT ( 'NONE',  ( 13.39999999999999858, -20.00000000000000000, -13.39999999999999680 ) ) ;
#1123 = ORIENTED_EDGE ( 'NONE', *, *, #1977, .T. ) ;
#1124 = FACE_OUTER_BOUND ( 'NONE', #931, .T. ) ;
#1125 = CARTESIAN_POINT ( 'NONE',  ( -2.899999999999998135, -20.00000000000000000, 2.470662441085794611E-16 ) ) ;
#1126 = EDGE_LOOP ( 'NONE', ( #651, #2142, #319, #430, #135, #744 ) ) ;
#1127 = AXIS2_PLACEMENT_3D ( 'NONE', #1122, #748, #956 ) ;
#1128 = VECTOR ( 'NONE', #160, 1000.000000000000000 ) ;
#1129 = CARTESIAN_POINT ( 'NONE',  ( 7.134521139842490811, -13.74353341465017486, 4.535215271745641985 ) ) ;
#1130 = CARTESIAN_POINT ( 'NONE',  ( -13.39999999999999858, -20.50000000000000000, 13.39999999999999680 ) ) ;
#1131 = EDGE_LOOP ( 'NONE', ( #750, #1500, #1654, #1850 ) ) ;
#1132 = ORIENTED_EDGE ( 'NONE', *, *, #542, .T. ) ;
#1133 = DIRECTION ( 'NONE',  ( 0.000000000000000000, 0.000000000000000000, -1.000000000000000000 ) ) ;
#1134 = DIRECTION ( 'NONE',  ( -1.000000000000000000, 0.000000000000000000, -1.703905131783307691E-16 ) ) ;
#1135 = ORIENTED_EDGE ( 'NONE', *, *, #1584, .F. ) ;
#1136 = CIRCLE ( 'NONE', #102, 8.449999999999999289 ) ;
#1137 = AXIS2_PLACEMENT_3D ( 'NONE', #2059, #704, #187 ) ;
#1138 = CARTESIAN_POINT ( 'NONE',  ( 13.58086889709196932, -20.00000000000000000, 3.399999999999997691 ) ) ;
#1139 = VECTOR ( 'NONE', #1486, 1000.000000000000000 ) ;
#1140 = VERTEX_POINT ( 'NONE', #36 ) ;
#1141 = CARTESIAN_POINT ( 'NONE',  ( 1.000000000000000000, 7.000000000000000000, 0.000000000000000000 ) ) ;
#1142 = PLANE ( 'NONE',  #321 ) ;
#1143 = ORIENTED_EDGE ( 'NONE', *, *, #201, .F. ) ;
#1144 = CARTESIAN_POINT ( 'NONE',  ( 0.000000000000000000, -13.50000000000000000, 8.449999999999999289 ) ) ;
#1145 = EDGE_CURVE ( 'NONE', #1569, #1793, #756, .T. ) ;
#1146 = LINE ( 'NONE', #466, #954 ) ;
#1147 = CARTESIAN_POINT ( 'NONE',  ( 0.000000000000000000, -15.50000000000000000, 0.000000000000000000 ) ) ;
#1148 = PERSON_AND_ORGANIZATION ( #306, #1620 ) ;
#1149 = ORIENTED_EDGE ( 'NONE', *, *, #315, .F. ) ;
#1150 = FACE_OUTER_BOUND ( 'NONE', #348, .T. ) ;
#1151 = CARTESIAN_POINT ( 'NONE',  ( -3.359672770721549462, -13.50000000000000000, 7.753392733098985801 ) ) ;
#1152 = EDGE_LOOP ( 'NONE', ( #1988, #2173, #1176, #376 ) ) ;
#1153 = DIRECTION ( 'NONE',  ( -0.000000000000000000, 1.000000000000000000, -0.000000000000000000 ) ) ;
#1154 = LINE ( 'NONE', #1462, #1703 ) ;
#1155 = ADVANCED_FACE ( 'NONE', ( #1535 ), #1546, .F. ) ;
#1156 = CYLINDRICAL_SURFACE ( 'NONE', #1818, 0.5000000000000000000 ) ;
#1157 =( BOUNDED_SURFACE ( )  B_SPLINE_SURFACE ( 3, 2, ( 
 ( #1780, #808, #1151 ),
 ( #1432, #2160, #1616 ),
 ( #1836, #79, #623 ),
 ( #742, #567, #231 ),
 ( #1771, #1250, #762 ),
 ( #918, #1441, #2124 ),
 ( #1272, #68, #461 ),
 ( #1492, #156, #1330 ),
 ( #2191, #2204, #1869 ),
 ( #1009, #1881, #2216 ),
 ( #1020, #513, #1375 ),
 ( #1845, #1364, #854 ),
 ( #1538, #1896, #644 ),
 ( #1196, #1031, #1516 ),
 ( #344, #168, #842 ),
 ( #2061, #998, #2014 ),
 ( #501, #657, #1353 ),
 ( #1341, #820, #178 ),
 ( #524, #2047, #2181 ),
 ( #357, #480, #1672 ) ),
 .UNSPECIFIED., .F., .F., .F. ) 
 B_SPLINE_SURFACE_WITH_KNOTS ( ( 4, 2, 2, 2, 2, 2, 2, 2, 2, 4 ),
 ( 3, 3 ),
 ( 0.003523835504174482446, 0.004528884993287045878, 0.005533934482399609743, 0.006538983971512173608, 0.007041508716068455541, 0.007544033460624737474, 0.008549082949737300471, 0.009554132438849864337, 0.01055918192796242820, 0.01156423141707499207 ),
 ( 0.000000000000000000, 1.000000000000000000 ),
 .UNSPECIFIED. ) 
 GEOMETRIC_REPRESENTATION_ITEM ( )  RATIONAL_B_SPLINE_SURFACE ( (
 ( 1.000000000000000000, 0.7071067811865323627, 1.000000000000000000),
 ( 1.000000000000000000, 0.7369879944221151558, 1.000000000000000000),
 ( 1.000000000000000000, 0.7665527350649339322, 1.000000000000000000),
 ( 1.000000000000000000, 0.8212082871064108058, 1.000000000000000000),
 ( 1.000000000000000000, 0.8463571583744304849, 1.000000000000000000),
 ( 1.000000000000000000, 0.8885163617124767210, 1.000000000000000000),
 ( 1.000000000000000000, 0.9055796002777068976, 1.000000000000000000),
 ( 1.000000000000000000, 0.9232213309493987330, 1.000000000000000000),
 ( 1.000000000000000000, 0.9277762295987155294, 1.000000000000000000),
 ( 1.000000000000000000, 0.9338936668492994198, 1.000000000000000000),
 ( 1.000000000000000000, 0.9354386179267561996, 1.000000000000000000),
 ( 1.000000000000000000, 0.9351692948708711928, 1.000000000000000000),
 ( 1.000000000000000000, 0.9286026647738702122, 1.000000000000000000),
 ( 1.000000000000000000, 0.9049468357464883761, 1.000000000000000000),
 ( 1.000000000000000000, 0.8878579268677069258, 1.000000000000000000),
 ( 1.000000000000000000, 0.8456734174006743654, 1.000000000000000000),
 ( 1.000000000000000000, 0.8207498622454569848, 1.000000000000000000),
 ( 1.000000000000000000, 0.7663943397154378001, 1.000000000000000000),
 ( 1.000000000000000000, 0.7369516724499796112, 1.000000000000000000),
 ( 1.000000000000000000, 0.7071067811865474617, 1.000000000000000000) ) ) 
 REPRESENTATION_ITEM ( '' )  SURFACE ( )  );
#1158 = ORIENTED_EDGE ( 'NONE', *, *, #228, .F. ) ;
#1159 = DIRECTION ( 'NONE',  ( 0.000000000000000000, 1.000000000000000000, 0.000000000000000000 ) ) ;
#1160 = DIRECTION ( 'NONE',  ( 0.000000000000000000, 0.000000000000000000, 1.000000000000000000 ) ) ;
#1161 = ORIENTED_EDGE ( 'NONE', *, *, #2063, .F. ) ;
#1162 = CARTESIAN_POINT ( 'NONE',  ( 13.39999999999999858, -20.50000000000000000, 13.39999999999999680 ) ) ;
#1163 = CARTESIAN_POINT ( 'NONE',  ( 2.899999999999999023, -20.50000000000000000, -13.69634987870856158 ) ) ;
#1164 = ORIENTED_EDGE ( 'NONE', *, *, #315, .T. ) ;
#1165 = LINE ( 'NONE', #1852, #1179 ) ;
#1166 = AXIS2_PLACEMENT_3D ( 'NONE', #834, #2009, #1518 ) ;
#1167 = EDGE_CURVE ( 'NONE', #222, #205, #1315, .T. ) ;
#1168 = ORIENTED_EDGE ( 'NONE', *, *, #709, .T. ) ;
#1169 = CIRCLE ( 'NONE', #103, 8.449999999999999289 ) ;
#1170 = CARTESIAN_POINT ( 'NONE',  ( -3.400000000000350298, -20.13385032297559718, -13.58086889709220557 ) ) ;
#1171 = DIRECTION ( 'NONE',  ( -0.000000000000000000, 1.000000000000000000, -0.000000000000000000 ) ) ;
#1172 = VERTEX_POINT ( 'NONE', #1362 ) ;
#1173 = DIRECTION ( 'NONE',  ( 0.000000000000000000, -1.000000000000000000, 0.000000000000000000 ) ) ;
#1174 = EDGE_CURVE ( 'NONE', #2115, #873, #332, .T. ) ;
#1175 = DIRECTION ( 'NONE',  ( 0.000000000000000000, 1.000000000000000000, 0.000000000000000000 ) ) ;
#1176 = ORIENTED_EDGE ( 'NONE', *, *, #427, .F. ) ;
#1177 = AXIS2_PLACEMENT_3D ( 'NONE', #935, #1619, #592 ) ;
#1178 = DIRECTION ( 'NONE',  ( 0.000000000000000000, -1.000000000000000000, 0.000000000000000000 ) ) ;
#1179 = VECTOR ( 'NONE', #688, 1000.000000000000000 ) ;
#1180 = EDGE_LOOP ( 'NONE', ( #909, #1107 ) ) ;
#1181 = CARTESIAN_POINT ( 'NONE',  ( 3.399999999999999467, -20.50000000000000000, -13.58086889709196754 ) ) ;
#1182 = EDGE_CURVE ( 'NONE', #1459, #539, #1229, .T. ) ;
#1183 = DIRECTION ( 'NONE',  ( 1.000000000000000000, 0.000000000000000000, -1.703905131783307691E-16 ) ) ;
#1184 = DIRECTION ( 'NONE',  ( 1.000000000000000000, 0.000000000000000000, 1.703905131783307691E-16 ) ) ;
#1185 = EDGE_CURVE ( 'NONE', #2028, #991, #1193, .T. ) ;
#1186 = DIRECTION ( 'NONE',  ( 0.000000000000000000, -1.000000000000000000, 0.000000000000000000 ) ) ;
#1187 = DIRECTION ( 'NONE',  ( 0.000000000000000000, 0.000000000000000000, 1.000000000000000000 ) ) ;
#1188 = VERTEX_POINT ( 'NONE', #1018 ) ;
#1189 = CARTESIAN_POINT ( 'NONE',  ( 0.000000000000000000, 0.000000000000000000, 0.000000000000000000 ) ) ;
#1190 = DIRECTION ( 'NONE',  ( 0.000000000000000000, 0.000000000000000000, -1.000000000000000000 ) ) ;
#1191 = VECTOR ( 'NONE', #24, 1000.000000000000000 ) ;
#1192 = ORIENTED_EDGE ( 'NONE', *, *, #71, .F. ) ;
#1193 = LINE ( 'NONE', #863, #1458 ) ;
#1194 = AXIS2_PLACEMENT_3D ( 'NONE', #1613, #267, #259 ) ;
#1195 = PLANE ( 'NONE',  #1467 ) ;
#1196 = CARTESIAN_POINT ( 'NONE',  ( -7.487703827379579735, -15.49999999909825910, 5.326561327007075519 ) ) ;
#1197 = CARTESIAN_POINT ( 'NONE',  ( 7.132009192333214287, -13.74504403307175693, 4.539343672937195429 ) ) ;
#1198 = DIRECTION ( 'NONE',  ( 0.000000000000000000, -1.000000000000000000, 0.000000000000000000 ) ) ;
#1199 = ORIENTED_EDGE ( 'NONE', *, *, #2082, .T. ) ;
#1200 = CARTESIAN_POINT ( 'NONE',  ( 5.804120092286063404, -15.49999999953277019, -6.893042238564349056 ) ) ;
#1201 = DIRECTION ( 'NONE',  ( 1.000000000000000000, 0.000000000000000000, 1.703905131783307691E-16 ) ) ;
#1202 = CARTESIAN_POINT ( 'NONE',  ( -13.58086889709196754, -20.00000000000000000, 3.399999999999997691 ) ) ;
#1203 = APPROVAL ( #1823, 'UNSPECIFIED' ) ;
#1204 = ORIENTED_EDGE ( 'NONE', *, *, #41, .T. ) ;
#1205 = CARTESIAN_POINT ( 'NONE',  ( -3.359672770721675583, -13.50000000000000000, 7.753392733098932510 ) ) ;
#1206 = CARTESIAN_POINT ( 'NONE',  ( 0.5000000000000000000, 0.000000000000000000, -8.435194129360626292 ) ) ;
#1207 = DIRECTION ( 'NONE',  ( 1.000000000000000000, -0.000000000000000000, 1.703905131783307691E-16 ) ) ;
#1208 = AXIS2_PLACEMENT_3D ( 'NONE', #1013, #846, #1355 ) ;
#1209 = CARTESIAN_POINT ( 'NONE',  ( 4.768786388856097958, -15.49999999899386616, 8.339086659073460694 ) ) ;
#1210 = ORIENTED_EDGE ( 'NONE', *, *, #514, .F. ) ;
#1211 = CARTESIAN_POINT ( 'NONE',  ( 7.526940168686903299, -13.54047612526637856, -3.849297575307317310 ) ) ;
#1212 = PLANE ( 'NONE',  #2050 ) ;
#1213 = DIRECTION ( 'NONE',  ( -0.000000000000000000, -1.000000000000000000, -0.000000000000000000 ) ) ;
#1214 = VECTOR ( 'NONE', #2117, 1000.000000000000000 ) ;
#1215 = ORIENTED_EDGE ( 'NONE', *, *, #396, .F. ) ;
#1216 = DIRECTION ( 'NONE',  ( 0.000000000000000000, 0.000000000000000000, -1.000000000000000000 ) ) ;
#1217 = VECTOR ( 'NONE', #798, 1000.000000000000000 ) ;
#1218 = CARTESIAN_POINT ( 'NONE',  ( 1.000000000000000000, 7.000000000000000000, 0.000000000000000000 ) ) ;
#1219 = DIRECTION ( 'NONE',  ( -0.000000000000000000, -1.000000000000000000, -0.000000000000000000 ) ) ;
#1220 = CARTESIAN_POINT ( 'NONE',  ( 3.849297575307317310, -13.54047612526638034, 7.526940168686901522 ) ) ;
#1221 = AXIS2_PLACEMENT_3D ( 'NONE', #401, #1088, #59 ) ;
#1222 = ORIENTED_EDGE ( 'NONE', *, *, #1351, .T. ) ;
#1223 = DIRECTION ( 'NONE',  ( 0.000000000000000000, 0.000000000000000000, -1.000000000000000000 ) ) ;
#1224 = DIRECTION ( 'NONE',  ( -1.000000000000000000, 0.000000000000000000, -8.519525658916538453E-17 ) ) ;
#1225 = CARTESIAN_POINT ( 'NONE',  ( -7.525629508749176466, -13.54098634057785766, -3.851852316732784498 ) ) ;
#1226 = ORIENTED_EDGE ( 'NONE', *, *, #676, .F. ) ;
#1227 = EDGE_CURVE ( 'NONE', #796, #42, #1815, .T. ) ;
#1228 = VERTEX_POINT ( 'NONE', #1729 ) ;
#1229 = LINE ( 'NONE', #2201, #1427 ) ;
#1230 = CARTESIAN_POINT ( 'NONE',  ( -4.768786388855486891, -15.49999999899392655, -8.339086659074594010 ) ) ;
#1231 = CARTESIAN_POINT ( 'NONE',  ( 4.619381337211048155, -15.50000000061459460, -8.605775610475804527 ) ) ;
#1232 = CARTESIAN_POINT ( 'NONE',  ( 0.000000000000000000, -13.50000000000000000, 0.000000000000000000 ) ) ;
#1233 = CIRCLE ( 'NONE', #655, 10.00000000000000000 ) ;
#1234 = AXIS2_PLACEMENT_3D ( 'NONE', #1291, #1299, #2010 ) ;
#1235 = CARTESIAN_POINT ( 'NONE',  ( 6.821303372744404570, -14.91381458407012595, 5.002267217027199564 ) ) ;
#1236 = VERTEX_POINT ( 'NONE', #510 ) ;
#1237 = CARTESIAN_POINT ( 'NONE',  ( 9.588515273477382195, -15.50000000000000000, -4.154861592194260211 ) ) ;
#1238 = DIRECTION ( 'NONE',  ( 0.000000000000000000, -1.000000000000000000, 0.000000000000000000 ) ) ;
#1239 = LINE ( 'NONE', #1626, #2086 ) ;
#1240 = ORIENTED_EDGE ( 'NONE', *, *, #922, .T. ) ;
#1241 = CARTESIAN_POINT ( 'NONE',  ( 6.168961738029284270, -14.17688507820863641, -5.781271480617916403 ) ) ;
#1242 = CARTESIAN_POINT ( 'NONE',  ( -4.992555804416838328, -14.91379511871367214, -6.828330749157585089 ) ) ;
#1243 = EDGE_CURVE ( 'NONE', #1006, #2178, #60, .T. ) ;
#1244 = CARTESIAN_POINT ( 'NONE',  ( 4.314727370518544269, -13.66260428248650527, -7.270205799554684489 ) ) ;
#1245 = VECTOR ( 'NONE', #934, 1000.000000000000000 ) ;
#1246 = CARTESIAN_POINT ( 'NONE',  ( 4.154861592194261988, -15.50000000000000000, 9.588515273477380418 ) ) ;
#1247 = AXIS2_PLACEMENT_3D ( 'NONE', #2068, #1038, #728 ) ;
#1248 = VERTEX_POINT ( 'NONE', #1893 ) ;
#1249 = CARTESIAN_POINT ( 'NONE',  ( 5.487305249349573089, -14.10139555445144488, -6.427245538083472098 ) ) ;
#1250 = CARTESIAN_POINT ( 'NONE',  ( -4.268974474215625037, -14.96578527221649857, 7.304947531737803423 ) ) ;
#1251 = CARTESIAN_POINT ( 'NONE',  ( 0.000000000000000000, -13.50000000000000000, 0.000000000000000000 ) ) ;
#1252 = VERTEX_POINT ( 'NONE', #547 ) ;
#1253 = CARTESIAN_POINT ( 'NONE',  ( 13.39999999999999680, -15.50000000000000000, -3.399999999999997691 ) ) ;
#1254 = AXIS2_PLACEMENT_3D ( 'NONE', #1218, #1044, #705 ) ;
#1255 = ADVANCED_FACE ( 'NONE', ( #355 ), #1043, .F. ) ;
#1256 = FACE_OUTER_BOUND ( 'NONE', #331, .T. ) ;
#1257 = AXIS2_PLACEMENT_3D ( 'NONE', #837, #1863, #520 ) ;
#1258 = ADVANCED_FACE ( 'NONE', ( #154 ), #839, .F. ) ;
#1259 = VERTEX_POINT ( 'NONE', #1424 ) ;
#1260 = CARTESIAN_POINT ( 'NONE',  ( -7.639472578495624333, -15.20201248022064533, -3.626728642641153133 ) ) ;
#1261 = LINE ( 'NONE', #1950, #1217 ) ;
#1262 = DIRECTION ( 'NONE',  ( -8.519525658916538453E-17, 0.000000000000000000, 1.000000000000000000 ) ) ;
#1263 = ORIENTED_EDGE ( 'NONE', *, *, #795, .T. ) ;
#1264 = DIRECTION ( 'NONE',  ( 0.000000000000000000, 0.000000000000000000, 1.000000000000000000 ) ) ;
#1265 = DIRECTION ( 'NONE',  ( 0.000000000000000000, 1.000000000000000000, 0.000000000000000000 ) ) ;
#1266 = EDGE_CURVE ( 'NONE', #873, #1493, #1628, .T. ) ;
#1267 = DIRECTION ( 'NONE',  ( 0.000000000000000000, 0.000000000000000000, 1.000000000000000000 ) ) ;
#1268 = EDGE_CURVE ( 'NONE', #2058, #790, #1890, .T. ) ;
#1269 = ORIENTED_EDGE ( 'NONE', *, *, #562, .T. ) ;
#1270 = CIRCLE ( 'NONE', #1558, 2.125000000000000000 ) ;
#1271 = CARTESIAN_POINT ( 'NONE',  ( -6.456548729781944829, -15.50000000027368152, -6.200868484390339219 ) ) ;
#1272 = CARTESIAN_POINT ( 'NONE',  ( -5.334748074650844885, -15.49999999900055947, 7.476306594225730073 ) ) ;
#1273 = CARTESIAN_POINT ( 'NONE',  ( -3.399999999999998579, -20.13378559697675740, 13.58086889709196754 ) ) ;
#1274 = ORIENTED_EDGE ( 'NONE', *, *, #2108, .F. ) ;
#1275 = CARTESIAN_POINT ( 'NONE',  ( 0.000000000000000000, -15.50000000000000000, 0.000000000000000000 ) ) ;
#1276 = APPROVAL_STATUS ( 'not_yet_approved' ) ;
#1277 = EDGE_CURVE ( 'NONE', #1188, #77, #928, .T. ) ;
#1278 = FACE_OUTER_BOUND ( 'NONE', #1525, .T. ) ;
#1279 = VECTOR ( 'NONE', #212, 1000.000000000000000 ) ;
#1280 = ORIENTED_EDGE ( 'NONE', *, *, #1328, .T. ) ;
#1281 = CARTESIAN_POINT ( 'NONE',  ( -6.680203677760617964, -14.00201209999440621, -5.181447215696244335 ) ) ;
#1282 = DIRECTION ( 'NONE',  ( 0.000000000000000000, -1.000000000000000000, 0.000000000000000000 ) ) ;
#1283 = VERTEX_POINT ( 'NONE', #2116 ) ;
#1284 = DIRECTION ( 'NONE',  ( -0.000000000000000000, 1.000000000000000000, -0.000000000000000000 ) ) ;
#1285 = COORDINATED_UNIVERSAL_TIME_OFFSET ( 5, 0, .BEHIND. ) ;
#1286 = EDGE_CURVE ( 'NONE', #1728, #42, #566, .T. ) ;
#1287 = DIRECTION ( 'NONE',  ( -0.000000000000000000, 1.000000000000000000, -0.000000000000000000 ) ) ;
#1288 = CIRCLE ( 'NONE', #1507, 1.999999999999999778 ) ;
#1289 = EDGE_LOOP ( 'NONE', ( #2076, #1274, #1061, #1422 ) ) ;
#1290 = CARTESIAN_POINT ( 'NONE',  ( -13.39999999999999858, -15.50000000000000000, -13.39999999999999680 ) ) ;
#1291 = CARTESIAN_POINT ( 'NONE',  ( 0.000000000000000000, -20.50000000000000000, 0.000000000000000000 ) ) ;
#1292 = EDGE_LOOP ( 'NONE', ( #1215, #146, #764, #1637, #253, #218, #1885, #611 ) ) ;
#1293 = DIRECTION ( 'NONE',  ( 1.000000000000000000, -0.000000000000000000, -1.703905131783307691E-16 ) ) ;
#1294 = CIRCLE ( 'NONE', #1416, 8.449999999999999289 ) ;
#1295 = DIRECTION ( 'NONE',  ( 1.000000000000000000, 0.000000000000000000, 1.703905131783307691E-16 ) ) ;
#1296 = AXIS2_PLACEMENT_3D ( 'NONE', #2073, #706, #1387 ) ;
#1297 = ORIENTED_EDGE ( 'NONE', *, *, #487, .F. ) ;
#1298 = CARTESIAN_POINT ( 'NONE',  ( -6.418858327846336032, -14.92530662648853479, -5.499192770463071867 ) ) ;
#1299 = DIRECTION ( 'NONE',  ( 0.000000000000000000, -1.000000000000000000, 0.000000000000000000 ) ) ;
#1300 = ORIENTED_EDGE ( 'NONE', *, *, #1266, .T. ) ;
#1301 = AXIS2_PLACEMENT_3D ( 'NONE', #1515, #322, #643 ) ;
#1302 = AXIS2_PLACEMENT_3D ( 'NONE', #597, #1282, #1820 ) ;
#1303 = CARTESIAN_POINT ( 'NONE',  ( 7.271141889294415073, -13.66214941064265176, 4.313045489978527769 ) ) ;
#1304 = CALENDAR_DATE ( 2026, 26, 8 ) ;
#1305 = ORIENTED_EDGE ( 'NONE', *, *, #1985, .T. ) ;
#1306 = EDGE_CURVE ( 'NONE', #127, #1513, #488, .T. ) ;
#1307 = EDGE_CURVE ( 'NONE', #569, #138, #1715, .T. ) ;
#1308 = CARTESIAN_POINT ( 'NONE',  ( -3.158590908333841707, -20.44736208302749603, -13.63936949761470174 ) ) ;
#1309 = ORIENTED_EDGE ( 'NONE', *, *, #349, .T. ) ;
#1310 = EDGE_LOOP ( 'NONE', ( #816, #799, #2145, #384 ) ) ;
#1311 = DIRECTION ( 'NONE',  ( 0.000000000000000000, -1.000000000000000000, 0.000000000000000000 ) ) ;
#1312 = CARTESIAN_POINT ( 'NONE',  ( 13.39999999999999680, -20.00000000000000000, -3.399999999999997691 ) ) ;
#1313 = AXIS2_PLACEMENT_3D ( 'NONE', #2194, #812, #1697 ) ;
#1314 = B_SPLINE_CURVE_WITH_KNOTS ( 'NONE', 3,
 ( #1594, #699, #1049, #373, #555, #1737 ),
 .UNSPECIFIED., .F., .F.,
 ( 4, 2, 4 ),
 ( 0.000000000000000000, 0.0003955843411403023530, 0.0007911686822806047060 ),
 .UNSPECIFIED. ) ;
#1315 = CIRCLE ( 'NONE', #1032, 14.00000000000000000 ) ;
#1316 = CARTESIAN_POINT ( 'NONE',  ( 3.399999999999999023, -15.50000000000000000, -13.58086889709196754 ) ) ;
#1317 = DATE_AND_TIME ( #805, #211 ) ;
#1318 = ORIENTED_EDGE ( 'NONE', *, *, #364, .T. ) ;
#1319 = DIRECTION ( 'NONE',  ( -0.000000000000000000, -1.000000000000000000, 0.000000000000000000 ) ) ;
#1320 = DIRECTION ( 'NONE',  ( 0.9175612701892229550, 0.000000000000000000, -0.3975944107362929247 ) ) ;
#1321 = EDGE_CURVE ( 'NONE', #1248, #662, #1866, .T. ) ;
#1322 = ORIENTED_EDGE ( 'NONE', *, *, #1408, .T. ) ;
#1323 = CIRCLE ( 'NONE', #2148, 0.5000000000000000000 ) ;
#1324 = CARTESIAN_POINT ( 'NONE',  ( -3.399999999999999467, -15.50000000000000000, -13.39999999999999680 ) ) ;
#1325 = DIRECTION ( 'NONE',  ( -1.000000000000000000, -0.000000000000000000, -0.000000000000000000 ) ) ;
#1326 = LINE ( 'NONE', #2011, #1829 ) ;
#1327 = ORIENTED_EDGE ( 'NONE', *, *, #648, .T. ) ;
#1328 = EDGE_CURVE ( 'NONE', #1662, #443, #591, .T. ) ;
#1329 = CARTESIAN_POINT ( 'NONE',  ( 1.000000000000000000, 0.000000000000000000, 0.000000000000000000 ) ) ;
#1330 = CARTESIAN_POINT ( 'NONE',  ( -5.487305249349934577, -14.10139555445144488, 6.427245538083173670 ) ) ;
#1331 = VERTEX_POINT ( 'NONE', #1078 ) ;
#1332 = FACE_OUTER_BOUND ( 'NONE', #1810, .T. ) ;
#1333 = CARTESIAN_POINT ( 'NONE',  ( 0.5000000000000000000, 0.000000000000000000, 8.435194129360626292 ) ) ;
#1334 = ADVANCED_FACE ( 'NONE', ( #2105 ), #48, .T. ) ;
#1335 = ORIENTED_EDGE ( 'NONE', *, *, #995, .T. ) ;
#1336 = CARTESIAN_POINT ( 'NONE',  ( 2.571758278209441957E-16, -9.500000000000001776, 7.100000000000000533 ) ) ;
#1337 = VECTOR ( 'NONE', #613, 1000.000000000000000 ) ;
#1338 = VERTEX_POINT ( 'NONE', #571 ) ;
#1339 = EDGE_CURVE ( 'NONE', #796, #2131, #1933, .T. ) ;
#1340 = DIRECTION ( 'NONE',  ( 0.000000000000000000, 1.000000000000000000, -0.000000000000000000 ) ) ;
#1341 = CARTESIAN_POINT ( 'NONE',  ( -9.123128955762526360, -15.49999999940643391, 4.356156525457747009 ) ) ;
#1342 = VERTEX_POINT ( 'NONE', #224 ) ;
#1343 = FACE_OUTER_BOUND ( 'NONE', #298, .T. ) ;
#1344 = CYLINDRICAL_SURFACE ( 'NONE', #1634, 8.449999999999999289 ) ;
#1345 = ORIENTED_EDGE ( 'NONE', *, *, #1376, .T. ) ;
#1346 = CARTESIAN_POINT ( 'NONE',  ( -13.58086889709196754, -20.13378559697675740, -3.399999999999997691 ) ) ;
#1347 = AXIS2_PLACEMENT_3D ( 'NONE', #1686, #1173, #2163 ) ;
#1348 = ORIENTED_EDGE ( 'NONE', *, *, #1971, .T. ) ;
#1349 = CARTESIAN_POINT ( 'NONE',  ( -3.399999999999999467, -20.00000000000000000, -13.39999999999999680 ) ) ;
#1350 = AXIS2_PLACEMENT_3D ( 'NONE', #1811, #1497, #2146 ) ;
#1351 = EDGE_CURVE ( 'NONE', #42, #222, #236, .T. ) ;
#1352 = LINE ( 'NONE', #23, #141 ) ;
#1353 = CARTESIAN_POINT ( 'NONE',  ( -7.272503949351527552, -13.66138831608918025, 4.310754740521154815 ) ) ;
#1354 = DIRECTION ( 'NONE',  ( 0.000000000000000000, 0.000000000000000000, -1.000000000000000000 ) ) ;
#1355 = DIRECTION ( 'NONE',  ( 0.000000000000000000, 0.000000000000000000, -1.000000000000000000 ) ) ;
#1356 = ORIENTED_EDGE ( 'NONE', *, *, #633, .F. ) ;
#1357 = AXIS2_PLACEMENT_3D ( 'NONE', #950, #1808, #970 ) ;
#1358 = FACE_OUTER_BOUND ( 'NONE', #2154, .T. ) ;
#1359 = CARTESIAN_POINT ( 'NONE',  ( -13.39999999999999680, -15.50000000000000000, 3.399999999999997691 ) ) ;
#1360 = AXIS2_PLACEMENT_3D ( 'NONE', #1876, #1701, #2030 ) ;
#1361 = EDGE_LOOP ( 'NONE', ( #1684, #105, #598, #1952, #1477, #2162, #116, #398, #70, #263, #119, #175, #1418, #400, #243, #505, #1222 ) ) ;
#1362 = CARTESIAN_POINT ( 'NONE',  ( -9.588515273477378642, -15.50000000000000000, -4.154861592194260211 ) ) ;
#1363 = CARTESIAN_POINT ( 'NONE',  ( 3.030793005547581132, -20.50000000000000000, -13.66865638960767448 ) ) ;
#1364 = CARTESIAN_POINT ( 'NONE',  ( -6.220075141423469844, -14.93272058982428163, 5.729255026710467824 ) ) ;
#1365 = CARTESIAN_POINT ( 'NONE',  ( 6.680203677761407555, -14.00201209999440621, 5.181447215695289543 ) ) ;
#1366 = CARTESIAN_POINT ( 'NONE',  ( 0.000000000000000000, 31.50000000000000000, 2.899999999999999911 ) ) ;
#1367 = ORIENTED_EDGE ( 'NONE', *, *, #1423, .F. ) ;
#1368 = CARTESIAN_POINT ( 'NONE',  ( 8.339086659074245844, -15.49999999899382352, -4.768786388855525082 ) ) ;
#1369 = FACE_OUTER_BOUND ( 'NONE', #1670, .T. ) ;
#1370 = CARTESIAN_POINT ( 'NONE',  ( 0.000000000000000000, -15.50000000000000000, 0.000000000000000000 ) ) ;
#1371 = AXIS2_PLACEMENT_3D ( 'NONE', #1589, #1757, #1560 ) ;
#1372 = VERTEX_POINT ( 'NONE', #1609 ) ;
#1373 = CARTESIAN_POINT ( 'NONE',  ( -3.851852316732785830, -13.54098634057786121, 7.525629508749175578 ) ) ;
#1374 = CARTESIAN_POINT ( 'NONE',  ( 4.356672884328288475, -15.49999999938540540, -9.121906224551445064 ) ) ;
#1375 = CARTESIAN_POINT ( 'NONE',  ( -5.887304682244972831, -14.17715323865497190, 6.063049942122547442 ) ) ;
#1376 = EDGE_CURVE ( 'NONE', #996, #1828, #1136, .T. ) ;
#1377 = ADVANCED_FACE ( 'NONE', ( #415 ), #1100, .F. ) ;
#1378 = CARTESIAN_POINT ( 'NONE',  ( 5.783366983465261235, -15.50000000090155794, 6.909810519434186560 ) ) ;
#1379 = CYLINDRICAL_SURFACE ( 'NONE', #527, 0.5000000000000000000 ) ;
#1380 = EDGE_LOOP ( 'NONE', ( #1305, #1556, #1520, #66, #606, #328, #2198, #165, #2094, #1072 ) ) ;
#1381 = CARTESIAN_POINT ( 'NONE',  ( 5.002267217027194235, -14.91381458407042082, -6.821303372744111471 ) ) ;
#1382 = CARTESIAN_POINT ( 'NONE',  ( 5.174575008436667289, -13.99925955528425803, 6.685466614579860689 ) ) ;
#1383 = CARTESIAN_POINT ( 'NONE',  ( -3.613859795916589235, -13.50000000000000000, -7.643249308585886581 ) ) ;
#1384 = ORIENTED_EDGE ( 'NONE', *, *, #83, .T. ) ;
#1385 = DIRECTION ( 'NONE',  ( -0.000000000000000000, 1.000000000000000000, -0.000000000000000000 ) ) ;
#1386 = DIRECTION ( 'NONE',  ( -0.000000000000000000, 1.000000000000000000, -0.000000000000000000 ) ) ;
#1387 = DIRECTION ( 'NONE',  ( 0.000000000000000000, 0.000000000000000000, -1.000000000000000000 ) ) ;
#1388 = CARTESIAN_POINT ( 'NONE',  ( 5.173286001323427641, -13.99871771150133704, 6.686432055312149458 ) ) ;
#1389 = ADVANCED_FACE ( 'NONE', ( #1847 ), #1482, .T. ) ;
#1390 = ORIENTED_EDGE ( 'NONE', *, *, #676, .T. ) ;
#1391 = CYLINDRICAL_SURFACE ( 'NONE', #1858, 2.125000000000000000 ) ;
#1392 = CYLINDRICAL_SURFACE ( 'NONE', #444, 0.5000000000000000000 ) ;
#1393 = CARTESIAN_POINT ( 'NONE',  ( -6.351724952183204209, -14.12573746617286652, -5.574614977412316819 ) ) ;
#1394 = ORIENTED_EDGE ( 'NONE', *, *, #1286, .F. ) ;
#1395 = VECTOR ( 'NONE', #56, 1000.000000000000000 ) ;
#1396 = VERTEX_POINT ( 'NONE', #1012 ) ;
#1397 = CARTESIAN_POINT ( 'NONE',  ( -5.474126274831144556, -14.09749311421170148, 6.438454365592748196 ) ) ;
#1398 = VECTOR ( 'NONE', #134, 1000.000000000000000 ) ;
#1399 = CARTESIAN_POINT ( 'NONE',  ( -4.616935641954782454, -15.50000000059352878, -8.610374635566907742 ) ) ;
#1400 = CC_DESIGN_PERSON_AND_ORGANIZATION_ASSIGNMENT ( #782, #600, ( #1466 ) ) ;
#1401 = CARTESIAN_POINT ( 'NONE',  ( 4.247254108825775809, -15.49999999999999822, -9.364407947202565197 ) ) ;
#1402 = CARTESIAN_POINT ( 'NONE',  ( 13.39999999999999858, -15.50000000000000000, -13.39999999999999680 ) ) ;
#1403 = CARTESIAN_POINT ( 'NONE',  ( 6.602367078036064818, -15.50000000046732040, 6.063101641524024643 ) ) ;
#1404 = CIRCLE ( 'NONE', #1221, 2.125000000000000000 ) ;
#1405 = VERTEX_POINT ( 'NONE', #981 ) ;
#1406 = CARTESIAN_POINT ( 'NONE',  ( 7.004133254934723496, -14.91515483086420346, -4.742713518065146516 ) ) ;
#1407 = DIRECTION ( 'NONE',  ( 0.000000000000000000, 1.000000000000000000, -0.000000000000000000 ) ) ;
#1408 = EDGE_CURVE ( 'NONE', #569, #1604, #666, .T. ) ;
#1409 = DIRECTION ( 'NONE',  ( 8.519525658916538453E-17, 0.000000000000000000, 1.000000000000000000 ) ) ;
#1410 = ORIENTED_EDGE ( 'NONE', *, *, #71, .T. ) ;
#1411 = DIRECTION ( 'NONE',  ( 0.000000000000000000, 0.000000000000000000, -1.000000000000000000 ) ) ;
#1412 = CARTESIAN_POINT ( 'NONE',  ( -5.000000000000000000, -9.500000000000001776, 0.000000000000000000 ) ) ;
#1413 = CARTESIAN_POINT ( 'NONE',  ( 4.539343672937129703, -13.74504403307204647, -7.132009192333257808 ) ) ;
#1414 = DIRECTION ( 'NONE',  ( 0.000000000000000000, -1.000000000000000000, 0.000000000000000000 ) ) ;
#1415 = AXIS2_PLACEMENT_3D ( 'NONE', #1429, #1639, #1946 ) ;
#1416 = AXIS2_PLACEMENT_3D ( 'NONE', #1118, #788, #1471 ) ;
#1417 = CARTESIAN_POINT ( 'NONE',  ( 4.616935641955072001, -15.50000000059352701, 8.610374635566330426 ) ) ;
#1418 = ORIENTED_EDGE ( 'NONE', *, *, #2196, .T. ) ;
#1419 = LINE ( 'NONE', #883, #2036 ) ;
#1420 = CARTESIAN_POINT ( 'NONE',  ( 4.154861592194261988, -13.50000000000000000, -9.588515273477378642 ) ) ;
#1421 = CARTESIAN_POINT ( 'NONE',  ( -3.399999999999999467, -20.00000000000000000, 13.58086889709196754 ) ) ;
#1422 = ORIENTED_EDGE ( 'NONE', *, *, #1783, .F. ) ;
#1423 = EDGE_CURVE ( 'NONE', #873, #1578, #73, .T. ) ;
#1424 = CARTESIAN_POINT ( 'NONE',  ( 2.602374448188125350E-16, -20.50000000000000000, 2.125000000000000000 ) ) ;
#1425 = FACE_OUTER_BOUND ( 'NONE', #227, .T. ) ;
#1426 = EDGE_CURVE ( 'NONE', #796, #594, #2138, .T. ) ;
#1427 = VECTOR ( 'NONE', #1385, 1000.000000000000000 ) ;
#1428 = AXIS2_PLACEMENT_3D ( 'NONE', #27, #711, #1562 ) ;
#1429 = CARTESIAN_POINT ( 'NONE',  ( 0.000000000000000000, -9.500000000000001776, 5.000000000000000000 ) ) ;
#1430 = EDGE_LOOP ( 'NONE', ( #1443, #654, #739, #287, #1928, #719 ) ) ;
#1431 = CARTESIAN_POINT ( 'NONE',  ( -7.644725492534674594, -13.50000001098358027, -3.610453085000876250 ) ) ;
#1432 = CARTESIAN_POINT ( 'NONE',  ( -4.247254108826325592, -15.50000000000000000, 9.364407947202566973 ) ) ;
#1433 = CARTESIAN_POINT ( 'NONE',  ( -4.967617006349485109, -13.91260954509412073, -6.840528462167124069 ) ) ;
#1434 = ORIENTED_EDGE ( 'NONE', *, *, #933, .F. ) ;
#1435 = ADVANCED_FACE ( 'NONE', ( #464 ), #1859, .F. ) ;
#1436 = CARTESIAN_POINT ( 'NONE',  ( 5.875138799896891584, -14.17645675805220762, -6.074900517408904577 ) ) ;
#1437 = CARTESIAN_POINT ( 'NONE',  ( -2.899999999999999467, -20.50000000000000000, -13.58086889709196754 ) ) ;
#1438 = DIRECTION ( 'NONE',  ( -1.000000000000000000, 0.000000000000000000, 0.000000000000000000 ) ) ;
#1439 = ORIENTED_EDGE ( 'NONE', *, *, #1947, .T. ) ;
#1440 = CARTESIAN_POINT ( 'NONE',  ( -7.476306594226240776, -15.49999999900071934, -5.334748074650653038 ) ) ;
#1441 = CARTESIAN_POINT ( 'NONE',  ( -4.751348577031926368, -14.91476916213402859, 6.998283371061099878 ) ) ;
#1442 = CARTESIAN_POINT ( 'NONE',  ( -6.438454365592750861, -14.09749311421170326, -5.474126274831144556 ) ) ;
#1443 = ORIENTED_EDGE ( 'NONE', *, *, #234, .F. ) ;
#1444 = VECTOR ( 'NONE', #451, 1000.000000000000000 ) ;
#1445 = CARTESIAN_POINT ( 'NONE',  ( 5.774764661982728420, -14.16530528016579282, -6.170318882626081525 ) ) ;
#1446 = B_SPLINE_CURVE_WITH_KNOTS ( 'NONE', 3,
 ( #8, #687, #519, #1554, #18, #700, #1382, #530, #1904, #362, #1050, #884, #1565, #1656, #120, #1129, #1303, #285, #793, #130 ),
 .UNSPECIFIED., .F., .F.,
 ( 4, 2, 2, 2, 2, 2, 2, 2, 2, 4 ),
 ( 0.000000000000000000, 0.0008310511410544688549, 0.001662102282108937710, 0.002493153423163406782, 0.003324204564217875420, 0.003739730134745108871, 0.004155255705272341456, 0.004986306846326804890, 0.005817357987381269191, 0.006648409128435731758 ),
 .UNSPECIFIED. ) ;
#1447 =( NAMED_UNIT ( * ) PLANE_ANGLE_UNIT ( ) SI_UNIT ( $, .RADIAN. ) );
#1448 = CARTESIAN_POINT ( 'NONE',  ( -13.39999999999999858, -15.50000000000000000, 13.39999999999999680 ) ) ;
#1449 = ORIENTED_EDGE ( 'NONE', *, *, #1227, .T. ) ;
#1450 = CARTESIAN_POINT ( 'NONE',  ( 13.69634987870856158, -20.50000000000000000, -2.899999999999997691 ) ) ;
#1451 = EDGE_CURVE ( 'NONE', #2058, #1405, #625, .T. ) ;
#1452 = CARTESIAN_POINT ( 'NONE',  ( -13.39999999999999680, -20.00000000000000000, -2.899999999999997691 ) ) ;
#1453 = ORIENTED_EDGE ( 'NONE', *, *, #470, .T. ) ;
#1454 = CARTESIAN_POINT ( 'NONE',  ( 6.840528462167125845, -13.91260954509411896, -4.967617006349483333 ) ) ;
#1455 = APPROVAL_DATE_TIME ( #110, #272 ) ;
#1456 = LOCAL_TIME ( 9, 45, 18.00000000000000000, #1668 ) ;
#1457 = CARTESIAN_POINT ( 'NONE',  ( 9.588515273477378642, -15.50000000000000000, 4.154861592194260211 ) ) ;
#1458 = VECTOR ( 'NONE', #1718, 1000.000000000000000 ) ;
#1459 = VERTEX_POINT ( 'NONE', #1144 ) ;
#1460 = CARTESIAN_POINT ( 'NONE',  ( -6.602367078036014192, -15.50000000046729731, -6.063101641524039742 ) ) ;
#1461 = AXIS2_PLACEMENT_3D ( 'NONE', #1189, #1875, #339 ) ;
#1462 = CARTESIAN_POINT ( 'NONE',  ( -3.399999999999999467, -20.50000000000000000, 13.39999999999999680 ) ) ;
#1463 = VERTEX_POINT ( 'NONE', #147 ) ;
#1464 = CC_DESIGN_SECURITY_CLASSIFICATION ( #966, ( #1789 ) ) ;
#1465 = DIRECTION ( 'NONE',  ( 0.000000000000000000, 1.000000000000000000, -0.000000000000000000 ) ) ;
#1466 = PRODUCT_DEFINITION ( 'UNKNOWN', '', #1789, #1894 ) ;
#1467 = AXIS2_PLACEMENT_3D ( 'NONE', #1573, #1057, #1868 ) ;
#1468 = DIRECTION ( 'NONE',  ( 0.000000000000000000, -1.000000000000000000, 0.000000000000000000 ) ) ;
#1469 = VERTEX_POINT ( 'NONE', #1830 ) ;
#1470 = CARTESIAN_POINT ( 'NONE',  ( -6.998283371061109648, -14.91476916213374615, -4.751348577032338483 ) ) ;
#1471 = DIRECTION ( 'NONE',  ( 0.000000000000000000, 0.000000000000000000, -1.000000000000000000 ) ) ;
#1472 = ORIENTED_EDGE ( 'NONE', *, *, #1598, .T. ) ;
#1473 = EDGE_CURVE ( 'NONE', #4, #1259, #292, .T. ) ;
#1474 = CARTESIAN_POINT ( 'NONE',  ( -13.39999999999999858, -15.50000000000000000, -13.39999999999999680 ) ) ;
#1475 = APPROVAL_DATE_TIME ( #976, #1203 ) ;
#1476 = ADVANCED_FACE ( 'NONE', ( #336 ), #128, .F. ) ;
#1477 = ORIENTED_EDGE ( 'NONE', *, *, #1306, .T. ) ;
#1478 = DIRECTION ( 'NONE',  ( 0.000000000000000000, 0.000000000000000000, -1.000000000000000000 ) ) ;
#1479 = LINE ( 'NONE', #411, #2077 ) ;
#1480 = AXIS2_PLACEMENT_3D ( 'NONE', #902, #890, #191 ) ;
#1481 = ORIENTED_EDGE ( 'NONE', *, *, #2196, .F. ) ;
#1482 = CYLINDRICAL_SURFACE ( 'NONE', #1069, 14.00000000000000000 ) ;
#1483 = CARTESIAN_POINT ( 'NONE',  ( 0.000000000000000000, -13.50000000000000000, 0.000000000000000000 ) ) ;
#1484 = ORIENTED_EDGE ( 'NONE', *, *, #1897, .F. ) ;
#1485 = AXIS2_PLACEMENT_3D ( 'NONE', #1130, #2022, #1478 ) ;
#1486 = DIRECTION ( 'NONE',  ( -0.000000000000000000, 1.000000000000000000, -0.000000000000000000 ) ) ;
#1487 = COORDINATED_UNIVERSAL_TIME_OFFSET ( 5, 0, .BEHIND. ) ;
#1488 = ADVANCED_FACE ( 'NONE', ( #1332 ), #2016, .F. ) ;
#1489 = ORIENTED_EDGE ( 'NONE', *, *, #1843, .F. ) ;
#1490 = ADVANCED_FACE ( 'NONE', ( #482 ), #1611, .F. ) ;
#1491 = CARTESIAN_POINT ( 'NONE',  ( 4.154861592194261988, -15.50000000000000000, -9.588515273477378642 ) ) ;
#1492 = CARTESIAN_POINT ( 'NONE',  ( -5.681614864356088646, -15.50000000049972293, 7.039092916199647831 ) ) ;
#1493 = VERTEX_POINT ( 'NONE', #1324 ) ;
#1494 = CARTESIAN_POINT ( 'NONE',  ( 0.000000000000000000, -15.50000000000000000, 0.000000000000000000 ) ) ;
#1495 = DIRECTION ( 'NONE',  ( 0.000000000000000000, 1.000000000000000000, 0.000000000000000000 ) ) ;
#1496 = TOROIDAL_SURFACE ( 'NONE', #2174, 10.50000000000000000, 0.5000000000000000000 ) ;
#1497 = DIRECTION ( 'NONE',  ( -0.3975944107362777147, 4.188235523176306715E-14, 0.9175612701892293943 ) ) ;
#1498 = EDGE_CURVE ( 'NONE', #497, #29, #1935, .T. ) ;
#1499 = CALENDAR_DATE ( 2026, 26, 8 ) ;
#1500 = ORIENTED_EDGE ( 'NONE', *, *, #864, .F. ) ;
#1501 = EDGE_CURVE ( 'NONE', #1723, #1396, #474, .T. ) ;
#1502 = FACE_OUTER_BOUND ( 'NONE', #249, .T. ) ;
#1503 = CARTESIAN_POINT ( 'NONE',  ( -2.899999999999999023, -20.50000000000000000, -13.69634987870856158 ) ) ;
#1504 = ORIENTED_EDGE ( 'NONE', *, *, #628, .T. ) ;
#1505 = APPROVAL_PERSON_ORGANIZATION ( #1833, #669, #815 ) ;
#1506 = CARTESIAN_POINT ( 'NONE',  ( 7.753392733098952050, -15.50000000000007816, 3.359672770721627622 ) ) ;
#1507 = AXIS2_PLACEMENT_3D ( 'NONE', #1087, #635, #1320 ) ;
#1508 = FACE_OUTER_BOUND ( 'NONE', #589, .T. ) ;
#1509 = ORIENTED_EDGE ( 'NONE', *, *, #1306, .F. ) ;
#1510 = DIRECTION ( 'NONE',  ( 1.000000000000000000, 0.000000000000000000, 8.519525658916538453E-17 ) ) ;
#1511 = EDGE_CURVE ( 'NONE', #1459, #1463, #1533, .T. ) ;
#1512 = MANIFOLD_SOLID_BREP ( 'Stock-Eccentric Shaft-1', #189 ) ;
#1513 = VERTEX_POINT ( 'NONE', #304 ) ;
#1514 = AXIS2_PLACEMENT_3D ( 'NONE', #1781, #422, #729 ) ;
#1515 = CARTESIAN_POINT ( 'NONE',  ( -3.399999999999998579, -20.50000000000000000, -3.399999999999999467 ) ) ;
#1516 = CARTESIAN_POINT ( 'NONE',  ( -6.686432055311380296, -13.99871771150133704, 5.173286001324361116 ) ) ;
#1517 = ORIENTED_EDGE ( 'NONE', *, *, #476, .T. ) ;
#1518 = DIRECTION ( 'NONE',  ( 0.000000000000000000, 0.000000000000000000, 1.000000000000000000 ) ) ;
#1519 = CARTESIAN_POINT ( 'NONE',  ( 13.59506903654226484, -20.26398954384525197, 3.344121171928768455 ) ) ;
#1520 = ORIENTED_EDGE ( 'NONE', *, *, #864, .T. ) ;
#1521 = ADVANCED_FACE ( 'NONE', ( #1343 ), #778, .F. ) ;
#1522 = CARTESIAN_POINT ( 'NONE',  ( -13.59506903654226484, -20.26398954384525197, -3.344121171928768455 ) ) ;
#1523 = VECTOR ( 'NONE', #1295, 1000.000000000000000 ) ;
#1524 = AXIS2_PLACEMENT_3D ( 'NONE', #2175, #1495, #1665 ) ;
#1525 = EDGE_LOOP ( 'NONE', ( #1592, #463, #921, #1854, #755, #478 ) ) ;
#1526 = DIRECTION ( 'NONE',  ( 0.000000000000000000, -1.000000000000000000, 0.000000000000000000 ) ) ;
#1527 = DIRECTION ( 'NONE',  ( 0.000000000000000000, 0.000000000000000000, 1.000000000000000000 ) ) ;
#1528 = CARTESIAN_POINT ( 'NONE',  ( 0.000000000000000000, -15.50000000000000000, 0.000000000000000000 ) ) ;
#1529 = DIRECTION ( 'NONE',  ( 0.000000000000000000, -0.000000000000000000, -1.000000000000000000 ) ) ;
#1530 = CARTESIAN_POINT ( 'NONE',  ( 13.69634987870856158, -20.50000000000000000, 2.899999999999997691 ) ) ;
#1531 = ORIENTED_EDGE ( 'NONE', *, *, #1277, .F. ) ;
#1532 = CARTESIAN_POINT ( 'NONE',  ( 0.000000000000000000, -13.50000000000000000, 0.000000000000000000 ) ) ;
#1533 = CIRCLE ( 'NONE', #631, 8.449999999999999289 ) ;
#1534 = ORIENTED_EDGE ( 'NONE', *, *, #25, .T. ) ;
#1535 = FACE_OUTER_BOUND ( 'NONE', #980, .T. ) ;
#1536 = VECTOR ( 'NONE', #1822, 1000.000000000000000 ) ;
#1537 = CYLINDRICAL_SURFACE ( 'NONE', #1254, 8.449999999999999289 ) ;
#1538 = CARTESIAN_POINT ( 'NONE',  ( -6.909810519434388176, -15.50000000090174090, 5.783366983465342948 ) ) ;
#1539 = FACE_OUTER_BOUND ( 'NONE', #423, .T. ) ;
#1540 = CARTESIAN_POINT ( 'NONE',  ( 13.63925534234538617, -20.44700518391625721, 3.159076166729009483 ) ) ;
#1541 = ORIENTED_EDGE ( 'NONE', *, *, #1339, .T. ) ;
#1542 = DIRECTION ( 'NONE',  ( -0.3975944107362929247, 0.000000000000000000, 0.9175612701892230660 ) ) ;
#1543 = CARTESIAN_POINT ( 'NONE',  ( -13.66865638960767448, -20.50000000000000000, -3.030793005547578911 ) ) ;
#1544 = CIRCLE ( 'NONE', #974, 10.00000000000000000 ) ;
#1545 = EDGE_LOOP ( 'NONE', ( #1269, #1517, #1011, #546 ) ) ;
#1546 = PLANE ( 'NONE',  #171 ) ;
#1547 = EDGE_CURVE ( 'NONE', #29, #1828, #371, .T. ) ;
#1548 = CARTESIAN_POINT ( 'NONE',  ( 3.359672770721631618, -15.50000000000007816, -7.753392733098951162 ) ) ;
#1549 = CARTESIAN_POINT ( 'NONE',  ( -4.154861592194261988, -15.50000000000000000, 9.588515273477378642 ) ) ;
#1550 = CARTESIAN_POINT ( 'NONE',  ( 9.364407947202835203, -15.50000000000000000, 4.247254108825680774 ) ) ;
#1551 = DIRECTION ( 'NONE',  ( 0.000000000000000000, 0.000000000000000000, -1.000000000000000000 ) ) ;
#1552 = EDGE_LOOP ( 'NONE', ( #1143, #973, #776, #1076 ) ) ;
#1553 = CARTESIAN_POINT ( 'NONE',  ( 9.123128955761949044, -15.49999999940643391, -4.356156525458034778 ) ) ;
#1554 = CARTESIAN_POINT ( 'NONE',  ( 4.316663853821363084, -13.66332362742809714, 7.269007238984352526 ) ) ;
#1555 = DIRECTION ( 'NONE',  ( 0.000000000000000000, -0.000000000000000000, -1.000000000000000000 ) ) ;
#1556 = ORIENTED_EDGE ( 'NONE', *, *, #396, .T. ) ;
#1557 = CARTESIAN_POINT ( 'NONE',  ( 5.000000000000000000, 31.50000000000000000, 0.000000000000000000 ) ) ;
#1558 = AXIS2_PLACEMENT_3D ( 'NONE', #450, #1319, #144 ) ;
#1559 = CARTESIAN_POINT ( 'NONE',  ( 3.159076166729010815, -20.44700518391625721, -13.63925534234538617 ) ) ;
#1560 = DIRECTION ( 'NONE',  ( 0.3975944107362777147, -1.387778780781445676E-14, -0.9175612701892293943 ) ) ;
#1561 = CARTESIAN_POINT ( 'NONE',  ( 4.992555804416546117, -14.91379511871396168, 6.828330749157879076 ) ) ;
#1562 = DIRECTION ( 'NONE',  ( 0.000000000000000000, 0.000000000000000000, -1.000000000000000000 ) ) ;
#1563 = EDGE_LOOP ( 'NONE', ( #2039, #1920, #726, #1531 ) ) ;
#1564 = DIRECTION ( 'NONE',  ( -0.000000000000000000, -1.000000000000000000, -0.000000000000000000 ) ) ;
#1565 = CARTESIAN_POINT ( 'NONE',  ( 6.438454365592750861, -14.09749311421170326, 5.474126274831144556 ) ) ;
#1566 = LINE ( 'NONE', #184, #1083 ) ;
#1567 = ORIENTED_EDGE ( 'NONE', *, *, #791, .T. ) ;
#1568 = CC_DESIGN_PERSON_AND_ORGANIZATION_ASSIGNMENT ( #131, #985, ( #1789 ) ) ;
#1569 = VERTEX_POINT ( 'NONE', #1882 ) ;
#1570 = CARTESIAN_POINT ( 'NONE',  ( -6.840528462167125845, -13.91260954509411896, 4.967617006349483333 ) ) ;
#1571 = CARTESIAN_POINT ( 'NONE',  ( -5.173286001323753602, -13.99871771150133704, -6.686432055311881228 ) ) ;
#1572 = VECTOR ( 'NONE', #923, 1000.000000000000000 ) ;
#1573 = CARTESIAN_POINT ( 'NONE',  ( 3.399999999999998579, -20.50000000000000000, 3.399999999999999467 ) ) ;
#1574 = CARTESIAN_POINT ( 'NONE',  ( -13.58086889709196932, -20.50000000000000000, -3.399999999999996358 ) ) ;
#1575 = LOCAL_TIME ( 9, 45, 18.00000000000000000, #1285 ) ;
#1576 = ADVANCED_FACE ( 'NONE', ( #1539 ), #516, .T. ) ;
#1577 = CARTESIAN_POINT ( 'NONE',  ( 3.359672770721674695, -15.50000000000000355, 7.753392733098931622 ) ) ;
#1578 = VERTEX_POINT ( 'NONE', #95 ) ;
#1579 = CARTESIAN_POINT ( 'NONE',  ( 7.436803515213703974, -15.02090009060462172, -4.030241029914571449 ) ) ;
#1580 = LINE ( 'NONE', #2092, #1091 ) ;
#1581 = CARTESIAN_POINT ( 'NONE',  ( -5.781271480617920844, -14.17688507820863109, -6.168961738029281605 ) ) ;
#1582 = ORIENTED_EDGE ( 'NONE', *, *, #185, .T. ) ;
#1583 = AXIS2_PLACEMENT_3D ( 'NONE', #333, #343, #876 ) ;
#1584 = EDGE_CURVE ( 'NONE', #558, #1578, #2056, .T. ) ;
#1585 = CARTESIAN_POINT ( 'NONE',  ( 3.612381392730019236, -13.49999999999999822, -7.643889925036136290 ) ) ;
#1586 = AXIS2_PLACEMENT_3D ( 'NONE', #2035, #1184, #334 ) ;
#1587 = DIRECTION ( 'NONE',  ( 0.000000000000000000, 0.000000000000000000, -1.000000000000000000 ) ) ;
#1588 = DIRECTION ( 'NONE',  ( 0.3975944107362930358, 0.000000000000000000, 0.9175612701892228440 ) ) ;
#1589 = CARTESIAN_POINT ( 'NONE',  ( -4.154861592194103004, -13.49999999999997158, 9.588515273477446144 ) ) ;
#1590 = CARTESIAN_POINT ( 'NONE',  ( 4.742713518064453737, -14.91515483086392102, 7.004133254934994390 ) ) ;
#1591 = AXIS2_PLACEMENT_3D ( 'NONE', #1750, #389, #232 ) ;
#1592 = ORIENTED_EDGE ( 'NONE', *, *, #6, .F. ) ;
#1593 = EDGE_CURVE ( 'NONE', #1932, #996, #1840, .T. ) ;
#1594 = CARTESIAN_POINT ( 'NONE',  ( 2.899999999999999023, -20.50000000000000000, 13.69634987870856158 ) ) ;
#1595 = DIRECTION ( 'NONE',  ( -1.703905131783307691E-16, 0.000000000000000000, 1.000000000000000000 ) ) ;
#1596 = CARTESIAN_POINT ( 'NONE',  ( 5.000000000000000000, 6.999999999999999112, -2.100000000000000089 ) ) ;
#1597 = ORIENTED_EDGE ( 'NONE', *, *, #244, .F. ) ;
#1598 = EDGE_CURVE ( 'NONE', #664, #1948, #1805, .T. ) ;
#1599 = CARTESIAN_POINT ( 'NONE',  ( -13.39999999999999858, -20.00000000000000000, 13.39999999999999680 ) ) ;
#1600 = CIRCLE ( 'NONE', #803, 8.449999999999999289 ) ;
#1601 = CARTESIAN_POINT ( 'NONE',  ( -3.626003123958253749, -15.20275021889901801, -7.639745051305392387 ) ) ;
#1602 = AXIS2_PLACEMENT_3D ( 'NONE', #104, #2129, #1603 ) ;
#1603 = DIRECTION ( 'NONE',  ( 0.000000000000000000, 0.000000000000000000, -1.000000000000000000 ) ) ;
#1604 = VERTEX_POINT ( 'NONE', #1457 ) ;
#1605 = CARTESIAN_POINT ( 'NONE',  ( 7.644863798120141496, -13.50000001170920427, -3.610133905844295832 ) ) ;
#1606 = FACE_OUTER_BOUND ( 'NONE', #1552, .T. ) ;
#1607 = FACE_OUTER_BOUND ( 'NONE', #2066, .T. ) ;
#1608 = ORIENTED_EDGE ( 'NONE', *, *, #256, .T. ) ;
#1609 = CARTESIAN_POINT ( 'NONE',  ( 1.000000000000000000, 0.000000000000000000, -8.449999999999999289 ) ) ;
#1610 = CARTESIAN_POINT ( 'NONE',  ( -3.610133905844342905, -13.50000001170920427, -7.644863798120121068 ) ) ;
#1611 = TOROIDAL_SURFACE ( 'NONE', #1964, 10.44999999999999929, 2.000000000000000000 ) ;
#1612 = TOROIDAL_SURFACE ( 'NONE', #347, 10.44999999999999929, 2.000000000000000000 ) ;
#1613 = CARTESIAN_POINT ( 'NONE',  ( 0.000000000000000000, -13.50000000000000000, 0.000000000000000000 ) ) ;
#1614 = ORIENTED_EDGE ( 'NONE', *, *, #1501, .T. ) ;
#1615 = CARTESIAN_POINT ( 'NONE',  ( -7.304947531737812305, -14.96578527221679344, -4.268974474215165849 ) ) ;
#1616 = CARTESIAN_POINT ( 'NONE',  ( -3.610453085000958851, -13.50000001098358027, 7.644725492534639066 ) ) ;
#1617 = CARTESIAN_POINT ( 'NONE',  ( 13.58086889709196754, -15.50000000000000000, -3.399999999999997691 ) ) ;
#1618 = DIRECTION ( 'NONE',  ( 0.000000000000000000, -0.000000000000000000, -1.000000000000000000 ) ) ;
#1619 = DIRECTION ( 'NONE',  ( 0.000000000000000000, 0.000000000000000000, 1.000000000000000000 ) ) ;
#1620 = ORGANIZATION ( 'UNSPECIFIED', 'UNSPECIFIED', '' ) ;
#1621 = ADVANCED_FACE ( 'NONE', ( #2150 ), #2095, .T. ) ;
#1622 = DIRECTION ( 'NONE',  ( -0.000000000000000000, 1.000000000000000000, -0.000000000000000000 ) ) ;
#1623 = ORIENTED_EDGE ( 'NONE', *, *, #1985, .F. ) ;
#1624 = CARTESIAN_POINT ( 'NONE',  ( 0.000000000000000000, -20.50000000000000000, 0.000000000000000000 ) ) ;
#1625 = VECTOR ( 'NONE', #1262, 1000.000000000000000 ) ;
#1626 = CARTESIAN_POINT ( 'NONE',  ( -13.39999999999999680, -20.50000000000000000, -3.399999999999997691 ) ) ;
#1627 = EDGE_LOOP ( 'NONE', ( #1704, #21, #2052, #1782, #2021, #858 ) ) ;
#1628 = LINE ( 'NONE', #944, #1245 ) ;
#1629 = PERSON_AND_ORGANIZATION_ROLE ( 'classification_officer' ) ;
#1630 = EDGE_CURVE ( 'NONE', #698, #341, #395, .T. ) ;
#1631 = DIRECTION ( 'NONE',  ( 0.000000000000000000, -1.000000000000000000, 0.000000000000000000 ) ) ;
#1632 = CIRCLE ( 'NONE', #61, 10.00000000000000000 ) ;
#1633 = ORIENTED_EDGE ( 'NONE', *, *, #487, .T. ) ;
#1634 = AXIS2_PLACEMENT_3D ( 'NONE', #1688, #2051, #346 ) ;
#1635 = DIRECTION ( 'NONE',  ( 8.519525658916538453E-17, 0.000000000000000000, 1.000000000000000000 ) ) ;
#1636 = FACE_OUTER_BOUND ( 'NONE', #1152, .T. ) ;
#1637 = ORIENTED_EDGE ( 'NONE', *, *, #608, .T. ) ;
#1638 = DIRECTION ( 'NONE',  ( 0.000000000000000000, 1.000000000000000000, 0.000000000000000000 ) ) ;
#1639 = DIRECTION ( 'NONE',  ( 0.000000000000000000, 1.000000000000000000, 0.000000000000000000 ) ) ;
#1640 = EDGE_CURVE ( 'NONE', #473, #1747, #1919, .T. ) ;
#1641 = ORIENTED_EDGE ( 'NONE', *, *, #1498, .T. ) ;
#1642 = DIRECTION ( 'NONE',  ( 0.000000000000000000, -1.000000000000000000, 0.000000000000000000 ) ) ;
#1643 = AXIS2_PLACEMENT_3D ( 'NONE', #1474, #975, #1646 ) ;
#1644 = DIRECTION ( 'NONE',  ( 8.519525658916538453E-17, 0.000000000000000000, 1.000000000000000000 ) ) ;
#1645 = ORIENTED_EDGE ( 'NONE', *, *, #709, .F. ) ;
#1646 = DIRECTION ( 'NONE',  ( 0.000000000000000000, 0.000000000000000000, -1.000000000000000000 ) ) ;
#1647 = VECTOR ( 'NONE', #1019, 1000.000000000000000 ) ;
#1648 = CARTESIAN_POINT ( 'NONE',  ( 13.39999999999999680, -20.50000000000000000, 2.899999999999997691 ) ) ;
#1649 = FACE_OUTER_BOUND ( 'NONE', #194, .T. ) ;
#1650 = ORIENTED_EDGE ( 'NONE', *, *, #1977, .F. ) ;
#1651 = AXIS2_PLACEMENT_3D ( 'NONE', #496, #1178, #340 ) ;
#1652 = CARTESIAN_POINT ( 'NONE',  ( 13.39999999999999858, -15.50000000000000000, 13.39999999999999680 ) ) ;
#1653 = DIRECTION ( 'NONE',  ( 0.000000000000000000, 0.000000000000000000, 1.000000000000000000 ) ) ;
#1654 = ORIENTED_EDGE ( 'NONE', *, *, #350, .F. ) ;
#1655 = EDGE_CURVE ( 'NONE', #1283, #1331, #335, .T. ) ;
#1656 = CARTESIAN_POINT ( 'NONE',  ( 6.689004284502257036, -13.99745163252914715, 5.169983950108412607 ) ) ;
#1657 = EDGE_CURVE ( 'NONE', #2212, #544, #573, .T. ) ;
#1658 = ORIENTED_EDGE ( 'NONE', *, *, #1712, .T. ) ;
#1659 = CARTESIAN_POINT ( 'NONE',  ( -5.000000000000000000, 6.999999999999999112, 0.000000000000000000 ) ) ;
#1660 = DIRECTION ( 'NONE',  ( 0.000000000000000000, 0.000000000000000000, 1.000000000000000000 ) ) ;
#1661 = VECTOR ( 'NONE', #1749, 1000.000000000000000 ) ;
#1662 = VERTEX_POINT ( 'NONE', #2140 ) ;
#1663 = EDGE_CURVE ( 'NONE', #1188, #1036, #953, .T. ) ;
#1664 = DIRECTION ( 'NONE',  ( 0.000000000000000000, -1.000000000000000000, 0.000000000000000000 ) ) ;
#1665 = DIRECTION ( 'NONE',  ( 0.000000000000000000, -0.000000000000000000, 1.000000000000000000 ) ) ;
#1666 = AXIS2_PLACEMENT_3D ( 'NONE', #1329, #1159, #1986 ) ;
#1667 = CARTESIAN_POINT ( 'NONE',  ( 0.000000000000000000, 0.000000000000000000, 8.449999999999999289 ) ) ;
#1668 = COORDINATED_UNIVERSAL_TIME_OFFSET ( 5, 0, .BEHIND. ) ;
#1669 = ADVANCED_FACE ( 'NONE', ( #1278 ), #759, .T. ) ;
#1670 = EDGE_LOOP ( 'NONE', ( #1641, #828 ) ) ;
#1671 = DIRECTION ( 'NONE',  ( 0.000000000000000000, -1.000000000000000000, 0.000000000000000000 ) ) ;
#1672 = CARTESIAN_POINT ( 'NONE',  ( -7.753392733098933398, -13.50000000000000000, 3.359672770721669366 ) ) ;
#1673 = ORIENTED_EDGE ( 'NONE', *, *, #1501, .F. ) ;
#1674 = DIRECTION ( 'NONE',  ( 0.000000000000000000, -1.000000000000000000, 0.000000000000000000 ) ) ;
#1675 = EDGE_CURVE ( 'NONE', #2131, #730, #1113, .T. ) ;
#1676 = FACE_OUTER_BOUND ( 'NONE', #1380, .T. ) ;
#1677 = APPROVAL_PERSON_ORGANIZATION ( #2177, #272, #774 ) ;
#1678 = CARTESIAN_POINT ( 'NONE',  ( 0.000000000000000000, -13.50000000000000000, -10.44999999999999929 ) ) ;
#1679 = ORIENTED_EDGE ( 'NONE', *, *, #1268, .F. ) ;
#1680 =( BOUNDED_SURFACE ( )  B_SPLINE_SURFACE ( 3, 2, ( 
 ( #722, #1548, #12 ),
 ( #1401, #1067, #692 ),
 ( #1374, #549, #1924 ),
 ( #1231, #381, #1244 ),
 ( #1936, #735, #1413 ),
 ( #2098, #561, #686 ),
 ( #2053, #1381, #1748 ),
 ( #1037, #2078, #1249 ),
 ( #1200, #1903, #1886 ),
 ( #206, #195, #2067 ),
 ( #1761, #386, #219 ),
 ( #895, #917, #1724 ),
 ( #518, #906, #565 ),
 ( #870, #1770, #351 ),
 ( #529, #1406, #182 ),
 ( #1368, #727, #1915 ),
 ( #230, #1579, #2091 ),
 ( #1553, #2101, #1211 ),
 ( #1939, #361, #1605 ),
 ( #1237, #17, #44 ) ),
 .UNSPECIFIED., .F., .F., .F. ) 
 B_SPLINE_SURFACE_WITH_KNOTS ( ( 4, 2, 2, 2, 2, 2, 2, 2, 2, 4 ),
 ( 3, 3 ),
 ( 0.003523835504174482446, 0.004528884993287045878, 0.005533934482399609743, 0.006538983971512173608, 0.007041508716068455541, 0.007544033460624737474, 0.008549082949737300471, 0.009554132438849864337, 0.01055918192796242820, 0.01156423141707499207 ),
 ( 0.000000000000000000, 1.000000000000000000 ),
 .UNSPECIFIED. ) 
 GEOMETRIC_REPRESENTATION_ITEM ( )  RATIONAL_B_SPLINE_SURFACE ( (
 ( 1.000000000000000000, 0.7071067811865334729, 1.000000000000000000),
 ( 1.000000000000000000, 0.7369879944220730783, 1.000000000000000000),
 ( 1.000000000000000000, 0.7665527350649898874, 1.000000000000000000),
 ( 1.000000000000000000, 0.8212082871063557388, 1.000000000000000000),
 ( 1.000000000000000000, 0.8463571583743193516, 1.000000000000000000),
 ( 1.000000000000000000, 0.8885163617125887425, 1.000000000000000000),
 ( 1.000000000000000000, 0.9055796002777070086, 1.000000000000000000),
 ( 1.000000000000000000, 0.9232213309493988440, 1.000000000000000000),
 ( 1.000000000000000000, 0.9277762295987249663, 1.000000000000000000),
 ( 1.000000000000000000, 0.9338936668492902049, 1.000000000000000000),
 ( 1.000000000000000000, 0.9354386179267560886, 1.000000000000000000),
 ( 1.000000000000000000, 0.9351692948708710817, 1.000000000000000000),
 ( 1.000000000000000000, 0.9286026647738517825, 1.000000000000000000),
 ( 1.000000000000000000, 0.9049468357465065838, 1.000000000000000000),
 ( 1.000000000000000000, 0.8878579268677619929, 1.000000000000000000),
 ( 1.000000000000000000, 0.8456734174006184102, 1.000000000000000000),
 ( 1.000000000000000000, 0.8207498622453833770, 1.000000000000000000),
 ( 1.000000000000000000, 0.7663943397155114079, 1.000000000000000000),
 ( 1.000000000000000000, 0.7369516724499231008, 1.000000000000000000),
 ( 1.000000000000000000, 0.7071067811865467956, 1.000000000000000000) ) ) 
 REPRESENTATION_ITEM ( '' )  SURFACE ( )  );
#1681 = DIRECTION ( 'NONE',  ( 0.000000000000000000, 0.000000000000000000, -1.000000000000000000 ) ) ;
#1682 = CYLINDRICAL_SURFACE ( 'NONE', #142, 14.00000000000000000 ) ;
#1683 = ADVANCED_FACE ( 'NONE', ( #1256 ), #1768, .F. ) ;
#1684 = ORIENTED_EDGE ( 'NONE', *, *, #1167, .T. ) ;
#1685 = CIRCLE ( 'NONE', #1974, 10.00000000000000000 ) ;
#1686 = CARTESIAN_POINT ( 'NONE',  ( 13.39999999999999858, -20.00000000000000000, -13.39999999999999680 ) ) ;
#1687 = AXIS2_PLACEMENT_3D ( 'NONE', #1720, #1160, #145 ) ;
#1688 = CARTESIAN_POINT ( 'NONE',  ( 0.000000000000000000, -15.50000000000000000, 0.000000000000000000 ) ) ;
#1689 = ORIENTED_EDGE ( 'NONE', *, *, #1473, .F. ) ;
#1690 = CARTESIAN_POINT ( 'NONE',  ( -13.39999999999999680, -20.50000000000000000, -2.899999999999995914 ) ) ;
#1691 = ORIENTED_EDGE ( 'NONE', *, *, #228, .T. ) ;
#1692 = AXIS2_PLACEMENT_3D ( 'NONE', #2133, #432, #951 ) ;
#1693 = DIRECTION ( 'NONE',  ( 0.000000000000000000, 0.000000000000000000, -1.000000000000000000 ) ) ;
#1694 = CARTESIAN_POINT ( 'NONE',  ( -5.000000000000000000, 6.999999999999999112, 0.000000000000000000 ) ) ;
#1695 = CARTESIAN_POINT ( 'NONE',  ( 2.899999999999999023, -20.50000000000000000, 13.69634987870856158 ) ) ;
#1696 = ORIENTED_EDGE ( 'NONE', *, *, #633, .T. ) ;
#1697 = DIRECTION ( 'NONE',  ( 0.000000000000000000, 0.000000000000000000, -1.000000000000000000 ) ) ;
#1698 = AXIS2_PLACEMENT_3D ( 'NONE', #1762, #1407, #871 ) ;
#1699 = CARTESIAN_POINT ( 'NONE',  ( -3.399999999999998579, -15.50000000000000000, 3.399999999999999467 ) ) ;
#1700 = EDGE_LOOP ( 'NONE', ( #1384, #280, #1098, #1582 ) ) ;
#1701 = DIRECTION ( 'NONE',  ( 0.000000000000000000, 1.000000000000000000, 0.000000000000000000 ) ) ;
#1702 = AXIS2_PLACEMENT_3D ( 'NONE', #1141, #2013, #1826 ) ;
#1703 = VECTOR ( 'NONE', #305, 1000.000000000000000 ) ;
#1704 = ORIENTED_EDGE ( 'NONE', *, *, #216, .F. ) ;
#1705 = CARTESIAN_POINT ( 'NONE',  ( -6.168961738029284270, -14.17688507820863641, 5.781271480617916403 ) ) ;
#1706 = CARTESIAN_POINT ( 'NONE',  ( 2.899999999999999023, -20.50000000000000000, -13.69634987870856158 ) ) ;
#1707 = LINE ( 'NONE', #2023, #1398 ) ;
#1708 = CARTESIAN_POINT ( 'NONE',  ( 1.000000000000001110, 7.000000000000000000, 8.449999999999999289 ) ) ;
#1709 = FACE_OUTER_BOUND ( 'NONE', #1064, .T. ) ;
#1710 = ADVANCED_FACE ( 'NONE', ( #1976 ), #2161, .F. ) ;
#1711 = ORIENTED_EDGE ( 'NONE', *, *, #234, .T. ) ;
#1712 = EDGE_CURVE ( 'NONE', #594, #1728, #235, .T. ) ;
#1713 = DIRECTION ( 'NONE',  ( -8.519525658916538453E-17, 0.000000000000000000, -1.000000000000000000 ) ) ;
#1714 = CARTESIAN_POINT ( 'NONE',  ( 3.399999999999999467, -20.00000000000000000, -13.39999999999999680 ) ) ;
#1715 = CIRCLE ( 'NONE', #707, 10.44999999999999929 ) ;
#1716 = CIRCLE ( 'NONE', #1108, 2.100000000000000089 ) ;
#1717 = ORIENTED_EDGE ( 'NONE', *, *, #436, .T. ) ;
#1718 = DIRECTION ( 'NONE',  ( 8.519525658916538453E-17, 0.000000000000000000, -1.000000000000000000 ) ) ;
#1719 = CARTESIAN_POINT ( 'NONE',  ( 3.399999999999999023, -20.00000000000000000, -13.58086889709196754 ) ) ;
#1720 = CARTESIAN_POINT ( 'NONE',  ( -2.899999999999999467, -20.00000000000000000, 13.39999999999999680 ) ) ;
#1721 = CARTESIAN_POINT ( 'NONE',  ( 9.121906224551151965, -15.49999999938544093, 4.356672884328563811 ) ) ;
#1722 = DIRECTION ( 'NONE',  ( 1.000000000000000000, -0.000000000000000000, -1.703905131783307691E-16 ) ) ;
#1723 = VERTEX_POINT ( 'NONE', #2121 ) ;
#1724 = CARTESIAN_POINT ( 'NONE',  ( 6.174905172054518943, -14.17542321941993499, -5.774666241884221840 ) ) ;
#1725 = DIRECTION ( 'NONE',  ( 0.9175612701892228440, 0.000000000000000000, 0.3975944107362927027 ) ) ;
#1726 = CARTESIAN_POINT ( 'NONE',  ( 0.000000000000000000, -20.50000000000000000, 0.000000000000000000 ) ) ;
#1727 = EDGE_CURVE ( 'NONE', #1932, #996, #695, .T. ) ;
#1728 = VERTEX_POINT ( 'NONE', #1956 ) ;
#1729 = CARTESIAN_POINT ( 'NONE',  ( 0.000000000000000000, -15.50000000000000000, 14.00000000000000000 ) ) ;
#1730 = B_SPLINE_CURVE_WITH_KNOTS ( 'NONE', 3,
 ( #197, #1346, #1522, #1015, #1543, #330 ),
 .UNSPECIFIED., .F., .F.,
 ( 4, 2, 4 ),
 ( 0.000000000000000000, 0.0003955797467417196899, 0.0007911594934834393798 ),
 .UNSPECIFIED. ) ;
#1731 = CARTESIAN_POINT ( 'NONE',  ( 3.399999999999999467, -15.50000000000000000, 13.39999999999999680 ) ) ;
#1732 = CARTESIAN_POINT ( 'NONE',  ( 13.69634987870856158, -20.50000000000000000, 2.899999999999997691 ) ) ;
#1733 = CARTESIAN_POINT ( 'NONE',  ( 7.304947531737675526, -14.96578527221679344, 4.268974474215597503 ) ) ;
#1734 = DIRECTION ( 'NONE',  ( 0.3975944107362929247, 0.000000000000000000, 0.9175612701892230660 ) ) ;
#1735 = ORIENTED_EDGE ( 'NONE', *, *, #943, .F. ) ;
#1736 = EDGE_CURVE ( 'NONE', #1140, #1116, #1233, .T. ) ;
#1737 = CARTESIAN_POINT ( 'NONE',  ( 3.399999999999999467, -20.00000000000000000, 13.58086889709196754 ) ) ;
#1738 = CARTESIAN_POINT ( 'NONE',  ( 0.000000000000000000, -15.50000000000000000, 0.000000000000000000 ) ) ;
#1739 = LINE ( 'NONE', #675, #113 ) ;
#1740 = ORIENTED_EDGE ( 'NONE', *, *, #92, .T. ) ;
#1741 = VERTEX_POINT ( 'NONE', #610 ) ;
#1742 = CARTESIAN_POINT ( 'NONE',  ( -7.643249308585885693, -13.50000000000000355, 3.613859795916587903 ) ) ;
#1743 = EDGE_CURVE ( 'NONE', #205, #1283, #997, .T. ) ;
#1744 = CARTESIAN_POINT ( 'NONE',  ( 4.154861592194261988, -13.50000000000000000, 9.588515273477378642 ) ) ;
#1745 = DIRECTION ( 'NONE',  ( 0.000000000000000000, 0.000000000000000000, -1.000000000000000000 ) ) ;
#1746 = CARTESIAN_POINT ( 'NONE',  ( 7.639472578495617228, -15.20201248022062934, 3.626728642641324107 ) ) ;
#1747 = VERTEX_POINT ( 'NONE', #634 ) ;
#1748 = CARTESIAN_POINT ( 'NONE',  ( 5.181447215695744291, -14.00201209999440799, -6.680203677761030079 ) ) ;
#1749 = DIRECTION ( 'NONE',  ( 0.000000000000000000, -1.000000000000000000, 0.000000000000000000 ) ) ;
#1750 = CARTESIAN_POINT ( 'NONE',  ( 13.39999999999999858, -20.00000000000000000, 13.39999999999999680 ) ) ;
#1751 = EDGE_LOOP ( 'NONE', ( #481, #186, #898, #1834 ) ) ;
#1752 = CARTESIAN_POINT ( 'NONE',  ( 3.851852316732785830, -13.54098634057786121, -7.525629508749175578 ) ) ;
#1753 = PLANE ( 'NONE',  #252 ) ;
#1754 = AXIS2_PLACEMENT_3D ( 'NONE', #255, #1795, #2127 ) ;
#1755 = AXIS2_PLACEMENT_3D ( 'NONE', #264, #1465, #993 ) ;
#1756 = DIRECTION ( 'NONE',  ( 0.000000000000000000, 1.000000000000000000, 0.000000000000000000 ) ) ;
#1757 = DIRECTION ( 'NONE',  ( -0.9175612701892293943, 4.250578368022988861E-14, -0.3975944107362778257 ) ) ;
#1758 = CARTESIAN_POINT ( 'NONE',  ( 6.456548729782448426, -15.50000000027368330, 6.200868484389833846 ) ) ;
#1759 = EDGE_CURVE ( 'NONE', #29, #497, #265, .T. ) ;
#1760 = ORIENTED_EDGE ( 'NONE', *, *, #1426, .F. ) ;
#1761 = CARTESIAN_POINT ( 'NONE',  ( 6.200868484390399615, -15.50000000027365310, -6.456548729781847129 ) ) ;
#1762 = CARTESIAN_POINT ( 'NONE',  ( 9.449999999999999289, 7.000000000000000000, -14.00999999999999979 ) ) ;
#1763 = DIRECTION ( 'NONE',  ( 0.000000000000000000, -1.000000000000000000, 0.000000000000000000 ) ) ;
#1764 = EDGE_LOOP ( 'NONE', ( #2112, #1957 ) ) ;
#1765 = CARTESIAN_POINT ( 'NONE',  ( 4.535215271745643761, -13.74353341465017131, -7.134521139842492587 ) ) ;
#1766 = CARTESIAN_POINT ( 'NONE',  ( -4.247139431256658604, -15.50000000000000000, -9.364686109572822659 ) ) ;
#1767 = AXIS2_PLACEMENT_3D ( 'NONE', #151, #363, #1051 ) ;
#1768 = PLANE ( 'NONE',  #158 ) ;
#1769 = ORIENTED_EDGE ( 'NONE', *, *, #2128, .F. ) ;
#1770 = CARTESIAN_POINT ( 'NONE',  ( 6.828330749157440316, -14.91379511871367214, -4.992555804416111798 ) ) ;
#1771 = CARTESIAN_POINT ( 'NONE',  ( -4.773329105810470097, -15.49999999910025039, 8.331244684232016695 ) ) ;
#1772 = CARTESIAN_POINT ( 'NONE',  ( -2.899999999999999023, -20.50000000000000000, 13.69634987870856158 ) ) ;
#1773 = ORIENTED_EDGE ( 'NONE', *, *, #1640, .T. ) ;
#1774 = DIRECTION ( 'NONE',  ( 0.000000000000000000, 0.000000000000000000, -1.000000000000000000 ) ) ;
#1775 = CIRCLE ( 'NONE', #1296, 10.00000000000000000 ) ;
#1776 = AXIS2_PLACEMENT_3D ( 'NONE', #1448, #237, #768 ) ;
#1777 = CARTESIAN_POINT ( 'NONE',  ( -3.399999999999998579, -20.50000000000000000, 3.399999999999999467 ) ) ;
#1778 = ORIENTED_EDGE ( 'NONE', *, *, #1736, .T. ) ;
#1779 = DIRECTION ( 'NONE',  ( 0.000000000000000000, 0.000000000000000000, -1.000000000000000000 ) ) ;
#1780 = CARTESIAN_POINT ( 'NONE',  ( -4.154861592194214914, -15.50000000000000000, 9.588515273477490553 ) ) ;
#1781 = CARTESIAN_POINT ( 'NONE',  ( 0.000000000000000000, -20.50000000000000000, 0.000000000000000000 ) ) ;
#1782 = ORIENTED_EDGE ( 'NONE', *, *, #256, .F. ) ;
#1783 = EDGE_CURVE ( 'NONE', #915, #558, #989, .T. ) ;
#1784 = ADVANCED_FACE ( 'NONE', ( #797 ), #2159, .F. ) ;
#1785 = CARTESIAN_POINT ( 'NONE',  ( 5.574614977412317707, -14.12573746617287007, -6.351724952183203321 ) ) ;
#1786 = CARTESIAN_POINT ( 'NONE',  ( -5.326561327007042657, -15.49999999909830528, -7.487703827379696975 ) ) ;
#1787 = AXIS2_PLACEMENT_3D ( 'NONE', #880, #1734, #342 ) ;
#1788 = CARTESIAN_POINT ( 'NONE',  ( 3.399999999999998579, -15.50000000000000000, -3.399999999999999467 ) ) ;
#1789 = PRODUCT_DEFINITION_FORMATION_WITH_SPECIFIED_SOURCE ( 'ANY', '', #418, .NOT_KNOWN. ) ;
#1790 = ORIENTED_EDGE ( 'NONE', *, *, #1547, .T. ) ;
#1791 = DIRECTION ( 'NONE',  ( 0.000000000000000000, -1.000000000000000000, 0.000000000000000000 ) ) ;
#1792 = DIRECTION ( 'NONE',  ( 8.519525658916538453E-17, 0.000000000000000000, -1.000000000000000000 ) ) ;
#1793 = VERTEX_POINT ( 'NONE', #1491 ) ;
#1794 = EDGE_CURVE ( 'NONE', #2131, #838, #1632, .T. ) ;
#1795 = DIRECTION ( 'NONE',  ( 0.000000000000000000, 1.000000000000000000, -0.000000000000000000 ) ) ;
#1796 = CIRCLE ( 'NONE', #1583, 2.100000000000000089 ) ;
#1797 = DIRECTION ( 'NONE',  ( 1.703905131783307691E-16, 0.000000000000000000, -1.000000000000000000 ) ) ;
#1798 = EDGE_LOOP ( 'NONE', ( #772, #957 ) ) ;
#1799 = TOROIDAL_SURFACE ( 'NONE', #365, 10.44999999999999929, 2.000000000000000000 ) ;
#1800 = CARTESIAN_POINT ( 'NONE',  ( 0.000000000000000000, -20.50000000000000000, 0.000000000000000000 ) ) ;
#1801 = EDGE_LOOP ( 'NONE', ( #712, #408, #1132, #1168 ) ) ;
#1802 = CYLINDRICAL_SURFACE ( 'NONE', #1767, 14.00000000000000000 ) ;
#1803 = ADVANCED_FACE ( 'NONE', ( #133 ), #819, .F. ) ;
#1804 = CARTESIAN_POINT ( 'NONE',  ( 2.899999999999999467, -20.00000000000000000, -13.39999999999999680 ) ) ;
#1805 = CIRCLE ( 'NONE', #1776, 10.00000000000000000 ) ;
#1806 = ORIENTED_EDGE ( 'NONE', *, *, #922, .F. ) ;
#1807 = CIRCLE ( 'NONE', #1302, 10.00000000000000000 ) ;
#1808 = DIRECTION ( 'NONE',  ( -0.000000000000000000, 1.000000000000000000, -0.000000000000000000 ) ) ;
#1809 = CYLINDRICAL_SURFACE ( 'NONE', #545, 8.449999999999999289 ) ;
#1810 = EDGE_LOOP ( 'NONE', ( #1981, #1696, #1633, #620, #153, #108 ) ) ;
#1811 = CARTESIAN_POINT ( 'NONE',  ( 9.588515273477446144, -13.49999999999997158, 4.154861592194102116 ) ) ;
#1812 = PLANE ( 'NONE',  #1301 ) ;
#1813 = LINE ( 'NONE', #215, #511 ) ;
#1814 = ADVANCED_FACE ( 'NONE', ( #1502 ), #2180, .T. ) ;
#1815 = CIRCLE ( 'NONE', #1848, 0.5000000000000000000 ) ;
#1816 = VERTEX_POINT ( 'NONE', #1844 ) ;
#1817 = CARTESIAN_POINT ( 'NONE',  ( 13.66864361618951484, -20.49999999999999645, -3.030853332859381855 ) ) ;
#1818 = AXIS2_PLACEMENT_3D ( 'NONE', #781, #826, #1510 ) ;
#1819 = ADVANCED_FACE ( 'NONE', ( #1008 ), #1812, .F. ) ;
#1820 = DIRECTION ( 'NONE',  ( 0.000000000000000000, 0.000000000000000000, -1.000000000000000000 ) ) ;
#1821 = ORIENTED_EDGE ( 'NONE', *, *, #882, .T. ) ;
#1822 = DIRECTION ( 'NONE',  ( -8.519525658916538453E-17, 0.000000000000000000, 1.000000000000000000 ) ) ;
#1823 = APPROVAL_STATUS ( 'not_yet_approved' ) ;
#1824 = ORIENTED_EDGE ( 'NONE', *, *, #893, .F. ) ;
#1825 = EDGE_CURVE ( 'NONE', #198, #2212, #1877, .T. ) ;
#1826 = DIRECTION ( 'NONE',  ( 0.000000000000000000, 0.000000000000000000, 1.000000000000000000 ) ) ;
#1827 = CARTESIAN_POINT ( 'NONE',  ( 1.000000000000001110, 7.000000000000000000, 8.449999999999999289 ) ) ;
#1828 = VERTEX_POINT ( 'NONE', #114 ) ;
#1829 = VECTOR ( 'NONE', #477, 1000.000000000000000 ) ;
#1830 = CARTESIAN_POINT ( 'NONE',  ( 3.399999999999999467, -15.50000000000000000, -13.39999999999999680 ) ) ;
#1831 = DIRECTION ( 'NONE',  ( 0.000000000000000000, -1.000000000000000000, 0.000000000000000000 ) ) ;
#1832 = DIRECTION ( 'NONE',  ( 0.000000000000000000, -1.000000000000000000, 0.000000000000000000 ) ) ;
#1833 = PERSON_AND_ORGANIZATION ( #306, #1620 ) ;
#1834 = ORIENTED_EDGE ( 'NONE', *, *, #98, .F. ) ;
#1835 = CARTESIAN_POINT ( 'NONE',  ( 0.000000000000000000, 6.999999999999999112, -2.125000000000000000 ) ) ;
#1836 = CARTESIAN_POINT ( 'NONE',  ( -4.356672884328274264, -15.49999999938544271, 9.121906224551734610 ) ) ;
#1837 = EDGE_LOOP ( 'NONE', ( #1967, #1135, #47, #1824 ) ) ;
#1838 = DIRECTION ( 'NONE',  ( 0.000000000000000000, -1.000000000000000000, 0.000000000000000000 ) ) ;
#1839 = PLANE ( 'NONE',  #1524 ) ;
#1840 = CIRCLE ( 'NONE', #1955, 8.449999999999999289 ) ;
#1841 = CARTESIAN_POINT ( 'NONE',  ( 13.39999999999999680, -15.50000000000000000, 3.399999999999997691 ) ) ;
#1842 = ORIENTED_EDGE ( 'NONE', *, *, #1307, .F. ) ;
#1843 = EDGE_CURVE ( 'NONE', #100, #2115, #1965, .T. ) ;
#1844 = CARTESIAN_POINT ( 'NONE',  ( -13.58086889709196932, -15.50000000000000000, -3.399999999999996358 ) ) ;
#1845 = CARTESIAN_POINT ( 'NONE',  ( -6.620549862572942423, -15.49999999945269558, 6.038268114983279311 ) ) ;
#1846 = ORIENTED_EDGE ( 'NONE', *, *, #294, .T. ) ;
#1847 = FACE_OUTER_BOUND ( 'NONE', #402, .T. ) ;
#1848 = AXIS2_PLACEMENT_3D ( 'NONE', #665, #11, #2044 ) ;
#1849 = CARTESIAN_POINT ( 'NONE',  ( 13.58086889709196932, -20.00000000000000000, 3.399999999999998135 ) ) ;
#1850 = ORIENTED_EDGE ( 'NONE', *, *, #1058, .F. ) ;
#1851 = CC_DESIGN_APPROVAL ( #1203, ( #1789 ) ) ;
#1852 = CARTESIAN_POINT ( 'NONE',  ( 2.571758278209441957E-16, 31.50000000000000000, 7.100000000000000533 ) ) ;
#1853 = ADVANCED_FACE ( 'NONE', ( #1150 ), #460, .T. ) ;
#1854 = ORIENTED_EDGE ( 'NONE', *, *, #2119, .T. ) ;
#1855 = DIRECTION ( 'NONE',  ( 0.000000000000000000, -0.000000000000000000, -1.000000000000000000 ) ) ;
#1856 = DIRECTION ( 'NONE',  ( 0.000000000000000000, -1.000000000000000000, 0.000000000000000000 ) ) ;
#1857 = EDGE_LOOP ( 'NONE', ( #1434, #2100, #1821, #689 ) ) ;
#1858 = AXIS2_PLACEMENT_3D ( 'NONE', #540, #1086, #1223 ) ;
#1859 = CYLINDRICAL_SURFACE ( 'NONE', #275, 10.00000000000000000 ) ;
#1860 = CIRCLE ( 'NONE', #1687, 0.5000000000000000000 ) ;
#1861 = ORIENTED_EDGE ( 'NONE', *, *, #1897, .T. ) ;
#1862 = CIRCLE ( 'NONE', #2149, 10.44999999999999929 ) ;
#1863 = DIRECTION ( 'NONE',  ( -0.000000000000000000, 1.000000000000000000, -0.000000000000000000 ) ) ;
#1864 = ORIENTED_EDGE ( 'NONE', *, *, #1268, .T. ) ;
#1865 = DIRECTION ( 'NONE',  ( 0.000000000000000000, -1.000000000000000000, 0.000000000000000000 ) ) ;
#1866 = B_SPLINE_CURVE_WITH_KNOTS ( 'NONE', 3,
 ( #765, #245, #62, #599, #773, #1454, #404, #1953, #1241, #1436, #1445, #1785, #1972, #425, #1065, #1765, #746, #1752, #1585, #2096 ),
 .UNSPECIFIED., .F., .F.,
 ( 4, 2, 2, 2, 2, 2, 2, 2, 2, 4 ),
 ( 0.000000000000000000, 0.0008310511410544671202, 0.001662102282108934240, 0.002493153423163401144, 0.003324204564217868481, 0.003739730134745101065, 0.004155255705272333649, 0.004986306846326797951, 0.005817357987381262252, 0.006648409128435724819 ),
 .UNSPECIFIED. ) ;
#1867 = EDGE_CURVE ( 'NONE', #1372, #1932, #987, .T. ) ;
#1868 = DIRECTION ( 'NONE',  ( -1.000000000000000000, 0.000000000000000000, 1.703905131783307691E-16 ) ) ;
#1869 = CARTESIAN_POINT ( 'NONE',  ( -5.588033762623975775, -14.12907828215623063, 6.339920136793817385 ) ) ;
#1870 = EDGE_CURVE ( 'NONE', #1878, #4, #1270, .T. ) ;
#1871 = DIRECTION ( 'NONE',  ( -0.000000000000000000, 1.000000000000000000, -0.000000000000000000 ) ) ;
#1872 = VECTOR ( 'NONE', #203, 1000.000000000000000 ) ;
#1873 = DIRECTION ( 'NONE',  ( 8.519525658916538453E-17, 0.000000000000000000, -1.000000000000000000 ) ) ;
#1874 = EDGE_LOOP ( 'NONE', ( #602, #1778, #786, #1297, #2134, #886 ) ) ;
#1875 = DIRECTION ( 'NONE',  ( 0.000000000000000000, -1.000000000000000000, 0.000000000000000000 ) ) ;
#1876 = CARTESIAN_POINT ( 'NONE',  ( 0.000000000000000000, -9.500000000000001776, 5.000000000000000000 ) ) ;
#1877 = CIRCLE ( 'NONE', #1094, 2.100000000000000089 ) ;
#1878 = VERTEX_POINT ( 'NONE', #1835 ) ;
#1879 = CARTESIAN_POINT ( 'NONE',  ( -5.875138799896891584, -14.17645675805220762, 6.074900517408904577 ) ) ;
#1880 = LINE ( 'NONE', #1731, #499 ) ;
#1881 = CARTESIAN_POINT ( 'NONE',  ( -5.744333250174265437, -14.93111698385147434, 6.199569652811647735 ) ) ;
#1882 = CARTESIAN_POINT ( 'NONE',  ( 0.000000000000000000, -15.50000000000000000, -10.44999999999999929 ) ) ;
#1883 = EDGE_CURVE ( 'NONE', #484, #1236, #554, .T. ) ;
#1884 = FACE_OUTER_BOUND ( 'NONE', #1801, .T. ) ;
#1885 = ORIENTED_EDGE ( 'NONE', *, *, #1182, .T. ) ;
#1886 = CARTESIAN_POINT ( 'NONE',  ( 5.588033762623937584, -14.12907828215623063, -6.339920136793852912 ) ) ;
#1887 = EDGE_CURVE ( 'NONE', #2212, #198, #1041, .T. ) ;
#1888 = PLANE ( 'NONE',  #1698 ) ;
#1889 = DIRECTION ( 'NONE',  ( 0.000000000000000000, -1.000000000000000000, 0.000000000000000000 ) ) ;
#1890 = CIRCLE ( 'NONE', #1754, 2.100000000000000089 ) ;
#1891 = AXIS2_PLACEMENT_3D ( 'NONE', #697, #2038, #1873 ) ;
#1892 = ORIENTED_EDGE ( 'NONE', *, *, #1794, .F. ) ;
#1893 = CARTESIAN_POINT ( 'NONE',  ( 7.753392733098932510, -13.50000000000000000, -3.359672770721674251 ) ) ;
#1894 = DESIGN_CONTEXT ( 'detailed design', #809, 'design' ) ;
#1895 = CARTESIAN_POINT ( 'NONE',  ( -2.899999999999999023, -20.50000000000000000, 13.69634987870856158 ) ) ;
#1896 = CARTESIAN_POINT ( 'NONE',  ( -6.438207607927585840, -14.92351470833427740, 5.482749701108809326 ) ) ;
#1897 = EDGE_CURVE ( 'NONE', #1338, #1396, #967, .T. ) ;
#1898 = CARTESIAN_POINT ( 'NONE',  ( 6.523264121566429097, -14.92147758118460743, 5.375411270935515518 ) ) ;
#1899 = DIRECTION ( 'NONE',  ( 0.000000000000000000, 0.000000000000000000, -1.000000000000000000 ) ) ;
#1900 = AXIS2_PLACEMENT_3D ( 'NONE', #889, #1183, #512 ) ;
#1901 = ORIENTED_EDGE ( 'NONE', *, *, #875, .F. ) ;
#1902 = CIRCLE ( 'NONE', #1371, 2.000000000000000000 ) ;
#1903 = CARTESIAN_POINT ( 'NONE',  ( 5.499192770463440461, -14.92530662648868045, -6.418858327846189482 ) ) ;
#1904 = CARTESIAN_POINT ( 'NONE',  ( 5.781271480617920844, -14.17688507820863109, 6.168961738029281605 ) ) ;
#1905 = ADVANCED_FACE ( 'NONE', ( #214 ), #1195, .F. ) ;
#1906 = CYLINDRICAL_SURFACE ( 'NONE', #1651, 2.100000000000000089 ) ;
#1907 = EDGE_LOOP ( 'NONE', ( #354, #157, #630, #1938 ) ) ;
#1908 = DIRECTION ( 'NONE',  ( -0.000000000000000000, 1.000000000000000000, -0.000000000000000000 ) ) ;
#1909 = CARTESIAN_POINT ( 'NONE',  ( -4.310754740521264949, -13.66138831608918203, -7.272503949351466268 ) ) ;
#1910 = CIRCLE ( 'NONE', #731, 1.999999999999999778 ) ;
#1911 = DIRECTION ( 'NONE',  ( 0.000000000000000000, 0.000000000000000000, -1.000000000000000000 ) ) ;
#1912 = CARTESIAN_POINT ( 'NONE',  ( -5.000000000000000000, 6.999999999999999112, -2.100000000000000089 ) ) ;
#1913 = CARTESIAN_POINT ( 'NONE',  ( 4.247139431256295339, -15.50000000000000000, 9.364686109572158301 ) ) ;
#1914 = ORIENTED_EDGE ( 'NONE', *, *, #1511, .F. ) ;
#1915 = CARTESIAN_POINT ( 'NONE',  ( 7.135990823816618089, -13.74268496645705184, -4.533031668235890876 ) ) ;
#1916 = DIRECTION ( 'NONE',  ( 0.000000000000000000, 0.000000000000000000, -1.000000000000000000 ) ) ;
#1917 = CARTESIAN_POINT ( 'NONE',  ( 2.899999999999999467, -20.50000000000000000, 13.58086889709196754 ) ) ;
#1918 = ORIENTED_EDGE ( 'NONE', *, *, #1675, .T. ) ;
#1919 = CIRCLE ( 'NONE', #1415, 2.100000000000000089 ) ;
#1920 = ORIENTED_EDGE ( 'NONE', *, *, #595, .F. ) ;
#1921 = CARTESIAN_POINT ( 'NONE',  ( -7.524048259926813920, -13.54158357217373343, 3.854964442065206942 ) ) ;
#1922 = CARTESIAN_POINT ( 'NONE',  ( -3.359672770721675583, -13.50000000000000000, 7.753392733098932510 ) ) ;
#1923 = AXIS2_PLACEMENT_3D ( 'NONE', #1483, #626, #992 ) ;
#1924 = CARTESIAN_POINT ( 'NONE',  ( 3.850562413327257349, -13.54063445859726400, -7.526349297690866358 ) ) ;
#1925 = EDGE_CURVE ( 'NONE', #1140, #1338, #1880, .T. ) ;
#1926 = CYLINDRICAL_SURFACE ( 'NONE', #2179, 2.125000000000000000 ) ;
#1927 = CARTESIAN_POINT ( 'NONE',  ( 6.038268114982074053, -15.49999999945263163, 6.620549862574073074 ) ) ;
#1928 = ORIENTED_EDGE ( 'NONE', *, *, #1630, .T. ) ;
#1929 = LINE ( 'NONE', #1073, #1395 ) ;
#1930 = CARTESIAN_POINT ( 'NONE',  ( -13.39999999999999858, -15.50000000000000000, 13.39999999999999680 ) ) ;
#1931 = CARTESIAN_POINT ( 'NONE',  ( 7.753392733098932510, -13.50000000000000000, 3.359672770721674251 ) ) ;
#1932 = VERTEX_POINT ( 'NONE', #1206 ) ;
#1933 = LINE ( 'NONE', #1253, #310 ) ;
#1934 = CARTESIAN_POINT ( 'NONE',  ( 13.39999999999999680, -20.00000000000000000, 2.899999999999997691 ) ) ;
#1935 = CIRCLE ( 'NONE', #1166, 8.449999999999999289 ) ;
#1936 = CARTESIAN_POINT ( 'NONE',  ( 4.773329105810124595, -15.49999999910038362, -8.331244684232938624 ) ) ;
#1937 = CARTESIAN_POINT ( 'NONE',  ( 3.359672770721676027, -13.50000000000000000, 7.753392733098930734 ) ) ;
#1938 = ORIENTED_EDGE ( 'NONE', *, *, #995, .F. ) ;
#1939 = CARTESIAN_POINT ( 'NONE',  ( 9.364686109572705419, -15.50000000000000000, -4.247139431255861908 ) ) ;
#1940 = DIRECTION ( 'NONE',  ( 0.000000000000000000, 1.000000000000000000, 0.000000000000000000 ) ) ;
#1941 = CARTESIAN_POINT ( 'NONE',  ( -3.030793005547581132, -20.50000000000000000, 13.66865638960767448 ) ) ;
#1942 = VERTEX_POINT ( 'NONE', #2034 ) ;
#1943 = VECTOR ( 'NONE', #747, 1000.000000000000000 ) ;
#1944 = DIRECTION ( 'NONE',  ( 0.000000000000000000, 1.000000000000000000, 0.000000000000000000 ) ) ;
#1945 = CIRCLE ( 'NONE', #288, 10.00000000000000000 ) ;
#1946 = DIRECTION ( 'NONE',  ( 0.000000000000000000, 0.000000000000000000, 1.000000000000000000 ) ) ;
#1947 = EDGE_CURVE ( 'NONE', #1236, #484, #1796, .T. ) ;
#1948 = VERTEX_POINT ( 'NONE', #901 ) ;
#1949 = FACE_OUTER_BOUND ( 'NONE', #338, .T. ) ;
#1950 = CARTESIAN_POINT ( 'NONE',  ( 1.000000000000000000, 7.000000000000000000, -8.449999999999999289 ) ) ;
#1951 = CARTESIAN_POINT ( 'NONE',  ( -4.154861592194261100, -13.50000000000000000, -9.588515273477376866 ) ) ;
#1952 = ORIENTED_EDGE ( 'NONE', *, *, #694, .T. ) ;
#1953 = CARTESIAN_POINT ( 'NONE',  ( 6.350674946689545131, -14.13213766215850953, -5.580377952620140469 ) ) ;
#1954 = APPLICATION_PROTOCOL_DEFINITION ( 'international standard', 'config_control_design', 1994, #57 ) ;
#1955 = AXIS2_PLACEMENT_3D ( 'NONE', #593, #1631, #914 ) ;
#1956 = CARTESIAN_POINT ( 'NONE',  ( 2.899999999999997691, -20.50000000000000000, -13.39999999999999680 ) ) ;
#1957 = ORIENTED_EDGE ( 'NONE', *, *, #1947, .F. ) ;
#1958 = CARTESIAN_POINT ( 'NONE',  ( -6.339920136793853800, -14.12907828215608497, -5.588033762623937584 ) ) ;
#1959 = ORIENTED_EDGE ( 'NONE', *, *, #1081, .T. ) ;
#1960 = CARTESIAN_POINT ( 'NONE',  ( -7.753392733098932510, -13.50000000000000000, -3.359672770721674251 ) ) ;
#1961 = ORIENTED_EDGE ( 'NONE', *, *, #1339, .F. ) ;
#1962 = CARTESIAN_POINT ( 'NONE',  ( 3.399999999999999023, -20.50000000000000000, -13.58086889709196754 ) ) ;
#1963 = PERSON_AND_ORGANIZATION ( #306, #1620 ) ;
#1964 = AXIS2_PLACEMENT_3D ( 'NONE', #637, #1838, #117 ) ;
#1965 = B_SPLINE_CURVE_WITH_KNOTS ( 'NONE', 3,
 ( #2203, #2190, #1308, #277, #1170, #807 ),
 .UNSPECIFIED., .F., .F.,
 ( 4, 2, 4 ),
 ( 0.000000000000000000, 0.0003955843411403023530, 0.0007911686822806047060 ),
 .UNSPECIFIED. ) ;
#1966 = DIRECTION ( 'NONE',  ( 0.000000000000000000, 0.000000000000000000, 1.000000000000000000 ) ) ;
#1967 = ORIENTED_EDGE ( 'NONE', *, *, #1423, .T. ) ;
#1968 = CARTESIAN_POINT ( 'NONE',  ( 0.000000000000000000, -15.50000000000000000, 0.000000000000000000 ) ) ;
#1969 = DIRECTION ( 'NONE',  ( 0.000000000000000000, -0.000000000000000000, -1.000000000000000000 ) ) ;
#1970 = ORIENTED_EDGE ( 'NONE', *, *, #2019, .F. ) ;
#1971 = EDGE_CURVE ( 'NONE', #1463, #569, #2075, .T. ) ;
#1972 = CARTESIAN_POINT ( 'NONE',  ( 5.474126274831144556, -14.09749311421170148, -6.438454365592748196 ) ) ;
#1973 = PERSON_AND_ORGANIZATION ( #306, #1620 ) ;
#1974 = AXIS2_PLACEMENT_3D ( 'NONE', #1290, #1791, #1779 ) ;
#1975 = CIRCLE ( 'NONE', #607, 10.00000000000000000 ) ;
#1976 = FACE_OUTER_BOUND ( 'NONE', #260, .T. ) ;
#1977 = EDGE_CURVE ( 'NONE', #544, #124, #397, .T. ) ;
#1978 = ORIENTED_EDGE ( 'NONE', *, *, #294, .F. ) ;
#1979 = CARTESIAN_POINT ( 'NONE',  ( -7.753392733098985801, -13.50000000000000000, -3.359672770721548574 ) ) ;
#1980 = CARTESIAN_POINT ( 'NONE',  ( 0.000000000000000000, -15.50000000000000000, 0.000000000000000000 ) ) ;
#1981 = ORIENTED_EDGE ( 'NONE', *, *, #1794, .T. ) ;
#1982 = LINE ( 'NONE', #804, #1536 ) ;
#1983 = EDGE_CURVE ( 'NONE', #1662, #1024, #645, .T. ) ;
#1984 = CIRCLE ( 'NONE', #1480, 14.00000000000000000 ) ;
#1985 = EDGE_CURVE ( 'NONE', #662, #2122, #724, .T. ) ;
#1986 = DIRECTION ( 'NONE',  ( 0.000000000000000000, 0.000000000000000000, 1.000000000000000000 ) ) ;
#1987 = VECTOR ( 'NONE', #667, 1000.000000000000000 ) ;
#1988 = ORIENTED_EDGE ( 'NONE', *, *, #1593, .F. ) ;
#1989 = CIRCLE ( 'NONE', #1234, 2.125000000000000000 ) ;
#1990 = CARTESIAN_POINT ( 'NONE',  ( -7.039092916199392036, -15.50000000049963944, -5.681614864356186345 ) ) ;
#1991 = DIRECTION ( 'NONE',  ( 0.000000000000000000, 0.000000000000000000, -1.000000000000000000 ) ) ;
#1992 = ORIENTED_EDGE ( 'NONE', *, *, #394, .F. ) ;
#1993 = LINE ( 'NONE', #445, #1139 ) ;
#1994 = EDGE_LOOP ( 'NONE', ( #1489, #1481, #1367, #1998 ) ) ;
#1995 = DIRECTION ( 'NONE',  ( -1.000000000000000000, 0.000000000000000000, 8.519525658916538453E-17 ) ) ;
#1996 = DIRECTION ( 'NONE',  ( -0.3975944107362930913, 0.000000000000000000, 0.9175612701892228440 ) ) ;
#1997 = VECTOR ( 'NONE', #314, 1000.000000000000000 ) ;
#1998 = ORIENTED_EDGE ( 'NONE', *, *, #1174, .F. ) ;
#1999 = AXIS2_PLACEMENT_3D ( 'NONE', #678, #1908, #1216 ) ;
#2000 = CARTESIAN_POINT ( 'NONE',  ( -2.899999999999999467, -20.00000000000000000, -13.39999999999999680 ) ) ;
#2001 = CARTESIAN_POINT ( 'NONE',  ( -13.58086889709196754, -20.50000000000000000, 2.899999999999997691 ) ) ;
#2002 = DIRECTION ( 'NONE',  ( 0.000000000000000000, -0.000000000000000000, 1.000000000000000000 ) ) ;
#2003 = MECHANICAL_CONTEXT ( 'NONE', #57, 'mechanical' ) ;
#2004 = ORIENTED_EDGE ( 'NONE', *, *, #1657, .T. ) ;
#2005 = CIRCLE ( 'NONE', #433, 14.00000000000000000 ) ;
#2006 = DIRECTION ( 'NONE',  ( 0.000000000000000000, -1.000000000000000000, 0.000000000000000000 ) ) ;
#2007 = ORIENTED_EDGE ( 'NONE', *, *, #691, .F. ) ;
#2008 = ORIENTED_EDGE ( 'NONE', *, *, #201, .T. ) ;
#2009 = DIRECTION ( 'NONE',  ( 0.000000000000000000, 1.000000000000000000, 0.000000000000000000 ) ) ;
#2010 = DIRECTION ( 'NONE',  ( 0.000000000000000000, 0.000000000000000000, -1.000000000000000000 ) ) ;
#2011 = CARTESIAN_POINT ( 'NONE',  ( -3.399999999999999467, -20.50000000000000000, 13.58086889709196754 ) ) ;
#2012 = ORIENTED_EDGE ( 'NONE', *, *, #1498, .F. ) ;
#2013 = DIRECTION ( 'NONE',  ( 0.000000000000000000, 1.000000000000000000, 0.000000000000000000 ) ) ;
#2014 = CARTESIAN_POINT ( 'NONE',  ( -7.135990823816868556, -13.74268496645705184, 4.533031668235522282 ) ) ;
#2015 = VERTEX_POINT ( 'NONE', #167 ) ;
#2016 = PLANE ( 'NONE',  #387 ) ;
#2017 = DIRECTION ( 'NONE',  ( 0.000000000000000000, -1.000000000000000000, 0.000000000000000000 ) ) ;
#2018 = ORIENTED_EDGE ( 'NONE', *, *, #2202, .F. ) ;
#2019 = EDGE_CURVE ( 'NONE', #2115, #34, #1352, .T. ) ;
#2020 = CARTESIAN_POINT ( 'NONE',  ( -13.59506866993011087, -20.26410364949114395, 3.344129883625359234 ) ) ;
#2021 = ORIENTED_EDGE ( 'NONE', *, *, #279, .F. ) ;
#2022 = DIRECTION ( 'NONE',  ( 0.000000000000000000, -1.000000000000000000, 0.000000000000000000 ) ) ;
#2023 = CARTESIAN_POINT ( 'NONE',  ( -3.399999999999999467, -15.50000000000000000, -13.58086889709196754 ) ) ;
#2024 = EDGE_LOOP ( 'NONE', ( #1970, #455, #1300, #1740 ) ) ;
#2025 = DIRECTION ( 'NONE',  ( 0.000000000000000000, 0.000000000000000000, -1.000000000000000000 ) ) ;
#2026 = AXIS2_PLACEMENT_3D ( 'NONE', #2000, #2205, #671 ) ;
#2027 = DIRECTION ( 'NONE',  ( 0.000000000000000000, 0.000000000000000000, -1.000000000000000000 ) ) ;
#2028 = VERTEX_POINT ( 'NONE', #1895 ) ;
#2029 = CIRCLE ( 'NONE', #1247, 0.5000000000000000000 ) ;
#2030 = DIRECTION ( 'NONE',  ( 0.000000000000000000, 0.000000000000000000, 1.000000000000000000 ) ) ;
#2031 = ADVANCED_FACE ( 'NONE', ( #853 ), #1537, .T. ) ;
#2032 = ORIENTED_EDGE ( 'NONE', *, *, #2019, .T. ) ;
#2033 = CARTESIAN_POINT ( 'NONE',  ( -4.313045489978529545, -13.66214941064264821, 7.271141889294412408 ) ) ;
#2034 = CARTESIAN_POINT ( 'NONE',  ( -4.154861592194261988, -15.50000000000000000, -9.588515273477378642 ) ) ;
#2035 = CARTESIAN_POINT ( 'NONE',  ( -4.941324882171592180E-16, -20.00000000000000000, 2.899999999999999911 ) ) ;
#2036 = VECTOR ( 'NONE', #1564, 1000.000000000000000 ) ;
#2037 = CARTESIAN_POINT ( 'NONE',  ( 5.000000000000000000, 31.50000000000000000, 2.100000000000000089 ) ) ;
#2038 = DIRECTION ( 'NONE',  ( 1.000000000000000000, 0.000000000000000000, 8.519525658916538453E-17 ) ) ;
#2039 = ORIENTED_EDGE ( 'NONE', *, *, #1663, .T. ) ;
#2040 = CIRCLE ( 'NONE', #403, 10.44999999999999929 ) ;
#2041 = DIRECTION ( 'NONE',  ( 8.519525658916538453E-17, 0.000000000000000000, -1.000000000000000000 ) ) ;
#2042 = DIRECTION ( 'NONE',  ( 0.000000000000000000, -1.000000000000000000, 0.000000000000000000 ) ) ;
#2043 = ORIENTED_EDGE ( 'NONE', *, *, #394, .T. ) ;
#2044 = DIRECTION ( 'NONE',  ( 0.000000000000000000, 0.000000000000000000, 1.000000000000000000 ) ) ;
#2045 = ADVANCED_FACE ( 'NONE', ( #369 ), #2072, .F. ) ;
#2046 = CARTESIAN_POINT ( 'NONE',  ( 3.344121171928770231, -20.26398954384525197, -13.59506903654226484 ) ) ;
#2047 = CARTESIAN_POINT ( 'NONE',  ( -7.711496853816790953, -15.33702483048951670, 3.456359369984826291 ) ) ;
#2048 = ADVANCED_FACE ( 'NONE', ( #2087 ), #2215, .T. ) ;
#2049 = CARTESIAN_POINT ( 'NONE',  ( 4.310754740521205441, -13.66138831608918203, 7.272503949351499131 ) ) ;
#2050 = AXIS2_PLACEMENT_3D ( 'NONE', #1063, #1595, #1201 ) ;
#2051 = DIRECTION ( 'NONE',  ( -0.000000000000000000, 1.000000000000000000, -0.000000000000000000 ) ) ;
#2052 = ORIENTED_EDGE ( 'NONE', *, *, #983, .F. ) ;
#2053 = CARTESIAN_POINT ( 'NONE',  ( 5.334748074651029626, -15.49999999900060921, -7.476306594225581748 ) ) ;
#2054 = FACE_BOUND ( 'NONE', #1764, .T. ) ;
#2055 = FACE_OUTER_BOUND ( 'NONE', #1361, .T. ) ;
#2056 = CIRCLE ( 'NONE', #840, 10.50000000000000000 ) ;
#2057 = ADVANCED_FACE ( 'NONE', ( #38 ), #1680, .F. ) ;
#2058 = VERTEX_POINT ( 'NONE', #741 ) ;
#2059 = CARTESIAN_POINT ( 'NONE',  ( 0.000000000000000000, -15.50000000000000000, 0.000000000000000000 ) ) ;
#2060 = DIRECTION ( 'NONE',  ( 0.000000000000000000, -1.000000000000000000, 0.000000000000000000 ) ) ;
#2061 = CARTESIAN_POINT ( 'NONE',  ( -8.339086659073977614, -15.49999999899375247, 4.768786388855565050 ) ) ;
#2062 = B_SPLINE_CURVE_WITH_KNOTS ( 'NONE', 3,
 ( #701, #1383, #2069, #531, #908, #1433, #763, #242, #1581, #90, #46, #1393, #1442, #251, #2093, #1075, #941, #1225, #209, #1960 ),
 .UNSPECIFIED., .F., .F.,
 ( 4, 2, 2, 2, 2, 2, 2, 2, 2, 4 ),
 ( 0.000000000000000000, 0.0008310511410544688549, 0.001662102282108937710, 0.002493153423163406782, 0.003324204564217875420, 0.003739730134745108871, 0.004155255705272341456, 0.004986306846326804890, 0.005817357987381269191, 0.006648409128435731758 ),
 .UNSPECIFIED. ) ;
#2063 = EDGE_CURVE ( 'NONE', #127, #1723, #1314, .T. ) ;
#2064 = CARTESIAN_POINT ( 'NONE',  ( 3.626003123957800334, -15.20275021889932354, 7.639745051305692591 ) ) ;
#2065 = CARTESIAN_POINT ( 'NONE',  ( 13.39999999999999858, -20.50000000000000000, -13.39999999999999680 ) ) ;
#2066 = EDGE_LOOP ( 'NONE', ( #1318, #810, #760, #999 ) ) ;
#2067 = CARTESIAN_POINT ( 'NONE',  ( 5.787619376195828558, -14.16706185854752853, -6.158260357392485673 ) ) ;
#2068 = CARTESIAN_POINT ( 'NONE',  ( 2.899999999999999467, -20.00000000000000000, 13.39999999999999680 ) ) ;
#2069 = CARTESIAN_POINT ( 'NONE',  ( -3.854964442065207830, -13.54158357217373343, -7.524048259926812143 ) ) ;
#2070 = EDGE_LOOP ( 'NONE', ( #132, #769, #1711, #366 ) ) ;
#2071 = CARTESIAN_POINT ( 'NONE',  ( -7.269007238984352526, -13.66332362742809536, 4.316663853821362196 ) ) ;
#2072 = CYLINDRICAL_SURFACE ( 'NONE', #1112, 2.100000000000000089 ) ;
#2073 = CARTESIAN_POINT ( 'NONE',  ( -13.39999999999999858, -15.50000000000000000, 13.39999999999999680 ) ) ;
#2074 = CARTESIAN_POINT ( 'NONE',  ( 6.199569652811502962, -14.93111698385162178, 5.744333250174557648 ) ) ;
#2075 = CIRCLE ( 'NONE', #536, 1.999999999999999112 ) ;
#2076 = ORIENTED_EDGE ( 'NONE', *, *, #619, .F. ) ;
#2077 = VECTOR ( 'NONE', #1097, 1000.000000000000000 ) ;
#2078 = CARTESIAN_POINT ( 'NONE',  ( 5.375411270935516406, -14.92147758118445999, -6.523264121566571205 ) ) ;
#2079 = DIRECTION ( 'NONE',  ( 0.000000000000000000, 1.000000000000000000, 0.000000000000000000 ) ) ;
#2080 = CARTESIAN_POINT ( 'NONE',  ( 2.899999999999999467, -20.50000000000000000, -13.39999999999999680 ) ) ;
#2081 = ORIENTED_EDGE ( 'NONE', *, *, #122, .T. ) ;
#2082 = EDGE_CURVE ( 'NONE', #1469, #594, #1419, .T. ) ;
#2083 = VERTEX_POINT ( 'NONE', #30 ) ;
#2084 = CARTESIAN_POINT ( 'NONE',  ( -3.612381392730019236, -13.49999999999999822, 7.643889925036136290 ) ) ;
#2085 = CARTESIAN_POINT ( 'NONE',  ( -5.577925610539083756, -14.13145331699489482, -6.352795256033894944 ) ) ;
#2086 = VECTOR ( 'NONE', #743, 1000.000000000000000 ) ;
#2087 = FACE_OUTER_BOUND ( 'NONE', #833, .T. ) ;
#2088 = FACE_OUTER_BOUND ( 'NONE', #1857, .T. ) ;
#2089 = CARTESIAN_POINT ( 'NONE',  ( 7.711447794544241674, -15.33683398708698675, 3.456472588026653359 ) ) ;
#2090 = ORIENTED_EDGE ( 'NONE', *, *, #1185, .F. ) ;
#2091 = CARTESIAN_POINT ( 'NONE',  ( 7.272503949351500907, -13.66138831608918025, -4.310754740521205441 ) ) ;
#2092 = CARTESIAN_POINT ( 'NONE',  ( 3.399999999999999467, -20.00000000000000000, 13.39999999999999680 ) ) ;
#2093 = CARTESIAN_POINT ( 'NONE',  ( -6.843398643206703547, -13.91099158024507076, -4.963614052894424589 ) ) ;
#2094 = ORIENTED_EDGE ( 'NONE', *, *, #943, .T. ) ;
#2095 = TOROIDAL_SURFACE ( 'NONE', #1127, 10.50000000000000000, 0.5000000000000000000 ) ;
#2096 = CARTESIAN_POINT ( 'NONE',  ( 3.359672770721675583, -13.50000000000000000, -7.753392733098932510 ) ) ;
#2097 = CARTESIAN_POINT ( 'NONE',  ( -4.030241029914627404, -15.02090009060490416, -7.436803515213433080 ) ) ;
#2098 = CARTESIAN_POINT ( 'NONE',  ( 5.131065303406331601, -15.50000000089961461, -7.766488653013600363 ) ) ;
#2099 = CARTESIAN_POINT ( 'NONE',  ( 6.158260357392414619, -14.16706185854767419, 5.787619376195909382 ) ) ;
#2100 = ORIENTED_EDGE ( 'NONE', *, *, #1473, .T. ) ;
#2101 = CARTESIAN_POINT ( 'NONE',  ( 7.639745051305088630, -15.20275021889931288, -3.626003123958343455 ) ) ;
#2102 = CARTESIAN_POINT ( 'NONE',  ( 13.58086889709196932, -20.50000000000000000, 3.399999999999998135 ) ) ;
#2103 = CARTESIAN_POINT ( 'NONE',  ( -3.344121171928770231, -20.26398954384525197, 13.59506903654226484 ) ) ;
#2104 = VERTEX_POINT ( 'NONE', #714 ) ;
#2105 = FACE_OUTER_BOUND ( 'NONE', #988, .T. ) ;
#2106 = CARTESIAN_POINT ( 'NONE',  ( -5.000000000000000000, 6.999999999999999112, 2.100000000000000089 ) ) ;
#2107 = VECTOR ( 'NONE', #1311, 1000.000000000000000 ) ;
#2108 = EDGE_CURVE ( 'NONE', #949, #1741, #1929, .T. ) ;
#2109 = CIRCLE ( 'NONE', #1461, 8.449999999999999289 ) ;
#2110 = ADVANCED_FACE ( 'NONE', ( #399 ), #1391, .F. ) ;
#2111 = CARTESIAN_POINT ( 'NONE',  ( -13.39999999999999680, -20.00000000000000000, 2.899999999999997691 ) ) ;
#2112 = ORIENTED_EDGE ( 'NONE', *, *, #1883, .F. ) ;
#2113 = CARTESIAN_POINT ( 'NONE',  ( 13.39999999999999680, -15.50000000000000000, -3.399999999999997691 ) ) ;
#2114 = EDGE_LOOP ( 'NONE', ( #1028, #564, #2081, #2090 ) ) ;
#2115 = VERTEX_POINT ( 'NONE', #1062 ) ;
#2116 = CARTESIAN_POINT ( 'NONE',  ( 13.39999999999999680, -20.50000000000000000, 2.899999999999995914 ) ) ;
#2117 = DIRECTION ( 'NONE',  ( -8.519525658916538453E-17, 0.000000000000000000, -1.000000000000000000 ) ) ;
#2118 = UNCERTAINTY_MEASURE_WITH_UNIT (LENGTH_MEASURE( 1.000000000000000082E-05 ), #734, 'distance_accuracy_value', 'NONE');
#2119 = EDGE_CURVE ( 'NONE', #222, #313, #2120, .T. ) ;
#2120 = B_SPLINE_CURVE_WITH_KNOTS ( 'NONE', 3,
 ( #1450, #1817, #269, #1105, #281, #927 ),
 .UNSPECIFIED., .F., .F.,
 ( 4, 2, 4 ),
 ( 0.000000000000000000, 0.0003955843411403033288, 0.0007911686822806066575 ),
 .UNSPECIFIED. ) ;
#2121 = CARTESIAN_POINT ( 'NONE',  ( 3.399999999999999467, -20.00000000000000000, 13.58086889709196754 ) ) ;
#2122 = VERTEX_POINT ( 'NONE', #410 ) ;
#2123 = CARTESIAN_POINT ( 'NONE',  ( -6.523264121566434426, -14.92147758118445999, -5.375411270935368968 ) ) ;
#2124 = CARTESIAN_POINT ( 'NONE',  ( -4.972629017489818004, -13.91462181251038466, 6.836969851840724921 ) ) ;
#2125 = LINE ( 'NONE', #2080, #1625 ) ;
#2126 = ORIENTED_EDGE ( 'NONE', *, *, #1451, .T. ) ;
#2127 = DIRECTION ( 'NONE',  ( 0.000000000000000000, 0.000000000000000000, 1.000000000000000000 ) ) ;
#2128 = EDGE_CURVE ( 'NONE', #1513, #2028, #2005, .T. ) ;
#2129 = DIRECTION ( 'NONE',  ( -0.000000000000000000, 1.000000000000000000, -0.000000000000000000 ) ) ;
#2130 = EDGE_CURVE ( 'NONE', #1942, #1569, #1080, .T. ) ;
#2131 = VERTEX_POINT ( 'NONE', #2113 ) ;
#2132 = FACE_OUTER_BOUND ( 'NONE', #1430, .T. ) ;
#2133 = CARTESIAN_POINT ( 'NONE',  ( 0.000000000000000000, -15.50000000000000000, 0.000000000000000000 ) ) ;
#2134 = ORIENTED_EDGE ( 'NONE', *, *, #1408, .F. ) ;
#2135 = CARTESIAN_POINT ( 'NONE',  ( 0.000000000000000000, -20.50000000000000000, 0.000000000000000000 ) ) ;
#2136 = SHAPE_DEFINITION_REPRESENTATION ( #84, #708 ) ;
#2137 = ADVANCED_FACE ( 'NONE', ( #1124 ), #261, .F. ) ;
#2138 = CIRCLE ( 'NONE', #1347, 10.00000000000000000 ) ;
#2139 = CIRCLE ( 'NONE', #1755, 2.100000000000000089 ) ;
#2140 = CARTESIAN_POINT ( 'NONE',  ( 3.399999999999999023, -20.00000000000000000, -13.58086889709196754 ) ) ;
#2141 = LOCAL_TIME ( 9, 45, 18.00000000000000000, #1487 ) ;
#2142 = ORIENTED_EDGE ( 'NONE', *, *, #893, .T. ) ;
#2143 = CARTESIAN_POINT ( 'NONE',  ( -5.729255026710759147, -14.93272058982370609, -6.220075141423181186 ) ) ;
#2144 = PLANE ( 'NONE',  #559 ) ;
#2145 = ORIENTED_EDGE ( 'NONE', *, *, #775, .T. ) ;
#2146 = DIRECTION ( 'NONE',  ( -0.9175612701892293943, -1.387778780781445676E-14, -0.3975944107362777147 ) ) ;
#2147 = EDGE_CURVE ( 'NONE', #1493, #1942, #1685, .T. ) ;
#2148 = AXIS2_PLACEMENT_3D ( 'NONE', #1934, #572, #1587 ) ;
#2149 = AXIS2_PLACEMENT_3D ( 'NONE', #2210, #9, #2199 ) ;
#2150 = FACE_OUTER_BOUND ( 'NONE', #585, .T. ) ;
#2151 = ORIENTED_EDGE ( 'NONE', *, *, #448, .T. ) ;
#2152 = CYLINDRICAL_SURFACE ( 'NONE', #1357, 14.00000000000000000 ) ;
#2153 = DIRECTION ( 'NONE',  ( -0.000000000000000000, -1.000000000000000000, -0.000000000000000000 ) ) ;
#2154 = EDGE_LOOP ( 'NONE', ( #440, #647, #1658, #868 ) ) ;
#2155 = DIRECTION ( 'NONE',  ( 0.000000000000000000, 0.000000000000000000, 1.000000000000000000 ) ) ;
#2156 = DATE_TIME_ROLE ( 'classification_date' ) ;
#2157 = CIRCLE ( 'NONE', #913, 10.00000000000000000 ) ;
#2158 = ORIENTED_EDGE ( 'NONE', *, *, #308, .F. ) ;
#2159 = CYLINDRICAL_SURFACE ( 'NONE', #1485, 10.00000000000000000 ) ;
#2160 = CARTESIAN_POINT ( 'NONE',  ( -3.456472588027757364, -15.33683398708780210, 7.711447794544127987 ) ) ;
#2161 = TOROIDAL_SURFACE ( 'NONE', #1194, 10.44999999999999929, 2.000000000000000000 ) ;
#2162 = ORIENTED_EDGE ( 'NONE', *, *, #2128, .T. ) ;
#2163 = DIRECTION ( 'NONE',  ( 0.000000000000000000, 0.000000000000000000, -1.000000000000000000 ) ) ;
#2164 = DIRECTION ( 'NONE',  ( -0.000000000000000000, -1.000000000000000000, 0.000000000000000000 ) ) ;
#2165 = CARTESIAN_POINT ( 'NONE',  ( 1.000000000000000000, 7.000000000000000000, -8.449999999999999289 ) ) ;
#2166 = COORDINATED_UNIVERSAL_TIME_OFFSET ( 5, 0, .BEHIND. ) ;
#2167 = ORIENTED_EDGE ( 'NONE', *, *, #75, .F. ) ;
#2168 = ADVANCED_FACE ( 'NONE', ( #2132 ), #2152, .T. ) ;
#2169 = ADVANCED_FACE ( 'NONE', ( #1949 ), #7, .F. ) ;
#2170 = DIRECTION ( 'NONE',  ( -8.519525658916538453E-17, 0.000000000000000000, -1.000000000000000000 ) ) ;
#2171 = CARTESIAN_POINT ( 'NONE',  ( 0.000000000000000000, -15.50000000000000000, 0.000000000000000000 ) ) ;
#2172 = AXIS2_PLACEMENT_3D ( 'NONE', #498, #1865, #1618 ) ;
#2173 = ORIENTED_EDGE ( 'NONE', *, *, #1867, .F. ) ;
#2174 = AXIS2_PLACEMENT_3D ( 'NONE', #1023, #170, #3 ) ;
#2175 = CARTESIAN_POINT ( 'NONE',  ( 0.000000000000000000, 0.000000000000000000, 0.000000000000000000 ) ) ;
#2176 = FACE_OUTER_BOUND ( 'NONE', #239, .T. ) ;
#2177 = PERSON_AND_ORGANIZATION ( #306, #1620 ) ;
#2178 = VERTEX_POINT ( 'NONE', #1922 ) ;
#2179 = AXIS2_PLACEMENT_3D ( 'NONE', #1045, #1219, #1745 ) ;
#2180 = PLANE ( 'NONE',  #301 ) ;
#2181 = CARTESIAN_POINT ( 'NONE',  ( -7.644863798120157483, -13.50000001170920427, 3.610133905844257640 ) ) ;
#2182 = EDGE_CURVE ( 'NONE', #77, #2104, #1066, .T. ) ;
#2183 = ORIENTED_EDGE ( 'NONE', *, *, #185, .F. ) ;
#2184 = CARTESIAN_POINT ( 'NONE',  ( 7.753392733098985801, -13.50000000000000000, 3.359672770721549462 ) ) ;
#2185 = CARTESIAN_POINT ( 'NONE',  ( -13.39999999999999680, -20.50000000000000000, 2.899999999999995914 ) ) ;
#2186 = ORIENTED_EDGE ( 'NONE', *, *, #1983, .T. ) ;
#2187 = AXIS2_PLACEMENT_3D ( 'NONE', #80, #1763, #221 ) ;
#2188 = DIRECTION ( 'NONE',  ( 0.000000000000000000, 0.000000000000000000, 1.000000000000000000 ) ) ;
#2189 = ORIENTED_EDGE ( 'NONE', *, *, #282, .T. ) ;
#2190 = CARTESIAN_POINT ( 'NONE',  ( -3.030853332859384075, -20.49999999999999645, -13.66864361618951484 ) ) ;
#2191 = CARTESIAN_POINT ( 'NONE',  ( -5.804120092285952381, -15.49999999953281460, 6.893042238564535573 ) ) ;
#2192 = ORIENTED_EDGE ( 'NONE', *, *, #608, .F. ) ;
#2193 = AXIS2_PLACEMENT_3D ( 'NONE', #1804, #76, #1438 ) ;
#2194 = CARTESIAN_POINT ( 'NONE',  ( 5.000000000000000000, 31.50000000000000000, 0.000000000000000000 ) ) ;
#2195 = CARTESIAN_POINT ( 'NONE',  ( 0.000000000000000000, 0.000000000000000000, 0.000000000000000000 ) ) ;
#2196 = EDGE_CURVE ( 'NONE', #1578, #100, #924, .T. ) ;
#2197 = VECTOR ( 'NONE', #1722, 1000.000000000000000 ) ;
#2198 = ORIENTED_EDGE ( 'NONE', *, *, #1511, .T. ) ;
#2199 = DIRECTION ( 'NONE',  ( 0.000000000000000000, 0.000000000000000000, -1.000000000000000000 ) ) ;
#2200 = EDGE_LOOP ( 'NONE', ( #1017, #1790, #509, #452 ) ) ;
#2201 = CARTESIAN_POINT ( 'NONE',  ( 0.000000000000000000, -15.50000000000000000, 8.449999999999999289 ) ) ;
#2202 = EDGE_CURVE ( 'NONE', #1513, #1228, #246, .T. ) ;
#2203 = CARTESIAN_POINT ( 'NONE',  ( -2.899999999999999023, -20.50000000000000000, -13.69634987870856158 ) ) ;
#2204 = CARTESIAN_POINT ( 'NONE',  ( -5.499192770463293023, -14.92530662648853657, 6.418858327846263201 ) ) ;
#2205 = DIRECTION ( 'NONE',  ( 0.000000000000000000, 0.000000000000000000, 1.000000000000000000 ) ) ;
#2206 = AXIS2_PLACEMENT_3D ( 'NONE', #1090, #733, #560 ) ;
#2207 = DIRECTION ( 'NONE',  ( 0.000000000000000000, -1.000000000000000000, 0.000000000000000000 ) ) ;
#2208 = EDGE_LOOP ( 'NONE', ( #2008, #1842, #521, #1914, #16 ) ) ;
#2209 = CIRCLE ( 'NONE', #1643, 10.00000000000000000 ) ;
#2210 = CARTESIAN_POINT ( 'NONE',  ( 0.000000000000000000, -15.50000000000000000, 0.000000000000000000 ) ) ;
#2211 = ADVANCED_FACE ( 'NONE', ( #1425 ), #1753, .T. ) ;
#2212 = VERTEX_POINT ( 'NONE', #2106 ) ;
#2213 = CARTESIAN_POINT ( 'NONE',  ( 13.39999999999999680, -20.00000000000000000, 3.399999999999997691 ) ) ;
#2214 = EDGE_CURVE ( 'NONE', #1116, #1283, #1323, .T. ) ;
#2215 = CYLINDRICAL_SURFACE ( 'NONE', #1900, 0.5000000000000000000 ) ;
#2216 = CARTESIAN_POINT ( 'NONE',  ( -5.787619376195796583, -14.16706185854752853, 6.158260357392515871 ) ) ;
ENDSEC;
END-ISO-10303-21;
