ISO-10303-21;
HEADER;
FILE_DESCRIPTION (( 'STEP AP203' ),
    '1' );
FILE_NAME ('Motor Connector.STEP',
    '2026-08-25T03:14:04',
    ( '' ),
    ( '' ),
    'SwSTEP 2.0',
    'SolidWorks 2025',
    '' );
FILE_SCHEMA (( 'CONFIG_CONTROL_DESIGN' ));
ENDSEC;

DATA;
#1 = DIRECTION ( 'NONE',  ( 0.000000000000000000, 0.000000000000000000, -1.000000000000000000 ) ) ;
#2 = DIRECTION ( 'NONE',  ( 0.000000000000000000, -1.000000000000000000, 0.000000000000000000 ) ) ;
#3 = CARTESIAN_POINT ( 'NONE',  ( 3.499999999999859668, -7.500000000000000000, -13.50000000000002309 ) ) ;
#4 = EDGE_CURVE ( 'NONE', #790, #1413, #1180, .T. ) ;
#5 = DIRECTION ( 'NONE',  ( -0.000000000000000000, 1.000000000000000000, -0.000000000000000000 ) ) ;
#6 = VERTEX_POINT ( 'NONE', #298 ) ;
#7 = DIRECTION ( 'NONE',  ( -0.000000000000000000, 1.000000000000000000, -0.000000000000000000 ) ) ;
#8 = CIRCLE ( 'NONE', #831, 1.600000000000000755 ) ;
#9 = DIRECTION ( 'NONE',  ( 0.000000000000000000, 0.000000000000000000, -1.000000000000000000 ) ) ;
#10 = DIRECTION ( 'NONE',  ( 0.000000000000000000, 1.000000000000000000, 0.000000000000000000 ) ) ;
#11 = EDGE_CURVE ( 'NONE', #41, #1282, #1487, .T. ) ;
#12 = PLANE ( 'NONE',  #1308 ) ;
#13 = AXIS2_PLACEMENT_3D ( 'NONE', #137, #722, #1197 ) ;
#14 = EDGE_LOOP ( 'NONE', ( #1509, #1222, #242, #921 ) ) ;
#15 = EDGE_CURVE ( 'NONE', #125, #935, #72, .T. ) ;
#16 = DIRECTION ( 'NONE',  ( 8.659560562354937789E-17, -0.7071067811865472397, 0.7071067811865479058 ) ) ;
#17 = ORIENTED_EDGE ( 'NONE', *, *, #582, .T. ) ;
#18 = CYLINDRICAL_SURFACE ( 'NONE', #986, 2.125000000000000000 ) ;
#19 = PERSON_AND_ORGANIZATION_ROLE ( 'classification_officer' ) ;
#20 = LINE ( 'NONE', #1220, #1349 ) ;
#21 = ORIENTED_EDGE ( 'NONE', *, *, #1517, .F. ) ;
#22 = EDGE_CURVE ( 'NONE', #1413, #1258, #1279, .T. ) ;
#23 = DIRECTION ( 'NONE',  ( 0.000000000000000000, 0.000000000000000000, 1.000000000000000000 ) ) ;
#24 = ORIENTED_EDGE ( 'NONE', *, *, #1385, .F. ) ;
#25 = APPROVAL_STATUS ( 'not_yet_approved' ) ;
#26 = DIRECTION ( 'NONE',  ( 0.8660254037844388186, 0.000000000000000000, -0.4999999999999996669 ) ) ;
#27 = ORIENTED_EDGE ( 'NONE', *, *, #700, .T. ) ;
#28 = PLANE ( 'NONE',  #957 ) ;
#29 = ADVANCED_FACE ( 'NONE', ( #570 ), #674, .T. ) ;
#30 = ORIENTED_EDGE ( 'NONE', *, *, #389, .F. ) ;
#31 = AXIS2_PLACEMENT_3D ( 'NONE', #427, #1383, #897 ) ;
#32 = DIRECTION ( 'NONE',  ( 0.000000000000000000, 0.000000000000000000, -1.000000000000000000 ) ) ;
#33 = CIRCLE ( 'NONE', #859, 1.600000000000000533 ) ;
#34 = AXIS2_PLACEMENT_3D ( 'NONE', #847, #1442, #1537 ) ;
#35 = CARTESIAN_POINT ( 'NONE',  ( -3.500000000000046185, -7.500000000000000000, 2.125036258071319847E-14 ) ) ;
#36 = EDGE_LOOP ( 'NONE', ( #24, #202, #1456, #101 ) ) ;
#37 = AXIS2_PLACEMENT_3D ( 'NONE', #1411, #1067, #1289 ) ;
#38 = AXIS2_PLACEMENT_3D ( 'NONE', #692, #811, #325 ) ;
#39 = CARTESIAN_POINT ( 'NONE',  ( 10.00000000000000000, -0.9999999999999995559, 1.600000000000035394 ) ) ;
#40 = VECTOR ( 'NONE', #381, 1000.000000000000000 ) ;
#41 = VERTEX_POINT ( 'NONE', #204 ) ;
#42 = DATE_AND_TIME ( #1484, #1010 ) ;
#43 = ADVANCED_FACE ( 'NONE', ( #192 ), #306, .F. ) ;
#44 = DIRECTION ( 'NONE',  ( -7.030022516427261714E-15, 0.000000000000000000, -1.000000000000000000 ) ) ;
#45 = DIRECTION ( 'NONE',  ( 0.000000000000000000, 0.000000000000000000, -1.000000000000000000 ) ) ;
#46 = EDGE_LOOP ( 'NONE', ( #1429, #100, #119, #887 ) ) ;
#47 = CARTESIAN_POINT ( 'NONE',  ( -3.499999999999964029, -7.500000000000000000, 13.49999999999994138 ) ) ;
#48 = ORIENTED_EDGE ( 'NONE', *, *, #1426, .T. ) ;
#49 = FACE_BOUND ( 'NONE', #588, .T. ) ;
#50 = EDGE_CURVE ( 'NONE', #981, #474, #1153, .T. ) ;
#51 = ORIENTED_EDGE ( 'NONE', *, *, #299, .F. ) ;
#52 = ORIENTED_EDGE ( 'NONE', *, *, #506, .F. ) ;
#53 = ORIENTED_EDGE ( 'NONE', *, *, #289, .T. ) ;
#54 = DIRECTION ( 'NONE',  ( -1.000000000000000000, 0.000000000000000000, 7.073151488920598364E-15 ) ) ;
#55 = DIRECTION ( 'NONE',  ( 0.000000000000000000, 0.000000000000000000, -1.000000000000000000 ) ) ;
#56 = ADVANCED_FACE ( 'NONE', ( #807 ), #64, .F. ) ;
#57 = CIRCLE ( 'NONE', #309, 14.00000000000000000 ) ;
#58 = VERTEX_POINT ( 'NONE', #1286 ) ;
#59 = CIRCLE ( 'NONE', #34, 1.600000000000000755 ) ;
#60 = EDGE_CURVE ( 'NONE', #1271, #812, #214, .T. ) ;
#61 = EDGE_LOOP ( 'NONE', ( #265, #687, #48, #998, #1246, #30, #1354, #636, #632, #51, #1399, #328 ) ) ;
#62 = DIRECTION ( 'NONE',  ( 0.000000000000000000, 0.000000000000000000, -1.000000000000000000 ) ) ;
#63 = CIRCLE ( 'NONE', #263, 14.00000000000000000 ) ;
#64 = CYLINDRICAL_SURFACE ( 'NONE', #1031, 1.600000000000000533 ) ;
#65 = VECTOR ( 'NONE', #1228, 1000.000000000000114 ) ;
#66 = FACE_OUTER_BOUND ( 'NONE', #591, .T. ) ;
#67 = LINE ( 'NONE', #1273, #834 ) ;
#68 = VERTEX_POINT ( 'NONE', #551 ) ;
#69 = PRODUCT ( 'Motor Connector', 'Motor Connector', '', ( #374 ) ) ;
#70 = LINE ( 'NONE', #77, #283 ) ;
#71 = EDGE_CURVE ( 'NONE', #849, #779, #8, .T. ) ;
#72 = LINE ( 'NONE', #332, #1438 ) ;
#73 = LINE ( 'NONE', #553, #105 ) ;
#74 = FACE_BOUND ( 'NONE', #149, .T. ) ;
#75 = VERTEX_POINT ( 'NONE', #1162 ) ;
#76 = ORIENTED_EDGE ( 'NONE', *, *, #180, .F. ) ;
#77 = CARTESIAN_POINT ( 'NONE',  ( -3.450000000000000178, 3.500000000000000000, -1.991858428704210926 ) ) ;
#78 = EDGE_CURVE ( 'NONE', #949, #1226, #856, .T. ) ;
#79 = DIRECTION ( 'NONE',  ( 2.177267534401678859E-16, 0.000000000000000000, 1.000000000000000000 ) ) ;
#80 = CYLINDRICAL_SURFACE ( 'NONE', #594, 1.600000000000000755 ) ;
#81 = DIRECTION ( 'NONE',  ( -0.000000000000000000, -1.000000000000000000, -0.000000000000000000 ) ) ;
#82 = ORIENTED_EDGE ( 'NONE', *, *, #929, .T. ) ;
#83 = CIRCLE ( 'NONE', #1116, 2.125000000000000000 ) ;
#84 = VECTOR ( 'NONE', #1017, 1000.000000000000114 ) ;
#85 = ORIENTED_EDGE ( 'NONE', *, *, #227, .T. ) ;
#86 = DIRECTION ( 'NONE',  ( -0.000000000000000000, 1.000000000000000000, -0.000000000000000000 ) ) ;
#87 = CIRCLE ( 'NONE', #362, 14.00000000000000000 ) ;
#88 = CARTESIAN_POINT ( 'NONE',  ( -13.55544171172595824, -7.500000000000000000, 3.500000000000000888 ) ) ;
#89 = VECTOR ( 'NONE', #453, 1000.000000000000000 ) ;
#90 = CIRCLE ( 'NONE', #792, 2.125000000000000000 ) ;
#91 = DIRECTION ( 'NONE',  ( 0.000000000000000000, -1.000000000000000000, 0.000000000000000000 ) ) ;
#92 = EDGE_CURVE ( 'NONE', #1324, #1539, #465, .T. ) ;
#93 = CARTESIAN_POINT ( 'NONE',  ( -6.982962677686266711E-14, 3.500000000000000000, 10.00000000000000000 ) ) ;
#94 = ORIENTED_EDGE ( 'NONE', *, *, #604, .T. ) ;
#95 = ORIENTED_EDGE ( 'NONE', *, *, #4, .F. ) ;
#96 = DIRECTION ( 'NONE',  ( 0.000000000000000000, 0.000000000000000000, -1.000000000000000000 ) ) ;
#97 = CARTESIAN_POINT ( 'NONE',  ( 3.449999999999999289, 0.000000000000000000, -1.991858428704210926 ) ) ;
#98 = CARTESIAN_POINT ( 'NONE',  ( 0.000000000000000000, -7.500000000000000000, 0.000000000000000000 ) ) ;
#99 = DIRECTION ( 'NONE',  ( -0.000000000000000000, -1.000000000000000000, -0.000000000000000000 ) ) ;
#100 = ORIENTED_EDGE ( 'NONE', *, *, #572, .T. ) ;
#101 = ORIENTED_EDGE ( 'NONE', *, *, #940, .T. ) ;
#102 = CARTESIAN_POINT ( 'NONE',  ( -9.999999999999998224, -0.9999999999999995559, -1.600000000000105338 ) ) ;
#103 = FACE_OUTER_BOUND ( 'NONE', #226, .T. ) ;
#104 = LINE ( 'NONE', #598, #1278 ) ;
#105 = VECTOR ( 'NONE', #282, 1000.000000000000000 ) ;
#106 = VERTEX_POINT ( 'NONE', #657 ) ;
#107 = ORIENTED_EDGE ( 'NONE', *, *, #1451, .F. ) ;
#108 = VECTOR ( 'NONE', #1449, 1000.000000000000000 ) ;
#109 = VECTOR ( 'NONE', #1348, 1000.000000000000000 ) ;
#110 = ADVANCED_FACE ( 'NONE', ( #545 ), #1498, .T. ) ;
#111 = PLANE ( 'NONE',  #1535 ) ;
#112 = CARTESIAN_POINT ( 'NONE',  ( -3.500000000000142109, -7.500000000000000000, -13.55544171172592449 ) ) ;
#113 = AXIS2_PLACEMENT_3D ( 'NONE', #743, #850, #985 ) ;
#114 = AXIS2_PLACEMENT_3D ( 'NONE', #1198, #723, #138 ) ;
#115 = VECTOR ( 'NONE', #1048, 1000.000000000000000 ) ;
#116 = DIRECTION ( 'NONE',  ( 0.000000000000000000, 0.000000000000000000, -1.000000000000000000 ) ) ;
#117 = CARTESIAN_POINT ( 'NONE',  ( 1.959434878635765477E-16, -0.9999999999999995559, -8.400000000000000355 ) ) ;
#118 = CONICAL_SURFACE ( 'NONE', #1185, 1.600000000000000533, 0.7853981633974510546 ) ;
#119 = ORIENTED_EDGE ( 'NONE', *, *, #1305, .T. ) ;
#120 = DIRECTION ( 'NONE',  ( 0.000000000000000000, -0.7071067811865455743, -0.7071067811865493491 ) ) ;
#121 = DIRECTION ( 'NONE',  ( 0.000000000000000000, 0.000000000000000000, -1.000000000000000000 ) ) ;
#122 = ADVANCED_FACE ( 'NONE', ( #1320 ), #1230, .F. ) ;
#123 = FACE_OUTER_BOUND ( 'NONE', #345, .T. ) ;
#124 = LINE ( 'NONE', #840, #467 ) ;
#125 = VERTEX_POINT ( 'NONE', #112 ) ;
#126 = CARTESIAN_POINT ( 'NONE',  ( -9.999999999999998224, 3.500000000000000000, -1.047444401652940007E-13 ) ) ;
#127 = CC_DESIGN_PERSON_AND_ORGANIZATION_ASSIGNMENT ( #1094, #1240, ( #786 ) ) ;
#128 = DIRECTION ( 'NONE',  ( 0.000000000000000000, 0.000000000000000000, 1.000000000000000000 ) ) ;
#129 = EDGE_CURVE ( 'NONE', #474, #1086, #223, .T. ) ;
#130 = CARTESIAN_POINT ( 'NONE',  ( -3.450000000000000178, 3.500000000000000000, -1.991858428704210926 ) ) ;
#131 = ORIENTED_EDGE ( 'NONE', *, *, #1408, .T. ) ;
#132 = AXIS2_PLACEMENT_3D ( 'NONE', #139, #255, #1472 ) ;
#133 = LINE ( 'NONE', #613, #540 ) ;
#134 = CONICAL_SURFACE ( 'NONE', #336, 1.600000000000000533, 0.7853981633974510546 ) ;
#135 = VECTOR ( 'NONE', #7, 1000.000000000000000 ) ;
#136 = ORIENTED_EDGE ( 'NONE', *, *, #71, .T. ) ;
#137 = CARTESIAN_POINT ( 'NONE',  ( -3.035766082959742159E-15, -7.500000000000000000, -3.500000000000036859 ) ) ;
#138 = DIRECTION ( 'NONE',  ( 1.000000000000000000, 0.000000000000000000, 0.000000000000000000 ) ) ;
#139 = CARTESIAN_POINT ( 'NONE',  ( -9.999999999999998224, -0.9999999999999995559, -1.047444401652940007E-13 ) ) ;
#140 = EDGE_CURVE ( 'NONE', #1000, #937, #245, .T. ) ;
#141 = AXIS2_PLACEMENT_3D ( 'NONE', #1402, #818, #697 ) ;
#142 = ORIENTED_EDGE ( 'NONE', *, *, #920, .F. ) ;
#143 = CARTESIAN_POINT ( 'NONE',  ( 0.000000000000000000, -2.500000000000000000, 0.000000000000000000 ) ) ;
#144 = ORIENTED_EDGE ( 'NONE', *, *, #225, .T. ) ;
#145 = LINE ( 'NONE', #846, #416 ) ;
#146 = FACE_BOUND ( 'NONE', #1110, .T. ) ;
#147 = LINE ( 'NONE', #1242, #597 ) ;
#148 = CC_DESIGN_DATE_AND_TIME_ASSIGNMENT ( #240, #1247, ( #1531 ) ) ;
#149 = EDGE_LOOP ( 'NONE', ( #501, #1518 ) ) ;
#150 = PLANE ( 'NONE',  #785 ) ;
#151 = EDGE_LOOP ( 'NONE', ( #1037, #319, #768, #85 ) ) ;
#152 = DIRECTION ( 'NONE',  ( 0.000000000000000000, 0.000000000000000000, -1.000000000000000000 ) ) ;
#153 = DIRECTION ( 'NONE',  ( -0.000000000000000000, 1.000000000000000000, -0.000000000000000000 ) ) ;
#154 = ORIENTED_EDGE ( 'NONE', *, *, #216, .T. ) ;
#155 = DIRECTION ( 'NONE',  ( 0.000000000000000000, -1.000000000000000000, 0.000000000000000000 ) ) ;
#156 = ADVANCED_FACE ( 'NONE', ( #696 ), #1437, .T. ) ;
#157 = ORIENTED_EDGE ( 'NONE', *, *, #1023, .F. ) ;
#158 = DATE_AND_TIME ( #526, #858 ) ;
#159 = CLOSED_SHELL ( 'NONE', ( #898, #122, #682, #1109, #489, #1141, #1034, #1444, #1254, #43, #593, #664, #1352, #350, #878, #110, #843, #1359, #1016, #437, #29, #56, #370, #187, #634, #947, #1224, #575, #1326, #1164, #1072, #1054, #278, #825, #691, #320, #544, #196, #168, #808, #959, #653, #645, #552, #156, #721, #1288 ) ) ;
#160 = DIRECTION ( 'NONE',  ( 0.000000000000000000, -0.000000000000000000, -1.000000000000000000 ) ) ;
#161 = AXIS2_PLACEMENT_3D ( 'NONE', #880, #1457, #1355 ) ;
#162 = CIRCLE ( 'NONE', #1343, 10.00000000000000000 ) ;
#163 = DIRECTION ( 'NONE',  ( -0.000000000000000000, -1.000000000000000000, -0.000000000000000000 ) ) ;
#164 = ORIENTED_EDGE ( 'NONE', *, *, #700, .F. ) ;
#165 = AXIS2_PLACEMENT_3D ( 'NONE', #1307, #827, #339 ) ;
#166 = AXIS2_PLACEMENT_3D ( 'NONE', #535, #855, #529 ) ;
#167 = DIRECTION ( 'NONE',  ( 0.000000000000000000, 0.000000000000000000, 1.000000000000000000 ) ) ;
#168 = ADVANCED_FACE ( 'NONE', ( #1302 ), #341, .T. ) ;
#169 = ORIENTED_EDGE ( 'NONE', *, *, #1471, .T. ) ;
#170 = PRODUCT_DEFINITION_SHAPE ( 'NONE', 'NONE',  #1531 ) ;
#171 = DIRECTION ( 'NONE',  ( 0.000000000000000000, -1.000000000000000000, 0.000000000000000000 ) ) ;
#172 = DIRECTION ( 'NONE',  ( 0.000000000000000000, 0.000000000000000000, -1.000000000000000000 ) ) ;
#173 = ORIENTED_EDGE ( 'NONE', *, *, #389, .T. ) ;
#174 = EDGE_LOOP ( 'NONE', ( #977, #974, #1540, #1414 ) ) ;
#175 = LINE ( 'NONE', #650, #515 ) ;
#176 = ORIENTED_EDGE ( 'NONE', *, *, #1451, .T. ) ;
#177 = CIRCLE ( 'NONE', #1478, 1.600000000000000755 ) ;
#178 = EDGE_CURVE ( 'NONE', #68, #424, #281, .T. ) ;
#179 = CARTESIAN_POINT ( 'NONE',  ( -9.999999999999998224, 3.500000000000000000, 1.599999999999895728 ) ) ;
#180 = EDGE_CURVE ( 'NONE', #1097, #358, #1257, .T. ) ;
#181 = FACE_OUTER_BOUND ( 'NONE', #1525, .T. ) ;
#182 = ORIENTED_EDGE ( 'NONE', *, *, #1481, .T. ) ;
#183 = CARTESIAN_POINT ( 'NONE',  ( 3.450000000000000178, 3.500000000000000000, 1.991858428704209816 ) ) ;
#184 = CARTESIAN_POINT ( 'NONE',  ( 3.450000000000000178, 3.500000000000000000, 1.991858428704209816 ) ) ;
#185 = CARTESIAN_POINT ( 'NONE',  ( 13.50000000000001421, -7.500000000000000000, 3.499999999999906297 ) ) ;
#186 = ORIENTED_EDGE ( 'NONE', *, *, #508, .F. ) ;
#187 = ADVANCED_FACE ( 'NONE', ( #1065 ), #461, .F. ) ;
#188 = CIRCLE ( 'NONE', #518, 1.600000000000000755 ) ;
#189 = VECTOR ( 'NONE', #486, 1000.000000000000114 ) ;
#190 = ORIENTED_EDGE ( 'NONE', *, *, #525, .F. ) ;
#191 = AXIS2_PLACEMENT_3D ( 'NONE', #1144, #777, #1281 ) ;
#192 = FACE_OUTER_BOUND ( 'NONE', #532, .T. ) ;
#193 = CARTESIAN_POINT ( 'NONE',  ( -3.500000000000046185, -2.500000000000000000, 2.125036258071319847E-14 ) ) ;
#194 = DIRECTION ( 'NONE',  ( -2.177267534401678859E-16, 0.000000000000000000, -1.000000000000000000 ) ) ;
#195 = ORIENTED_EDGE ( 'NONE', *, *, #1007, .T. ) ;
#196 = ADVANCED_FACE ( 'NONE', ( #103 ), #354, .T. ) ;
#197 = CARTESIAN_POINT ( 'NONE',  ( 0.000000000000000000, -0.9999999999999995559, -11.60000000000000142 ) ) ;
#198 = DIRECTION ( 'NONE',  ( 0.000000000000000000, 0.000000000000000000, -1.000000000000000000 ) ) ;
#199 = AXIS2_PLACEMENT_3D ( 'NONE', #541, #1384, #1378 ) ;
#200 = PLANE ( 'NONE',  #383 ) ;
#201 = DIRECTION ( 'NONE',  ( -0.000000000000000000, -1.000000000000000000, -0.000000000000000000 ) ) ;
#202 = ORIENTED_EDGE ( 'NONE', *, *, #450, .F. ) ;
#203 = VERTEX_POINT ( 'NONE', #1076 ) ;
#204 = CARTESIAN_POINT ( 'NONE',  ( 0.000000000000000000, -2.500000000000000000, -14.00000000000000000 ) ) ;
#205 = EDGE_CURVE ( 'NONE', #1006, #772, #828, .T. ) ;
#206 = CARTESIAN_POINT ( 'NONE',  ( 0.000000000000000000, -0.9999999999999995559, -10.00000000000000000 ) ) ;
#207 = LINE ( 'NONE', #310, #444 ) ;
#208 = FACE_OUTER_BOUND ( 'NONE', #410, .T. ) ;
#209 = VERTEX_POINT ( 'NONE', #235 ) ;
#210 = AXIS2_PLACEMENT_3D ( 'NONE', #126, #1325, #371 ) ;
#211 = ORIENTED_EDGE ( 'NONE', *, *, #508, .T. ) ;
#212 = LOCAL_TIME ( 23, 14, 4.000000000000000000, #1120 ) ;
#213 = CARTESIAN_POINT ( 'NONE',  ( 13.55544171172598311, -2.500000000000000000, 3.499999999999904965 ) ) ;
#214 = LINE ( 'NONE', #88, #1103 ) ;
#215 = CIRCLE ( 'NONE', #1012, 10.00000000000000000 ) ;
#216 = EDGE_CURVE ( 'NONE', #790, #125, #469, .T. ) ;
#217 = DIRECTION ( 'NONE',  ( 0.000000000000000000, -0.000000000000000000, -1.000000000000000000 ) ) ;
#218 = APPLICATION_CONTEXT ( 'configuration controlled 3d designs of mechanical parts and assemblies' ) ;
#219 = CARTESIAN_POINT ( 'NONE',  ( 3.500000000000048850, -7.500000000000000000, 13.49999999999997691 ) ) ;
#220 = EDGE_LOOP ( 'NONE', ( #539, #709, #176, #583 ) ) ;
#221 = VERTEX_POINT ( 'NONE', #585 ) ;
#222 = CARTESIAN_POINT ( 'NONE',  ( 13.50000000000004796, -7.500000000000000000, 13.49999999999990585 ) ) ;
#223 = LINE ( 'NONE', #703, #1461 ) ;
#224 = DIRECTION ( 'NONE',  ( 0.000000000000000000, 0.000000000000000000, 1.000000000000000000 ) ) ;
#225 = EDGE_CURVE ( 'NONE', #699, #1335, #485, .T. ) ;
#226 = EDGE_LOOP ( 'NONE', ( #606, #1052, #901, #277 ) ) ;
#227 = EDGE_CURVE ( 'NONE', #1407, #611, #57, .T. ) ;
#228 = VERTEX_POINT ( 'NONE', #603 ) ;
#229 = CARTESIAN_POINT ( 'NONE',  ( 10.00000000000000000, 3.500000000000000000, 1.600000000000035394 ) ) ;
#230 = CARTESIAN_POINT ( 'NONE',  ( -6.982962677686266711E-14, -1.000000000000006439, 8.400000000000000355 ) ) ;
#231 = FACE_OUTER_BOUND ( 'NONE', #1063, .T. ) ;
#232 = EDGE_CURVE ( 'NONE', #420, #1021, #844, .T. ) ;
#233 = VERTEX_POINT ( 'NONE', #951 ) ;
#234 = FACE_OUTER_BOUND ( 'NONE', #1202, .T. ) ;
#235 = CARTESIAN_POINT ( 'NONE',  ( 0.000000000000000000, 0.000000000000000000, 2.125000000000000000 ) ) ;
#236 = CIRCLE ( 'NONE', #1105, 14.00000000000000000 ) ;
#237 = CIRCLE ( 'NONE', #710, 1.600000000000000533 ) ;
#238 = CIRCLE ( 'NONE', #1492, 3.100000000000008971 ) ;
#239 = DIRECTION ( 'NONE',  ( 0.000000000000000000, -1.000000000000000000, 0.000000000000000000 ) ) ;
#240 = DATE_AND_TIME ( #1314, #387 ) ;
#241 = AXIS2_PLACEMENT_3D ( 'NONE', #1096, #771, #45 ) ;
#242 = ORIENTED_EDGE ( 'NONE', *, *, #920, .T. ) ;
#243 = EDGE_CURVE ( 'NONE', #699, #732, #133, .T. ) ;
#244 = PLANE ( 'NONE',  #760 ) ;
#245 = LINE ( 'NONE', #230, #956 ) ;
#246 = EDGE_CURVE ( 'NONE', #812, #772, #1417, .T. ) ;
#247 = DIRECTION ( 'NONE',  ( -0.000000000000000000, 1.000000000000000000, -0.000000000000000000 ) ) ;
#248 = DIRECTION ( 'NONE',  ( 6.938893903907890232E-15, 0.000000000000000000, 1.000000000000000000 ) ) ;
#249 = ORIENTED_EDGE ( 'NONE', *, *, #1167, .T. ) ;
#250 = DIRECTION ( 'NONE',  ( 0.000000000000000000, 0.000000000000000000, -1.000000000000000000 ) ) ;
#251 = EDGE_CURVE ( 'NONE', #937, #203, #733, .T. ) ;
#252 = ORIENTED_EDGE ( 'NONE', *, *, #1089, .T. ) ;
#253 = DIRECTION ( 'NONE',  ( 8.659560562354956277E-17, -0.7071067811865455743, 0.7071067811865493491 ) ) ;
#254 = DIRECTION ( 'NONE',  ( 0.000000000000000000, 0.000000000000000000, 1.000000000000000000 ) ) ;
#255 = DIRECTION ( 'NONE',  ( 0.000000000000000000, -1.000000000000000000, 0.000000000000000000 ) ) ;
#256 = VERTEX_POINT ( 'NONE', #409 ) ;
#257 = VECTOR ( 'NONE', #504, 1000.000000000000000 ) ;
#258 = CARTESIAN_POINT ( 'NONE',  ( -3.500000000000047073, -2.500000000000000000, 2.460507880749574496E-14 ) ) ;
#259 = ORIENTED_EDGE ( 'NONE', *, *, #216, .F. ) ;
#260 = CARTESIAN_POINT ( 'NONE',  ( -3.500000000000142109, -2.500000000000000000, -13.55544171172592449 ) ) ;
#261 = EDGE_CURVE ( 'NONE', #1218, #403, #395, .T. ) ;
#262 = LINE ( 'NONE', #496, #65 ) ;
#263 = AXIS2_PLACEMENT_3D ( 'NONE', #446, #324, #802 ) ;
#264 = LINE ( 'NONE', #991, #315 ) ;
#265 = ORIENTED_EDGE ( 'NONE', *, *, #1406, .F. ) ;
#266 = CARTESIAN_POINT ( 'NONE',  ( 1.252896650933793229E-14, -7.500000000000000000, 3.499999999999952482 ) ) ;
#267 = EDGE_LOOP ( 'NONE', ( #842, #1365, #1011, #1483 ) ) ;
#268 = CIRCLE ( 'NONE', #1543, 1.600000000000000533 ) ;
#269 = CARTESIAN_POINT ( 'NONE',  ( 3.499999999999858780, -7.500000000000000000, -13.55544171172599555 ) ) ;
#270 = CARTESIAN_POINT ( 'NONE',  ( 3.499999999999858780, -2.500000000000000000, -13.55544171172599555 ) ) ;
#271 = VERTEX_POINT ( 'NONE', #1217 ) ;
#272 = EDGE_CURVE ( 'NONE', #779, #849, #514, .T. ) ;
#273 = DIRECTION ( 'NONE',  ( -0.000000000000000000, 1.000000000000000000, -0.000000000000000000 ) ) ;
#274 = VERTEX_POINT ( 'NONE', #1452 ) ;
#275 = LINE ( 'NONE', #269, #1333 ) ;
#276 = CARTESIAN_POINT ( 'NONE',  ( 3.450000000000000178, 3.500000000000000000, 1.991858428704209816 ) ) ;
#277 = ORIENTED_EDGE ( 'NONE', *, *, #954, .T. ) ;
#278 = ADVANCED_FACE ( 'NONE', ( #1332 ), #150, .T. ) ;
#279 = FACE_OUTER_BOUND ( 'NONE', #61, .T. ) ;
#280 = ORIENTED_EDGE ( 'NONE', *, *, #1339, .F. ) ;
#281 = CIRCLE ( 'NONE', #784, 9.999999999999998224 ) ;
#282 = DIRECTION ( 'NONE',  ( -0.000000000000000000, -1.000000000000000000, -0.000000000000000000 ) ) ;
#283 = VECTOR ( 'NONE', #550, 1000.000000000000000 ) ;
#284 = DIRECTION ( 'NONE',  ( 0.000000000000000000, 0.000000000000000000, -1.000000000000000000 ) ) ;
#285 = ORIENTED_EDGE ( 'NONE', *, *, #525, .T. ) ;
#286 = AXIS2_PLACEMENT_3D ( 'NONE', #206, #239, #1148 ) ;
#287 = AXIS2_PLACEMENT_3D ( 'NONE', #1129, #294, #55 ) ;
#288 = DIRECTION ( 'NONE',  ( -0.000000000000000000, -1.000000000000000000, -0.000000000000000000 ) ) ;
#289 = EDGE_CURVE ( 'NONE', #274, #271, #236, .T. ) ;
#290 = ORIENTED_EDGE ( 'NONE', *, *, #1216, .F. ) ;
#291 = EDGE_CURVE ( 'NONE', #862, #935, #377, .T. ) ;
#292 = APPROVAL_ROLE ( '' ) ;
#293 = FACE_OUTER_BOUND ( 'NONE', #1459, .T. ) ;
#294 = DIRECTION ( 'NONE',  ( 0.000000000000000000, -1.000000000000000000, 0.000000000000000000 ) ) ;
#295 = ORIENTED_EDGE ( 'NONE', *, *, #1155, .F. ) ;
#296 = VERTEX_POINT ( 'NONE', #1234 ) ;
#297 = DIRECTION ( 'NONE',  ( -3.469446951953614189E-15, 0.000000000000000000, -1.000000000000000000 ) ) ;
#298 = CARTESIAN_POINT ( 'NONE',  ( -1.226238514789767439E-15, 0.000000000000000000, 3.983716857408417855 ) ) ;
#299 = EDGE_CURVE ( 'NONE', #346, #1271, #1313, .T. ) ;
#300 = LINE ( 'NONE', #193, #480 ) ;
#301 = MANIFOLD_SOLID_BREP ( 'Fillet1', #159 ) ;
#302 = FACE_OUTER_BOUND ( 'NONE', #911, .T. ) ;
#303 = VERTEX_POINT ( 'NONE', #749 ) ;
#304 = EDGE_LOOP ( 'NONE', ( #1127, #1118, #1269, #1193 ) ) ;
#305 = DIRECTION ( 'NONE',  ( -0.000000000000000000, 1.000000000000000000, -0.000000000000000000 ) ) ;
#306 = CYLINDRICAL_SURFACE ( 'NONE', #980, 1.600000000000000755 ) ;
#307 = DIRECTION ( 'NONE',  ( 0.000000000000000000, -1.000000000000000000, 0.000000000000000000 ) ) ;
#308 = EDGE_CURVE ( 'NONE', #699, #1159, #658, .T. ) ;
#309 = AXIS2_PLACEMENT_3D ( 'NONE', #961, #945, #121 ) ;
#310 = CARTESIAN_POINT ( 'NONE',  ( 3.450000000000000178, 0.000000000000000000, 1.991858428704209816 ) ) ;
#311 = AXIS2_PLACEMENT_3D ( 'NONE', #975, #734, #754 ) ;
#312 = ORIENTED_EDGE ( 'NONE', *, *, #246, .T. ) ;
#313 = CIRCLE ( 'NONE', #637, 9.999999999999998224 ) ;
#314 = DIRECTION ( 'NONE',  ( 0.8660254037844385966, 0.000000000000000000, 0.5000000000000001110 ) ) ;
#315 = VECTOR ( 'NONE', #741, 1000.000000000000000 ) ;
#316 = ORIENTED_EDGE ( 'NONE', *, *, #730, .T. ) ;
#317 = DIRECTION ( 'NONE',  ( 7.073151488920598364E-15, 0.000000000000000000, 1.000000000000000000 ) ) ;
#318 = CARTESIAN_POINT ( 'NONE',  ( 10.00000000000000000, -0.9999999999999995559, 1.600000000000035394 ) ) ;
#319 = ORIENTED_EDGE ( 'NONE', *, *, #1066, .T. ) ;
#320 = ADVANCED_FACE ( 'NONE', ( #523 ), #28, .T. ) ;
#321 = ORIENTED_EDGE ( 'NONE', *, *, #1398, .T. ) ;
#322 = CARTESIAN_POINT ( 'NONE',  ( 10.00000000000000000, -2.500000000000000000, 3.491481338843133355E-14 ) ) ;
#323 = DIRECTION ( 'NONE',  ( 0.000000000000000000, -1.000000000000000000, 0.000000000000000000 ) ) ;
#324 = DIRECTION ( 'NONE',  ( 0.000000000000000000, 1.000000000000000000, 0.000000000000000000 ) ) ;
#325 = DIRECTION ( 'NONE',  ( 0.000000000000000000, 0.000000000000000000, -1.000000000000000000 ) ) ;
#326 = CARTESIAN_POINT ( 'NONE',  ( 3.449999999999999289, 3.500000000000000000, -1.991858428704210926 ) ) ;
#327 = ORIENTED_EDGE ( 'NONE', *, *, #1398, .F. ) ;
#328 = ORIENTED_EDGE ( 'NONE', *, *, #1368, .F. ) ;
#329 = DIRECTION ( 'NONE',  ( -0.8660254037844388186, 0.000000000000000000, 0.4999999999999996669 ) ) ;
#330 = EDGE_CURVE ( 'NONE', #1151, #833, #1511, .T. ) ;
#331 = DIRECTION ( 'NONE',  ( 0.000000000000000000, 0.000000000000000000, -1.000000000000000000 ) ) ;
#332 = CARTESIAN_POINT ( 'NONE',  ( -3.500000000000142109, -7.500000000000000000, -13.55544171172592449 ) ) ;
#333 = DIRECTION ( 'NONE',  ( 0.000000000000000000, 1.000000000000000000, 0.000000000000000000 ) ) ;
#334 = PLANE ( 'NONE',  #988 ) ;
#335 = ORIENTED_EDGE ( 'NONE', *, *, #291, .T. ) ;
#336 = AXIS2_PLACEMENT_3D ( 'NONE', #668, #307, #646 ) ;
#337 = VECTOR ( 'NONE', #1190, 1000.000000000000000 ) ;
#338 = ORIENTED_EDGE ( 'NONE', *, *, #1406, .T. ) ;
#339 = DIRECTION ( 'NONE',  ( 0.000000000000000000, 0.000000000000000000, -1.000000000000000000 ) ) ;
#340 = EDGE_CURVE ( 'NONE', #221, #1380, #643, .T. ) ;
#341 = PLANE ( 'NONE',  #635 ) ;
#342 = EDGE_CURVE ( 'NONE', #522, #1145, #33, .T. ) ;
#343 = CARTESIAN_POINT ( 'NONE',  ( -9.999999999999998224, -2.500000000000000000, 3.099999999999904166 ) ) ;
#344 = DIRECTION ( 'NONE',  ( 8.659560562354957510E-17, -0.7071067811865455743, 0.7071067811865493491 ) ) ;
#345 = EDGE_LOOP ( 'NONE', ( #1075, #967, #1173, #386 ) ) ;
#346 = VERTEX_POINT ( 'NONE', #531 ) ;
#347 = DIRECTION ( 'NONE',  ( 6.938893903907890232E-15, 0.000000000000000000, 1.000000000000000000 ) ) ;
#348 = DIRECTION ( 'NONE',  ( -0.8660254037844387076, 0.000000000000000000, 0.4999999999999998890 ) ) ;
#349 = LINE ( 'NONE', #1528, #936 ) ;
#350 = ADVANCED_FACE ( 'NONE', ( #279 ), #1107, .T. ) ;
#351 = CARTESIAN_POINT ( 'NONE',  ( -6.982962677686266711E-14, 3.500000000000000000, 10.00000000000000000 ) ) ;
#352 = ORIENTED_EDGE ( 'NONE', *, *, #791, .T. ) ;
#353 = CARTESIAN_POINT ( 'NONE',  ( -6.982962677686266711E-14, -1.000000000000006439, 10.00000000000000000 ) ) ;
#354 = PLANE ( 'NONE',  #810 ) ;
#355 = DIRECTION ( 'NONE',  ( 0.000000000000000000, 1.000000000000000000, 0.000000000000000000 ) ) ;
#356 = DATE_AND_TIME ( #1183, #659 ) ;
#357 = EDGE_CURVE ( 'NONE', #1345, #542, #860, .T. ) ;
#358 = VERTEX_POINT ( 'NONE', #39 ) ;
#359 = APPROVAL_PERSON_ORGANIZATION ( #738, #680, #292 ) ;
#360 = FACE_OUTER_BOUND ( 'NONE', #701, .T. ) ;
#361 = CARTESIAN_POINT ( 'NONE',  ( 0.000000000000000000, -1.000000000000000000, -2.125000000000000000 ) ) ;
#362 = AXIS2_PLACEMENT_3D ( 'NONE', #499, #969, #62 ) ;
#363 = AXIS2_PLACEMENT_3D ( 'NONE', #93, #81, #1522 ) ;
#364 = AXIS2_PLACEMENT_3D ( 'NONE', #1169, #1431, #331 ) ;
#365 = DIRECTION ( 'NONE',  ( -0.000000000000000000, -1.000000000000000000, -0.000000000000000000 ) ) ;
#366 = CARTESIAN_POINT ( 'NONE',  ( 13.55544171172593693, -2.500000000000000000, -3.500000000000091038 ) ) ;
#367 = VECTOR ( 'NONE', #1102, 1000.000000000000000 ) ;
#368 = CARTESIAN_POINT ( 'NONE',  ( 13.55544171172598311, -7.500000000000000000, 3.499999999999904965 ) ) ;
#369 = ORIENTED_EDGE ( 'NONE', *, *, #817, .F. ) ;
#370 = ADVANCED_FACE ( 'NONE', ( #1475 ), #993, .F. ) ;
#371 = DIRECTION ( 'NONE',  ( 0.000000000000000000, 0.000000000000000000, -1.000000000000000000 ) ) ;
#372 = ORIENTED_EDGE ( 'NONE', *, *, #756, .T. ) ;
#373 = CARTESIAN_POINT ( 'NONE',  ( 0.000000000000000000, -2.500000000000000000, 2.125000000000000000 ) ) ;
#374 = MECHANICAL_CONTEXT ( 'NONE', #963, 'mechanical' ) ;
#375 = FACE_OUTER_BOUND ( 'NONE', #1053, .T. ) ;
#376 = ORIENTED_EDGE ( 'NONE', *, *, #889, .T. ) ;
#377 = LINE ( 'NONE', #258, #439 ) ;
#378 = EDGE_CURVE ( 'NONE', #106, #203, #175, .T. ) ;
#379 = ORIENTED_EDGE ( 'NONE', *, *, #1089, .F. ) ;
#380 = CARTESIAN_POINT ( 'NONE',  ( -6.982962677686266711E-14, -1.000000000000006439, 8.400000000000000355 ) ) ;
#381 = DIRECTION ( 'NONE',  ( -0.000000000000000000, -1.000000000000000000, -0.000000000000000000 ) ) ;
#382 = ORIENTED_EDGE ( 'NONE', *, *, #330, .F. ) ;
#383 = AXIS2_PLACEMENT_3D ( 'NONE', #1121, #171, #546 ) ;
#384 = DIRECTION ( 'NONE',  ( -1.000000000000000000, 0.000000000000000000, 3.469446951953472588E-15 ) ) ;
#385 = VECTOR ( 'NONE', #1152, 1000.000000000000000 ) ;
#386 = ORIENTED_EDGE ( 'NONE', *, *, #205, .F. ) ;
#387 = LOCAL_TIME ( 23, 14, 4.000000000000000000, #1546 ) ;
#388 = APPROVAL_STATUS ( 'not_yet_approved' ) ;
#389 = EDGE_CURVE ( 'NONE', #1006, #125, #87, .T. ) ;
#390 = AXIS2_PLACEMENT_3D ( 'NONE', #938, #1188, #1424 ) ;
#391 = DIRECTION ( 'NONE',  ( 0.000000000000000000, 0.000000000000000000, 1.000000000000000000 ) ) ;
#392 = VECTOR ( 'NONE', #979, 1000.000000000000000 ) ;
#393 = DIRECTION ( 'NONE',  ( 0.000000000000000000, 0.000000000000000000, -1.000000000000000000 ) ) ;
#394 = ORIENTED_EDGE ( 'NONE', *, *, #178, .F. ) ;
#395 = LINE ( 'NONE', #47, #109 ) ;
#396 = CIRCLE ( 'NONE', #600, 10.00000000000000000 ) ;
#397 = ORIENTED_EDGE ( 'NONE', *, *, #1023, .T. ) ;
#398 = LINE ( 'NONE', #639, #257 ) ;
#399 = EDGE_CURVE ( 'NONE', #862, #790, #557, .T. ) ;
#400 = CARTESIAN_POINT ( 'NONE',  ( 10.00000000000000000, 3.500000000000000000, 1.600000000000035394 ) ) ;
#401 = ORIENTED_EDGE ( 'NONE', *, *, #537, .T. ) ;
#402 = DIRECTION ( 'NONE',  ( 0.000000000000000000, 0.000000000000000000, -1.000000000000000000 ) ) ;
#403 = VERTEX_POINT ( 'NONE', #425 ) ;
#404 = CARTESIAN_POINT ( 'NONE',  ( -1.147230668324941456E-14, -2.500000000000000000, -3.500000000000047073 ) ) ;
#405 = LINE ( 'NONE', #885, #962 ) ;
#406 = EDGE_CURVE ( 'NONE', #1124, #1151, #1270, .T. ) ;
#407 = VERTEX_POINT ( 'NONE', #1382 ) ;
#408 = ORIENTED_EDGE ( 'NONE', *, *, #342, .F. ) ;
#409 = CARTESIAN_POINT ( 'NONE',  ( -9.896555179443873173E-18, 3.500000000000000000, -3.983716857408419632 ) ) ;
#410 = EDGE_LOOP ( 'NONE', ( #895, #1150, #415, #670 ) ) ;
#411 = COORDINATED_UNIVERSAL_TIME_OFFSET ( 5, 0, .BEHIND. ) ;
#412 = VECTOR ( 'NONE', #924, 1000.000000000000000 ) ;
#413 = DIRECTION ( 'NONE',  ( 0.000000000000000000, -0.000000000000000000, -1.000000000000000000 ) ) ;
#414 = DIRECTION ( 'NONE',  ( 0.000000000000000000, 0.000000000000000000, 1.000000000000000000 ) ) ;
#415 = ORIENTED_EDGE ( 'NONE', *, *, #406, .T. ) ;
#416 = VECTOR ( 'NONE', #365, 1000.000000000000000 ) ;
#417 = ORIENTED_EDGE ( 'NONE', *, *, #506, .T. ) ;
#418 = CARTESIAN_POINT ( 'NONE',  ( -13.50000000000000178, -7.500000000000000000, 3.500000000000000444 ) ) ;
#419 = EDGE_CURVE ( 'NONE', #542, #221, #905, .T. ) ;
#420 = VERTEX_POINT ( 'NONE', #197 ) ;
#421 = CARTESIAN_POINT ( 'NONE',  ( 2.602374448188125350E-16, -1.000000000000000000, -2.125000000000000000 ) ) ;
#422 = DIRECTION ( 'NONE',  ( -0.000000000000000000, 1.000000000000000000, -0.000000000000000000 ) ) ;
#423 = ORIENTED_EDGE ( 'NONE', *, *, #60, .T. ) ;
#424 = VERTEX_POINT ( 'NONE', #679 ) ;
#425 = CARTESIAN_POINT ( 'NONE',  ( -3.499999999999964029, -2.500000000000000000, 13.49999999999994138 ) ) ;
#426 = CC_DESIGN_PERSON_AND_ORGANIZATION_ASSIGNMENT ( #1298, #948, ( #69 ) ) ;
#427 = CARTESIAN_POINT ( 'NONE',  ( 3.449999999999999289, 3.500000000000000000, -1.991858428704210926 ) ) ;
#428 = CARTESIAN_POINT ( 'NONE',  ( 0.000000000000000000, -7.500000000000000000, 0.000000000000000000 ) ) ;
#429 = FACE_BOUND ( 'NONE', #877, .T. ) ;
#430 = ORIENTED_EDGE ( 'NONE', *, *, #92, .F. ) ;
#431 = ORIENTED_EDGE ( 'NONE', *, *, #1187, .T. ) ;
#432 = CARTESIAN_POINT ( 'NONE',  ( -9.896555179443873173E-18, 0.000000000000000000, -3.983716857408419632 ) ) ;
#433 = DIRECTION ( 'NONE',  ( 0.000000000000000000, 0.000000000000000000, -1.000000000000000000 ) ) ;
#434 = AXIS2_PLACEMENT_3D ( 'NONE', #322, #86, #32 ) ;
#435 = CARTESIAN_POINT ( 'NONE',  ( -3.500000000000047073, -7.500000000000000000, 2.460507880749574496E-14 ) ) ;
#436 = AXIS2_PLACEMENT_3D ( 'NONE', #1377, #774, #1252 ) ;
#437 = ADVANCED_FACE ( 'NONE', ( #665 ), #1491, .T. ) ;
#438 = CARTESIAN_POINT ( 'NONE',  ( -9.999999999999998224, 3.500000000000000000, -1.047444401652940007E-13 ) ) ;
#439 = VECTOR ( 'NONE', #620, 1000.000000000000000 ) ;
#440 = EDGE_LOOP ( 'NONE', ( #693, #1503, #164, #142 ) ) ;
#441 = AXIS2_PLACEMENT_3D ( 'NONE', #1163, #946, #1419 ) ;
#442 = EDGE_LOOP ( 'NONE', ( #295, #1293, #1375, #517 ) ) ;
#443 = DIRECTION ( 'NONE',  ( -0.4999999999999996669, 0.000000000000000000, -0.8660254037844388186 ) ) ;
#444 = VECTOR ( 'NONE', #194, 1000.000000000000000 ) ;
#445 = DIRECTION ( 'NONE',  ( 0.000000000000000000, 0.000000000000000000, -1.000000000000000000 ) ) ;
#446 = CARTESIAN_POINT ( 'NONE',  ( 0.000000000000000000, 3.500000000000000000, 0.000000000000000000 ) ) ;
#447 = FACE_OUTER_BOUND ( 'NONE', #694, .T. ) ;
#448 = CARTESIAN_POINT ( 'NONE',  ( -1.147230668324941456E-14, -7.500000000000000000, -3.500000000000047073 ) ) ;
#449 = ORIENTED_EDGE ( 'NONE', *, *, #78, .F. ) ;
#450 = EDGE_CURVE ( 'NONE', #567, #1086, #70, .T. ) ;
#451 = ORIENTED_EDGE ( 'NONE', *, *, #330, .T. ) ;
#452 = CARTESIAN_POINT ( 'NONE',  ( -1.226238514789767439E-15, 3.500000000000000000, 3.983716857408417855 ) ) ;
#453 = DIRECTION ( 'NONE',  ( -1.088633767200839429E-16, 0.000000000000000000, 1.000000000000000000 ) ) ;
#454 = DIRECTION ( 'NONE',  ( -1.000000000000000000, 0.000000000000000000, 2.177267534401678859E-16 ) ) ;
#455 = CARTESIAN_POINT ( 'NONE',  ( 0.000000000000000000, 3.500000000000000000, 0.000000000000000000 ) ) ;
#456 = DIRECTION ( 'NONE',  ( -2.177267534401678859E-16, 0.000000000000000000, -1.000000000000000000 ) ) ;
#457 = EDGE_LOOP ( 'NONE', ( #1530, #1474, #728, #423 ) ) ;
#458 = ORIENTED_EDGE ( 'NONE', *, *, #232, .F. ) ;
#459 = EDGE_CURVE ( 'NONE', #833, #1151, #563, .T. ) ;
#460 = CARTESIAN_POINT ( 'NONE',  ( 1.252896650933793229E-14, -7.500000000000000000, 3.499999999999952482 ) ) ;
#461 = CYLINDRICAL_SURFACE ( 'NONE', #210, 1.600000000000000533 ) ;
#462 = CARTESIAN_POINT ( 'NONE',  ( -3.500000000000142109, -2.500000000000000000, -13.50000000000009592 ) ) ;
#463 =( NAMED_UNIT ( * ) SI_UNIT ( $, .STERADIAN. ) SOLID_ANGLE_UNIT ( ) );
#464 = ORIENTED_EDGE ( 'NONE', *, *, #619, .T. ) ;
#465 = CIRCLE ( 'NONE', #436, 3.100000000000008971 ) ;
#466 = EDGE_LOOP ( 'NONE', ( #797, #1244, #894, #490 ) ) ;
#467 = VECTOR ( 'NONE', #1329, 1000.000000000000000 ) ;
#468 = DIRECTION ( 'NONE',  ( -0.8660254037844385966, 0.000000000000000000, -0.5000000000000000000 ) ) ;
#469 = LINE ( 'NONE', #491, #1009 ) ;
#470 = EDGE_CURVE ( 'NONE', #629, #6, #888, .T. ) ;
#471 = CIRCLE ( 'NONE', #910, 14.00000000000000000 ) ;
#472 = LINE ( 'NONE', #941, #492 ) ;
#473 = DIRECTION ( 'NONE',  ( 0.000000000000000000, 0.000000000000000000, -1.000000000000000000 ) ) ;
#474 = VERTEX_POINT ( 'NONE', #432 ) ;
#475 = VERTEX_POINT ( 'NONE', #418 ) ;
#476 = LINE ( 'NONE', #836, #89 ) ;
#477 = CARTESIAN_POINT ( 'NONE',  ( 10.00000000000000000, -0.9999999999999995559, 3.491481338843133355E-14 ) ) ;
#478 = EDGE_CURVE ( 'NONE', #296, #656, #902, .T. ) ;
#479 = FACE_OUTER_BOUND ( 'NONE', #1275, .T. ) ;
#480 = VECTOR ( 'NONE', #527, 1000.000000000000000 ) ;
#481 = CARTESIAN_POINT ( 'NONE',  ( -6.982962677686266711E-14, -2.500000000000000000, 10.00000000000000000 ) ) ;
#482 = ORIENTED_EDGE ( 'NONE', *, *, #711, .F. ) ;
#483 = VECTOR ( 'NONE', #1025, 1000.000000000000000 ) ;
#484 = LINE ( 'NONE', #1177, #712 ) ;
#485 = LINE ( 'NONE', #361, #337 ) ;
#486 = DIRECTION ( 'NONE',  ( -0.8660254037844385966, 0.000000000000000000, -0.4999999999999999445 ) ) ;
#487 = CARTESIAN_POINT ( 'NONE',  ( 10.00000000000000000, -2.500000000000000000, -3.099999999999973888 ) ) ;
#488 = LINE ( 'NONE', #1113, #40 ) ;
#489 = ADVANCED_FACE ( 'NONE', ( #793 ), #1259, .F. ) ;
#490 = ORIENTED_EDGE ( 'NONE', *, *, #140, .F. ) ;
#491 = CARTESIAN_POINT ( 'NONE',  ( -3.500000000000047073, -7.500000000000000000, 2.460507880749574496E-14 ) ) ;
#492 = VECTOR ( 'NONE', #1033, 1000.000000000000000 ) ;
#493 = DIRECTION ( 'NONE',  ( 0.000000000000000000, -1.000000000000000000, 0.000000000000000000 ) ) ;
#494 = DIRECTION ( 'NONE',  ( 0.000000000000000000, 1.000000000000000000, 0.000000000000000000 ) ) ;
#495 = CONICAL_SURFACE ( 'NONE', #1538, 1.600000000000000533, 0.7853981633974510546 ) ;
#496 = CARTESIAN_POINT ( 'NONE',  ( -3.450000000000000622, 3.500000000000000000, 1.991858428704208928 ) ) ;
#497 = EDGE_CURVE ( 'NONE', #1160, #981, #914, .T. ) ;
#498 = ORIENTED_EDGE ( 'NONE', *, *, #940, .F. ) ;
#499 = CARTESIAN_POINT ( 'NONE',  ( 0.000000000000000000, -7.500000000000000000, 0.000000000000000000 ) ) ;
#500 = VECTOR ( 'NONE', #1101, 1000.000000000000000 ) ;
#501 = ORIENTED_EDGE ( 'NONE', *, *, #1248, .F. ) ;
#502 = PLANE ( 'NONE',  #13 ) ;
#503 = APPROVAL_DATE_TIME ( #158, #680 ) ;
#504 = DIRECTION ( 'NONE',  ( -0.000000000000000000, -1.000000000000000000, -0.000000000000000000 ) ) ;
#505 = EDGE_LOOP ( 'NONE', ( #1327, #498, #686, #1488 ) ) ;
#506 = EDGE_CURVE ( 'NONE', #1539, #1324, #1130, .T. ) ;
#507 = DIRECTION ( 'NONE',  ( -3.469446951953472588E-15, 0.000000000000000000, -1.000000000000000000 ) ) ;
#508 = EDGE_CURVE ( 'NONE', #1159, #871, #630, .T. ) ;
#509 = ORIENTED_EDGE ( 'NONE', *, *, #776, .F. ) ;
#510 = FACE_OUTER_BOUND ( 'NONE', #151, .T. ) ;
#511 = CARTESIAN_POINT ( 'NONE',  ( -3.499999999999964029, -7.500000000000000000, 13.49999999999994138 ) ) ;
#512 = EDGE_LOOP ( 'NONE', ( #190, #290, #1397, #994 ) ) ;
#513 = CARTESIAN_POINT ( 'NONE',  ( 1.214306433183699017E-14, -7.500000000000000000, 3.499999999999953371 ) ) ;
#514 = CIRCLE ( 'NONE', #1388, 1.600000000000000755 ) ;
#515 = VECTOR ( 'NONE', #16, 999.9999999999998863 ) ;
#516 = EDGE_CURVE ( 'NONE', #644, #1124, #704, .T. ) ;
#517 = ORIENTED_EDGE ( 'NONE', *, *, #78, .T. ) ;
#518 = AXIS2_PLACEMENT_3D ( 'NONE', #351, #10, #254 ) ;
#519 = LINE ( 'NONE', #1330, #1004 ) ;
#520 = CIRCLE ( 'NONE', #762, 1.600000000000000533 ) ;
#521 = CARTESIAN_POINT ( 'NONE',  ( 0.000000000000000000, -1.000000000000000000, 0.000000000000000000 ) ) ;
#522 = VERTEX_POINT ( 'NONE', #624 ) ;
#523 = FACE_OUTER_BOUND ( 'NONE', #886, .T. ) ;
#524 = VERTEX_POINT ( 'NONE', #724 ) ;
#525 = EDGE_CURVE ( 'NONE', #6, #75, #519, .T. ) ;
#526 = CALENDAR_DATE ( 2026, 24, 8 ) ;
#527 = DIRECTION ( 'NONE',  ( -6.071532165917976805E-15, 0.000000000000000000, -1.000000000000000000 ) ) ;
#528 = EDGE_CURVE ( 'NONE', #949, #1282, #275, .T. ) ;
#529 = DIRECTION ( 'NONE',  ( 0.000000000000000000, 0.000000000000000000, -1.000000000000000000 ) ) ;
#530 = ORIENTED_EDGE ( 'NONE', *, *, #776, .T. ) ;
#531 = CARTESIAN_POINT ( 'NONE',  ( -3.499999999999960032, -7.500000000000000000, 13.55544171172597068 ) ) ;
#532 = EDGE_LOOP ( 'NONE', ( #136, #601, #169, #1350 ) ) ;
#533 = PERSON_AND_ORGANIZATION ( #983, #1464 ) ;
#534 = CARTESIAN_POINT ( 'NONE',  ( -13.50000000000014211, -2.500000000000000444, -13.50000000000002487 ) ) ;
#535 = CARTESIAN_POINT ( 'NONE',  ( 0.000000000000000000, -1.000000000000000000, 0.000000000000000000 ) ) ;
#536 = EDGE_LOOP ( 'NONE', ( #186, #576, #144, #1267 ) ) ;
#537 = EDGE_CURVE ( 'NONE', #1140, #1097, #398, .T. ) ;
#538 = ORIENTED_EDGE ( 'NONE', *, *, #357, .T. ) ;
#539 = ORIENTED_EDGE ( 'NONE', *, *, #1376, .F. ) ;
#540 = VECTOR ( 'NONE', #931, 1000.000000000000000 ) ;
#541 = CARTESIAN_POINT ( 'NONE',  ( 13.50000000000004796, -7.500000000000000000, 13.49999999999990585 ) ) ;
#542 = VERTEX_POINT ( 'NONE', #1095 ) ;
#543 = CIRCLE ( 'NONE', #141, 3.624999999999999556 ) ;
#544 = ADVANCED_FACE ( 'NONE', ( #510 ), #12, .T. ) ;
#545 = FACE_OUTER_BOUND ( 'NONE', #1466, .T. ) ;
#546 = DIRECTION ( 'NONE',  ( 0.000000000000000000, -0.000000000000000000, -1.000000000000000000 ) ) ;
#547 = DIRECTION ( 'NONE',  ( 1.000000000000000000, -0.000000000000000000, 1.088633767200839429E-16 ) ) ;
#548 = ORIENTED_EDGE ( 'NONE', *, *, #406, .F. ) ;
#549 = ORIENTED_EDGE ( 'NONE', *, *, #851, .F. ) ;
#550 = DIRECTION ( 'NONE',  ( -0.000000000000000000, -1.000000000000000000, -0.000000000000000000 ) ) ;
#551 = CARTESIAN_POINT ( 'NONE',  ( 3.499999999999859668, -2.500000000000000000, -13.50000000000002309 ) ) ;
#552 = ADVANCED_FACE ( 'NONE', ( #375 ), #1462, .T. ) ;
#553 = CARTESIAN_POINT ( 'NONE',  ( 0.000000000000000000, 3.500000000000000000, -11.60000000000000142 ) ) ;
#554 = DIRECTION ( 'NONE',  ( 0.000000000000000000, 0.000000000000000000, 1.000000000000000000 ) ) ;
#555 = VERTEX_POINT ( 'NONE', #751 ) ;
#556 = ORIENTED_EDGE ( 'NONE', *, *, #528, .T. ) ;
#557 = LINE ( 'NONE', #780, #1182 ) ;
#558 = ADVANCED_BREP_SHAPE_REPRESENTATION ( 'Motor Connector', ( #301, #114 ), #934 ) ;
#559 = CARTESIAN_POINT ( 'NONE',  ( 0.000000000000000000, 3.500000000000000000, -10.00000000000000000 ) ) ;
#560 = EDGE_CURVE ( 'NONE', #233, #296, #262, .T. ) ;
#561 = CARTESIAN_POINT ( 'NONE',  ( -3.500000000000142109, -7.500000000000000000, -13.50000000000009592 ) ) ;
#562 = LINE ( 'NONE', #1265, #565 ) ;
#563 = CIRCLE ( 'NONE', #1441, 3.100000000000008971 ) ;
#564 = ORIENTED_EDGE ( 'NONE', *, *, #872, .F. ) ;
#565 = VECTOR ( 'NONE', #456, 1000.000000000000000 ) ;
#566 = AXIS2_PLACEMENT_3D ( 'NONE', #964, #1203, #971 ) ;
#567 = VERTEX_POINT ( 'NONE', #130 ) ;
#568 = CONICAL_SURFACE ( 'NONE', #166, 2.125000000000000000, 0.7853981633974481680 ) ;
#569 = CYLINDRICAL_SURFACE ( 'NONE', #390, 2.125000000000000000 ) ;
#570 = FACE_OUTER_BOUND ( 'NONE', #220, .T. ) ;
#571 = DIRECTION ( 'NONE',  ( 0.000000000000000000, 0.000000000000000000, -1.000000000000000000 ) ) ;
#572 = EDGE_CURVE ( 'NONE', #303, #106, #488, .T. ) ;
#573 = LINE ( 'NONE', #318, #592 ) ;
#574 = ORIENTED_EDGE ( 'NONE', *, *, #767, .T. ) ;
#575 = ADVANCED_FACE ( 'NONE', ( #617 ), #666, .F. ) ;
#576 = ORIENTED_EDGE ( 'NONE', *, *, #308, .F. ) ;
#577 = DIRECTION ( 'NONE',  ( 1.000000000000000000, 0.000000000000000000, -6.071532165917976805E-15 ) ) ;
#578 = CARTESIAN_POINT ( 'NONE',  ( 0.000000000000000000, -7.500000000000000000, 0.000000000000000000 ) ) ;
#579 = DIRECTION ( 'NONE',  ( -0.000000000000000000, 1.000000000000000000, -0.000000000000000000 ) ) ;
#580 = DIRECTION ( 'NONE',  ( 1.162264728904460753E-14, 0.000000000000000000, -1.000000000000000000 ) ) ;
#581 = ORIENTED_EDGE ( 'NONE', *, *, #272, .F. ) ;
#582 = EDGE_CURVE ( 'NONE', #256, #567, #20, .T. ) ;
#583 = ORIENTED_EDGE ( 'NONE', *, *, #497, .T. ) ;
#584 = CARTESIAN_POINT ( 'NONE',  ( 10.00000000000000000, 3.500000000000000000, -1.599999999999965672 ) ) ;
#585 = CARTESIAN_POINT ( 'NONE',  ( 3.500000000000048850, -2.500000000000000000, 13.49999999999997691 ) ) ;
#586 = PLANE ( 'NONE',  #441 ) ;
#587 = APPROVAL_STATUS ( 'not_yet_approved' ) ;
#588 = EDGE_LOOP ( 'NONE', ( #642, #1362 ) ) ;
#589 = AXIS2_PLACEMENT_3D ( 'NONE', #1056, #1533, #939 ) ;
#590 = AXIS2_PLACEMENT_3D ( 'NONE', #672, #1146, #1029 ) ;
#591 = EDGE_LOOP ( 'NONE', ( #663, #1497, #154, #1405 ) ) ;
#592 = VECTOR ( 'NONE', #1379, 1000.000000000000114 ) ;
#593 = ADVANCED_FACE ( 'NONE', ( #854 ), #973, .T. ) ;
#594 = AXIS2_PLACEMENT_3D ( 'NONE', #705, #1181, #1513 ) ;
#595 = CARTESIAN_POINT ( 'NONE',  ( 10.00000000000000000, -0.9999999999999995559, -1.599999999999965672 ) ) ;
#596 = DIRECTION ( 'NONE',  ( 0.000000000000000000, 0.000000000000000000, -1.000000000000000000 ) ) ;
#597 = VECTOR ( 'NONE', #1250, 1000.000000000000000 ) ;
#598 = CARTESIAN_POINT ( 'NONE',  ( -3.035766082959742159E-15, -2.500000000000000000, -3.500000000000036859 ) ) ;
#599 = APPROVAL_DATE_TIME ( #356, #1285 ) ;
#600 = AXIS2_PLACEMENT_3D ( 'NONE', #534, #875, #675 ) ;
#601 = ORIENTED_EDGE ( 'NONE', *, *, #1458, .T. ) ;
#602 = CARTESIAN_POINT ( 'NONE',  ( -9.999999999999998224, 3.500000000000000000, -1.600000000000105338 ) ) ;
#603 = CARTESIAN_POINT ( 'NONE',  ( -3.499999999999960032, -2.500000000000000000, 13.55544171172597068 ) ) ;
#604 = EDGE_CURVE ( 'NONE', #1407, #1060, #1443, .T. ) ;
#605 = CARTESIAN_POINT ( 'NONE',  ( -6.982962677686266711E-14, -1.000000000000006439, 10.00000000000000000 ) ) ;
#606 = ORIENTED_EDGE ( 'NONE', *, *, #740, .F. ) ;
#607 = DIRECTION ( 'NONE',  ( 1.000000000000000000, 0.000000000000000000, -3.277801909499789005E-15 ) ) ;
#608 = DIRECTION ( 'NONE',  ( 0.000000000000000000, 1.000000000000000000, -0.000000000000000000 ) ) ;
#609 = EDGE_CURVE ( 'NONE', #358, #1097, #268, .T. ) ;
#610 = CARTESIAN_POINT ( 'NONE',  ( 0.000000000000000000, -7.500000000000000000, 0.000000000000000000 ) ) ;
#611 = VERTEX_POINT ( 'NONE', #1323 ) ;
#612 = AXIS2_PLACEMENT_3D ( 'NONE', #183, #454, #79 ) ;
#613 = CARTESIAN_POINT ( 'NONE',  ( 2.602374448188125350E-16, -2.500000000000000000, -2.125000000000000000 ) ) ;
#614 = ORIENTED_EDGE ( 'NONE', *, *, #378, .F. ) ;
#615 = AXIS2_PLACEMENT_3D ( 'NONE', #98, #1171, #217 ) ;
#616 = CARTESIAN_POINT ( 'NONE',  ( 3.449999999999999289, 0.000000000000000000, -1.991858428704210926 ) ) ;
#617 = FACE_OUTER_BOUND ( 'NONE', #814, .T. ) ;
#618 = ORIENTED_EDGE ( 'NONE', *, *, #1499, .F. ) ;
#619 = EDGE_CURVE ( 'NONE', #949, #524, #1341, .T. ) ;
#620 = DIRECTION ( 'NONE',  ( -7.030022516427261714E-15, 0.000000000000000000, -1.000000000000000000 ) ) ;
#621 = ORIENTED_EDGE ( 'NONE', *, *, #419, .T. ) ;
#622 = LINE ( 'NONE', #952, #189 ) ;
#623 = SECURITY_CLASSIFICATION_LEVEL ( 'unclassified' ) ;
#624 = CARTESIAN_POINT ( 'NONE',  ( -9.999999999999998224, 3.500000000000000000, 1.599999999999895728 ) ) ;
#625 = DIRECTION ( 'NONE',  ( 0.000000000000000000, 1.000000000000000000, 0.000000000000000000 ) ) ;
#626 = ORIENTED_EDGE ( 'NONE', *, *, #71, .F. ) ;
#627 = EDGE_CURVE ( 'NONE', #1407, #1345, #1199, .T. ) ;
#628 = DIRECTION ( 'NONE',  ( -1.000000000000000000, 0.000000000000000000, 3.579704716953743512E-15 ) ) ;
#629 = VERTEX_POINT ( 'NONE', #848 ) ;
#630 = LINE ( 'NONE', #978, #1077 ) ;
#631 = CARTESIAN_POINT ( 'NONE',  ( -13.49999999999996447, -7.500000000000000000, 13.50000000000000178 ) ) ;
#632 = ORIENTED_EDGE ( 'NONE', *, *, #60, .F. ) ;
#633 = DIRECTION ( 'NONE',  ( 0.000000000000000000, 1.000000000000000000, 0.000000000000000000 ) ) ;
#634 = ADVANCED_FACE ( 'NONE', ( #146, #293 ), #200, .F. ) ;
#635 = AXIS2_PLACEMENT_3D ( 'NONE', #1195, #816, #1170 ) ;
#636 = ORIENTED_EDGE ( 'NONE', *, *, #246, .F. ) ;
#637 = AXIS2_PLACEMENT_3D ( 'NONE', #830, #953, #1074 ) ;
#638 = VECTOR ( 'NONE', #1303, 1000.000000000000000 ) ;
#639 = CARTESIAN_POINT ( 'NONE',  ( 10.00000000000000000, 3.500000000000000000, -1.599999999999965672 ) ) ;
#640 = CIRCLE ( 'NONE', #1263, 1.600000000000000533 ) ;
#641 = CARTESIAN_POINT ( 'NONE',  ( 10.00000000000000000, 3.500000000000000000, 3.491481338843133355E-14 ) ) ;
#642 = ORIENTED_EDGE ( 'NONE', *, *, #863, .T. ) ;
#643 = LINE ( 'NONE', #867, #1391 ) ;
#644 = VERTEX_POINT ( 'NONE', #1506 ) ;
#645 = ADVANCED_FACE ( 'NONE', ( #1241 ), #1477, .T. ) ;
#646 = DIRECTION ( 'NONE',  ( 0.000000000000000000, 0.000000000000000000, -1.000000000000000000 ) ) ;
#647 = LINE ( 'NONE', #865, #1038 ) ;
#648 = VERTEX_POINT ( 'NONE', #1013 ) ;
#649 = ORIENTED_EDGE ( 'NONE', *, *, #178, .T. ) ;
#650 = CARTESIAN_POINT ( 'NONE',  ( -6.963368328899909339E-14, -1.000000000000006439, 11.60000000000000142 ) ) ;
#651 = ORIENTED_EDGE ( 'NONE', *, *, #1458, .F. ) ;
#652 = FACE_OUTER_BOUND ( 'NONE', #1318, .T. ) ;
#653 = ADVANCED_FACE ( 'NONE', ( #66 ), #1363, .T. ) ;
#654 = DIRECTION ( 'NONE',  ( 0.000000000000000000, 1.000000000000000000, 0.000000000000000000 ) ) ;
#655 = EDGE_LOOP ( 'NONE', ( #1115, #1300, #107, #1083, #725, #1015 ) ) ;
#656 = VERTEX_POINT ( 'NONE', #184 ) ;
#657 = CARTESIAN_POINT ( 'NONE',  ( -6.963368328899909339E-14, -1.000000000000006439, 11.60000000000000142 ) ) ;
#658 = CIRCLE ( 'NONE', #311, 2.125000000000000000 ) ;
#659 = LOCAL_TIME ( 23, 14, 4.000000000000000000, #706 ) ;
#660 = DIRECTION ( 'NONE',  ( 0.000000000000000000, -1.000000000000000000, 0.000000000000000000 ) ) ;
#661 = FACE_BOUND ( 'NONE', #913, .T. ) ;
#662 = VECTOR ( 'NONE', #120, 1000.000000000000114 ) ;
#663 = ORIENTED_EDGE ( 'NONE', *, *, #291, .F. ) ;
#664 = ADVANCED_FACE ( 'NONE', ( #49, #770, #787, #884, #1138, #907 ), #1395, .T. ) ;
#665 = FACE_OUTER_BOUND ( 'NONE', #512, .T. ) ;
#666 = CONICAL_SURFACE ( 'NONE', #1266, 1.600000000000000755, 0.7853981633974510546 ) ;
#667 = DIRECTION ( 'NONE',  ( -0.000000000000000000, -1.000000000000000000, -0.000000000000000000 ) ) ;
#668 = CARTESIAN_POINT ( 'NONE',  ( 10.00000000000000000, -0.9999999999999995559, 3.491481338843133355E-14 ) ) ;
#669 = LINE ( 'NONE', #1386, #906 ) ;
#670 = ORIENTED_EDGE ( 'NONE', *, *, #459, .F. ) ;
#671 = ORIENTED_EDGE ( 'NONE', *, *, #1066, .F. ) ;
#672 = CARTESIAN_POINT ( 'NONE',  ( 0.000000000000000000, -1.000000000000000000, 0.000000000000000000 ) ) ;
#673 = EDGE_CURVE ( 'NONE', #522, #644, #1018, .T. ) ;
#674 = PLANE ( 'NONE',  #612 ) ;
#675 = DIRECTION ( 'NONE',  ( 0.000000000000000000, 0.000000000000000000, -1.000000000000000000 ) ) ;
#676 = CYLINDRICAL_SURFACE ( 'NONE', #363, 1.600000000000000755 ) ;
#677 = EDGE_LOOP ( 'NONE', ( #417, #1370 ) ) ;
#678 = VERTEX_POINT ( 'NONE', #1494 ) ;
#679 = CARTESIAN_POINT ( 'NONE',  ( 13.49999999999989164, -2.500000000000000000, -3.500000000000091038 ) ) ;
#680 = APPROVAL ( #388, 'UNSPECIFIED' ) ;
#681 = CARTESIAN_POINT ( 'NONE',  ( 0.000000000000000000, 3.500000000000000000, -10.00000000000000000 ) ) ;
#682 = ADVANCED_FACE ( 'NONE', ( #652 ), #134, .F. ) ;
#683 = CARTESIAN_POINT ( 'NONE',  ( 0.000000000000000000, -2.500000000000000000, 0.000000000000000000 ) ) ;
#684 = LINE ( 'NONE', #1139, #1317 ) ;
#685 = CARTESIAN_POINT ( 'NONE',  ( -9.999999999999998224, -0.9999999999999995559, -1.047444401652940007E-13 ) ) ;
#686 = ORIENTED_EDGE ( 'NONE', *, *, #560, .T. ) ;
#687 = ORIENTED_EDGE ( 'NONE', *, *, #889, .F. ) ;
#688 = CARTESIAN_POINT ( 'NONE',  ( -3.450000000000000178, 0.000000000000000000, -1.991858428704210926 ) ) ;
#689 = DIRECTION ( 'NONE',  ( -0.000000000000000000, 1.000000000000000000, -0.000000000000000000 ) ) ;
#690 = LINE ( 'NONE', #1545, #638 ) ;
#691 = ADVANCED_FACE ( 'NONE', ( #899 ), #1128, .T. ) ;
#692 = CARTESIAN_POINT ( 'NONE',  ( 0.000000000000000000, -2.500000000000000000, 0.000000000000000000 ) ) ;
#693 = ORIENTED_EDGE ( 'NONE', *, *, #1277, .T. ) ;
#694 = EDGE_LOOP ( 'NONE', ( #376, #958 ) ) ;
#695 = LINE ( 'NONE', #713, #1158 ) ;
#696 = FACE_OUTER_BOUND ( 'NONE', #1423, .T. ) ;
#697 = DIRECTION ( 'NONE',  ( 0.000000000000000000, 0.000000000000000000, -1.000000000000000000 ) ) ;
#698 = APPLICATION_PROTOCOL_DEFINITION ( 'international standard', 'config_control_design', 1994, #218 ) ;
#699 = VERTEX_POINT ( 'NONE', #421 ) ;
#700 = EDGE_CURVE ( 'NONE', #209, #732, #83, .T. ) ;
#701 = EDGE_LOOP ( 'NONE', ( #321, #1210, #1547, #1104 ) ) ;
#702 = CARTESIAN_POINT ( 'NONE',  ( -13.50000000000000178, -7.500000000000000000, 3.500000000000000444 ) ) ;
#703 = CARTESIAN_POINT ( 'NONE',  ( -9.896555179443873173E-18, 0.000000000000000000, -3.983716857408419632 ) ) ;
#704 = CIRCLE ( 'NONE', #132, 1.600000000000000533 ) ;
#705 = CARTESIAN_POINT ( 'NONE',  ( 0.000000000000000000, 3.500000000000000000, -10.00000000000000000 ) ) ;
#706 = COORDINATED_UNIVERSAL_TIME_OFFSET ( 5, 0, .BEHIND. ) ;
#707 = CC_DESIGN_SECURITY_CLASSIFICATION ( #1340, ( #786 ) ) ;
#708 = AXIS2_PLACEMENT_3D ( 'NONE', #766, #1469, #402 ) ;
#709 = ORIENTED_EDGE ( 'NONE', *, *, #1196, .F. ) ;
#710 = AXIS2_PLACEMENT_3D ( 'NONE', #933, #494, #1192 ) ;
#711 = EDGE_CURVE ( 'NONE', #1258, #862, #396, .T. ) ;
#712 = VECTOR ( 'NONE', #347, 1000.000000000000000 ) ;
#713 = CARTESIAN_POINT ( 'NONE',  ( 3.499999999999953371, -2.500000000000000000, -2.475603021122175940E-14 ) ) ;
#714 = DIRECTION ( 'NONE',  ( -7.030022516427261714E-15, 0.000000000000000000, -1.000000000000000000 ) ) ;
#715 = VECTOR ( 'NONE', #1501, 1000.000000000000000 ) ;
#716 = CARTESIAN_POINT ( 'NONE',  ( 0.000000000000000000, -2.500000000000000000, 0.000000000000000000 ) ) ;
#717 = PERSON_AND_ORGANIZATION_ROLE ( 'creator' ) ;
#718 = ORIENTED_EDGE ( 'NONE', *, *, #1174, .F. ) ;
#719 = DIRECTION ( 'NONE',  ( 0.000000000000000000, 0.000000000000000000, -1.000000000000000000 ) ) ;
#720 = DIRECTION ( 'NONE',  ( 0.000000000000000000, -1.000000000000000000, 0.000000000000000000 ) ) ;
#721 = ADVANCED_FACE ( 'NONE', ( #892 ), #1002, .T. ) ;
#722 = DIRECTION ( 'NONE',  ( 8.673617379884885470E-16, 0.000000000000000000, 1.000000000000000000 ) ) ;
#723 = DIRECTION ( 'NONE',  ( 0.000000000000000000, 0.000000000000000000, 1.000000000000000000 ) ) ;
#724 = CARTESIAN_POINT ( 'NONE',  ( 3.499999999999859668, -7.500000000000000000, -13.50000000000002309 ) ) ;
#725 = ORIENTED_EDGE ( 'NONE', *, *, #560, .F. ) ;
#726 = CARTESIAN_POINT ( 'NONE',  ( 0.000000000000000000, -0.9999999999999995559, -11.60000000000000142 ) ) ;
#727 = CC_DESIGN_DATE_AND_TIME_ASSIGNMENT ( #42, #882, ( #1340 ) ) ;
#728 = ORIENTED_EDGE ( 'NONE', *, *, #1132, .T. ) ;
#729 = CARTESIAN_POINT ( 'NONE',  ( -13.49999999999996447, -7.500000000000000000, 13.50000000000000178 ) ) ;
#730 = EDGE_CURVE ( 'NONE', #228, #403, #300, .T. ) ;
#731 = CARTESIAN_POINT ( 'NONE',  ( 0.000000000000000000, -0.9999999999999995559, -10.00000000000000000 ) ) ;
#732 = VERTEX_POINT ( 'NONE', #1485 ) ;
#733 = CIRCLE ( 'NONE', #1338, 3.099999999999995204 ) ;
#734 = DIRECTION ( 'NONE',  ( 0.000000000000000000, -1.000000000000000000, 0.000000000000000000 ) ) ;
#735 = ORIENTED_EDGE ( 'NONE', *, *, #497, .F. ) ;
#736 = AXIS2_PLACEMENT_3D ( 'NONE', #821, #930, #96 ) ;
#737 = DIRECTION ( 'NONE',  ( 0.000000000000000000, 0.000000000000000000, -1.000000000000000000 ) ) ;
#738 = PERSON_AND_ORGANIZATION ( #983, #1464 ) ;
#739 = CARTESIAN_POINT ( 'NONE',  ( 3.499999999999953371, -7.500000000000000000, -2.428612866367729041E-14 ) ) ;
#740 = EDGE_CURVE ( 'NONE', #424, #1493, #1143, .T. ) ;
#741 = DIRECTION ( 'NONE',  ( -0.000000000000000000, -1.000000000000000000, -0.000000000000000000 ) ) ;
#742 = ORIENTED_EDGE ( 'NONE', *, *, #891, .F. ) ;
#743 = CARTESIAN_POINT ( 'NONE',  ( 0.000000000000000000, -7.500000000000000000, 0.000000000000000000 ) ) ;
#744 = ORIENTED_EDGE ( 'NONE', *, *, #798, .T. ) ;
#745 = DIRECTION ( 'NONE',  ( -0.000000000000000000, -1.000000000000000000, -0.000000000000000000 ) ) ;
#746 = DIRECTION ( 'NONE',  ( -0.000000000000000000, -1.000000000000000000, -0.000000000000000000 ) ) ;
#747 = EDGE_CURVE ( 'NONE', #849, #420, #73, .T. ) ;
#748 = ORIENTED_EDGE ( 'NONE', *, *, #1505, .T. ) ;
#749 = CARTESIAN_POINT ( 'NONE',  ( -6.963368328899909339E-14, 3.500000000000000000, 11.60000000000000142 ) ) ;
#750 = ORIENTED_EDGE ( 'NONE', *, *, #872, .T. ) ;
#751 = CARTESIAN_POINT ( 'NONE',  ( 1.714505518806294638E-15, 3.500000000000000000, 14.00000000000000000 ) ) ;
#752 = CARTESIAN_POINT ( 'NONE',  ( 0.000000000000000000, -2.500000000000000000, -10.00000000000000000 ) ) ;
#753 = ORIENTED_EDGE ( 'NONE', *, *, #1248, .T. ) ;
#754 = DIRECTION ( 'NONE',  ( 0.000000000000000000, 0.000000000000000000, -1.000000000000000000 ) ) ;
#755 = AXIS2_PLACEMENT_3D ( 'NONE', #837, #720, #1416 ) ;
#756 = EDGE_CURVE ( 'NONE', #303, #648, #177, .T. ) ;
#757 = VECTOR ( 'NONE', #314, 1000.000000000000114 ) ;
#758 = ORIENTED_EDGE ( 'NONE', *, *, #399, .F. ) ;
#759 = DATE_AND_TIME ( #1371, #212 ) ;
#760 = AXIS2_PLACEMENT_3D ( 'NONE', #944, #577, #1064 ) ;
#761 = CARTESIAN_POINT ( 'NONE',  ( -6.982962677686266711E-14, 3.500000000000000000, 10.00000000000000000 ) ) ;
#762 = AXIS2_PLACEMENT_3D ( 'NONE', #641, #625, #414 ) ;
#763 = CARTESIAN_POINT ( 'NONE',  ( 0.000000000000000000, -2.500000000000000000, 0.000000000000000000 ) ) ;
#764 = EDGE_LOOP ( 'NONE', ( #614, #509, #874, #1450 ) ) ;
#765 = ORIENTED_EDGE ( 'NONE', *, *, #528, .F. ) ;
#766 = CARTESIAN_POINT ( 'NONE',  ( -9.999999999999998224, -2.500000000000000000, -1.047444401652940007E-13 ) ) ;
#767 = EDGE_CURVE ( 'NONE', #772, #1258, #104, .T. ) ;
#768 = ORIENTED_EDGE ( 'NONE', *, *, #627, .F. ) ;
#769 = AXIS2_PLACEMENT_3D ( 'NONE', #955, #745, #1080 ) ;
#770 = FACE_BOUND ( 'NONE', #1292, .T. ) ;
#771 = DIRECTION ( 'NONE',  ( -0.000000000000000000, -1.000000000000000000, -0.000000000000000000 ) ) ;
#772 = VERTEX_POINT ( 'NONE', #1536 ) ;
#773 = ORIENTED_EDGE ( 'NONE', *, *, #225, .F. ) ;
#774 = DIRECTION ( 'NONE',  ( -0.000000000000000000, 1.000000000000000000, -0.000000000000000000 ) ) ;
#775 = DIRECTION ( 'NONE',  ( 1.000000000000000000, 0.000000000000000000, -7.030022516427261714E-15 ) ) ;
#776 = EDGE_CURVE ( 'NONE', #1000, #106, #1236, .T. ) ;
#777 = DIRECTION ( 'NONE',  ( 0.000000000000000000, 1.000000000000000000, 0.000000000000000000 ) ) ;
#778 = ORIENTED_EDGE ( 'NONE', *, *, #1471, .F. ) ;
#779 = VERTEX_POINT ( 'NONE', #1296 ) ;
#780 = CARTESIAN_POINT ( 'NONE',  ( -3.500000000000142109, -7.500000000000000000, -13.50000000000009592 ) ) ;
#781 = AXIS2_PLACEMENT_3D ( 'NONE', #1264, #54, #317 ) ;
#782 = VECTOR ( 'NONE', #248, 1000.000000000000000 ) ;
#783 = DIRECTION ( 'NONE',  ( 0.000000000000000000, 0.000000000000000000, 1.000000000000000000 ) ) ;
#784 = AXIS2_PLACEMENT_3D ( 'NONE', #1447, #1071, #596 ) ;
#785 = AXIS2_PLACEMENT_3D ( 'NONE', #266, #999, #628 ) ;
#786 = PRODUCT_DEFINITION_FORMATION_WITH_SPECIFIED_SOURCE ( 'ANY', '', #69, .NOT_KNOWN. ) ;
#787 = FACE_BOUND ( 'NONE', #677, .T. ) ;
#788 = FACE_OUTER_BOUND ( 'NONE', #46, .T. ) ;
#789 = CIRCLE ( 'NONE', #566, 2.125000000000000000 ) ;
#790 = VERTEX_POINT ( 'NONE', #561 ) ;
#791 = EDGE_CURVE ( 'NONE', #1060, #542, #472, .T. ) ;
#792 = AXIS2_PLACEMENT_3D ( 'NONE', #521, #1114, #1353 ) ;
#793 = FACE_OUTER_BOUND ( 'NONE', #1231, .T. ) ;
#794 = EDGE_LOOP ( 'NONE', ( #369, #338, #1306, #549, #1069, #94, #742, #1430, #449, #556, #1028, #1523 ) ) ;
#795 = DIRECTION ( 'NONE',  ( 0.000000000000000000, -1.000000000000000000, 0.000000000000000000 ) ) ;
#796 = CARTESIAN_POINT ( 'NONE',  ( 0.000000000000000000, -2.500000000000000000, -3.624999999999999556 ) ) ;
#797 = ORIENTED_EDGE ( 'NONE', *, *, #1305, .F. ) ;
#798 = EDGE_CURVE ( 'NONE', #1401, #1021, #238, .T. ) ;
#799 = ORIENTED_EDGE ( 'NONE', *, *, #180, .T. ) ;
#800 = CARTESIAN_POINT ( 'NONE',  ( 13.50000000000004796, -2.500000000000000444, 13.49999999999990585 ) ) ;
#801 = DIRECTION ( 'NONE',  ( 0.000000000000000000, 0.000000000000000000, -1.000000000000000000 ) ) ;
#802 = DIRECTION ( 'NONE',  ( 0.000000000000000000, 0.000000000000000000, 1.000000000000000000 ) ) ;
#803 = FACE_BOUND ( 'NONE', #655, .T. ) ;
#804 = ORIENTED_EDGE ( 'NONE', *, *, #22, .F. ) ;
#805 = ORIENTED_EDGE ( 'NONE', *, *, #419, .F. ) ;
#806 = DIRECTION ( 'NONE',  ( 0.5000000000000001110, 0.000000000000000000, -0.8660254037844387076 ) ) ;
#807 = FACE_OUTER_BOUND ( 'NONE', #845, .T. ) ;
#808 = ADVANCED_FACE ( 'NONE', ( #916 ), #809, .T. ) ;
#809 = PLANE ( 'NONE',  #37 ) ;
#810 = AXIS2_PLACEMENT_3D ( 'NONE', #1542, #1295, #607 ) ;
#811 = DIRECTION ( 'NONE',  ( 0.000000000000000000, -1.000000000000000000, 0.000000000000000000 ) ) ;
#812 = VERTEX_POINT ( 'NONE', #823 ) ;
#813 = VECTOR ( 'NONE', #253, 1000.000000000000114 ) ;
#814 = EDGE_LOOP ( 'NONE', ( #21, #564, #820, #1360 ) ) ;
#815 = DIRECTION ( 'NONE',  ( 0.000000000000000000, -1.000000000000000000, 0.000000000000000000 ) ) ;
#816 = DIRECTION ( 'NONE',  ( -1.000000000000000000, 0.000000000000000000, 6.938893903907890232E-15 ) ) ;
#817 = EDGE_CURVE ( 'NONE', #555, #915, #960, .T. ) ;
#818 = DIRECTION ( 'NONE',  ( -0.000000000000000000, 1.000000000000000000, -0.000000000000000000 ) ) ;
#819 = ORIENTED_EDGE ( 'NONE', *, *, #459, .T. ) ;
#820 = ORIENTED_EDGE ( 'NONE', *, *, #232, .T. ) ;
#821 = CARTESIAN_POINT ( 'NONE',  ( 0.000000000000000000, -2.500000000000000000, 0.000000000000000000 ) ) ;
#822 = DIRECTION ( 'NONE',  ( 0.000000000000000000, -0.7071067811865472397, -0.7071067811865479058 ) ) ;
#823 = CARTESIAN_POINT ( 'NONE',  ( -13.55544171172595824, -2.500000000000000000, 3.500000000000000888 ) ) ;
#824 = APPROVAL_ROLE ( '' ) ;
#825 = ADVANCED_FACE ( 'NONE', ( #1280 ), #1050, .T. ) ;
#826 = EDGE_LOOP ( 'NONE', ( #671, #881, #805, #1299 ) ) ;
#827 = DIRECTION ( 'NONE',  ( -0.000000000000000000, -1.000000000000000000, -0.000000000000000000 ) ) ;
#828 = LINE ( 'NONE', #1310, #135 ) ;
#829 = CARTESIAN_POINT ( 'NONE',  ( -6.982962677686266711E-14, -1.000000000000006439, 10.00000000000000000 ) ) ;
#830 = CARTESIAN_POINT ( 'NONE',  ( 13.49999999999985967, -7.500000000000000000, -13.50000000000009237 ) ) ;
#831 = AXIS2_PLACEMENT_3D ( 'NONE', #559, #1393, #783 ) ;
#832 = EDGE_CURVE ( 'NONE', #346, #228, #690, .T. ) ;
#833 = VERTEX_POINT ( 'NONE', #343 ) ;
#834 = VECTOR ( 'NONE', #99, 1000.000000000000000 ) ;
#835 = CONICAL_SURFACE ( 'NONE', #1137, 1.600000000000000755, 0.7853981633974487231 ) ;
#836 = CARTESIAN_POINT ( 'NONE',  ( -3.450000000000000178, 3.500000000000000000, -1.991858428704210926 ) ) ;
#837 = CARTESIAN_POINT ( 'NONE',  ( -9.999999999999998224, -0.9999999999999995559, -1.047444401652940007E-13 ) ) ;
#838 = CIRCLE ( 'NONE', #912, 3.624999999999999556 ) ;
#839 = CARTESIAN_POINT ( 'NONE',  ( 3.499999999999858780, -7.500000000000000000, -13.55544171172599555 ) ) ;
#840 = CARTESIAN_POINT ( 'NONE',  ( 3.499999999999953371, -7.500000000000000000, -2.475603021122175940E-14 ) ) ;
#841 = DIRECTION ( 'NONE',  ( 0.000000000000000000, -1.000000000000000000, 0.000000000000000000 ) ) ;
#842 = ORIENTED_EDGE ( 'NONE', *, *, #673, .F. ) ;
#843 = ADVANCED_FACE ( 'NONE', ( #479 ), #586, .T. ) ;
#844 = LINE ( 'NONE', #726, #1206 ) ;
#845 = EDGE_LOOP ( 'NONE', ( #379, #748, #401, #799 ) ) ;
#846 = CARTESIAN_POINT ( 'NONE',  ( -3.450000000000000622, 3.500000000000000000, 1.991858428704208928 ) ) ;
#847 = CARTESIAN_POINT ( 'NONE',  ( 0.000000000000000000, -0.9999999999999995559, -10.00000000000000000 ) ) ;
#848 = CARTESIAN_POINT ( 'NONE',  ( -3.450000000000000622, 0.000000000000000000, 1.991858428704208928 ) ) ;
#849 = VERTEX_POINT ( 'NONE', #1433 ) ;
#850 = DIRECTION ( 'NONE',  ( 0.000000000000000000, -1.000000000000000000, 0.000000000000000000 ) ) ;
#851 = EDGE_CURVE ( 'NONE', #611, #274, #349, .T. ) ;
#852 = EDGE_LOOP ( 'NONE', ( #1042, #1243 ) ) ;
#853 = CARTESIAN_POINT ( 'NONE',  ( -13.55544171172596002, -7.500000000000000000, -3.499999999999998224 ) ) ;
#854 = FACE_OUTER_BOUND ( 'NONE', #794, .T. ) ;
#855 = DIRECTION ( 'NONE',  ( 0.000000000000000000, -1.000000000000000000, 0.000000000000000000 ) ) ;
#856 = CIRCLE ( 'NONE', #1081, 14.00000000000000000 ) ;
#857 = EDGE_LOOP ( 'NONE', ( #1125, #372, #182, #530 ) ) ;
#858 = LOCAL_TIME ( 23, 14, 4.000000000000000000, #1227 ) ;
#859 = AXIS2_PLACEMENT_3D ( 'NONE', #1482, #1091, #23 ) ;
#860 = LINE ( 'NONE', #1225, #1032 ) ;
#861 = VECTOR ( 'NONE', #950, 1000.000000000000000 ) ;
#862 = VERTEX_POINT ( 'NONE', #462 ) ;
#863 = EDGE_CURVE ( 'NONE', #1335, #871, #543, .T. ) ;
#864 = DIRECTION ( 'NONE',  ( 0.000000000000000000, 0.000000000000000000, -1.000000000000000000 ) ) ;
#865 = CARTESIAN_POINT ( 'NONE',  ( -9.999999999999998224, 3.500000000000000000, -1.600000000000105338 ) ) ;
#866 = EDGE_LOOP ( 'NONE', ( #618, #1490 ) ) ;
#867 = CARTESIAN_POINT ( 'NONE',  ( 3.500000000000048850, -7.500000000000000000, 13.49999999999997691 ) ) ;
#868 = ORIENTED_EDGE ( 'NONE', *, *, #1122, .T. ) ;
#869 = CARTESIAN_POINT ( 'NONE',  ( -13.50000000000014211, -7.500000000000000000, -13.50000000000002487 ) ) ;
#870 = FACE_OUTER_BOUND ( 'NONE', #1020, .T. ) ;
#871 = VERTEX_POINT ( 'NONE', #1057 ) ;
#872 = EDGE_CURVE ( 'NONE', #420, #58, #1108, .T. ) ;
#873 = DIRECTION ( 'NONE',  ( 0.000000000000000000, 0.000000000000000000, -1.000000000000000000 ) ) ;
#874 = ORIENTED_EDGE ( 'NONE', *, *, #140, .T. ) ;
#875 = DIRECTION ( 'NONE',  ( -0.000000000000000000, 1.000000000000000000, -0.000000000000000000 ) ) ;
#876 = DIRECTION ( 'NONE',  ( 0.000000000000000000, -1.000000000000000000, 0.000000000000000000 ) ) ;
#877 = EDGE_LOOP ( 'NONE', ( #327, #408 ) ) ;
#878 = ADVANCED_FACE ( 'NONE', ( #231 ), #80, .F. ) ;
#879 = ORIENTED_EDGE ( 'NONE', *, *, #791, .F. ) ;
#880 = CARTESIAN_POINT ( 'NONE',  ( 0.000000000000000000, 3.500000000000000000, 0.000000000000000000 ) ) ;
#881 = ORIENTED_EDGE ( 'NONE', *, *, #340, .F. ) ;
#882 = DATE_TIME_ROLE ( 'classification_date' ) ;
#883 = CIRCLE ( 'NONE', #1291, 10.00000000000000000 ) ;
#884 = FACE_BOUND ( 'NONE', #1030, .T. ) ;
#885 = CARTESIAN_POINT ( 'NONE',  ( 13.49999999999989164, -7.500000000000000000, -3.500000000000091038 ) ) ;
#886 = EDGE_LOOP ( 'NONE', ( #1200, #538, #879, #987 ) ) ;
#887 = ORIENTED_EDGE ( 'NONE', *, *, #1481, .F. ) ;
#888 = LINE ( 'NONE', #1126, #757 ) ;
#889 = EDGE_CURVE ( 'NONE', #915, #555, #63, .T. ) ;
#890 = DIRECTION ( 'NONE',  ( 0.000000000000000000, 0.000000000000000000, -1.000000000000000000 ) ) ;
#891 = EDGE_CURVE ( 'NONE', #1493, #1060, #471, .T. ) ;
#892 = FACE_OUTER_BOUND ( 'NONE', #826, .T. ) ;
#893 = CARTESIAN_POINT ( 'NONE',  ( 3.796405077356805764E-16, -2.500000000000000000, -6.899999999999991473 ) ) ;
#894 = ORIENTED_EDGE ( 'NONE', *, *, #251, .F. ) ;
#895 = ORIENTED_EDGE ( 'NONE', *, *, #968, .F. ) ;
#896 = DIRECTION ( 'NONE',  ( 0.000000000000000000, -0.7071067811865455743, -0.7071067811865493491 ) ) ;
#897 = DIRECTION ( 'NONE',  ( 0.8660254037844385966, 0.000000000000000000, 0.4999999999999999445 ) ) ;
#898 = ADVANCED_FACE ( 'NONE', ( #1043 ), #835, .F. ) ;
#899 = FACE_OUTER_BOUND ( 'NONE', #304, .T. ) ;
#900 = CARTESIAN_POINT ( 'NONE',  ( 10.00000000000000000, -0.9999999999999995559, 3.491481338843133355E-14 ) ) ;
#901 = ORIENTED_EDGE ( 'NONE', *, *, #1155, .T. ) ;
#902 = LINE ( 'NONE', #1390, #1058 ) ;
#903 = DIRECTION ( 'NONE',  ( 0.000000000000000000, -1.000000000000000000, 0.000000000000000000 ) ) ;
#904 = AXIS2_PLACEMENT_3D ( 'NONE', #1512, #323, #801 ) ;
#905 = CIRCLE ( 'NONE', #1232, 10.00000000000000000 ) ;
#906 = VECTOR ( 'NONE', #201, 1000.000000000000000 ) ;
#907 = FACE_OUTER_BOUND ( 'NONE', #1168, .T. ) ;
#908 = CC_DESIGN_PERSON_AND_ORGANIZATION_ASSIGNMENT ( #1068, #717, ( #1531 ) ) ;
#909 = DIRECTION ( 'NONE',  ( -0.000000000000000000, -1.000000000000000000, -0.000000000000000000 ) ) ;
#910 = AXIS2_PLACEMENT_3D ( 'NONE', #683, #1156, #571 ) ;
#911 = EDGE_LOOP ( 'NONE', ( #1516, #76, #397, #430 ) ) ;
#912 = AXIS2_PLACEMENT_3D ( 'NONE', #763, #153, #172 ) ;
#913 = EDGE_LOOP ( 'NONE', ( #626, #581 ) ) ;
#914 = LINE ( 'NONE', #1400, #385 ) ;
#915 = VERTEX_POINT ( 'NONE', #1336 ) ;
#916 = FACE_OUTER_BOUND ( 'NONE', #442, .T. ) ;
#917 = CARTESIAN_POINT ( 'NONE',  ( 10.00000000000000000, -2.500000000000000000, 3.100000000000044054 ) ) ;
#918 = DIRECTION ( 'NONE',  ( 1.000000000000000000, 0.000000000000000000, -3.277801909499788610E-15 ) ) ;
#919 = ORIENTED_EDGE ( 'NONE', *, *, #863, .F. ) ;
#920 = EDGE_CURVE ( 'NONE', #1159, #209, #1211, .T. ) ;
#921 = ORIENTED_EDGE ( 'NONE', *, *, #996, .F. ) ;
#922 = CARTESIAN_POINT ( 'NONE',  ( -9.999999999999998224, -2.500000000000000000, -1.047444401652940007E-13 ) ) ;
#923 = FACE_OUTER_BOUND ( 'NONE', #764, .T. ) ;
#924 = DIRECTION ( 'NONE',  ( -0.000000000000000000, 1.000000000000000000, 0.000000000000000000 ) ) ;
#925 = CARTESIAN_POINT ( 'NONE',  ( 0.000000000000000000, -2.500000000000000000, -10.00000000000000000 ) ) ;
#926 = FACE_BOUND ( 'NONE', #866, .T. ) ;
#927 = ORIENTED_EDGE ( 'NONE', *, *, #261, .F. ) ;
#928 = ORIENTED_EDGE ( 'NONE', *, *, #516, .F. ) ;
#929 = EDGE_CURVE ( 'NONE', #1160, #256, #622, .T. ) ;
#930 = DIRECTION ( 'NONE',  ( 0.000000000000000000, -1.000000000000000000, 0.000000000000000000 ) ) ;
#931 = DIRECTION ( 'NONE',  ( -0.000000000000000000, 1.000000000000000000, -0.000000000000000000 ) ) ;
#932 = DIRECTION ( 'NONE',  ( 0.000000000000000000, 0.000000000000000000, 1.000000000000000000 ) ) ;
#933 = CARTESIAN_POINT ( 'NONE',  ( 10.00000000000000000, 3.500000000000000000, 3.491481338843133355E-14 ) ) ;
#934 =( GEOMETRIC_REPRESENTATION_CONTEXT ( 3 ) GLOBAL_UNCERTAINTY_ASSIGNED_CONTEXT ( ( #1309 ) ) GLOBAL_UNIT_ASSIGNED_CONTEXT ( ( #965, #1322, #463 ) ) REPRESENTATION_CONTEXT ( 'NONE', 'WORKASPACE' ) );
#935 = VERTEX_POINT ( 'NONE', #260 ) ;
#936 = VECTOR ( 'NONE', #1312, 1000.000000000000000 ) ;
#937 = VERTEX_POINT ( 'NONE', #1093 ) ;
#938 = CARTESIAN_POINT ( 'NONE',  ( 0.000000000000000000, -2.500000000000000000, 0.000000000000000000 ) ) ;
#939 = DIRECTION ( 'NONE',  ( 0.000000000000000000, 0.000000000000000000, -1.000000000000000000 ) ) ;
#940 = EDGE_CURVE ( 'NONE', #233, #629, #145, .T. ) ;
#941 = CARTESIAN_POINT ( 'NONE',  ( 1.214306433183699017E-14, -2.500000000000000000, 3.499999999999953371 ) ) ;
#942 = ORIENTED_EDGE ( 'NONE', *, *, #1418, .T. ) ;
#943 = ORIENTED_EDGE ( 'NONE', *, *, #1082, .T. ) ;
#944 = CARTESIAN_POINT ( 'NONE',  ( -3.500000000000046185, -7.500000000000000000, 2.125036258071319847E-14 ) ) ;
#945 = DIRECTION ( 'NONE',  ( 0.000000000000000000, -1.000000000000000000, 0.000000000000000000 ) ) ;
#946 = DIRECTION ( 'NONE',  ( 0.4999999999999998890, -0.000000000000000000, 0.8660254037844387076 ) ) ;
#947 = ADVANCED_FACE ( 'NONE', ( #1087 ), #18, .F. ) ;
#948 = PERSON_AND_ORGANIZATION_ROLE ( 'design_owner' ) ;
#949 = VERTEX_POINT ( 'NONE', #839 ) ;
#950 = DIRECTION ( 'NONE',  ( -0.000000000000000000, -1.000000000000000000, -0.000000000000000000 ) ) ;
#951 = CARTESIAN_POINT ( 'NONE',  ( -3.450000000000000622, 3.500000000000000000, 1.991858428704208928 ) ) ;
#952 = CARTESIAN_POINT ( 'NONE',  ( 3.449999999999999289, 3.500000000000000000, -1.991858428704210926 ) ) ;
#953 = DIRECTION ( 'NONE',  ( 0.000000000000000000, -1.000000000000000000, 0.000000000000000000 ) ) ;
#954 = EDGE_CURVE ( 'NONE', #1226, #1493, #1328, .T. ) ;
#955 = CARTESIAN_POINT ( 'NONE',  ( 0.000000000000000000, 3.500000000000000000, 0.000000000000000000 ) ) ;
#956 = VECTOR ( 'NONE', #822, 999.9999999999998863 ) ;
#957 = AXIS2_PLACEMENT_3D ( 'NONE', #513, #507, #384 ) ;
#958 = ORIENTED_EDGE ( 'NONE', *, *, #817, .T. ) ;
#959 = ADVANCED_FACE ( 'NONE', ( #123 ), #502, .T. ) ;
#960 = CIRCLE ( 'NONE', #1467, 14.00000000000000000 ) ;
#961 = CARTESIAN_POINT ( 'NONE',  ( 0.000000000000000000, -7.500000000000000000, 0.000000000000000000 ) ) ;
#962 = VECTOR ( 'NONE', #1495, 1000.000000000000000 ) ;
#963 = APPLICATION_CONTEXT ( 'configuration controlled 3d designs of mechanical parts and assemblies' ) ;
#964 = CARTESIAN_POINT ( 'NONE',  ( 0.000000000000000000, 0.000000000000000000, 0.000000000000000000 ) ) ;
#965 =( LENGTH_UNIT ( ) NAMED_UNIT ( * ) SI_UNIT ( .MILLI., .METRE. ) );
#966 = CARTESIAN_POINT ( 'NONE',  ( 1.214306433183699017E-14, -7.500000000000000000, 3.499999999999953371 ) ) ;
#967 = ORIENTED_EDGE ( 'NONE', *, *, #22, .T. ) ;
#968 = EDGE_CURVE ( 'NONE', #644, #833, #1448, .T. ) ;
#969 = DIRECTION ( 'NONE',  ( 0.000000000000000000, -1.000000000000000000, 0.000000000000000000 ) ) ;
#970 = ORIENTED_EDGE ( 'NONE', *, *, #1099, .F. ) ;
#971 = DIRECTION ( 'NONE',  ( 0.000000000000000000, 0.000000000000000000, -1.000000000000000000 ) ) ;
#972 = SHAPE_DEFINITION_REPRESENTATION ( #170, #558 ) ;
#973 = CYLINDRICAL_SURFACE ( 'NONE', #769, 14.00000000000000000 ) ;
#974 = ORIENTED_EDGE ( 'NONE', *, *, #989, .T. ) ;
#975 = CARTESIAN_POINT ( 'NONE',  ( 0.000000000000000000, -1.000000000000000000, 0.000000000000000000 ) ) ;
#976 = EDGE_CURVE ( 'NONE', #524, #68, #1454, .T. ) ;
#977 = ORIENTED_EDGE ( 'NONE', *, *, #1132, .F. ) ;
#978 = CARTESIAN_POINT ( 'NONE',  ( 2.602374448188125350E-16, -1.000000000000000000, 2.125000000000000000 ) ) ;
#979 = DIRECTION ( 'NONE',  ( -6.071532165917976805E-15, 0.000000000000000000, -1.000000000000000000 ) ) ;
#980 = AXIS2_PLACEMENT_3D ( 'NONE', #681, #667, #433 ) ;
#981 = VERTEX_POINT ( 'NONE', #616 ) ;
#982 = AXIS2_PLACEMENT_3D ( 'NONE', #1361, #288, #1245 ) ;
#983 = PERSON ( 'UNSPECIFIED', 'UNSPECIFIED', 'UNSPECIFIED', ('UNSPECIFIED'), ('UNSPECIFIED'), ('UNSPECIFIED') ) ;
#984 = APPROVAL_PERSON_ORGANIZATION ( #1219, #1514, #1460 ) ;
#985 = DIRECTION ( 'NONE',  ( 0.000000000000000000, 0.000000000000000000, -1.000000000000000000 ) ) ;
#986 = AXIS2_PLACEMENT_3D ( 'NONE', #716, #1191, #128 ) ;
#987 = ORIENTED_EDGE ( 'NONE', *, *, #604, .F. ) ;
#988 = AXIS2_PLACEMENT_3D ( 'NONE', #1290, #547, #1255 ) ;
#989 = EDGE_CURVE ( 'NONE', #475, #1218, #883, .T. ) ;
#990 = DIRECTION ( 'NONE',  ( 0.000000000000000000, -1.000000000000000000, 0.000000000000000000 ) ) ;
#991 = CARTESIAN_POINT ( 'NONE',  ( -1.226238514789767439E-15, 3.500000000000000000, 3.983716857408417855 ) ) ;
#992 = ORIENTED_EDGE ( 'NONE', *, *, #1277, .F. ) ;
#993 = CYLINDRICAL_SURFACE ( 'NONE', #982, 1.600000000000000755 ) ;
#994 = ORIENTED_EDGE ( 'NONE', *, *, #1196, .T. ) ;
#995 = DIRECTION ( 'NONE',  ( 1.000000000000000000, 0.000000000000000000, -3.277801909499788610E-15 ) ) ;
#996 = EDGE_CURVE ( 'NONE', #732, #209, #789, .T. ) ;
#997 = DIRECTION ( 'NONE',  ( 0.000000000000000000, -1.000000000000000000, 0.000000000000000000 ) ) ;
#998 = ORIENTED_EDGE ( 'NONE', *, *, #1007, .F. ) ;
#999 = DIRECTION ( 'NONE',  ( -3.579704716953743512E-15, 0.000000000000000000, -1.000000000000000000 ) ) ;
#1000 = VERTEX_POINT ( 'NONE', #380 ) ;
#1001 = APPROVAL_DATE_TIME ( #759, #1514 ) ;
#1002 = CYLINDRICAL_SURFACE ( 'NONE', #199, 10.00000000000000000 ) ;
#1003 = CARTESIAN_POINT ( 'NONE',  ( -13.50000000000013323, -2.500000000000000000, -3.500000000000025313 ) ) ;
#1004 = VECTOR ( 'NONE', #26, 1000.000000000000114 ) ;
#1005 = PRODUCT_RELATED_PRODUCT_CATEGORY ( 'detail', '', ( #69 ) ) ;
#1006 = VERTEX_POINT ( 'NONE', #853 ) ;
#1007 = EDGE_CURVE ( 'NONE', #935, #41, #1421, .T. ) ;
#1008 = CARTESIAN_POINT ( 'NONE',  ( -9.999999999999998224, -0.9999999999999995559, -1.600000000000105338 ) ) ;
#1009 = VECTOR ( 'NONE', #714, 1000.000000000000000 ) ;
#1010 = LOCAL_TIME ( 23, 14, 4.000000000000000000, #411 ) ;
#1011 = ORIENTED_EDGE ( 'NONE', *, *, #1235, .T. ) ;
#1012 = AXIS2_PLACEMENT_3D ( 'NONE', #222, #815, #1 ) ;
#1013 = CARTESIAN_POINT ( 'NONE',  ( -6.982962677686266711E-14, 3.500000000000000000, 8.400000000000000355 ) ) ;
#1014 = LINE ( 'NONE', #35, #392 ) ;
#1015 = ORIENTED_EDGE ( 'NONE', *, *, #1046, .F. ) ;
#1016 = ADVANCED_FACE ( 'NONE', ( #1532 ), #111, .T. ) ;
#1017 = DIRECTION ( 'NONE',  ( -0.8660254037844385966, 0.000000000000000000, -0.4999999999999999445 ) ) ;
#1018 = LINE ( 'NONE', #179, #483 ) ;
#1019 = CARTESIAN_POINT ( 'NONE',  ( 13.55544171172598311, -7.500000000000000000, 3.499999999999904965 ) ) ;
#1020 = EDGE_LOOP ( 'NONE', ( #753, #252, #1381, #1215 ) ) ;
#1021 = VERTEX_POINT ( 'NONE', #1409 ) ;
#1022 = DIRECTION ( 'NONE',  ( 0.000000000000000000, 0.000000000000000000, -1.000000000000000000 ) ) ;
#1023 = EDGE_CURVE ( 'NONE', #1097, #1539, #1436, .T. ) ;
#1024 = ORIENTED_EDGE ( 'NONE', *, *, #450, .T. ) ;
#1025 = DIRECTION ( 'NONE',  ( -0.000000000000000000, -1.000000000000000000, -0.000000000000000000 ) ) ;
#1026 = LINE ( 'NONE', #1507, #1534 ) ;
#1027 = ORIENTED_EDGE ( 'NONE', *, *, #1489, .F. ) ;
#1028 = ORIENTED_EDGE ( 'NONE', *, *, #11, .F. ) ;
#1029 = DIRECTION ( 'NONE',  ( 0.000000000000000000, 0.000000000000000000, -1.000000000000000000 ) ) ;
#1030 = EDGE_LOOP ( 'NONE', ( #451, #819 ) ) ;
#1031 = AXIS2_PLACEMENT_3D ( 'NONE', #1410, #1049, #198 ) ;
#1032 = VECTOR ( 'NONE', #633, 1000.000000000000000 ) ;
#1033 = DIRECTION ( 'NONE',  ( -1.000000000000000000, 0.000000000000000000, 3.469446951953472194E-15 ) ) ;
#1034 = ADVANCED_FACE ( 'NONE', ( #360 ), #1319, .F. ) ;
#1035 = PLANE ( 'NONE',  #191 ) ;
#1036 = AXIS2_PLACEMENT_3D ( 'NONE', #353, #1194, #719 ) ;
#1037 = ORIENTED_EDGE ( 'NONE', *, *, #1544, .F. ) ;
#1038 = VECTOR ( 'NONE', #163, 1000.000000000000000 ) ;
#1039 = ORIENTED_EDGE ( 'NONE', *, *, #50, .T. ) ;
#1040 = DIRECTION ( 'NONE',  ( -0.000000000000000000, -1.000000000000000000, -0.000000000000000000 ) ) ;
#1041 = LINE ( 'NONE', #448, #1208 ) ;
#1042 = ORIENTED_EDGE ( 'NONE', *, *, #251, .T. ) ;
#1043 = FACE_OUTER_BOUND ( 'NONE', #466, .T. ) ;
#1044 = DIRECTION ( 'NONE',  ( 0.000000000000000000, -1.000000000000000000, 0.000000000000000000 ) ) ;
#1045 = ORIENTED_EDGE ( 'NONE', *, *, #129, .F. ) ;
#1046 = EDGE_CURVE ( 'NONE', #567, #233, #476, .T. ) ;
#1047 = ORIENTED_EDGE ( 'NONE', *, *, #470, .T. ) ;
#1048 = DIRECTION ( 'NONE',  ( -0.000000000000000000, -1.000000000000000000, -0.000000000000000000 ) ) ;
#1049 = DIRECTION ( 'NONE',  ( -0.000000000000000000, -1.000000000000000000, -0.000000000000000000 ) ) ;
#1050 = PLANE ( 'NONE',  #615 ) ;
#1051 = CARTESIAN_POINT ( 'NONE',  ( -13.50000000000013323, -7.500000000000000000, -3.500000000000025313 ) ) ;
#1052 = ORIENTED_EDGE ( 'NONE', *, *, #1297, .T. ) ;
#1053 = EDGE_LOOP ( 'NONE', ( #95, #758, #482, #804 ) ) ;
#1054 = ADVANCED_FACE ( 'NONE', ( #234 ), #244, .T. ) ;
#1055 = FACE_OUTER_BOUND ( 'NONE', #440, .T. ) ;
#1056 = CARTESIAN_POINT ( 'NONE',  ( 0.000000000000000000, -2.500000000000000000, 0.000000000000000000 ) ) ;
#1057 = CARTESIAN_POINT ( 'NONE',  ( 4.439344646909155037E-16, -2.500000000000000000, 3.624999999999999556 ) ) ;
#1058 = VECTOR ( 'NONE', #1276, 1000.000000000000114 ) ;
#1059 = CC_DESIGN_APPROVAL ( #1285, ( #1531 ) ) ;
#1060 = VERTEX_POINT ( 'NONE', #213 ) ;
#1061 = CONICAL_SURFACE ( 'NONE', #364, 1.600000000000000755, 0.7853981633974510546 ) ;
#1062 = CIRCLE ( 'NONE', #38, 14.00000000000000000 ) ;
#1063 = EDGE_LOOP ( 'NONE', ( #651, #1520, #1331, #750 ) ) ;
#1064 = DIRECTION ( 'NONE',  ( -6.071532165917976805E-15, 0.000000000000000000, -1.000000000000000000 ) ) ;
#1065 = FACE_OUTER_BOUND ( 'NONE', #267, .T. ) ;
#1066 = EDGE_CURVE ( 'NONE', #1380, #1345, #215, .T. ) ;
#1067 = DIRECTION ( 'NONE',  ( 0.000000000000000000, -1.000000000000000000, 0.000000000000000000 ) ) ;
#1068 = PERSON_AND_ORGANIZATION ( #983, #1464 ) ;
#1069 = ORIENTED_EDGE ( 'NONE', *, *, #227, .F. ) ;
#1070 = CARTESIAN_POINT ( 'NONE',  ( -9.999999999999998224, -2.500000000000000000, -3.100000000000113776 ) ) ;
#1071 = DIRECTION ( 'NONE',  ( -0.000000000000000000, 1.000000000000000000, -0.000000000000000000 ) ) ;
#1072 = ADVANCED_FACE ( 'NONE', ( #923 ), #1346, .F. ) ;
#1073 = CARTESIAN_POINT ( 'NONE',  ( -9.999999999999998224, -0.9999999999999995559, 1.599999999999895728 ) ) ;
#1074 = DIRECTION ( 'NONE',  ( 0.000000000000000000, 0.000000000000000000, -1.000000000000000000 ) ) ;
#1075 = ORIENTED_EDGE ( 'NONE', *, *, #1339, .T. ) ;
#1076 = CARTESIAN_POINT ( 'NONE',  ( -6.944998626912699067E-14, -2.500000000000000000, 13.09999999999999609 ) ) ;
#1077 = VECTOR ( 'NONE', #1205, 1000.000000000000000 ) ;
#1078 = DIRECTION ( 'NONE',  ( 0.000000000000000000, -1.000000000000000000, 0.000000000000000000 ) ) ;
#1079 = APPLICATION_PROTOCOL_DEFINITION ( 'international standard', 'config_control_design', 1994, #963 ) ;
#1080 = DIRECTION ( 'NONE',  ( 0.000000000000000000, 0.000000000000000000, -1.000000000000000000 ) ) ;
#1081 = AXIS2_PLACEMENT_3D ( 'NONE', #578, #1527, #890 ) ;
#1082 = EDGE_CURVE ( 'NONE', #221, #274, #695, .T. ) ;
#1083 = ORIENTED_EDGE ( 'NONE', *, *, #478, .F. ) ;
#1084 = VECTOR ( 'NONE', #1440, 1000.000000000000000 ) ;
#1085 = CARTESIAN_POINT ( 'NONE',  ( 13.49999999999985967, -7.500000000000000000, -13.50000000000009237 ) ) ;
#1086 = VERTEX_POINT ( 'NONE', #688 ) ;
#1087 = FACE_OUTER_BOUND ( 'NONE', #14, .T. ) ;
#1088 = DIRECTION ( 'NONE',  ( 0.000000000000000000, -1.000000000000000000, 0.000000000000000000 ) ) ;
#1089 = EDGE_CURVE ( 'NONE', #1237, #358, #1161, .T. ) ;
#1090 = EDGE_LOOP ( 'NONE', ( #928, #1476, #382, #548 ) ) ;
#1091 = DIRECTION ( 'NONE',  ( 0.000000000000000000, 1.000000000000000000, 0.000000000000000000 ) ) ;
#1092 = ORIENTED_EDGE ( 'NONE', *, *, #730, .F. ) ;
#1093 = CARTESIAN_POINT ( 'NONE',  ( -6.982962677686266711E-14, -2.500000000000000000, 6.900000000000004796 ) ) ;
#1094 = PERSON_AND_ORGANIZATION ( #983, #1464 ) ;
#1095 = CARTESIAN_POINT ( 'NONE',  ( 13.50000000000001421, -2.500000000000000000, 3.499999999999906297 ) ) ;
#1096 = CARTESIAN_POINT ( 'NONE',  ( 10.00000000000000000, 3.500000000000000000, 3.491481338843133355E-14 ) ) ;
#1097 = VERTEX_POINT ( 'NONE', #1526 ) ;
#1098 = DIRECTION ( 'NONE',  ( 0.000000000000000000, 0.000000000000000000, -1.000000000000000000 ) ) ;
#1099 = EDGE_CURVE ( 'NONE', #678, #475, #1519, .T. ) ;
#1100 = ORIENTED_EDGE ( 'NONE', *, *, #1122, .F. ) ;
#1101 = DIRECTION ( 'NONE',  ( -0.000000000000000000, 1.000000000000000000, -0.000000000000000000 ) ) ;
#1102 = DIRECTION ( 'NONE',  ( -1.000000000000000000, 0.000000000000000000, 3.579704716953743512E-15 ) ) ;
#1103 = VECTOR ( 'NONE', #689, 1000.000000000000000 ) ;
#1104 = ORIENTED_EDGE ( 'NONE', *, *, #1235, .F. ) ;
#1105 = AXIS2_PLACEMENT_3D ( 'NONE', #143, #155, #1098 ) ;
#1106 = CIRCLE ( 'NONE', #1315, 3.099999999999995204 ) ;
#1107 = CYLINDRICAL_SURFACE ( 'NONE', #161, 14.00000000000000000 ) ;
#1108 = CIRCLE ( 'NONE', #286, 1.600000000000000755 ) ;
#1109 = ADVANCED_FACE ( 'NONE', ( #1294 ), #1061, .F. ) ;
#1110 = EDGE_LOOP ( 'NONE', ( #27, #1131 ) ) ;
#1111 = AXIS2_PLACEMENT_3D ( 'NONE', #631, #654, #1486 ) ;
#1112 = PERSON_AND_ORGANIZATION_ROLE ( 'creator' ) ;
#1113 = CARTESIAN_POINT ( 'NONE',  ( -6.963368328899909339E-14, 3.500000000000000000, 11.60000000000000142 ) ) ;
#1114 = DIRECTION ( 'NONE',  ( 0.000000000000000000, -1.000000000000000000, 0.000000000000000000 ) ) ;
#1115 = ORIENTED_EDGE ( 'NONE', *, *, #582, .F. ) ;
#1116 = AXIS2_PLACEMENT_3D ( 'NONE', #1500, #795, #1272 ) ;
#1117 = DIRECTION ( 'NONE',  ( 0.000000000000000000, 1.000000000000000000, 0.000000000000000000 ) ) ;
#1118 = ORIENTED_EDGE ( 'NONE', *, *, #340, .T. ) ;
#1119 = CC_DESIGN_PERSON_AND_ORGANIZATION_ASSIGNMENT ( #1212, #19, ( #1340 ) ) ;
#1120 = COORDINATED_UNIVERSAL_TIME_OFFSET ( 5, 0, .BEHIND. ) ;
#1121 = CARTESIAN_POINT ( 'NONE',  ( 0.000000000000000000, 0.000000000000000000, 0.000000000000000000 ) ) ;
#1122 = EDGE_CURVE ( 'NONE', #1282, #68, #484, .T. ) ;
#1123 = CARTESIAN_POINT ( 'NONE',  ( -9.999999999999998224, -0.9999999999999995559, -1.047444401652940007E-13 ) ) ;
#1124 = VERTEX_POINT ( 'NONE', #102 ) ;
#1125 = ORIENTED_EDGE ( 'NONE', *, *, #572, .F. ) ;
#1126 = CARTESIAN_POINT ( 'NONE',  ( -3.450000000000000622, 0.000000000000000000, 1.991858428704208928 ) ) ;
#1127 = ORIENTED_EDGE ( 'NONE', *, *, #1082, .F. ) ;
#1128 = PLANE ( 'NONE',  #781 ) ;
#1129 = CARTESIAN_POINT ( 'NONE',  ( -6.982962677686266711E-14, -1.000000000000006439, 10.00000000000000000 ) ) ;
#1130 = CIRCLE ( 'NONE', #434, 3.100000000000008971 ) ;
#1131 = ORIENTED_EDGE ( 'NONE', *, *, #996, .T. ) ;
#1132 = EDGE_CURVE ( 'NONE', #475, #1271, #1541, .T. ) ;
#1133 = AXIS2_PLACEMENT_3D ( 'NONE', #428, #1372, #413 ) ;
#1134 = ORIENTED_EDGE ( 'NONE', *, *, #1385, .T. ) ;
#1135 = APPROVAL_PERSON_ORGANIZATION ( #1172, #1285, #824 ) ;
#1136 = CARTESIAN_POINT ( 'NONE',  ( 0.000000000000000000, -2.500000000000000000, 0.000000000000000000 ) ) ;
#1137 = AXIS2_PLACEMENT_3D ( 'NONE', #605, #493, #737 ) ;
#1138 = FACE_BOUND ( 'NONE', #852, .T. ) ;
#1139 = CARTESIAN_POINT ( 'NONE',  ( -3.450000000000000178, 0.000000000000000000, -1.991858428704210926 ) ) ;
#1140 = VERTEX_POINT ( 'NONE', #584 ) ;
#1141 = ADVANCED_FACE ( 'NONE', ( #1055 ), #569, .F. ) ;
#1142 = ORIENTED_EDGE ( 'NONE', *, *, #1174, .T. ) ;
#1143 = LINE ( 'NONE', #404, #1176 ) ;
#1144 = CARTESIAN_POINT ( 'NONE',  ( 0.000000000000000000, 3.500000000000000000, 0.000000000000000000 ) ) ;
#1145 = VERTEX_POINT ( 'NONE', #602 ) ;
#1146 = DIRECTION ( 'NONE',  ( 0.000000000000000000, -1.000000000000000000, 0.000000000000000000 ) ) ;
#1147 = ORIENTED_EDGE ( 'NONE', *, *, #1268, .T. ) ;
#1148 = DIRECTION ( 'NONE',  ( 0.000000000000000000, 0.000000000000000000, -1.000000000000000000 ) ) ;
#1149 = CARTESIAN_POINT ( 'NONE',  ( -13.49999999999996447, -2.500000000000000444, 13.50000000000000178 ) ) ;
#1150 = ORIENTED_EDGE ( 'NONE', *, *, #1239, .F. ) ;
#1151 = VERTEX_POINT ( 'NONE', #1070 ) ;
#1152 = DIRECTION ( 'NONE',  ( -0.000000000000000000, -1.000000000000000000, -0.000000000000000000 ) ) ;
#1153 = LINE ( 'NONE', #97, #84 ) ;
#1154 = AXIS2_PLACEMENT_3D ( 'NONE', #477, #2, #250 ) ;
#1155 = EDGE_CURVE ( 'NONE', #407, #1226, #1041, .T. ) ;
#1156 = DIRECTION ( 'NONE',  ( 0.000000000000000000, -1.000000000000000000, 0.000000000000000000 ) ) ;
#1157 = DIRECTION ( 'NONE',  ( 0.000000000000000000, 0.000000000000000000, -1.000000000000000000 ) ) ;
#1158 = VECTOR ( 'NONE', #1284, 1000.000000000000000 ) ;
#1159 = VERTEX_POINT ( 'NONE', #1404 ) ;
#1160 = VERTEX_POINT ( 'NONE', #326 ) ;
#1161 = LINE ( 'NONE', #229, #861 ) ;
#1162 = CARTESIAN_POINT ( 'NONE',  ( 3.450000000000000178, 0.000000000000000000, 1.991858428704209816 ) ) ;
#1163 = CARTESIAN_POINT ( 'NONE',  ( -9.896555179443873173E-18, 3.500000000000000000, -3.983716857408419632 ) ) ;
#1164 = ADVANCED_FACE ( 'NONE', ( #208 ), #118, .F. ) ;
#1165 = DIRECTION ( 'NONE',  ( 0.000000000000000000, 1.000000000000000000, 0.000000000000000000 ) ) ;
#1166 = EDGE_LOOP ( 'NONE', ( #464, #1529, #1100, #765 ) ) ;
#1167 = EDGE_CURVE ( 'NONE', #1021, #1401, #1394, .T. ) ;
#1168 = EDGE_LOOP ( 'NONE', ( #312, #574, #1435, #335, #195, #1508, #868, #649, #1387, #1453, #352, #621, #943, #53, #1496, #316, #131, #1147 ) ) ;
#1169 = CARTESIAN_POINT ( 'NONE',  ( 0.000000000000000000, -0.9999999999999995559, -10.00000000000000000 ) ) ;
#1170 = DIRECTION ( 'NONE',  ( 6.938893903907890232E-15, 0.000000000000000000, 1.000000000000000000 ) ) ;
#1171 = DIRECTION ( 'NONE',  ( 0.000000000000000000, -1.000000000000000000, 0.000000000000000000 ) ) ;
#1172 = PERSON_AND_ORGANIZATION ( #983, #1464 ) ;
#1173 = ORIENTED_EDGE ( 'NONE', *, *, #767, .F. ) ;
#1174 = EDGE_CURVE ( 'NONE', #256, #474, #147, .T. ) ;
#1175 = ORIENTED_EDGE ( 'NONE', *, *, #989, .F. ) ;
#1176 = VECTOR ( 'NONE', #995, 1000.000000000000000 ) ;
#1177 = CARTESIAN_POINT ( 'NONE',  ( 3.499999999999953371, -2.500000000000000000, -2.428612866367729041E-14 ) ) ;
#1178 = DESIGN_CONTEXT ( 'detailed design', #218, 'design' ) ;
#1179 = DIRECTION ( 'NONE',  ( 0.000000000000000000, 1.000000000000000000, -0.000000000000000000 ) ) ;
#1180 = CIRCLE ( 'NONE', #904, 10.00000000000000000 ) ;
#1181 = DIRECTION ( 'NONE',  ( -0.000000000000000000, -1.000000000000000000, -0.000000000000000000 ) ) ;
#1182 = VECTOR ( 'NONE', #1040, 1000.000000000000000 ) ;
#1183 = CALENDAR_DATE ( 2026, 24, 8 ) ;
#1184 = AXIS2_PLACEMENT_3D ( 'NONE', #438, #1165, #554 ) ;
#1185 = AXIS2_PLACEMENT_3D ( 'NONE', #685, #876, #1364 ) ;
#1186 = ORIENTED_EDGE ( 'NONE', *, *, #261, .T. ) ;
#1187 = EDGE_CURVE ( 'NONE', #346, #1218, #1014, .T. ) ;
#1188 = DIRECTION ( 'NONE',  ( -0.000000000000000000, 1.000000000000000000, -0.000000000000000000 ) ) ;
#1189 = AXIS2_PLACEMENT_3D ( 'NONE', #869, #1357, #391 ) ;
#1190 = DIRECTION ( 'NONE',  ( 0.000000000000000000, -0.7071067811865476838, -0.7071067811865474617 ) ) ;
#1191 = DIRECTION ( 'NONE',  ( -0.000000000000000000, 1.000000000000000000, -0.000000000000000000 ) ) ;
#1192 = DIRECTION ( 'NONE',  ( 0.000000000000000000, 0.000000000000000000, 1.000000000000000000 ) ) ;
#1193 = ORIENTED_EDGE ( 'NONE', *, *, #851, .T. ) ;
#1194 = DIRECTION ( 'NONE',  ( 0.000000000000000000, -1.000000000000000000, 0.000000000000000000 ) ) ;
#1195 = CARTESIAN_POINT ( 'NONE',  ( 3.499999999999953371, -7.500000000000000000, -2.428612866367729041E-14 ) ) ;
#1196 = EDGE_CURVE ( 'NONE', #656, #75, #1465, .T. ) ;
#1197 = DIRECTION ( 'NONE',  ( 1.000000000000000000, 0.000000000000000000, -8.673617379884885470E-16 ) ) ;
#1198 = CARTESIAN_POINT ( 'NONE',  ( 0.000000000000000000, 0.000000000000000000, 0.000000000000000000 ) ) ;
#1199 = LINE ( 'NONE', #966, #108 ) ;
#1200 = ORIENTED_EDGE ( 'NONE', *, *, #627, .T. ) ;
#1201 = DIRECTION ( 'NONE',  ( 0.000000000000000000, -0.7071067811865455743, -0.7071067811865493491 ) ) ;
#1202 = EDGE_LOOP ( 'NONE', ( #431, #1186, #1092, #1207 ) ) ;
#1203 = DIRECTION ( 'NONE',  ( 0.000000000000000000, -1.000000000000000000, 0.000000000000000000 ) ) ;
#1204 = EDGE_CURVE ( 'NONE', #871, #1335, #838, .T. ) ;
#1205 = DIRECTION ( 'NONE',  ( 8.659560562354932858E-17, -0.7071067811865476838, 0.7071067811865474617 ) ) ;
#1206 = VECTOR ( 'NONE', #1201, 1000.000000000000114 ) ;
#1207 = ORIENTED_EDGE ( 'NONE', *, *, #832, .F. ) ;
#1208 = VECTOR ( 'NONE', #918, 1000.000000000000000 ) ;
#1209 = DIRECTION ( 'NONE',  ( -0.000000000000000000, -1.000000000000000000, -0.000000000000000000 ) ) ;
#1210 = ORIENTED_EDGE ( 'NONE', *, *, #673, .T. ) ;
#1211 = LINE ( 'NONE', #373, #1084 ) ;
#1212 = PERSON_AND_ORGANIZATION ( #983, #1464 ) ;
#1213 = DIRECTION ( 'NONE',  ( -0.000000000000000000, 1.000000000000000000, -0.000000000000000000 ) ) ;
#1214 = CYLINDRICAL_SURFACE ( 'NONE', #241, 1.600000000000000533 ) ;
#1215 = ORIENTED_EDGE ( 'NONE', *, *, #537, .F. ) ;
#1216 = EDGE_CURVE ( 'NONE', #296, #6, #264, .T. ) ;
#1217 = CARTESIAN_POINT ( 'NONE',  ( 1.714505518806294638E-15, -2.500000000000000000, 14.00000000000000000 ) ) ;
#1218 = VERTEX_POINT ( 'NONE', #511 ) ;
#1219 = PERSON_AND_ORGANIZATION ( #983, #1464 ) ;
#1220 = CARTESIAN_POINT ( 'NONE',  ( -9.896555179443873173E-18, 3.500000000000000000, -3.983716857408419632 ) ) ;
#1221 = CYLINDRICAL_SURFACE ( 'NONE', #1111, 9.999999999999998224 ) ;
#1222 = ORIENTED_EDGE ( 'NONE', *, *, #308, .T. ) ;
#1223 = AXIS2_PLACEMENT_3D ( 'NONE', #1253, #660, #1249 ) ;
#1224 = ADVANCED_FACE ( 'NONE', ( #1229 ), #568, .F. ) ;
#1225 = CARTESIAN_POINT ( 'NONE',  ( 13.50000000000001421, -7.500000000000000000, 3.499999999999906297 ) ) ;
#1226 = VERTEX_POINT ( 'NONE', #1473 ) ;
#1227 = COORDINATED_UNIVERSAL_TIME_OFFSET ( 5, 0, .BEHIND. ) ;
#1228 = DIRECTION ( 'NONE',  ( 0.8660254037844385966, 0.000000000000000000, 0.5000000000000001110 ) ) ;
#1229 = FACE_OUTER_BOUND ( 'NONE', #536, .T. ) ;
#1230 = CONICAL_SURFACE ( 'NONE', #755, 1.600000000000000533, 0.7853981633974510546 ) ;
#1231 = EDGE_LOOP ( 'NONE', ( #992, #211, #919, #773 ) ) ;
#1232 = AXIS2_PLACEMENT_3D ( 'NONE', #800, #305, #297 ) ;
#1233 = CIRCLE ( 'NONE', #1184, 1.600000000000000533 ) ;
#1234 = CARTESIAN_POINT ( 'NONE',  ( -1.226238514789767439E-15, 3.500000000000000000, 3.983716857408417855 ) ) ;
#1235 = EDGE_CURVE ( 'NONE', #1145, #1124, #647, .T. ) ;
#1236 = CIRCLE ( 'NONE', #1262, 1.600000000000000755 ) ;
#1237 = VERTEX_POINT ( 'NONE', #400 ) ;
#1238 = AXIS2_PLACEMENT_3D ( 'NONE', #752, #1358, #284 ) ;
#1239 = EDGE_CURVE ( 'NONE', #1124, #644, #640, .T. ) ;
#1240 = PERSON_AND_ORGANIZATION_ROLE ( 'design_supplier' ) ;
#1241 = FACE_OUTER_BOUND ( 'NONE', #1374, .T. ) ;
#1242 = CARTESIAN_POINT ( 'NONE',  ( -9.896555179443873173E-18, 3.500000000000000000, -3.983716857408419632 ) ) ;
#1243 = ORIENTED_EDGE ( 'NONE', *, *, #1524, .T. ) ;
#1244 = ORIENTED_EDGE ( 'NONE', *, *, #378, .T. ) ;
#1245 = DIRECTION ( 'NONE',  ( 0.000000000000000000, 0.000000000000000000, -1.000000000000000000 ) ) ;
#1246 = ORIENTED_EDGE ( 'NONE', *, *, #15, .F. ) ;
#1247 = DATE_TIME_ROLE ( 'creation_date' ) ;
#1248 = EDGE_CURVE ( 'NONE', #1140, #1237, #520, .T. ) ;
#1249 = DIRECTION ( 'NONE',  ( 0.000000000000000000, -0.000000000000000000, -1.000000000000000000 ) ) ;
#1250 = DIRECTION ( 'NONE',  ( -0.000000000000000000, -1.000000000000000000, -0.000000000000000000 ) ) ;
#1251 = ORIENTED_EDGE ( 'NONE', *, *, #976, .F. ) ;
#1252 = DIRECTION ( 'NONE',  ( 0.000000000000000000, 0.000000000000000000, -1.000000000000000000 ) ) ;
#1253 = CARTESIAN_POINT ( 'NONE',  ( 0.000000000000000000, -2.500000000000000000, 0.000000000000000000 ) ) ;
#1254 = ADVANCED_FACE ( 'NONE', ( #870 ), #1214, .F. ) ;
#1255 = DIRECTION ( 'NONE',  ( 1.088633767200839429E-16, 0.000000000000000000, -1.000000000000000000 ) ) ;
#1256 = ORIENTED_EDGE ( 'NONE', *, *, #1376, .T. ) ;
#1257 = CIRCLE ( 'NONE', #1154, 1.600000000000000533 ) ;
#1258 = VERTEX_POINT ( 'NONE', #1003 ) ;
#1259 = CONICAL_SURFACE ( 'NONE', #590, 2.125000000000000000, 0.7853981633974481680 ) ;
#1260 = VECTOR ( 'NONE', #344, 1000.000000000000114 ) ;
#1261 = CARTESIAN_POINT ( 'NONE',  ( -13.50000000000013323, -7.500000000000000000, -3.500000000000025313 ) ) ;
#1262 = AXIS2_PLACEMENT_3D ( 'NONE', #829, #91, #1521 ) ;
#1263 = AXIS2_PLACEMENT_3D ( 'NONE', #1123, #997, #393 ) ;
#1264 = CARTESIAN_POINT ( 'NONE',  ( 3.499999999999953371, -7.500000000000000000, -2.475603021122175940E-14 ) ) ;
#1265 = CARTESIAN_POINT ( 'NONE',  ( 3.450000000000000178, 3.500000000000000000, 1.991858428704209816 ) ) ;
#1266 = AXIS2_PLACEMENT_3D ( 'NONE', #731, #1088, #864 ) ;
#1267 = ORIENTED_EDGE ( 'NONE', *, *, #1204, .F. ) ;
#1268 = EDGE_CURVE ( 'NONE', #678, #812, #1373, .T. ) ;
#1269 = ORIENTED_EDGE ( 'NONE', *, *, #1544, .T. ) ;
#1270 = LINE ( 'NONE', #1008, #1463 ) ;
#1271 = VERTEX_POINT ( 'NONE', #1479 ) ;
#1272 = DIRECTION ( 'NONE',  ( 0.000000000000000000, 0.000000000000000000, -1.000000000000000000 ) ) ;
#1273 = CARTESIAN_POINT ( 'NONE',  ( 1.714505518806294638E-15, 3.500000000000000000, 14.00000000000000000 ) ) ;
#1274 = ORIENTED_EDGE ( 'NONE', *, *, #4, .T. ) ;
#1275 = EDGE_LOOP ( 'NONE', ( #1045, #718, #17, #1024 ) ) ;
#1276 = DIRECTION ( 'NONE',  ( 0.8660254037844388186, 0.000000000000000000, -0.4999999999999996669 ) ) ;
#1277 = EDGE_CURVE ( 'NONE', #1159, #699, #90, .T. ) ;
#1278 = VECTOR ( 'NONE', #1427, 1000.000000000000000 ) ;
#1279 = LINE ( 'NONE', #1261, #412 ) ;
#1280 = FACE_OUTER_BOUND ( 'NONE', #174, .T. ) ;
#1281 = DIRECTION ( 'NONE',  ( 0.000000000000000000, -0.000000000000000000, 1.000000000000000000 ) ) ;
#1282 = VERTEX_POINT ( 'NONE', #270 ) ;
#1283 = ORIENTED_EDGE ( 'NONE', *, *, #50, .F. ) ;
#1284 = DIRECTION ( 'NONE',  ( 7.073151488920597576E-15, 0.000000000000000000, 1.000000000000000000 ) ) ;
#1285 = APPROVAL ( #587, 'UNSPECIFIED' ) ;
#1286 = CARTESIAN_POINT ( 'NONE',  ( 1.959434878635764984E-16, -0.9999999999999995559, -8.400000000000000355 ) ) ;
#1287 = AXIS2_PLACEMENT_3D ( 'NONE', #1136, #903, #445 ) ;
#1288 = ADVANCED_FACE ( 'NONE', ( #181 ), #1221, .T. ) ;
#1289 = DIRECTION ( 'NONE',  ( 0.000000000000000000, -0.000000000000000000, -1.000000000000000000 ) ) ;
#1290 = CARTESIAN_POINT ( 'NONE',  ( -3.450000000000000178, 3.500000000000000000, -1.991858428704210926 ) ) ;
#1291 = AXIS2_PLACEMENT_3D ( 'NONE', #729, #1078, #9 ) ;
#1292 = EDGE_LOOP ( 'NONE', ( #249, #744 ) ) ;
#1293 = ORIENTED_EDGE ( 'NONE', *, *, #1489, .T. ) ;
#1294 = FACE_OUTER_BOUND ( 'NONE', #1366, .T. ) ;
#1295 = DIRECTION ( 'NONE',  ( 3.277801909499789005E-15, 0.000000000000000000, 1.000000000000000000 ) ) ;
#1296 = CARTESIAN_POINT ( 'NONE',  ( 1.959434878635764984E-16, 3.500000000000000000, -8.400000000000000355 ) ) ;
#1297 = EDGE_CURVE ( 'NONE', #424, #407, #405, .T. ) ;
#1298 = PERSON_AND_ORGANIZATION ( #983, #1464 ) ;
#1299 = ORIENTED_EDGE ( 'NONE', *, *, #357, .F. ) ;
#1300 = ORIENTED_EDGE ( 'NONE', *, *, #929, .F. ) ;
#1301 = CARTESIAN_POINT ( 'NONE',  ( -3.450000000000000622, 3.500000000000000000, 1.991858428704208928 ) ) ;
#1302 = FACE_OUTER_BOUND ( 'NONE', #1166, .T. ) ;
#1303 = DIRECTION ( 'NONE',  ( -0.000000000000000000, 1.000000000000000000, -0.000000000000000000 ) ) ;
#1304 = DIRECTION ( 'NONE',  ( -0.000000000000000000, -1.000000000000000000, -0.000000000000000000 ) ) ;
#1305 = EDGE_CURVE ( 'NONE', #106, #1000, #1468, .T. ) ;
#1306 = ORIENTED_EDGE ( 'NONE', *, *, #289, .F. ) ;
#1307 = CARTESIAN_POINT ( 'NONE',  ( -9.999999999999998224, 3.500000000000000000, -1.047444401652940007E-13 ) ) ;
#1308 = AXIS2_PLACEMENT_3D ( 'NONE', #610, #990, #160 ) ;
#1309 = UNCERTAINTY_MEASURE_WITH_UNIT (LENGTH_MEASURE( 1.000000000000000082E-05 ), #965, 'distance_accuracy_value', 'NONE');
#1310 = CARTESIAN_POINT ( 'NONE',  ( -13.55544171172596002, -7.500000000000000000, -3.499999999999998224 ) ) ;
#1311 = AXIS2_PLACEMENT_3D ( 'NONE', #1085, #1179, #1432 ) ;
#1312 = DIRECTION ( 'NONE',  ( -0.000000000000000000, 1.000000000000000000, -0.000000000000000000 ) ) ;
#1313 = CIRCLE ( 'NONE', #113, 14.00000000000000000 ) ;
#1314 = CALENDAR_DATE ( 2026, 24, 8 ) ;
#1315 = AXIS2_PLACEMENT_3D ( 'NONE', #481, #5, #473 ) ;
#1316 = VECTOR ( 'NONE', #247, 1000.000000000000000 ) ;
#1317 = VECTOR ( 'NONE', #1515, 1000.000000000000000 ) ;
#1318 = EDGE_LOOP ( 'NONE', ( #1356, #942, #52, #157 ) ) ;
#1319 = CYLINDRICAL_SURFACE ( 'NONE', #165, 1.600000000000000533 ) ;
#1320 = FACE_OUTER_BOUND ( 'NONE', #1090, .T. ) ;
#1321 = CARTESIAN_POINT ( 'NONE',  ( 13.55544171172593693, -7.500000000000000000, -3.500000000000091038 ) ) ;
#1322 =( NAMED_UNIT ( * ) PLANE_ANGLE_UNIT ( ) SI_UNIT ( $, .RADIAN. ) );
#1323 = CARTESIAN_POINT ( 'NONE',  ( 3.500000000000049294, -7.500000000000000000, 13.55544171172594758 ) ) ;
#1324 = VERTEX_POINT ( 'NONE', #917 ) ;
#1325 = DIRECTION ( 'NONE',  ( -0.000000000000000000, -1.000000000000000000, -0.000000000000000000 ) ) ;
#1326 = ADVANCED_FACE ( 'NONE', ( #302 ), #495, .F. ) ;
#1327 = ORIENTED_EDGE ( 'NONE', *, *, #470, .F. ) ;
#1328 = LINE ( 'NONE', #1321, #1316 ) ;
#1329 = DIRECTION ( 'NONE',  ( 7.073151488920597576E-15, 0.000000000000000000, 1.000000000000000000 ) ) ;
#1330 = CARTESIAN_POINT ( 'NONE',  ( -1.226238514789767439E-15, 0.000000000000000000, 3.983716857408417855 ) ) ;
#1331 = ORIENTED_EDGE ( 'NONE', *, *, #747, .T. ) ;
#1332 = FACE_OUTER_BOUND ( 'NONE', #457, .T. ) ;
#1333 = VECTOR ( 'NONE', #1213, 1000.000000000000000 ) ;
#1334 = CC_DESIGN_PERSON_AND_ORGANIZATION_ASSIGNMENT ( #533, #1112, ( #786 ) ) ;
#1335 = VERTEX_POINT ( 'NONE', #796 ) ;
#1336 = CARTESIAN_POINT ( 'NONE',  ( 0.000000000000000000, 3.500000000000000000, -14.00000000000000000 ) ) ;
#1337 = AXIS2_PLACEMENT_3D ( 'NONE', #435, #775, #44 ) ;
#1338 = AXIS2_PLACEMENT_3D ( 'NONE', #1425, #273, #873 ) ;
#1339 = EDGE_CURVE ( 'NONE', #1006, #1413, #1403, .T. ) ;
#1340 = SECURITY_CLASSIFICATION ( '', '', #623 ) ;
#1341 = LINE ( 'NONE', #739, #782 ) ;
#1342 = AXIS2_PLACEMENT_3D ( 'NONE', #452, #443, #329 ) ;
#1343 = AXIS2_PLACEMENT_3D ( 'NONE', #1149, #422, #580 ) ;
#1344 = CARTESIAN_POINT ( 'NONE',  ( 1.252896650933793229E-14, -2.500000000000000000, 3.499999999999952482 ) ) ;
#1345 = VERTEX_POINT ( 'NONE', #185 ) ;
#1346 = CONICAL_SURFACE ( 'NONE', #1036, 1.600000000000000755, 0.7853981633974487231 ) ;
#1347 = VECTOR ( 'NONE', #608, 1000.000000000000000 ) ;
#1348 = DIRECTION ( 'NONE',  ( 0.000000000000000000, 1.000000000000000000, 0.000000000000000000 ) ) ;
#1349 = VECTOR ( 'NONE', #1351, 1000.000000000000114 ) ;
#1350 = ORIENTED_EDGE ( 'NONE', *, *, #747, .F. ) ;
#1351 = DIRECTION ( 'NONE',  ( -0.8660254037844387076, 0.000000000000000000, 0.4999999999999998890 ) ) ;
#1352 = ADVANCED_FACE ( 'NONE', ( #926, #803, #661, #447, #74, #429 ), #1035, .T. ) ;
#1353 = DIRECTION ( 'NONE',  ( 0.000000000000000000, 0.000000000000000000, -1.000000000000000000 ) ) ;
#1354 = ORIENTED_EDGE ( 'NONE', *, *, #205, .T. ) ;
#1355 = DIRECTION ( 'NONE',  ( 0.000000000000000000, 0.000000000000000000, -1.000000000000000000 ) ) ;
#1356 = ORIENTED_EDGE ( 'NONE', *, *, #609, .F. ) ;
#1357 = DIRECTION ( 'NONE',  ( -0.000000000000000000, 1.000000000000000000, 0.000000000000000000 ) ) ;
#1358 = DIRECTION ( 'NONE',  ( -0.000000000000000000, 1.000000000000000000, -0.000000000000000000 ) ) ;
#1359 = ADVANCED_FACE ( 'NONE', ( #1412 ), #334, .T. ) ;
#1360 = ORIENTED_EDGE ( 'NONE', *, *, #798, .F. ) ;
#1361 = CARTESIAN_POINT ( 'NONE',  ( -6.982962677686266711E-14, 3.500000000000000000, 10.00000000000000000 ) ) ;
#1362 = ORIENTED_EDGE ( 'NONE', *, *, #1204, .T. ) ;
#1363 = PLANE ( 'NONE',  #1337 ) ;
#1364 = DIRECTION ( 'NONE',  ( 0.000000000000000000, 0.000000000000000000, -1.000000000000000000 ) ) ;
#1365 = ORIENTED_EDGE ( 'NONE', *, *, #342, .T. ) ;
#1366 = EDGE_LOOP ( 'NONE', ( #778, #1422, #1480, #458 ) ) ;
#1367 = CARTESIAN_POINT ( 'NONE',  ( 0.000000000000000000, 3.500000000000000000, -10.00000000000000000 ) ) ;
#1368 = EDGE_CURVE ( 'NONE', #271, #228, #1062, .T. ) ;
#1369 = VECTOR ( 'NONE', #1415, 1000.000000000000000 ) ;
#1370 = ORIENTED_EDGE ( 'NONE', *, *, #92, .T. ) ;
#1371 = CALENDAR_DATE ( 2026, 24, 8 ) ;
#1372 = DIRECTION ( 'NONE',  ( 0.000000000000000000, -1.000000000000000000, 0.000000000000000000 ) ) ;
#1373 = LINE ( 'NONE', #1344, #367 ) ;
#1374 = EDGE_LOOP ( 'NONE', ( #259, #1274, #280, #173 ) ) ;
#1375 = ORIENTED_EDGE ( 'NONE', *, *, #619, .F. ) ;
#1376 = EDGE_CURVE ( 'NONE', #75, #981, #207, .T. ) ;
#1377 = CARTESIAN_POINT ( 'NONE',  ( 10.00000000000000000, -2.500000000000000000, 3.491481338843133355E-14 ) ) ;
#1378 = DIRECTION ( 'NONE',  ( 0.000000000000000000, 0.000000000000000000, 1.000000000000000000 ) ) ;
#1379 = DIRECTION ( 'NONE',  ( 8.659560562354956277E-17, -0.7071067811865455743, 0.7071067811865493491 ) ) ;
#1380 = VERTEX_POINT ( 'NONE', #219 ) ;
#1381 = ORIENTED_EDGE ( 'NONE', *, *, #609, .T. ) ;
#1382 = CARTESIAN_POINT ( 'NONE',  ( 13.49999999999989164, -7.500000000000000000, -3.500000000000091038 ) ) ;
#1383 = DIRECTION ( 'NONE',  ( -0.5000000000000000000, 0.000000000000000000, 0.8660254037844387076 ) ) ;
#1384 = DIRECTION ( 'NONE',  ( 0.000000000000000000, 1.000000000000000000, 0.000000000000000000 ) ) ;
#1385 = EDGE_CURVE ( 'NONE', #1086, #629, #684, .T. ) ;
#1386 = CARTESIAN_POINT ( 'NONE',  ( 0.000000000000000000, 3.500000000000000000, -14.00000000000000000 ) ) ;
#1387 = ORIENTED_EDGE ( 'NONE', *, *, #740, .T. ) ;
#1388 = AXIS2_PLACEMENT_3D ( 'NONE', #1367, #1117, #167 ) ;
#1389 = CC_DESIGN_APPROVAL ( #680, ( #1340 ) ) ;
#1390 = CARTESIAN_POINT ( 'NONE',  ( -1.226238514789767439E-15, 3.500000000000000000, 3.983716857408417855 ) ) ;
#1391 = VECTOR ( 'NONE', #1209, 1000.000000000000000 ) ;
#1392 = VECTOR ( 'NONE', #1304, 1000.000000000000000 ) ;
#1393 = DIRECTION ( 'NONE',  ( 0.000000000000000000, 1.000000000000000000, 0.000000000000000000 ) ) ;
#1394 = CIRCLE ( 'NONE', #1238, 3.100000000000008971 ) ;
#1395 = PLANE ( 'NONE',  #1223 ) ;
#1396 = CARTESIAN_POINT ( 'NONE',  ( -3.035766082959742159E-15, -7.500000000000000000, -3.500000000000036859 ) ) ;
#1397 = ORIENTED_EDGE ( 'NONE', *, *, #478, .T. ) ;
#1398 = EDGE_CURVE ( 'NONE', #1145, #522, #1233, .T. ) ;
#1399 = ORIENTED_EDGE ( 'NONE', *, *, #832, .T. ) ;
#1400 = CARTESIAN_POINT ( 'NONE',  ( 3.449999999999999289, 3.500000000000000000, -1.991858428704210926 ) ) ;
#1401 = VERTEX_POINT ( 'NONE', #893 ) ;
#1402 = CARTESIAN_POINT ( 'NONE',  ( 0.000000000000000000, -2.500000000000000000, 0.000000000000000000 ) ) ;
#1403 = LINE ( 'NONE', #1396, #715 ) ;
#1404 = CARTESIAN_POINT ( 'NONE',  ( 0.000000000000000000, -1.000000000000000000, 2.125000000000000000 ) ) ;
#1405 = ORIENTED_EDGE ( 'NONE', *, *, #15, .T. ) ;
#1406 = EDGE_CURVE ( 'NONE', #555, #271, #67, .T. ) ;
#1407 = VERTEX_POINT ( 'NONE', #1019 ) ;
#1408 = EDGE_CURVE ( 'NONE', #403, #678, #162, .T. ) ;
#1409 = CARTESIAN_POINT ( 'NONE',  ( 0.000000000000000000, -2.500000000000000000, -13.10000000000000853 ) ) ;
#1410 = CARTESIAN_POINT ( 'NONE',  ( 10.00000000000000000, 3.500000000000000000, 3.491481338843133355E-14 ) ) ;
#1411 = CARTESIAN_POINT ( 'NONE',  ( 0.000000000000000000, -7.500000000000000000, 0.000000000000000000 ) ) ;
#1412 = FACE_OUTER_BOUND ( 'NONE', #36, .T. ) ;
#1413 = VERTEX_POINT ( 'NONE', #1051 ) ;
#1414 = ORIENTED_EDGE ( 'NONE', *, *, #299, .T. ) ;
#1415 = DIRECTION ( 'NONE',  ( -1.000000000000000000, 0.000000000000000000, 3.579704716953743512E-15 ) ) ;
#1416 = DIRECTION ( 'NONE',  ( 0.000000000000000000, 0.000000000000000000, -1.000000000000000000 ) ) ;
#1417 = CIRCLE ( 'NONE', #589, 14.00000000000000000 ) ;
#1418 = EDGE_CURVE ( 'NONE', #358, #1324, #573, .T. ) ;
#1419 = DIRECTION ( 'NONE',  ( 0.8660254037844387076, 0.000000000000000000, -0.4999999999999998890 ) ) ;
#1420 = LINE ( 'NONE', #117, #1260 ) ;
#1421 = CIRCLE ( 'NONE', #736, 14.00000000000000000 ) ;
#1422 = ORIENTED_EDGE ( 'NONE', *, *, #1517, .T. ) ;
#1423 = EDGE_LOOP ( 'NONE', ( #1027, #1446, #394, #1251 ) ) ;
#1424 = DIRECTION ( 'NONE',  ( 0.000000000000000000, 0.000000000000000000, 1.000000000000000000 ) ) ;
#1425 = CARTESIAN_POINT ( 'NONE',  ( -6.982962677686266711E-14, -2.500000000000000000, 10.00000000000000000 ) ) ;
#1426 = EDGE_CURVE ( 'NONE', #915, #41, #669, .T. ) ;
#1427 = DIRECTION ( 'NONE',  ( 1.000000000000000000, 0.000000000000000000, -8.673617379884886456E-16 ) ) ;
#1428 = CARTESIAN_POINT ( 'NONE',  ( -6.982962677686266711E-14, 3.500000000000000000, 8.400000000000000355 ) ) ;
#1429 = ORIENTED_EDGE ( 'NONE', *, *, #1499, .T. ) ;
#1430 = ORIENTED_EDGE ( 'NONE', *, *, #954, .F. ) ;
#1431 = DIRECTION ( 'NONE',  ( 0.000000000000000000, -1.000000000000000000, 0.000000000000000000 ) ) ;
#1432 = DIRECTION ( 'NONE',  ( 0.000000000000000000, 0.000000000000000000, 1.000000000000000000 ) ) ;
#1433 = CARTESIAN_POINT ( 'NONE',  ( 0.000000000000000000, 3.500000000000000000, -11.60000000000000142 ) ) ;
#1434 = LINE ( 'NONE', #1428, #1392 ) ;
#1435 = ORIENTED_EDGE ( 'NONE', *, *, #711, .T. ) ;
#1436 = LINE ( 'NONE', #595, #662 ) ;
#1437 = CYLINDRICAL_SURFACE ( 'NONE', #1311, 10.00000000000000000 ) ;
#1438 = VECTOR ( 'NONE', #1504, 1000.000000000000000 ) ;
#1439 = CC_DESIGN_APPROVAL ( #1514, ( #786 ) ) ;
#1440 = DIRECTION ( 'NONE',  ( -0.000000000000000000, 1.000000000000000000, -0.000000000000000000 ) ) ;
#1441 = AXIS2_PLACEMENT_3D ( 'NONE', #922, #1510, #1022 ) ;
#1442 = DIRECTION ( 'NONE',  ( 0.000000000000000000, -1.000000000000000000, 0.000000000000000000 ) ) ;
#1443 = LINE ( 'NONE', #368, #500 ) ;
#1444 = ADVANCED_FACE ( 'NONE', ( #788 ), #676, .F. ) ;
#1445 = VECTOR ( 'NONE', #746, 1000.000000000000000 ) ;
#1446 = ORIENTED_EDGE ( 'NONE', *, *, #1297, .F. ) ;
#1447 = CARTESIAN_POINT ( 'NONE',  ( 13.49999999999985967, -2.500000000000000444, -13.50000000000009237 ) ) ;
#1448 = LINE ( 'NONE', #1073, #813 ) ;
#1449 = DIRECTION ( 'NONE',  ( -1.000000000000000000, 0.000000000000000000, 3.469446951953472194E-15 ) ) ;
#1450 = ORIENTED_EDGE ( 'NONE', *, *, #1524, .F. ) ;
#1451 = EDGE_CURVE ( 'NONE', #656, #1160, #562, .T. ) ;
#1452 = CARTESIAN_POINT ( 'NONE',  ( 3.500000000000049294, -2.500000000000000000, 13.55544171172594758 ) ) ;
#1453 = ORIENTED_EDGE ( 'NONE', *, *, #891, .T. ) ;
#1454 = LINE ( 'NONE', #3, #1347 ) ;
#1455 = CARTESIAN_POINT ( 'NONE',  ( 10.00000000000000000, -0.9999999999999995559, 3.491481338843133355E-14 ) ) ;
#1456 = ORIENTED_EDGE ( 'NONE', *, *, #1046, .T. ) ;
#1457 = DIRECTION ( 'NONE',  ( -0.000000000000000000, -1.000000000000000000, -0.000000000000000000 ) ) ;
#1458 = EDGE_CURVE ( 'NONE', #779, #58, #1026, .T. ) ;
#1459 = EDGE_LOOP ( 'NONE', ( #1256, #1039, #1502, #1134, #1047, #285 ) ) ;
#1460 = APPROVAL_ROLE ( '' ) ;
#1461 = VECTOR ( 'NONE', #348, 1000.000000000000114 ) ;
#1462 = CYLINDRICAL_SURFACE ( 'NONE', #1189, 10.00000000000000000 ) ;
#1463 = VECTOR ( 'NONE', #896, 1000.000000000000114 ) ;
#1464 = ORGANIZATION ( 'UNSPECIFIED', 'UNSPECIFIED', '' ) ;
#1465 = LINE ( 'NONE', #276, #1445 ) ;
#1466 = EDGE_LOOP ( 'NONE', ( #1283, #735, #82, #1142 ) ) ;
#1467 = AXIS2_PLACEMENT_3D ( 'NONE', #455, #355, #224 ) ;
#1468 = CIRCLE ( 'NONE', #287, 1.600000000000000755 ) ;
#1469 = DIRECTION ( 'NONE',  ( -0.000000000000000000, 1.000000000000000000, -0.000000000000000000 ) ) ;
#1470 = ORIENTED_EDGE ( 'NONE', *, *, #1408, .F. ) ;
#1471 = EDGE_CURVE ( 'NONE', #58, #420, #59, .T. ) ;
#1472 = DIRECTION ( 'NONE',  ( 0.000000000000000000, 0.000000000000000000, -1.000000000000000000 ) ) ;
#1473 = CARTESIAN_POINT ( 'NONE',  ( 13.55544171172593693, -7.500000000000000000, -3.500000000000091038 ) ) ;
#1474 = ORIENTED_EDGE ( 'NONE', *, *, #1099, .T. ) ;
#1475 = FACE_OUTER_BOUND ( 'NONE', #857, .T. ) ;
#1476 = ORIENTED_EDGE ( 'NONE', *, *, #968, .T. ) ;
#1477 = PLANE ( 'NONE',  #1133 ) ;
#1478 = AXIS2_PLACEMENT_3D ( 'NONE', #761, #333, #932 ) ;
#1479 = CARTESIAN_POINT ( 'NONE',  ( -13.55544171172595824, -7.500000000000000000, 3.500000000000000888 ) ) ;
#1480 = ORIENTED_EDGE ( 'NONE', *, *, #1167, .F. ) ;
#1481 = EDGE_CURVE ( 'NONE', #648, #1000, #1434, .T. ) ;
#1482 = CARTESIAN_POINT ( 'NONE',  ( -9.999999999999998224, 3.500000000000000000, -1.047444401652940007E-13 ) ) ;
#1483 = ORIENTED_EDGE ( 'NONE', *, *, #1239, .T. ) ;
#1484 = CALENDAR_DATE ( 2026, 24, 8 ) ;
#1485 = CARTESIAN_POINT ( 'NONE',  ( 2.602374448188125350E-16, 0.000000000000000000, -2.125000000000000000 ) ) ;
#1486 = DIRECTION ( 'NONE',  ( 0.000000000000000000, 0.000000000000000000, 1.000000000000000000 ) ) ;
#1487 = CIRCLE ( 'NONE', #1287, 14.00000000000000000 ) ;
#1488 = ORIENTED_EDGE ( 'NONE', *, *, #1216, .T. ) ;
#1489 = EDGE_CURVE ( 'NONE', #407, #524, #313, .T. ) ;
#1490 = ORIENTED_EDGE ( 'NONE', *, *, #756, .F. ) ;
#1491 = PLANE ( 'NONE',  #1342 ) ;
#1492 = AXIS2_PLACEMENT_3D ( 'NONE', #925, #579, #116 ) ;
#1493 = VERTEX_POINT ( 'NONE', #366 ) ;
#1494 = CARTESIAN_POINT ( 'NONE',  ( -13.50000000000000178, -2.500000000000000000, 3.500000000000000444 ) ) ;
#1495 = DIRECTION ( 'NONE',  ( -0.000000000000000000, -1.000000000000000000, -0.000000000000000000 ) ) ;
#1496 = ORIENTED_EDGE ( 'NONE', *, *, #1368, .T. ) ;
#1497 = ORIENTED_EDGE ( 'NONE', *, *, #399, .T. ) ;
#1498 = PLANE ( 'NONE',  #31 ) ;
#1499 = EDGE_CURVE ( 'NONE', #648, #303, #188, .T. ) ;
#1500 = CARTESIAN_POINT ( 'NONE',  ( 0.000000000000000000, 0.000000000000000000, 0.000000000000000000 ) ) ;
#1501 = DIRECTION ( 'NONE',  ( 1.000000000000000000, 0.000000000000000000, -8.673617379884886456E-16 ) ) ;
#1502 = ORIENTED_EDGE ( 'NONE', *, *, #129, .T. ) ;
#1503 = ORIENTED_EDGE ( 'NONE', *, *, #243, .T. ) ;
#1504 = DIRECTION ( 'NONE',  ( -0.000000000000000000, 1.000000000000000000, -0.000000000000000000 ) ) ;
#1505 = EDGE_CURVE ( 'NONE', #1237, #1140, #237, .T. ) ;
#1506 = CARTESIAN_POINT ( 'NONE',  ( -9.999999999999998224, -0.9999999999999995559, 1.599999999999895728 ) ) ;
#1507 = CARTESIAN_POINT ( 'NONE',  ( 1.959434878635765477E-16, 3.500000000000000000, -8.400000000000000355 ) ) ;
#1508 = ORIENTED_EDGE ( 'NONE', *, *, #11, .T. ) ;
#1509 = ORIENTED_EDGE ( 'NONE', *, *, #243, .F. ) ;
#1510 = DIRECTION ( 'NONE',  ( -0.000000000000000000, 1.000000000000000000, -0.000000000000000000 ) ) ;
#1511 = CIRCLE ( 'NONE', #708, 3.100000000000008971 ) ;
#1512 = CARTESIAN_POINT ( 'NONE',  ( -13.50000000000014211, -7.500000000000000000, -13.50000000000002487 ) ) ;
#1513 = DIRECTION ( 'NONE',  ( 0.000000000000000000, 0.000000000000000000, -1.000000000000000000 ) ) ;
#1514 = APPROVAL ( #25, 'UNSPECIFIED' ) ;
#1515 = DIRECTION ( 'NONE',  ( -1.088633767200839429E-16, 0.000000000000000000, 1.000000000000000000 ) ) ;
#1516 = ORIENTED_EDGE ( 'NONE', *, *, #1418, .F. ) ;
#1517 = EDGE_CURVE ( 'NONE', #58, #1401, #1420, .T. ) ;
#1518 = ORIENTED_EDGE ( 'NONE', *, *, #1505, .F. ) ;
#1519 = LINE ( 'NONE', #702, #115 ) ;
#1520 = ORIENTED_EDGE ( 'NONE', *, *, #272, .T. ) ;
#1521 = DIRECTION ( 'NONE',  ( 0.000000000000000000, 0.000000000000000000, -1.000000000000000000 ) ) ;
#1522 = DIRECTION ( 'NONE',  ( 0.000000000000000000, 0.000000000000000000, -1.000000000000000000 ) ) ;
#1523 = ORIENTED_EDGE ( 'NONE', *, *, #1426, .F. ) ;
#1524 = EDGE_CURVE ( 'NONE', #203, #937, #1106, .T. ) ;
#1525 = EDGE_LOOP ( 'NONE', ( #1175, #970, #1470, #927 ) ) ;
#1526 = CARTESIAN_POINT ( 'NONE',  ( 10.00000000000000000, -0.9999999999999995559, -1.599999999999965672 ) ) ;
#1527 = DIRECTION ( 'NONE',  ( 0.000000000000000000, -1.000000000000000000, 0.000000000000000000 ) ) ;
#1528 = CARTESIAN_POINT ( 'NONE',  ( 3.500000000000049294, -7.500000000000000000, 13.55544171172594758 ) ) ;
#1529 = ORIENTED_EDGE ( 'NONE', *, *, #976, .T. ) ;
#1530 = ORIENTED_EDGE ( 'NONE', *, *, #1268, .F. ) ;
#1531 = PRODUCT_DEFINITION ( 'UNKNOWN', '', #786, #1178 ) ;
#1532 = FACE_OUTER_BOUND ( 'NONE', #505, .T. ) ;
#1533 = DIRECTION ( 'NONE',  ( 0.000000000000000000, -1.000000000000000000, 0.000000000000000000 ) ) ;
#1534 = VECTOR ( 'NONE', #909, 1000.000000000000000 ) ;
#1535 = AXIS2_PLACEMENT_3D ( 'NONE', #1301, #806, #468 ) ;
#1536 = CARTESIAN_POINT ( 'NONE',  ( -13.55544171172596002, -2.500000000000000000, -3.499999999999998224 ) ) ;
#1537 = DIRECTION ( 'NONE',  ( 0.000000000000000000, 0.000000000000000000, -1.000000000000000000 ) ) ;
#1538 = AXIS2_PLACEMENT_3D ( 'NONE', #900, #1044, #1157 ) ;
#1539 = VERTEX_POINT ( 'NONE', #487 ) ;
#1540 = ORIENTED_EDGE ( 'NONE', *, *, #1187, .F. ) ;
#1541 = LINE ( 'NONE', #460, #1369 ) ;
#1542 = CARTESIAN_POINT ( 'NONE',  ( -1.147230668324941456E-14, -7.500000000000000000, -3.500000000000047073 ) ) ;
#1543 = AXIS2_PLACEMENT_3D ( 'NONE', #1455, #841, #152 ) ;
#1544 = EDGE_CURVE ( 'NONE', #1380, #611, #124, .T. ) ;
#1545 = CARTESIAN_POINT ( 'NONE',  ( -3.499999999999960032, -7.500000000000000000, 13.55544171172597068 ) ) ;
#1546 = COORDINATED_UNIVERSAL_TIME_OFFSET ( 5, 0, .BEHIND. ) ;
#1547 = ORIENTED_EDGE ( 'NONE', *, *, #516, .T. ) ;
ENDSEC;
END-ISO-10303-21;
