ISO-10303-21;
HEADER;
FILE_DESCRIPTION (( 'STEP AP203' ),
    '1' );
FILE_NAME ('Output_1.STEP',
    '2026-08-25T02:50:15',
    ( '' ),
    ( '' ),
    'SwSTEP 2.0',
    'SolidWorks 2025',
    '' );
FILE_SCHEMA (( 'CONFIG_CONTROL_DESIGN' ));
ENDSEC;

DATA;
#1 = CARTESIAN_POINT ( 'NONE',  ( -22.48076211353307130, 2.500000000000000000, 17.02072594216385326 ) ) ;
#2 = CARTESIAN_POINT ( 'NONE',  ( 25.98076211353309262, 9.499999999999975131, 15.00000000000012257 ) ) ;
#3 = ORIENTED_EDGE ( 'NONE', *, *, #2262, .T. ) ;
#4 = LINE ( 'NONE', #1268, #138 ) ;
#5 = EDGE_CURVE ( 'NONE', #858, #25, #782, .T. ) ;
#6 = VERTEX_POINT ( 'NONE', #1447 ) ;
#7 = EDGE_CURVE ( 'NONE', #1245, #1784, #590, .T. ) ;
#8 = DIRECTION ( 'NONE',  ( 0.000000000000000000, 0.000000000000000000, 1.000000000000000000 ) ) ;
#9 = EDGE_CURVE ( 'NONE', #1946, #796, #1106, .T. ) ;
#10 = CARTESIAN_POINT ( 'NONE',  ( 3.500000000000206057, 0.000000000000000000, 27.97927405783630661 ) ) ;
#11 = DIRECTION ( 'NONE',  ( 0.4999999999999991673, -0.000000000000000000, 0.8660254037844391517 ) ) ;
#12 = DIRECTION ( 'NONE',  ( 0.000000000000000000, 1.000000000000000000, 0.000000000000000000 ) ) ;
#13 = ORIENTED_EDGE ( 'NONE', *, *, #1544, .F. ) ;
#14 = DIRECTION ( 'NONE',  ( -8.584654849926617683E-16, 0.000000000000000000, 1.000000000000000000 ) ) ;
#15 = LINE ( 'NONE', #757, #2316 ) ;
#16 = PLANE ( 'NONE',  #143 ) ;
#17 = DIRECTION ( 'NONE',  ( -1.000000000000000000, 0.000000000000000000, 0.000000000000000000 ) ) ;
#18 = EDGE_CURVE ( 'NONE', #2149, #603, #15, .T. ) ;
#19 = CIRCLE ( 'NONE', #439, 2.099999999999999645 ) ;
#20 = DIRECTION ( 'NONE',  ( 0.000000000000000000, 0.000000000000000000, -1.000000000000000000 ) ) ;
#21 = DIRECTION ( 'NONE',  ( -0.8660254037844388186, 0.000000000000000000, -0.4999999999999996669 ) ) ;
#22 = PRODUCT_RELATED_PRODUCT_CATEGORY ( 'detail', '', ( #1959 ) ) ;
#23 = CIRCLE ( 'NONE', #252, 2.100000000000002753 ) ;
#24 = VECTOR ( 'NONE', #200, 1000.000000000000000 ) ;
#25 = VERTEX_POINT ( 'NONE', #393 ) ;
#26 = VECTOR ( 'NONE', #1256, 1000.000000000000227 ) ;
#27 = CARTESIAN_POINT ( 'NONE',  ( 0.000000000000000000, 10.00000000000000000, 0.000000000000000000 ) ) ;
#28 = CARTESIAN_POINT ( 'NONE',  ( 22.48076211353325959, 2.500000000000000000, 17.02072594216351575 ) ) ;
#29 = VECTOR ( 'NONE', #1925, 1000.000000000000114 ) ;
#30 = DIRECTION ( 'NONE',  ( -1.000000000000000000, 0.000000000000000000, -8.584654849926643321E-16 ) ) ;
#31 = CARTESIAN_POINT ( 'NONE',  ( -2.028194074862084489E-13, 0.000000000000000000, -25.95854811567262033 ) ) ;
#32 = CARTESIAN_POINT ( 'NONE',  ( 25.98076211353319565, 9.500000000000003553, -14.99999999999993960 ) ) ;
#33 = DIRECTION ( 'NONE',  ( 0.000000000000000000, 0.000000000000000000, 1.000000000000000000 ) ) ;
#34 = ADVANCED_FACE ( 'NONE', ( #618 ), #218, .F. ) ;
#35 = ORIENTED_EDGE ( 'NONE', *, *, #1378, .T. ) ;
#36 = ORIENTED_EDGE ( 'NONE', *, *, #2127, .T. ) ;
#37 = CARTESIAN_POINT ( 'NONE',  ( 0.000000000000000000, 4.000000000000000000, 0.000000000000000000 ) ) ;
#38 = ORIENTED_EDGE ( 'NONE', *, *, #1288, .T. ) ;
#39 = LINE ( 'NONE', #1327, #2086 ) ;
#40 = PERSON_AND_ORGANIZATION_ROLE ( 'design_supplier' ) ;
#41 = ORIENTED_EDGE ( 'NONE', *, *, #709, .F. ) ;
#42 = PLANE ( 'NONE',  #1207 ) ;
#43 = LINE ( 'NONE', #787, #1214 ) ;
#44 = DIRECTION ( 'NONE',  ( -0.000000000000000000, -1.000000000000000000, -0.000000000000000000 ) ) ;
#45 = APPROVAL ( #1507, 'UNSPECIFIED' ) ;
#46 = ORIENTED_EDGE ( 'NONE', *, *, #158, .F. ) ;
#47 = ORIENTED_EDGE ( 'NONE', *, *, #2213, .T. ) ;
#48 = EDGE_CURVE ( 'NONE', #2320, #1168, #205, .T. ) ;
#49 = DIRECTION ( 'NONE',  ( 0.000000000000000000, 1.000000000000000000, 0.000000000000000000 ) ) ;
#50 = ORIENTED_EDGE ( 'NONE', *, *, #1028, .F. ) ;
#51 = CARTESIAN_POINT ( 'NONE',  ( -3.500000000000203837, 2.500000000000000000, -27.97927405783631016 ) ) ;
#52 = DATE_AND_TIME ( #961, #881 ) ;
#53 = EDGE_LOOP ( 'NONE', ( #66, #472, #1929, #535 ) ) ;
#54 = LINE ( 'NONE', #1871, #936 ) ;
#55 = CARTESIAN_POINT ( 'NONE',  ( -25.98076211353330578, 9.499999999999975131, 14.99999999999975842 ) ) ;
#56 = VECTOR ( 'NONE', #91, 1000.000000000000227 ) ;
#57 = LINE ( 'NONE', #752, #598 ) ;
#58 = AXIS2_PLACEMENT_3D ( 'NONE', #2192, #1808, #171 ) ;
#59 = CARTESIAN_POINT ( 'NONE',  ( 0.000000000000000000, 2.500000000000000000, 0.000000000000000000 ) ) ;
#60 = ORIENTED_EDGE ( 'NONE', *, *, #2327, .T. ) ;
#61 = ORIENTED_EDGE ( 'NONE', *, *, #490, .F. ) ;
#62 = AXIS2_PLACEMENT_3D ( 'NONE', #2265, #1906, #1927 ) ;
#63 = LINE ( 'NONE', #795, #1893 ) ;
#64 = EDGE_CURVE ( 'NONE', #277, #1369, #991, .T. ) ;
#65 = EDGE_CURVE ( 'NONE', #957, #1659, #39, .T. ) ;
#66 = ORIENTED_EDGE ( 'NONE', *, *, #1332, .T. ) ;
#67 = AXIS2_PLACEMENT_3D ( 'NONE', #740, #1829, #415 ) ;
#68 = DIRECTION ( 'NONE',  ( 0.000000000000000000, 0.000000000000000000, 1.000000000000000000 ) ) ;
#69 = EDGE_CURVE ( 'NONE', #447, #1038, #1313, .T. ) ;
#70 = AXIS2_PLACEMENT_3D ( 'NONE', #2039, #1305, #1118 ) ;
#71 = ORIENTED_EDGE ( 'NONE', *, *, #644, .F. ) ;
#72 = VECTOR ( 'NONE', #2096, 1000.000000000000227 ) ;
#73 = CARTESIAN_POINT ( 'NONE',  ( 2.571758278209442450E-16, 2.500000000000000444, -27.89999999999999858 ) ) ;
#74 = LINE ( 'NONE', #772, #182 ) ;
#75 = CARTESIAN_POINT ( 'NONE',  ( -25.98076211353298248, 10.00000000000000000, -17.60000000000029630 ) ) ;
#76 = DIRECTION ( 'NONE',  ( -0.000000000000000000, -1.000000000000000000, -0.000000000000000000 ) ) ;
#77 = ORIENTED_EDGE ( 'NONE', *, *, #1556, .F. ) ;
#78 = VERTEX_POINT ( 'NONE', #240 ) ;
#79 = LINE ( 'NONE', #1467, #480 ) ;
#80 = ORIENTED_EDGE ( 'NONE', *, *, #473, .F. ) ;
#81 = DIRECTION ( 'NONE',  ( 0.8660254037844390407, 0.000000000000000000, -0.4999999999999991118 ) ) ;
#82 = ORIENTED_EDGE ( 'NONE', *, *, #117, .F. ) ;
#83 = EDGE_CURVE ( 'NONE', #1955, #1120, #768, .T. ) ;
#84 = CARTESIAN_POINT ( 'NONE',  ( -3.499999999999792166, 2.500000000000000000, 27.97927405783630661 ) ) ;
#85 = PLANE ( 'NONE',  #1788 ) ;
#86 = LINE ( 'NONE', #820, #525 ) ;
#87 = CARTESIAN_POINT ( 'NONE',  ( 0.000000000000000000, 10.00000000000000000, -35.10000000000000142 ) ) ;
#88 = DIRECTION ( 'NONE',  ( 0.000000000000000000, -1.000000000000000000, 0.000000000000000000 ) ) ;
#89 = ORIENTED_EDGE ( 'NONE', *, *, #1763, .T. ) ;
#90 = ORIENTED_EDGE ( 'NONE', *, *, #270, .F. ) ;
#91 = DIRECTION ( 'NONE',  ( -0.8660254037844385966, 0.000000000000000000, 0.5000000000000000000 ) ) ;
#92 = APPLICATION_PROTOCOL_DEFINITION ( 'international standard', 'config_control_design', 1994, #963 ) ;
#93 = ORIENTED_EDGE ( 'NONE', *, *, #558, .T. ) ;
#94 = DIRECTION ( 'NONE',  ( -0.8660254037844384856, 0.000000000000000000, -0.5000000000000002220 ) ) ;
#95 = CARTESIAN_POINT ( 'NONE',  ( -2.094888803305880013E-13, 9.499999999999975131, 27.89999999999999858 ) ) ;
#96 = ADVANCED_FACE ( 'NONE', ( #1483 ), #785, .F. ) ;
#97 = EDGE_CURVE ( 'NONE', #1594, #1715, #19, .T. ) ;
#98 = DIRECTION ( 'NONE',  ( -0.000000000000000000, -1.000000000000000000, -0.000000000000000000 ) ) ;
#99 = CARTESIAN_POINT ( 'NONE',  ( 3.500000000000206057, 2.500000000000000000, 27.97927405783630661 ) ) ;
#100 = CARTESIAN_POINT ( 'NONE',  ( 0.000000000000000000, 9.499999999999975131, -32.10000000000000142 ) ) ;
#101 = ORIENTED_EDGE ( 'NONE', *, *, #1681, .F. ) ;
#102 = AXIS2_PLACEMENT_3D ( 'NONE', #1764, #678, #702 ) ;
#103 = VECTOR ( 'NONE', #2206, 1000.000000000000000 ) ;
#104 = ORIENTED_EDGE ( 'NONE', *, *, #181, .F. ) ;
#105 = VECTOR ( 'NONE', #94, 1000.000000000000114 ) ;
#106 = DIRECTION ( 'NONE',  ( 0.000000000000000000, 1.000000000000000000, 0.000000000000000000 ) ) ;
#107 = EDGE_LOOP ( 'NONE', ( #1311, #1048 ) ) ;
#108 = AXIS2_PLACEMENT_3D ( 'NONE', #1231, #151, #135 ) ;
#109 = FACE_OUTER_BOUND ( 'NONE', #1658, .T. ) ;
#110 = VECTOR ( 'NONE', #355, 1000.000000000000114 ) ;
#111 = DIRECTION ( 'NONE',  ( 0.000000000000000000, 1.000000000000000000, 0.000000000000000000 ) ) ;
#112 = CC_DESIGN_APPROVAL ( #1111, ( #221 ) ) ;
#113 = ADVANCED_FACE ( 'NONE', ( #1665 ), #1506, .F. ) ;
#114 = DIRECTION ( 'NONE',  ( 0.8660254037844390407, 0.000000000000000000, -0.4999999999999993339 ) ) ;
#115 = CARTESIAN_POINT ( 'NONE',  ( -25.98076211353330578, 10.00000000000000000, 14.99999999999975842 ) ) ;
#116 = VERTEX_POINT ( 'NONE', #1702 ) ;
#117 = EDGE_CURVE ( 'NONE', #1223, #1081, #410, .T. ) ;
#118 = APPLICATION_CONTEXT ( 'configuration controlled 3d designs of mechanical parts and assemblies' ) ;
#119 = VERTEX_POINT ( 'NONE', #1868 ) ;
#120 = DIRECTION ( 'NONE',  ( -0.000000000000000000, -1.000000000000000000, -0.000000000000000000 ) ) ;
#121 = VERTEX_POINT ( 'NONE', #2074 ) ;
#122 = FACE_BOUND ( 'NONE', #183, .T. ) ;
#123 = DIRECTION ( 'NONE',  ( 0.000000000000000000, 1.000000000000000000, 0.000000000000000000 ) ) ;
#124 = CARTESIAN_POINT ( 'NONE',  ( 29.48076211353305709, 2.500000000000000000, -12.97927405783648069 ) ) ;
#125 = DIRECTION ( 'NONE',  ( 0.000000000000000000, 0.000000000000000000, 1.000000000000000000 ) ) ;
#126 = ORIENTED_EDGE ( 'NONE', *, *, #902, .F. ) ;
#127 = VERTEX_POINT ( 'NONE', #434 ) ;
#128 = EDGE_CURVE ( 'NONE', #1594, #121, #229, .T. ) ;
#129 = LINE ( 'NONE', #1191, #934 ) ;
#130 = ORIENTED_EDGE ( 'NONE', *, *, #1525, .T. ) ;
#131 = VERTEX_POINT ( 'NONE', #1535 ) ;
#132 = CARTESIAN_POINT ( 'NONE',  ( 25.98076211353309262, 10.00000000000000000, 15.00000000000012257 ) ) ;
#133 = FACE_OUTER_BOUND ( 'NONE', #848, .T. ) ;
#134 = LINE ( 'NONE', #660, #406 ) ;
#135 = DIRECTION ( 'NONE',  ( 0.000000000000000000, 0.000000000000000000, 1.000000000000000000 ) ) ;
#136 = ORIENTED_EDGE ( 'NONE', *, *, #515, .T. ) ;
#137 = EDGE_LOOP ( 'NONE', ( #80, #824, #1025, #691 ) ) ;
#138 = VECTOR ( 'NONE', #1650, 1000.000000000000000 ) ;
#139 = DIRECTION ( 'NONE',  ( 8.584654849926625571E-16, 0.000000000000000000, -1.000000000000000000 ) ) ;
#140 = CIRCLE ( 'NONE', #593, 16.00000000000000000 ) ;
#141 = ORIENTED_EDGE ( 'NONE', *, *, #128, .T. ) ;
#142 = EDGE_LOOP ( 'NONE', ( #1685, #521, #287, #1326, #1889, #431 ) ) ;
#143 = AXIS2_PLACEMENT_3D ( 'NONE', #385, #165, #728 ) ;
#144 = ADVANCED_FACE ( 'NONE', ( #781 ), #2270, .F. ) ;
#145 = DIRECTION ( 'NONE',  ( 1.000000000000000000, 0.000000000000000000, 0.000000000000000000 ) ) ;
#146 = CARTESIAN_POINT ( 'NONE',  ( 4.298510265007209853E-15, 10.00000000000000000, 35.10000000000000142 ) ) ;
#147 = VECTOR ( 'NONE', #274, 1000.000000000000114 ) ;
#148 = AXIS2_PLACEMENT_3D ( 'NONE', #1647, #739, #2006 ) ;
#149 = FACE_OUTER_BOUND ( 'NONE', #1878, .T. ) ;
#150 = VECTOR ( 'NONE', #929, 1000.000000000000000 ) ;
#151 = DIRECTION ( 'NONE',  ( 0.000000000000000000, 1.000000000000000000, 0.000000000000000000 ) ) ;
#152 = ORIENTED_EDGE ( 'NONE', *, *, #1407, .F. ) ;
#153 = EDGE_LOOP ( 'NONE', ( #509, #271 ) ) ;
#154 = DIRECTION ( 'NONE',  ( 0.8660254037844388186, 0.000000000000000000, 0.4999999999999996114 ) ) ;
#155 = VERTEX_POINT ( 'NONE', #587 ) ;
#156 = CARTESIAN_POINT ( 'NONE',  ( 29.48076211353306064, 0.000000000000000000, -17.02072594216385326 ) ) ;
#157 = CARTESIAN_POINT ( 'NONE',  ( -25.98076211353306419, 0.000000000000000000, 10.95854811567277842 ) ) ;
#158 = EDGE_CURVE ( 'NONE', #1038, #131, #2121, .T. ) ;
#159 = DIRECTION ( 'NONE',  ( 0.000000000000000000, 0.000000000000000000, 1.000000000000000000 ) ) ;
#160 = FACE_OUTER_BOUND ( 'NONE', #1183, .T. ) ;
#161 = EDGE_LOOP ( 'NONE', ( #1549, #642, #2142, #314 ) ) ;
#162 = VERTEX_POINT ( 'NONE', #2243 ) ;
#163 = DIRECTION ( 'NONE',  ( -0.000000000000000000, -1.000000000000000000, -0.000000000000000000 ) ) ;
#164 = ORIENTED_EDGE ( 'NONE', *, *, #2307, .F. ) ;
#165 = DIRECTION ( 'NONE',  ( -1.000000000000000000, 0.000000000000000000, 0.000000000000000000 ) ) ;
#166 = FACE_OUTER_BOUND ( 'NONE', #330, .T. ) ;
#167 = CARTESIAN_POINT ( 'NONE',  ( 0.000000000000000000, 10.00000000000000000, -30.00000000000000000 ) ) ;
#168 = EDGE_CURVE ( 'NONE', #1092, #1062, #1165, .T. ) ;
#169 = LINE ( 'NONE', #358, #1595 ) ;
#170 = EDGE_LOOP ( 'NONE', ( #1790, #999, #667, #1585 ) ) ;
#171 = DIRECTION ( 'NONE',  ( 0.000000000000000000, 0.000000000000000000, 1.000000000000000000 ) ) ;
#172 = VERTEX_POINT ( 'NONE', #605 ) ;
#173 = AXIS2_PLACEMENT_3D ( 'NONE', #1338, #30, #1521 ) ;
#174 = CARTESIAN_POINT ( 'NONE',  ( 0.000000000000000000, 1.000000000000011324, -15.00000000000000000 ) ) ;
#175 = LINE ( 'NONE', #353, #491 ) ;
#176 = AXIS2_PLACEMENT_3D ( 'NONE', #1720, #1184, #1900 ) ;
#177 = VECTOR ( 'NONE', #1994, 1000.000000000000000 ) ;
#178 = CARTESIAN_POINT ( 'NONE',  ( -25.98076211353330578, 10.00000000000000000, 14.99999999999975842 ) ) ;
#179 = LINE ( 'NONE', #892, #1131 ) ;
#180 = CIRCLE ( 'NONE', #837, 2.100000000000000977 ) ;
#181 = EDGE_CURVE ( 'NONE', #627, #1495, #245, .T. ) ;
#182 = VECTOR ( 'NONE', #611, 1000.000000000000000 ) ;
#183 = EDGE_LOOP ( 'NONE', ( #1883, #104 ) ) ;
#184 = ADVANCED_FACE ( 'NONE', ( #2218 ), #1848, .F. ) ;
#185 = EDGE_CURVE ( 'NONE', #968, #1809, #1225, .T. ) ;
#186 = DIRECTION ( 'NONE',  ( 8.659560562354873694E-17, 0.7071067811865524577, -0.7071067811865426878 ) ) ;
#187 = EDGE_LOOP ( 'NONE', ( #700, #869, #1500, #615 ) ) ;
#188 = FACE_OUTER_BOUND ( 'NONE', #779, .T. ) ;
#189 = LINE ( 'NONE', #569, #1598 ) ;
#190 = UNCERTAINTY_MEASURE_WITH_UNIT (LENGTH_MEASURE( 1.000000000000000082E-05 ), #814, 'distance_accuracy_value', 'NONE');
#191 = CARTESIAN_POINT ( 'NONE',  ( -3.500000000000202505, 2.500000000000000000, -32.02072594216367918 ) ) ;
#192 = FACE_BOUND ( 'NONE', #153, .T. ) ;
#193 = VERTEX_POINT ( 'NONE', #1910 ) ;
#194 = LINE ( 'NONE', #1609, #714 ) ;
#195 = EDGE_CURVE ( 'NONE', #1867, #2138, #1368, .T. ) ;
#196 = ORIENTED_EDGE ( 'NONE', *, *, #2227, .T. ) ;
#197 = CARTESIAN_POINT ( 'NONE',  ( -3.500000000000202505, 2.500000000000000000, -32.02072594216367918 ) ) ;
#198 = CARTESIAN_POINT ( 'NONE',  ( 3.500000000000206057, 2.500000000000000000, 27.97927405783630661 ) ) ;
#199 = DIRECTION ( 'NONE',  ( 0.000000000000000000, 0.000000000000000000, 1.000000000000000000 ) ) ;
#200 = DIRECTION ( 'NONE',  ( -0.000000000000000000, -1.000000000000000000, -0.000000000000000000 ) ) ;
#201 = ORIENTED_EDGE ( 'NONE', *, *, #2295, .F. ) ;
#202 = DIRECTION ( 'NONE',  ( 0.000000000000000000, 0.000000000000000000, -1.000000000000000000 ) ) ;
#203 = ORIENTED_EDGE ( 'NONE', *, *, #158, .T. ) ;
#204 = EDGE_CURVE ( 'NONE', #2309, #504, #692, .T. ) ;
#205 = LINE ( 'NONE', #51, #2280 ) ;
#206 = DIRECTION ( 'NONE',  ( -0.000000000000000000, -1.000000000000000000, -0.000000000000000000 ) ) ;
#207 = EDGE_CURVE ( 'NONE', #1369, #78, #859, .T. ) ;
#208 = VECTOR ( 'NONE', #1773, 1000.000000000000000 ) ;
#209 = DIRECTION ( 'NONE',  ( -0.000000000000000000, -1.000000000000000000, -0.000000000000000000 ) ) ;
#210 = CIRCLE ( 'NONE', #871, 2.099999999999997868 ) ;
#211 = CARTESIAN_POINT ( 'NONE',  ( 0.000000000000000000, 10.00000000000000000, 0.000000000000000000 ) ) ;
#212 = AXIS2_PLACEMENT_3D ( 'NONE', #2275, #1171, #1734 ) ;
#213 = ORIENTED_EDGE ( 'NONE', *, *, #427, .F. ) ;
#214 = VECTOR ( 'NONE', #1813, 1000.000000000000000 ) ;
#215 = DIRECTION ( 'NONE',  ( 0.000000000000000000, 0.000000000000000000, 1.000000000000000000 ) ) ;
#216 = ORIENTED_EDGE ( 'NONE', *, *, #1895, .F. ) ;
#217 = AXIS2_PLACEMENT_3D ( 'NONE', #475, #1014, #1590 ) ;
#218 = CYLINDRICAL_SURFACE ( 'NONE', #1087, 2.100000000000000977 ) ;
#219 = DIRECTION ( 'NONE',  ( 0.5000000000000004441, 0.000000000000000000, -0.8660254037844384856 ) ) ;
#220 = ORIENTED_EDGE ( 'NONE', *, *, #992, .F. ) ;
#221 = PRODUCT_DEFINITION ( 'UNKNOWN', '', #1751, #1241 ) ;
#222 = FACE_OUTER_BOUND ( 'NONE', #2298, .T. ) ;
#223 = CARTESIAN_POINT ( 'NONE',  ( -25.98076211353298248, 9.500000000000003553, -17.10000000000030340 ) ) ;
#224 = ADVANCED_FACE ( 'NONE', ( #316 ), #497, .F. ) ;
#225 = FACE_BOUND ( 'NONE', #1415, .T. ) ;
#226 = ORIENTED_EDGE ( 'NONE', *, *, #357, .T. ) ;
#227 = DIRECTION ( 'NONE',  ( 0.8660254037844383745, 0.000000000000000000, -0.5000000000000004441 ) ) ;
#228 = VERTEX_POINT ( 'NONE', #2104 ) ;
#229 = LINE ( 'NONE', #2063, #1122 ) ;
#230 = APPROVAL_STATUS ( 'not_yet_approved' ) ;
#231 = ORIENTED_EDGE ( 'NONE', *, *, #1422, .T. ) ;
#232 = DIRECTION ( 'NONE',  ( -0.000000000000000000, -1.000000000000000000, -0.000000000000000000 ) ) ;
#233 = DIRECTION ( 'NONE',  ( -0.8660254037844385966, 0.000000000000000000, 0.5000000000000000000 ) ) ;
#234 = LINE ( 'NONE', #773, #2012 ) ;
#235 = EDGE_CURVE ( 'NONE', #770, #951, #647, .T. ) ;
#236 = DIRECTION ( 'NONE',  ( -0.000000000000000000, -1.000000000000000000, -0.000000000000000000 ) ) ;
#237 = ORIENTED_EDGE ( 'NONE', *, *, #2244, .F. ) ;
#238 = CARTESIAN_POINT ( 'NONE',  ( -22.48076211353306775, 2.500000000000000000, 12.97927405783647004 ) ) ;
#239 = ORIENTED_EDGE ( 'NONE', *, *, #1967, .T. ) ;
#240 = CARTESIAN_POINT ( 'NONE',  ( -22.48076211353325959, 2.500000000000000000, -12.97927405783614319 ) ) ;
#241 = COORDINATED_UNIVERSAL_TIME_OFFSET ( 5, 0, .BEHIND. ) ;
#242 = VERTEX_POINT ( 'NONE', #2141 ) ;
#243 = DIRECTION ( 'NONE',  ( -0.8660254037844387076, 0.000000000000000000, -0.4999999999999997780 ) ) ;
#244 = CARTESIAN_POINT ( 'NONE',  ( -25.98076211353306064, 0.000000000000000000, 19.04145188432753599 ) ) ;
#245 = CIRCLE ( 'NONE', #552, 2.100000000000000977 ) ;
#246 = CARTESIAN_POINT ( 'NONE',  ( 2.064320936412400190E-13, 2.500000000000000000, 25.95854811567261677 ) ) ;
#247 = VECTOR ( 'NONE', #2231, 1000.000000000000114 ) ;
#248 = LINE ( 'NONE', #99, #1745 ) ;
#249 = ORIENTED_EDGE ( 'NONE', *, *, #1297, .T. ) ;
#250 = VERTEX_POINT ( 'NONE', #1956 ) ;
#251 = EDGE_CURVE ( 'NONE', #1819, #1092, #1657, .T. ) ;
#252 = AXIS2_PLACEMENT_3D ( 'NONE', #1209, #88, #1018 ) ;
#253 = CARTESIAN_POINT ( 'NONE',  ( -3.499999999999792166, 0.000000000000000000, 27.97927405783630661 ) ) ;
#254 = AXIS2_PLACEMENT_3D ( 'NONE', #1069, #1266, #513 ) ;
#255 = EDGE_LOOP ( 'NONE', ( #793, #1726, #1437, #1261 ) ) ;
#256 = EDGE_CURVE ( 'NONE', #1103, #1955, #1181, .T. ) ;
#257 = AXIS2_PLACEMENT_3D ( 'NONE', #978, #263, #2232 ) ;
#258 = CARTESIAN_POINT ( 'NONE',  ( 25.98076211353309262, 2.500000000000000444, 15.00000000000012257 ) ) ;
#259 = MECHANICAL_CONTEXT ( 'NONE', #118, 'mechanical' ) ;
#260 = VECTOR ( 'NONE', #1075, 1000.000000000000114 ) ;
#261 = ORIENTED_EDGE ( 'NONE', *, *, #270, .T. ) ;
#262 = CARTESIAN_POINT ( 'NONE',  ( 3.499999999999797051, 0.000000000000000000, -32.02072594216368628 ) ) ;
#263 = DIRECTION ( 'NONE',  ( -0.000000000000000000, -1.000000000000000000, -0.000000000000000000 ) ) ;
#264 = LINE ( 'NONE', #1528, #1281 ) ;
#265 = FACE_OUTER_BOUND ( 'NONE', #1482, .T. ) ;
#266 = LINE ( 'NONE', #672, #675 ) ;
#267 = VERTEX_POINT ( 'NONE', #2318 ) ;
#268 = VERTEX_POINT ( 'NONE', #840 ) ;
#269 = CARTESIAN_POINT ( 'NONE',  ( -22.48076211353307130, 2.500000000000000000, 17.02072594216385326 ) ) ;
#270 = EDGE_CURVE ( 'NONE', #242, #2178, #2306, .T. ) ;
#271 = ORIENTED_EDGE ( 'NONE', *, *, #709, .T. ) ;
#272 = CARTESIAN_POINT ( 'NONE',  ( -25.98076211353325604, 0.000000000000000000, -19.04145188432721270 ) ) ;
#273 = CARTESIAN_POINT ( 'NONE',  ( 0.000000000000000000, 4.000000000000000000, 12.50000000000000000 ) ) ;
#274 = DIRECTION ( 'NONE',  ( 0.8660254037844383745, 0.000000000000000000, 0.5000000000000003331 ) ) ;
#275 = LINE ( 'NONE', #87, #2203 ) ;
#276 = CARTESIAN_POINT ( 'NONE',  ( -22.48076211353325604, 2.500000000000000000, -17.02072594216352641 ) ) ;
#277 = VERTEX_POINT ( 'NONE', #304 ) ;
#278 = ORIENTED_EDGE ( 'NONE', *, *, #1936, .F. ) ;
#279 = PLANE ( 'NONE',  #2164 ) ;
#280 = VERTEX_POINT ( 'NONE', #656 ) ;
#281 = EDGE_CURVE ( 'NONE', #872, #1376, #129, .T. ) ;
#282 = DIRECTION ( 'NONE',  ( 0.000000000000000000, 0.000000000000000000, -1.000000000000000000 ) ) ;
#283 = DIRECTION ( 'NONE',  ( -0.8660254037844389297, 0.000000000000000000, 0.4999999999999993339 ) ) ;
#284 = EDGE_CURVE ( 'NONE', #633, #1348, #1386, .T. ) ;
#285 = CARTESIAN_POINT ( 'NONE',  ( -29.48076211353306775, 0.000000000000000000, 17.02072594216383550 ) ) ;
#286 = LINE ( 'NONE', #1373, #1818 ) ;
#287 = ORIENTED_EDGE ( 'NONE', *, *, #1761, .F. ) ;
#288 = VECTOR ( 'NONE', #2032, 1000.000000000000000 ) ;
#289 = VERTEX_POINT ( 'NONE', #2122 ) ;
#290 = VECTOR ( 'NONE', #2357, 1000.000000000000000 ) ;
#291 = DIRECTION ( 'NONE',  ( -0.000000000000000000, -1.000000000000000000, -0.000000000000000000 ) ) ;
#292 = DATE_AND_TIME ( #1574, #340 ) ;
#293 = ORIENTED_EDGE ( 'NONE', *, *, #1032, .F. ) ;
#294 = AXIS2_PLACEMENT_3D ( 'NONE', #2108, #967, #1692 ) ;
#295 = DIRECTION ( 'NONE',  ( -0.8660254037844388186, 0.000000000000000000, 0.4999999999999997224 ) ) ;
#296 = AXIS2_PLACEMENT_3D ( 'NONE', #55, #1319, #2066 ) ;
#297 = CARTESIAN_POINT ( 'NONE',  ( -29.48076211353306419, 2.500000000000000000, 12.97927405783646471 ) ) ;
#298 = VECTOR ( 'NONE', #729, 1000.000000000000000 ) ;
#299 = CARTESIAN_POINT ( 'NONE',  ( -29.48076211353306419, 0.000000000000000000, 12.97927405783646471 ) ) ;
#300 = EDGE_CURVE ( 'NONE', #78, #1867, #1377, .T. ) ;
#301 = DIRECTION ( 'NONE',  ( -0.000000000000000000, -1.000000000000000000, -0.000000000000000000 ) ) ;
#302 = ORIENTED_EDGE ( 'NONE', *, *, #726, .F. ) ;
#303 = ORIENTED_EDGE ( 'NONE', *, *, #992, .T. ) ;
#304 = CARTESIAN_POINT ( 'NONE',  ( -25.98076211353325604, 2.500000000000000000, -19.04145188432721270 ) ) ;
#305 = VERTEX_POINT ( 'NONE', #825 ) ;
#306 = VERTEX_POINT ( 'NONE', #1036 ) ;
#307 = PLANE ( 'NONE',  #1781 ) ;
#308 = LINE ( 'NONE', #1418, #29 ) ;
#309 = DIRECTION ( 'NONE',  ( 0.000000000000000000, -1.000000000000000000, 0.000000000000000000 ) ) ;
#310 = CYLINDRICAL_SURFACE ( 'NONE', #1509, 2.099999999999997868 ) ;
#311 = ORIENTED_EDGE ( 'NONE', *, *, #2161, .F. ) ;
#312 = EDGE_CURVE ( 'NONE', #155, #2272, #2284, .T. ) ;
#313 = ADVANCED_FACE ( 'NONE', ( #1548 ), #279, .F. ) ;
#314 = ORIENTED_EDGE ( 'NONE', *, *, #344, .T. ) ;
#315 = ADVANCED_FACE ( 'NONE', ( #1215 ), #1943, .F. ) ;
#316 = FACE_OUTER_BOUND ( 'NONE', #1227, .T. ) ;
#317 = VERTEX_POINT ( 'NONE', #551 ) ;
#318 = ORIENTED_EDGE ( 'NONE', *, *, #412, .T. ) ;
#319 = CARTESIAN_POINT ( 'NONE',  ( -29.48076211353325249, 0.000000000000000000, -12.97927405783614141 ) ) ;
#320 = LINE ( 'NONE', #659, #1024 ) ;
#321 = CARTESIAN_POINT ( 'NONE',  ( 0.000000000000000000, 2.500000000000000000, 0.000000000000000000 ) ) ;
#322 = DIRECTION ( 'NONE',  ( 0.000000000000000000, 0.000000000000000000, 1.000000000000000000 ) ) ;
#323 = VERTEX_POINT ( 'NONE', #725 ) ;
#324 = ORIENTED_EDGE ( 'NONE', *, *, #128, .F. ) ;
#325 = VECTOR ( 'NONE', #2297, 1000.000000000000227 ) ;
#326 = LINE ( 'NONE', #1799, #2197 ) ;
#327 = AXIS2_PLACEMENT_3D ( 'NONE', #1533, #2087, #2268 ) ;
#328 = EDGE_CURVE ( 'NONE', #765, #1425, #1278, .T. ) ;
#329 = EDGE_LOOP ( 'NONE', ( #1492, #1712, #1480, #1232 ) ) ;
#330 = EDGE_LOOP ( 'NONE', ( #1740, #2220, #392, #453 ) ) ;
#331 = AXIS2_PLACEMENT_3D ( 'NONE', #1652, #1094, #8 ) ;
#332 = LINE ( 'NONE', #1194, #105 ) ;
#333 = DIRECTION ( 'NONE',  ( 0.000000000000000000, 0.000000000000000000, 1.000000000000000000 ) ) ;
#334 = CIRCLE ( 'NONE', #1785, 2.099999999999997868 ) ;
#335 = CONICAL_SURFACE ( 'NONE', #646, 16.00000000000000000, 0.7853981633974430610 ) ;
#336 = FACE_OUTER_BOUND ( 'NONE', #1431, .T. ) ;
#337 = CONICAL_SURFACE ( 'NONE', #1285, 2.100000000000000977, 0.7853981633974431720 ) ;
#338 = CYLINDRICAL_SURFACE ( 'NONE', #1470, 35.10000000000000142 ) ;
#339 = ORIENTED_EDGE ( 'NONE', *, *, #97, .F. ) ;
#340 = LOCAL_TIME ( 22, 50, 15.00000000000000000, #1944 ) ;
#341 = ORIENTED_EDGE ( 'NONE', *, *, #1250, .F. ) ;
#342 = CARTESIAN_POINT ( 'NONE',  ( -2.094888803305880013E-13, 10.00000000000000000, 30.00000000000000000 ) ) ;
#343 = ORIENTED_EDGE ( 'NONE', *, *, #356, .T. ) ;
#344 = EDGE_CURVE ( 'NONE', #1560, #1693, #925, .T. ) ;
#345 = CARTESIAN_POINT ( 'NONE',  ( 22.48076211353325959, 0.000000000000000000, 17.02072594216351575 ) ) ;
#346 = CARTESIAN_POINT ( 'NONE',  ( 25.98076211353319565, 9.500000000000003553, -12.89999999999993818 ) ) ;
#347 = CARTESIAN_POINT ( 'NONE',  ( -2.094888803305880013E-13, 9.499999999999975131, 30.00000000000000000 ) ) ;
#348 = DIRECTION ( 'NONE',  ( 0.000000000000000000, -1.000000000000000000, 0.000000000000000000 ) ) ;
#349 = ORIENTED_EDGE ( 'NONE', *, *, #1065, .T. ) ;
#350 = DIRECTION ( 'NONE',  ( 0.000000000000000000, 0.000000000000000000, 1.000000000000000000 ) ) ;
#351 = EDGE_LOOP ( 'NONE', ( #876, #1379, #1384, #41 ) ) ;
#352 = DIRECTION ( 'NONE',  ( 0.000000000000000000, 0.000000000000000000, 1.000000000000000000 ) ) ;
#353 = CARTESIAN_POINT ( 'NONE',  ( 0.000000000000000000, 4.000000000000000000, 12.50000000000000000 ) ) ;
#354 = EDGE_CURVE ( 'NONE', #430, #1534, #1310, .T. ) ;
#355 = DIRECTION ( 'NONE',  ( 0.8660254037844385966, 0.000000000000000000, -0.4999999999999999445 ) ) ;
#356 = EDGE_CURVE ( 'NONE', #1216, #2309, #1236, .T. ) ;
#357 = EDGE_CURVE ( 'NONE', #6, #1978, #519, .T. ) ;
#358 = CARTESIAN_POINT ( 'NONE',  ( 3.499999999999797051, 2.500000000000000000, -32.02072594216368628 ) ) ;
#359 = ORIENTED_EDGE ( 'NONE', *, *, #1572, .T. ) ;
#360 = DIRECTION ( 'NONE',  ( 0.000000000000000000, 0.000000000000000000, -1.000000000000000000 ) ) ;
#361 = AXIS2_PLACEMENT_3D ( 'NONE', #1821, #917, #350 ) ;
#362 = ORIENTED_EDGE ( 'NONE', *, *, #573, .F. ) ;
#363 = VECTOR ( 'NONE', #227, 1000.000000000000114 ) ;
#364 = FACE_OUTER_BOUND ( 'NONE', #137, .T. ) ;
#365 = CARTESIAN_POINT ( 'NONE',  ( -3.499999999999792166, 2.500000000000000000, 32.02072594216367918 ) ) ;
#366 = VECTOR ( 'NONE', #2129, 1000.000000000000000 ) ;
#367 = CONICAL_SURFACE ( 'NONE', #2289, 2.099999999999999645, 0.7853981633974415066 ) ;
#368 = EDGE_CURVE ( 'NONE', #317, #1969, #1619, .T. ) ;
#369 = CARTESIAN_POINT ( 'NONE',  ( -25.98076211353306419, 2.500000000000000000, 10.95854811567277842 ) ) ;
#370 = DIRECTION ( 'NONE',  ( 0.000000000000000000, 1.000000000000000000, 0.000000000000000000 ) ) ;
#371 = EDGE_CURVE ( 'NONE', #2083, #2138, #326, .T. ) ;
#372 = CIRCLE ( 'NONE', #1438, 2.100000000000000977 ) ;
#373 = ORIENTED_EDGE ( 'NONE', *, *, #1329, .T. ) ;
#374 = DIRECTION ( 'NONE',  ( -0.8660254037844385966, 0.000000000000000000, 0.5000000000000000000 ) ) ;
#375 = ORIENTED_EDGE ( 'NONE', *, *, #2244, .T. ) ;
#376 = LINE ( 'NONE', #920, #1279 ) ;
#377 = CARTESIAN_POINT ( 'NONE',  ( 22.48076211353325959, 2.500000000000000000, 17.02072594216351575 ) ) ;
#378 = DIRECTION ( 'NONE',  ( -0.000000000000000000, -1.000000000000000000, 0.000000000000000000 ) ) ;
#379 = FACE_BOUND ( 'NONE', #1328, .T. ) ;
#380 = VERTEX_POINT ( 'NONE', #2176 ) ;
#381 = EDGE_CURVE ( 'NONE', #267, #116, #4, .T. ) ;
#382 = LINE ( 'NONE', #238, #103 ) ;
#383 = EDGE_CURVE ( 'NONE', #1176, #810, #1249, .T. ) ;
#384 = ORIENTED_EDGE ( 'NONE', *, *, #1540, .T. ) ;
#385 = CARTESIAN_POINT ( 'NONE',  ( 22.48076211353325959, 2.500000000000000000, 17.02072594216351575 ) ) ;
#386 = DIRECTION ( 'NONE',  ( 0.8660254037844381525, 0.000000000000000000, 0.5000000000000006661 ) ) ;
#387 = CARTESIAN_POINT ( 'NONE',  ( -25.98076211353325959, 2.500000000000000000, -10.95854811567245335 ) ) ;
#388 = FACE_BOUND ( 'NONE', #408, .T. ) ;
#389 = ORIENTED_EDGE ( 'NONE', *, *, #573, .T. ) ;
#390 = DIRECTION ( 'NONE',  ( 0.000000000000000000, 0.7071067811865521247, 0.7071067811865430208 ) ) ;
#391 = CC_DESIGN_PERSON_AND_ORGANIZATION_ASSIGNMENT ( #1141, #2271, ( #221 ) ) ;
#392 = ORIENTED_EDGE ( 'NONE', *, *, #1003, .F. ) ;
#393 = CARTESIAN_POINT ( 'NONE',  ( -25.98076211353330578, 2.500000000000000444, 17.09999999999975984 ) ) ;
#394 = EDGE_CURVE ( 'NONE', #127, #504, #194, .T. ) ;
#395 = PERSON_AND_ORGANIZATION_ROLE ( 'classification_officer' ) ;
#396 = ORIENTED_EDGE ( 'NONE', *, *, #449, .F. ) ;
#397 = AXIS2_PLACEMENT_3D ( 'NONE', #1855, #1140, #1152 ) ;
#398 = DIRECTION ( 'NONE',  ( 0.8660254037844389297, 0.000000000000000000, -0.4999999999999993339 ) ) ;
#399 = CARTESIAN_POINT ( 'NONE',  ( -29.48076211353324894, 2.500000000000000000, -17.02072594216352996 ) ) ;
#400 = VECTOR ( 'NONE', #398, 1000.000000000000227 ) ;
#401 = CARTESIAN_POINT ( 'NONE',  ( 3.500000000000206057, 2.500000000000000000, 32.02072594216367918 ) ) ;
#402 = VECTOR ( 'NONE', #864, 1000.000000000000000 ) ;
#403 = AXIS2_PLACEMENT_3D ( 'NONE', #2234, #1557, #1334 ) ;
#404 = VERTEX_POINT ( 'NONE', #2354 ) ;
#405 = ORIENTED_EDGE ( 'NONE', *, *, #394, .T. ) ;
#406 = VECTOR ( 'NONE', #882, 1000.000000000000227 ) ;
#407 = DIRECTION ( 'NONE',  ( 0.000000000000000000, 0.000000000000000000, 1.000000000000000000 ) ) ;
#408 = EDGE_LOOP ( 'NONE', ( #1115, #411 ) ) ;
#409 = LOCAL_TIME ( 22, 50, 15.00000000000000000, #2036 ) ;
#410 = LINE ( 'NONE', #950, #1243 ) ;
#411 = ORIENTED_EDGE ( 'NONE', *, *, #1873, .T. ) ;
#412 = EDGE_CURVE ( 'NONE', #1120, #1693, #713, .T. ) ;
#413 = DIRECTION ( 'NONE',  ( -0.000000000000000000, -1.000000000000000000, -0.000000000000000000 ) ) ;
#414 = CARTESIAN_POINT ( 'NONE',  ( -25.98076211353298248, 9.500000000000003553, -12.90000000000030234 ) ) ;
#415 = DIRECTION ( 'NONE',  ( 0.000000000000000000, 0.000000000000000000, 1.000000000000000000 ) ) ;
#416 = PLANE ( 'NONE',  #1361 ) ;
#417 = ORIENTED_EDGE ( 'NONE', *, *, #1525, .F. ) ;
#418 = LINE ( 'NONE', #1150, #1312 ) ;
#419 = ORIENTED_EDGE ( 'NONE', *, *, #2127, .F. ) ;
#420 = CARTESIAN_POINT ( 'NONE',  ( 0.000000000000000000, 1.000000000000011324, 0.000000000000000000 ) ) ;
#421 = CARTESIAN_POINT ( 'NONE',  ( -3.500000000000202505, 2.500000000000000000, -32.02072594216367918 ) ) ;
#422 = EDGE_LOOP ( 'NONE', ( #1765, #1725, #893, #485, #1932, #2258 ) ) ;
#423 = CARTESIAN_POINT ( 'NONE',  ( -29.48076211353325249, 0.000000000000000000, -12.97927405783614141 ) ) ;
#424 = CARTESIAN_POINT ( 'NONE',  ( 22.48076211353325959, 2.500000000000000000, 12.97927405783613430 ) ) ;
#425 = EDGE_CURVE ( 'NONE', #1123, #404, #140, .T. ) ;
#426 = FACE_BOUND ( 'NONE', #1034, .T. ) ;
#427 = EDGE_CURVE ( 'NONE', #1376, #1955, #742, .T. ) ;
#428 = DIRECTION ( 'NONE',  ( 0.000000000000000000, 0.000000000000000000, 1.000000000000000000 ) ) ;
#429 = EDGE_CURVE ( 'NONE', #1738, #121, #1816, .T. ) ;
#430 = VERTEX_POINT ( 'NONE', #1105 ) ;
#431 = ORIENTED_EDGE ( 'NONE', *, *, #412, .F. ) ;
#432 = DIRECTION ( 'NONE',  ( -0.000000000000000000, -1.000000000000000000, -0.000000000000000000 ) ) ;
#433 = ORIENTED_EDGE ( 'NONE', *, *, #1206, .F. ) ;
#434 = CARTESIAN_POINT ( 'NONE',  ( -22.48076211353306775, 0.000000000000000000, 12.97927405783647004 ) ) ;
#435 = CALENDAR_DATE ( 2026, 24, 8 ) ;
#436 = ORIENTED_EDGE ( 'NONE', *, *, #2213, .F. ) ;
#437 = DIRECTION ( 'NONE',  ( 0.000000000000000000, 0.000000000000000000, -1.000000000000000000 ) ) ;
#438 = LINE ( 'NONE', #650, #1901 ) ;
#439 = AXIS2_PLACEMENT_3D ( 'NONE', #1716, #1301, #1843 ) ;
#440 = DIRECTION ( 'NONE',  ( 0.000000000000000000, -0.000000000000000000, 1.000000000000000000 ) ) ;
#441 = VECTOR ( 'NONE', #390, 999.9999999999998863 ) ;
#442 = DIRECTION ( 'NONE',  ( 0.000000000000000000, 0.000000000000000000, 1.000000000000000000 ) ) ;
#443 = DIRECTION ( 'NONE',  ( 0.000000000000000000, 1.000000000000000000, 0.000000000000000000 ) ) ;
#444 = ORIENTED_EDGE ( 'NONE', *, *, #1085, .F. ) ;
#445 = CIRCLE ( 'NONE', #1468, 2.100000000000002753 ) ;
#446 = ADVANCED_FACE ( 'NONE', ( #1982 ), #1445, .F. ) ;
#447 = VERTEX_POINT ( 'NONE', #2151 ) ;
#448 = AXIS2_PLACEMENT_3D ( 'NONE', #1109, #750, #1475 ) ;
#449 = EDGE_CURVE ( 'NONE', #690, #1433, #1072, .T. ) ;
#450 = DIRECTION ( 'NONE',  ( 0.000000000000000000, 1.000000000000000000, 0.000000000000000000 ) ) ;
#451 = PERSON_AND_ORGANIZATION ( #798, #2208 ) ;
#452 = AXIS2_PLACEMENT_3D ( 'NONE', #1219, #111, #1757 ) ;
#453 = ORIENTED_EDGE ( 'NONE', *, *, #2227, .F. ) ;
#454 = DIRECTION ( 'NONE',  ( -0.000000000000000000, -1.000000000000000000, -0.000000000000000000 ) ) ;
#455 = DIRECTION ( 'NONE',  ( -0.000000000000000000, -1.000000000000000000, -0.000000000000000000 ) ) ;
#456 = DIRECTION ( 'NONE',  ( 0.000000000000000000, 1.000000000000000000, 0.000000000000000000 ) ) ;
#457 = FACE_OUTER_BOUND ( 'NONE', #506, .T. ) ;
#458 = LINE ( 'NONE', #1188, #643 ) ;
#459 = ORIENTED_EDGE ( 'NONE', *, *, #1923, .T. ) ;
#460 = EDGE_CURVE ( 'NONE', #1489, #306, #1393, .T. ) ;
#461 = ORIENTED_EDGE ( 'NONE', *, *, #425, .F. ) ;
#462 = DIRECTION ( 'NONE',  ( 0.000000000000000000, 0.000000000000000000, 1.000000000000000000 ) ) ;
#463 = EDGE_CURVE ( 'NONE', #1715, #1738, #542, .T. ) ;
#464 = ORIENTED_EDGE ( 'NONE', *, *, #1983, .T. ) ;
#465 = DIRECTION ( 'NONE',  ( 0.000000000000000000, 1.000000000000000000, 0.000000000000000000 ) ) ;
#466 = PLANE ( 'NONE',  #528 ) ;
#467 = FACE_BOUND ( 'NONE', #1888, .T. ) ;
#468 = LINE ( 'NONE', #1759, #2131 ) ;
#469 = ORIENTED_EDGE ( 'NONE', *, *, #1046, .T. ) ;
#470 = ORIENTED_EDGE ( 'NONE', *, *, #698, .T. ) ;
#471 = CARTESIAN_POINT ( 'NONE',  ( -3.500000000000203837, 0.000000000000000000, -27.97927405783631016 ) ) ;
#472 = ORIENTED_EDGE ( 'NONE', *, *, #1556, .T. ) ;
#473 = EDGE_CURVE ( 'NONE', #1092, #1819, #2237, .T. ) ;
#474 = DIRECTION ( 'NONE',  ( 0.000000000000000000, -1.000000000000000000, 0.000000000000000000 ) ) ;
#475 = CARTESIAN_POINT ( 'NONE',  ( 0.000000000000000000, 2.500000000000000000, 0.000000000000000000 ) ) ;
#476 = DIRECTION ( 'NONE',  ( -0.000000000000000000, -1.000000000000000000, -0.000000000000000000 ) ) ;
#477 = FACE_OUTER_BOUND ( 'NONE', #1729, .T. ) ;
#478 = EDGE_LOOP ( 'NONE', ( #1880, #1569 ) ) ;
#479 = AXIS2_PLACEMENT_3D ( 'NONE', #420, #2091, #68 ) ;
#480 = VECTOR ( 'NONE', #777, 1000.000000000000000 ) ;
#481 = ORIENTED_EDGE ( 'NONE', *, *, #1448, .F. ) ;
#482 = AXIS2_PLACEMENT_3D ( 'NONE', #115, #847, #1175 ) ;
#483 = CARTESIAN_POINT ( 'NONE',  ( -22.48076211353325959, 2.500000000000000000, -12.97927405783614319 ) ) ;
#484 = EDGE_LOOP ( 'NONE', ( #850, #341, #433, #1920 ) ) ;
#485 = ORIENTED_EDGE ( 'NONE', *, *, #987, .T. ) ;
#486 = LINE ( 'NONE', #1934, #2010 ) ;
#487 = AXIS2_PLACEMENT_3D ( 'NONE', #1242, #476, #492 ) ;
#488 = FACE_BOUND ( 'NONE', #107, .T. ) ;
#489 = ADVANCED_FACE ( 'NONE', ( #1481 ), #566, .F. ) ;
#490 = EDGE_CURVE ( 'NONE', #121, #1738, #1091, .T. ) ;
#491 = VECTOR ( 'NONE', #1083, 1000.000000000000000 ) ;
#492 = DIRECTION ( 'NONE',  ( 0.000000000000000000, 0.000000000000000000, -1.000000000000000000 ) ) ;
#493 = EDGE_CURVE ( 'NONE', #228, #1531, #1933, .T. ) ;
#494 = CARTESIAN_POINT ( 'NONE',  ( 1.959434878635765131E-15, 0.000000000000000000, 16.00000000000000000 ) ) ;
#495 = EDGE_LOOP ( 'NONE', ( #35, #1562 ) ) ;
#496 = EDGE_LOOP ( 'NONE', ( #1643, #1683, #302, #1922, #1224, #1677 ) ) ;
#497 = CYLINDRICAL_SURFACE ( 'NONE', #518, 2.099999999999999645 ) ;
#498 = ORIENTED_EDGE ( 'NONE', *, *, #1076, .F. ) ;
#499 = ORIENTED_EDGE ( 'NONE', *, *, #18, .F. ) ;
#500 = DIRECTION ( 'NONE',  ( 8.584654849926618669E-16, 0.000000000000000000, -1.000000000000000000 ) ) ;
#501 = DIRECTION ( 'NONE',  ( 0.8660254037844385966, 0.000000000000000000, -0.5000000000000000000 ) ) ;
#502 = CARTESIAN_POINT ( 'NONE',  ( 29.48076211353306064, 0.000000000000000000, -17.02072594216385326 ) ) ;
#503 = DIRECTION ( 'NONE',  ( -0.000000000000000000, -1.000000000000000000, -0.000000000000000000 ) ) ;
#504 = VERTEX_POINT ( 'NONE', #2072 ) ;
#505 = EDGE_CURVE ( 'NONE', #1531, #228, #1016, .T. ) ;
#506 = EDGE_LOOP ( 'NONE', ( #1423, #339, #141, #984 ) ) ;
#507 = CARTESIAN_POINT ( 'NONE',  ( 29.48076211353306064, 2.500000000000000000, -17.02072594216385326 ) ) ;
#508 = ORIENTED_EDGE ( 'NONE', *, *, #2011, .F. ) ;
#509 = ORIENTED_EDGE ( 'NONE', *, *, #2323, .T. ) ;
#510 = CARTESIAN_POINT ( 'NONE',  ( -25.98076211353330578, 10.00000000000000000, 14.99999999999975842 ) ) ;
#511 = DIRECTION ( 'NONE',  ( -0.000000000000000000, -1.000000000000000000, -0.000000000000000000 ) ) ;
#512 = DIRECTION ( 'NONE',  ( 8.584654849926621627E-16, 0.000000000000000000, -1.000000000000000000 ) ) ;
#513 = DIRECTION ( 'NONE',  ( 0.000000000000000000, 0.000000000000000000, -1.000000000000000000 ) ) ;
#514 = ORIENTED_EDGE ( 'NONE', *, *, #1572, .F. ) ;
#515 = EDGE_CURVE ( 'NONE', #1978, #119, #63, .T. ) ;
#516 = ORIENTED_EDGE ( 'NONE', *, *, #1407, .T. ) ;
#517 = EDGE_CURVE ( 'NONE', #277, #1267, #418, .T. ) ;
#518 = AXIS2_PLACEMENT_3D ( 'NONE', #2112, #120, #1413 ) ;
#519 = LINE ( 'NONE', #1833, #867 ) ;
#520 = VECTOR ( 'NONE', #154, 1000.000000000000000 ) ;
#521 = ORIENTED_EDGE ( 'NONE', *, *, #256, .F. ) ;
#522 = AXIS2_PLACEMENT_3D ( 'NONE', #2179, #1263, #717 ) ;
#523 = DIRECTION ( 'NONE',  ( 0.4999999999999997224, 0.000000000000000000, -0.8660254037844388186 ) ) ;
#524 = CARTESIAN_POINT ( 'NONE',  ( -25.98076211353330578, 10.00000000000000000, 17.09999999999975984 ) ) ;
#525 = VECTOR ( 'NONE', #1542, 1000.000000000000114 ) ;
#526 = AXIS2_PLACEMENT_3D ( 'NONE', #2312, #1220, #512 ) ;
#527 = DIRECTION ( 'NONE',  ( 0.000000000000000000, 1.000000000000000000, 0.000000000000000000 ) ) ;
#528 = AXIS2_PLACEMENT_3D ( 'NONE', #1027, #1768, #2145 ) ;
#529 = DIRECTION ( 'NONE',  ( -0.8660254037844387076, 0.000000000000000000, 0.4999999999999997780 ) ) ;
#530 = ORIENTED_EDGE ( 'NONE', *, *, #1085, .T. ) ;
#531 = CC_DESIGN_SECURITY_CLASSIFICATION ( #1180, ( #1751 ) ) ;
#532 = EDGE_LOOP ( 'NONE', ( #628, #2105, #2013, #1699 ) ) ;
#533 = CARTESIAN_POINT ( 'NONE',  ( -3.499999999999792166, 2.500000000000000000, 27.97927405783630661 ) ) ;
#534 = EDGE_CURVE ( 'NONE', #810, #162, #1336, .T. ) ;
#535 = ORIENTED_EDGE ( 'NONE', *, *, #1450, .F. ) ;
#536 = EDGE_CURVE ( 'NONE', #1269, #1560, #756, .T. ) ;
#537 = CARTESIAN_POINT ( 'NONE',  ( 0.000000000000000000, 4.000000000000000000, 0.000000000000000000 ) ) ;
#538 = CYLINDRICAL_SURFACE ( 'NONE', #842, 2.099999999999999645 ) ;
#539 = LINE ( 'NONE', #369, #1939 ) ;
#540 = DIRECTION ( 'NONE',  ( 0.000000000000000000, 0.000000000000000000, -1.000000000000000000 ) ) ;
#541 = ORIENTED_EDGE ( 'NONE', *, *, #914, .F. ) ;
#542 = LINE ( 'NONE', #1090, #1466 ) ;
#543 = ORIENTED_EDGE ( 'NONE', *, *, #2132, .T. ) ;
#544 = FACE_OUTER_BOUND ( 'NONE', #673, .T. ) ;
#545 = DIRECTION ( 'NONE',  ( 0.000000000000000000, 0.000000000000000000, 1.000000000000000000 ) ) ;
#546 = EDGE_CURVE ( 'NONE', #1216, #127, #382, .T. ) ;
#547 = DIRECTION ( 'NONE',  ( 0.8660254037844390407, 0.000000000000000000, -0.4999999999999991118 ) ) ;
#548 = DIRECTION ( 'NONE',  ( -0.000000000000000000, -1.000000000000000000, -0.000000000000000000 ) ) ;
#549 = EDGE_CURVE ( 'NONE', #268, #250, #2226, .T. ) ;
#550 = ORIENTED_EDGE ( 'NONE', *, *, #816, .T. ) ;
#551 = CARTESIAN_POINT ( 'NONE',  ( 2.064320936412400695E-13, 0.000000000000000000, 34.04145188432736546 ) ) ;
#552 = AXIS2_PLACEMENT_3D ( 'NONE', #258, #758, #1116 ) ;
#553 = ORIENTED_EDGE ( 'NONE', *, *, #2196, .T. ) ;
#554 = VECTOR ( 'NONE', #621, 1000.000000000000227 ) ;
#555 = PLANE ( 'NONE',  #522 ) ;
#556 = LINE ( 'NONE', #377, #298 ) ;
#557 = AXIS2_PLACEMENT_3D ( 'NONE', #1678, #1496, #879 ) ;
#558 = EDGE_CURVE ( 'NONE', #380, #2084, #1550, .T. ) ;
#559 = VECTOR ( 'NONE', #529, 1000.000000000000227 ) ;
#560 = DIRECTION ( 'NONE',  ( 0.8660254037844383745, 0.000000000000000000, 0.5000000000000003331 ) ) ;
#561 = CARTESIAN_POINT ( 'NONE',  ( 0.000000000000000000, 2.500000000000000000, 0.000000000000000000 ) ) ;
#562 = CIRCLE ( 'NONE', #1709, 2.099999999999999645 ) ;
#563 = EDGE_CURVE ( 'NONE', #1809, #1403, #1298, .T. ) ;
#564 = VECTOR ( 'NONE', #737, 1000.000000000000000 ) ;
#565 = ORIENTED_EDGE ( 'NONE', *, *, #1114, .T. ) ;
#566 = CYLINDRICAL_SURFACE ( 'NONE', #2359, 2.100000000000000977 ) ;
#567 = ORIENTED_EDGE ( 'NONE', *, *, #536, .F. ) ;
#568 = CARTESIAN_POINT ( 'NONE',  ( 22.48076211353325959, 2.500000000000000000, 12.97927405783613430 ) ) ;
#569 = CARTESIAN_POINT ( 'NONE',  ( 29.48076211353325249, 2.500000000000000000, 12.97927405783613075 ) ) ;
#570 = CARTESIAN_POINT ( 'NONE',  ( -22.48076211353307130, 2.500000000000000000, 17.02072594216385326 ) ) ;
#571 = LINE ( 'NONE', #1648, #1096 ) ;
#572 = ORIENTED_EDGE ( 'NONE', *, *, #623, .T. ) ;
#573 = EDGE_CURVE ( 'NONE', #1337, #1151, #79, .T. ) ;
#574 = FACE_OUTER_BOUND ( 'NONE', #732, .T. ) ;
#575 = ORIENTED_EDGE ( 'NONE', *, *, #117, .T. ) ;
#576 = EDGE_CURVE ( 'NONE', #131, #1123, #2025, .T. ) ;
#577 = DIRECTION ( 'NONE',  ( 8.659560562354877391E-17, 0.7071067811865521247, -0.7071067811865430208 ) ) ;
#578 = APPLICATION_PROTOCOL_DEFINITION ( 'international standard', 'config_control_design', 1994, #118 ) ;
#579 = EDGE_LOOP ( 'NONE', ( #1640, #1616, #809, #663 ) ) ;
#580 = CARTESIAN_POINT ( 'NONE',  ( 29.48076211353306064, 2.500000000000000000, -17.02072594216385326 ) ) ;
#581 = DIRECTION ( 'NONE',  ( -0.000000000000000000, -1.000000000000000000, -0.000000000000000000 ) ) ;
#582 = CARTESIAN_POINT ( 'NONE',  ( 3.499999999999796607, 0.000000000000000000, -27.97927405783631016 ) ) ;
#583 = ORIENTED_EDGE ( 'NONE', *, *, #493, .F. ) ;
#584 = CARTESIAN_POINT ( 'NONE',  ( 25.98076211353306064, 0.000000000000000000, -10.95854811567279441 ) ) ;
#585 = ADVANCED_FACE ( 'NONE', ( #574 ), #1121, .F. ) ;
#586 = ORIENTED_EDGE ( 'NONE', *, *, #1299, .T. ) ;
#587 = CARTESIAN_POINT ( 'NONE',  ( -2.028194074862084489E-13, 2.500000000000000000, -25.95854811567262033 ) ) ;
#588 = COORDINATED_UNIVERSAL_TIME_OFFSET ( 5, 0, .BEHIND. ) ;
#589 = ORIENTED_EDGE ( 'NONE', *, *, #185, .F. ) ;
#590 = CIRCLE ( 'NONE', #2004, 2.600000000000020517 ) ;
#591 = DIRECTION ( 'NONE',  ( -0.5000000000000001110, 0.000000000000000000, 0.8660254037844387076 ) ) ;
#592 = DIRECTION ( 'NONE',  ( 0.8660254037844384856, 0.000000000000000000, 0.5000000000000002220 ) ) ;
#593 = AXIS2_PLACEMENT_3D ( 'NONE', #1992, #2368, #2000 ) ;
#594 = ADVANCED_BREP_SHAPE_REPRESENTATION ( 'Output_1', ( #1617, #946 ), #2175 ) ;
#595 = FACE_OUTER_BOUND ( 'NONE', #2255, .T. ) ;
#596 = VECTOR ( 'NONE', #1426, 1000.000000000000114 ) ;
#597 = LINE ( 'NONE', #285, #1435 ) ;
#598 = VECTOR ( 'NONE', #2212, 1000.000000000000114 ) ;
#599 = ORIENTED_EDGE ( 'NONE', *, *, #64, .T. ) ;
#600 = EDGE_LOOP ( 'NONE', ( #2294, #1397, #896, #498 ) ) ;
#601 = AXIS2_PLACEMENT_3D ( 'NONE', #1679, #2078, #592 ) ;
#602 = CARTESIAN_POINT ( 'NONE',  ( 25.98076211353325959, 2.500000000000000000, 10.95854811567244447 ) ) ;
#603 = VERTEX_POINT ( 'NONE', #584 ) ;
#604 = AXIS2_PLACEMENT_3D ( 'NONE', #2003, #921, #1622 ) ;
#605 = CARTESIAN_POINT ( 'NONE',  ( 3.499999999999796607, 2.500000000000000000, -27.97927405783631016 ) ) ;
#606 = CARTESIAN_POINT ( 'NONE',  ( -3.499999999999792166, 2.500000000000000000, 32.02072594216367918 ) ) ;
#607 = ORIENTED_EDGE ( 'NONE', *, *, #312, .F. ) ;
#608 = EDGE_CURVE ( 'NONE', #267, #1485, #1741, .T. ) ;
#609 = EDGE_CURVE ( 'NONE', #2037, #957, #1432, .T. ) ;
#610 = DIRECTION ( 'NONE',  ( -0.5000000000000004441, 0.000000000000000000, -0.8660254037844383745 ) ) ;
#611 = DIRECTION ( 'NONE',  ( -0.000000000000000000, -1.000000000000000000, -0.000000000000000000 ) ) ;
#612 = DIRECTION ( 'NONE',  ( -0.000000000000000000, -1.000000000000000000, -0.000000000000000000 ) ) ;
#613 = DIRECTION ( 'NONE',  ( 0.000000000000000000, -0.000000000000000000, -1.000000000000000000 ) ) ;
#614 = VERTEX_POINT ( 'NONE', #1138 ) ;
#615 = ORIENTED_EDGE ( 'NONE', *, *, #383, .T. ) ;
#616 = DIRECTION ( 'NONE',  ( -0.000000000000000000, -1.000000000000000000, -0.000000000000000000 ) ) ;
#617 = ORIENTED_EDGE ( 'NONE', *, *, #1584, .T. ) ;
#618 = FACE_OUTER_BOUND ( 'NONE', #2062, .T. ) ;
#619 = CARTESIAN_POINT ( 'NONE',  ( 2.064320936412400190E-13, 2.500000000000000000, 25.95854811567261677 ) ) ;
#620 = EDGE_LOOP ( 'NONE', ( #1970, #1771, #962, #1259 ) ) ;
#621 = DIRECTION ( 'NONE',  ( -0.8660254037844380415, 0.000000000000000000, -0.5000000000000008882 ) ) ;
#622 = CARTESIAN_POINT ( 'NONE',  ( -3.499999999999792166, 0.000000000000000000, 32.02072594216367918 ) ) ;
#623 = EDGE_CURVE ( 'NONE', #1809, #6, #2238, .T. ) ;
#624 = CARTESIAN_POINT ( 'NONE',  ( 25.98076211353319565, 9.500000000000003553, -17.09999999999994102 ) ) ;
#625 = FACE_OUTER_BOUND ( 'NONE', #645, .T. ) ;
#626 = DIRECTION ( 'NONE',  ( 0.000000000000000000, 0.000000000000000000, -1.000000000000000000 ) ) ;
#627 = VERTEX_POINT ( 'NONE', #2061 ) ;
#628 = ORIENTED_EDGE ( 'NONE', *, *, #1364, .F. ) ;
#629 = LINE ( 'NONE', #1349, #639 ) ;
#630 = ORIENTED_EDGE ( 'NONE', *, *, #381, .T. ) ;
#631 = DIRECTION ( 'NONE',  ( -0.4999999999999997224, 0.000000000000000000, 0.8660254037844388186 ) ) ;
#632 = PERSON_AND_ORGANIZATION ( #798, #2208 ) ;
#633 = VERTEX_POINT ( 'NONE', #811 ) ;
#634 = CARTESIAN_POINT ( 'NONE',  ( 22.48076211353325959, 2.500000000000000000, 12.97927405783613430 ) ) ;
#635 = LINE ( 'NONE', #1356, #72 ) ;
#636 = AXIS2_PLACEMENT_3D ( 'NONE', #1047, #450, #462 ) ;
#637 = FACE_BOUND ( 'NONE', #2158, .T. ) ;
#638 = EDGE_CURVE ( 'NONE', #1444, #1457, #831, .T. ) ;
#639 = VECTOR ( 'NONE', #232, 1000.000000000000000 ) ;
#640 = CARTESIAN_POINT ( 'NONE',  ( -2.092317045027670600E-13, 10.00000000000000000, 32.09999999999999432 ) ) ;
#641 = CARTESIAN_POINT ( 'NONE',  ( 0.000000000000000000, 10.00000000000000000, -30.00000000000000000 ) ) ;
#642 = ORIENTED_EDGE ( 'NONE', *, *, #284, .F. ) ;
#643 = VECTOR ( 'NONE', #2293, 1000.000000000000227 ) ;
#644 = EDGE_CURVE ( 'NONE', #2084, #1489, #629, .T. ) ;
#645 = EDGE_LOOP ( 'NONE', ( #877, #1137, #61, #324 ) ) ;
#646 = AXIS2_PLACEMENT_3D ( 'NONE', #1487, #209, #1668 ) ;
#647 = LINE ( 'NONE', #471, #1053 ) ;
#648 = ORIENTED_EDGE ( 'NONE', *, *, #698, .F. ) ;
#649 = CARTESIAN_POINT ( 'NONE',  ( -25.98076211353330578, 2.500000000000000444, 12.89999999999975699 ) ) ;
#650 = CARTESIAN_POINT ( 'NONE',  ( 29.48076211353325249, 2.500000000000000000, 17.02072594216351931 ) ) ;
#651 = CARTESIAN_POINT ( 'NONE',  ( 29.48076211353306064, 2.500000000000000000, -17.02072594216385326 ) ) ;
#652 = CARTESIAN_POINT ( 'NONE',  ( -22.48076211353306775, 2.500000000000000000, 12.97927405783647004 ) ) ;
#653 = ORIENTED_EDGE ( 'NONE', *, *, #1817, .F. ) ;
#654 = ORIENTED_EDGE ( 'NONE', *, *, #1859, .F. ) ;
#655 = EDGE_CURVE ( 'NONE', #1267, #971, #1169, .T. ) ;
#656 = CARTESIAN_POINT ( 'NONE',  ( -1.935896007525095458E-13, 2.500000000000000000, -34.04145188432737257 ) ) ;
#657 = ORIENTED_EDGE ( 'NONE', *, *, #281, .T. ) ;
#658 = DIRECTION ( 'NONE',  ( -0.4999999999999991673, 0.000000000000000000, -0.8660254037844391517 ) ) ;
#659 = CARTESIAN_POINT ( 'NONE',  ( -3.499999999999792166, 2.500000000000000000, 27.97927405783630661 ) ) ;
#660 = CARTESIAN_POINT ( 'NONE',  ( 25.98076211353306064, 0.000000000000000000, -10.95854811567279441 ) ) ;
#661 = CARTESIAN_POINT ( 'NONE',  ( 0.000000000000000000, 0.000000000000000000, -16.00000000000000000 ) ) ;
#662 = ORIENTED_EDGE ( 'NONE', *, *, #1032, .T. ) ;
#663 = ORIENTED_EDGE ( 'NONE', *, *, #449, .T. ) ;
#664 = DIRECTION ( 'NONE',  ( 3.219245568722492724E-16, 0.000000000000000000, -1.000000000000000000 ) ) ;
#665 = ADVANCED_FACE ( 'NONE', ( #1486 ), #1317, .F. ) ;
#666 = EDGE_LOOP ( 'NONE', ( #77, #550, #1564, #932 ) ) ;
#667 = ORIENTED_EDGE ( 'NONE', *, *, #860, .F. ) ;
#668 = DIRECTION ( 'NONE',  ( -0.000000000000000000, -1.000000000000000000, -0.000000000000000000 ) ) ;
#669 = CARTESIAN_POINT ( 'NONE',  ( 25.98076211353306064, 2.500000000000000000, -10.95854811567279441 ) ) ;
#670 = CARTESIAN_POINT ( 'NONE',  ( 25.98076211353309262, 9.499999999999975131, 12.90000000000012115 ) ) ;
#671 = VECTOR ( 'NONE', #1260, 1000.000000000000227 ) ;
#672 = CARTESIAN_POINT ( 'NONE',  ( -25.98076211353306419, 0.000000000000000000, 10.95854811567277842 ) ) ;
#673 = EDGE_LOOP ( 'NONE', ( #919, #1798, #2342, #2111 ) ) ;
#674 = AXIS2_PLACEMENT_3D ( 'NONE', #37, #2044, #407 ) ;
#675 = VECTOR ( 'NONE', #2118, 1000.000000000000114 ) ;
#676 = ORIENTED_EDGE ( 'NONE', *, *, #928, .T. ) ;
#677 = VECTOR ( 'NONE', #1874, 1000.000000000000000 ) ;
#678 = DIRECTION ( 'NONE',  ( -0.5000000000000008882, 0.000000000000000000, 0.8660254037844381525 ) ) ;
#679 = VERTEX_POINT ( 'NONE', #817 ) ;
#680 = EDGE_LOOP ( 'NONE', ( #1858, #630, #530, #419 ) ) ;
#681 = AXIS2_PLACEMENT_3D ( 'NONE', #1872, #1005, #805 ) ;
#682 = ADVANCED_FACE ( 'NONE', ( #2038 ), #42, .F. ) ;
#683 = DIRECTION ( 'NONE',  ( 0.000000000000000000, 0.000000000000000000, 1.000000000000000000 ) ) ;
#684 = CIRCLE ( 'NONE', #681, 12.50000000000000000 ) ;
#685 = DIRECTION ( 'NONE',  ( -0.000000000000000000, -1.000000000000000000, -0.000000000000000000 ) ) ;
#686 = EDGE_CURVE ( 'NONE', #1151, #242, #1330, .T. ) ;
#687 = VECTOR ( 'NONE', #953, 1000.000000000000000 ) ;
#688 = FACE_BOUND ( 'NONE', #478, .T. ) ;
#689 = CARTESIAN_POINT ( 'NONE',  ( -2.094888803305880013E-13, 9.499999999999975131, 30.00000000000000000 ) ) ;
#690 = VERTEX_POINT ( 'NONE', #1538 ) ;
#691 = ORIENTED_EDGE ( 'NONE', *, *, #778, .F. ) ;
#692 = LINE ( 'NONE', #269, #208 ) ;
#693 = ORIENTED_EDGE ( 'NONE', *, *, #1830, .T. ) ;
#694 = ORIENTED_EDGE ( 'NONE', *, *, #1983, .F. ) ;
#695 = LINE ( 'NONE', #2336, #402 ) ;
#696 = CARTESIAN_POINT ( 'NONE',  ( 29.48076211353305709, 0.000000000000000000, -12.97927405783648069 ) ) ;
#697 = DIRECTION ( 'NONE',  ( 0.8660254037844389297, 0.000000000000000000, -0.4999999999999993339 ) ) ;
#698 = EDGE_CURVE ( 'NONE', #857, #2352, #905, .T. ) ;
#699 = DIRECTION ( 'NONE',  ( 0.8660254037844383745, 0.000000000000000000, 0.5000000000000003331 ) ) ;
#700 = ORIENTED_EDGE ( 'NONE', *, *, #534, .T. ) ;
#701 = VERTEX_POINT ( 'NONE', #771 ) ;
#702 = DIRECTION ( 'NONE',  ( 0.8660254037844381525, 0.000000000000000000, 0.5000000000000008882 ) ) ;
#703 = ORIENTED_EDGE ( 'NONE', *, *, #1544, .T. ) ;
#704 = CARTESIAN_POINT ( 'NONE',  ( 3.499999999999796607, 0.000000000000000000, -27.97927405783631016 ) ) ;
#705 = CARTESIAN_POINT ( 'NONE',  ( -25.98076211353330578, 9.499999999999975131, 14.99999999999975842 ) ) ;
#706 = LINE ( 'NONE', #1758, #2136 ) ;
#707 = DIRECTION ( 'NONE',  ( 0.000000000000000000, 1.000000000000000000, 0.000000000000000000 ) ) ;
#708 = ORIENTED_EDGE ( 'NONE', *, *, #1345, .F. ) ;
#709 = EDGE_CURVE ( 'NONE', #1062, #1251, #1974, .T. ) ;
#710 = VERTEX_POINT ( 'NONE', #73 ) ;
#711 = EDGE_CURVE ( 'NONE', #323, #2355, #1143, .T. ) ;
#712 = VECTOR ( 'NONE', #2256, 1000.000000000000000 ) ;
#713 = LINE ( 'NONE', #2162, #520 ) ;
#714 = VECTOR ( 'NONE', #14, 1000.000000000000000 ) ;
#715 = EDGE_LOOP ( 'NONE', ( #887, #508, #1201, #993 ) ) ;
#716 = AXIS2_PLACEMENT_3D ( 'NONE', #1218, #1947, #1767 ) ;
#717 = DIRECTION ( 'NONE',  ( -3.219245568722492724E-16, 0.000000000000000000, 1.000000000000000000 ) ) ;
#718 = CARTESIAN_POINT ( 'NONE',  ( 25.98076211353319565, 10.00000000000000000, -12.39999999999994884 ) ) ;
#719 = CIRCLE ( 'NONE', #448, 2.599999999999992983 ) ;
#720 = LINE ( 'NONE', #191, #110 ) ;
#721 = APPROVAL_PERSON_ORGANIZATION ( #632, #45, #1522 ) ;
#722 = CARTESIAN_POINT ( 'NONE',  ( 29.48076211353305709, 0.000000000000000000, -12.97927405783648069 ) ) ;
#723 = CC_DESIGN_APPROVAL ( #1035, ( #1180 ) ) ;
#724 = ORIENTED_EDGE ( 'NONE', *, *, #473, .T. ) ;
#725 = CARTESIAN_POINT ( 'NONE',  ( 2.064320936412400695E-13, 2.500000000000000000, 34.04145188432736546 ) ) ;
#726 = EDGE_CURVE ( 'NONE', #1969, #810, #54, .T. ) ;
#727 = DIRECTION ( 'NONE',  ( 0.000000000000000000, -1.000000000000000000, 0.000000000000000000 ) ) ;
#728 = DIRECTION ( 'NONE',  ( 0.000000000000000000, 0.000000000000000000, 1.000000000000000000 ) ) ;
#729 = DIRECTION ( 'NONE',  ( 0.000000000000000000, 0.000000000000000000, -1.000000000000000000 ) ) ;
#730 = LINE ( 'NONE', #2021, #214 ) ;
#731 = CARTESIAN_POINT ( 'NONE',  ( -2.094888803305880013E-13, 10.00000000000000000, 30.00000000000000000 ) ) ;
#732 = EDGE_LOOP ( 'NONE', ( #1164, #152, #82, #384 ) ) ;
#733 = CARTESIAN_POINT ( 'NONE',  ( 0.000000000000000000, 9.499999999999975131, -30.00000000000000000 ) ) ;
#734 = CARTESIAN_POINT ( 'NONE',  ( -25.98076211353330578, 2.500000000000000444, 14.99999999999975842 ) ) ;
#735 = ADVANCED_FACE ( 'NONE', ( #1510 ), #1914, .F. ) ;
#736 = CARTESIAN_POINT ( 'NONE',  ( -3.499999999999792166, 2.500000000000000000, 32.02072594216367918 ) ) ;
#737 = DIRECTION ( 'NONE',  ( -0.000000000000000000, -1.000000000000000000, -0.000000000000000000 ) ) ;
#738 = EDGE_CURVE ( 'NONE', #193, #1337, #1884, .T. ) ;
#739 = DIRECTION ( 'NONE',  ( 0.5000000000000004441, 0.000000000000000000, -0.8660254037844384856 ) ) ;
#740 = CARTESIAN_POINT ( 'NONE',  ( 0.000000000000000000, 0.000000000000000000, 0.000000000000000000 ) ) ;
#741 = ORIENTED_EDGE ( 'NONE', *, *, #2308, .F. ) ;
#742 = LINE ( 'NONE', #2344, #1698 ) ;
#743 = VECTOR ( 'NONE', #2026, 1000.000000000000000 ) ;
#744 = VERTEX_POINT ( 'NONE', #977 ) ;
#745 = AXIS2_PLACEMENT_3D ( 'NONE', #2094, #2077, #437 ) ;
#746 = DIRECTION ( 'NONE',  ( -0.000000000000000000, -1.000000000000000000, -0.000000000000000000 ) ) ;
#747 = DIRECTION ( 'NONE',  ( -0.000000000000000000, -1.000000000000000000, -0.000000000000000000 ) ) ;
#748 = AXIS2_PLACEMENT_3D ( 'NONE', #510, #1602, #1417 ) ;
#749 = AXIS2_PLACEMENT_3D ( 'NONE', #2, #707, #1430 ) ;
#750 = DIRECTION ( 'NONE',  ( -0.000000000000000000, -1.000000000000000000, -0.000000000000000000 ) ) ;
#751 = EDGE_CURVE ( 'NONE', #835, #679, #2065, .T. ) ;
#752 = CARTESIAN_POINT ( 'NONE',  ( 22.48076211353306419, 2.500000000000000000, -17.02072594216386392 ) ) ;
#753 = AXIS2_PLACEMENT_3D ( 'NONE', #2339, #309, #1769 ) ;
#754 = AXIS2_PLACEMENT_3D ( 'NONE', #705, #1603, #333 ) ;
#755 = ORIENTED_EDGE ( 'NONE', *, *, #1541, .F. ) ;
#756 = LINE ( 'NONE', #986, #288 ) ;
#757 = CARTESIAN_POINT ( 'NONE',  ( 25.98076211353306064, 2.500000000000000000, -10.95854811567279441 ) ) ;
#758 = DIRECTION ( 'NONE',  ( 0.000000000000000000, -1.000000000000000000, 0.000000000000000000 ) ) ;
#759 = CARTESIAN_POINT ( 'NONE',  ( -3.500000000000203837, 2.500000000000000000, -27.97927405783631016 ) ) ;
#760 = ORIENTED_EDGE ( 'NONE', *, *, #655, .F. ) ;
#761 = DIRECTION ( 'NONE',  ( 0.000000000000000000, 0.7071067811865521247, 0.7071067811865430208 ) ) ;
#762 = DIRECTION ( 'NONE',  ( 0.000000000000000000, 1.000000000000000000, 0.000000000000000000 ) ) ;
#763 = FACE_BOUND ( 'NONE', #1385, .T. ) ;
#764 = EDGE_CURVE ( 'NONE', #1909, #852, #2199, .T. ) ;
#765 = VERTEX_POINT ( 'NONE', #262 ) ;
#766 = CARTESIAN_POINT ( 'NONE',  ( -29.48076211353325249, 2.500000000000000000, -12.97927405783614141 ) ) ;
#767 = ORIENTED_EDGE ( 'NONE', *, *, #1076, .T. ) ;
#768 = LINE ( 'NONE', #1897, #1931 ) ;
#769 = DIRECTION ( 'NONE',  ( -0.8660254037844383745, 0.000000000000000000, -0.5000000000000003331 ) ) ;
#770 = VERTEX_POINT ( 'NONE', #994 ) ;
#771 = CARTESIAN_POINT ( 'NONE',  ( -1.935896007525095458E-13, 0.000000000000000000, -34.04145188432737257 ) ) ;
#772 = CARTESIAN_POINT ( 'NONE',  ( -29.48076211353306419, 2.500000000000000000, 12.97927405783646471 ) ) ;
#773 = CARTESIAN_POINT ( 'NONE',  ( 0.000000000000000000, 10.00000000000000000, -32.09999999999999432 ) ) ;
#774 = CARTESIAN_POINT ( 'NONE',  ( -25.98076211353306064, 2.500000000000000000, 19.04145188432753599 ) ) ;
#775 = EDGE_LOOP ( 'NONE', ( #1019, #1571 ) ) ;
#776 = EDGE_CURVE ( 'NONE', #968, #2334, #1861, .T. ) ;
#777 = DIRECTION ( 'NONE',  ( 8.584654849926643321E-16, 0.000000000000000000, -1.000000000000000000 ) ) ;
#778 = EDGE_CURVE ( 'NONE', #1819, #1251, #1004, .T. ) ;
#779 = EDGE_LOOP ( 'NONE', ( #1993, #862, #1990, #1634 ) ) ;
#780 = EDGE_CURVE ( 'NONE', #1560, #633, #2221, .T. ) ;
#781 = FACE_OUTER_BOUND ( 'NONE', #1303, .T. ) ;
#782 = CIRCLE ( 'NONE', #1624, 2.100000000000000977 ) ;
#783 = PERSON_AND_ORGANIZATION ( #798, #2208 ) ;
#784 = ORIENTED_EDGE ( 'NONE', *, *, #281, .F. ) ;
#785 = CONICAL_SURFACE ( 'NONE', #397, 16.00000000000000000, 0.7853981633974430610 ) ;
#786 = CARTESIAN_POINT ( 'NONE',  ( 0.000000000000000000, 10.00000000000000000, -30.00000000000000000 ) ) ;
#787 = CARTESIAN_POINT ( 'NONE',  ( 25.98076211353305709, 2.500000000000000000, -19.04145188432754665 ) ) ;
#788 = AXIS2_PLACEMENT_3D ( 'NONE', #342, #1789, #360 ) ;
#789 = CARTESIAN_POINT ( 'NONE',  ( -2.094888803305880013E-13, 2.500000000000000444, 27.89999999999999858 ) ) ;
#790 = VECTOR ( 'NONE', #301, 1000.000000000000000 ) ;
#791 = DIRECTION ( 'NONE',  ( -1.073081856240829059E-16, 0.000000000000000000, 1.000000000000000000 ) ) ;
#792 = AXIS2_PLACEMENT_3D ( 'NONE', #401, #1863, #2079 ) ;
#793 = ORIENTED_EDGE ( 'NONE', *, *, #2007, .F. ) ;
#794 = ORIENTED_EDGE ( 'NONE', *, *, #1434, .F. ) ;
#795 = CARTESIAN_POINT ( 'NONE',  ( 29.48076211353325249, 2.500000000000000000, 17.02072594216351931 ) ) ;
#796 = VERTEX_POINT ( 'NONE', #1130 ) ;
#797 = AXIS2_PLACEMENT_3D ( 'NONE', #1552, #2290, #1371 ) ;
#798 = PERSON ( 'UNSPECIFIED', 'UNSPECIFIED', 'UNSPECIFIED', ('UNSPECIFIED'), ('UNSPECIFIED'), ('UNSPECIFIED') ) ;
#799 = CARTESIAN_POINT ( 'NONE',  ( 2.571758278209442943E-16, 9.499999999999975131, -32.09999999999999432 ) ) ;
#800 = ADVANCED_FACE ( 'NONE', ( #222 ), #952, .F. ) ;
#801 = CC_DESIGN_APPROVAL ( #45, ( #1751 ) ) ;
#802 = PERSON_AND_ORGANIZATION ( #798, #2208 ) ;
#803 = ORIENTED_EDGE ( 'NONE', *, *, #1524, .T. ) ;
#804 = DIRECTION ( 'NONE',  ( 8.584654849926610780E-16, 0.000000000000000000, -1.000000000000000000 ) ) ;
#805 = DIRECTION ( 'NONE',  ( 0.000000000000000000, 0.000000000000000000, 1.000000000000000000 ) ) ;
#806 = CARTESIAN_POINT ( 'NONE',  ( -29.48076211353325249, 2.500000000000000000, -12.97927405783614141 ) ) ;
#807 = DIRECTION ( 'NONE',  ( -0.000000000000000000, -1.000000000000000000, -0.000000000000000000 ) ) ;
#808 = DIRECTION ( 'NONE',  ( -0.8660254037844384856, 0.000000000000000000, -0.5000000000000002220 ) ) ;
#809 = ORIENTED_EDGE ( 'NONE', *, *, #928, .F. ) ;
#810 = VERTEX_POINT ( 'NONE', #1228 ) ;
#811 = CARTESIAN_POINT ( 'NONE',  ( 29.48076211353305709, 2.500000000000000000, -12.97927405783648069 ) ) ;
#812 = ORIENTED_EDGE ( 'NONE', *, *, #1834, .T. ) ;
#813 = DIRECTION ( 'NONE',  ( -0.000000000000000000, -1.000000000000000000, -0.000000000000000000 ) ) ;
#814 =( LENGTH_UNIT ( ) NAMED_UNIT ( * ) SI_UNIT ( .MILLI., .METRE. ) );
#815 = ORIENTED_EDGE ( 'NONE', *, *, #1345, .T. ) ;
#816 = EDGE_CURVE ( 'NONE', #268, #2034, #210, .T. ) ;
#817 = CARTESIAN_POINT ( 'NONE',  ( -29.48076211353324894, 0.000000000000000000, -17.02072594216352996 ) ) ;
#818 = DIRECTION ( 'NONE',  ( 0.5000000000000004441, -0.000000000000000000, 0.8660254037844384856 ) ) ;
#819 = ADVANCED_FACE ( 'NONE', ( #1576 ), #1405, .F. ) ;
#820 = CARTESIAN_POINT ( 'NONE',  ( 25.98076211353325959, 2.500000000000000000, 19.04145188432720204 ) ) ;
#821 = DIRECTION ( 'NONE',  ( 0.5000000000000008882, 0.000000000000000000, -0.8660254037844382635 ) ) ;
#822 = CARTESIAN_POINT ( 'NONE',  ( 25.98076211353305709, 0.000000000000000000, -19.04145188432754665 ) ) ;
#823 = EDGE_LOOP ( 'NONE', ( #915, #46, #767, #461 ) ) ;
#824 = ORIENTED_EDGE ( 'NONE', *, *, #168, .T. ) ;
#825 = CARTESIAN_POINT ( 'NONE',  ( -25.98076211353330578, 9.499999999999975131, 17.09999999999975984 ) ) ;
#826 = EDGE_LOOP ( 'NONE', ( #303, #1688, #436, #2089 ) ) ;
#827 = CARTESIAN_POINT ( 'NONE',  ( -2.094888803305880013E-13, 9.499999999999975131, 30.00000000000000000 ) ) ;
#828 = CARTESIAN_POINT ( 'NONE',  ( 3.500000000000206057, 2.500000000000000000, 27.97927405783630661 ) ) ;
#829 = VECTOR ( 'NONE', #139, 1000.000000000000000 ) ;
#830 = FACE_BOUND ( 'NONE', #1280, .T. ) ;
#831 = CIRCLE ( 'NONE', #327, 2.100000000000000977 ) ;
#832 = DIRECTION ( 'NONE',  ( -0.000000000000000000, -1.000000000000000000, -0.000000000000000000 ) ) ;
#833 = ADVANCED_FACE ( 'NONE', ( #1960 ), #2106, .F. ) ;
#834 = CARTESIAN_POINT ( 'NONE',  ( -29.48076211353306419, 2.500000000000000000, 12.97927405783646471 ) ) ;
#835 = VERTEX_POINT ( 'NONE', #319 ) ;
#836 = AXIS2_PLACEMENT_3D ( 'NONE', #1050, #465, #1778 ) ;
#837 = AXIS2_PLACEMENT_3D ( 'NONE', #1257, #348, #1078 ) ;
#838 = ORIENTED_EDGE ( 'NONE', *, *, #2177, .F. ) ;
#839 = CIRCLE ( 'NONE', #910, 2.099999999999997868 ) ;
#840 = CARTESIAN_POINT ( 'NONE',  ( -2.092317045027670600E-13, 9.499999999999975131, 32.10000000000000142 ) ) ;
#841 = APPROVAL_STATUS ( 'not_yet_approved' ) ;
#842 = AXIS2_PLACEMENT_3D ( 'NONE', #1845, #1095, #2166 ) ;
#843 = ORIENTED_EDGE ( 'NONE', *, *, #251, .T. ) ;
#844 = PLANE ( 'NONE',  #1701 ) ;
#845 = LINE ( 'NONE', #696, #1981 ) ;
#846 = PLANE ( 'NONE',  #1252 ) ;
#847 = DIRECTION ( 'NONE',  ( -0.000000000000000000, -1.000000000000000000, -0.000000000000000000 ) ) ;
#848 = EDGE_LOOP ( 'NONE', ( #1296, #2365, #2052, #516 ) ) ;
#849 = ADVANCED_FACE ( 'NONE', ( #122, #109 ), #853, .T. ) ;
#850 = ORIENTED_EDGE ( 'NONE', *, *, #1761, .T. ) ;
#851 = DIRECTION ( 'NONE',  ( 0.8660254037844385966, 0.000000000000000000, -0.5000000000000000000 ) ) ;
#852 = VERTEX_POINT ( 'NONE', #1589 ) ;
#853 = PLANE ( 'NONE',  #1394 ) ;
#854 = FACE_OUTER_BOUND ( 'NONE', #170, .T. ) ;
#855 = FACE_OUTER_BOUND ( 'NONE', #255, .T. ) ;
#856 = CARTESIAN_POINT ( 'NONE',  ( 0.000000000000000000, 9.499999999999975131, -30.00000000000000000 ) ) ;
#857 = VERTEX_POINT ( 'NONE', #2144 ) ;
#858 = VERTEX_POINT ( 'NONE', #649 ) ;
#859 = LINE ( 'NONE', #2333, #1588 ) ;
#860 = EDGE_CURVE ( 'NONE', #2355, #1176, #695, .T. ) ;
#861 = EDGE_CURVE ( 'NONE', #957, #2037, #1128, .T. ) ;
#862 = ORIENTED_EDGE ( 'NONE', *, *, #1205, .F. ) ;
#863 = ORIENTED_EDGE ( 'NONE', *, *, #638, .F. ) ;
#864 = DIRECTION ( 'NONE',  ( 0.000000000000000000, 0.000000000000000000, -1.000000000000000000 ) ) ;
#865 = FACE_OUTER_BOUND ( 'NONE', #2230, .T. ) ;
#866 = CARTESIAN_POINT ( 'NONE',  ( -25.98076211353325959, 2.500000000000000000, -10.95854811567245335 ) ) ;
#867 = VECTOR ( 'NONE', #1633, 1000.000000000000000 ) ;
#868 = DIRECTION ( 'NONE',  ( 0.000000000000000000, -1.000000000000000000, -0.000000000000000000 ) ) ;
#869 = ORIENTED_EDGE ( 'NONE', *, *, #2262, .F. ) ;
#870 = VECTOR ( 'NONE', #804, 1000.000000000000000 ) ;
#871 = AXIS2_PLACEMENT_3D ( 'NONE', #827, #2115, #683 ) ;
#872 = VERTEX_POINT ( 'NONE', #1066 ) ;
#873 = VECTOR ( 'NONE', #236, 1000.000000000000000 ) ;
#874 = DIRECTION ( 'NONE',  ( -0.000000000000000000, -1.000000000000000000, -0.000000000000000000 ) ) ;
#875 = SHAPE_DEFINITION_REPRESENTATION ( #1042, #594 ) ;
#876 = ORIENTED_EDGE ( 'NONE', *, *, #168, .F. ) ;
#877 = ORIENTED_EDGE ( 'NONE', *, *, #1288, .F. ) ;
#878 = ADVANCED_FACE ( 'NONE', ( #2299 ), #307, .F. ) ;
#879 = DIRECTION ( 'NONE',  ( 0.000000000000000000, 0.000000000000000000, 1.000000000000000000 ) ) ;
#880 = LINE ( 'NONE', #2311, #1366 ) ;
#881 = LOCAL_TIME ( 22, 50, 15.00000000000000000, #241 ) ;
#882 = DIRECTION ( 'NONE',  ( -0.8660254037844385966, 0.000000000000000000, -0.5000000000000000000 ) ) ;
#883 = CARTESIAN_POINT ( 'NONE',  ( -29.48076211353306775, 2.500000000000000000, 17.02072594216383550 ) ) ;
#884 = ORIENTED_EDGE ( 'NONE', *, *, #69, .F. ) ;
#885 = ORIENTED_EDGE ( 'NONE', *, *, #429, .T. ) ;
#886 = CARTESIAN_POINT ( 'NONE',  ( -22.48076211353306775, 2.500000000000000000, 12.97927405783647004 ) ) ;
#887 = ORIENTED_EDGE ( 'NONE', *, *, #954, .T. ) ;
#888 = PLANE ( 'NONE',  #1246 ) ;
#889 = LINE ( 'NONE', #1229, #2248 ) ;
#890 = LINE ( 'NONE', #1578, #26 ) ;
#891 = ADVANCED_FACE ( 'NONE', ( #1370 ), #1239, .F. ) ;
#892 = CARTESIAN_POINT ( 'NONE',  ( 22.48076211353306064, 2.500000000000000000, -12.97927405783648425 ) ) ;
#893 = ORIENTED_EDGE ( 'NONE', *, *, #1875, .T. ) ;
#894 = ORIENTED_EDGE ( 'NONE', *, *, #195, .T. ) ;
#895 = DIRECTION ( 'NONE',  ( 0.000000000000000000, 1.000000000000000000, 0.000000000000000000 ) ) ;
#896 = ORIENTED_EDGE ( 'NONE', *, *, #1378, .F. ) ;
#897 = DIRECTION ( 'NONE',  ( -0.000000000000000000, -1.000000000000000000, -0.000000000000000000 ) ) ;
#898 = CARTESIAN_POINT ( 'NONE',  ( -2.028194074862084489E-13, 2.500000000000000000, -25.95854811567262033 ) ) ;
#899 = CC_DESIGN_DATE_AND_TIME_ASSIGNMENT ( #1484, #1302, ( #221 ) ) ;
#900 = LINE ( 'NONE', #2361, #1022 ) ;
#901 = DIRECTION ( 'NONE',  ( 0.000000000000000000, 0.000000000000000000, 1.000000000000000000 ) ) ;
#902 = EDGE_CURVE ( 'NONE', #1594, #627, #2154, .T. ) ;
#903 = ORIENTED_EDGE ( 'NONE', *, *, #235, .F. ) ;
#904 = CARTESIAN_POINT ( 'NONE',  ( 3.500000000000206057, 2.500000000000000000, 32.02072594216367918 ) ) ;
#905 = CIRCLE ( 'NONE', #176, 2.599999999999989431 ) ;
#906 = ORIENTED_EDGE ( 'NONE', *, *, #1448, .T. ) ;
#907 = VECTOR ( 'NONE', #1043, 1000.000000000000000 ) ;
#908 = CARTESIAN_POINT ( 'NONE',  ( -25.98076211353325604, 2.500000000000000000, -19.04145188432721270 ) ) ;
#909 = CARTESIAN_POINT ( 'NONE',  ( 3.499999999999797051, 2.500000000000000000, -32.02072594216368628 ) ) ;
#910 = AXIS2_PLACEMENT_3D ( 'NONE', #1294, #2029, #2198 ) ;
#911 = FACE_OUTER_BOUND ( 'NONE', #823, .T. ) ;
#912 = VECTOR ( 'NONE', #1612, 1000.000000000000000 ) ;
#913 = CARTESIAN_POINT ( 'NONE',  ( 0.000000000000000000, 10.00000000000000000, -27.39999999999998082 ) ) ;
#914 = EDGE_CURVE ( 'NONE', #2272, #770, #332, .T. ) ;
#915 = ORIENTED_EDGE ( 'NONE', *, *, #576, .F. ) ;
#916 = EDGE_CURVE ( 'NONE', #947, #116, #445, .T. ) ;
#917 = DIRECTION ( 'NONE',  ( -0.000000000000000000, -1.000000000000000000, -0.000000000000000000 ) ) ;
#918 = ADVANCED_FACE ( 'NONE', ( #1742 ), #844, .F. ) ;
#919 = ORIENTED_EDGE ( 'NONE', *, *, #235, .T. ) ;
#920 = CARTESIAN_POINT ( 'NONE',  ( 29.48076211353325249, 0.000000000000000000, 12.97927405783613075 ) ) ;
#921 = DIRECTION ( 'NONE',  ( 0.000000000000000000, 1.000000000000000000, 0.000000000000000000 ) ) ;
#922 = FACE_OUTER_BOUND ( 'NONE', #1178, .T. ) ;
#923 = FACE_BOUND ( 'NONE', #926, .T. ) ;
#924 = EDGE_LOOP ( 'NONE', ( #724, #1210, #815, #794 ) ) ;
#925 = LINE ( 'NONE', #507, #1429 ) ;
#926 = EDGE_LOOP ( 'NONE', ( #1073, #1532 ) ) ;
#927 = DIRECTION ( 'NONE',  ( -0.5000000000000001110, 0.000000000000000000, -0.8660254037844387076 ) ) ;
#928 = EDGE_CURVE ( 'NONE', #690, #323, #486, .T. ) ;
#929 = DIRECTION ( 'NONE',  ( 0.000000000000000000, 0.000000000000000000, 1.000000000000000000 ) ) ;
#930 = DIRECTION ( 'NONE',  ( 0.8660254037844387076, 0.000000000000000000, -0.4999999999999997780 ) ) ;
#931 = CARTESIAN_POINT ( 'NONE',  ( 25.98076211353305709, 2.500000000000000000, -19.04145188432754665 ) ) ;
#932 = ORIENTED_EDGE ( 'NONE', *, *, #1314, .T. ) ;
#933 = CARTESIAN_POINT ( 'NONE',  ( 25.98076211353319565, 9.500000000000003553, -14.99999999999993960 ) ) ;
#934 = VECTOR ( 'NONE', #1023, 1000.000000000000000 ) ;
#935 = ORIENTED_EDGE ( 'NONE', *, *, #546, .T. ) ;
#936 = VECTOR ( 'NONE', #964, 1000.000000000000000 ) ;
#937 = CARTESIAN_POINT ( 'NONE',  ( 0.000000000000000000, 10.00000000000000000, -15.00000000000000000 ) ) ;
#938 = DIRECTION ( 'NONE',  ( 0.000000000000000000, 0.7071067811865536790, 0.7071067811865414665 ) ) ;
#939 = ADVANCED_FACE ( 'NONE', ( #1026 ), #1756, .F. ) ;
#940 = VECTOR ( 'NONE', #699, 1000.000000000000114 ) ;
#941 = ADVANCED_FACE ( 'NONE', ( #544 ), #555, .F. ) ;
#942 = AXIS2_PLACEMENT_3D ( 'NONE', #1615, #1989, #2349 ) ;
#943 = PLANE ( 'NONE',  #2246 ) ;
#944 = CARTESIAN_POINT ( 'NONE',  ( 1.836970198721029589E-15, 10.00000000000000000, 15.00000000000000000 ) ) ;
#945 = CIRCLE ( 'NONE', #753, 2.100000000000000977 ) ;
#946 = AXIS2_PLACEMENT_3D ( 'NONE', #1728, #1856, #1869 ) ;
#947 = VERTEX_POINT ( 'NONE', #1810 ) ;
#948 = DIRECTION ( 'NONE',  ( 0.000000000000000000, 1.000000000000000000, 0.000000000000000000 ) ) ;
#949 = EDGE_LOOP ( 'NONE', ( #1928, #396, #1010, #617 ) ) ;
#950 = CARTESIAN_POINT ( 'NONE',  ( -29.48076211353325249, 2.500000000000000000, -12.97927405783614141 ) ) ;
#951 = VERTEX_POINT ( 'NONE', #1292 ) ;
#952 = CYLINDRICAL_SURFACE ( 'NONE', #557, 12.50000000000000000 ) ;
#953 = DIRECTION ( 'NONE',  ( 8.659560562354889717E-17, 0.7071067811865512365, -0.7071067811865439090 ) ) ;
#954 = EDGE_CURVE ( 'NONE', #1049, #1031, #376, .T. ) ;
#955 = CARTESIAN_POINT ( 'NONE',  ( 22.48076211353306419, 2.500000000000000000, -17.02072594216386392 ) ) ;
#956 = ADVANCED_FACE ( 'NONE', ( #188 ), #2370, .F. ) ;
#957 = VERTEX_POINT ( 'NONE', #2002 ) ;
#958 = DIRECTION ( 'NONE',  ( 0.000000000000000000, 0.000000000000000000, 1.000000000000000000 ) ) ;
#959 = ORIENTED_EDGE ( 'NONE', *, *, #1158, .F. ) ;
#960 = CARTESIAN_POINT ( 'NONE',  ( 25.98076211353325959, 2.500000000000000000, 19.04145188432720204 ) ) ;
#961 = CALENDAR_DATE ( 2026, 24, 8 ) ;
#962 = ORIENTED_EDGE ( 'NONE', *, *, #2005, .F. ) ;
#963 = APPLICATION_CONTEXT ( 'configuration controlled 3d designs of mechanical parts and assemblies' ) ;
#964 = DIRECTION ( 'NONE',  ( 0.000000000000000000, 0.000000000000000000, -1.000000000000000000 ) ) ;
#965 = CARTESIAN_POINT ( 'NONE',  ( -25.98076211353325959, 2.500000000000000000, -10.95854811567245335 ) ) ;
#966 = DIRECTION ( 'NONE',  ( 0.4999999999999996669, 0.000000000000000000, -0.8660254037844388186 ) ) ;
#967 = DIRECTION ( 'NONE',  ( 0.000000000000000000, 1.000000000000000000, 0.000000000000000000 ) ) ;
#968 = VERTEX_POINT ( 'NONE', #568 ) ;
#969 = EDGE_CURVE ( 'NONE', #1693, #1348, #1801, .T. ) ;
#970 = DIRECTION ( 'NONE',  ( 0.000000000000000000, 0.000000000000000000, 1.000000000000000000 ) ) ;
#971 = VERTEX_POINT ( 'NONE', #2027 ) ;
#972 = CARTESIAN_POINT ( 'NONE',  ( -25.98076211353325604, 2.500000000000000000, -19.04145188432721270 ) ) ;
#973 = AXIS2_PLACEMENT_3D ( 'NONE', #960, #631, #1351 ) ;
#974 = PERSON_AND_ORGANIZATION_ROLE ( 'creator' ) ;
#975 = EDGE_LOOP ( 'NONE', ( #1586, #1629 ) ) ;
#976 = AXIS2_PLACEMENT_3D ( 'NONE', #786, #413, #1705 ) ;
#977 = CARTESIAN_POINT ( 'NONE',  ( 1.836970198721029589E-15, 4.000000000000000000, 15.00000000000000000 ) ) ;
#978 = CARTESIAN_POINT ( 'NONE',  ( -2.094888803305880013E-13, 10.00000000000000000, 30.00000000000000000 ) ) ;
#979 = AXIS2_PLACEMENT_3D ( 'NONE', #908, #523, #2209 ) ;
#980 = FACE_BOUND ( 'NONE', #1719, .T. ) ;
#981 = AXIS2_PLACEMENT_3D ( 'NONE', #1477, #44, #1513 ) ;
#982 = PLANE ( 'NONE',  #2242 ) ;
#983 = CIRCLE ( 'NONE', #1786, 15.00000000000000000 ) ;
#984 = ORIENTED_EDGE ( 'NONE', *, *, #429, .F. ) ;
#985 = CONICAL_SURFACE ( 'NONE', #604, 2.100000000000000977, 0.7853981633974396193 ) ;
#986 = CARTESIAN_POINT ( 'NONE',  ( 25.98076211353305709, 2.500000000000000000, -19.04145188432754665 ) ) ;
#987 = EDGE_CURVE ( 'NONE', #280, #2214, #2194, .T. ) ;
#988 = ADVANCED_FACE ( 'NONE', ( #1082 ), #16, .F. ) ;
#989 = ORIENTED_EDGE ( 'NONE', *, *, #1299, .F. ) ;
#990 = AXIS2_PLACEMENT_3D ( 'NONE', #1240, #511, #1577 ) ;
#991 = LINE ( 'NONE', #972, #1463 ) ;
#992 = EDGE_CURVE ( 'NONE', #796, #2334, #1986, .T. ) ;
#993 = ORIENTED_EDGE ( 'NONE', *, *, #2295, .T. ) ;
#994 = CARTESIAN_POINT ( 'NONE',  ( -3.500000000000203837, 0.000000000000000000, -27.97927405783631016 ) ) ;
#995 = DIRECTION ( 'NONE',  ( 0.000000000000000000, 1.000000000000000000, 0.000000000000000000 ) ) ;
#996 = FACE_BOUND ( 'NONE', #1190, .T. ) ;
#997 = CARTESIAN_POINT ( 'NONE',  ( 3.499999999999797051, 2.500000000000000000, -32.02072594216368628 ) ) ;
#998 = LINE ( 'NONE', #276, #1662 ) ;
#999 = ORIENTED_EDGE ( 'NONE', *, *, #383, .F. ) ;
#1000 = ORIENTED_EDGE ( 'NONE', *, *, #300, .F. ) ;
#1001 = CARTESIAN_POINT ( 'NONE',  ( 22.48076211353306064, 0.000000000000000000, -12.97927405783648425 ) ) ;
#1002 = ORIENTED_EDGE ( 'NONE', *, *, #2308, .T. ) ;
#1003 = EDGE_CURVE ( 'NONE', #2352, #857, #1211, .T. ) ;
#1004 = LINE ( 'NONE', #1731, #1850 ) ;
#1005 = DIRECTION ( 'NONE',  ( 0.000000000000000000, 1.000000000000000000, 0.000000000000000000 ) ) ;
#1006 = FACE_BOUND ( 'NONE', #142, .T. ) ;
#1007 = LINE ( 'NONE', #2292, #1937 ) ;
#1008 = DIRECTION ( 'NONE',  ( -0.000000000000000000, -1.000000000000000000, -0.000000000000000000 ) ) ;
#1009 = EDGE_LOOP ( 'NONE', ( #1308, #2350, #1012, #1234 ) ) ;
#1010 = ORIENTED_EDGE ( 'NONE', *, *, #2277, .F. ) ;
#1011 = CARTESIAN_POINT ( 'NONE',  ( -22.48076211353325959, 2.500000000000000000, -12.97927405783614319 ) ) ;
#1012 = ORIENTED_EDGE ( 'NONE', *, *, #7, .F. ) ;
#1013 = CARTESIAN_POINT ( 'NONE',  ( 3.500000000000206057, 2.500000000000000000, 27.97927405783630661 ) ) ;
#1014 = DIRECTION ( 'NONE',  ( 0.000000000000000000, -1.000000000000000000, 0.000000000000000000 ) ) ;
#1015 = ADVANCED_FACE ( 'NONE', ( #364 ), #2239, .F. ) ;
#1016 = CIRCLE ( 'NONE', #2123, 2.100000000000000977 ) ;
#1017 = DIRECTION ( 'NONE',  ( 0.000000000000000000, -1.000000000000000000, 0.000000000000000000 ) ) ;
#1018 = DIRECTION ( 'NONE',  ( 0.000000000000000000, 0.000000000000000000, -1.000000000000000000 ) ) ;
#1019 = ORIENTED_EDGE ( 'NONE', *, *, #1221, .F. ) ;
#1020 = AXIS2_PLACEMENT_3D ( 'NONE', #59, #1017, #613 ) ;
#1021 = ORIENTED_EDGE ( 'NONE', *, *, #2067, .F. ) ;
#1022 = VECTOR ( 'NONE', #2181, 1000.000000000000227 ) ;
#1023 = DIRECTION ( 'NONE',  ( 8.584654849926625571E-16, 0.000000000000000000, -1.000000000000000000 ) ) ;
#1024 = VECTOR ( 'NONE', #1381, 1000.000000000000114 ) ;
#1025 = ORIENTED_EDGE ( 'NONE', *, *, #2323, .F. ) ;
#1026 = FACE_OUTER_BOUND ( 'NONE', #2191, .T. ) ;
#1027 = CARTESIAN_POINT ( 'NONE',  ( -29.48076211353324894, 2.500000000000000000, -17.02072594216352996 ) ) ;
#1028 = EDGE_CURVE ( 'NONE', #2355, #1969, #1449, .T. ) ;
#1029 = DIRECTION ( 'NONE',  ( 0.000000000000000000, -1.000000000000000000, 0.000000000000000000 ) ) ;
#1030 = LINE ( 'NONE', #661, #2283 ) ;
#1031 = VERTEX_POINT ( 'NONE', #1621 ) ;
#1032 = EDGE_CURVE ( 'NONE', #1715, #1495, #1793, .T. ) ;
#1033 = EDGE_CURVE ( 'NONE', #447, #744, #1316, .T. ) ;
#1034 = EDGE_LOOP ( 'NONE', ( #2286, #459 ) ) ;
#1035 = APPROVAL ( #841, 'UNSPECIFIED' ) ;
#1036 = CARTESIAN_POINT ( 'NONE',  ( 0.000000000000000000, 0.000000000000000000, -35.10000000000000142 ) ) ;
#1037 = EDGE_LOOP ( 'NONE', ( #654, #708 ) ) ;
#1038 = VERTEX_POINT ( 'NONE', #174 ) ;
#1039 = DIRECTION ( 'NONE',  ( 0.000000000000000000, -0.000000000000000000, -1.000000000000000000 ) ) ;
#1040 = CARTESIAN_POINT ( 'NONE',  ( -25.98076211353298248, 9.500000000000003553, -15.00000000000030376 ) ) ;
#1041 = PLANE ( 'NONE',  #1857 ) ;
#1042 = PRODUCT_DEFINITION_SHAPE ( 'NONE', 'NONE',  #221 ) ;
#1043 = DIRECTION ( 'NONE',  ( -0.000000000000000000, -1.000000000000000000, -0.000000000000000000 ) ) ;
#1044 = ORIENTED_EDGE ( 'NONE', *, *, #1065, .F. ) ;
#1045 = ORIENTED_EDGE ( 'NONE', *, *, #371, .F. ) ;
#1046 = EDGE_CURVE ( 'NONE', #119, #1058, #1458, .T. ) ;
#1047 = CARTESIAN_POINT ( 'NONE',  ( 0.000000000000000000, 9.499999999999975131, -30.00000000000000000 ) ) ;
#1048 = ORIENTED_EDGE ( 'NONE', *, *, #1763, .F. ) ;
#1049 = VERTEX_POINT ( 'NONE', #1282 ) ;
#1050 = CARTESIAN_POINT ( 'NONE',  ( 0.000000000000000000, 4.000000000000000000, 0.000000000000000000 ) ) ;
#1051 = LINE ( 'NONE', #1948, #912 ) ;
#1052 = CARTESIAN_POINT ( 'NONE',  ( 0.000000000000000000, 10.00000000000000000, 0.000000000000000000 ) ) ;
#1053 = VECTOR ( 'NONE', #664, 1000.000000000000000 ) ;
#1054 = CARTESIAN_POINT ( 'NONE',  ( 0.000000000000000000, 2.500000000000000444, -30.00000000000000000 ) ) ;
#1055 = ORIENTED_EDGE ( 'NONE', *, *, #1422, .F. ) ;
#1056 = AXIS2_PLACEMENT_3D ( 'NONE', #27, #1290, #1309 ) ;
#1057 = VECTOR ( 'NONE', #746, 1000.000000000000000 ) ;
#1058 = VERTEX_POINT ( 'NONE', #2018 ) ;
#1059 = CIRCLE ( 'NONE', #749, 2.099999999999999645 ) ;
#1060 = DIRECTION ( 'NONE',  ( -0.000000000000000000, -1.000000000000000000, -0.000000000000000000 ) ) ;
#1061 = ADVANCED_FACE ( 'NONE', ( #1836 ), #888, .F. ) ;
#1062 = VERTEX_POINT ( 'NONE', #1611 ) ;
#1063 = ORIENTED_EDGE ( 'NONE', *, *, #256, .T. ) ;
#1064 = VECTOR ( 'NONE', #581, 1000.000000000000000 ) ;
#1065 = EDGE_CURVE ( 'NONE', #1425, #2272, #2346, .T. ) ;
#1066 = CARTESIAN_POINT ( 'NONE',  ( 22.48076211353306064, 2.500000000000000000, -12.97927405783648425 ) ) ;
#1067 = LINE ( 'NONE', #1779, #1860 ) ;
#1068 = FACE_OUTER_BOUND ( 'NONE', #2110, .T. ) ;
#1069 = CARTESIAN_POINT ( 'NONE',  ( 25.98076211353309262, 2.500000000000000444, 15.00000000000012257 ) ) ;
#1070 = EDGE_LOOP ( 'NONE', ( #1189, #1772 ) ) ;
#1071 = ORIENTED_EDGE ( 'NONE', *, *, #1953, .T. ) ;
#1072 = LINE ( 'NONE', #904, #2128 ) ;
#1073 = ORIENTED_EDGE ( 'NONE', *, *, #1365, .F. ) ;
#1074 = DIRECTION ( 'NONE',  ( 0.000000000000000000, 0.000000000000000000, 1.000000000000000000 ) ) ;
#1075 = DIRECTION ( 'NONE',  ( -0.8660254037844383745, 0.000000000000000000, 0.5000000000000003331 ) ) ;
#1076 = EDGE_CURVE ( 'NONE', #1038, #404, #1030, .T. ) ;
#1077 = CARTESIAN_POINT ( 'NONE',  ( 25.98076211353309262, 10.00000000000000000, 12.40000000000010338 ) ) ;
#1078 = DIRECTION ( 'NONE',  ( 0.000000000000000000, 0.000000000000000000, -1.000000000000000000 ) ) ;
#1079 = ORIENTED_EDGE ( 'NONE', *, *, #1985, .T. ) ;
#1080 = DIRECTION ( 'NONE',  ( -0.000000000000000000, -1.000000000000000000, -0.000000000000000000 ) ) ;
#1081 = VERTEX_POINT ( 'NONE', #2082 ) ;
#1082 = FACE_OUTER_BOUND ( 'NONE', #826, .T. ) ;
#1083 = DIRECTION ( 'NONE',  ( 0.000000000000000000, 1.000000000000000000, 0.000000000000000000 ) ) ;
#1084 = DIRECTION ( 'NONE',  ( 0.000000000000000000, 0.000000000000000000, -1.000000000000000000 ) ) ;
#1085 = EDGE_CURVE ( 'NONE', #116, #947, #23, .T. ) ;
#1086 = LINE ( 'NONE', #1815, #559 ) ;
#1087 = AXIS2_PLACEMENT_3D ( 'NONE', #2035, #813, #2049 ) ;
#1088 = ORIENTED_EDGE ( 'NONE', *, *, #2259, .F. ) ;
#1089 = VECTOR ( 'NONE', #1060, 1000.000000000000000 ) ;
#1090 = CARTESIAN_POINT ( 'NONE',  ( 25.98076211353309262, 9.499999999999975131, 12.90000000000012115 ) ) ;
#1091 = CIRCLE ( 'NONE', #2043, 2.600000000000020517 ) ;
#1092 = VERTEX_POINT ( 'NONE', #100 ) ;
#1093 = AXIS2_PLACEMENT_3D ( 'NONE', #1749, #1559, #808 ) ;
#1094 = DIRECTION ( 'NONE',  ( 0.000000000000000000, 1.000000000000000000, 0.000000000000000000 ) ) ;
#1095 = DIRECTION ( 'NONE',  ( -0.000000000000000000, -1.000000000000000000, -0.000000000000000000 ) ) ;
#1096 = VECTOR ( 'NONE', #612, 1000.000000000000000 ) ;
#1097 = AXIS2_PLACEMENT_3D ( 'NONE', #124, #1382, #114 ) ;
#1098 = CYLINDRICAL_SURFACE ( 'NONE', #1473, 2.099999999999997868 ) ;
#1099 = AXIS2_PLACEMENT_3D ( 'NONE', #365, #17, #1637 ) ;
#1100 = CARTESIAN_POINT ( 'NONE',  ( -25.98076211353330578, 9.499999999999975131, 12.89999999999975699 ) ) ;
#1101 = EDGE_CURVE ( 'NONE', #2178, #127, #266, .T. ) ;
#1102 = APPROVAL_PERSON_ORGANIZATION ( #1754, #1035, #2124 ) ;
#1103 = VERTEX_POINT ( 'NONE', #1383 ) ;
#1104 = ADVANCED_FACE ( 'NONE', ( #477 ), #1396, .F. ) ;
#1105 = CARTESIAN_POINT ( 'NONE',  ( -25.98076211353298248, 10.00000000000000000, -12.40000000000030944 ) ) ;
#1106 = LINE ( 'NONE', #28, #743 ) ;
#1107 = DIRECTION ( 'NONE',  ( -0.000000000000000000, -1.000000000000000000, -0.000000000000000000 ) ) ;
#1108 = DIRECTION ( 'NONE',  ( -0.8660254037844384856, 0.000000000000000000, -0.5000000000000002220 ) ) ;
#1109 = CARTESIAN_POINT ( 'NONE',  ( -25.98076211353298248, 10.00000000000000000, -15.00000000000030376 ) ) ;
#1110 = FACE_OUTER_BOUND ( 'NONE', #2023, .T. ) ;
#1111 = APPROVAL ( #230, 'UNSPECIFIED' ) ;
#1112 = ORIENTED_EDGE ( 'NONE', *, *, #207, .F. ) ;
#1113 = CARTESIAN_POINT ( 'NONE',  ( 1.959434878635765131E-15, 0.000000000000000000, 16.00000000000000000 ) ) ;
#1114 = EDGE_CURVE ( 'NONE', #78, #2083, #1568, .T. ) ;
#1115 = ORIENTED_EDGE ( 'NONE', *, *, #7, .T. ) ;
#1116 = DIRECTION ( 'NONE',  ( 0.000000000000000000, 0.000000000000000000, -1.000000000000000000 ) ) ;
#1117 = LINE ( 'NONE', #1459, #1323 ) ;
#1118 = DIRECTION ( 'NONE',  ( 0.000000000000000000, 0.000000000000000000, 1.000000000000000000 ) ) ;
#1119 = FACE_OUTER_BOUND ( 'NONE', #1519, .T. ) ;
#1120 = VERTEX_POINT ( 'NONE', #822 ) ;
#1121 = PLANE ( 'NONE',  #1505 ) ;
#1122 = VECTOR ( 'NONE', #2229, 1000.000000000000000 ) ;
#1123 = VERTEX_POINT ( 'NONE', #494 ) ;
#1124 = AXIS2_PLACEMENT_3D ( 'NONE', #733, #1661, #1879 ) ;
#1125 = DIRECTION ( 'NONE',  ( 0.000000000000000000, 1.000000000000000000, 0.000000000000000000 ) ) ;
#1126 = PLANE ( 'NONE',  #1667 ) ;
#1127 = VERTEX_POINT ( 'NONE', #1346 ) ;
#1128 = CIRCLE ( 'NONE', #836, 12.50000000000000000 ) ;
#1129 = ADVANCED_FACE ( 'NONE', ( #2302 ), #310, .F. ) ;
#1130 = CARTESIAN_POINT ( 'NONE',  ( 22.48076211353325959, 0.000000000000000000, 17.02072594216351575 ) ) ;
#1131 = VECTOR ( 'NONE', #1420, 1000.000000000000000 ) ;
#1132 = LINE ( 'NONE', #223, #687 ) ;
#1133 = CARTESIAN_POINT ( 'NONE',  ( -29.48076211353324894, 2.500000000000000000, -17.02072594216352996 ) ) ;
#1134 = CIRCLE ( 'NONE', #70, 35.10000000000000142 ) ;
#1135 = LOCAL_TIME ( 22, 50, 15.00000000000000000, #588 ) ;
#1136 = ORIENTED_EDGE ( 'NONE', *, *, #65, .F. ) ;
#1137 = ORIENTED_EDGE ( 'NONE', *, *, #463, .T. ) ;
#1138 = CARTESIAN_POINT ( 'NONE',  ( 2.064320936412400190E-13, 2.500000000000000000, 25.95854811567261677 ) ) ;
#1139 = EDGE_LOOP ( 'NONE', ( #1620, #1324, #1112, #2183 ) ) ;
#1140 = DIRECTION ( 'NONE',  ( -0.000000000000000000, -1.000000000000000000, -0.000000000000000000 ) ) ;
#1141 = PERSON_AND_ORGANIZATION ( #798, #2208 ) ;
#1142 = EDGE_LOOP ( 'NONE', ( #553, #803, #1160, #676, #2247, #1517 ) ) ;
#1143 = LINE ( 'NONE', #2260, #1591 ) ;
#1144 = DIRECTION ( 'NONE',  ( -0.8660254037844383745, 0.000000000000000000, -0.5000000000000004441 ) ) ;
#1145 = EDGE_CURVE ( 'NONE', #504, #1127, #286, .T. ) ;
#1146 = CARTESIAN_POINT ( 'NONE',  ( 0.000000000000000000, 4.000000000000000000, 0.000000000000000000 ) ) ;
#1147 = CARTESIAN_POINT ( 'NONE',  ( 29.48076211353306064, 2.500000000000000000, -17.02072594216385326 ) ) ;
#1148 = ORIENTED_EDGE ( 'NONE', *, *, #2132, .F. ) ;
#1149 = ORIENTED_EDGE ( 'NONE', *, *, #738, .T. ) ;
#1150 = CARTESIAN_POINT ( 'NONE',  ( -25.98076211353325604, 2.500000000000000000, -19.04145188432721270 ) ) ;
#1151 = VERTEX_POINT ( 'NONE', #834 ) ;
#1152 = DIRECTION ( 'NONE',  ( 0.000000000000000000, 0.000000000000000000, -1.000000000000000000 ) ) ;
#1153 = ORIENTED_EDGE ( 'NONE', *, *, #2033, .T. ) ;
#1154 = CARTESIAN_POINT ( 'NONE',  ( -29.48076211353306419, 2.500000000000000000, 12.97927405783646471 ) ) ;
#1155 = CARTESIAN_POINT ( 'NONE',  ( 29.48076211353325249, 2.500000000000000000, 17.02072594216351931 ) ) ;
#1156 = CARTESIAN_POINT ( 'NONE',  ( 4.298510265007209853E-15, 0.000000000000000000, 35.10000000000000142 ) ) ;
#1157 = EDGE_CURVE ( 'NONE', #228, #1909, #1940, .T. ) ;
#1158 = EDGE_CURVE ( 'NONE', #2138, #835, #468, .T. ) ;
#1159 = DIRECTION ( 'NONE',  ( 0.000000000000000000, 0.000000000000000000, 1.000000000000000000 ) ) ;
#1160 = ORIENTED_EDGE ( 'NONE', *, *, #2277, .T. ) ;
#1161 = ORIENTED_EDGE ( 'NONE', *, *, #2033, .F. ) ;
#1162 = ADVANCED_FACE ( 'NONE', ( #1770 ), #1357, .F. ) ;
#1163 = DIRECTION ( 'NONE',  ( 0.000000000000000000, 1.000000000000000000, 0.000000000000000000 ) ) ;
#1164 = ORIENTED_EDGE ( 'NONE', *, *, #751, .T. ) ;
#1165 = LINE ( 'NONE', #799, #1814 ) ;
#1166 = CLOSED_SHELL ( 'NONE', ( #1409, #96, #1015, #2338, #1604, #184, #1202, #1460, #1262, #1375, #2304, #891, #446, #833, #2085, #1792, #1129, #1274, #34, #489, #1104, #224, #1747, #1476, #1490, #1730, #2159, #2133, #1700, #1642, #2080, #1162, #1844, #1733, #800, #313, #1697, #956, #2147, #585, #1774, #1669, #819, #1908, #2113, #113, #315, #1890, #2070, #735, #2200, #1582, #1478, #878, #2366, #1631, #1996, #988, #144, #1503, #1273, #1192, #849, #682, #665, #1694, #1654, #1446, #918, #1614, #1954, #2024, #939, #1561, #1061, #941, #1389 ) ) ;
#1167 = DATE_AND_TIME ( #435, #1827 ) ;
#1168 = VERTEX_POINT ( 'NONE', #1736 ) ;
#1169 = LINE ( 'NONE', #272, #247 ) ;
#1170 = CARTESIAN_POINT ( 'NONE',  ( 0.000000000000000000, 4.000000000000000000, 0.000000000000000000 ) ) ;
#1171 = DIRECTION ( 'NONE',  ( 0.4999999999999998335, -0.000000000000000000, 0.8660254037844388186 ) ) ;
#1172 = CIRCLE ( 'NONE', #67, 16.00000000000000000 ) ;
#1173 = FACE_OUTER_BOUND ( 'NONE', #1142, .T. ) ;
#1174 = AXIS2_PLACEMENT_3D ( 'NONE', #1052, #1782, #1613 ) ;
#1175 = DIRECTION ( 'NONE',  ( 0.000000000000000000, 0.000000000000000000, -1.000000000000000000 ) ) ;
#1176 = VERTEX_POINT ( 'NONE', #2278 ) ;
#1177 = CONICAL_SURFACE ( 'NONE', #452, 2.100000000000000977, 0.7853981633974396193 ) ;
#1178 = EDGE_LOOP ( 'NONE', ( #1353, #2163, #278, #1597 ) ) ;
#1179 = EDGE_CURVE ( 'NONE', #305, #1245, #1579, .T. ) ;
#1180 = SECURITY_CLASSIFICATION ( '', '', #2257 ) ;
#1181 = LINE ( 'NONE', #1001, #829 ) ;
#1182 = PERSON_AND_ORGANIZATION ( #798, #2208 ) ;
#1183 = EDGE_LOOP ( 'NONE', ( #1465, #2253, #36, #1991 ) ) ;
#1184 = DIRECTION ( 'NONE',  ( -0.000000000000000000, -1.000000000000000000, -0.000000000000000000 ) ) ;
#1185 = DIRECTION ( 'NONE',  ( -0.000000000000000000, -1.000000000000000000, -0.000000000000000000 ) ) ;
#1186 = FACE_BOUND ( 'NONE', #495, .T. ) ;
#1187 = DIRECTION ( 'NONE',  ( 0.000000000000000000, -1.000000000000000000, 0.000000000000000000 ) ) ;
#1188 = CARTESIAN_POINT ( 'NONE',  ( 25.98076211353306064, 2.500000000000000000, -10.95854811567279441 ) ) ;
#1189 = ORIENTED_EDGE ( 'NONE', *, *, #1033, .F. ) ;
#1190 = EDGE_LOOP ( 'NONE', ( #959, #1045, #1755, #760, #1762, #2119 ) ) ;
#1191 = CARTESIAN_POINT ( 'NONE',  ( 22.48076211353306064, 2.500000000000000000, -12.97927405783648425 ) ) ;
#1192 = ADVANCED_FACE ( 'NONE', ( #2313 ), #2137, .F. ) ;
#1193 = ORIENTED_EDGE ( 'NONE', *, *, #1206, .T. ) ;
#1194 = CARTESIAN_POINT ( 'NONE',  ( -2.028194074862084489E-13, 0.000000000000000000, -25.95854811567262033 ) ) ;
#1195 = DIRECTION ( 'NONE',  ( 8.659560562354857670E-17, 0.7071067811865536790, -0.7071067811865414665 ) ) ;
#1196 = CARTESIAN_POINT ( 'NONE',  ( -1.935896007525095458E-13, 2.500000000000000000, -34.04145188432737257 ) ) ;
#1197 = DIRECTION ( 'NONE',  ( 0.000000000000000000, 0.7071067811865524577, 0.7071067811865426878 ) ) ;
#1198 = ORIENTED_EDGE ( 'NONE', *, *, #608, .F. ) ;
#1199 = ORIENTED_EDGE ( 'NONE', *, *, #623, .F. ) ;
#1200 = CARTESIAN_POINT ( 'NONE',  ( -2.028194074862084489E-13, 2.500000000000000000, -25.95854811567262033 ) ) ;
#1201 = ORIENTED_EDGE ( 'NONE', *, *, #357, .F. ) ;
#1202 = ADVANCED_FACE ( 'NONE', ( #1530 ), #1398, .F. ) ;
#1203 = DIRECTION ( 'NONE',  ( -0.8660254037844390407, 0.000000000000000000, 0.4999999999999991118 ) ) ;
#1204 = DIRECTION ( 'NONE',  ( -0.8660254037844390407, 0.000000000000000000, 0.4999999999999993339 ) ) ;
#1205 = EDGE_CURVE ( 'NONE', #1369, #971, #998, .T. ) ;
#1206 = EDGE_CURVE ( 'NONE', #2149, #872, #458, .T. ) ;
#1207 = AXIS2_PLACEMENT_3D ( 'NONE', #1355, #2056, #1526 ) ;
#1208 = DIRECTION ( 'NONE',  ( 0.8660254037844383745, 0.000000000000000000, 0.5000000000000004441 ) ) ;
#1209 = CARTESIAN_POINT ( 'NONE',  ( 25.98076211353319565, 2.500000000000000444, -14.99999999999993960 ) ) ;
#1210 = ORIENTED_EDGE ( 'NONE', *, *, #1805, .T. ) ;
#1211 = CIRCLE ( 'NONE', #1975, 2.599999999999989431 ) ;
#1212 = CONICAL_SURFACE ( 'NONE', #1979, 2.100000000000000977, 0.7853981633974431720 ) ;
#1213 = EDGE_LOOP ( 'NONE', ( #1853, #2150, #589, #1958 ) ) ;
#1214 = VECTOR ( 'NONE', #455, 1000.000000000000000 ) ;
#1215 = FACE_OUTER_BOUND ( 'NONE', #2160, .T. ) ;
#1216 = VERTEX_POINT ( 'NONE', #652 ) ;
#1217 = ORIENTED_EDGE ( 'NONE', *, *, #1584, .F. ) ;
#1218 = CARTESIAN_POINT ( 'NONE',  ( 3.499999999999797051, 2.500000000000000000, -32.02072594216368628 ) ) ;
#1219 = CARTESIAN_POINT ( 'NONE',  ( 25.98076211353319565, 9.500000000000003553, -14.99999999999993960 ) ) ;
#1220 = DIRECTION ( 'NONE',  ( 1.000000000000000000, -0.000000000000000000, 8.584654849926621627E-16 ) ) ;
#1221 = EDGE_CURVE ( 'NONE', #306, #1489, #1896, .T. ) ;
#1222 = DIRECTION ( 'NONE',  ( 0.000000000000000000, -0.7071067811865512365, -0.7071067811865439090 ) ) ;
#1223 = VERTEX_POINT ( 'NONE', #1244 ) ;
#1224 = ORIENTED_EDGE ( 'NONE', *, *, #2351, .F. ) ;
#1225 = LINE ( 'NONE', #1573, #325 ) ;
#1226 = ORIENTED_EDGE ( 'NONE', *, *, #328, .T. ) ;
#1227 = EDGE_LOOP ( 'NONE', ( #101, #1315, #1945, #1966 ) ) ;
#1228 = CARTESIAN_POINT ( 'NONE',  ( -3.499999999999792166, 0.000000000000000000, 27.97927405783630661 ) ) ;
#1229 = CARTESIAN_POINT ( 'NONE',  ( 25.98076211353319565, 9.500000000000003553, -17.09999999999994102 ) ) ;
#1230 = LINE ( 'NONE', #299, #1823 ) ;
#1231 = CARTESIAN_POINT ( 'NONE',  ( 0.000000000000000000, 10.00000000000000000, 0.000000000000000000 ) ) ;
#1232 = ORIENTED_EDGE ( 'NONE', *, *, #1923, .F. ) ;
#1233 = EDGE_CURVE ( 'NONE', #162, #2279, #1443, .T. ) ;
#1234 = ORIENTED_EDGE ( 'NONE', *, *, #1179, .F. ) ;
#1235 = EDGE_CURVE ( 'NONE', #1495, #627, #2202, .T. ) ;
#1236 = LINE ( 'NONE', #886, #1695 ) ;
#1237 = ORIENTED_EDGE ( 'NONE', *, *, #2353, .T. ) ;
#1238 = ORIENTED_EDGE ( 'NONE', *, *, #536, .T. ) ;
#1239 = CYLINDRICAL_SURFACE ( 'NONE', #748, 2.100000000000000977 ) ;
#1240 = CARTESIAN_POINT ( 'NONE',  ( 25.98076211353319565, 10.00000000000000000, -14.99999999999993960 ) ) ;
#1241 = DESIGN_CONTEXT ( 'detailed design', #963, 'design' ) ;
#1242 = CARTESIAN_POINT ( 'NONE',  ( 0.000000000000000000, 10.00000000000000000, 0.000000000000000000 ) ) ;
#1243 = VECTOR ( 'NONE', #1493, 1000.000000000000000 ) ;
#1244 = CARTESIAN_POINT ( 'NONE',  ( -29.48076211353325249, 2.500000000000000000, -12.97927405783614141 ) ) ;
#1245 = VERTEX_POINT ( 'NONE', #1625 ) ;
#1246 = AXIS2_PLACEMENT_3D ( 'NONE', #197, #927, #1471 ) ;
#1247 = ORIENTED_EDGE ( 'NONE', *, *, #686, .T. ) ;
#1248 = AXIS2_PLACEMENT_3D ( 'NONE', #1343, #456, #440 ) ;
#1249 = LINE ( 'NONE', #533, #1089 ) ;
#1250 = EDGE_CURVE ( 'NONE', #872, #1103, #179, .T. ) ;
#1251 = VERTEX_POINT ( 'NONE', #913 ) ;
#1252 = AXIS2_PLACEMENT_3D ( 'NONE', #321, #1029, #1795 ) ;
#1253 = DIRECTION ( 'NONE',  ( 0.000000000000000000, 0.000000000000000000, 1.000000000000000000 ) ) ;
#1254 = VECTOR ( 'NONE', #2107, 1000.000000000000000 ) ;
#1255 = CARTESIAN_POINT ( 'NONE',  ( -22.48076211353307130, 2.500000000000000000, 17.02072594216385326 ) ) ;
#1256 = DIRECTION ( 'NONE',  ( 0.8660254037844387076, 0.000000000000000000, -0.4999999999999997780 ) ) ;
#1257 = CARTESIAN_POINT ( 'NONE',  ( -2.094888803305880013E-13, 2.500000000000000444, 30.00000000000000000 ) ) ;
#1258 = EDGE_LOOP ( 'NONE', ( #1907, #90, #1504, #239 ) ) ;
#1259 = ORIENTED_EDGE ( 'NONE', *, *, #549, .F. ) ;
#1260 = DIRECTION ( 'NONE',  ( -0.8660254037844387076, 0.000000000000000000, -0.4999999999999997780 ) ) ;
#1261 = ORIENTED_EDGE ( 'NONE', *, *, #1329, .F. ) ;
#1262 = ADVANCED_FACE ( 'NONE', ( #2157 ), #338, .T. ) ;
#1263 = DIRECTION ( 'NONE',  ( -1.000000000000000000, 0.000000000000000000, -3.219245568722492724E-16 ) ) ;
#1264 = LINE ( 'NONE', #2188, #260 ) ;
#1265 = DIRECTION ( 'NONE',  ( -0.8660254037844388186, 0.000000000000000000, -0.4999999999999997224 ) ) ;
#1266 = DIRECTION ( 'NONE',  ( 0.000000000000000000, -1.000000000000000000, 0.000000000000000000 ) ) ;
#1267 = VERTEX_POINT ( 'NONE', #1639 ) ;
#1268 = CARTESIAN_POINT ( 'NONE',  ( 25.98076211353319565, 10.00000000000000000, -12.89999999999993818 ) ) ;
#1269 = VERTEX_POINT ( 'NONE', #2182 ) ;
#1270 = DIRECTION ( 'NONE',  ( -8.584654849926641349E-16, 0.000000000000000000, 1.000000000000000000 ) ) ;
#1271 = LINE ( 'NONE', #1987, #2098 ) ;
#1272 = LINE ( 'NONE', #1442, #1748 ) ;
#1273 = ADVANCED_FACE ( 'NONE', ( #1998 ), #1796, .F. ) ;
#1274 = ADVANCED_FACE ( 'NONE', ( #160 ), #1977, .F. ) ;
#1275 = CARTESIAN_POINT ( 'NONE',  ( 29.48076211353325249, 2.500000000000000000, 12.97927405783613075 ) ) ;
#1276 = ORIENTED_EDGE ( 'NONE', *, *, #1875, .F. ) ;
#1277 = VECTOR ( 'NONE', #432, 1000.000000000000000 ) ;
#1278 = LINE ( 'NONE', #1424, #2356 ) ;
#1279 = VECTOR ( 'NONE', #1253, 1000.000000000000000 ) ;
#1280 = EDGE_LOOP ( 'NONE', ( #2126, #1618, #1870, #2303, #13, #694 ) ) ;
#1281 = VECTOR ( 'NONE', #98, 1000.000000000000000 ) ;
#1282 = CARTESIAN_POINT ( 'NONE',  ( 29.48076211353325249, 0.000000000000000000, 12.97927405783613075 ) ) ;
#1283 = CARTESIAN_POINT ( 'NONE',  ( -29.48076211353306775, 0.000000000000000000, 17.02072594216383550 ) ) ;
#1284 = CIRCLE ( 'NONE', #257, 2.600000000000019185 ) ;
#1285 = AXIS2_PLACEMENT_3D ( 'NONE', #1040, #123, #1392 ) ;
#1286 = PLANE ( 'NONE',  #148 ) ;
#1287 = DIRECTION ( 'NONE',  ( 0.000000000000000000, 1.000000000000000000, 0.000000000000000000 ) ) ;
#1288 = EDGE_CURVE ( 'NONE', #1715, #1594, #1059, .T. ) ;
#1289 = ORIENTED_EDGE ( 'NONE', *, *, #546, .F. ) ;
#1290 = DIRECTION ( 'NONE',  ( 0.000000000000000000, 1.000000000000000000, 0.000000000000000000 ) ) ;
#1291 = DIRECTION ( 'NONE',  ( 0.000000000000000000, 0.000000000000000000, -1.000000000000000000 ) ) ;
#1292 = CARTESIAN_POINT ( 'NONE',  ( -3.500000000000202505, 0.000000000000000000, -32.02072594216367918 ) ) ;
#1293 = LINE ( 'NONE', #2195, #1904 ) ;
#1294 = CARTESIAN_POINT ( 'NONE',  ( 0.000000000000000000, 2.500000000000000444, -30.00000000000000000 ) ) ;
#1295 = FACE_OUTER_BOUND ( 'NONE', #1752, .T. ) ;
#1296 = ORIENTED_EDGE ( 'NONE', *, *, #1717, .T. ) ;
#1297 = EDGE_CURVE ( 'NONE', #2214, #765, #169, .T. ) ;
#1298 = LINE ( 'NONE', #1696, #1277 ) ;
#1299 = EDGE_CURVE ( 'NONE', #1031, #1058, #1086, .T. ) ;
#1300 = ORIENTED_EDGE ( 'NONE', *, *, #1235, .T. ) ;
#1301 = DIRECTION ( 'NONE',  ( 0.000000000000000000, 1.000000000000000000, 0.000000000000000000 ) ) ;
#1302 = DATE_TIME_ROLE ( 'creation_date' ) ;
#1303 = EDGE_LOOP ( 'NONE', ( #1421, #1760, #417, #469 ) ) ;
#1304 = DIRECTION ( 'NONE',  ( -8.584654849926641349E-16, 0.000000000000000000, 1.000000000000000000 ) ) ;
#1305 = DIRECTION ( 'NONE',  ( 0.000000000000000000, 1.000000000000000000, 0.000000000000000000 ) ) ;
#1306 = FACE_OUTER_BOUND ( 'NONE', #422, .T. ) ;
#1307 = EDGE_LOOP ( 'NONE', ( #1063, #213, #784, #2305 ) ) ;
#1308 = ORIENTED_EDGE ( 'NONE', *, *, #1953, .F. ) ;
#1309 = DIRECTION ( 'NONE',  ( 0.000000000000000000, 0.000000000000000000, 1.000000000000000000 ) ) ;
#1310 = CIRCLE ( 'NONE', #361, 2.599999999999992983 ) ;
#1311 = ORIENTED_EDGE ( 'NONE', *, *, #5, .F. ) ;
#1312 = VECTOR ( 'NONE', #616, 1000.000000000000000 ) ;
#1313 = LINE ( 'NONE', #937, #712 ) ;
#1314 = EDGE_CURVE ( 'NONE', #1457, #1444, #180, .T. ) ;
#1315 = ORIENTED_EDGE ( 'NONE', *, *, #505, .T. ) ;
#1316 = CIRCLE ( 'NONE', #1628, 15.00000000000000000 ) ;
#1317 = PLANE ( 'NONE',  #2008 ) ;
#1318 = AXIS2_PLACEMENT_3D ( 'NONE', #1275, #2009, #540 ) ;
#1319 = DIRECTION ( 'NONE',  ( 0.000000000000000000, 1.000000000000000000, 0.000000000000000000 ) ) ;
#1320 = LINE ( 'NONE', #1133, #677 ) ;
#1321 = CIRCLE ( 'NONE', #296, 2.100000000000002753 ) ;
#1322 = CARTESIAN_POINT ( 'NONE',  ( 0.000000000000000000, 2.500000000000000000, 0.000000000000000000 ) ) ;
#1323 = VECTOR ( 'NONE', #1837, 1000.000000000000000 ) ;
#1324 = ORIENTED_EDGE ( 'NONE', *, *, #1114, .F. ) ;
#1325 = DIRECTION ( 'NONE',  ( 0.8660254037844384856, 0.000000000000000000, 0.5000000000000001110 ) ) ;
#1326 = ORIENTED_EDGE ( 'NONE', *, *, #2103, .F. ) ;
#1327 = CARTESIAN_POINT ( 'NONE',  ( 1.530808498934191521E-15, 4.000000000000000000, -12.50000000000000000 ) ) ;
#1328 = EDGE_LOOP ( 'NONE', ( #2207, #373 ) ) ;
#1329 = EDGE_CURVE ( 'NONE', #1580, #250, #1555, .T. ) ;
#1330 = LINE ( 'NONE', #1154, #400 ) ;
#1331 = PLANE ( 'NONE',  #2326 ) ;
#1332 = EDGE_CURVE ( 'NONE', #2034, #268, #334, .T. ) ;
#1333 = DIRECTION ( 'NONE',  ( -0.000000000000000000, -1.000000000000000000, -0.000000000000000000 ) ) ;
#1334 = DIRECTION ( 'NONE',  ( 0.8660254037844387076, 0.000000000000000000, 0.4999999999999997780 ) ) ;
#1335 = ORIENTED_EDGE ( 'NONE', *, *, #2048, .T. ) ;
#1336 = LINE ( 'NONE', #253, #363 ) ;
#1337 = VERTEX_POINT ( 'NONE', #883 ) ;
#1338 = CARTESIAN_POINT ( 'NONE',  ( -29.48076211353306775, 2.500000000000000000, 17.02072594216383550 ) ) ;
#1339 = PERSON_AND_ORGANIZATION ( #798, #2208 ) ;
#1340 = VERTEX_POINT ( 'NONE', #1454 ) ;
#1341 = CARTESIAN_POINT ( 'NONE',  ( -25.98076211353306064, 2.500000000000000000, 19.04145188432753599 ) ) ;
#1342 = DIRECTION ( 'NONE',  ( 8.659560562354877391E-17, 0.7071067811865521247, -0.7071067811865430208 ) ) ;
#1343 = CARTESIAN_POINT ( 'NONE',  ( 0.000000000000000000, 0.000000000000000000, 0.000000000000000000 ) ) ;
#1344 = DIRECTION ( 'NONE',  ( -8.584654849926621627E-16, 0.000000000000000000, 1.000000000000000000 ) ) ;
#1345 = EDGE_CURVE ( 'NONE', #710, #2153, #1820, .T. ) ;
#1346 = CARTESIAN_POINT ( 'NONE',  ( -25.98076211353306064, 0.000000000000000000, 19.04145188432753599 ) ) ;
#1347 = ORIENTED_EDGE ( 'NONE', *, *, #711, .F. ) ;
#1348 = VERTEX_POINT ( 'NONE', #722 ) ;
#1349 = CARTESIAN_POINT ( 'NONE',  ( 4.298510265007209853E-15, 10.00000000000000000, 35.10000000000000142 ) ) ;
#1350 = ORIENTED_EDGE ( 'NONE', *, *, #1971, .T. ) ;
#1351 = DIRECTION ( 'NONE',  ( 0.8660254037844388186, 0.000000000000000000, 0.4999999999999997224 ) ) ;
#1352 = FACE_OUTER_BOUND ( 'NONE', #1400, .T. ) ;
#1353 = ORIENTED_EDGE ( 'NONE', *, *, #1145, .T. ) ;
#1354 = AXIS2_PLACEMENT_3D ( 'NONE', #2184, #895, #1456 ) ;
#1355 = CARTESIAN_POINT ( 'NONE',  ( 22.48076211353306064, 2.500000000000000000, -12.97927405783648425 ) ) ;
#1356 = CARTESIAN_POINT ( 'NONE',  ( 29.48076211353305709, 2.500000000000000000, -12.97927405783648069 ) ) ;
#1357 = CONICAL_SURFACE ( 'NONE', #1553, 2.100000000000000977, 0.7853981633974418397 ) ;
#1358 = FACE_OUTER_BOUND ( 'NONE', #775, .T. ) ;
#1359 = AXIS2_PLACEMENT_3D ( 'NONE', #1146, #1287, #2022 ) ;
#1360 = DIRECTION ( 'NONE',  ( -0.8660254037844381525, 0.000000000000000000, -0.5000000000000007772 ) ) ;
#1361 = AXIS2_PLACEMENT_3D ( 'NONE', #1147, #2156, #1605 ) ;
#1362 = CARTESIAN_POINT ( 'NONE',  ( -25.98076211353298248, 10.00000000000000000, -17.10000000000030340 ) ) ;
#1363 = ORIENTED_EDGE ( 'NONE', *, *, #1233, .T. ) ;
#1364 = EDGE_CURVE ( 'NONE', #289, #1784, #2190, .T. ) ;
#1365 = EDGE_CURVE ( 'NONE', #1469, #1659, #2093, .T. ) ;
#1366 = VECTOR ( 'NONE', #685, 1000.000000000000000 ) ;
#1367 = ORIENTED_EDGE ( 'NONE', *, *, #861, .F. ) ;
#1368 = LINE ( 'NONE', #1599, #1812 ) ;
#1369 = VERTEX_POINT ( 'NONE', #1593 ) ;
#1370 = FACE_OUTER_BOUND ( 'NONE', #1546, .T. ) ;
#1371 = DIRECTION ( 'NONE',  ( 0.000000000000000000, 0.000000000000000000, 1.000000000000000000 ) ) ;
#1372 = FACE_OUTER_BOUND ( 'NONE', #2331, .T. ) ;
#1373 = CARTESIAN_POINT ( 'NONE',  ( -22.48076211353307130, 0.000000000000000000, 17.02072594216385326 ) ) ;
#1374 = ORIENTED_EDGE ( 'NONE', *, *, #515, .F. ) ;
#1375 = ADVANCED_FACE ( 'NONE', ( #2148 ), #1783, .F. ) ;
#1376 = VERTEX_POINT ( 'NONE', #955 ) ;
#1377 = LINE ( 'NONE', #483, #56 ) ;
#1378 = EDGE_CURVE ( 'NONE', #404, #1123, #1172, .T. ) ;
#1379 = ORIENTED_EDGE ( 'NONE', *, *, #251, .F. ) ;
#1380 = CARTESIAN_POINT ( 'NONE',  ( 25.98076211353309262, 10.00000000000000000, 17.10000000000012221 ) ) ;
#1381 = DIRECTION ( 'NONE',  ( 0.8660254037844383745, 0.000000000000000000, -0.5000000000000004441 ) ) ;
#1382 = DIRECTION ( 'NONE',  ( 0.4999999999999993339, -0.000000000000000000, 0.8660254037844390407 ) ) ;
#1383 = CARTESIAN_POINT ( 'NONE',  ( 22.48076211353306064, 0.000000000000000000, -12.97927405783648425 ) ) ;
#1384 = ORIENTED_EDGE ( 'NONE', *, *, #778, .T. ) ;
#1385 = EDGE_LOOP ( 'NONE', ( #1508, #885 ) ) ;
#1386 = LINE ( 'NONE', #1727, #1891 ) ;
#1387 = ORIENTED_EDGE ( 'NONE', *, *, #5, .T. ) ;
#1388 = ORIENTED_EDGE ( 'NONE', *, *, #1949, .T. ) ;
#1389 = ADVANCED_FACE ( 'NONE', ( #1691, #1306 ), #2058, .T. ) ;
#1390 = VECTOR ( 'NONE', #1753, 1000.000000000000000 ) ;
#1391 = DIRECTION ( 'NONE',  ( 1.000000000000000000, -0.000000000000000000, 8.584654849926618669E-16 ) ) ;
#1392 = DIRECTION ( 'NONE',  ( 0.000000000000000000, 0.000000000000000000, 1.000000000000000000 ) ) ;
#1393 = CIRCLE ( 'NONE', #1354, 35.10000000000000142 ) ;
#1394 = AXIS2_PLACEMENT_3D ( 'NONE', #2310, #474, #1039 ) ;
#1395 = DIRECTION ( 'NONE',  ( 0.000000000000000000, -0.000000000000000000, 1.000000000000000000 ) ) ;
#1396 = CYLINDRICAL_SURFACE ( 'NONE', #482, 2.100000000000000977 ) ;
#1397 = ORIENTED_EDGE ( 'NONE', *, *, #576, .T. ) ;
#1398 = CONICAL_SURFACE ( 'NONE', #62, 2.100000000000002753, 0.7853981633974415066 ) ;
#1399 = VECTOR ( 'NONE', #76, 1000.000000000000000 ) ;
#1400 = EDGE_LOOP ( 'NONE', ( #1363, #1217, #1957, #3 ) ) ;
#1401 = DIRECTION ( 'NONE',  ( 0.000000000000000000, 0.000000000000000000, 1.000000000000000000 ) ) ;
#1402 = CONICAL_SURFACE ( 'NONE', #754, 2.100000000000002753, 0.7853981633974415066 ) ;
#1403 = VERTEX_POINT ( 'NONE', #1839 ) ;
#1404 = ORIENTED_EDGE ( 'NONE', *, *, #1817, .T. ) ;
#1405 = PLANE ( 'NONE',  #1852 ) ;
#1406 = CYLINDRICAL_SURFACE ( 'NONE', #990, 2.100000000000002753 ) ;
#1407 = EDGE_CURVE ( 'NONE', #1081, #679, #1320, .T. ) ;
#1408 = CYLINDRICAL_SURFACE ( 'NONE', #487, 15.00000000000000000 ) ;
#1409 = ADVANCED_FACE ( 'NONE', ( #595 ), #1680, .F. ) ;
#1410 = DIRECTION ( 'NONE',  ( 8.659560562354873694E-17, 0.7071067811865524577, -0.7071067811865426878 ) ) ;
#1411 = ORIENTED_EDGE ( 'NONE', *, *, #1803, .F. ) ;
#1412 = EDGE_LOOP ( 'NONE', ( #1750, #201, #1199, #1649 ) ) ;
#1413 = DIRECTION ( 'NONE',  ( 0.000000000000000000, 0.000000000000000000, -1.000000000000000000 ) ) ;
#1414 = APPROVAL_DATE_TIME ( #292, #1035 ) ;
#1415 = EDGE_LOOP ( 'NONE', ( #2193, #470 ) ) ;
#1416 = ORIENTED_EDGE ( 'NONE', *, *, #1965, .T. ) ;
#1417 = DIRECTION ( 'NONE',  ( 0.000000000000000000, 0.000000000000000000, -1.000000000000000000 ) ) ;
#1418 = CARTESIAN_POINT ( 'NONE',  ( -3.500000000000202505, 0.000000000000000000, -32.02072594216367918 ) ) ;
#1419 = FACE_OUTER_BOUND ( 'NONE', #924, .T. ) ;
#1420 = DIRECTION ( 'NONE',  ( -0.000000000000000000, -1.000000000000000000, -0.000000000000000000 ) ) ;
#1421 = ORIENTED_EDGE ( 'NONE', *, *, #1895, .T. ) ;
#1422 = EDGE_CURVE ( 'NONE', #744, #131, #1498, .T. ) ;
#1423 = ORIENTED_EDGE ( 'NONE', *, *, #463, .F. ) ;
#1424 = CARTESIAN_POINT ( 'NONE',  ( 3.499999999999797051, 0.000000000000000000, -32.02072594216368628 ) ) ;
#1425 = VERTEX_POINT ( 'NONE', #582 ) ;
#1426 = DIRECTION ( 'NONE',  ( -0.8660254037844383745, 0.000000000000000000, 0.5000000000000003331 ) ) ;
#1427 = CARTESIAN_POINT ( 'NONE',  ( -22.48076211353325959, 0.000000000000000000, -12.97927405783614319 ) ) ;
#1428 = FACE_OUTER_BOUND ( 'NONE', #1070, .T. ) ;
#1429 = VECTOR ( 'NONE', #1436, 1000.000000000000000 ) ;
#1430 = DIRECTION ( 'NONE',  ( 0.000000000000000000, 0.000000000000000000, 1.000000000000000000 ) ) ;
#1431 = EDGE_LOOP ( 'NONE', ( #2143, #499, #1161, #1703 ) ) ;
#1432 = CIRCLE ( 'NONE', #674, 12.50000000000000000 ) ;
#1433 = VERTEX_POINT ( 'NONE', #1847 ) ;
#1434 = EDGE_CURVE ( 'NONE', #1092, #2153, #234, .T. ) ;
#1435 = VECTOR ( 'NONE', #2276, 1000.000000000000000 ) ;
#1436 = DIRECTION ( 'NONE',  ( -0.000000000000000000, -1.000000000000000000, -0.000000000000000000 ) ) ;
#1437 = ORIENTED_EDGE ( 'NONE', *, *, #549, .T. ) ;
#1438 = AXIS2_PLACEMENT_3D ( 'NONE', #32, #762, #1804 ) ;
#1439 = DIRECTION ( 'NONE',  ( 0.000000000000000000, 1.000000000000000000, 0.000000000000000000 ) ) ;
#1440 = VECTOR ( 'NONE', #2050, 1000.000000000000000 ) ;
#1441 = LINE ( 'NONE', #421, #1440 ) ;
#1442 = CARTESIAN_POINT ( 'NONE',  ( 25.98076211353325959, 0.000000000000000000, 19.04145188432720204 ) ) ;
#1443 = LINE ( 'NONE', #2341, #940 ) ;
#1444 = VERTEX_POINT ( 'NONE', #1670 ) ;
#1445 = CYLINDRICAL_SURFACE ( 'NONE', #788, 2.100000000000000977 ) ;
#1446 = ADVANCED_FACE ( 'NONE', ( #1110 ), #2233, .F. ) ;
#1447 = CARTESIAN_POINT ( 'NONE',  ( 29.48076211353325249, 2.500000000000000000, 12.97927405783613075 ) ) ;
#1448 = EDGE_CURVE ( 'NONE', #1376, #1269, #57, .T. ) ;
#1449 = LINE ( 'NONE', #736, #2360 ) ;
#1450 = EDGE_CURVE ( 'NONE', #2034, #1457, #571, .T. ) ;
#1451 = CARTESIAN_POINT ( 'NONE',  ( -1.935896007525095458E-13, 0.000000000000000000, -34.04145188432737257 ) ) ;
#1452 = CC_DESIGN_DATE_AND_TIME_ASSIGNMENT ( #1167, #2285, ( #1180 ) ) ;
#1453 = DIRECTION ( 'NONE',  ( -0.000000000000000000, -1.000000000000000000, -0.000000000000000000 ) ) ;
#1454 = CARTESIAN_POINT ( 'NONE',  ( -29.48076211353306419, 0.000000000000000000, 12.97927405783646471 ) ) ;
#1455 = ORIENTED_EDGE ( 'NONE', *, *, #2054, .T. ) ;
#1456 = DIRECTION ( 'NONE',  ( 0.000000000000000000, 0.000000000000000000, 1.000000000000000000 ) ) ;
#1457 = VERTEX_POINT ( 'NONE', #789 ) ;
#1458 = LINE ( 'NONE', #1636, #1057 ) ;
#1459 = CARTESIAN_POINT ( 'NONE',  ( 2.064320936412400190E-13, 2.500000000000000000, 25.95854811567261677 ) ) ;
#1460 = ADVANCED_FACE ( 'NONE', ( #1295 ), #1212, .F. ) ;
#1461 = CARTESIAN_POINT ( 'NONE',  ( -25.98076211353298248, 2.500000000000000444, -15.00000000000030376 ) ) ;
#1462 = PLANE ( 'NONE',  #2287 ) ;
#1463 = VECTOR ( 'NONE', #1686, 1000.000000000000114 ) ;
#1464 = EDGE_LOOP ( 'NONE', ( #349, #607, #1088, #2332 ) ) ;
#1465 = ORIENTED_EDGE ( 'NONE', *, *, #381, .F. ) ;
#1466 = VECTOR ( 'NONE', #186, 1000.000000000000000 ) ;
#1467 = CARTESIAN_POINT ( 'NONE',  ( -29.48076211353306775, 2.500000000000000000, 17.02072594216383550 ) ) ;
#1468 = AXIS2_PLACEMENT_3D ( 'NONE', #1551, #1924, #282 ) ;
#1469 = VERTEX_POINT ( 'NONE', #2223 ) ;
#1470 = AXIS2_PLACEMENT_3D ( 'NONE', #2330, #548, #1963 ) ;
#1471 = DIRECTION ( 'NONE',  ( -0.8660254037844385966, 0.000000000000000000, 0.5000000000000000000 ) ) ;
#1472 = LINE ( 'NONE', #1645, #564 ) ;
#1473 = AXIS2_PLACEMENT_3D ( 'NONE', #167, #1453, #20 ) ;
#1474 = APPROVAL_PERSON_ORGANIZATION ( #1182, #1111, #1882 ) ;
#1475 = DIRECTION ( 'NONE',  ( 0.000000000000000000, 0.000000000000000000, 1.000000000000000000 ) ) ;
#1476 = ADVANCED_FACE ( 'NONE', ( #426, #388, #379, #763, #225, #192, #1119, #923 ), #1462, .T. ) ;
#1477 = CARTESIAN_POINT ( 'NONE',  ( 0.000000000000000000, 10.00000000000000000, 0.000000000000000000 ) ) ;
#1478 = ADVANCED_FACE ( 'NONE', ( #2040 ), #2201, .F. ) ;
#1479 = ORIENTED_EDGE ( 'NONE', *, *, #2186, .F. ) ;
#1480 = ORIENTED_EDGE ( 'NONE', *, *, #2053, .T. ) ;
#1481 = FACE_OUTER_BOUND ( 'NONE', #666, .T. ) ;
#1482 = EDGE_LOOP ( 'NONE', ( #657, #906, #1238, #2321, #1153, #1193 ) ) ;
#1483 = FACE_OUTER_BOUND ( 'NONE', #600, .T. ) ;
#1484 = DATE_AND_TIME ( #2219, #409 ) ;
#1485 = VERTEX_POINT ( 'NONE', #624 ) ;
#1486 = FACE_OUTER_BOUND ( 'NONE', #484, .T. ) ;
#1487 = CARTESIAN_POINT ( 'NONE',  ( 0.000000000000000000, 0.000000000000000000, 0.000000000000000000 ) ) ;
#1488 = DIRECTION ( 'NONE',  ( 0.000000000000000000, -0.000000000000000000, 1.000000000000000000 ) ) ;
#1489 = VERTEX_POINT ( 'NONE', #1156 ) ;
#1490 = ADVANCED_FACE ( 'NONE', ( #996, #637, #1006, #2263, #830, #980, #1186, #1358 ), #1554, .F. ) ;
#1491 = DIRECTION ( 'NONE',  ( -0.000000000000000000, -1.000000000000000000, -0.000000000000000000 ) ) ;
#1492 = ORIENTED_EDGE ( 'NONE', *, *, #2054, .F. ) ;
#1493 = DIRECTION ( 'NONE',  ( 8.584654849926610780E-16, 0.000000000000000000, -1.000000000000000000 ) ) ;
#1494 =( NAMED_UNIT ( * ) SI_UNIT ( $, .STERADIAN. ) SOLID_ANGLE_UNIT ( ) );
#1495 = VERTEX_POINT ( 'NONE', #1903 ) ;
#1496 = DIRECTION ( 'NONE',  ( 0.000000000000000000, 1.000000000000000000, 0.000000000000000000 ) ) ;
#1497 = DIRECTION ( 'NONE',  ( -0.5000000000000001110, 0.000000000000000000, -0.8660254037844387076 ) ) ;
#1498 = LINE ( 'NONE', #944, #24 ) ;
#1499 = FACE_BOUND ( 'NONE', #2073, .T. ) ;
#1500 = ORIENTED_EDGE ( 'NONE', *, *, #2196, .F. ) ;
#1501 = EDGE_LOOP ( 'NONE', ( #38, #2171, #2267, #293 ) ) ;
#1502 = DIRECTION ( 'NONE',  ( 0.000000000000000000, 0.000000000000000000, 1.000000000000000000 ) ) ;
#1503 = ADVANCED_FACE ( 'NONE', ( #1916 ), #1886, .F. ) ;
#1504 = ORIENTED_EDGE ( 'NONE', *, *, #686, .F. ) ;
#1505 = AXIS2_PLACEMENT_3D ( 'NONE', #766, #1684, #1851 ) ;
#1506 = PLANE ( 'NONE',  #173 ) ;
#1507 = APPROVAL_STATUS ( 'not_yet_approved' ) ;
#1508 = ORIENTED_EDGE ( 'NONE', *, *, #490, .T. ) ;
#1509 = AXIS2_PLACEMENT_3D ( 'NONE', #641, #1008, #626 ) ;
#1510 = FACE_OUTER_BOUND ( 'NONE', #187, .T. ) ;
#1511 = AXIS2_PLACEMENT_3D ( 'NONE', #731, #503, #1806 ) ;
#1512 = DIRECTION ( 'NONE',  ( -0.8660254037844380415, 0.000000000000000000, -0.5000000000000008882 ) ) ;
#1513 = DIRECTION ( 'NONE',  ( 0.000000000000000000, 0.000000000000000000, -1.000000000000000000 ) ) ;
#1514 = AXIS2_PLACEMENT_3D ( 'NONE', #347, #527, #159 ) ;
#1515 = CARTESIAN_POINT ( 'NONE',  ( 25.98076211353309262, 9.499999999999975131, 17.10000000000012221 ) ) ;
#1516 = VECTOR ( 'NONE', #747, 1000.000000000000000 ) ;
#1517 = ORIENTED_EDGE ( 'NONE', *, *, #860, .T. ) ;
#1518 = CARTESIAN_POINT ( 'NONE',  ( -25.98076211353298248, 9.500000000000003553, -15.00000000000030376 ) ) ;
#1519 = EDGE_LOOP ( 'NONE', ( #93, #693 ) ) ;
#1520 = EDGE_CURVE ( 'NONE', #323, #317, #264, .T. ) ;
#1521 = DIRECTION ( 'NONE',  ( -8.584654849926643321E-16, 0.000000000000000000, 1.000000000000000000 ) ) ;
#1522 = APPROVAL_ROLE ( '' ) ;
#1523 = EDGE_LOOP ( 'NONE', ( #543, #838, #1276, #1237 ) ) ;
#1524 = EDGE_CURVE ( 'NONE', #614, #2042, #1722, .T. ) ;
#1525 = EDGE_CURVE ( 'NONE', #119, #1946, #86, .T. ) ;
#1526 = DIRECTION ( 'NONE',  ( -8.584654849926625571E-16, 0.000000000000000000, 1.000000000000000000 ) ) ;
#1527 = DIRECTION ( 'NONE',  ( 0.000000000000000000, 0.000000000000000000, 1.000000000000000000 ) ) ;
#1528 = CARTESIAN_POINT ( 'NONE',  ( 2.064320936412400695E-13, 2.500000000000000000, 34.04145188432736546 ) ) ;
#1529 = LINE ( 'NONE', #2081, #1632 ) ;
#1530 = FACE_OUTER_BOUND ( 'NONE', #1009, .T. ) ;
#1531 = VERTEX_POINT ( 'NONE', #1708 ) ;
#1532 = ORIENTED_EDGE ( 'NONE', *, *, #1971, .F. ) ;
#1533 = CARTESIAN_POINT ( 'NONE',  ( -2.094888803305880013E-13, 2.500000000000000444, 30.00000000000000000 ) ) ;
#1534 = VERTEX_POINT ( 'NONE', #75 ) ;
#1535 = CARTESIAN_POINT ( 'NONE',  ( 1.836970198721029589E-15, 1.000000000000011324, 15.00000000000000000 ) ) ;
#1536 = PERSON_AND_ORGANIZATION_ROLE ( 'design_owner' ) ;
#1537 = ORIENTED_EDGE ( 'NONE', *, *, #1965, .F. ) ;
#1538 = CARTESIAN_POINT ( 'NONE',  ( 3.500000000000206057, 2.500000000000000000, 32.02072594216367918 ) ) ;
#1539 = CARTESIAN_POINT ( 'NONE',  ( 22.48076211353306419, 0.000000000000000000, -17.02072594216386392 ) ) ;
#1540 = EDGE_CURVE ( 'NONE', #1223, #835, #2097, .T. ) ;
#1541 = EDGE_CURVE ( 'NONE', #2214, #172, #2069, .T. ) ;
#1542 = DIRECTION ( 'NONE',  ( -0.8660254037844388186, 0.000000000000000000, -0.4999999999999997224 ) ) ;
#1543 = DIRECTION ( 'NONE',  ( 0.000000000000000000, 1.000000000000000000, 0.000000000000000000 ) ) ;
#1544 = EDGE_CURVE ( 'NONE', #2235, #1340, #597, .T. ) ;
#1545 = DIRECTION ( 'NONE',  ( -0.8660254037844383745, 0.000000000000000000, -0.5000000000000004441 ) ) ;
#1546 = EDGE_LOOP ( 'NONE', ( #1071, #2282, #89, #1952 ) ) ;
#1547 = EDGE_LOOP ( 'NONE', ( #2152, #1776, #2335, #2224 ) ) ;
#1548 = FACE_OUTER_BOUND ( 'NONE', #2343, .T. ) ;
#1549 = ORIENTED_EDGE ( 'NONE', *, *, #969, .T. ) ;
#1550 = CIRCLE ( 'NONE', #1056, 35.10000000000000142 ) ;
#1551 = CARTESIAN_POINT ( 'NONE',  ( 25.98076211353319565, 2.500000000000000444, -14.99999999999993960 ) ) ;
#1552 = CARTESIAN_POINT ( 'NONE',  ( 0.000000000000000000, 1.000000000000011324, 0.000000000000000000 ) ) ;
#1553 = AXIS2_PLACEMENT_3D ( 'NONE', #856, #443, #125 ) ;
#1554 = PLANE ( 'NONE',  #1248 ) ;
#1555 = CIRCLE ( 'NONE', #1511, 2.600000000000019185 ) ;
#1556 = EDGE_CURVE ( 'NONE', #268, #1444, #1735, .T. ) ;
#1557 = DIRECTION ( 'NONE',  ( -0.4999999999999998335, 0.000000000000000000, 0.8660254037844388186 ) ) ;
#1558 = VECTOR ( 'NONE', #930, 1000.000000000000227 ) ;
#1559 = DIRECTION ( 'NONE',  ( 0.5000000000000003331, 0.000000000000000000, -0.8660254037844385966 ) ) ;
#1560 = VERTEX_POINT ( 'NONE', #651 ) ;
#1561 = ADVANCED_FACE ( 'NONE', ( #1372 ), #1887, .F. ) ;
#1562 = ORIENTED_EDGE ( 'NONE', *, *, #425, .T. ) ;
#1563 = CARTESIAN_POINT ( 'NONE',  ( -25.98076211353306419, 2.500000000000000000, 10.95854811567277842 ) ) ;
#1564 = ORIENTED_EDGE ( 'NONE', *, *, #1450, .T. ) ;
#1565 = CARTESIAN_POINT ( 'NONE',  ( 22.48076211353306419, 2.500000000000000000, -17.02072594216386392 ) ) ;
#1566 = FACE_OUTER_BOUND ( 'NONE', #329, .T. ) ;
#1567 = FACE_OUTER_BOUND ( 'NONE', #2046, .T. ) ;
#1568 = LINE ( 'NONE', #1951, #907 ) ;
#1569 = ORIENTED_EDGE ( 'NONE', *, *, #1911, .F. ) ;
#1570 = CC_DESIGN_PERSON_AND_ORGANIZATION_ASSIGNMENT ( #783, #974, ( #1751 ) ) ;
#1571 = ORIENTED_EDGE ( 'NONE', *, *, #460, .F. ) ;
#1572 = EDGE_CURVE ( 'NONE', #380, #306, #275, .T. ) ;
#1573 = CARTESIAN_POINT ( 'NONE',  ( 22.48076211353325959, 2.500000000000000000, 12.97927405783613430 ) ) ;
#1574 = CALENDAR_DATE ( 2026, 24, 8 ) ;
#1575 = ORIENTED_EDGE ( 'NONE', *, *, #1805, .F. ) ;
#1576 = FACE_OUTER_BOUND ( 'NONE', #2125, .T. ) ;
#1577 = DIRECTION ( 'NONE',  ( 0.000000000000000000, 0.000000000000000000, -1.000000000000000000 ) ) ;
#1578 = CARTESIAN_POINT ( 'NONE',  ( -29.48076211353324894, 0.000000000000000000, -17.02072594216352996 ) ) ;
#1579 = LINE ( 'NONE', #2100, #2168 ) ;
#1580 = VERTEX_POINT ( 'NONE', #1905 ) ;
#1581 = ORIENTED_EDGE ( 'NONE', *, *, #1646, .T. ) ;
#1582 = ADVANCED_FACE ( 'NONE', ( #2264 ), #1710, .F. ) ;
#1583 = DIRECTION ( 'NONE',  ( -0.000000000000000000, -1.000000000000000000, -0.000000000000000000 ) ) ;
#1584 = EDGE_CURVE ( 'NONE', #2042, #2279, #248, .T. ) ;
#1585 = ORIENTED_EDGE ( 'NONE', *, *, #1028, .T. ) ;
#1586 = ORIENTED_EDGE ( 'NONE', *, *, #609, .T. ) ;
#1587 = EDGE_CURVE ( 'NONE', #971, #2083, #1007, .T. ) ;
#1588 = VECTOR ( 'NONE', #1921, 1000.000000000000000 ) ;
#1589 = CARTESIAN_POINT ( 'NONE',  ( -25.98076211353298248, 2.500000000000000444, -12.90000000000030234 ) ) ;
#1590 = DIRECTION ( 'NONE',  ( 0.000000000000000000, -0.000000000000000000, -1.000000000000000000 ) ) ;
#1591 = VECTOR ( 'NONE', #243, 1000.000000000000227 ) ;
#1592 = CARTESIAN_POINT ( 'NONE',  ( -25.98076211353330578, 10.00000000000000000, 12.39999999999973923 ) ) ;
#1593 = CARTESIAN_POINT ( 'NONE',  ( -22.48076211353325604, 2.500000000000000000, -17.02072594216352641 ) ) ;
#1594 = VERTEX_POINT ( 'NONE', #1515 ) ;
#1595 = VECTOR ( 'NONE', #2170, 1000.000000000000000 ) ;
#1596 = VECTOR ( 'NONE', #1342, 999.9999999999998863 ) ;
#1597 = ORIENTED_EDGE ( 'NONE', *, *, #204, .T. ) ;
#1598 = VECTOR ( 'NONE', #206, 1000.000000000000000 ) ;
#1599 = CARTESIAN_POINT ( 'NONE',  ( -25.98076211353325959, 2.500000000000000000, -10.95854811567245335 ) ) ;
#1600 = ORIENTED_EDGE ( 'NONE', *, *, #368, .T. ) ;
#1601 = ORIENTED_EDGE ( 'NONE', *, *, #1540, .F. ) ;
#1602 = DIRECTION ( 'NONE',  ( -0.000000000000000000, -1.000000000000000000, -0.000000000000000000 ) ) ;
#1603 = DIRECTION ( 'NONE',  ( 0.000000000000000000, 1.000000000000000000, 0.000000000000000000 ) ) ;
#1604 = ADVANCED_FACE ( 'NONE', ( #625 ), #2363, .F. ) ;
#1605 = DIRECTION ( 'NONE',  ( 8.584654849926641349E-16, 0.000000000000000000, -1.000000000000000000 ) ) ;
#1606 = DIRECTION ( 'NONE',  ( 0.000000000000000000, 1.000000000000000000, 0.000000000000000000 ) ) ;
#1607 = ORIENTED_EDGE ( 'NONE', *, *, #83, .T. ) ;
#1608 = ORIENTED_EDGE ( 'NONE', *, *, #558, .F. ) ;
#1609 = CARTESIAN_POINT ( 'NONE',  ( -22.48076211353306775, 0.000000000000000000, 12.97927405783647004 ) ) ;
#1610 = ORIENTED_EDGE ( 'NONE', *, *, #987, .F. ) ;
#1611 = CARTESIAN_POINT ( 'NONE',  ( 3.184081677783141857E-16, 10.00000000000000000, -32.60000000000001563 ) ) ;
#1612 = DIRECTION ( 'NONE',  ( -0.000000000000000000, -1.000000000000000000, -0.000000000000000000 ) ) ;
#1613 = DIRECTION ( 'NONE',  ( 0.000000000000000000, 0.000000000000000000, -1.000000000000000000 ) ) ;
#1614 = ADVANCED_FACE ( 'NONE', ( #467, #265 ), #1926, .T. ) ;
#1615 = CARTESIAN_POINT ( 'NONE',  ( 25.98076211353319565, 10.00000000000000000, -14.99999999999993960 ) ) ;
#1616 = ORIENTED_EDGE ( 'NONE', *, *, #1520, .F. ) ;
#1617 = MANIFOLD_SOLID_BREP ( 'Cut-Extrude1', #1166 ) ;
#1618 = ORIENTED_EDGE ( 'NONE', *, *, #394, .F. ) ;
#1619 = LINE ( 'NONE', #1968, #671 ) ;
#1620 = ORIENTED_EDGE ( 'NONE', *, *, #1587, .T. ) ;
#1621 = CARTESIAN_POINT ( 'NONE',  ( 29.48076211353325249, 0.000000000000000000, 17.02072594216351931 ) ) ;
#1622 = DIRECTION ( 'NONE',  ( 0.000000000000000000, 0.000000000000000000, 1.000000000000000000 ) ) ;
#1623 = LINE ( 'NONE', #399, #1558 ) ;
#1624 = AXIS2_PLACEMENT_3D ( 'NONE', #734, #727, #1291 ) ;
#1625 = CARTESIAN_POINT ( 'NONE',  ( -25.98076211353330578, 10.00000000000000000, 17.59999999999977760 ) ) ;
#1626 = EDGE_CURVE ( 'NONE', #2279, #1433, #1529, .T. ) ;
#1627 = AXIS2_PLACEMENT_3D ( 'NONE', #933, #49, #215 ) ;
#1628 = AXIS2_PLACEMENT_3D ( 'NONE', #537, #1439, #352 ) ;
#1629 = ORIENTED_EDGE ( 'NONE', *, *, #861, .T. ) ;
#1630 = EDGE_CURVE ( 'NONE', #193, #1127, #1746, .T. ) ;
#1631 = ADVANCED_FACE ( 'NONE', ( #1499, #1173 ), #982, .T. ) ;
#1632 = VECTOR ( 'NONE', #442, 1000.000000000000000 ) ;
#1633 = DIRECTION ( 'NONE',  ( 0.000000000000000000, 0.000000000000000000, 1.000000000000000000 ) ) ;
#1634 = ORIENTED_EDGE ( 'NONE', *, *, #517, .T. ) ;
#1635 = AXIS2_PLACEMENT_3D ( 'NONE', #178, #1828, #199 ) ;
#1636 = CARTESIAN_POINT ( 'NONE',  ( 25.98076211353325959, 2.500000000000000000, 19.04145188432720204 ) ) ;
#1637 = DIRECTION ( 'NONE',  ( 0.000000000000000000, 0.000000000000000000, 1.000000000000000000 ) ) ;
#1638 = DIRECTION ( 'NONE',  ( -0.8660254037844390407, 0.000000000000000000, 0.4999999999999991118 ) ) ;
#1639 = CARTESIAN_POINT ( 'NONE',  ( -25.98076211353325604, 0.000000000000000000, -19.04145188432721270 ) ) ;
#1640 = ORIENTED_EDGE ( 'NONE', *, *, #2351, .T. ) ;
#1641 = DIRECTION ( 'NONE',  ( -1.073081856240829059E-16, 0.000000000000000000, 1.000000000000000000 ) ) ;
#1642 = ADVANCED_FACE ( 'NONE', ( #457 ), #367, .F. ) ;
#1643 = ORIENTED_EDGE ( 'NONE', *, *, #1233, .F. ) ;
#1644 = CARTESIAN_POINT ( 'NONE',  ( 25.98076211353319565, 10.00000000000000000, -14.99999999999993960 ) ) ;
#1645 = CARTESIAN_POINT ( 'NONE',  ( -29.48076211353306775, 2.500000000000000000, 17.02072594216383550 ) ) ;
#1646 = EDGE_CURVE ( 'NONE', #305, #289, #1706, .T. ) ;
#1647 = CARTESIAN_POINT ( 'NONE',  ( -25.98076211353306419, 2.500000000000000000, 10.95854811567277842 ) ) ;
#1648 = CARTESIAN_POINT ( 'NONE',  ( -2.094888803305880013E-13, 10.00000000000000000, 27.89999999999999858 ) ) ;
#1649 = ORIENTED_EDGE ( 'NONE', *, *, #563, .T. ) ;
#1650 = DIRECTION ( 'NONE',  ( -0.000000000000000000, -1.000000000000000000, -0.000000000000000000 ) ) ;
#1651 = ORIENTED_EDGE ( 'NONE', *, *, #2011, .T. ) ;
#1652 = CARTESIAN_POINT ( 'NONE',  ( 0.000000000000000000, 9.499999999999975131, -30.00000000000000000 ) ) ;
#1653 = LINE ( 'NONE', #524, #1516 ) ;
#1654 = ADVANCED_FACE ( 'NONE', ( #1917 ), #416, .F. ) ;
#1655 = CARTESIAN_POINT ( 'NONE',  ( -25.98076211353298248, 2.500000000000000444, -17.10000000000030340 ) ) ;
#1656 = DIRECTION ( 'NONE',  ( 0.000000000000000000, 0.000000000000000000, -1.000000000000000000 ) ) ;
#1657 = CIRCLE ( 'NONE', #636, 2.100000000000000977 ) ;
#1658 = EDGE_LOOP ( 'NONE', ( #1849, #572, #226, #136, #130, #47 ) ) ;
#1659 = VERTEX_POINT ( 'NONE', #1976 ) ;
#1660 = VECTOR ( 'NONE', #1325, 1000.000000000000227 ) ;
#1661 = DIRECTION ( 'NONE',  ( 0.000000000000000000, 1.000000000000000000, 0.000000000000000000 ) ) ;
#1662 = VECTOR ( 'NONE', #1724, 1000.000000000000000 ) ;
#1663 = DIRECTION ( 'NONE',  ( 0.000000000000000000, 0.000000000000000000, 1.000000000000000000 ) ) ;
#1664 = AXIS2_PLACEMENT_3D ( 'NONE', #931, #966, #21 ) ;
#1665 = FACE_OUTER_BOUND ( 'NONE', #1964, .T. ) ;
#1666 = PLANE ( 'NONE',  #1099 ) ;
#1667 = AXIS2_PLACEMENT_3D ( 'NONE', #619, #219, #769 ) ;
#1668 = DIRECTION ( 'NONE',  ( 0.000000000000000000, 0.000000000000000000, -1.000000000000000000 ) ) ;
#1669 = ADVANCED_FACE ( 'NONE', ( #688, #1068 ), #846, .T. ) ;
#1670 = CARTESIAN_POINT ( 'NONE',  ( -2.092317045027670600E-13, 2.500000000000000444, 32.10000000000000142 ) ) ;
#1671 = ORIENTED_EDGE ( 'NONE', *, *, #427, .T. ) ;
#1672 = ORIENTED_EDGE ( 'NONE', *, *, #69, .T. ) ;
#1673 = CARTESIAN_POINT ( 'NONE',  ( -2.094888803305880013E-13, 9.499999999999975131, 32.09999999999999432 ) ) ;
#1674 = ORIENTED_EDGE ( 'NONE', *, *, #460, .T. ) ;
#1675 = DIRECTION ( 'NONE',  ( 3.219245568722492724E-16, 0.000000000000000000, -1.000000000000000000 ) ) ;
#1676 = DATE_AND_TIME ( #2245, #1135 ) ;
#1677 = ORIENTED_EDGE ( 'NONE', *, *, #1626, .F. ) ;
#1678 = CARTESIAN_POINT ( 'NONE',  ( 0.000000000000000000, 4.000000000000000000, 0.000000000000000000 ) ) ;
#1679 = CARTESIAN_POINT ( 'NONE',  ( -2.028194074862084489E-13, 2.500000000000000000, -25.95854811567262033 ) ) ;
#1680 = CYLINDRICAL_SURFACE ( 'NONE', #1359, 12.50000000000000000 ) ;
#1681 = EDGE_CURVE ( 'NONE', #1531, #852, #706, .T. ) ;
#1682 = ORIENTED_EDGE ( 'NONE', *, *, #371, .T. ) ;
#1683 = ORIENTED_EDGE ( 'NONE', *, *, #534, .F. ) ;
#1684 = DIRECTION ( 'NONE',  ( -1.000000000000000000, 0.000000000000000000, -8.584654849926610780E-16 ) ) ;
#1685 = ORIENTED_EDGE ( 'NONE', *, *, #83, .F. ) ;
#1686 = DIRECTION ( 'NONE',  ( 0.8660254037844388186, 0.000000000000000000, 0.4999999999999997224 ) ) ;
#1687 =( NAMED_UNIT ( * ) PLANE_ANGLE_UNIT ( ) SI_UNIT ( $, .RADIAN. ) );
#1688 = ORIENTED_EDGE ( 'NONE', *, *, #776, .F. ) ;
#1689 = DIRECTION ( 'NONE',  ( 0.8660254037844385966, 0.000000000000000000, 0.5000000000000000000 ) ) ;
#1690 = CARTESIAN_POINT ( 'NONE',  ( 22.48076211353325959, 2.500000000000000000, 17.02072594216351575 ) ) ;
#1691 = FACE_BOUND ( 'NONE', #1037, .T. ) ;
#1692 = DIRECTION ( 'NONE',  ( 0.000000000000000000, 0.000000000000000000, 1.000000000000000000 ) ) ;
#1693 = VERTEX_POINT ( 'NONE', #502 ) ;
#1694 = ADVANCED_FACE ( 'NONE', ( #336 ), #1938, .F. ) ;
#1695 = VECTOR ( 'NONE', #2015, 1000.000000000000000 ) ;
#1696 = CARTESIAN_POINT ( 'NONE',  ( 25.98076211353325959, 2.500000000000000000, 10.95854811567244447 ) ) ;
#1697 = ADVANCED_FACE ( 'NONE', ( #2328 ), #1962, .F. ) ;
#1698 = VECTOR ( 'NONE', #1080, 1000.000000000000000 ) ;
#1699 = ORIENTED_EDGE ( 'NONE', *, *, #1873, .F. ) ;
#1700 = ADVANCED_FACE ( 'NONE', ( #855 ), #2173, .F. ) ;
#1701 = AXIS2_PLACEMENT_3D ( 'NONE', #1565, #658, #1203 ) ;
#1702 = CARTESIAN_POINT ( 'NONE',  ( 25.98076211353319565, 2.500000000000000444, -12.89999999999993818 ) ) ;
#1703 = ORIENTED_EDGE ( 'NONE', *, *, #284, .T. ) ;
#1704 = VECTOR ( 'NONE', #1410, 1000.000000000000000 ) ;
#1705 = DIRECTION ( 'NONE',  ( 0.000000000000000000, 0.000000000000000000, 1.000000000000000000 ) ) ;
#1706 = CIRCLE ( 'NONE', #2095, 2.100000000000002753 ) ;
#1707 = PLANE ( 'NONE',  #601 ) ;
#1708 = CARTESIAN_POINT ( 'NONE',  ( -25.98076211353298248, 9.500000000000003553, -12.90000000000030234 ) ) ;
#1709 = AXIS2_PLACEMENT_3D ( 'NONE', #1461, #378, #1084 ) ;
#1710 = PLANE ( 'NONE',  #403 ) ;
#1711 = VECTOR ( 'NONE', #1108, 1000.000000000000114 ) ;
#1712 = ORIENTED_EDGE ( 'NONE', *, *, #505, .F. ) ;
#1713 = DIRECTION ( 'NONE',  ( -0.000000000000000000, -1.000000000000000000, -0.000000000000000000 ) ) ;
#1714 = CC_DESIGN_PERSON_AND_ORGANIZATION_ASSIGNMENT ( #451, #1536, ( #1959 ) ) ;
#1715 = VERTEX_POINT ( 'NONE', #670 ) ;
#1716 = CARTESIAN_POINT ( 'NONE',  ( 25.98076211353309262, 9.499999999999975131, 15.00000000000012257 ) ) ;
#1717 = EDGE_CURVE ( 'NONE', #679, #1267, #890, .T. ) ;
#1718 = APPROVAL_DATE_TIME ( #1676, #1111 ) ;
#1719 = EDGE_LOOP ( 'NONE', ( #1411, #311, #220, #216, #989, #1766 ) ) ;
#1720 = CARTESIAN_POINT ( 'NONE',  ( 25.98076211353319565, 10.00000000000000000, -14.99999999999993960 ) ) ;
#1721 = FACE_OUTER_BOUND ( 'NONE', #1822, .T. ) ;
#1722 = LINE ( 'NONE', #246, #147 ) ;
#1723 = DIRECTION ( 'NONE',  ( 0.000000000000000000, 1.000000000000000000, 0.000000000000000000 ) ) ;
#1724 = DIRECTION ( 'NONE',  ( -0.000000000000000000, -1.000000000000000000, -0.000000000000000000 ) ) ;
#1725 = ORIENTED_EDGE ( 'NONE', *, *, #48, .T. ) ;
#1726 = ORIENTED_EDGE ( 'NONE', *, *, #816, .F. ) ;
#1727 = CARTESIAN_POINT ( 'NONE',  ( 29.48076211353305709, 2.500000000000000000, -12.97927405783648069 ) ) ;
#1728 = CARTESIAN_POINT ( 'NONE',  ( 0.000000000000000000, 0.000000000000000000, 0.000000000000000000 ) ) ;
#1729 = EDGE_LOOP ( 'NONE', ( #164, #1581, #60, #1387 ) ) ;
#1730 = ADVANCED_FACE ( 'NONE', ( #149 ), #2135, .T. ) ;
#1731 = CARTESIAN_POINT ( 'NONE',  ( 0.000000000000000000, 9.499999999999975131, -27.89999999999999858 ) ) ;
#1732 = LINE ( 'NONE', #965, #2364 ) ;
#1733 = ADVANCED_FACE ( 'NONE', ( #1950, #1428 ), #1041, .F. ) ;
#1734 = DIRECTION ( 'NONE',  ( 0.8660254037844387076, 0.000000000000000000, -0.4999999999999997780 ) ) ;
#1735 = LINE ( 'NONE', #640, #873 ) ;
#1736 = CARTESIAN_POINT ( 'NONE',  ( -3.500000000000202505, 2.500000000000000000, -32.02072594216367918 ) ) ;
#1737 = ORIENTED_EDGE ( 'NONE', *, *, #1520, .T. ) ;
#1738 = VERTEX_POINT ( 'NONE', #1077 ) ;
#1739 = DIRECTION ( 'NONE',  ( 0.5000000000000001110, -0.000000000000000000, 0.8660254037844387076 ) ) ;
#1740 = ORIENTED_EDGE ( 'NONE', *, *, #1877, .F. ) ;
#1741 = CIRCLE ( 'NONE', #1627, 2.100000000000000977 ) ;
#1742 = FACE_OUTER_BOUND ( 'NONE', #2114, .T. ) ;
#1743 = FACE_OUTER_BOUND ( 'NONE', #680, .T. ) ;
#1744 = AXIS2_PLACEMENT_3D ( 'NONE', #132, #668, #2288 ) ;
#1745 = VECTOR ( 'NONE', #1876, 1000.000000000000000 ) ;
#1746 = LINE ( 'NONE', #774, #1399 ) ;
#1747 = ADVANCED_FACE ( 'NONE', ( #1567 ), #1408, .F. ) ;
#1748 = VECTOR ( 'NONE', #1265, 1000.000000000000114 ) ;
#1749 = CARTESIAN_POINT ( 'NONE',  ( 25.98076211353325959, 2.500000000000000000, 10.95854811567244447 ) ) ;
#1750 = ORIENTED_EDGE ( 'NONE', *, *, #1803, .T. ) ;
#1751 = PRODUCT_DEFINITION_FORMATION_WITH_SPECIFIED_SOURCE ( 'ANY', '', #1959, .NOT_KNOWN. ) ;
#1752 = EDGE_LOOP ( 'NONE', ( #583, #1455, #2001, #2060 ) ) ;
#1753 = DIRECTION ( 'NONE',  ( -0.000000000000000000, -1.000000000000000000, -0.000000000000000000 ) ) ;
#1754 = PERSON_AND_ORGANIZATION ( #798, #2208 ) ;
#1755 = ORIENTED_EDGE ( 'NONE', *, *, #1587, .F. ) ;
#1756 = PLANE ( 'NONE',  #716 ) ;
#1757 = DIRECTION ( 'NONE',  ( 0.000000000000000000, 0.000000000000000000, 1.000000000000000000 ) ) ;
#1758 = CARTESIAN_POINT ( 'NONE',  ( -25.98076211353298248, 10.00000000000000000, -12.90000000000030234 ) ) ;
#1759 = CARTESIAN_POINT ( 'NONE',  ( -25.98076211353325959, 0.000000000000000000, -10.95854811567245335 ) ) ;
#1760 = ORIENTED_EDGE ( 'NONE', *, *, #9, .F. ) ;
#1761 = EDGE_CURVE ( 'NONE', #603, #1103, #134, .T. ) ;
#1762 = ORIENTED_EDGE ( 'NONE', *, *, #1717, .F. ) ;
#1763 = EDGE_CURVE ( 'NONE', #25, #858, #945, .T. ) ;
#1764 = CARTESIAN_POINT ( 'NONE',  ( -25.98076211353306064, 2.500000000000000000, 19.04145188432753599 ) ) ;
#1765 = ORIENTED_EDGE ( 'NONE', *, *, #2225, .T. ) ;
#1766 = ORIENTED_EDGE ( 'NONE', *, *, #954, .F. ) ;
#1767 = DIRECTION ( 'NONE',  ( 1.073081856240829059E-16, 0.000000000000000000, -1.000000000000000000 ) ) ;
#1768 = DIRECTION ( 'NONE',  ( -0.4999999999999998335, 0.000000000000000000, -0.8660254037844388186 ) ) ;
#1769 = DIRECTION ( 'NONE',  ( 0.000000000000000000, 0.000000000000000000, -1.000000000000000000 ) ) ;
#1770 = FACE_OUTER_BOUND ( 'NONE', #351, .T. ) ;
#1771 = ORIENTED_EDGE ( 'NONE', *, *, #2007, .T. ) ;
#1772 = ORIENTED_EDGE ( 'NONE', *, *, #1985, .F. ) ;
#1773 = DIRECTION ( 'NONE',  ( -0.000000000000000000, -1.000000000000000000, -0.000000000000000000 ) ) ;
#1774 = ADVANCED_FACE ( 'NONE', ( #2301 ), #2146, .F. ) ;
#1775 = ORIENTED_EDGE ( 'NONE', *, *, #195, .F. ) ;
#1776 = ORIENTED_EDGE ( 'NONE', *, *, #1681, .T. ) ;
#1777 = VECTOR ( 'NONE', #1583, 1000.000000000000000 ) ;
#1778 = DIRECTION ( 'NONE',  ( 0.000000000000000000, 0.000000000000000000, 1.000000000000000000 ) ) ;
#1779 = CARTESIAN_POINT ( 'NONE',  ( -1.935896007525095458E-13, 2.500000000000000000, -34.04145188432737257 ) ) ;
#1780 = VECTOR ( 'NONE', #1841, 999.9999999999998863 ) ;
#1781 = AXIS2_PLACEMENT_3D ( 'NONE', #1013, #145, #1972 ) ;
#1782 = DIRECTION ( 'NONE',  ( -0.000000000000000000, -1.000000000000000000, -0.000000000000000000 ) ) ;
#1783 = CYLINDRICAL_SURFACE ( 'NONE', #981, 15.00000000000000000 ) ;
#1784 = VERTEX_POINT ( 'NONE', #1592 ) ;
#1785 = AXIS2_PLACEMENT_3D ( 'NONE', #689, #370, #322 ) ;
#1786 = AXIS2_PLACEMENT_3D ( 'NONE', #1170, #995, #1527 ) ;
#1787 = ORIENTED_EDGE ( 'NONE', *, *, #914, .T. ) ;
#1788 = AXIS2_PLACEMENT_3D ( 'NONE', #1902, #818, #2274 ) ;
#1789 = DIRECTION ( 'NONE',  ( -0.000000000000000000, -1.000000000000000000, -0.000000000000000000 ) ) ;
#1790 = ORIENTED_EDGE ( 'NONE', *, *, #726, .T. ) ;
#1791 = EDGE_CURVE ( 'NONE', #1340, #2178, #1230, .T. ) ;
#1792 = ADVANCED_FACE ( 'NONE', ( #1419 ), #1098, .F. ) ;
#1793 = LINE ( 'NONE', #2187, #290 ) ;
#1794 = DIRECTION ( 'NONE',  ( -0.000000000000000000, -1.000000000000000000, -0.000000000000000000 ) ) ;
#1795 = DIRECTION ( 'NONE',  ( 0.000000000000000000, -0.000000000000000000, -1.000000000000000000 ) ) ;
#1796 = PLANE ( 'NONE',  #1318 ) ;
#1797 = ORIENTED_EDGE ( 'NONE', *, *, #1046, .F. ) ;
#1798 = ORIENTED_EDGE ( 'NONE', *, *, #2353, .F. ) ;
#1799 = CARTESIAN_POINT ( 'NONE',  ( -22.48076211353325959, 0.000000000000000000, -12.97927405783614319 ) ) ;
#1800 = ORIENTED_EDGE ( 'NONE', *, *, #1365, .T. ) ;
#1801 = LINE ( 'NONE', #156, #2090 ) ;
#1802 = CARTESIAN_POINT ( 'NONE',  ( 0.000000000000000000, 10.00000000000000000, -30.00000000000000000 ) ) ;
#1803 = EDGE_CURVE ( 'NONE', #1403, #1049, #900, .T. ) ;
#1804 = DIRECTION ( 'NONE',  ( 0.000000000000000000, 0.000000000000000000, 1.000000000000000000 ) ) ;
#1805 = EDGE_CURVE ( 'NONE', #1819, #710, #2189, .T. ) ;
#1806 = DIRECTION ( 'NONE',  ( 0.000000000000000000, 0.000000000000000000, 1.000000000000000000 ) ) ;
#1807 = ORIENTED_EDGE ( 'NONE', *, *, #1630, .T. ) ;
#1808 = DIRECTION ( 'NONE',  ( -0.000000000000000000, -1.000000000000000000, -0.000000000000000000 ) ) ;
#1809 = VERTEX_POINT ( 'NONE', #1838 ) ;
#1810 = CARTESIAN_POINT ( 'NONE',  ( 25.98076211353319565, 2.500000000000000444, -17.09999999999994102 ) ) ;
#1811 = FACE_OUTER_BOUND ( 'NONE', #1547, .T. ) ;
#1812 = VECTOR ( 'NONE', #291, 1000.000000000000000 ) ;
#1813 = DIRECTION ( 'NONE',  ( -0.000000000000000000, -1.000000000000000000, -0.000000000000000000 ) ) ;
#1814 = VECTOR ( 'NONE', #577, 999.9999999999998863 ) ;
#1815 = CARTESIAN_POINT ( 'NONE',  ( 29.48076211353325249, 0.000000000000000000, 17.02072594216351931 ) ) ;
#1816 = CIRCLE ( 'NONE', #58, 2.600000000000020517 ) ;
#1817 = EDGE_CURVE ( 'NONE', #242, #1216, #539, .T. ) ;
#1818 = VECTOR ( 'NONE', #1918, 1000.000000000000114 ) ;
#1819 = VERTEX_POINT ( 'NONE', #1846 ) ;
#1820 = CIRCLE ( 'NONE', #2172, 2.099999999999997868 ) ;
#1821 = CARTESIAN_POINT ( 'NONE',  ( -25.98076211353298248, 10.00000000000000000, -15.00000000000030376 ) ) ;
#1822 = EDGE_LOOP ( 'NONE', ( #1787, #2076, #1831, #1984 ) ) ;
#1823 = VECTOR ( 'NONE', #697, 1000.000000000000227 ) ;
#1824 = DIRECTION ( 'NONE',  ( 0.8660254037844381525, 0.000000000000000000, 0.5000000000000006661 ) ) ;
#1825 = AXIS2_PLACEMENT_3D ( 'NONE', #1802, #2371, #545 ) ;
#1826 = CARTESIAN_POINT ( 'NONE',  ( 22.48076211353325959, 0.000000000000000000, 12.97927405783613430 ) ) ;
#1827 = LOCAL_TIME ( 22, 50, 15.00000000000000000, #2075 ) ;
#1828 = DIRECTION ( 'NONE',  ( -0.000000000000000000, -1.000000000000000000, -0.000000000000000000 ) ) ;
#1829 = DIRECTION ( 'NONE',  ( 0.000000000000000000, 1.000000000000000000, 0.000000000000000000 ) ) ;
#1830 = EDGE_CURVE ( 'NONE', #2084, #380, #1134, .T. ) ;
#1831 = ORIENTED_EDGE ( 'NONE', *, *, #2225, .F. ) ;
#1832 = EDGE_CURVE ( 'NONE', #2320, #770, #730, .T. ) ;
#1833 = CARTESIAN_POINT ( 'NONE',  ( 29.48076211353325249, 2.500000000000000000, 12.97927405783613075 ) ) ;
#1834 = EDGE_CURVE ( 'NONE', #1081, #277, #1623, .T. ) ;
#1835 = DIRECTION ( 'NONE',  ( -0.000000000000000000, -1.000000000000000000, -0.000000000000000000 ) ) ;
#1836 = FACE_OUTER_BOUND ( 'NONE', #1523, .T. ) ;
#1837 = DIRECTION ( 'NONE',  ( -0.000000000000000000, -1.000000000000000000, -0.000000000000000000 ) ) ;
#1838 = CARTESIAN_POINT ( 'NONE',  ( 25.98076211353325959, 2.500000000000000000, 10.95854811567244447 ) ) ;
#1839 = CARTESIAN_POINT ( 'NONE',  ( 25.98076211353325604, 0.000000000000000000, 10.95854811567244447 ) ) ;
#1840 = ORIENTED_EDGE ( 'NONE', *, *, #344, .F. ) ;
#1841 = DIRECTION ( 'NONE',  ( 8.659560562354888485E-17, -0.7071067811865512365, 0.7071067811865439090 ) ) ;
#1842 = ORIENTED_EDGE ( 'NONE', *, *, #300, .T. ) ;
#1843 = DIRECTION ( 'NONE',  ( 0.000000000000000000, 0.000000000000000000, 1.000000000000000000 ) ) ;
#1844 = ADVANCED_FACE ( 'NONE', ( #911 ), #335, .F. ) ;
#1845 = CARTESIAN_POINT ( 'NONE',  ( -25.98076211353298248, 10.00000000000000000, -15.00000000000030376 ) ) ;
#1846 = CARTESIAN_POINT ( 'NONE',  ( 2.571758278209442450E-16, 9.499999999999975131, -27.89999999999999858 ) ) ;
#1847 = CARTESIAN_POINT ( 'NONE',  ( 3.500000000000206057, 0.000000000000000000, 32.02072594216367918 ) ) ;
#1848 = CONICAL_SURFACE ( 'NONE', #2041, 2.099999999999997868, 0.7853981633974418397 ) ;
#1849 = ORIENTED_EDGE ( 'NONE', *, *, #185, .T. ) ;
#1850 = VECTOR ( 'NONE', #761, 999.9999999999998863 ) ;
#1851 = DIRECTION ( 'NONE',  ( -8.584654849926610780E-16, 0.000000000000000000, 1.000000000000000000 ) ) ;
#1852 = AXIS2_PLACEMENT_3D ( 'NONE', #2324, #1391, #500 ) ;
#1853 = ORIENTED_EDGE ( 'NONE', *, *, #2161, .T. ) ;
#1854 = VECTOR ( 'NONE', #791, 1000.000000000000000 ) ;
#1855 = CARTESIAN_POINT ( 'NONE',  ( 0.000000000000000000, 0.000000000000000000, 0.000000000000000000 ) ) ;
#1856 = DIRECTION ( 'NONE',  ( 0.000000000000000000, 0.000000000000000000, 1.000000000000000000 ) ) ;
#1857 = AXIS2_PLACEMENT_3D ( 'NONE', #2169, #1988, #1395 ) ;
#1858 = ORIENTED_EDGE ( 'NONE', *, *, #1877, .T. ) ;
#1859 = EDGE_CURVE ( 'NONE', #2153, #710, #839, .T. ) ;
#1860 = VECTOR ( 'NONE', #1794, 1000.000000000000000 ) ;
#1861 = LINE ( 'NONE', #634, #2088 ) ;
#1862 = CARTESIAN_POINT ( 'NONE',  ( -2.092317045027670600E-13, 9.499999999999975131, 27.89999999999999858 ) ) ;
#1863 = DIRECTION ( 'NONE',  ( 0.4999999999999997224, -0.000000000000000000, 0.8660254037844388186 ) ) ;
#1864 = ORIENTED_EDGE ( 'NONE', *, *, #97, .T. ) ;
#1865 = EDGE_LOOP ( 'NONE', ( #1575, #843, #2217, #1942 ) ) ;
#1866 = CARTESIAN_POINT ( 'NONE',  ( -2.094888803305880013E-13, 10.00000000000000000, 30.00000000000000000 ) ) ;
#1867 = VERTEX_POINT ( 'NONE', #387 ) ;
#1868 = CARTESIAN_POINT ( 'NONE',  ( 25.98076211353325959, 2.500000000000000000, 19.04145188432720204 ) ) ;
#1869 = DIRECTION ( 'NONE',  ( 1.000000000000000000, 0.000000000000000000, 0.000000000000000000 ) ) ;
#1870 = ORIENTED_EDGE ( 'NONE', *, *, #1101, .F. ) ;
#1871 = CARTESIAN_POINT ( 'NONE',  ( -3.499999999999792166, 0.000000000000000000, 32.02072594216367918 ) ) ;
#1872 = CARTESIAN_POINT ( 'NONE',  ( 0.000000000000000000, 10.00000000000000000, 0.000000000000000000 ) ) ;
#1873 = EDGE_CURVE ( 'NONE', #1784, #1245, #2017, .T. ) ;
#1874 = DIRECTION ( 'NONE',  ( -0.000000000000000000, -1.000000000000000000, -0.000000000000000000 ) ) ;
#1875 = EDGE_CURVE ( 'NONE', #1168, #280, #720, .T. ) ;
#1876 = DIRECTION ( 'NONE',  ( -0.000000000000000000, -1.000000000000000000, -0.000000000000000000 ) ) ;
#1877 = EDGE_CURVE ( 'NONE', #1485, #267, #372, .T. ) ;
#1878 = EDGE_LOOP ( 'NONE', ( #71, #1608, #359, #2016 ) ) ;
#1879 = DIRECTION ( 'NONE',  ( 0.000000000000000000, 0.000000000000000000, 1.000000000000000000 ) ) ;
#1880 = ORIENTED_EDGE ( 'NONE', *, *, #764, .F. ) ;
#1881 = DIRECTION ( 'NONE',  ( -0.000000000000000000, -1.000000000000000000, -0.000000000000000000 ) ) ;
#1882 = APPROVAL_ROLE ( '' ) ;
#1883 = ORIENTED_EDGE ( 'NONE', *, *, #1235, .F. ) ;
#1884 = LINE ( 'NONE', #1341, #554 ) ;
#1885 = LINE ( 'NONE', #244, #2014 ) ;
#1886 = PLANE ( 'NONE',  #212 ) ;
#1887 = PLANE ( 'NONE',  #2134 ) ;
#1888 = EDGE_LOOP ( 'NONE', ( #2269, #444 ) ) ;
#1889 = ORIENTED_EDGE ( 'NONE', *, *, #969, .F. ) ;
#1890 = ADVANCED_FACE ( 'NONE', ( #922 ), #943, .F. ) ;
#1891 = VECTOR ( 'NONE', #874, 1000.000000000000000 ) ;
#1892 = DIRECTION ( 'NONE',  ( -0.8660254037844387076, 0.000000000000000000, 0.4999999999999997780 ) ) ;
#1893 = VECTOR ( 'NONE', #1892, 1000.000000000000227 ) ;
#1894 = ORIENTED_EDGE ( 'NONE', *, *, #1936, .T. ) ;
#1895 = EDGE_CURVE ( 'NONE', #1058, #796, #1272, .T. ) ;
#1896 = CIRCLE ( 'NONE', #2322, 35.10000000000000142 ) ;
#1897 = CARTESIAN_POINT ( 'NONE',  ( 22.48076211353306419, 0.000000000000000000, -17.02072594216386392 ) ) ;
#1898 = ORIENTED_EDGE ( 'NONE', *, *, #1949, .F. ) ;
#1899 = VECTOR ( 'NONE', #807, 1000.000000000000000 ) ;
#1900 = DIRECTION ( 'NONE',  ( 0.000000000000000000, 0.000000000000000000, 1.000000000000000000 ) ) ;
#1901 = VECTOR ( 'NONE', #1185, 1000.000000000000000 ) ;
#1902 = CARTESIAN_POINT ( 'NONE',  ( 3.499999999999796607, 2.500000000000000000, -27.97927405783631016 ) ) ;
#1903 = CARTESIAN_POINT ( 'NONE',  ( 25.98076211353309262, 2.500000000000000444, 12.90000000000012115 ) ) ;
#1904 = VECTOR ( 'NONE', #2358, 1000.000000000000114 ) ;
#1905 = CARTESIAN_POINT ( 'NONE',  ( -2.091704721628096798E-13, 10.00000000000000000, 27.39999999999998082 ) ) ;
#1906 = DIRECTION ( 'NONE',  ( 0.000000000000000000, 1.000000000000000000, 0.000000000000000000 ) ) ;
#1907 = ORIENTED_EDGE ( 'NONE', *, *, #1791, .T. ) ;
#1908 = ADVANCED_FACE ( 'NONE', ( #1997 ), #1286, .F. ) ;
#1909 = VERTEX_POINT ( 'NONE', #1655 ) ;
#1910 = CARTESIAN_POINT ( 'NONE',  ( -25.98076211353306064, 2.500000000000000000, 19.04145188432753599 ) ) ;
#1911 = EDGE_CURVE ( 'NONE', #852, #1909, #562, .T. ) ;
#1912 = APPROVAL_DATE_TIME ( #52, #45 ) ;
#1913 = ORIENTED_EDGE ( 'NONE', *, *, #356, .F. ) ;
#1914 = PLANE ( 'NONE',  #2167 ) ;
#1915 = FACE_OUTER_BOUND ( 'NONE', #1464, .T. ) ;
#1916 = FACE_OUTER_BOUND ( 'NONE', #1999, .T. ) ;
#1917 = FACE_OUTER_BOUND ( 'NONE', #161, .T. ) ;
#1918 = DIRECTION ( 'NONE',  ( -0.8660254037844390407, 0.000000000000000000, 0.4999999999999991118 ) ) ;
#1919 = EDGE_LOOP ( 'NONE', ( #1600, #50, #1347, #1737 ) ) ;
#1920 = ORIENTED_EDGE ( 'NONE', *, *, #18, .T. ) ;
#1921 = DIRECTION ( 'NONE',  ( -8.584654849926621627E-16, 0.000000000000000000, 1.000000000000000000 ) ) ;
#1922 = ORIENTED_EDGE ( 'NONE', *, *, #368, .F. ) ;
#1923 = EDGE_CURVE ( 'NONE', #1534, #430, #719, .T. ) ;
#1924 = DIRECTION ( 'NONE',  ( 0.000000000000000000, -1.000000000000000000, 0.000000000000000000 ) ) ;
#1925 = DIRECTION ( 'NONE',  ( 0.8660254037844385966, 0.000000000000000000, -0.4999999999999999445 ) ) ;
#1926 = PLANE ( 'NONE',  #1020 ) ;
#1927 = DIRECTION ( 'NONE',  ( 0.000000000000000000, 0.000000000000000000, 1.000000000000000000 ) ) ;
#1928 = ORIENTED_EDGE ( 'NONE', *, *, #1626, .T. ) ;
#1929 = ORIENTED_EDGE ( 'NONE', *, *, #638, .T. ) ;
#1930 = CARTESIAN_POINT ( 'NONE',  ( -2.094888803305880013E-13, 9.499999999999975131, 30.00000000000000000 ) ) ;
#1931 = VECTOR ( 'NONE', #81, 1000.000000000000114 ) ;
#1932 = ORIENTED_EDGE ( 'NONE', *, *, #1541, .T. ) ;
#1933 = CIRCLE ( 'NONE', #2319, 2.100000000000000977 ) ;
#1934 = CARTESIAN_POINT ( 'NONE',  ( 3.500000000000206057, 2.500000000000000000, 32.02072594216367918 ) ) ;
#1935 = PLANE ( 'NONE',  #217 ) ;
#1936 = EDGE_CURVE ( 'NONE', #2309, #193, #2211, .T. ) ;
#1937 = VECTOR ( 'NONE', #1344, 1000.000000000000000 ) ;
#1938 = PLANE ( 'NONE',  #1097 ) ;
#1939 = VECTOR ( 'NONE', #560, 1000.000000000000114 ) ;
#1940 = LINE ( 'NONE', #1362, #790 ) ;
#1941 = ORIENTED_EDGE ( 'NONE', *, *, #644, .T. ) ;
#1942 = ORIENTED_EDGE ( 'NONE', *, *, #1859, .T. ) ;
#1943 = PLANE ( 'NONE',  #102 ) ;
#1944 = COORDINATED_UNIVERSAL_TIME_OFFSET ( 5, 0, .BEHIND. ) ;
#1945 = ORIENTED_EDGE ( 'NONE', *, *, #1157, .T. ) ;
#1946 = VERTEX_POINT ( 'NONE', #1690 ) ;
#1947 = DIRECTION ( 'NONE',  ( 1.000000000000000000, -0.000000000000000000, 1.073081856240829059E-16 ) ) ;
#1948 = CARTESIAN_POINT ( 'NONE',  ( 25.98076211353319565, 10.00000000000000000, -17.09999999999994102 ) ) ;
#1949 = EDGE_CURVE ( 'NONE', #1867, #1223, #1732, .T. ) ;
#1950 = FACE_BOUND ( 'NONE', #975, .T. ) ;
#1951 = CARTESIAN_POINT ( 'NONE',  ( -22.48076211353325959, 2.500000000000000000, -12.97927405783614319 ) ) ;
#1952 = ORIENTED_EDGE ( 'NONE', *, *, #2327, .F. ) ;
#1953 = EDGE_CURVE ( 'NONE', #289, #305, #1321, .T. ) ;
#1954 = ADVANCED_FACE ( 'NONE', ( #1721 ), #1707, .F. ) ;
#1955 = VERTEX_POINT ( 'NONE', #1539 ) ;
#1956 = CARTESIAN_POINT ( 'NONE',  ( -2.094888803305880013E-13, 10.00000000000000000, 32.60000000000001563 ) ) ;
#1957 = ORIENTED_EDGE ( 'NONE', *, *, #1524, .F. ) ;
#1958 = ORIENTED_EDGE ( 'NONE', *, *, #776, .T. ) ;
#1959 = PRODUCT ( 'Output_1', 'Output_1', '', ( #259 ) ) ;
#1960 = FACE_OUTER_BOUND ( 'NONE', #1501, .T. ) ;
#1961 = PLANE ( 'NONE',  #2291 ) ;
#1962 = PLANE ( 'NONE',  #526 ) ;
#1963 = DIRECTION ( 'NONE',  ( 0.000000000000000000, 0.000000000000000000, -1.000000000000000000 ) ) ;
#1964 = EDGE_LOOP ( 'NONE', ( #703, #2092, #362, #2101 ) ) ;
#1965 = EDGE_CURVE ( 'NONE', #1269, #1120, #43, .T. ) ;
#1966 = ORIENTED_EDGE ( 'NONE', *, *, #764, .T. ) ;
#1967 = EDGE_CURVE ( 'NONE', #1151, #1340, #74, .T. ) ;
#1968 = CARTESIAN_POINT ( 'NONE',  ( 2.064320936412400695E-13, 0.000000000000000000, 34.04145188432736546 ) ) ;
#1969 = VERTEX_POINT ( 'NONE', #622 ) ;
#1970 = ORIENTED_EDGE ( 'NONE', *, *, #1332, .F. ) ;
#1971 = EDGE_CURVE ( 'NONE', #1659, #1469, #684, .T. ) ;
#1972 = DIRECTION ( 'NONE',  ( 0.000000000000000000, 0.000000000000000000, -1.000000000000000000 ) ) ;
#1973 = DIRECTION ( 'NONE',  ( -0.4999999999999993339, 0.000000000000000000, -0.8660254037844390407 ) ) ;
#1974 = CIRCLE ( 'NONE', #976, 2.600000000000019185 ) ;
#1975 = AXIS2_PLACEMENT_3D ( 'NONE', #1644, #1107, #1074 ) ;
#1976 = CARTESIAN_POINT ( 'NONE',  ( 1.530808498934191521E-15, 10.00000000000000000, -12.50000000000000000 ) ) ;
#1977 = CYLINDRICAL_SURFACE ( 'NONE', #942, 2.100000000000002753 ) ;
#1978 = VERTEX_POINT ( 'NONE', #1155 ) ;
#1979 = AXIS2_PLACEMENT_3D ( 'NONE', #2030, #2068, #33 ) ;
#1980 = ORIENTED_EDGE ( 'NONE', *, *, #738, .F. ) ;
#1981 = VECTOR ( 'NONE', #283, 1000.000000000000227 ) ;
#1982 = FACE_OUTER_BOUND ( 'NONE', #53, .T. ) ;
#1983 = EDGE_CURVE ( 'NONE', #1127, #2235, #1885, .T. ) ;
#1984 = ORIENTED_EDGE ( 'NONE', *, *, #312, .T. ) ;
#1985 = EDGE_CURVE ( 'NONE', #744, #447, #983, .T. ) ;
#1986 = LINE ( 'NONE', #345, #177 ) ;
#1987 = CARTESIAN_POINT ( 'NONE',  ( -25.98076211353330578, 10.00000000000000000, 12.89999999999975699 ) ) ;
#1988 = DIRECTION ( 'NONE',  ( 0.000000000000000000, 1.000000000000000000, 0.000000000000000000 ) ) ;
#1989 = DIRECTION ( 'NONE',  ( -0.000000000000000000, -1.000000000000000000, -0.000000000000000000 ) ) ;
#1990 = ORIENTED_EDGE ( 'NONE', *, *, #64, .F. ) ;
#1991 = ORIENTED_EDGE ( 'NONE', *, *, #916, .T. ) ;
#1992 = CARTESIAN_POINT ( 'NONE',  ( 0.000000000000000000, 0.000000000000000000, 0.000000000000000000 ) ) ;
#1993 = ORIENTED_EDGE ( 'NONE', *, *, #655, .T. ) ;
#1994 = DIRECTION ( 'NONE',  ( 0.000000000000000000, 0.000000000000000000, -1.000000000000000000 ) ) ;
#1995 = LINE ( 'NONE', #198, #150 ) ;
#1996 = ADVANCED_FACE ( 'NONE', ( #2250 ), #1331, .F. ) ;
#1997 = FACE_OUTER_BOUND ( 'NONE', #2031, .T. ) ;
#1998 = FACE_OUTER_BOUND ( 'NONE', #715, .T. ) ;
#1999 = EDGE_LOOP ( 'NONE', ( #586, #1797, #1374, #1651 ) ) ;
#2000 = DIRECTION ( 'NONE',  ( 0.000000000000000000, 0.000000000000000000, 1.000000000000000000 ) ) ;
#2001 = ORIENTED_EDGE ( 'NONE', *, *, #354, .F. ) ;
#2002 = CARTESIAN_POINT ( 'NONE',  ( 1.530808498934191521E-15, 4.000000000000000000, -12.50000000000000000 ) ) ;
#2003 = CARTESIAN_POINT ( 'NONE',  ( 25.98076211353319565, 9.500000000000003553, -14.99999999999993960 ) ) ;
#2004 = AXIS2_PLACEMENT_3D ( 'NONE', #2185, #1835, #1663 ) ;
#2005 = EDGE_CURVE ( 'NONE', #250, #1580, #1284, .T. ) ;
#2006 = DIRECTION ( 'NONE',  ( -0.8660254037844383745, 0.000000000000000000, -0.5000000000000003331 ) ) ;
#2007 = EDGE_CURVE ( 'NONE', #2034, #1580, #2261, .T. ) ;
#2008 = AXIS2_PLACEMENT_3D ( 'NONE', #2249, #591, #1689 ) ;
#2009 = DIRECTION ( 'NONE',  ( 1.000000000000000000, 0.000000000000000000, 0.000000000000000000 ) ) ;
#2010 = VECTOR ( 'NONE', #295, 1000.000000000000114 ) ;
#2011 = EDGE_CURVE ( 'NONE', #1978, #1031, #438, .T. ) ;
#2012 = VECTOR ( 'NONE', #1333, 1000.000000000000000 ) ;
#2013 = ORIENTED_EDGE ( 'NONE', *, *, #1179, .T. ) ;
#2014 = VECTOR ( 'NONE', #1512, 1000.000000000000227 ) ;
#2015 = DIRECTION ( 'NONE',  ( -8.584654849926617683E-16, 0.000000000000000000, 1.000000000000000000 ) ) ;
#2016 = ORIENTED_EDGE ( 'NONE', *, *, #1221, .T. ) ;
#2017 = CIRCLE ( 'NONE', #1635, 2.600000000000020517 ) ;
#2018 = CARTESIAN_POINT ( 'NONE',  ( 25.98076211353325959, 0.000000000000000000, 19.04145188432720204 ) ) ;
#2019 = CIRCLE ( 'NONE', #797, 15.00000000000000000 ) ;
#2020 = DIRECTION ( 'NONE',  ( -0.000000000000000000, -1.000000000000000000, -0.000000000000000000 ) ) ;
#2021 = CARTESIAN_POINT ( 'NONE',  ( -3.500000000000203837, 2.500000000000000000, -27.97927405783631016 ) ) ;
#2022 = DIRECTION ( 'NONE',  ( 0.000000000000000000, 0.000000000000000000, 1.000000000000000000 ) ) ;
#2023 = EDGE_LOOP ( 'NONE', ( #318, #1840, #567, #1416 ) ) ;
#2024 = ADVANCED_FACE ( 'NONE', ( #1915 ), #85, .F. ) ;
#2025 = LINE ( 'NONE', #1113, #1780 ) ;
#2026 = DIRECTION ( 'NONE',  ( -0.000000000000000000, -1.000000000000000000, -0.000000000000000000 ) ) ;
#2027 = CARTESIAN_POINT ( 'NONE',  ( -22.48076211353325604, 0.000000000000000000, -17.02072594216352641 ) ) ;
#2028 = LINE ( 'NONE', #346, #2329 ) ;
#2029 = DIRECTION ( 'NONE',  ( 0.000000000000000000, -1.000000000000000000, -0.000000000000000000 ) ) ;
#2030 = CARTESIAN_POINT ( 'NONE',  ( -25.98076211353298248, 9.500000000000003553, -15.00000000000030376 ) ) ;
#2031 = EDGE_LOOP ( 'NONE', ( #2241, #1289, #653, #261 ) ) ;
#2032 = DIRECTION ( 'NONE',  ( 0.8660254037844388186, 0.000000000000000000, 0.4999999999999996114 ) ) ;
#2033 = EDGE_CURVE ( 'NONE', #633, #2149, #635, .T. ) ;
#2034 = VERTEX_POINT ( 'NONE', #95 ) ;
#2035 = CARTESIAN_POINT ( 'NONE',  ( 25.98076211353309262, 10.00000000000000000, 15.00000000000012257 ) ) ;
#2036 = COORDINATED_UNIVERSAL_TIME_OFFSET ( 5, 0, .BEHIND. ) ;
#2037 = VERTEX_POINT ( 'NONE', #273 ) ;
#2038 = FACE_OUTER_BOUND ( 'NONE', #1307, .T. ) ;
#2039 = CARTESIAN_POINT ( 'NONE',  ( 0.000000000000000000, 10.00000000000000000, 0.000000000000000000 ) ) ;
#2040 = FACE_OUTER_BOUND ( 'NONE', #579, .T. ) ;
#2041 = AXIS2_PLACEMENT_3D ( 'NONE', #1930, #106, #1401 ) ;
#2042 = VERTEX_POINT ( 'NONE', #828 ) ;
#2043 = AXIS2_PLACEMENT_3D ( 'NONE', #2216, #1491, #1502 ) ;
#2044 = DIRECTION ( 'NONE',  ( 0.000000000000000000, 1.000000000000000000, 0.000000000000000000 ) ) ;
#2045 = VECTOR ( 'NONE', #1824, 1000.000000000000227 ) ;
#2046 = EDGE_LOOP ( 'NONE', ( #1055, #1079, #1672, #203 ) ) ;
#2047 = AXIS2_PLACEMENT_3D ( 'NONE', #561, #2251, #1656 ) ;
#2048 = EDGE_CURVE ( 'NONE', #131, #1038, #2019, .T. ) ;
#2049 = DIRECTION ( 'NONE',  ( 0.000000000000000000, 0.000000000000000000, -1.000000000000000000 ) ) ;
#2050 = DIRECTION ( 'NONE',  ( -0.000000000000000000, -1.000000000000000000, -0.000000000000000000 ) ) ;
#2051 = VECTOR ( 'NONE', #1638, 1000.000000000000114 ) ;
#2052 = ORIENTED_EDGE ( 'NONE', *, *, #1834, .F. ) ;
#2053 = EDGE_CURVE ( 'NONE', #1531, #430, #2057, .T. ) ;
#2054 = EDGE_CURVE ( 'NONE', #228, #1534, #1132, .T. ) ;
#2055 = CIRCLE ( 'NONE', #1825, 2.600000000000019185 ) ;
#2056 = DIRECTION ( 'NONE',  ( -1.000000000000000000, 0.000000000000000000, -8.584654849926625571E-16 ) ) ;
#2057 = LINE ( 'NONE', #414, #1254 ) ;
#2058 = PLANE ( 'NONE',  #2047 ) ;
#2059 = CARTESIAN_POINT ( 'NONE',  ( 25.98076211353309262, 9.499999999999975131, 15.00000000000012257 ) ) ;
#2060 = ORIENTED_EDGE ( 'NONE', *, *, #2053, .F. ) ;
#2061 = CARTESIAN_POINT ( 'NONE',  ( 25.98076211353309262, 2.500000000000000444, 17.10000000000012221 ) ) ;
#2062 = EDGE_LOOP ( 'NONE', ( #126, #1864, #662, #1300 ) ) ;
#2063 = CARTESIAN_POINT ( 'NONE',  ( 25.98076211353309262, 9.499999999999975131, 17.10000000000012221 ) ) ;
#2064 = ORIENTED_EDGE ( 'NONE', *, *, #65, .T. ) ;
#2065 = LINE ( 'NONE', #423, #870 ) ;
#2066 = DIRECTION ( 'NONE',  ( 0.000000000000000000, 0.000000000000000000, 1.000000000000000000 ) ) ;
#2067 = EDGE_CURVE ( 'NONE', #172, #1425, #880, .T. ) ;
#2068 = DIRECTION ( 'NONE',  ( 0.000000000000000000, 1.000000000000000000, 0.000000000000000000 ) ) ;
#2069 = LINE ( 'NONE', #997, #1854 ) ;
#2070 = ADVANCED_FACE ( 'NONE', ( #488, #2347 ), #1935, .T. ) ;
#2071 = EDGE_LOOP ( 'NONE', ( #2314, #1601, #1898, #894 ) ) ;
#2072 = CARTESIAN_POINT ( 'NONE',  ( -22.48076211353307130, 0.000000000000000000, 17.02072594216385326 ) ) ;
#2073 = EDGE_LOOP ( 'NONE', ( #2315, #863 ) ) ;
#2074 = CARTESIAN_POINT ( 'NONE',  ( 25.98076211353309262, 10.00000000000000000, 17.60000000000013998 ) ) ;
#2075 = COORDINATED_UNIVERSAL_TIME_OFFSET ( 5, 0, .BEHIND. ) ;
#2076 = ORIENTED_EDGE ( 'NONE', *, *, #1832, .F. ) ;
#2077 = DIRECTION ( 'NONE',  ( -0.000000000000000000, -1.000000000000000000, 0.000000000000000000 ) ) ;
#2078 = DIRECTION ( 'NONE',  ( -0.5000000000000003331, 0.000000000000000000, 0.8660254037844385966 ) ) ;
#2079 = DIRECTION ( 'NONE',  ( 0.8660254037844388186, 0.000000000000000000, -0.4999999999999997224 ) ) ;
#2080 = ADVANCED_FACE ( 'NONE', ( #865 ), #1177, .F. ) ;
#2081 = CARTESIAN_POINT ( 'NONE',  ( 3.500000000000206057, 0.000000000000000000, 27.97927405783630661 ) ) ;
#2082 = CARTESIAN_POINT ( 'NONE',  ( -29.48076211353324894, 2.500000000000000000, -17.02072594216352996 ) ) ;
#2083 = VERTEX_POINT ( 'NONE', #1427 ) ;
#2084 = VERTEX_POINT ( 'NONE', #146 ) ;
#2085 = ADVANCED_FACE ( 'NONE', ( #1743 ), #1406, .F. ) ;
#2086 = VECTOR ( 'NONE', #1125, 1000.000000000000000 ) ;
#2087 = DIRECTION ( 'NONE',  ( 0.000000000000000000, -1.000000000000000000, 0.000000000000000000 ) ) ;
#2088 = VECTOR ( 'NONE', #454, 1000.000000000000000 ) ;
#2089 = ORIENTED_EDGE ( 'NONE', *, *, #9, .T. ) ;
#2090 = VECTOR ( 'NONE', #1270, 1000.000000000000000 ) ;
#2091 = DIRECTION ( 'NONE',  ( -0.000000000000000000, -1.000000000000000000, -0.000000000000000000 ) ) ;
#2092 = ORIENTED_EDGE ( 'NONE', *, *, #1967, .F. ) ;
#2093 = CIRCLE ( 'NONE', #108, 12.50000000000000000 ) ;
#2094 = CARTESIAN_POINT ( 'NONE',  ( -25.98076211353298248, 2.500000000000000444, -15.00000000000030376 ) ) ;
#2095 = AXIS2_PLACEMENT_3D ( 'NONE', #2099, #1543, #1159 ) ;
#2096 = DIRECTION ( 'NONE',  ( -0.8660254037844389297, 0.000000000000000000, 0.4999999999999993339 ) ) ;
#2097 = LINE ( 'NONE', #806, #1899 ) ;
#2098 = VECTOR ( 'NONE', #2020, 1000.000000000000000 ) ;
#2099 = CARTESIAN_POINT ( 'NONE',  ( -25.98076211353330578, 9.499999999999975131, 14.99999999999975842 ) ) ;
#2100 = CARTESIAN_POINT ( 'NONE',  ( -25.98076211353330578, 9.499999999999975131, 17.09999999999975984 ) ) ;
#2101 = ORIENTED_EDGE ( 'NONE', *, *, #2340, .T. ) ;
#2102 = EDGE_LOOP ( 'NONE', ( #343, #1894, #1149, #389, #1247, #1404 ) ) ;
#2103 = EDGE_CURVE ( 'NONE', #1348, #603, #845, .T. ) ;
#2104 = CARTESIAN_POINT ( 'NONE',  ( -25.98076211353298248, 9.500000000000003553, -17.10000000000030340 ) ) ;
#2105 = ORIENTED_EDGE ( 'NONE', *, *, #1646, .F. ) ;
#2106 = CYLINDRICAL_SURFACE ( 'NONE', #1744, 2.100000000000000977 ) ;
#2107 = DIRECTION ( 'NONE',  ( 0.000000000000000000, 0.7071067811865512365, 0.7071067811865439090 ) ) ;
#2108 = CARTESIAN_POINT ( 'NONE',  ( 25.98076211353309262, 9.499999999999975131, 15.00000000000012257 ) ) ;
#2109 = CARTESIAN_POINT ( 'NONE',  ( 0.000000000000000000, 0.000000000000000000, 0.000000000000000000 ) ) ;
#2110 = EDGE_LOOP ( 'NONE', ( #1842, #1388, #575, #812, #599, #2345 ) ) ;
#2111 = ORIENTED_EDGE ( 'NONE', *, *, #1832, .T. ) ;
#2112 = CARTESIAN_POINT ( 'NONE',  ( -25.98076211353298248, 10.00000000000000000, -15.00000000000030376 ) ) ;
#2113 = ADVANCED_FACE ( 'NONE', ( #2116 ), #1961, .F. ) ;
#2114 = EDGE_LOOP ( 'NONE', ( #1607, #1537, #481, #1671 ) ) ;
#2115 = DIRECTION ( 'NONE',  ( 0.000000000000000000, 1.000000000000000000, 0.000000000000000000 ) ) ;
#2116 = FACE_OUTER_BOUND ( 'NONE', #1258, .T. ) ;
#2117 = DIRECTION ( 'NONE',  ( -0.5000000000000004441, 0.000000000000000000, 0.8660254037844383745 ) ) ;
#2118 = DIRECTION ( 'NONE',  ( 0.8660254037844383745, 0.000000000000000000, 0.5000000000000003331 ) ) ;
#2119 = ORIENTED_EDGE ( 'NONE', *, *, #751, .F. ) ;
#2120 = ORIENTED_EDGE ( 'NONE', *, *, #1830, .F. ) ;
#2121 = CIRCLE ( 'NONE', #479, 15.00000000000000000 ) ;
#2122 = CARTESIAN_POINT ( 'NONE',  ( -25.98076211353330578, 9.499999999999975131, 12.89999999999975699 ) ) ;
#2123 = AXIS2_PLACEMENT_3D ( 'NONE', #2254, #1163, #970 ) ;
#2124 = APPROVAL_ROLE ( '' ) ;
#2125 = EDGE_LOOP ( 'NONE', ( #405, #2266, #1913, #935 ) ) ;
#2126 = ORIENTED_EDGE ( 'NONE', *, *, #1145, .F. ) ;
#2127 = EDGE_CURVE ( 'NONE', #1485, #947, #1051, .T. ) ;
#2128 = VECTOR ( 'NONE', #163, 1000.000000000000000 ) ;
#2129 = DIRECTION ( 'NONE',  ( -0.000000000000000000, -1.000000000000000000, -0.000000000000000000 ) ) ;
#2130 = LINE ( 'NONE', #2300, #2139 ) ;
#2131 = VECTOR ( 'NONE', #1545, 1000.000000000000000 ) ;
#2132 = EDGE_CURVE ( 'NONE', #951, #701, #308, .T. ) ;
#2133 = ADVANCED_FACE ( 'NONE', ( #2325 ), #1402, .F. ) ;
#2134 = AXIS2_PLACEMENT_3D ( 'NONE', #1196, #821, #1360 ) ;
#2135 = CYLINDRICAL_SURFACE ( 'NONE', #1174, 35.10000000000000142 ) ;
#2136 = VECTOR ( 'NONE', #2348, 1000.000000000000000 ) ;
#2137 = PLANE ( 'NONE',  #1093 ) ;
#2138 = VERTEX_POINT ( 'NONE', #2337 ) ;
#2139 = VECTOR ( 'NONE', #501, 1000.000000000000227 ) ;
#2140 = ORIENTED_EDGE ( 'NONE', *, *, #328, .F. ) ;
#2141 = CARTESIAN_POINT ( 'NONE',  ( -25.98076211353306419, 2.500000000000000000, 10.95854811567277842 ) ) ;
#2142 = ORIENTED_EDGE ( 'NONE', *, *, #780, .F. ) ;
#2143 = ORIENTED_EDGE ( 'NONE', *, *, #2103, .T. ) ;
#2144 = CARTESIAN_POINT ( 'NONE',  ( 25.98076211353319565, 10.00000000000000000, -17.59999999999992681 ) ) ;
#2145 = DIRECTION ( 'NONE',  ( -0.8660254037844387076, 0.000000000000000000, 0.4999999999999997780 ) ) ;
#2146 = PLANE ( 'NONE',  #2205 ) ;
#2147 = ADVANCED_FACE ( 'NONE', ( #133 ), #466, .F. ) ;
#2148 = FACE_OUTER_BOUND ( 'NONE', #2228, .T. ) ;
#2149 = VERTEX_POINT ( 'NONE', #669 ) ;
#2150 = ORIENTED_EDGE ( 'NONE', *, *, #563, .F. ) ;
#2151 = CARTESIAN_POINT ( 'NONE',  ( 0.000000000000000000, 4.000000000000000000, -15.00000000000000000 ) ) ;
#2152 = ORIENTED_EDGE ( 'NONE', *, *, #493, .T. ) ;
#2153 = VERTEX_POINT ( 'NONE', #2155 ) ;
#2154 = LINE ( 'NONE', #1380, #366 ) ;
#2155 = CARTESIAN_POINT ( 'NONE',  ( 0.000000000000000000, 2.500000000000000444, -32.09999999999999432 ) ) ;
#2156 = DIRECTION ( 'NONE',  ( 1.000000000000000000, -0.000000000000000000, 8.584654849926641349E-16 ) ) ;
#2157 = FACE_OUTER_BOUND ( 'NONE', #2215, .T. ) ;
#2158 = EDGE_LOOP ( 'NONE', ( #903, #541, #1044, #2140, #237, #1148 ) ) ;
#2159 = ADVANCED_FACE ( 'NONE', ( #1566 ), #337, .F. ) ;
#2160 = EDGE_LOOP ( 'NONE', ( #464, #2236, #1980, #1807 ) ) ;
#2161 = EDGE_CURVE ( 'NONE', #2334, #1403, #2130, .T. ) ;
#2162 = CARTESIAN_POINT ( 'NONE',  ( 25.98076211353305709, 0.000000000000000000, -19.04145188432754665 ) ) ;
#2163 = ORIENTED_EDGE ( 'NONE', *, *, #1630, .F. ) ;
#2164 = AXIS2_PLACEMENT_3D ( 'NONE', #1011, #1739, #851 ) ;
#2165 = CARTESIAN_POINT ( 'NONE',  ( -1.935896007525095458E-13, 2.500000000000000000, -34.04145188432737257 ) ) ;
#2166 = DIRECTION ( 'NONE',  ( 0.000000000000000000, 0.000000000000000000, -1.000000000000000000 ) ) ;
#2167 = AXIS2_PLACEMENT_3D ( 'NONE', #84, #610, #2273 ) ;
#2168 = VECTOR ( 'NONE', #1197, 1000.000000000000000 ) ;
#2169 = CARTESIAN_POINT ( 'NONE',  ( 0.000000000000000000, 4.000000000000000000, 0.000000000000000000 ) ) ;
#2170 = DIRECTION ( 'NONE',  ( -0.000000000000000000, -1.000000000000000000, -0.000000000000000000 ) ) ;
#2171 = ORIENTED_EDGE ( 'NONE', *, *, #902, .T. ) ;
#2172 = AXIS2_PLACEMENT_3D ( 'NONE', #1054, #868, #2362 ) ;
#2173 = CONICAL_SURFACE ( 'NONE', #1514, 2.099999999999997868, 0.7853981633974418397 ) ;
#2174 = ORIENTED_EDGE ( 'NONE', *, *, #2177, .T. ) ;
#2175 =( GEOMETRIC_REPRESENTATION_CONTEXT ( 3 ) GLOBAL_UNCERTAINTY_ASSIGNED_CONTEXT ( ( #190 ) ) GLOBAL_UNIT_ASSIGNED_CONTEXT ( ( #814, #1687, #1494 ) ) REPRESENTATION_CONTEXT ( 'NONE', 'WORKASPACE' ) );
#2176 = CARTESIAN_POINT ( 'NONE',  ( 0.000000000000000000, 10.00000000000000000, -35.10000000000000142 ) ) ;
#2177 = EDGE_CURVE ( 'NONE', #280, #701, #1067, .T. ) ;
#2178 = VERTEX_POINT ( 'NONE', #157 ) ;
#2179 = CARTESIAN_POINT ( 'NONE',  ( -3.500000000000203837, 2.500000000000000000, -27.97927405783631016 ) ) ;
#2180 = LINE ( 'NONE', #898, #1711 ) ;
#2181 = DIRECTION ( 'NONE',  ( 0.8660254037844384856, 0.000000000000000000, 0.5000000000000001110 ) ) ;
#2182 = CARTESIAN_POINT ( 'NONE',  ( 25.98076211353305709, 2.500000000000000000, -19.04145188432754665 ) ) ;
#2183 = ORIENTED_EDGE ( 'NONE', *, *, #1205, .T. ) ;
#2184 = CARTESIAN_POINT ( 'NONE',  ( 0.000000000000000000, 0.000000000000000000, 0.000000000000000000 ) ) ;
#2185 = CARTESIAN_POINT ( 'NONE',  ( -25.98076211353330578, 10.00000000000000000, 14.99999999999975842 ) ) ;
#2186 = EDGE_CURVE ( 'NONE', #1485, #857, #889, .T. ) ;
#2187 = CARTESIAN_POINT ( 'NONE',  ( 25.98076211353309262, 10.00000000000000000, 12.90000000000012115 ) ) ;
#2188 = CARTESIAN_POINT ( 'NONE',  ( 3.499999999999796607, 2.500000000000000000, -27.97927405783631016 ) ) ;
#2189 = LINE ( 'NONE', #2222, #1064 ) ;
#2190 = LINE ( 'NONE', #1100, #1704 ) ;
#2191 = EDGE_LOOP ( 'NONE', ( #1226, #1021, #755, #249 ) ) ;
#2192 = CARTESIAN_POINT ( 'NONE',  ( 25.98076211353309262, 10.00000000000000000, 15.00000000000012257 ) ) ;
#2193 = ORIENTED_EDGE ( 'NONE', *, *, #1003, .T. ) ;
#2194 = LINE ( 'NONE', #2165, #2045 ) ;
#2195 = CARTESIAN_POINT ( 'NONE',  ( 3.500000000000206057, 0.000000000000000000, 32.02072594216367918 ) ) ;
#2196 = EDGE_CURVE ( 'NONE', #1176, #614, #320, .T. ) ;
#2197 = VECTOR ( 'NONE', #374, 1000.000000000000227 ) ;
#2198 = DIRECTION ( 'NONE',  ( 0.000000000000000000, 0.000000000000000000, -1.000000000000000000 ) ) ;
#2199 = CIRCLE ( 'NONE', #745, 2.099999999999999645 ) ;
#2200 = ADVANCED_FACE ( 'NONE', ( #854 ), #1666, .F. ) ;
#2201 = PLANE ( 'NONE',  #792 ) ;
#2202 = CIRCLE ( 'NONE', #254, 2.100000000000000977 ) ;
#2203 = VECTOR ( 'NONE', #832, 1000.000000000000000 ) ;
#2204 = ORIENTED_EDGE ( 'NONE', *, *, #1297, .F. ) ;
#2205 = AXIS2_PLACEMENT_3D ( 'NONE', #866, #2117, #1208 ) ;
#2206 = DIRECTION ( 'NONE',  ( -0.000000000000000000, -1.000000000000000000, -0.000000000000000000 ) ) ;
#2207 = ORIENTED_EDGE ( 'NONE', *, *, #2005, .T. ) ;
#2208 = ORGANIZATION ( 'UNSPECIFIED', 'UNSPECIFIED', '' ) ;
#2209 = DIRECTION ( 'NONE',  ( -0.8660254037844388186, 0.000000000000000000, -0.4999999999999997224 ) ) ;
#2210 = LINE ( 'NONE', #1451, #2367 ) ;
#2211 = LINE ( 'NONE', #570, #2051 ) ;
#2212 = DIRECTION ( 'NONE',  ( 0.8660254037844390407, 0.000000000000000000, -0.4999999999999991118 ) ) ;
#2213 = EDGE_CURVE ( 'NONE', #1946, #968, #556, .T. ) ;
#2214 = VERTEX_POINT ( 'NONE', #909 ) ;
#2215 = EDGE_LOOP ( 'NONE', ( #2120, #1941, #1674, #514 ) ) ;
#2216 = CARTESIAN_POINT ( 'NONE',  ( 25.98076211353309262, 10.00000000000000000, 15.00000000000012257 ) ) ;
#2217 = ORIENTED_EDGE ( 'NONE', *, *, #1434, .T. ) ;
#2218 = FACE_OUTER_BOUND ( 'NONE', #620, .T. ) ;
#2219 = CALENDAR_DATE ( 2026, 24, 8 ) ;
#2220 = ORIENTED_EDGE ( 'NONE', *, *, #2186, .T. ) ;
#2221 = LINE ( 'NONE', #580, #2281 ) ;
#2222 = CARTESIAN_POINT ( 'NONE',  ( 2.571758278209442943E-16, 10.00000000000000000, -27.89999999999999858 ) ) ;
#2223 = CARTESIAN_POINT ( 'NONE',  ( 0.000000000000000000, 10.00000000000000000, 12.50000000000000000 ) ) ;
#2224 = ORIENTED_EDGE ( 'NONE', *, *, #1157, .F. ) ;
#2225 = EDGE_CURVE ( 'NONE', #155, #2320, #2180, .T. ) ;
#2226 = LINE ( 'NONE', #1673, #441 ) ;
#2227 = EDGE_CURVE ( 'NONE', #267, #2352, #2028, .T. ) ;
#2228 = EDGE_LOOP ( 'NONE', ( #2369, #231, #1335, #884 ) ) ;
#2229 = DIRECTION ( 'NONE',  ( 0.000000000000000000, 0.7071067811865524577, 0.7071067811865426878 ) ) ;
#2230 = EDGE_LOOP ( 'NONE', ( #1479, #1198, #196, #648 ) ) ;
#2231 = DIRECTION ( 'NONE',  ( 0.8660254037844388186, 0.000000000000000000, 0.4999999999999997224 ) ) ;
#2232 = DIRECTION ( 'NONE',  ( 0.000000000000000000, 0.000000000000000000, 1.000000000000000000 ) ) ;
#2233 = PLANE ( 'NONE',  #1664 ) ;
#2234 = CARTESIAN_POINT ( 'NONE',  ( 2.064320936412400695E-13, 2.500000000000000000, 34.04145188432736546 ) ) ;
#2235 = VERTEX_POINT ( 'NONE', #1283 ) ;
#2236 = ORIENTED_EDGE ( 'NONE', *, *, #2340, .F. ) ;
#2237 = CIRCLE ( 'NONE', #1124, 2.100000000000000977 ) ;
#2238 = LINE ( 'NONE', #602, #1660 ) ;
#2239 = CONICAL_SURFACE ( 'NONE', #331, 2.100000000000000977, 0.7853981633974418397 ) ;
#2240 = CC_DESIGN_PERSON_AND_ORGANIZATION_ASSIGNMENT ( #802, #40, ( #1751 ) ) ;
#2241 = ORIENTED_EDGE ( 'NONE', *, *, #1101, .T. ) ;
#2242 = AXIS2_PLACEMENT_3D ( 'NONE', #1322, #1187, #2252 ) ;
#2243 = CARTESIAN_POINT ( 'NONE',  ( 2.064320936412400442E-13, 0.000000000000000000, 25.95854811567262033 ) ) ;
#2244 = EDGE_CURVE ( 'NONE', #701, #765, #2210, .T. ) ;
#2245 = CALENDAR_DATE ( 2026, 24, 8 ) ;
#2246 = AXIS2_PLACEMENT_3D ( 'NONE', #1, #11, #547 ) ;
#2247 = ORIENTED_EDGE ( 'NONE', *, *, #711, .T. ) ;
#2248 = VECTOR ( 'NONE', #1195, 1000.000000000000000 ) ;
#2249 = CARTESIAN_POINT ( 'NONE',  ( 25.98076211353306064, 2.500000000000000000, -10.95854811567279441 ) ) ;
#2250 = FACE_OUTER_BOUND ( 'NONE', #1213, .T. ) ;
#2251 = DIRECTION ( 'NONE',  ( 0.000000000000000000, -1.000000000000000000, 0.000000000000000000 ) ) ;
#2252 = DIRECTION ( 'NONE',  ( 0.000000000000000000, -0.000000000000000000, -1.000000000000000000 ) ) ;
#2253 = ORIENTED_EDGE ( 'NONE', *, *, #608, .T. ) ;
#2254 = CARTESIAN_POINT ( 'NONE',  ( -25.98076211353298248, 9.500000000000003553, -15.00000000000030376 ) ) ;
#2255 = EDGE_LOOP ( 'NONE', ( #1367, #2064, #1350, #741 ) ) ;
#2256 = DIRECTION ( 'NONE',  ( -0.000000000000000000, -1.000000000000000000, -0.000000000000000000 ) ) ;
#2257 = SECURITY_CLASSIFICATION_LEVEL ( 'unclassified' ) ;
#2258 = ORIENTED_EDGE ( 'NONE', *, *, #2259, .T. ) ;
#2259 = EDGE_CURVE ( 'NONE', #172, #155, #1264, .T. ) ;
#2260 = CARTESIAN_POINT ( 'NONE',  ( 2.064320936412400695E-13, 2.500000000000000000, 34.04145188432736546 ) ) ;
#2261 = LINE ( 'NONE', #1862, #1596 ) ;
#2262 = EDGE_CURVE ( 'NONE', #614, #162, #1117, .T. ) ;
#2263 = FACE_BOUND ( 'NONE', #496, .T. ) ;
#2264 = FACE_OUTER_BOUND ( 'NONE', #1919, .T. ) ;
#2265 = CARTESIAN_POINT ( 'NONE',  ( -25.98076211353330578, 9.499999999999975131, 14.99999999999975842 ) ) ;
#2266 = ORIENTED_EDGE ( 'NONE', *, *, #204, .F. ) ;
#2267 = ORIENTED_EDGE ( 'NONE', *, *, #181, .T. ) ;
#2268 = DIRECTION ( 'NONE',  ( 0.000000000000000000, 0.000000000000000000, -1.000000000000000000 ) ) ;
#2269 = ORIENTED_EDGE ( 'NONE', *, *, #916, .F. ) ;
#2270 = PLANE ( 'NONE',  #973 ) ;
#2271 = PERSON_AND_ORGANIZATION_ROLE ( 'creator' ) ;
#2272 = VERTEX_POINT ( 'NONE', #31 ) ;
#2273 = DIRECTION ( 'NONE',  ( -0.8660254037844383745, 0.000000000000000000, 0.5000000000000004441 ) ) ;
#2274 = DIRECTION ( 'NONE',  ( 0.8660254037844383745, 0.000000000000000000, -0.5000000000000003331 ) ) ;
#2275 = CARTESIAN_POINT ( 'NONE',  ( 29.48076211353325249, 2.500000000000000000, 17.02072594216351931 ) ) ;
#2276 = DIRECTION ( 'NONE',  ( 8.584654849926643321E-16, 0.000000000000000000, -1.000000000000000000 ) ) ;
#2277 = EDGE_CURVE ( 'NONE', #2042, #690, #1995, .T. ) ;
#2278 = CARTESIAN_POINT ( 'NONE',  ( -3.499999999999792166, 2.500000000000000000, 27.97927405783630661 ) ) ;
#2279 = VERTEX_POINT ( 'NONE', #10 ) ;
#2280 = VECTOR ( 'NONE', #1675, 1000.000000000000000 ) ;
#2281 = VECTOR ( 'NONE', #1304, 1000.000000000000000 ) ;
#2282 = ORIENTED_EDGE ( 'NONE', *, *, #2307, .T. ) ;
#2283 = VECTOR ( 'NONE', #1222, 999.9999999999998863 ) ;
#2284 = LINE ( 'NONE', #1200, #1390 ) ;
#2285 = DATE_TIME_ROLE ( 'classification_date' ) ;
#2286 = ORIENTED_EDGE ( 'NONE', *, *, #354, .T. ) ;
#2287 = AXIS2_PLACEMENT_3D ( 'NONE', #211, #12, #1488 ) ;
#2288 = DIRECTION ( 'NONE',  ( 0.000000000000000000, 0.000000000000000000, -1.000000000000000000 ) ) ;
#2289 = AXIS2_PLACEMENT_3D ( 'NONE', #2059, #1723, #428 ) ;
#2290 = DIRECTION ( 'NONE',  ( -0.000000000000000000, -1.000000000000000000, -0.000000000000000000 ) ) ;
#2291 = AXIS2_PLACEMENT_3D ( 'NONE', #297, #1973, #1204 ) ;
#2292 = CARTESIAN_POINT ( 'NONE',  ( -22.48076211353325604, 0.000000000000000000, -17.02072594216352641 ) ) ;
#2293 = DIRECTION ( 'NONE',  ( -0.8660254037844385966, 0.000000000000000000, -0.5000000000000000000 ) ) ;
#2294 = ORIENTED_EDGE ( 'NONE', *, *, #2048, .F. ) ;
#2295 = EDGE_CURVE ( 'NONE', #6, #1049, #189, .T. ) ;
#2296 = ORIENTED_EDGE ( 'NONE', *, *, #609, .F. ) ;
#2297 = DIRECTION ( 'NONE',  ( 0.8660254037844385966, 0.000000000000000000, -0.5000000000000000000 ) ) ;
#2298 = EDGE_LOOP ( 'NONE', ( #1136, #2296, #1002, #1800 ) ) ;
#2299 = FACE_OUTER_BOUND ( 'NONE', #949, .T. ) ;
#2300 = CARTESIAN_POINT ( 'NONE',  ( 22.48076211353325959, 0.000000000000000000, 12.97927405783613430 ) ) ;
#2301 = FACE_OUTER_BOUND ( 'NONE', #2071, .T. ) ;
#2302 = FACE_OUTER_BOUND ( 'NONE', #1865, .T. ) ;
#2303 = ORIENTED_EDGE ( 'NONE', *, *, #1791, .F. ) ;
#2304 = ADVANCED_FACE ( 'NONE', ( #1811 ), #538, .F. ) ;
#2305 = ORIENTED_EDGE ( 'NONE', *, *, #1250, .T. ) ;
#2306 = LINE ( 'NONE', #1563, #1777 ) ;
#2307 = EDGE_CURVE ( 'NONE', #305, #25, #1653, .T. ) ;
#2308 = EDGE_CURVE ( 'NONE', #2037, #1469, #175, .T. ) ;
#2309 = VERTEX_POINT ( 'NONE', #1255 ) ;
#2310 = CARTESIAN_POINT ( 'NONE',  ( 0.000000000000000000, 2.500000000000000000, 0.000000000000000000 ) ) ;
#2311 = CARTESIAN_POINT ( 'NONE',  ( 3.499999999999796607, 2.500000000000000000, -27.97927405783631016 ) ) ;
#2312 = CARTESIAN_POINT ( 'NONE',  ( -22.48076211353325604, 2.500000000000000000, -17.02072594216352641 ) ) ;
#2313 = FACE_OUTER_BOUND ( 'NONE', #1412, .T. ) ;
#2314 = ORIENTED_EDGE ( 'NONE', *, *, #1158, .T. ) ;
#2315 = ORIENTED_EDGE ( 'NONE', *, *, #1314, .F. ) ;
#2316 = VECTOR ( 'NONE', #1881, 1000.000000000000000 ) ;
#2317 = CC_DESIGN_PERSON_AND_ORGANIZATION_ASSIGNMENT ( #1339, #395, ( #1180 ) ) ;
#2318 = CARTESIAN_POINT ( 'NONE',  ( 25.98076211353319565, 9.500000000000003553, -12.89999999999993818 ) ) ;
#2319 = AXIS2_PLACEMENT_3D ( 'NONE', #1518, #948, #958 ) ;
#2320 = VERTEX_POINT ( 'NONE', #759 ) ;
#2321 = ORIENTED_EDGE ( 'NONE', *, *, #780, .T. ) ;
#2322 = AXIS2_PLACEMENT_3D ( 'NONE', #2109, #1606, #901 ) ;
#2323 = EDGE_CURVE ( 'NONE', #1251, #1062, #2055, .T. ) ;
#2324 = CARTESIAN_POINT ( 'NONE',  ( -22.48076211353306775, 2.500000000000000000, 12.97927405783647004 ) ) ;
#2325 = FACE_OUTER_BOUND ( 'NONE', #532, .T. ) ;
#2326 = AXIS2_PLACEMENT_3D ( 'NONE', #424, #1497, #233 ) ;
#2327 = EDGE_CURVE ( 'NONE', #289, #858, #1271, .T. ) ;
#2328 = FACE_OUTER_BOUND ( 'NONE', #1139, .T. ) ;
#2329 = VECTOR ( 'NONE', #938, 1000.000000000000000 ) ;
#2330 = CARTESIAN_POINT ( 'NONE',  ( 0.000000000000000000, 10.00000000000000000, 0.000000000000000000 ) ) ;
#2331 = EDGE_LOOP ( 'NONE', ( #375, #2204, #1610, #2174 ) ) ;
#2332 = ORIENTED_EDGE ( 'NONE', *, *, #2067, .T. ) ;
#2333 = CARTESIAN_POINT ( 'NONE',  ( -22.48076211353325604, 2.500000000000000000, -17.02072594216352641 ) ) ;
#2334 = VERTEX_POINT ( 'NONE', #1826 ) ;
#2335 = ORIENTED_EDGE ( 'NONE', *, *, #1911, .T. ) ;
#2336 = CARTESIAN_POINT ( 'NONE',  ( -3.499999999999792166, 2.500000000000000000, 32.02072594216367918 ) ) ;
#2337 = CARTESIAN_POINT ( 'NONE',  ( -25.98076211353325604, 0.000000000000000000, -10.95854811567244980 ) ) ;
#2338 = ADVANCED_FACE ( 'NONE', ( #166 ), #985, .F. ) ;
#2339 = CARTESIAN_POINT ( 'NONE',  ( -25.98076211353330578, 2.500000000000000444, 14.99999999999975842 ) ) ;
#2340 = EDGE_CURVE ( 'NONE', #1337, #2235, #1472, .T. ) ;
#2341 = CARTESIAN_POINT ( 'NONE',  ( 2.064320936412400190E-13, 0.000000000000000000, 25.95854811567261677 ) ) ;
#2342 = ORIENTED_EDGE ( 'NONE', *, *, #48, .F. ) ;
#2343 = EDGE_LOOP ( 'NONE', ( #1682, #1775, #1000, #565 ) ) ;
#2344 = CARTESIAN_POINT ( 'NONE',  ( 22.48076211353306419, 2.500000000000000000, -17.02072594216386392 ) ) ;
#2345 = ORIENTED_EDGE ( 'NONE', *, *, #207, .T. ) ;
#2346 = LINE ( 'NONE', #704, #596 ) ;
#2347 = FACE_OUTER_BOUND ( 'NONE', #2102, .T. ) ;
#2348 = DIRECTION ( 'NONE',  ( -0.000000000000000000, -1.000000000000000000, -0.000000000000000000 ) ) ;
#2349 = DIRECTION ( 'NONE',  ( 0.000000000000000000, 0.000000000000000000, -1.000000000000000000 ) ) ;
#2350 = ORIENTED_EDGE ( 'NONE', *, *, #1364, .T. ) ;
#2351 = EDGE_CURVE ( 'NONE', #1433, #317, #1293, .T. ) ;
#2352 = VERTEX_POINT ( 'NONE', #718 ) ;
#2353 = EDGE_CURVE ( 'NONE', #1168, #951, #1441, .T. ) ;
#2354 = CARTESIAN_POINT ( 'NONE',  ( 0.000000000000000000, 0.000000000000000000, -16.00000000000000000 ) ) ;
#2355 = VERTEX_POINT ( 'NONE', #606 ) ;
#2356 = VECTOR ( 'NONE', #1641, 1000.000000000000000 ) ;
#2357 = DIRECTION ( 'NONE',  ( -0.000000000000000000, -1.000000000000000000, -0.000000000000000000 ) ) ;
#2358 = DIRECTION ( 'NONE',  ( -0.8660254037844388186, 0.000000000000000000, 0.4999999999999997224 ) ) ;
#2359 = AXIS2_PLACEMENT_3D ( 'NONE', #1866, #1713, #202 ) ;
#2360 = VECTOR ( 'NONE', #897, 1000.000000000000000 ) ;
#2361 = CARTESIAN_POINT ( 'NONE',  ( 25.98076211353325959, 0.000000000000000000, 10.95854811567244447 ) ) ;
#2362 = DIRECTION ( 'NONE',  ( 0.000000000000000000, 0.000000000000000000, -1.000000000000000000 ) ) ;
#2363 = CONICAL_SURFACE ( 'NONE', #294, 2.099999999999999645, 0.7853981633974415066 ) ;
#2364 = VECTOR ( 'NONE', #1144, 1000.000000000000000 ) ;
#2365 = ORIENTED_EDGE ( 'NONE', *, *, #517, .F. ) ;
#2366 = ADVANCED_FACE ( 'NONE', ( #1352 ), #1126, .F. ) ;
#2367 = VECTOR ( 'NONE', #386, 1000.000000000000227 ) ;
#2368 = DIRECTION ( 'NONE',  ( 0.000000000000000000, 1.000000000000000000, 0.000000000000000000 ) ) ;
#2369 = ORIENTED_EDGE ( 'NONE', *, *, #1033, .T. ) ;
#2370 = PLANE ( 'NONE',  #979 ) ;
#2371 = DIRECTION ( 'NONE',  ( -0.000000000000000000, -1.000000000000000000, -0.000000000000000000 ) ) ;
ENDSEC;
END-ISO-10303-21;
