ISO-10303-21;
HEADER;
FILE_DESCRIPTION (( 'STEP AP203' ),
    '1' );
FILE_NAME ('Output_2.STEP',
    '2026-08-25T02:49:00',
    ( '' ),
    ( '' ),
    'SwSTEP 2.0',
    'SolidWorks 2025',
    '' );
FILE_SCHEMA (( 'CONFIG_CONTROL_DESIGN' ));
ENDSEC;

DATA;
#1 = ORIENTED_EDGE ( 'NONE', *, *, #2331, .F. ) ;
#2 = ORIENTED_EDGE ( 'NONE', *, *, #1031, .T. ) ;
#3 = DIRECTION ( 'NONE',  ( 0.000000000000000000, 1.000000000000000000, 0.000000000000000000 ) ) ;
#4 = VECTOR ( 'NONE', #163, 1000.000000000000000 ) ;
#5 = DIRECTION ( 'NONE',  ( 0.000000000000000000, 0.000000000000000000, 1.000000000000000000 ) ) ;
#6 = CIRCLE ( 'NONE', #881, 2.124999999999998224 ) ;
#7 = CARTESIAN_POINT ( 'NONE',  ( 0.000000000000000000, 10.00000000000000000, 0.000000000000000000 ) ) ;
#8 = DATE_TIME_ROLE ( 'classification_date' ) ;
#9 = ORIENTED_EDGE ( 'NONE', *, *, #1746, .T. ) ;
#10 = EDGE_CURVE ( 'NONE', #1529, #947, #2271, .T. ) ;
#11 = EDGE_CURVE ( 'NONE', #3027, #3501, #1737, .T. ) ;
#12 = CARTESIAN_POINT ( 'NONE',  ( -24.33482440799367552, 3.200000000000000178, -3.692065399160812778 ) ) ;
#13 = DIRECTION ( 'NONE',  ( 0.000000000000000000, 1.000000000000000000, 0.000000000000000000 ) ) ;
#14 = CARTESIAN_POINT ( 'NONE',  ( 0.000000000000000000, 14.50000000000000000, 0.000000000000000000 ) ) ;
#15 = DIRECTION ( 'NONE',  ( 0.000000000000000000, 1.000000000000000000, 0.000000000000000000 ) ) ;
#16 = LINE ( 'NONE', #3132, #1838 ) ;
#17 = CARTESIAN_POINT ( 'NONE',  ( 0.000000000000000000, 14.50000000000000000, 0.000000000000000000 ) ) ;
#18 = ORIENTED_EDGE ( 'NONE', *, *, #2467, .F. ) ;
#19 = ORIENTED_EDGE ( 'NONE', *, *, #1699, .F. ) ;
#20 = ORIENTED_EDGE ( 'NONE', *, *, #806, .T. ) ;
#21 = CARTESIAN_POINT ( 'NONE',  ( 0.000000000000000000, 14.50000000000000000, -12.50000000000000000 ) ) ;
#22 = PLANE ( 'NONE',  #2507 ) ;
#23 = CARTESIAN_POINT ( 'NONE',  ( 1.849216666712503340E-15, 7.000000000000000000, 15.09999999999999964 ) ) ;
#24 = LOCAL_TIME ( 22, 49, 0.000000000000000000, #1080 ) ;
#25 = PERSON_AND_ORGANIZATION ( #2646, #1475 ) ;
#26 = EDGE_CURVE ( 'NONE', #2022, #1455, #268, .T. ) ;
#27 = VERTEX_POINT ( 'NONE', #2225 ) ;
#28 = CARTESIAN_POINT ( 'NONE',  ( -21.39877161664095695, 3.200000000000000178, -9.077882373436322538 ) ) ;
#29 = DIRECTION ( 'NONE',  ( -0.000000000000000000, 1.000000000000000000, -0.000000000000000000 ) ) ;
#30 = EDGE_CURVE ( 'NONE', #2921, #107, #166, .T. ) ;
#31 = ADVANCED_FACE ( 'NONE', ( #3609 ), #2206, .F. ) ;
#32 = PLANE ( 'NONE',  #1432 ) ;
#33 = VECTOR ( 'NONE', #3551, 1000.000000000000000 ) ;
#34 = CARTESIAN_POINT ( 'NONE',  ( -21.39877161664095695, 0.000000000000000000, -4.827882373436318098 ) ) ;
#35 = CARTESIAN_POINT ( 'NONE',  ( 30.15780844513639281, 11.00000000000000178, -7.597143528093958764 ) ) ;
#36 = LINE ( 'NONE', #1669, #2455 ) ;
#37 = EDGE_CURVE ( 'NONE', #202, #3052, #1094, .T. ) ;
#38 = ORIENTED_EDGE ( 'NONE', *, *, #448, .T. ) ;
#39 = ORIENTED_EDGE ( 'NONE', *, *, #1670, .T. ) ;
#40 = CARTESIAN_POINT ( 'NONE',  ( 17.51714490907110644, 3.200000000000000178, 17.29059455641041154 ) ) ;
#41 = LINE ( 'NONE', #1984, #63 ) ;
#42 = ORIENTED_EDGE ( 'NONE', *, *, #1563, .F. ) ;
#43 = VECTOR ( 'NONE', #2261, 1000.000000000000000 ) ;
#44 = DIRECTION ( 'NONE',  ( 0.000000000000000000, 1.000000000000000000, 0.000000000000000000 ) ) ;
#45 = MECHANICAL_CONTEXT ( 'NONE', #1765, 'mechanical' ) ;
#46 = AXIS2_PLACEMENT_3D ( 'NONE', #754, #2142, #1299 ) ;
#47 = VERTEX_POINT ( 'NONE', #2478 ) ;
#48 = DIRECTION ( 'NONE',  ( 0.000000000000000000, -1.000000000000000000, 0.000000000000000000 ) ) ;
#49 = FACE_OUTER_BOUND ( 'NONE', #1893, .T. ) ;
#50 = APPROVAL ( #2819, 'UNSPECIFIED' ) ;
#51 = FACE_OUTER_BOUND ( 'NONE', #3248, .T. ) ;
#52 = DIRECTION ( 'NONE',  ( -0.000000000000000000, -1.000000000000000000, -0.000000000000000000 ) ) ;
#53 = LINE ( 'NONE', #3339, #2370 ) ;
#54 = CARTESIAN_POINT ( 'NONE',  ( 4.298510265007209064E-15, 0.000000000000000000, 35.10000000000000142 ) ) ;
#55 = VERTEX_POINT ( 'NONE', #1107 ) ;
#56 = CIRCLE ( 'NONE', #3045, 3.999999999999999112 ) ;
#57 = ORIENTED_EDGE ( 'NONE', *, *, #3106, .T. ) ;
#58 = ORIENTED_EDGE ( 'NONE', *, *, #1253, .F. ) ;
#59 = EDGE_CURVE ( 'NONE', #1716, #2426, #1667, .T. ) ;
#60 = DIRECTION ( 'NONE',  ( -0.1045284632676541647, 0.000000000000000000, 0.9945218953682734009 ) ) ;
#61 = CARTESIAN_POINT ( 'NONE',  ( -4.499780257610795253, 14.50000000000000000, 29.95552941176467243 ) ) ;
#62 = ORIENTED_EDGE ( 'NONE', *, *, #2995, .F. ) ;
#63 = VECTOR ( 'NONE', #861, 1000.000000000000000 ) ;
#64 = DIRECTION ( 'NONE',  ( -0.000000000000000000, -1.000000000000000000, -0.000000000000000000 ) ) ;
#65 = AXIS2_PLACEMENT_3D ( 'NONE', #611, #2872, #351 ) ;
#66 = EDGE_LOOP ( 'NONE', ( #2002, #2618, #3309, #1162, #2462, #2131 ) ) ;
#67 = AXIS2_PLACEMENT_3D ( 'NONE', #3537, #2403, #482 ) ;
#68 = CYLINDRICAL_SURFACE ( 'NONE', #3146, 15.09999999999999964 ) ;
#69 = CARTESIAN_POINT ( 'NONE',  ( 16.16122096793336382, 3.200000000000000178, 21.46369934771182386 ) ) ;
#70 = CYLINDRICAL_SURFACE ( 'NONE', #3087, 4.000000000000000000 ) ;
#71 = DIRECTION ( 'NONE',  ( -0.000000000000000000, 1.000000000000000000, -0.000000000000000000 ) ) ;
#72 = CYLINDRICAL_SURFACE ( 'NONE', #67, 2.100000000000000977 ) ;
#73 = VERTEX_POINT ( 'NONE', #1136 ) ;
#74 = ORIENTED_EDGE ( 'NONE', *, *, #1992, .T. ) ;
#75 = ORIENTED_EDGE ( 'NONE', *, *, #514, .F. ) ;
#76 = DIRECTION ( 'NONE',  ( -0.9135454576426005335, 0.000000000000000000, -0.4067366430758011520 ) ) ;
#77 = CARTESIAN_POINT ( 'NONE',  ( 25.98076211353316367, 0.000000000000000000, 14.99999999999999467 ) ) ;
#78 = ADVANCED_FACE ( 'NONE', ( #1649 ), #3355, .F. ) ;
#79 = VERTEX_POINT ( 'NONE', #3386 ) ;
#80 = EDGE_CURVE ( 'NONE', #692, #486, #2806, .T. ) ;
#81 = FACE_OUTER_BOUND ( 'NONE', #365, .T. ) ;
#82 = VERTEX_POINT ( 'NONE', #3080 ) ;
#83 = CARTESIAN_POINT ( 'NONE',  ( -21.39877161664095695, 3.200000000000000178, -4.827882373436318098 ) ) ;
#84 = CARTESIAN_POINT ( 'NONE',  ( -25.98076211353298248, 11.00000000000000178, -10.50000000000030553 ) ) ;
#85 = CARTESIAN_POINT ( 'NONE',  ( -34.03662625158468558, 11.00000000000000000, -8.574268097624210938 ) ) ;
#86 = LINE ( 'NONE', #412, #3297 ) ;
#87 = ORIENTED_EDGE ( 'NONE', *, *, #1939, .F. ) ;
#88 = AXIS2_PLACEMENT_3D ( 'NONE', #2719, #733, #3571 ) ;
#89 = ORIENTED_EDGE ( 'NONE', *, *, #2890, .T. ) ;
#90 = EDGE_LOOP ( 'NONE', ( #262, #2492 ) ) ;
#91 = DIRECTION ( 'NONE',  ( 0.000000000000000000, 0.000000000000000000, -1.000000000000000000 ) ) ;
#92 = CARTESIAN_POINT ( 'NONE',  ( 13.22516817658064880, 14.50000000000000000, 18.20288237343631366 ) ) ;
#93 = ORIENTED_EDGE ( 'NONE', *, *, #1696, .T. ) ;
#94 = EDGE_CURVE ( 'NONE', #3211, #1585, #836, .T. ) ;
#95 = CYLINDRICAL_SURFACE ( 'NONE', #569, 2.125000000000001776 ) ;
#96 = VECTOR ( 'NONE', #1285, 1000.000000000000114 ) ;
#97 = ORIENTED_EDGE ( 'NONE', *, *, #427, .T. ) ;
#98 = AXIS2_PLACEMENT_3D ( 'NONE', #1997, #533, #1925 ) ;
#99 = VECTOR ( 'NONE', #3048, 1000.000000000000000 ) ;
#100 = DIRECTION ( 'NONE',  ( 0.000000000000000000, 0.000000000000000000, 1.000000000000000000 ) ) ;
#101 = DIRECTION ( 'NONE',  ( 0.000000000000000000, -1.000000000000000000, 0.000000000000000000 ) ) ;
#102 = EDGE_CURVE ( 'NONE', #107, #2921, #981, .T. ) ;
#103 = AXIS2_PLACEMENT_3D ( 'NONE', #1905, #3111, #3042 ) ;
#104 = CARTESIAN_POINT ( 'NONE',  ( -25.98076211353316012, 0.000000000000000000, -15.00000000000000355 ) ) ;
#105 = DIRECTION ( 'NONE',  ( -0.000000000000000000, 1.000000000000000000, -0.000000000000000000 ) ) ;
#106 = VERTEX_POINT ( 'NONE', #2519 ) ;
#107 = VERTEX_POINT ( 'NONE', #3114 ) ;
#108 = ORIENTED_EDGE ( 'NONE', *, *, #1812, .F. ) ;
#109 = FACE_BOUND ( 'NONE', #2045, .T. ) ;
#110 = DIRECTION ( 'NONE',  ( 0.000000000000000000, 0.000000000000000000, -1.000000000000000000 ) ) ;
#111 = ORIENTED_EDGE ( 'NONE', *, *, #2079, .F. ) ;
#112 = DIRECTION ( 'NONE',  ( 0.000000000000000000, 1.000000000000000000, 0.000000000000000000 ) ) ;
#113 = ORIENTED_EDGE ( 'NONE', *, *, #2996, .T. ) ;
#114 = CARTESIAN_POINT ( 'NONE',  ( 30.15780844513634307, 14.49999999999999822, 7.597143528094170151 ) ) ;
#115 = DIRECTION ( 'NONE',  ( 0.000000000000000000, 0.000000000000000000, -1.000000000000000000 ) ) ;
#116 = CARTESIAN_POINT ( 'NONE',  ( -4.499780257610796141, 11.00000000000000178, 29.95552941176467243 ) ) ;
#117 = AXIS2_PLACEMENT_3D ( 'NONE', #1733, #1400, #1459 ) ;
#118 = EDGE_CURVE ( 'NONE', #3305, #3286, #3271, .T. ) ;
#119 = ADVANCED_FACE ( 'NONE', ( #1122 ), #851, .F. ) ;
#120 = AXIS2_PLACEMENT_3D ( 'NONE', #2970, #795, #197 ) ;
#121 = DIRECTION ( 'NONE',  ( 5.204170427930421283E-15, 0.000000000000000000, 1.000000000000000000 ) ) ;
#122 = CARTESIAN_POINT ( 'NONE',  ( 0.000000000000000000, 11.00000000000000178, -25.50000000000000355 ) ) ;
#123 = EDGE_LOOP ( 'NONE', ( #2610, #19, #2166, #2836 ) ) ;
#124 = EDGE_LOOP ( 'NONE', ( #764, #470, #3508, #2894 ) ) ;
#125 = ORIENTED_EDGE ( 'NONE', *, *, #2220, .T. ) ;
#126 = FACE_OUTER_BOUND ( 'NONE', #90, .T. ) ;
#127 = FACE_OUTER_BOUND ( 'NONE', #1918, .T. ) ;
#128 = ORIENTED_EDGE ( 'NONE', *, *, #1425, .T. ) ;
#129 = LINE ( 'NONE', #2358, #749 ) ;
#130 = EDGE_LOOP ( 'NONE', ( #2041, #1711, #357, #2946 ) ) ;
#131 = CARTESIAN_POINT ( 'NONE',  ( 25.98076211353316367, 14.50000000000000000, 17.09999999999999787 ) ) ;
#132 = DIRECTION ( 'NONE',  ( -0.000000000000000000, 1.000000000000000000, -0.000000000000000000 ) ) ;
#133 = EDGE_CURVE ( 'NONE', #2077, #47, #2536, .T. ) ;
#134 = AXIS2_PLACEMENT_3D ( 'NONE', #1684, #832, #324 ) ;
#135 = CYLINDRICAL_SURFACE ( 'NONE', #3259, 2.100000000000000977 ) ;
#136 = DIRECTION ( 'NONE',  ( -0.000000000000000000, 1.000000000000000000, -0.000000000000000000 ) ) ;
#137 = ADVANCED_FACE ( 'NONE', ( #2843 ), #1428, .F. ) ;
#138 = ORIENTED_EDGE ( 'NONE', *, *, #2346, .T. ) ;
#139 = ORIENTED_EDGE ( 'NONE', *, *, #558, .T. ) ;
#140 = VECTOR ( 'NONE', #136, 1000.000000000000000 ) ;
#141 = ORIENTED_EDGE ( 'NONE', *, *, #2467, .T. ) ;
#142 = PLANE ( 'NONE',  #1144 ) ;
#143 = CARTESIAN_POINT ( 'NONE',  ( 0.000000000000000000, 11.00000000000000000, 0.000000000000000000 ) ) ;
#144 = EDGE_CURVE ( 'NONE', #396, #801, #2811, .T. ) ;
#145 = VERTEX_POINT ( 'NONE', #3407 ) ;
#146 = DIRECTION ( 'NONE',  ( -0.000000000000000000, -1.000000000000000000, -0.000000000000000000 ) ) ;
#147 = ORIENTED_EDGE ( 'NONE', *, *, #2517, .F. ) ;
#148 = ORIENTED_EDGE ( 'NONE', *, *, #536, .F. ) ;
#149 = CARTESIAN_POINT ( 'NONE',  ( 0.000000000000000000, 11.00000000000000178, -30.00000000000000000 ) ) ;
#150 = DIRECTION ( 'NONE',  ( 0.1045284632676559688, 0.000000000000000000, 0.9945218953682730678 ) ) ;
#151 = AXIS2_PLACEMENT_3D ( 'NONE', #1027, #715, #772 ) ;
#152 = CIRCLE ( 'NONE', #2727, 4.000000000000000000 ) ;
#153 = CARTESIAN_POINT ( 'NONE',  ( 4.499780257610376921, 14.50000000000000000, 29.95552941176473638 ) ) ;
#154 = VECTOR ( 'NONE', #3589, 1000.000000000000000 ) ;
#155 = LINE ( 'NONE', #2364, #2960 ) ;
#156 = CIRCLE ( 'NONE', #2672, 2.124999999999998224 ) ;
#157 = CIRCLE ( 'NONE', #2491, 15.09999999999999964 ) ;
#158 = EDGE_LOOP ( 'NONE', ( #3450, #1403 ) ) ;
#159 = EDGE_CURVE ( 'NONE', #791, #748, #726, .T. ) ;
#160 = DIRECTION ( 'NONE',  ( -0.4999999999999993339, 0.000000000000000000, -0.8660254037844389297 ) ) ;
#161 = VERTEX_POINT ( 'NONE', #2863 ) ;
#162 = LINE ( 'NONE', #2906, #3618 ) ;
#163 = DIRECTION ( 'NONE',  ( 0.6691306063588579045, 0.000000000000000000, -0.7431448254773945772 ) ) ;
#164 = ORIENTED_EDGE ( 'NONE', *, *, #2663, .T. ) ;
#165 = ADVANCED_FACE ( 'NONE', ( #677 ), #407, .F. ) ;
#166 = CIRCLE ( 'NONE', #2742, 2.124999999999998224 ) ;
#167 = ADVANCED_FACE ( 'NONE', ( #390 ), #2947, .F. ) ;
#168 = LINE ( 'NONE', #1478, #2874 ) ;
#169 = VERTEX_POINT ( 'NONE', #1813 ) ;
#170 = VECTOR ( 'NONE', #2622, 1000.000000000000000 ) ;
#171 = ORIENTED_EDGE ( 'NONE', *, *, #1764, .T. ) ;
#172 = AXIS2_PLACEMENT_3D ( 'NONE', #3378, #882, #863 ) ;
#173 = ORIENTED_EDGE ( 'NONE', *, *, #2390, .T. ) ;
#174 = DIRECTION ( 'NONE',  ( 0.000000000000000000, 1.000000000000000000, 0.000000000000000000 ) ) ;
#175 = DIRECTION ( 'NONE',  ( 0.000000000000000000, 0.000000000000000000, 1.000000000000000000 ) ) ;
#176 = CIRCLE ( 'NONE', #1627, 35.10000000000000142 ) ;
#177 = CARTESIAN_POINT ( 'NONE',  ( -20.04284767550321789, 0.000000000000000000, -2.779777582134901781 ) ) ;
#178 = CARTESIAN_POINT ( 'NONE',  ( -8.499584931042429403, 11.00000000000000000, 29.91599999999993997 ) ) ;
#179 = VECTOR ( 'NONE', #310, 1000.000000000000000 ) ;
#180 = ORIENTED_EDGE ( 'NONE', *, *, #3384, .F. ) ;
#181 = CYLINDRICAL_SURFACE ( 'NONE', #1340, 4.499999999999999112 ) ;
#182 = ORIENTED_EDGE ( 'NONE', *, *, #1157, .F. ) ;
#183 = CARTESIAN_POINT ( 'NONE',  ( 9.592779134391467011, 11.00000000000000000, 33.76371704180071021 ) ) ;
#184 = DIRECTION ( 'NONE',  ( 0.000000000000000000, 0.000000000000000000, -1.000000000000000000 ) ) ;
#185 = EDGE_LOOP ( 'NONE', ( #108, #1682 ) ) ;
#186 = ORIENTED_EDGE ( 'NONE', *, *, #2083, .F. ) ;
#187 = CARTESIAN_POINT ( 'NONE',  ( -24.44384711719331804, 11.00000000000000000, 25.18944894417660407 ) ) ;
#188 = CARTESIAN_POINT ( 'NONE',  ( 25.98076211353309262, 11.00000000000000178, 15.00000000000012257 ) ) ;
#189 = EDGE_CURVE ( 'NONE', #2584, #2789, #3474, .T. ) ;
#190 = EDGE_CURVE ( 'NONE', #972, #1755, #1794, .T. ) ;
#191 = CARTESIAN_POINT ( 'NONE',  ( 25.40728305738150894, 0.000000000000000000, -8.737586652241464691 ) ) ;
#192 = CARTESIAN_POINT ( 'NONE',  ( -3.549854964058325901, 3.200000000000000178, -19.92087940036069327 ) ) ;
#193 = ADVANCED_FACE ( 'NONE', ( #3251 ), #1503, .F. ) ;
#194 = CARTESIAN_POINT ( 'NONE',  ( 0.000000000000000000, 14.50000000000000000, 0.000000000000000000 ) ) ;
#195 = DIRECTION ( 'NONE',  ( 0.000000000000000000, 0.000000000000000000, 1.000000000000000000 ) ) ;
#196 = ORIENTED_EDGE ( 'NONE', *, *, #2121, .T. ) ;
#197 = DIRECTION ( 'NONE',  ( 0.000000000000000000, 0.000000000000000000, 1.000000000000000000 ) ) ;
#198 = ORIENTED_EDGE ( 'NONE', *, *, #1141, .F. ) ;
#199 = CARTESIAN_POINT ( 'NONE',  ( 30.15780844513639281, 11.00000000000000178, -7.597143528093958764 ) ) ;
#200 = DIRECTION ( 'NONE',  ( -0.000000000000000000, -1.000000000000000000, -0.000000000000000000 ) ) ;
#201 = ORIENTED_EDGE ( 'NONE', *, *, #490, .T. ) ;
#202 = VERTEX_POINT ( 'NONE', #2103 ) ;
#203 = CYLINDRICAL_SURFACE ( 'NONE', #915, 2.125000000000002665 ) ;
#204 = LINE ( 'NONE', #2428, #2383 ) ;
#205 = ORIENTED_EDGE ( 'NONE', *, *, #2011, .F. ) ;
#206 = EDGE_CURVE ( 'NONE', #1575, #3342, #2211, .T. ) ;
#207 = EDGE_CURVE ( 'NONE', #3211, #3291, #286, .T. ) ;
#208 = CARTESIAN_POINT ( 'NONE',  ( 0.000000000000000000, 11.00000000000000000, 0.000000000000000000 ) ) ;
#209 = ORIENTED_EDGE ( 'NONE', *, *, #1538, .F. ) ;
#210 = EDGE_CURVE ( 'NONE', #3155, #896, #3096, .T. ) ;
#211 = DIRECTION ( 'NONE',  ( 0.000000000000000000, 0.000000000000000000, -1.000000000000000000 ) ) ;
#212 = CARTESIAN_POINT ( 'NONE',  ( 17.84891665258264126, 0.000000000000000000, -9.532002973075632823 ) ) ;
#213 = CIRCLE ( 'NONE', #971, 4.499999999999997335 ) ;
#214 = VERTEX_POINT ( 'NONE', #2933 ) ;
#215 = CARTESIAN_POINT ( 'NONE',  ( -17.10679488415050287, 0.000000000000000000, -6.040594556410403548 ) ) ;
#216 = ORIENTED_EDGE ( 'NONE', *, *, #2949, .T. ) ;
#217 = VECTOR ( 'NONE', #260, 1000.000000000000000 ) ;
#218 = DIRECTION ( 'NONE',  ( 0.000000000000000000, 1.000000000000000000, 0.000000000000000000 ) ) ;
#219 = CARTESIAN_POINT ( 'NONE',  ( 0.000000000000000000, 0.000000000000000000, 0.000000000000000000 ) ) ;
#220 = CIRCLE ( 'NONE', #679, 15.09999999999999964 ) ;
#221 = ORIENTED_EDGE ( 'NONE', *, *, #2331, .T. ) ;
#222 = FACE_OUTER_BOUND ( 'NONE', #3214, .T. ) ;
#223 = FACE_OUTER_BOUND ( 'NONE', #2593, .T. ) ;
#224 = ORIENTED_EDGE ( 'NONE', *, *, #2145, .F. ) ;
#225 = CARTESIAN_POINT ( 'NONE',  ( 21.85742809332320036, 3.200000000000000178, -11.31670725188077320 ) ) ;
#226 = AXIS2_PLACEMENT_3D ( 'NONE', #1550, #1294, #1569 ) ;
#227 = VERTEX_POINT ( 'NONE', #1517 ) ;
#228 = DIRECTION ( 'NONE',  ( 5.204170427930421283E-15, 0.000000000000000000, 1.000000000000000000 ) ) ;
#229 = CARTESIAN_POINT ( 'NONE',  ( -25.98076211353298248, 11.00000000000000178, -15.00000000000030376 ) ) ;
#230 = CIRCLE ( 'NONE', #2276, 2.125000000000001776 ) ;
#231 = EDGE_CURVE ( 'NONE', #1180, #2540, #2637, .T. ) ;
#232 = EDGE_CURVE ( 'NONE', #2229, #1196, #458, .T. ) ;
#233 = FACE_OUTER_BOUND ( 'NONE', #2053, .T. ) ;
#234 = ORIENTED_EDGE ( 'NONE', *, *, #1431, .F. ) ;
#235 = CARTESIAN_POINT ( 'NONE',  ( -30.15780844513644610, 11.00000000000000000, 7.597143528093743825 ) ) ;
#236 = CARTESIAN_POINT ( 'NONE',  ( -21.39877161664095695, 3.200000000000000178, -6.952882373436320762 ) ) ;
#237 = CIRCLE ( 'NONE', #753, 4.000000000000000000 ) ;
#238 = ORIENTED_EDGE ( 'NONE', *, *, #859, .T. ) ;
#239 = VECTOR ( 'NONE', #1833, 1000.000000000000227 ) ;
#240 = EDGE_LOOP ( 'NONE', ( #2629, #1903, #2025, #303 ) ) ;
#241 = CARTESIAN_POINT ( 'NONE',  ( -18.46271882528824904, 0.000000000000000000, -10.21369934771183097 ) ) ;
#242 = DIRECTION ( 'NONE',  ( -0.000000000000000000, -1.000000000000000000, -0.000000000000000000 ) ) ;
#243 = ORIENTED_EDGE ( 'NONE', *, *, #558, .F. ) ;
#244 = CARTESIAN_POINT ( 'NONE',  ( 30.15780844513639281, 11.00000000000000178, -11.59714352809395876 ) ) ;
#245 = CARTESIAN_POINT ( 'NONE',  ( 0.000000000000000000, 0.000000000000000000, 0.000000000000000000 ) ) ;
#246 = ORIENTED_EDGE ( 'NONE', *, *, #3505, .T. ) ;
#247 = DIRECTION ( 'NONE',  ( -0.000000000000000000, -1.000000000000000000, -0.000000000000000000 ) ) ;
#248 = CIRCLE ( 'NONE', #2295, 2.099999999999997868 ) ;
#249 = EDGE_CURVE ( 'NONE', #259, #856, #974, .T. ) ;
#250 = DIRECTION ( 'NONE',  ( 0.000000000000000000, 0.000000000000000000, -1.000000000000000000 ) ) ;
#251 = EDGE_CURVE ( 'NONE', #3557, #27, #568, .T. ) ;
#252 = DIRECTION ( 'NONE',  ( 0.3090169943749472292, 0.000000000000000000, -0.9510565162951536422 ) ) ;
#253 = CARTESIAN_POINT ( 'NONE',  ( 25.98076211353315657, 0.000000000000000000, -15.00000000000000355 ) ) ;
#254 = DIRECTION ( 'NONE',  ( -0.000000000000000000, 1.000000000000000000, -0.000000000000000000 ) ) ;
#255 = DIRECTION ( 'NONE',  ( 0.9135454576426015327, 0.000000000000000000, -0.4067366430757990980 ) ) ;
#256 = AXIS2_PLACEMENT_3D ( 'NONE', #1155, #3334, #250 ) ;
#257 = ORIENTED_EDGE ( 'NONE', *, *, #1189, .T. ) ;
#258 = CIRCLE ( 'NONE', #2303, 2.125000000000003553 ) ;
#259 = VERTEX_POINT ( 'NONE', #191 ) ;
#260 = DIRECTION ( 'NONE',  ( -1.000000000000000000, 0.000000000000000000, -7.906918940721905052E-16 ) ) ;
#261 = CARTESIAN_POINT ( 'NONE',  ( 28.19213958320540314, 11.00000000000000178, 11.08084069134402938 ) ) ;
#262 = ORIENTED_EDGE ( 'NONE', *, *, #2102, .T. ) ;
#263 = FACE_OUTER_BOUND ( 'NONE', #3134, .T. ) ;
#264 = ORIENTED_EDGE ( 'NONE', *, *, #2193, .T. ) ;
#265 = CARTESIAN_POINT ( 'NONE',  ( 0.000000000000000000, 11.00000000000000178, -30.00000000000000000 ) ) ;
#266 = DIRECTION ( 'NONE',  ( 0.9945218953682730678, 0.000000000000000000, -0.1045284632676559688 ) ) ;
#267 = FACE_OUTER_BOUND ( 'NONE', #3417, .T. ) ;
#268 = LINE ( 'NONE', #1926, #2208 ) ;
#269 = DIRECTION ( 'NONE',  ( -0.000000000000000000, -1.000000000000000000, -0.000000000000000000 ) ) ;
#270 = LINE ( 'NONE', #1690, #934 ) ;
#271 = PRODUCT_RELATED_PRODUCT_CATEGORY ( 'detail', '', ( #2751 ) ) ;
#272 = AXIS2_PLACEMENT_3D ( 'NONE', #2363, #376, #2574 ) ;
#273 = EDGE_LOOP ( 'NONE', ( #1865, #399, #3457, #1822 ) ) ;
#274 = CIRCLE ( 'NONE', #797, 2.099999999999997868 ) ;
#275 = ORIENTED_EDGE ( 'NONE', *, *, #2663, .F. ) ;
#276 = DIRECTION ( 'NONE',  ( 0.000000000000000000, 0.000000000000000000, 1.000000000000000000 ) ) ;
#277 = DIRECTION ( 'NONE',  ( 0.000000000000000000, 0.000000000000000000, 1.000000000000000000 ) ) ;
#278 = AXIS2_PLACEMENT_3D ( 'NONE', #323, #1937, #1628 ) ;
#279 = ADVANCED_FACE ( 'NONE', ( #993 ), #3236, .T. ) ;
#280 = EDGE_CURVE ( 'NONE', #2687, #3327, #924, .T. ) ;
#281 = CARTESIAN_POINT ( 'NONE',  ( -30.15780844513628267, 14.50000000000000000, -11.59714352809438509 ) ) ;
#282 = ORIENTED_EDGE ( 'NONE', *, *, #1190, .F. ) ;
#283 = AXIS2_PLACEMENT_3D ( 'NONE', #1909, #3368, #534 ) ;
#284 = CARTESIAN_POINT ( 'NONE',  ( -22.75469555777869601, 0.000000000000000000, -11.12598716473773486 ) ) ;
#285 = DIRECTION ( 'NONE',  ( -0.000000000000000000, -1.000000000000000000, -0.000000000000000000 ) ) ;
#286 = CIRCLE ( 'NONE', #2566, 2.125000000000001776 ) ;
#287 = CARTESIAN_POINT ( 'NONE',  ( 0.000000000000000000, 14.50000000000000000, -20.37499999999999645 ) ) ;
#288 = DIRECTION ( 'NONE',  ( 0.000000000000000000, 1.000000000000000000, 0.000000000000000000 ) ) ;
#289 = DIRECTION ( 'NONE',  ( 0.000000000000000000, 0.000000000000000000, 1.000000000000000000 ) ) ;
#290 = DIRECTION ( 'NONE',  ( 0.7431448254773934670, -0.000000000000000000, 0.6691306063588591257 ) ) ;
#291 = EDGE_LOOP ( 'NONE', ( #2728, #1846, #1781, #3189 ) ) ;
#292 = ORIENTED_EDGE ( 'NONE', *, *, #3416, .F. ) ;
#293 = DIRECTION ( 'NONE',  ( 0.9781476007338054668, 0.000000000000000000, 0.2079116908177600920 ) ) ;
#294 = CIRCLE ( 'NONE', #117, 4.499999999999999112 ) ;
#295 = LINE ( 'NONE', #578, #1222 ) ;
#296 = ADVANCED_FACE ( 'NONE', ( #1278 ), #2398, .F. ) ;
#297 = VECTOR ( 'NONE', #2443, 1000.000000000000227 ) ;
#298 = EDGE_CURVE ( 'NONE', #2560, #2720, #1589, .T. ) ;
#299 = EDGE_CURVE ( 'NONE', #1693, #2998, #867, .T. ) ;
#300 = CARTESIAN_POINT ( 'NONE',  ( 9.184850993605145972E-16, 14.50000000000000000, -7.500000000000000000 ) ) ;
#301 = ADVANCED_FACE ( 'NONE', ( #3057, #3292, #510, #1919, #3272, #529, #1023, #1624, #1367, #3038, #1642, #1351, #2778 ), #3021, .F. ) ;
#302 = VECTOR ( 'NONE', #793, 1000.000000000000000 ) ;
#303 = ORIENTED_EDGE ( 'NONE', *, *, #3178, .F. ) ;
#304 = DIRECTION ( 'NONE',  ( 0.000000000000000000, 0.000000000000000000, 1.000000000000000000 ) ) ;
#305 = DIRECTION ( 'NONE',  ( -0.000000000000000000, -1.000000000000000000, -0.000000000000000000 ) ) ;
#306 = EDGE_CURVE ( 'NONE', #2430, #2746, #1606, .T. ) ;
#307 = DIRECTION ( 'NONE',  ( -0.6691306063588597919, 0.000000000000000000, -0.7431448254773928008 ) ) ;
#308 = DIRECTION ( 'NONE',  ( -0.9510565162951536422, 0.000000000000000000, -0.3090169943749472847 ) ) ;
#309 = DIRECTION ( 'NONE',  ( 0.7431448254773944662, 0.000000000000000000, -0.6691306063588580155 ) ) ;
#310 = DIRECTION ( 'NONE',  ( 0.9135454576426005335, 0.000000000000000000, 0.4067366430758009299 ) ) ;
#311 = VERTEX_POINT ( 'NONE', #2434 ) ;
#312 = VERTEX_POINT ( 'NONE', #2735 ) ;
#313 = PLANE ( 'NONE',  #2431 ) ;
#314 = DIRECTION ( 'NONE',  ( 0.000000000000000000, 0.000000000000000000, 1.000000000000000000 ) ) ;
#315 = ORIENTED_EDGE ( 'NONE', *, *, #805, .T. ) ;
#316 = CIRCLE ( 'NONE', #2648, 4.499999999999997335 ) ;
#317 = DIRECTION ( 'NONE',  ( -0.000000000000000000, -1.000000000000000000, -0.000000000000000000 ) ) ;
#318 = PRODUCT_DEFINITION_FORMATION_WITH_SPECIFIED_SOURCE ( 'ANY', '', #2751, .NOT_KNOWN. ) ;
#319 = PERSON_AND_ORGANIZATION_ROLE ( 'creator' ) ;
#320 = ADVANCED_FACE ( 'NONE', ( #263 ), #2714, .F. ) ;
#321 = ORIENTED_EDGE ( 'NONE', *, *, #2579, .F. ) ;
#322 = AXIS2_PLACEMENT_3D ( 'NONE', #2036, #3223, #2642 ) ;
#323 = CARTESIAN_POINT ( 'NONE',  ( 0.000000000000000000, 3.200000000000000178, 0.000000000000000000 ) ) ;
#324 = DIRECTION ( 'NONE',  ( 0.000000000000000000, 0.000000000000000000, -1.000000000000000000 ) ) ;
#325 = EDGE_CURVE ( 'NONE', #673, #106, #1798, .T. ) ;
#326 = FACE_OUTER_BOUND ( 'NONE', #2867, .T. ) ;
#327 = DIRECTION ( 'NONE',  ( -0.000000000000000000, 1.000000000000000000, -0.000000000000000000 ) ) ;
#328 = CARTESIAN_POINT ( 'NONE',  ( -15.41909919950121655, 3.200000000000000178, 22.00288237343632147 ) ) ;
#329 = DIRECTION ( 'NONE',  ( -0.000000000000000000, -1.000000000000000000, -0.000000000000000000 ) ) ;
#330 = VERTEX_POINT ( 'NONE', #281 ) ;
#331 = ORIENTED_EDGE ( 'NONE', *, *, #444, .F. ) ;
#332 = DIRECTION ( 'NONE',  ( -1.000000000000000000, 0.000000000000000000, -3.953459470360933791E-16 ) ) ;
#333 = CARTESIAN_POINT ( 'NONE',  ( 25.98076211353315657, 0.000000000000000000, -12.90000000000000568 ) ) ;
#334 = ORIENTED_EDGE ( 'NONE', *, *, #2599, .F. ) ;
#335 = AXIS2_PLACEMENT_3D ( 'NONE', #1999, #1725, #2864 ) ;
#336 = CIRCLE ( 'NONE', #794, 35.10000000000000142 ) ;
#337 = CARTESIAN_POINT ( 'NONE',  ( -28.19213958320531788, 14.50000000000000000, -11.08084069134423011 ) ) ;
#338 = AXIS2_PLACEMENT_3D ( 'NONE', #560, #2005, #1694 ) ;
#339 = ORIENTED_EDGE ( 'NONE', *, *, #118, .T. ) ;
#340 = CARTESIAN_POINT ( 'NONE',  ( -24.33482440799367552, 3.200000000000000178, -3.692065399160812778 ) ) ;
#341 = DIRECTION ( 'NONE',  ( 0.000000000000000000, 0.000000000000000000, 1.000000000000000000 ) ) ;
#342 = CARTESIAN_POINT ( 'NONE',  ( 9.592779134391467011, 14.50000000000000000, 33.76371704180071021 ) ) ;
#343 = CARTESIAN_POINT ( 'NONE',  ( 0.000000000000000000, 0.000000000000000000, 7.500000000000000000 ) ) ;
#344 = ADVANCED_FACE ( 'NONE', ( #3587, #768, #2196, #2471, #2489, #1883, #3603, #1063, #788, #2140 ), #1866, .T. ) ;
#345 = LINE ( 'NONE', #573, #2043 ) ;
#346 = ADVANCED_FACE ( 'NONE', ( #1079 ), #3329, .F. ) ;
#347 = ORIENTED_EDGE ( 'NONE', *, *, #469, .F. ) ;
#348 = ORIENTED_EDGE ( 'NONE', *, *, #3279, .T. ) ;
#349 = ORIENTED_EDGE ( 'NONE', *, *, #3078, .T. ) ;
#350 = CARTESIAN_POINT ( 'NONE',  ( 10.28911538522794089, 3.200000000000000178, 14.94206539916080168 ) ) ;
#351 = DIRECTION ( 'NONE',  ( 0.000000000000000000, 0.000000000000000000, -1.000000000000000000 ) ) ;
#352 = AXIS2_PLACEMENT_3D ( 'NONE', #1022, #242, #2191 ) ;
#353 = ORIENTED_EDGE ( 'NONE', *, *, #880, .F. ) ;
#354 = CIRCLE ( 'NONE', #2817, 4.000000000000000000 ) ;
#355 = CYLINDRICAL_SURFACE ( 'NONE', #3336, 2.099999999999997868 ) ;
#356 = VECTOR ( 'NONE', #2596, 1000.000000000000000 ) ;
#357 = ORIENTED_EDGE ( 'NONE', *, *, #1052, .F. ) ;
#358 = DIRECTION ( 'NONE',  ( 0.000000000000000000, 0.000000000000000000, 1.000000000000000000 ) ) ;
#359 = DIRECTION ( 'NONE',  ( 0.000000000000000000, 0.000000000000000000, -1.000000000000000000 ) ) ;
#360 = AXIS2_PLACEMENT_3D ( 'NONE', #1029, #1907, #2107 ) ;
#361 = DIRECTION ( 'NONE',  ( 0.4999999999999993339, 0.000000000000000000, 0.8660254037844389297 ) ) ;
#362 = DIRECTION ( 'NONE',  ( 0.000000000000000000, 0.000000000000000000, -1.000000000000000000 ) ) ;
#363 = VERTEX_POINT ( 'NONE', #2216 ) ;
#364 = EDGE_CURVE ( 'NONE', #3286, #2720, #1156, .T. ) ;
#365 = EDGE_LOOP ( 'NONE', ( #822, #1582, #559, #1480 ) ) ;
#366 = ORIENTED_EDGE ( 'NONE', *, *, #280, .T. ) ;
#367 = CYLINDRICAL_SURFACE ( 'NONE', #2178, 4.000000000000000000 ) ;
#368 = CARTESIAN_POINT ( 'NONE',  ( 21.85742809332320036, 0.000000000000000000, -11.31670725188077320 ) ) ;
#369 = VERTEX_POINT ( 'NONE', #1933 ) ;
#370 = EDGE_CURVE ( 'NONE', #145, #1187, #56, .T. ) ;
#371 = DIRECTION ( 'NONE',  ( 0.1045284632676541647, 0.000000000000000000, -0.9945218953682734009 ) ) ;
#372 = CIRCLE ( 'NONE', #538, 2.100000000000000977 ) ;
#373 = VERTEX_POINT ( 'NONE', #2526 ) ;
#374 = FACE_BOUND ( 'NONE', #750, .T. ) ;
#375 = CYLINDRICAL_SURFACE ( 'NONE', #3535, 4.499999999999997335 ) ;
#376 = DIRECTION ( 'NONE',  ( 0.000000000000000000, 1.000000000000000000, 0.000000000000000000 ) ) ;
#377 = CARTESIAN_POINT ( 'NONE',  ( 0.000000000000000000, 14.50000000000000000, -35.10000000000000142 ) ) ;
#378 = ORIENTED_EDGE ( 'NONE', *, *, #2770, .F. ) ;
#379 = ORIENTED_EDGE ( 'NONE', *, *, #1877, .T. ) ;
#380 = VERTEX_POINT ( 'NONE', #1950 ) ;
#381 = DIRECTION ( 'NONE',  ( 0.000000000000000000, 1.000000000000000000, -0.000000000000000000 ) ) ;
#382 = CARTESIAN_POINT ( 'NONE',  ( 1.849216666712503340E-15, 0.9999999999999870104, 15.09999999999999964 ) ) ;
#383 = ORIENTED_EDGE ( 'NONE', *, *, #648, .T. ) ;
#384 = DIRECTION ( 'NONE',  ( -0.000000000000000000, 1.000000000000000000, -0.000000000000000000 ) ) ;
#385 = EDGE_CURVE ( 'NONE', #1303, #947, #582, .T. ) ;
#386 = EDGE_CURVE ( 'NONE', #2286, #1187, #816, .T. ) ;
#387 = ORIENTED_EDGE ( 'NONE', *, *, #3525, .F. ) ;
#388 = CIRCLE ( 'NONE', #497, 4.000000000000000000 ) ;
#389 = DIRECTION ( 'NONE',  ( 0.000000000000000000, 0.000000000000000000, 1.000000000000000000 ) ) ;
#390 = FACE_OUTER_BOUND ( 'NONE', #3173, .T. ) ;
#391 = CARTESIAN_POINT ( 'NONE',  ( 4.499780257610586531, 11.00000000000000178, -29.95552941176470441 ) ) ;
#392 = CARTESIAN_POINT ( 'NONE',  ( 14.58109211771839320, 3.200000000000000178, 14.02977758213490134 ) ) ;
#393 = CARTESIAN_POINT ( 'NONE',  ( 10.28911538522794089, 3.200000000000000178, 14.94206539916080168 ) ) ;
#394 = EDGE_LOOP ( 'NONE', ( #3247, #1507, #1929, #3122 ) ) ;
#395 = EDGE_LOOP ( 'NONE', ( #1516, #2367, #725, #3125 ) ) ;
#396 = VERTEX_POINT ( 'NONE', #564 ) ;
#397 = FACE_BOUND ( 'NONE', #1287, .T. ) ;
#398 = CYLINDRICAL_SURFACE ( 'NONE', #1747, 2.099999999999997868 ) ;
#399 = ORIENTED_EDGE ( 'NONE', *, *, #1704, .F. ) ;
#400 = ADVANCED_FACE ( 'NONE', ( #3124 ), #2311, .F. ) ;
#401 = CIRCLE ( 'NONE', #868, 4.000000000000000000 ) ;
#402 = DIRECTION ( 'NONE',  ( -0.000000000000000000, -1.000000000000000000, -0.000000000000000000 ) ) ;
#403 = ORIENTED_EDGE ( 'NONE', *, *, #2890, .F. ) ;
#404 = ADVANCED_FACE ( 'NONE', ( #3363 ), #2234, .T. ) ;
#405 = EDGE_CURVE ( 'NONE', #1003, #2233, #3088, .T. ) ;
#406 = FACE_BOUND ( 'NONE', #811, .T. ) ;
#407 = CYLINDRICAL_SURFACE ( 'NONE', #1678, 2.099999999999997868 ) ;
#408 = DIRECTION ( 'NONE',  ( 0.000000000000000000, 0.000000000000000000, 1.000000000000000000 ) ) ;
#409 = VECTOR ( 'NONE', #2112, 1000.000000000000227 ) ;
#410 = AXIS2_PLACEMENT_3D ( 'NONE', #1109, #290, #2558 ) ;
#411 = CYLINDRICAL_SURFACE ( 'NONE', #2731, 4.000000000000000000 ) ;
#412 = CARTESIAN_POINT ( 'NONE',  ( 17.84891665258264126, 3.200000000000000178, -9.532002973075632823 ) ) ;
#413 = ORIENTED_EDGE ( 'NONE', *, *, #1172, .T. ) ;
#414 = ORIENTED_EDGE ( 'NONE', *, *, #1186, .T. ) ;
#415 = ORIENTED_EDGE ( 'NONE', *, *, #2858, .T. ) ;
#416 = DIRECTION ( 'NONE',  ( 0.000000000000000000, 1.000000000000000000, -0.000000000000000000 ) ) ;
#417 = FACE_OUTER_BOUND ( 'NONE', #1486, .T. ) ;
#418 = ORIENTED_EDGE ( 'NONE', *, *, #102, .F. ) ;
#419 = CARTESIAN_POINT ( 'NONE',  ( 0.000000000000000000, 14.50000000000000000, -32.09999999999999432 ) ) ;
#420 = VERTEX_POINT ( 'NONE', #337 ) ;
#421 = CARTESIAN_POINT ( 'NONE',  ( 0.000000000000000000, 14.50000000000000000, 0.000000000000000000 ) ) ;
#422 = ADVANCED_FACE ( 'NONE', ( #1969 ), #2749, .F. ) ;
#423 = ADVANCED_FACE ( 'NONE', ( #81 ), #355, .F. ) ;
#424 = CIRCLE ( 'NONE', #256, 2.124999999999999112 ) ;
#425 = CARTESIAN_POINT ( 'NONE',  ( 0.000000000000000000, 11.00000000000000178, -30.00000000000000000 ) ) ;
#426 = PLANE ( 'NONE',  #2908 ) ;
#427 = EDGE_CURVE ( 'NONE', #927, #55, #1419, .T. ) ;
#428 = EDGE_CURVE ( 'NONE', #565, #2430, #1505, .T. ) ;
#429 = VERTEX_POINT ( 'NONE', #916 ) ;
#430 = ORIENTED_EDGE ( 'NONE', *, *, #1209, .F. ) ;
#431 = ORIENTED_EDGE ( 'NONE', *, *, #207, .T. ) ;
#432 = LINE ( 'NONE', #3521, #1549 ) ;
#433 = CARTESIAN_POINT ( 'NONE',  ( -17.61303022242179139, 0.000000000000000000, 18.20288237343632431 ) ) ;
#434 = ORIENTED_EDGE ( 'NONE', *, *, #3439, .F. ) ;
#435 = CARTESIAN_POINT ( 'NONE',  ( 0.000000000000000000, 14.50000000000000000, 0.000000000000000000 ) ) ;
#436 = EDGE_LOOP ( 'NONE', ( #224, #1652, #1786, #963 ) ) ;
#437 = ORIENTED_EDGE ( 'NONE', *, *, #80, .F. ) ;
#438 = DIRECTION ( 'NONE',  ( -0.1045284632676533737, 0.000000000000000000, 0.9945218953682734009 ) ) ;
#439 = DIRECTION ( 'NONE',  ( -0.000000000000000000, -1.000000000000000000, -0.000000000000000000 ) ) ;
#440 = ORIENTED_EDGE ( 'NONE', *, *, #2643, .T. ) ;
#441 = AXIS2_PLACEMENT_3D ( 'NONE', #194, #1536, #211 ) ;
#442 = CYLINDRICAL_SURFACE ( 'NONE', #2203, 4.000000000000003553 ) ;
#443 = CIRCLE ( 'NONE', #562, 37.50000000000000711 ) ;
#444 = EDGE_CURVE ( 'NONE', #2889, #2645, #2851, .T. ) ;
#445 = LINE ( 'NONE', #1829, #2896 ) ;
#446 = CIRCLE ( 'NONE', #2137, 35.10000000000000142 ) ;
#447 = EDGE_LOOP ( 'NONE', ( #2801, #3472, #2773, #1637 ) ) ;
#448 = EDGE_CURVE ( 'NONE', #3150, #945, #457, .T. ) ;
#449 = FACE_OUTER_BOUND ( 'NONE', #3595, .T. ) ;
#450 = ORIENTED_EDGE ( 'NONE', *, *, #805, .F. ) ;
#451 = EDGE_CURVE ( 'NONE', #770, #2746, #2816, .T. ) ;
#452 = DIRECTION ( 'NONE',  ( 0.000000000000000000, 0.000000000000000000, 1.000000000000000000 ) ) ;
#453 = DIRECTION ( 'NONE',  ( 0.000000000000000000, 0.000000000000000000, 1.000000000000000000 ) ) ;
#454 = VERTEX_POINT ( 'NONE', #300 ) ;
#455 = ORIENTED_EDGE ( 'NONE', *, *, #1587, .T. ) ;
#456 = DIRECTION ( 'NONE',  ( 0.000000000000000000, 0.000000000000000000, 1.000000000000000000 ) ) ;
#457 = CIRCLE ( 'NONE', #1741, 35.10000000000000142 ) ;
#458 = LINE ( 'NONE', #1244, #3512 ) ;
#459 = CARTESIAN_POINT ( 'NONE',  ( 21.39877161664095695, 3.200000000000000178, -4.827882373436316321 ) ) ;
#460 = VECTOR ( 'NONE', #1076, 1000.000000000000000 ) ;
#461 = FACE_OUTER_BOUND ( 'NONE', #2611, .T. ) ;
#462 = CARTESIAN_POINT ( 'NONE',  ( 23.69235932559477575, 14.50000000000000000, 18.87468872042091661 ) ) ;
#463 = AXIS2_PLACEMENT_3D ( 'NONE', #1139, #3357, #3082 ) ;
#464 = ORIENTED_EDGE ( 'NONE', *, *, #3282, .T. ) ;
#465 = DIRECTION ( 'NONE',  ( 0.000000000000000000, 1.000000000000000000, 0.000000000000000000 ) ) ;
#466 = EDGE_LOOP ( 'NONE', ( #321, #2200, #2402, #2393 ) ) ;
#467 = CARTESIAN_POINT ( 'NONE',  ( -23.69235932559464075, 11.00000000000000178, -18.87468872042108003 ) ) ;
#468 = CARTESIAN_POINT ( 'NONE',  ( 21.65822351409405400, 11.00000000000000178, 22.31885647190607003 ) ) ;
#469 = EDGE_CURVE ( 'NONE', #2586, #2433, #616, .T. ) ;
#470 = ORIENTED_EDGE ( 'NONE', *, *, #3019, .F. ) ;
#471 = ORIENTED_EDGE ( 'NONE', *, *, #1165, .T. ) ;
#472 = LINE ( 'NONE', #2449, #3497 ) ;
#473 = DIRECTION ( 'NONE',  ( -0.8660254037844388186, 0.000000000000000000, 0.4999999999999996114 ) ) ;
#474 = ADVANCED_FACE ( 'NONE', ( #2027 ), #2818, .T. ) ;
#475 = VERTEX_POINT ( 'NONE', #2510 ) ;
#476 = DIRECTION ( 'NONE',  ( -0.4067366430757990980, 0.000000000000000000, -0.9135454576426014217 ) ) ;
#477 = CARTESIAN_POINT ( 'NONE',  ( -30.15780844513628267, 11.00000000000000000, -11.59714352809438509 ) ) ;
#478 = FACE_OUTER_BOUND ( 'NONE', #3466, .T. ) ;
#479 = PLANE ( 'NONE',  #360 ) ;
#480 = CIRCLE ( 'NONE', #2001, 4.000000000000000000 ) ;
#481 = ORIENTED_EDGE ( 'NONE', *, *, #3596, .F. ) ;
#482 = DIRECTION ( 'NONE',  ( 0.000000000000000000, 0.000000000000000000, -1.000000000000000000 ) ) ;
#483 = EDGE_LOOP ( 'NONE', ( #3358, #1710 ) ) ;
#484 = DIRECTION ( 'NONE',  ( 0.000000000000000000, 0.000000000000000000, 1.000000000000000000 ) ) ;
#485 = DIRECTION ( 'NONE',  ( 0.000000000000000000, 0.000000000000000000, 1.000000000000000000 ) ) ;
#486 = VERTEX_POINT ( 'NONE', #845 ) ;
#487 = DIRECTION ( 'NONE',  ( 0.000000000000000000, 1.000000000000000000, -0.000000000000000000 ) ) ;
#488 = DIRECTION ( 'NONE',  ( -0.000000000000000000, -1.000000000000000000, -0.000000000000000000 ) ) ;
#489 = VERTEX_POINT ( 'NONE', #1756 ) ;
#490 = EDGE_CURVE ( 'NONE', #1755, #259, #1461, .T. ) ;
#491 = DIRECTION ( 'NONE',  ( 0.000000000000000000, 0.000000000000000000, 1.000000000000000000 ) ) ;
#492 = FACE_OUTER_BOUND ( 'NONE', #2325, .T. ) ;
#493 = ADVANCED_FACE ( 'NONE', ( #1188 ), #1257, .T. ) ;
#494 = ORIENTED_EDGE ( 'NONE', *, *, #2716, .F. ) ;
#495 = DIRECTION ( 'NONE',  ( 0.000000000000000000, 1.000000000000000000, 0.000000000000000000 ) ) ;
#496 = DIRECTION ( 'NONE',  ( -0.000000000000000000, -1.000000000000000000, -0.000000000000000000 ) ) ;
#497 = AXIS2_PLACEMENT_3D ( 'NONE', #2625, #1246, #121 ) ;
#498 = DIRECTION ( 'NONE',  ( 0.8660254037844390407, 0.000000000000000000, -0.4999999999999993894 ) ) ;
#499 = ORIENTED_EDGE ( 'NONE', *, *, #2713, .F. ) ;
#500 = VECTOR ( 'NONE', #1915, 1000.000000000000114 ) ;
#501 = FACE_OUTER_BOUND ( 'NONE', #1436, .T. ) ;
#502 = CARTESIAN_POINT ( 'NONE',  ( 30.15780844513634307, 14.50000000000000000, 7.597143528094170151 ) ) ;
#503 = EDGE_LOOP ( 'NONE', ( #767, #1346, #2636, #1524 ) ) ;
#504 = AXIS2_PLACEMENT_3D ( 'NONE', #3615, #2999, #2710 ) ;
#505 = ORIENTED_EDGE ( 'NONE', *, *, #3167, .F. ) ;
#506 = CARTESIAN_POINT ( 'NONE',  ( -24.44384711719331449, 14.50000000000000000, 25.18944894417660052 ) ) ;
#507 = DIRECTION ( 'NONE',  ( 0.000000000000000000, 0.000000000000000000, -1.000000000000000000 ) ) ;
#508 = EDGE_CURVE ( 'NONE', #2452, #1078, #168, .T. ) ;
#509 = EDGE_LOOP ( 'NONE', ( #1638, #1, #1422, #2293 ) ) ;
#510 = FACE_BOUND ( 'NONE', #2721, .T. ) ;
#511 = APPROVAL_ROLE ( '' ) ;
#512 = EDGE_CURVE ( 'NONE', #3342, #1058, #2683, .T. ) ;
#513 = EDGE_LOOP ( 'NONE', ( #631, #2514, #3006, #2482 ) ) ;
#514 = EDGE_CURVE ( 'NONE', #2233, #369, #1840, .T. ) ;
#515 = FACE_BOUND ( 'NONE', #158, .T. ) ;
#516 = CARTESIAN_POINT ( 'NONE',  ( 0.000000000000000000, 3.200000000000000178, -20.37499999999999645 ) ) ;
#517 = ADVANCED_FACE ( 'NONE', ( #724 ), #2046, .F. ) ;
#518 = PLANE ( 'NONE',  #1571 ) ;
#519 = DIRECTION ( 'NONE',  ( 0.6691306063588580155, 0.000000000000000000, 0.7431448254773944662 ) ) ;
#520 = CARTESIAN_POINT ( 'NONE',  ( 11.86924423544291152, 0.000000000000000000, 22.37598716473772953 ) ) ;
#521 = LINE ( 'NONE', #1636, #696 ) ;
#522 = AXIS2_PLACEMENT_3D ( 'NONE', #2339, #650, #949 ) ;
#523 = VERTEX_POINT ( 'NONE', #2081 ) ;
#524 = AXIS2_PLACEMENT_3D ( 'NONE', #17, #1124, #537 ) ;
#525 = VERTEX_POINT ( 'NONE', #1225 ) ;
#526 = DIRECTION ( 'NONE',  ( 0.000000000000000000, 0.000000000000000000, 1.000000000000000000 ) ) ;
#527 = DIRECTION ( 'NONE',  ( 0.000000000000000000, 1.000000000000000000, 0.000000000000000000 ) ) ;
#528 = ORIENTED_EDGE ( 'NONE', *, *, #385, .T. ) ;
#529 = FACE_BOUND ( 'NONE', #3467, .T. ) ;
#530 = LINE ( 'NONE', #12, #1665 ) ;
#531 = CARTESIAN_POINT ( 'NONE',  ( 2.602374448188123870E-16, 3.200000000000000178, -24.62500000000000000 ) ) ;
#532 = CC_DESIGN_PERSON_AND_ORGANIZATION_ASSIGNMENT ( #1970, #319, ( #318 ) ) ;
#533 = DIRECTION ( 'NONE',  ( 0.000000000000000000, 1.000000000000000000, 0.000000000000000000 ) ) ;
#534 = DIRECTION ( 'NONE',  ( 0.000000000000000000, 0.000000000000000000, 1.000000000000000000 ) ) ;
#535 = CARTESIAN_POINT ( 'NONE',  ( 30.15780844513639281, 14.50000000000000000, -7.597143528093958764 ) ) ;
#536 = EDGE_CURVE ( 'NONE', #3319, #1825, #1622, .T. ) ;
#537 = DIRECTION ( 'NONE',  ( 0.000000000000000000, 0.000000000000000000, 1.000000000000000000 ) ) ;
#538 = AXIS2_PLACEMENT_3D ( 'NONE', #1703, #1924, #3403 ) ;
#539 = ADVANCED_FACE ( 'NONE', ( #1241 ), #2394, .F. ) ;
#540 = EDGE_LOOP ( 'NONE', ( #2465, #655, #1442, #125 ) ) ;
#541 = ORIENTED_EDGE ( 'NONE', *, *, #1539, .T. ) ;
#542 = FACE_OUTER_BOUND ( 'NONE', #2212, .T. ) ;
#543 = DIRECTION ( 'NONE',  ( -0.000000000000000000, -1.000000000000000000, -0.000000000000000000 ) ) ;
#544 = VECTOR ( 'NONE', #2607, 1000.000000000000000 ) ;
#545 = ORIENTED_EDGE ( 'NONE', *, *, #1473, .T. ) ;
#546 = CARTESIAN_POINT ( 'NONE',  ( 0.000000000000000000, 0.000000000000000000, 0.000000000000000000 ) ) ;
#547 = CALENDAR_DATE ( 2026, 24, 8 ) ;
#548 = ORIENTED_EDGE ( 'NONE', *, *, #599, .F. ) ;
#549 = CARTESIAN_POINT ( 'NONE',  ( -13.22516817658064525, 0.000000000000000000, 18.20288237343632076 ) ) ;
#550 = FACE_OUTER_BOUND ( 'NONE', #1511, .T. ) ;
#551 = DIRECTION ( 'NONE',  ( -0.8090169943749480064, 0.000000000000000000, 0.5877852522924723599 ) ) ;
#552 = DIRECTION ( 'NONE',  ( -0.000000000000000000, 1.000000000000000000, -0.000000000000000000 ) ) ;
#553 = DIRECTION ( 'NONE',  ( -0.000000000000000000, 1.000000000000000000, -0.000000000000000000 ) ) ;
#554 = DIRECTION ( 'NONE',  ( -0.000000000000000000, -1.000000000000000000, -0.000000000000000000 ) ) ;
#555 = AXIS2_PLACEMENT_3D ( 'NONE', #3337, #817, #2765 ) ;
#556 = VERTEX_POINT ( 'NONE', #3233 ) ;
#557 = EDGE_CURVE ( 'NONE', #947, #429, #707, .T. ) ;
#558 = EDGE_CURVE ( 'NONE', #1951, #2404, #2945, .T. ) ;
#559 = ORIENTED_EDGE ( 'NONE', *, *, #563, .T. ) ;
#560 = CARTESIAN_POINT ( 'NONE',  ( 25.98076211353316367, 11.00000000000000178, 14.99999999999999467 ) ) ;
#561 = CARTESIAN_POINT ( 'NONE',  ( 0.000000000000000000, 11.00000000000000000, -37.50000000000000711 ) ) ;
#562 = AXIS2_PLACEMENT_3D ( 'NONE', #676, #2012, #3144 ) ;
#563 = EDGE_CURVE ( 'NONE', #3557, #2671, #3213, .T. ) ;
#564 = CARTESIAN_POINT ( 'NONE',  ( 25.98076211353315657, 0.000000000000000000, -17.10000000000000142 ) ) ;
#565 = VERTEX_POINT ( 'NONE', #2959 ) ;
#566 = CARTESIAN_POINT ( 'NONE',  ( 21.65822351409421032, 11.00000000000000000, -22.31885647190591726 ) ) ;
#567 = CARTESIAN_POINT ( 'NONE',  ( 28.19213958320547420, 11.00000000000000178, -11.08084069134383221 ) ) ;
#568 = CIRCLE ( 'NONE', #2501, 2.100000000000000977 ) ;
#569 = AXIS2_PLACEMENT_3D ( 'NONE', #1545, #653, #3249 ) ;
#570 = DIRECTION ( 'NONE',  ( 0.2079116908177592871, -0.000000000000000000, 0.9781476007338056888 ) ) ;
#571 = CARTESIAN_POINT ( 'NONE',  ( 14.58109211771839320, 3.200000000000000178, 14.02977758213490134 ) ) ;
#572 = CARTESIAN_POINT ( 'NONE',  ( -21.65822351409389412, 11.00000000000000000, -22.31885647190621924 ) ) ;
#573 = CARTESIAN_POINT ( 'NONE',  ( -15.41909919950121655, 0.000000000000000000, 22.00288237343632147 ) ) ;
#574 = ORIENTED_EDGE ( 'NONE', *, *, #790, .F. ) ;
#575 = VERTEX_POINT ( 'NONE', #1495 ) ;
#576 = DIRECTION ( 'NONE',  ( -0.000000000000000000, 1.000000000000000000, -0.000000000000000000 ) ) ;
#577 = CIRCLE ( 'NONE', #2572, 2.124999999999998224 ) ;
#578 = CARTESIAN_POINT ( 'NONE',  ( -3.549854964058325901, 3.200000000000000178, -19.92087940036069327 ) ) ;
#579 = ADVANCED_FACE ( 'NONE', ( #2116 ), #95, .F. ) ;
#580 = ADVANCED_FACE ( 'NONE', ( #1530 ), #3471, .T. ) ;
#581 = AXIS2_PLACEMENT_3D ( 'NONE', #2209, #2521, #590 ) ;
#582 = LINE ( 'NONE', #23, #2985 ) ;
#583 = ADVANCED_FACE ( 'NONE', ( #2617 ), #1808, .F. ) ;
#584 = ORIENTED_EDGE ( 'NONE', *, *, #2395, .F. ) ;
#585 = DIRECTION ( 'NONE',  ( 0.9781476007338056888, 0.000000000000000000, 0.2079116908177587875 ) ) ;
#586 = LINE ( 'NONE', #1662, #3240 ) ;
#587 = CARTESIAN_POINT ( 'NONE',  ( 2.571758278209441464E-16, 0.000000000000000000, -27.89999999999999858 ) ) ;
#588 = DIRECTION ( 'NONE',  ( 0.000000000000000000, 0.000000000000000000, 1.000000000000000000 ) ) ;
#589 = DIRECTION ( 'NONE',  ( 0.000000000000000000, 0.000000000000000000, 1.000000000000000000 ) ) ;
#590 = DIRECTION ( 'NONE',  ( 0.5000000000000005551, 0.000000000000000000, -0.8660254037844382635 ) ) ;
#591 = EDGE_LOOP ( 'NONE', ( #2483, #745 ) ) ;
#592 = EDGE_LOOP ( 'NONE', ( #2117, #635, #3241, #2923 ) ) ;
#593 = DIRECTION ( 'NONE',  ( 0.000000000000000000, 0.000000000000000000, 1.000000000000000000 ) ) ;
#594 = CARTESIAN_POINT ( 'NONE',  ( 21.65822351409421032, 14.50000000000000000, -22.31885647190591726 ) ) ;
#595 = VERTEX_POINT ( 'NONE', #969 ) ;
#596 = VECTOR ( 'NONE', #2588, 1000.000000000000000 ) ;
#597 = CARTESIAN_POINT ( 'NONE',  ( -25.98076211353330578, 14.50000000000000000, 14.99999999999975842 ) ) ;
#598 = VERTEX_POINT ( 'NONE', #3507 ) ;
#599 = EDGE_CURVE ( 'NONE', #1623, #523, #129, .T. ) ;
#600 = ADVANCED_FACE ( 'NONE', ( #2377 ), #988, .F. ) ;
#601 = CARTESIAN_POINT ( 'NONE',  ( 0.000000000000000000, 0.000000000000000000, -16.09999999999999076 ) ) ;
#602 = LINE ( 'NONE', #1424, #2114 ) ;
#603 = LINE ( 'NONE', #1610, #1142 ) ;
#604 = DIRECTION ( 'NONE',  ( 0.000000000000000000, -1.000000000000000000, 0.000000000000000000 ) ) ;
#605 = DIRECTION ( 'NONE',  ( -0.000000000000000000, -1.000000000000000000, -0.000000000000000000 ) ) ;
#606 = DIRECTION ( 'NONE',  ( -0.4999999999999996669, 0.000000000000000000, -0.8660254037844388186 ) ) ;
#607 = ORIENTED_EDGE ( 'NONE', *, *, #3464, .T. ) ;
#608 = EDGE_LOOP ( 'NONE', ( #1145, #1885, #264, #3527 ) ) ;
#609 = EDGE_LOOP ( 'NONE', ( #3212, #2448, #2810, #1062 ) ) ;
#610 = DIRECTION ( 'NONE',  ( -0.000000000000000000, 1.000000000000000000, -0.000000000000000000 ) ) ;
#611 = CARTESIAN_POINT ( 'NONE',  ( 8.499584931042221569, 11.00000000000000178, -29.91599999999999682 ) ) ;
#612 = AXIS2_PLACEMENT_3D ( 'NONE', #3294, #1264, #1886 ) ;
#613 = ORIENTED_EDGE ( 'NONE', *, *, #2783, .F. ) ;
#614 = CIRCLE ( 'NONE', #2666, 4.000000000000000000 ) ;
#615 = AXIS2_PLACEMENT_3D ( 'NONE', #114, #1481, #2878 ) ;
#616 = LINE ( 'NONE', #2875, #1858 ) ;
#617 = CIRCLE ( 'NONE', #2078, 2.099999999999997868 ) ;
#618 = AXIS2_PLACEMENT_3D ( 'NONE', #3267, #783, #526 ) ;
#619 = CIRCLE ( 'NONE', #3380, 4.000000000000000000 ) ;
#620 = EDGE_LOOP ( 'NONE', ( #2581, #584 ) ) ;
#621 = LINE ( 'NONE', #2030, #2609 ) ;
#622 = CARTESIAN_POINT ( 'NONE',  ( 13.22516817658064880, 0.000000000000000000, 18.20288237343631366 ) ) ;
#623 = ADVANCED_FACE ( 'NONE', ( #1895 ), #1092, .F. ) ;
#624 = DIRECTION ( 'NONE',  ( -0.000000000000000000, -1.000000000000000000, -0.000000000000000000 ) ) ;
#625 = CARTESIAN_POINT ( 'NONE',  ( 4.592425496802575156E-15, 11.00000000000000000, 37.50000000000000711 ) ) ;
#626 = AXIS2_PLACEMENT_3D ( 'NONE', #3198, #1844, #2980 ) ;
#627 = CARTESIAN_POINT ( 'NONE',  ( 10.82531754730548634, 14.50000000000000000, 6.249999999999998224 ) ) ;
#628 = ORIENTED_EDGE ( 'NONE', *, *, #2076, .T. ) ;
#629 = AXIS2_PLACEMENT_3D ( 'NONE', #2567, #44, #3140 ) ;
#630 = VERTEX_POINT ( 'NONE', #1309 ) ;
#631 = ORIENTED_EDGE ( 'NONE', *, *, #1721, .T. ) ;
#632 = CARTESIAN_POINT ( 'NONE',  ( 4.499780257610586531, 14.50000000000000000, -29.95552941176470441 ) ) ;
#633 = CARTESIAN_POINT ( 'NONE',  ( 0.000000000000000000, 14.50000000000000000, 0.000000000000000000 ) ) ;
#634 = AXIS2_PLACEMENT_3D ( 'NONE', #2173, #3307, #784 ) ;
#635 = ORIENTED_EDGE ( 'NONE', *, *, #1100, .T. ) ;
#636 = AXIS2_PLACEMENT_3D ( 'NONE', #3433, #1715, #5 ) ;
#637 = DIRECTION ( 'NONE',  ( 0.9781476007338056888, 0.000000000000000000, 0.2079116908177587875 ) ) ;
#638 = CIRCLE ( 'NONE', #2577, 4.000000000000000000 ) ;
#639 = ORIENTED_EDGE ( 'NONE', *, *, #2260, .T. ) ;
#640 = CARTESIAN_POINT ( 'NONE',  ( 17.84891665258264126, 0.000000000000000000, -9.532002973075632823 ) ) ;
#641 = LINE ( 'NONE', #975, #596 ) ;
#642 = FACE_OUTER_BOUND ( 'NONE', #2615, .T. ) ;
#643 = LINE ( 'NONE', #625, #785 ) ;
#644 = VERTEX_POINT ( 'NONE', #2979 ) ;
#645 = ORIENTED_EDGE ( 'NONE', *, *, #3167, .T. ) ;
#646 = ADVANCED_FACE ( 'NONE', ( #1290 ), #2135, .T. ) ;
#647 = VERTEX_POINT ( 'NONE', #2730 ) ;
#648 = EDGE_CURVE ( 'NONE', #1819, #2580, #401, .T. ) ;
#649 = FACE_OUTER_BOUND ( 'NONE', #609, .T. ) ;
#650 = DIRECTION ( 'NONE',  ( -0.000000000000000000, -1.000000000000000000, -0.000000000000000000 ) ) ;
#651 = ORIENTED_EDGE ( 'NONE', *, *, #2909, .T. ) ;
#652 = ORIENTED_EDGE ( 'NONE', *, *, #2888, .T. ) ;
#653 = DIRECTION ( 'NONE',  ( -0.000000000000000000, 1.000000000000000000, -0.000000000000000000 ) ) ;
#654 = AXIS2_PLACEMENT_3D ( 'NONE', #3311, #1279, #1064 ) ;
#655 = ORIENTED_EDGE ( 'NONE', *, *, #3078, .F. ) ;
#656 = AXIS2_PLACEMENT_3D ( 'NONE', #3003, #2679, #175 ) ;
#657 = DIRECTION ( 'NONE',  ( 0.000000000000000000, -1.000000000000000000, 0.000000000000000000 ) ) ;
#658 = LINE ( 'NONE', #69, #1644 ) ;
#659 = LINE ( 'NONE', #2883, #2075 ) ;
#660 = LINE ( 'NONE', #393, #3295 ) ;
#661 = EDGE_CURVE ( 'NONE', #2026, #2077, #230, .T. ) ;
#662 = ORIENTED_EDGE ( 'NONE', *, *, #232, .T. ) ;
#663 = ORIENTED_EDGE ( 'NONE', *, *, #1384, .T. ) ;
#664 = ORIENTED_EDGE ( 'NONE', *, *, #3353, .T. ) ;
#665 = DIRECTION ( 'NONE',  ( 0.000000000000000000, -1.000000000000000000, 0.000000000000000000 ) ) ;
#666 = CARTESIAN_POINT ( 'NONE',  ( 21.39877161664095695, 14.50000000000000000, -6.952882373436318986 ) ) ;
#667 = EDGE_CURVE ( 'NONE', #3163, #3511, #2711, .T. ) ;
#668 = ORIENTED_EDGE ( 'NONE', *, *, #2290, .T. ) ;
#669 = EDGE_CURVE ( 'NONE', #429, #2139, #3626, .T. ) ;
#670 = CARTESIAN_POINT ( 'NONE',  ( 1.849216666712503340E-15, 0.9999999999999870104, 15.09999999999999964 ) ) ;
#671 = CIRCLE ( 'NONE', #1083, 2.125000000000001776 ) ;
#672 = ADVANCED_FACE ( 'NONE', ( #2469 ), #1329, .F. ) ;
#673 = VERTEX_POINT ( 'NONE', #1620 ) ;
#674 = AXIS2_PLACEMENT_3D ( 'NONE', #2805, #1375, #2842 ) ;
#675 = AXIS2_PLACEMENT_3D ( 'NONE', #3503, #983, #3176 ) ;
#676 = CARTESIAN_POINT ( 'NONE',  ( 0.000000000000000000, 10.00000000000000000, 0.000000000000000000 ) ) ;
#677 = FACE_OUTER_BOUND ( 'NONE', #2939, .T. ) ;
#678 = DIRECTION ( 'NONE',  ( -0.000000000000000000, 1.000000000000000000, -0.000000000000000000 ) ) ;
#679 = AXIS2_PLACEMENT_3D ( 'NONE', #3424, #657, #1793 ) ;
#680 = DIRECTION ( 'NONE',  ( 0.000000000000000000, 1.000000000000000000, 0.000000000000000000 ) ) ;
#681 = DIRECTION ( 'NONE',  ( 0.000000000000000000, 1.000000000000000000, 0.000000000000000000 ) ) ;
#682 = VERTEX_POINT ( 'NONE', #2411 ) ;
#683 = ORIENTED_EDGE ( 'NONE', *, *, #251, .F. ) ;
#684 = AXIS2_PLACEMENT_3D ( 'NONE', #3064, #2281, #870 ) ;
#685 = ORIENTED_EDGE ( 'NONE', *, *, #1096, .F. ) ;
#686 = CARTESIAN_POINT ( 'NONE',  ( 0.000000000000000000, 0.000000000000000000, -30.00000000000000000 ) ) ;
#687 = LINE ( 'NONE', #3469, #4 ) ;
#688 = AXIS2_PLACEMENT_3D ( 'NONE', #546, #751, #1045 ) ;
#689 = ORIENTED_EDGE ( 'NONE', *, *, #1190, .T. ) ;
#690 = VECTOR ( 'NONE', #747, 1000.000000000000000 ) ;
#691 = DIRECTION ( 'NONE',  ( -0.000000000000000000, -1.000000000000000000, -0.000000000000000000 ) ) ;
#692 = VERTEX_POINT ( 'NONE', #261 ) ;
#693 = DIRECTION ( 'NONE',  ( 0.000000000000000000, 1.000000000000000000, 0.000000000000000000 ) ) ;
#694 = DIRECTION ( 'NONE',  ( 0.000000000000000000, 1.000000000000000000, 0.000000000000000000 ) ) ;
#695 = EDGE_CURVE ( 'NONE', #2430, #565, #3514, .T. ) ;
#696 = VECTOR ( 'NONE', #255, 999.9999999999998863 ) ;
#697 = AXIS2_PLACEMENT_3D ( 'NONE', #1323, #2127, #3260 ) ;
#698 = LINE ( 'NONE', #1318, #154 ) ;
#699 = LINE ( 'NONE', #377, #1477 ) ;
#700 = VERTEX_POINT ( 'NONE', #3000 ) ;
#701 = ORIENTED_EDGE ( 'NONE', *, *, #2220, .F. ) ;
#702 = ORIENTED_EDGE ( 'NONE', *, *, #944, .F. ) ;
#703 = ORIENTED_EDGE ( 'NONE', *, *, #3580, .T. ) ;
#704 = CARTESIAN_POINT ( 'NONE',  ( -25.69074834913141103, 0.000000000000000000, -7.865170190462221989 ) ) ;
#705 = DIRECTION ( 'NONE',  ( 0.000000000000000000, 0.000000000000000000, 1.000000000000000000 ) ) ;
#706 = EDGE_LOOP ( 'NONE', ( #708, #1930 ) ) ;
#707 = LINE ( 'NONE', #670, #2447 ) ;
#708 = ORIENTED_EDGE ( 'NONE', *, *, #2330, .F. ) ;
#709 = EDGE_CURVE ( 'NONE', #3592, #3181, #204, .T. ) ;
#710 = CARTESIAN_POINT ( 'NONE',  ( 0.000000000000000000, 11.00000000000000000, 0.000000000000000000 ) ) ;
#711 = CIRCLE ( 'NONE', #1531, 2.125000000000000000 ) ;
#712 = EDGE_CURVE ( 'NONE', #3052, #202, #1387, .T. ) ;
#713 = SECURITY_CLASSIFICATION ( '', '', #1659 ) ;
#714 = EDGE_CURVE ( 'NONE', #748, #3575, #3016, .T. ) ;
#715 = DIRECTION ( 'NONE',  ( -0.000000000000000000, 1.000000000000000000, -0.000000000000000000 ) ) ;
#716 = DIRECTION ( 'NONE',  ( 0.000000000000000000, 1.000000000000000000, 0.000000000000000000 ) ) ;
#717 = ORIENTED_EDGE ( 'NONE', *, *, #1031, .F. ) ;
#718 = PLANE ( 'NONE',  #3287 ) ;
#719 = ORIENTED_EDGE ( 'NONE', *, *, #1293, .T. ) ;
#720 = CARTESIAN_POINT ( 'NONE',  ( 30.15780844513639281, 11.00000000000000000, -11.59714352809395876 ) ) ;
#721 = CARTESIAN_POINT ( 'NONE',  ( 0.000000000000000000, 14.50000000000000000, -25.50000000000000355 ) ) ;
#722 = ORIENTED_EDGE ( 'NONE', *, *, #2395, .T. ) ;
#723 = ORIENTED_EDGE ( 'NONE', *, *, #3510, .F. ) ;
#724 = FACE_OUTER_BOUND ( 'NONE', #2675, .T. ) ;
#725 = ORIENTED_EDGE ( 'NONE', *, *, #2512, .T. ) ;
#726 = LINE ( 'NONE', #3513, #1097 ) ;
#727 = VECTOR ( 'NONE', #2479, 1000.000000000000000 ) ;
#728 = CARTESIAN_POINT ( 'NONE',  ( 21.39877161664095695, 3.200000000000000178, -6.952882373436318986 ) ) ;
#729 = AXIS2_PLACEMENT_3D ( 'NONE', #3446, #2332, #3151 ) ;
#730 = VECTOR ( 'NONE', #3208, 1000.000000000000000 ) ;
#731 = CARTESIAN_POINT ( 'NONE',  ( 9.592779134391703266, 11.00000000000000000, -33.76371704180064626 ) ) ;
#732 = AXIS2_PLACEMENT_3D ( 'NONE', #425, #2964, #1869 ) ;
#733 = DIRECTION ( 'NONE',  ( 0.000000000000000000, -1.000000000000000000, 0.000000000000000000 ) ) ;
#734 = EDGE_CURVE ( 'NONE', #2404, #692, #2034, .T. ) ;
#735 = VERTEX_POINT ( 'NONE', #3616 ) ;
#736 = ORIENTED_EDGE ( 'NONE', *, *, #3392, .T. ) ;
#737 = ORIENTED_EDGE ( 'NONE', *, *, #3525, .T. ) ;
#738 = CARTESIAN_POINT ( 'NONE',  ( 25.98076211353319565, 11.00000000000000178, -14.99999999999993960 ) ) ;
#739 = ORIENTED_EDGE ( 'NONE', *, *, #2815, .F. ) ;
#740 = CARTESIAN_POINT ( 'NONE',  ( -10.82531754730548634, 14.50000000000000000, 6.249999999999998224 ) ) ;
#741 = DIRECTION ( 'NONE',  ( 0.000000000000000000, 0.000000000000000000, 1.000000000000000000 ) ) ;
#742 = ADVANCED_FACE ( 'NONE', ( #223 ), #1061, .T. ) ;
#743 = ORIENTED_EDGE ( 'NONE', *, *, #2733, .F. ) ;
#744 = AXIS2_PLACEMENT_3D ( 'NONE', #1376, #3628, #2496 ) ;
#745 = ORIENTED_EDGE ( 'NONE', *, *, #3532, .T. ) ;
#746 = CARTESIAN_POINT ( 'NONE',  ( 21.65822351409405400, 11.00000000000000000, 22.31885647190607003 ) ) ;
#747 = DIRECTION ( 'NONE',  ( -0.000000000000000000, -1.000000000000000000, -0.000000000000000000 ) ) ;
#748 = VERTEX_POINT ( 'NONE', #2755 ) ;
#749 = VECTOR ( 'NONE', #146, 1000.000000000000000 ) ;
#750 = EDGE_LOOP ( 'NONE', ( #1149, #1004 ) ) ;
#751 = DIRECTION ( 'NONE',  ( 0.000000000000000000, 1.000000000000000000, 0.000000000000000000 ) ) ;
#752 = DIRECTION ( 'NONE',  ( -0.000000000000000000, -1.000000000000000000, -0.000000000000000000 ) ) ;
#753 = AXIS2_PLACEMENT_3D ( 'NONE', #2633, #1239, #2355 ) ;
#754 = CARTESIAN_POINT ( 'NONE',  ( 8.499584931042011959, 11.00000000000000000, 29.91600000000005721 ) ) ;
#755 = CYLINDRICAL_SURFACE ( 'NONE', #3553, 4.499999999999997335 ) ;
#756 = AXIS2_PLACEMENT_3D ( 'NONE', #1053, #1557, #776 ) ;
#757 = ORIENTED_EDGE ( 'NONE', *, *, #2118, .T. ) ;
#758 = CARTESIAN_POINT ( 'NONE',  ( 0.000000000000000000, 14.50000000000000000, -30.00000000000000000 ) ) ;
#759 = ORIENTED_EDGE ( 'NONE', *, *, #1310, .T. ) ;
#760 = CYLINDRICAL_SURFACE ( 'NONE', #3377, 2.124999999999998224 ) ;
#761 = FACE_OUTER_BOUND ( 'NONE', #3207, .T. ) ;
#762 = EDGE_CURVE ( 'NONE', #2154, #2645, #1349, .T. ) ;
#763 = EDGE_CURVE ( 'NONE', #2654, #2630, #2754, .T. ) ;
#764 = ORIENTED_EDGE ( 'NONE', *, *, #3121, .T. ) ;
#765 = CARTESIAN_POINT ( 'NONE',  ( -21.39877161664095695, 14.50000000000000000, -9.077882373436322538 ) ) ;
#766 = DIRECTION ( 'NONE',  ( 0.000000000000000000, 1.000000000000000000, 0.000000000000000000 ) ) ;
#767 = ORIENTED_EDGE ( 'NONE', *, *, #2268, .F. ) ;
#768 = FACE_BOUND ( 'NONE', #1046, .T. ) ;
#769 = DIRECTION ( 'NONE',  ( -0.9945218953682735119, 0.000000000000000000, 0.1045284632676525272 ) ) ;
#770 = VERTEX_POINT ( 'NONE', #3344 ) ;
#771 = VECTOR ( 'NONE', #2682, 1000.000000000000000 ) ;
#772 = DIRECTION ( 'NONE',  ( 0.000000000000000000, 0.000000000000000000, -1.000000000000000000 ) ) ;
#773 = LINE ( 'NONE', #2701, #302 ) ;
#774 = CIRCLE ( 'NONE', #1356, 4.000000000000000000 ) ;
#775 = ORIENTED_EDGE ( 'NONE', *, *, #2240, .T. ) ;
#776 = DIRECTION ( 'NONE',  ( -0.6691306063588579045, 0.000000000000000000, 0.7431448254773944662 ) ) ;
#777 = EDGE_LOOP ( 'NONE', ( #1453, #1749, #2561, #1987 ) ) ;
#778 = CIRCLE ( 'NONE', #656, 35.10000000000000142 ) ;
#779 = CYLINDRICAL_SURFACE ( 'NONE', #854, 37.50000000000000711 ) ;
#780 = CARTESIAN_POINT ( 'NONE',  ( -9.592779134391699714, 14.50000000000000000, -33.76371704180063915 ) ) ;
#781 = ADVANCED_FACE ( 'NONE', ( #3395 ), #22, .F. ) ;
#782 = ORIENTED_EDGE ( 'NONE', *, *, #2346, .F. ) ;
#783 = DIRECTION ( 'NONE',  ( 0.000000000000000000, 1.000000000000000000, 0.000000000000000000 ) ) ;
#784 = DIRECTION ( 'NONE',  ( 0.000000000000000000, 0.000000000000000000, -1.000000000000000000 ) ) ;
#785 = VECTOR ( 'NONE', #2951, 1000.000000000000000 ) ;
#786 = EDGE_CURVE ( 'NONE', #3319, #3396, #354, .T. ) ;
#787 = MANIFOLD_SOLID_BREP ( 'Chamfer1', #2869 ) ;
#788 = FACE_BOUND ( 'NONE', #3040, .T. ) ;
#789 = DIRECTION ( 'NONE',  ( 0.000000000000000000, 0.000000000000000000, 1.000000000000000000 ) ) ;
#790 = EDGE_CURVE ( 'NONE', #2586, #2789, #41, .T. ) ;
#791 = VERTEX_POINT ( 'NONE', #1114 ) ;
#792 = FACE_OUTER_BOUND ( 'NONE', #1728, .T. ) ;
#793 = DIRECTION ( 'NONE',  ( 0.000000000000000000, 1.000000000000000000, 0.000000000000000000 ) ) ;
#794 = AXIS2_PLACEMENT_3D ( 'NONE', #2700, #2400, #2659 ) ;
#795 = DIRECTION ( 'NONE',  ( 0.000000000000000000, 1.000000000000000000, 0.000000000000000000 ) ) ;
#796 = DIRECTION ( 'NONE',  ( 0.000000000000000000, 1.000000000000000000, 0.000000000000000000 ) ) ;
#797 = AXIS2_PLACEMENT_3D ( 'NONE', #2230, #3, #1184 ) ;
#798 = CARTESIAN_POINT ( 'NONE',  ( -25.98076211353298248, 14.50000000000000000, -15.00000000000030376 ) ) ;
#799 = CARTESIAN_POINT ( 'NONE',  ( -30.15780844513628267, 14.49999999999999822, -11.59714352809438509 ) ) ;
#800 = VECTOR ( 'NONE', #884, 1000.000000000000000 ) ;
#801 = VERTEX_POINT ( 'NONE', #333 ) ;
#802 = ORIENTED_EDGE ( 'NONE', *, *, #3269, .F. ) ;
#803 = DIRECTION ( 'NONE',  ( 0.000000000000000000, 0.000000000000000000, 1.000000000000000000 ) ) ;
#804 = CARTESIAN_POINT ( 'NONE',  ( 13.22516817658064880, 3.200000000000000178, 18.20288237343631366 ) ) ;
#805 = EDGE_CURVE ( 'NONE', #2580, #475, #3456, .T. ) ;
#806 = EDGE_CURVE ( 'NONE', #2873, #3511, #3107, .T. ) ;
#807 = ORIENTED_EDGE ( 'NONE', *, *, #3318, .F. ) ;
#808 = CARTESIAN_POINT ( 'NONE',  ( 17.84891665258264126, 3.200000000000000178, -9.532002973075632823 ) ) ;
#809 = PERSON_AND_ORGANIZATION ( #2646, #1475 ) ;
#810 = AXIS2_PLACEMENT_3D ( 'NONE', #2598, #1206, #2928 ) ;
#811 = EDGE_LOOP ( 'NONE', ( #1385, #3270 ) ) ;
#812 = EDGE_CURVE ( 'NONE', #3569, #1249, #295, .T. ) ;
#813 = EDGE_CURVE ( 'NONE', #489, #2889, #2250, .T. ) ;
#814 = FACE_BOUND ( 'NONE', #1775, .T. ) ;
#815 = DIRECTION ( 'NONE',  ( 0.3090169943749465631, 0.000000000000000000, 0.9510565162951537532 ) ) ;
#816 = CIRCLE ( 'NONE', #2624, 4.499999999999999112 ) ;
#817 = DIRECTION ( 'NONE',  ( 0.000000000000000000, -1.000000000000000000, 0.000000000000000000 ) ) ;
#818 = DIRECTION ( 'NONE',  ( -0.000000000000000000, 1.000000000000000000, -0.000000000000000000 ) ) ;
#819 = DIRECTION ( 'NONE',  ( 0.3090169943749475623, 0.000000000000000000, 0.9510565162951536422 ) ) ;
#820 = DIRECTION ( 'NONE',  ( -0.000000000000000000, 1.000000000000000000, -0.000000000000000000 ) ) ;
#821 = VECTOR ( 'NONE', #1509, 1000.000000000000114 ) ;
#822 = ORIENTED_EDGE ( 'NONE', *, *, #3441, .F. ) ;
#823 = ORIENTED_EDGE ( 'NONE', *, *, #3482, .F. ) ;
#824 = CARTESIAN_POINT ( 'NONE',  ( -11.03123715366006863, 3.200000000000000178, 22.00288237343632503 ) ) ;
#825 = DIRECTION ( 'NONE',  ( 0.000000000000000000, 0.000000000000000000, 1.000000000000000000 ) ) ;
#826 = VERTEX_POINT ( 'NONE', #3376 ) ;
#827 = DIRECTION ( 'NONE',  ( 0.000000000000000000, 0.000000000000000000, 1.000000000000000000 ) ) ;
#828 = CALENDAR_DATE ( 2026, 24, 8 ) ;
#829 = EDGE_CURVE ( 'NONE', #2654, #700, #3120, .T. ) ;
#830 = ORIENTED_EDGE ( 'NONE', *, *, #763, .T. ) ;
#831 = PLANE ( 'NONE',  #103 ) ;
#832 = DIRECTION ( 'NONE',  ( 0.000000000000000000, 1.000000000000000000, -0.000000000000000000 ) ) ;
#833 = EDGE_CURVE ( 'NONE', #1249, #1433, #1383, .T. ) ;
#834 = EDGE_CURVE ( 'NONE', #896, #2540, #1510, .T. ) ;
#835 = DIRECTION ( 'NONE',  ( 0.000000000000000000, 0.000000000000000000, 1.000000000000000000 ) ) ;
#836 = LINE ( 'NONE', #1941, #1212 ) ;
#837 = LINE ( 'NONE', #1429, #1727 ) ;
#838 = CARTESIAN_POINT ( 'NONE',  ( -0.4586564766822436301, 3.200000000000000178, -26.86382487844446132 ) ) ;
#839 = CIRCLE ( 'NONE', #2776, 2.100000000000000977 ) ;
#840 = EDGE_CURVE ( 'NONE', #1434, #1988, #3071, .T. ) ;
#841 = ORIENTED_EDGE ( 'NONE', *, *, #3019, .T. ) ;
#842 = VERTEX_POINT ( 'NONE', #2006 ) ;
#843 = DIRECTION ( 'NONE',  ( -0.9945218953682734009, 0.000000000000000000, -0.1045284632676541647 ) ) ;
#844 = DIRECTION ( 'NONE',  ( -0.1045284632676525272, 0.000000000000000000, -0.9945218953682735119 ) ) ;
#845 = CARTESIAN_POINT ( 'NONE',  ( 28.19213958320540314, 14.50000000000000000, 11.08084069134402938 ) ) ;
#846 = ORIENTED_EDGE ( 'NONE', *, *, #2011, .T. ) ;
#847 = CARTESIAN_POINT ( 'NONE',  ( 21.39877161664095695, 14.50000000000000000, -9.077882373436322538 ) ) ;
#848 = DIRECTION ( 'NONE',  ( -0.000000000000000000, 1.000000000000000000, -0.000000000000000000 ) ) ;
#849 = EDGE_CURVE ( 'NONE', #1825, #556, #294, .T. ) ;
#850 = CYLINDRICAL_SURFACE ( 'NONE', #3438, 4.499999999999997335 ) ;
#851 = PLANE ( 'NONE',  #1445 ) ;
#852 = CARTESIAN_POINT ( 'NONE',  ( 0.000000000000000000, 14.50000000000000000, -22.50000000000000000 ) ) ;
#853 = DIRECTION ( 'NONE',  ( 0.000000000000000000, 0.000000000000000000, 1.000000000000000000 ) ) ;
#854 = AXIS2_PLACEMENT_3D ( 'NONE', #1325, #2423, #3283 ) ;
#855 = CIRCLE ( 'NONE', #1841, 35.10000000000000142 ) ;
#856 = VERTEX_POINT ( 'NONE', #2832 ) ;
#857 = AXIS2_PLACEMENT_3D ( 'NONE', #3394, #576, #1382 ) ;
#858 = ORIENTED_EDGE ( 'NONE', *, *, #1964, .F. ) ;
#859 = EDGE_CURVE ( 'NONE', #801, #396, #932, .T. ) ;
#860 = CARTESIAN_POINT ( 'NONE',  ( -18.46271882528824904, 3.200000000000000178, -10.21369934771183097 ) ) ;
#861 = DIRECTION ( 'NONE',  ( -0.000000000000000000, -1.000000000000000000, -0.000000000000000000 ) ) ;
#862 = CIRCLE ( 'NONE', #1439, 4.000000000000000000 ) ;
#863 = DIRECTION ( 'NONE',  ( 0.000000000000000000, 0.000000000000000000, -1.000000000000000000 ) ) ;
#864 = ORIENTED_EDGE ( 'NONE', *, *, #1580, .T. ) ;
#865 = LINE ( 'NONE', #284, #1734 ) ;
#866 = CARTESIAN_POINT ( 'NONE',  ( -24.44384711719278158, 14.50000000000000000, -25.18944894417711566 ) ) ;
#867 = CIRCLE ( 'NONE', #2931, 35.10000000000000142 ) ;
#868 = AXIS2_PLACEMENT_3D ( 'NONE', #3034, #3290, #2695 ) ;
#869 = CARTESIAN_POINT ( 'NONE',  ( 0.4586564766822265882, 3.200000000000000178, -18.13617512155554934 ) ) ;
#870 = DIRECTION ( 'NONE',  ( 0.000000000000000000, 0.000000000000000000, 1.000000000000000000 ) ) ;
#871 = LINE ( 'NONE', #1668, #1899 ) ;
#872 = DIRECTION ( 'NONE',  ( 0.8090169943749478954, 0.000000000000000000, -0.5877852522924723599 ) ) ;
#873 = ORIENTED_EDGE ( 'NONE', *, *, #3416, .T. ) ;
#874 = ORIENTED_EDGE ( 'NONE', *, *, #944, .T. ) ;
#875 = CARTESIAN_POINT ( 'NONE',  ( 0.000000000000000000, 11.00000000000000178, -25.50000000000000355 ) ) ;
#876 = AXIS2_PLACEMENT_3D ( 'NONE', #502, #2424, #3560 ) ;
#877 = CARTESIAN_POINT ( 'NONE',  ( 17.51714490907110644, 0.000000000000000000, 17.29059455641041154 ) ) ;
#878 = ADVANCED_FACE ( 'NONE', ( #2504 ), #3414, .T. ) ;
#879 = ORIENTED_EDGE ( 'NONE', *, *, #2882, .F. ) ;
#880 = EDGE_CURVE ( 'NONE', #161, #2054, #2794, .T. ) ;
#881 = AXIS2_PLACEMENT_3D ( 'NONE', #627, #1745, #3428 ) ;
#882 = DIRECTION ( 'NONE',  ( 0.000000000000000000, -1.000000000000000000, 0.000000000000000000 ) ) ;
#883 = EDGE_LOOP ( 'NONE', ( #1506, #928 ) ) ;
#884 = DIRECTION ( 'NONE',  ( -0.000000000000000000, 1.000000000000000000, -0.000000000000000000 ) ) ;
#885 = LINE ( 'NONE', #2223, #2838 ) ;
#886 = DIRECTION ( 'NONE',  ( 0.000000000000000000, 0.000000000000000000, -1.000000000000000000 ) ) ;
#887 = CARTESIAN_POINT ( 'NONE',  ( 0.000000000000000000, 3.200000000000000178, -22.50000000000000000 ) ) ;
#888 = DIRECTION ( 'NONE',  ( 0.000000000000000000, 1.000000000000000000, 0.000000000000000000 ) ) ;
#889 = CARTESIAN_POINT ( 'NONE',  ( 1.849216666712503340E-15, 7.000000000000000000, 15.09999999999999964 ) ) ;
#890 = ORIENTED_EDGE ( 'NONE', *, *, #1157, .T. ) ;
#891 = ORIENTED_EDGE ( 'NONE', *, *, #427, .F. ) ;
#892 = VERTEX_POINT ( 'NONE', #61 ) ;
#893 = DIRECTION ( 'NONE',  ( 0.000000000000000000, 1.000000000000000000, -0.000000000000000000 ) ) ;
#894 = DIRECTION ( 'NONE',  ( -0.9781476007338057999, 0.000000000000000000, 0.2079116908177581213 ) ) ;
#895 = ADVANCED_FACE ( 'NONE', ( #3138 ), #1185, .T. ) ;
#896 = VERTEX_POINT ( 'NONE', #1656 ) ;
#897 = CIRCLE ( 'NONE', #2299, 4.000000000000000000 ) ;
#898 = EDGE_CURVE ( 'NONE', #1692, #826, #1975, .T. ) ;
#899 = CARTESIAN_POINT ( 'NONE',  ( 16.16122096793336382, 0.000000000000000000, 21.46369934771182386 ) ) ;
#900 = EDGE_CURVE ( 'NONE', #2072, #2586, #687, .T. ) ;
#901 = ORIENTED_EDGE ( 'NONE', *, *, #786, .T. ) ;
#902 = DIRECTION ( 'NONE',  ( 0.000000000000000000, 1.000000000000000000, 0.000000000000000000 ) ) ;
#903 = LINE ( 'NONE', #391, #2408 ) ;
#904 = DIRECTION ( 'NONE',  ( 0.2079116908177588430, 0.000000000000000000, -0.9781476007338057999 ) ) ;
#905 = DIRECTION ( 'NONE',  ( 0.1045284632676533876, 0.000000000000000000, -0.9945218953682734009 ) ) ;
#906 = FACE_OUTER_BOUND ( 'NONE', #3506, .T. ) ;
#907 = ORIENTED_EDGE ( 'NONE', *, *, #667, .F. ) ;
#908 = ORIENTED_EDGE ( 'NONE', *, *, #2083, .T. ) ;
#909 = EDGE_LOOP ( 'NONE', ( #1322, #1878, #353, #430 ) ) ;
#910 = CARTESIAN_POINT ( 'NONE',  ( 13.22516817658064880, 3.200000000000000178, 16.07788237343631366 ) ) ;
#911 = DIRECTION ( 'NONE',  ( 0.000000000000000000, 1.000000000000000000, 0.000000000000000000 ) ) ;
#912 = VECTOR ( 'NONE', #2740, 999.9999999999998863 ) ;
#913 = ORIENTED_EDGE ( 'NONE', *, *, #3235, .F. ) ;
#914 = CIRCLE ( 'NONE', #1373, 4.000000000000000000 ) ;
#915 = AXIS2_PLACEMENT_3D ( 'NONE', #1289, #1655, #2134 ) ;
#916 = CARTESIAN_POINT ( 'NONE',  ( 1.971681346627237700E-15, 0.000000000000000000, 16.09999999999999076 ) ) ;
#917 = EDGE_LOOP ( 'NONE', ( #440, #2829 ) ) ;
#918 = LINE ( 'NONE', #2587, #800 ) ;
#919 = CARTESIAN_POINT ( 'NONE',  ( 0.000000000000000000, 7.000000000000000000, -12.50000000000000000 ) ) ;
#920 = EDGE_CURVE ( 'NONE', #2426, #489, #3452, .T. ) ;
#921 = EDGE_CURVE ( 'NONE', #2897, #1623, #1785, .T. ) ;
#922 = CARTESIAN_POINT ( 'NONE',  ( 3.469446951953614189E-15, 0.000000000000000000, 27.90000000000000213 ) ) ;
#923 = DIRECTION ( 'NONE',  ( -0.000000000000000000, -1.000000000000000000, -0.000000000000000000 ) ) ;
#924 = CIRCLE ( 'NONE', #3100, 35.10000000000000142 ) ;
#925 = ORIENTED_EDGE ( 'NONE', *, *, #1405, .T. ) ;
#926 = VECTOR ( 'NONE', #691, 1000.000000000000000 ) ;
#927 = VERTEX_POINT ( 'NONE', #1770 ) ;
#928 = ORIENTED_EDGE ( 'NONE', *, *, #2413, .F. ) ;
#929 = LINE ( 'NONE', #1199, #1260 ) ;
#930 = DIRECTION ( 'NONE',  ( -0.000000000000000000, -1.000000000000000000, -0.000000000000000000 ) ) ;
#931 = ORIENTED_EDGE ( 'NONE', *, *, #734, .F. ) ;
#932 = CIRCLE ( 'NONE', #636, 2.099999999999997868 ) ;
#933 = DIRECTION ( 'NONE',  ( -0.8090169943749470072, 0.000000000000000000, -0.5877852522924735812 ) ) ;
#934 = VECTOR ( 'NONE', #2845, 999.9999999999998863 ) ;
#935 = ORIENTED_EDGE ( 'NONE', *, *, #3392, .F. ) ;
#936 = AXIS2_PLACEMENT_3D ( 'NONE', #1629, #2143, #195 ) ;
#937 = DIRECTION ( 'NONE',  ( -0.000000000000000000, -1.000000000000000000, -0.000000000000000000 ) ) ;
#938 = LINE ( 'NONE', #2362, #2955 ) ;
#939 = ADVANCED_FACE ( 'NONE', ( #1221 ), #398, .F. ) ;
#940 = VECTOR ( 'NONE', #997, 999.9999999999998863 ) ;
#941 = DIRECTION ( 'NONE',  ( 0.000000000000000000, 1.000000000000000000, -0.000000000000000000 ) ) ;
#942 = CARTESIAN_POINT ( 'NONE',  ( 9.184850993605145972E-16, 7.000000000000000000, -7.500000000000000000 ) ) ;
#943 = EDGE_CURVE ( 'NONE', #1693, #3554, #2038, .T. ) ;
#944 = EDGE_CURVE ( 'NONE', #311, #259, #2892, .T. ) ;
#945 = VERTEX_POINT ( 'NONE', #2324 ) ;
#946 = ORIENTED_EDGE ( 'NONE', *, *, #2866, .T. ) ;
#947 = VERTEX_POINT ( 'NONE', #382 ) ;
#948 = FACE_BOUND ( 'NONE', #2693, .T. ) ;
#949 = DIRECTION ( 'NONE',  ( 8.673617379884035472E-16, 0.000000000000000000, 1.000000000000000000 ) ) ;
#950 = ADVANCED_FACE ( 'NONE', ( #127 ), #1753, .T. ) ;
#951 = ORIENTED_EDGE ( 'NONE', *, *, #1077, .T. ) ;
#952 = CARTESIAN_POINT ( 'NONE',  ( 34.03662625158474242, 14.50000000000000000, 8.574268097623965801 ) ) ;
#953 = CIRCLE ( 'NONE', #134, 2.124999999999998224 ) ;
#954 = ORIENTED_EDGE ( 'NONE', *, *, #1209, .T. ) ;
#955 = CARTESIAN_POINT ( 'NONE',  ( 21.39877161664095695, 3.200000000000000178, -9.077882373436322538 ) ) ;
#956 = CARTESIAN_POINT ( 'NONE',  ( 25.98076211353316367, 14.50000000000000000, 12.89999999999998970 ) ) ;
#957 = LINE ( 'NONE', #116, #3597 ) ;
#958 = DIRECTION ( 'NONE',  ( 0.000000000000000000, 1.000000000000000000, 0.000000000000000000 ) ) ;
#959 = CARTESIAN_POINT ( 'NONE',  ( 25.98076211353315657, 11.00000000000000178, -15.00000000000000355 ) ) ;
#960 = ORIENTED_EDGE ( 'NONE', *, *, #3216, .T. ) ;
#961 = EDGE_CURVE ( 'NONE', #2746, #770, #577, .T. ) ;
#962 = ORIENTED_EDGE ( 'NONE', *, *, #2375, .T. ) ;
#963 = ORIENTED_EDGE ( 'NONE', *, *, #2790, .F. ) ;
#964 = FACE_BOUND ( 'NONE', #917, .T. ) ;
#965 = DIRECTION ( 'NONE',  ( 0.000000000000000000, 1.000000000000000000, 0.000000000000000000 ) ) ;
#966 = DESIGN_CONTEXT ( 'detailed design', #2138, 'design' ) ;
#967 = ORIENTED_EDGE ( 'NONE', *, *, #1563, .T. ) ;
#968 = EDGE_CURVE ( 'NONE', #1003, #2452, #3504, .T. ) ;
#969 = CARTESIAN_POINT ( 'NONE',  ( -9.592779134391939522, 14.50000000000000000, 33.76371704180057520 ) ) ;
#970 = ORIENTED_EDGE ( 'NONE', *, *, #80, .T. ) ;
#971 = AXIS2_PLACEMENT_3D ( 'NONE', #798, #2747, #1343 ) ;
#972 = VERTEX_POINT ( 'NONE', #2060 ) ;
#973 = VECTOR ( 'NONE', #307, 1000.000000000000000 ) ;
#974 = LINE ( 'NONE', #3218, #2147 ) ;
#975 = CARTESIAN_POINT ( 'NONE',  ( 2.571758278209441957E-16, 14.50000000000000000, -27.89999999999999858 ) ) ;
#976 = AXIS2_PLACEMENT_3D ( 'NONE', #1065, #1573, #3253 ) ;
#977 = DIRECTION ( 'NONE',  ( -0.9135454576426004225, 0.000000000000000000, -0.4067366430758009299 ) ) ;
#978 = FACE_OUTER_BOUND ( 'NONE', #1347, .T. ) ;
#979 = ORIENTED_EDGE ( 'NONE', *, *, #11, .T. ) ;
#980 = EDGE_LOOP ( 'NONE', ( #1601, #639, #2126, #1250 ) ) ;
#981 = CIRCLE ( 'NONE', #3044, 2.124999999999998224 ) ;
#982 = ORIENTED_EDGE ( 'NONE', *, *, #2929, .T. ) ;
#983 = DIRECTION ( 'NONE',  ( -0.000000000000000000, 1.000000000000000000, 0.000000000000000000 ) ) ;
#984 = DIRECTION ( 'NONE',  ( 0.000000000000000000, 0.000000000000000000, 1.000000000000000000 ) ) ;
#985 = AXIS2_PLACEMENT_3D ( 'NONE', #3002, #1898, #3620 ) ;
#986 = VERTEX_POINT ( 'NONE', #3192 ) ;
#987 = AXIS2_PLACEMENT_3D ( 'NONE', #1115, #1130, #1736 ) ;
#988 = CYLINDRICAL_SURFACE ( 'NONE', #1561, 2.124999999999998224 ) ;
#989 = ORIENTED_EDGE ( 'NONE', *, *, #563, .F. ) ;
#990 = ADVANCED_FACE ( 'NONE', ( #417 ), #1528, .F. ) ;
#991 = EDGE_CURVE ( 'NONE', #1994, #2541, #3400, .T. ) ;
#992 = EDGE_LOOP ( 'NONE', ( #1572, #2529, #1307, #209, #1468, #331 ) ) ;
#993 = FACE_OUTER_BOUND ( 'NONE', #1618, .T. ) ;
#994 = DIRECTION ( 'NONE',  ( 0.000000000000000000, -1.000000000000000000, 0.000000000000000000 ) ) ;
#995 = VECTOR ( 'NONE', #3158, 1000.000000000000227 ) ;
#996 = CARTESIAN_POINT ( 'NONE',  ( 25.98076211353319565, 14.50000000000000000, -10.49999999999993960 ) ) ;
#997 = DIRECTION ( 'NONE',  ( 0.3090169943749475623, 0.000000000000000000, 0.9510565162951536422 ) ) ;
#998 = VERTEX_POINT ( 'NONE', #2094 ) ;
#999 = DIRECTION ( 'NONE',  ( -0.9135454576425997564, 0.000000000000000000, 0.4067366430758027063 ) ) ;
#1000 = EDGE_LOOP ( 'NONE', ( #2265, #1019, #3437, #2108 ) ) ;
#1001 = DIRECTION ( 'NONE',  ( -0.000000000000000000, 1.000000000000000000, -0.000000000000000000 ) ) ;
#1002 = DIRECTION ( 'NONE',  ( -0.9781476007338055778, 0.000000000000000000, 0.2079116908177592593 ) ) ;
#1003 = VERTEX_POINT ( 'NONE', #3230 ) ;
#1004 = ORIENTED_EDGE ( 'NONE', *, *, #3106, .F. ) ;
#1005 = DIRECTION ( 'NONE',  ( 0.000000000000000000, 0.000000000000000000, 1.000000000000000000 ) ) ;
#1006 = ORIENTED_EDGE ( 'NONE', *, *, #2268, .T. ) ;
#1007 = EDGE_CURVE ( 'NONE', #420, #330, #237, .T. ) ;
#1008 = DIRECTION ( 'NONE',  ( -7.906918940721905052E-16, 0.000000000000000000, 1.000000000000000000 ) ) ;
#1009 = CIRCLE ( 'NONE', #1295, 2.099999999999997868 ) ;
#1010 = DIRECTION ( 'NONE',  ( 0.000000000000000000, 0.000000000000000000, -1.000000000000000000 ) ) ;
#1011 = EDGE_CURVE ( 'NONE', #2750, #2004, #1864, .T. ) ;
#1012 = CARTESIAN_POINT ( 'NONE',  ( 23.69235932559490720, 11.00000000000000178, -18.87468872042074963 ) ) ;
#1013 = CARTESIAN_POINT ( 'NONE',  ( 0.000000000000000000, 0.000000000000000000, -12.50000000000000000 ) ) ;
#1014 = ORIENTED_EDGE ( 'NONE', *, *, #1586, .F. ) ;
#1015 = DIRECTION ( 'NONE',  ( -0.000000000000000000, 1.000000000000000000, -0.000000000000000000 ) ) ;
#1016 = ORIENTED_EDGE ( 'NONE', *, *, #2559, .T. ) ;
#1017 = DIRECTION ( 'NONE',  ( -0.000000000000000000, 1.000000000000000000, -0.000000000000000000 ) ) ;
#1018 = CARTESIAN_POINT ( 'NONE',  ( -21.39877161664095695, 14.50000000000000000, -6.952882373436320762 ) ) ;
#1019 = ORIENTED_EDGE ( 'NONE', *, *, #1580, .F. ) ;
#1020 = ORIENTED_EDGE ( 'NONE', *, *, #2242, .T. ) ;
#1021 = CARTESIAN_POINT ( 'NONE',  ( -15.41909919950122898, 0.000000000000000000, 14.40288237343632360 ) ) ;
#1022 = CARTESIAN_POINT ( 'NONE',  ( 0.000000000000000000, 14.50000000000000000, 0.000000000000000000 ) ) ;
#1023 = FACE_OUTER_BOUND ( 'NONE', #2967, .T. ) ;
#1024 = FACE_OUTER_BOUND ( 'NONE', #1782, .T. ) ;
#1025 = AXIS2_PLACEMENT_3D ( 'NONE', #104, #941, #3185 ) ;
#1026 = AXIS2_PLACEMENT_3D ( 'NONE', #1167, #2288, #3413 ) ;
#1027 = CARTESIAN_POINT ( 'NONE',  ( 0.000000000000000000, 7.000000000000000000, -12.50000000000000000 ) ) ;
#1028 = VECTOR ( 'NONE', #2064, 999.9999999999998863 ) ;
#1029 = CARTESIAN_POINT ( 'NONE',  ( -17.61303022242179139, 3.200000000000000178, 18.20288237343632431 ) ) ;
#1030 = ADVANCED_FACE ( 'NONE', ( #3486 ), #2074, .F. ) ;
#1031 = EDGE_CURVE ( 'NONE', #2404, #161, #176, .T. ) ;
#1032 = VECTOR ( 'NONE', #1602, 1000.000000000000000 ) ;
#1033 = ORIENTED_EDGE ( 'NONE', *, *, #2837, .F. ) ;
#1034 = CARTESIAN_POINT ( 'NONE',  ( 24.94862658069927264, 0.000000000000000000, -4.373761773797014030 ) ) ;
#1035 = VERTEX_POINT ( 'NONE', #1821 ) ;
#1036 = DIRECTION ( 'NONE',  ( -0.000000000000000000, 1.000000000000000000, -0.000000000000000000 ) ) ;
#1037 = CYLINDRICAL_SURFACE ( 'NONE', #2756, 35.10000000000000142 ) ;
#1038 = ORIENTED_EDGE ( 'NONE', *, *, #1877, .F. ) ;
#1039 = ORIENTED_EDGE ( 'NONE', *, *, #2125, .T. ) ;
#1040 = DIRECTION ( 'NONE',  ( 0.000000000000000000, 1.000000000000000000, 0.000000000000000000 ) ) ;
#1041 = DIRECTION ( 'NONE',  ( 0.000000000000000000, 0.000000000000000000, 1.000000000000000000 ) ) ;
#1042 = ORIENTED_EDGE ( 'NONE', *, *, #1055, .T. ) ;
#1043 = AXIS2_PLACEMENT_3D ( 'NONE', #3436, #1173, #1401 ) ;
#1044 = ORIENTED_EDGE ( 'NONE', *, *, #1647, .F. ) ;
#1045 = DIRECTION ( 'NONE',  ( 0.000000000000000000, -0.000000000000000000, 1.000000000000000000 ) ) ;
#1046 = EDGE_LOOP ( 'NONE', ( #2691, #1660 ) ) ;
#1047 = VECTOR ( 'NONE', #200, 1000.000000000000000 ) ;
#1048 = DIRECTION ( 'NONE',  ( 0.000000000000000000, 1.000000000000000000, 0.000000000000000000 ) ) ;
#1049 = EDGE_CURVE ( 'NONE', #523, #2248, #2957, .T. ) ;
#1050 = CARTESIAN_POINT ( 'NONE',  ( 24.94862658069927264, 3.200000000000000178, -4.373761773797014030 ) ) ;
#1051 = ORIENTED_EDGE ( 'NONE', *, *, #2310, .T. ) ;
#1052 = EDGE_CURVE ( 'NONE', #1035, #2154, #3010, .T. ) ;
#1053 = CARTESIAN_POINT ( 'NONE',  ( -25.69074834913141103, 3.200000000000000178, -7.865170190462221989 ) ) ;
#1054 = EDGE_LOOP ( 'NONE', ( #414, #1496, #3001, #2113, #1491, #1839 ) ) ;
#1055 = EDGE_CURVE ( 'NONE', #1962, #2374, #1286, .T. ) ;
#1056 = CYLINDRICAL_SURFACE ( 'NONE', #3440, 3.999999999999999112 ) ;
#1057 = DIRECTION ( 'NONE',  ( -0.000000000000000000, 1.000000000000000000, -0.000000000000000000 ) ) ;
#1058 = VERTEX_POINT ( 'NONE', #2748 ) ;
#1059 = ADVANCED_FACE ( 'NONE', ( #761 ), #1037, .T. ) ;
#1060 = LINE ( 'NONE', #506, #3496 ) ;
#1061 = CYLINDRICAL_SURFACE ( 'NONE', #634, 35.10000000000000142 ) ;
#1062 = ORIENTED_EDGE ( 'NONE', *, *, #2417, .F. ) ;
#1063 = FACE_BOUND ( 'NONE', #3056, .T. ) ;
#1064 = DIRECTION ( 'NONE',  ( 0.000000000000000000, 0.000000000000000000, -1.000000000000000000 ) ) ;
#1065 = CARTESIAN_POINT ( 'NONE',  ( 10.82531754730548634, 14.50000000000000000, 6.249999999999998224 ) ) ;
#1066 = DIRECTION ( 'NONE',  ( 0.000000000000000000, 0.000000000000000000, 1.000000000000000000 ) ) ;
#1067 = CARTESIAN_POINT ( 'NONE',  ( -11.03123715366005975, 3.200000000000000178, 14.40288237343632538 ) ) ;
#1068 = VERTEX_POINT ( 'NONE', #721 ) ;
#1069 = DIRECTION ( 'NONE',  ( 0.000000000000000000, 0.000000000000000000, 1.000000000000000000 ) ) ;
#1070 = CARTESIAN_POINT ( 'NONE',  ( 0.000000000000000000, 14.50000000000000000, 0.000000000000000000 ) ) ;
#1071 = ADVANCED_FACE ( 'NONE', ( #1891 ), #2464, .F. ) ;
#1072 = EDGE_CURVE ( 'NONE', #2877, #1692, #2406, .T. ) ;
#1073 = ORIENTED_EDGE ( 'NONE', *, *, #2292, .F. ) ;
#1074 = ORIENTED_EDGE ( 'NONE', *, *, #712, .T. ) ;
#1075 = CARTESIAN_POINT ( 'NONE',  ( -10.82531754730548634, 14.50000000000000000, 6.249999999999998224 ) ) ;
#1076 = DIRECTION ( 'NONE',  ( -0.000000000000000000, -1.000000000000000000, -0.000000000000000000 ) ) ;
#1077 = EDGE_CURVE ( 'NONE', #525, #630, #2881, .T. ) ;
#1078 = VERTEX_POINT ( 'NONE', #1344 ) ;
#1079 = FACE_OUTER_BOUND ( 'NONE', #1132, .T. ) ;
#1080 = COORDINATED_UNIVERSAL_TIME_OFFSET ( 5, 0, .BEHIND. ) ;
#1081 = CARTESIAN_POINT ( 'NONE',  ( 34.03662625158479926, 14.50000000000000000, -8.574268097623727769 ) ) ;
#1082 = DIRECTION ( 'NONE',  ( 0.000000000000000000, 0.000000000000000000, 1.000000000000000000 ) ) ;
#1083 = AXIS2_PLACEMENT_3D ( 'NONE', #852, #888, #589 ) ;
#1084 = LINE ( 'NONE', #1940, #1226 ) ;
#1085 = CARTESIAN_POINT ( 'NONE',  ( -13.22516817658064525, 14.50000000000000000, 18.20288237343632076 ) ) ;
#1086 = VECTOR ( 'NONE', #2924, 1000.000000000000000 ) ;
#1087 = CARTESIAN_POINT ( 'NONE',  ( -3.549854964058325901, 3.200000000000000178, -19.92087940036069327 ) ) ;
#1088 = DIRECTION ( 'NONE',  ( 0.000000000000000000, -1.000000000000000000, 0.000000000000000000 ) ) ;
#1089 = ORIENTED_EDGE ( 'NONE', *, *, #1670, .F. ) ;
#1090 = ORIENTED_EDGE ( 'NONE', *, *, #3617, .F. ) ;
#1091 = DIRECTION ( 'NONE',  ( -0.000000000000000000, -1.000000000000000000, -0.000000000000000000 ) ) ;
#1092 = CYLINDRICAL_SURFACE ( 'NONE', #2568, 4.499999999999999112 ) ;
#1093 = EDGE_CURVE ( 'NONE', #3217, #3163, #1568, .T. ) ;
#1094 = CIRCLE ( 'NONE', #2498, 7.500000000000000000 ) ;
#1095 = ORIENTED_EDGE ( 'NONE', *, *, #299, .T. ) ;
#1096 = EDGE_CURVE ( 'NONE', #47, #2322, #2993, .T. ) ;
#1097 = VECTOR ( 'NONE', #1498, 1000.000000000000227 ) ;
#1098 = DIRECTION ( 'NONE',  ( -0.9135454576426014217, 0.000000000000000000, 0.4067366430757990980 ) ) ;
#1099 = APPROVAL_ROLE ( '' ) ;
#1100 = EDGE_CURVE ( 'NONE', #2846, #1202, #3263, .T. ) ;
#1101 = AXIS2_PLACEMENT_3D ( 'NONE', #3526, #384, #1005 ) ;
#1102 = FACE_OUTER_BOUND ( 'NONE', #1054, .T. ) ;
#1103 = DIRECTION ( 'NONE',  ( -0.5000000000000005551, 0.000000000000000000, 0.8660254037844382635 ) ) ;
#1104 = PRODUCT_DEFINITION_SHAPE ( 'NONE', 'NONE',  #2764 ) ;
#1105 = VECTOR ( 'NONE', #1472, 1000.000000000000000 ) ;
#1106 = DIRECTION ( 'NONE',  ( -0.3090169943749466186, 0.000000000000000000, -0.9510565162951538642 ) ) ;
#1107 = CARTESIAN_POINT ( 'NONE',  ( 3.549854964058310358, 0.000000000000000000, -25.07912059963931384 ) ) ;
#1108 = DIRECTION ( 'NONE',  ( 0.000000000000000000, 0.000000000000000000, 1.000000000000000000 ) ) ;
#1109 = CARTESIAN_POINT ( 'NONE',  ( -17.10679488415050287, 3.200000000000000178, -6.040594556410403548 ) ) ;
#1110 = AXIS2_PLACEMENT_3D ( 'NONE', #1613, #3519, #3591 ) ;
#1111 = EDGE_LOOP ( 'NONE', ( #62, #1014, #3136, #2422 ) ) ;
#1112 = ORIENTED_EDGE ( 'NONE', *, *, #1811, .T. ) ;
#1113 = DIRECTION ( 'NONE',  ( -0.000000000000000000, 1.000000000000000000, -0.000000000000000000 ) ) ;
#1114 = CARTESIAN_POINT ( 'NONE',  ( -8.837306130739486676, 3.200000000000000178, 18.20288237343632431 ) ) ;
#1115 = CARTESIAN_POINT ( 'NONE',  ( -30.15780844513644610, 11.00000000000000178, 7.597143528093743825 ) ) ;
#1116 = SHAPE_DEFINITION_REPRESENTATION ( #1104, #3012 ) ;
#1117 = EDGE_CURVE ( 'NONE', #2077, #2026, #1458, .T. ) ;
#1118 = ORIENTED_EDGE ( 'NONE', *, *, #1473, .F. ) ;
#1119 = DIRECTION ( 'NONE',  ( 0.000000000000000000, 0.000000000000000000, 1.000000000000000000 ) ) ;
#1120 = DIRECTION ( 'NONE',  ( -0.9510565162951538642, 0.000000000000000000, 0.3090169943749466186 ) ) ;
#1121 = CARTESIAN_POINT ( 'NONE',  ( 25.98076211353319565, 11.00000000000000178, -14.99999999999993960 ) ) ;
#1122 = FACE_OUTER_BOUND ( 'NONE', #540, .T. ) ;
#1123 = FACE_OUTER_BOUND ( 'NONE', #1802, .T. ) ;
#1124 = DIRECTION ( 'NONE',  ( 0.000000000000000000, 1.000000000000000000, 0.000000000000000000 ) ) ;
#1125 = VECTOR ( 'NONE', #3183, 1000.000000000000000 ) ;
#1126 = ORIENTED_EDGE ( 'NONE', *, *, #2713, .T. ) ;
#1127 = ORIENTED_EDGE ( 'NONE', *, *, #2240, .F. ) ;
#1128 = FACE_OUTER_BOUND ( 'NONE', #124, .T. ) ;
#1129 = CARTESIAN_POINT ( 'NONE',  ( 10.28911538522794089, 3.200000000000000178, 14.94206539916080168 ) ) ;
#1130 = DIRECTION ( 'NONE',  ( -0.000000000000000000, -1.000000000000000000, -0.000000000000000000 ) ) ;
#1131 = APPROVAL_DATE_TIME ( #2235, #2639 ) ;
#1132 = EDGE_LOOP ( 'NONE', ( #196, #2757, #1467, #841 ) ) ;
#1133 = LINE ( 'NONE', #2515, #1843 ) ;
#1134 = CARTESIAN_POINT ( 'NONE',  ( -25.98076211353315301, 0.000000000000000000, 15.00000000000001421 ) ) ;
#1135 = FACE_BOUND ( 'NONE', #3261, .T. ) ;
#1136 = CARTESIAN_POINT ( 'NONE',  ( 3.549854964058310358, 3.200000000000000178, -25.07912059963931384 ) ) ;
#1137 = LINE ( 'NONE', #343, #1952 ) ;
#1138 = ADVANCED_FACE ( 'NONE', ( #2992 ), #2689, .T. ) ;
#1139 = CARTESIAN_POINT ( 'NONE',  ( -8.499584931042219793, 14.50000000000000000, -29.91599999999999682 ) ) ;
#1140 = CIRCLE ( 'NONE', #335, 16.09999999999999076 ) ;
#1141 = EDGE_CURVE ( 'NONE', #486, #1951, #1752, .T. ) ;
#1142 = VECTOR ( 'NONE', #1594, 1000.000000000000000 ) ;
#1143 = ORIENTED_EDGE ( 'NONE', *, *, #37, .F. ) ;
#1144 = AXIS2_PLACEMENT_3D ( 'NONE', #2059, #2338, #2613 ) ;
#1145 = ORIENTED_EDGE ( 'NONE', *, *, #2414, .F. ) ;
#1146 = FACE_OUTER_BOUND ( 'NONE', #1972, .T. ) ;
#1147 = DIRECTION ( 'NONE',  ( -0.000000000000000000, -1.000000000000000000, -0.000000000000000000 ) ) ;
#1148 = AXIS2_PLACEMENT_3D ( 'NONE', #1719, #2343, #2855 ) ;
#1149 = ORIENTED_EDGE ( 'NONE', *, *, #3420, .F. ) ;
#1150 = AXIS2_PLACEMENT_3D ( 'NONE', #746, #1583, #1308 ) ;
#1151 = DIRECTION ( 'NONE',  ( 0.000000000000000000, 0.000000000000000000, 1.000000000000000000 ) ) ;
#1152 = PERSON_AND_ORGANIZATION_ROLE ( 'creator' ) ;
#1153 = ORIENTED_EDGE ( 'NONE', *, *, #1654, .F. ) ;
#1154 = CARTESIAN_POINT ( 'NONE',  ( 21.39877161664095695, 0.000000000000000000, -9.077882373436322538 ) ) ;
#1155 = CARTESIAN_POINT ( 'NONE',  ( 10.82531754730548634, 7.000000000000000000, 6.249999999999998224 ) ) ;
#1156 = CIRCLE ( 'NONE', #1621, 4.000000000000000000 ) ;
#1157 = EDGE_CURVE ( 'NONE', #2321, #1274, #2334, .T. ) ;
#1158 = FACE_OUTER_BOUND ( 'NONE', #130, .T. ) ;
#1159 = CARTESIAN_POINT ( 'NONE',  ( -13.22516817658064525, 14.50000000000000000, 18.20288237343632076 ) ) ;
#1160 = LINE ( 'NONE', #2245, #3320 ) ;
#1161 = LINE ( 'NONE', #3630, #179 ) ;
#1162 = ORIENTED_EDGE ( 'NONE', *, *, #3017, .T. ) ;
#1163 = ADVANCED_FACE ( 'NONE', ( #1326 ), #2446, .F. ) ;
#1164 = ORIENTED_EDGE ( 'NONE', *, *, #2242, .F. ) ;
#1165 = EDGE_CURVE ( 'NONE', #1575, #673, #3302, .T. ) ;
#1166 = EDGE_LOOP ( 'NONE', ( #246, #1118, #2296, #2071 ) ) ;
#1167 = CARTESIAN_POINT ( 'NONE',  ( 8.499584931042011959, 14.49999999999999822, 29.91600000000005721 ) ) ;
#1168 = AXIS2_PLACEMENT_3D ( 'NONE', #666, #2024, #705 ) ;
#1169 = CARTESIAN_POINT ( 'NONE',  ( 0.000000000000000000, 11.00000000000000000, 0.000000000000000000 ) ) ;
#1170 = ORIENTED_EDGE ( 'NONE', *, *, #207, .F. ) ;
#1171 = VECTOR ( 'NONE', #1430, 1000.000000000000000 ) ;
#1172 = EDGE_CURVE ( 'NONE', #330, #3554, #3317, .T. ) ;
#1173 = DIRECTION ( 'NONE',  ( -0.5877852522924736922, 0.000000000000000000, 0.8090169943749471182 ) ) ;
#1174 = ORIENTED_EDGE ( 'NONE', *, *, #943, .F. ) ;
#1175 = CARTESIAN_POINT ( 'NONE',  ( 0.000000000000000000, 7.000000000000000000, 0.000000000000000000 ) ) ;
#1176 = CARTESIAN_POINT ( 'NONE',  ( 25.98076211353315657, 11.00000000000000178, -15.00000000000000355 ) ) ;
#1177 = CARTESIAN_POINT ( 'NONE',  ( -21.65822351409389412, 11.00000000000000178, -22.31885647190621924 ) ) ;
#1178 = CARTESIAN_POINT ( 'NONE',  ( -22.75469555777869601, 0.000000000000000000, -11.12598716473773486 ) ) ;
#1179 = CYLINDRICAL_SURFACE ( 'NONE', #2632, 2.100000000000000977 ) ;
#1180 = VERTEX_POINT ( 'NONE', #3049 ) ;
#1181 = ORIENTED_EDGE ( 'NONE', *, *, #1992, .F. ) ;
#1182 = ORIENTED_EDGE ( 'NONE', *, *, #206, .F. ) ;
#1183 = AXIS2_PLACEMENT_3D ( 'NONE', #3491, #2298, #341 ) ;
#1184 = DIRECTION ( 'NONE',  ( 0.000000000000000000, 0.000000000000000000, 1.000000000000000000 ) ) ;
#1185 = CYLINDRICAL_SURFACE ( 'NONE', #65, 4.000000000000003553 ) ;
#1186 = EDGE_CURVE ( 'NONE', #1078, #972, #521, .T. ) ;
#1187 = VERTEX_POINT ( 'NONE', #1360 ) ;
#1188 = FACE_OUTER_BOUND ( 'NONE', #3411, .T. ) ;
#1189 = EDGE_CURVE ( 'NONE', #525, #2286, #3098, .T. ) ;
#1190 = EDGE_CURVE ( 'NONE', #2063, #927, #2538, .T. ) ;
#1191 = ORIENTED_EDGE ( 'NONE', *, *, #2619, .T. ) ;
#1192 = DIRECTION ( 'NONE',  ( 0.000000000000000000, 1.000000000000000000, 0.000000000000000000 ) ) ;
#1193 = LINE ( 'NONE', #2314, #1824 ) ;
#1194 = LINE ( 'NONE', #2605, #3555 ) ;
#1195 = DIRECTION ( 'NONE',  ( -0.4067366430758011520, 0.000000000000000000, 0.9135454576426005335 ) ) ;
#1196 = VERTEX_POINT ( 'NONE', #1944 ) ;
#1197 = ORIENTED_EDGE ( 'NONE', *, *, #306, .F. ) ;
#1198 = ORIENTED_EDGE ( 'NONE', *, *, #790, .T. ) ;
#1199 = CARTESIAN_POINT ( 'NONE',  ( 10.28911538522794089, 0.000000000000000000, 14.94206539916080168 ) ) ;
#1200 = CARTESIAN_POINT ( 'NONE',  ( 3.469446951953614189E-15, 14.50000000000000000, 30.00000000000000000 ) ) ;
#1201 = CIRCLE ( 'NONE', #674, 2.124999999999999112 ) ;
#1202 = VERTEX_POINT ( 'NONE', #2865 ) ;
#1203 = CIRCLE ( 'NONE', #2319, 4.000000000000000000 ) ;
#1204 = CIRCLE ( 'NONE', #1263, 4.499999999999997335 ) ;
#1205 = ADVANCED_FACE ( 'NONE', ( #1708 ), #2809, .F. ) ;
#1206 = DIRECTION ( 'NONE',  ( -0.000000000000000000, 1.000000000000000000, -0.000000000000000000 ) ) ;
#1207 = ORIENTED_EDGE ( 'NONE', *, *, #3596, .T. ) ;
#1208 = ADVANCED_FACE ( 'NONE', ( #1979 ), #3340, .F. ) ;
#1209 = EDGE_CURVE ( 'NONE', #2720, #161, #638, .T. ) ;
#1210 = FACE_OUTER_BOUND ( 'NONE', #2905, .T. ) ;
#1211 = DIRECTION ( 'NONE',  ( -0.000000000000000000, -1.000000000000000000, -0.000000000000000000 ) ) ;
#1212 = VECTOR ( 'NONE', #552, 1000.000000000000000 ) ;
#1213 = EDGE_CURVE ( 'NONE', #3231, #523, #345, .T. ) ;
#1214 = CARTESIAN_POINT ( 'NONE',  ( 0.000000000000000000, 14.50000000000000000, 0.000000000000000000 ) ) ;
#1215 = DIRECTION ( 'NONE',  ( 0.8090169943749478954, 0.000000000000000000, -0.5877852522924723599 ) ) ;
#1216 = ORIENTED_EDGE ( 'NONE', *, *, #2032, .T. ) ;
#1217 = VECTOR ( 'NONE', #933, 1000.000000000000114 ) ;
#1218 = ORIENTED_EDGE ( 'NONE', *, *, #1449, .T. ) ;
#1219 = ORIENTED_EDGE ( 'NONE', *, *, #3216, .F. ) ;
#1220 = PLANE ( 'NONE',  #3147 ) ;
#1221 = FACE_OUTER_BOUND ( 'NONE', #2266, .T. ) ;
#1222 = VECTOR ( 'NONE', #844, 999.9999999999998863 ) ;
#1223 = EDGE_LOOP ( 'NONE', ( #1197, #3277, #982, #1914 ) ) ;
#1224 = AXIS2_PLACEMENT_3D ( 'NONE', #2389, #965, #2669 ) ;
#1225 = CARTESIAN_POINT ( 'NONE',  ( -23.69235932559504221, 11.00000000000000178, 18.87468872042058621 ) ) ;
#1226 = VECTOR ( 'NONE', #1687, 1000.000000000000000 ) ;
#1227 = EDGE_LOOP ( 'NONE', ( #234, #3067 ) ) ;
#1228 = CYLINDRICAL_SURFACE ( 'NONE', #1148, 2.125000000000000000 ) ;
#1229 = DIRECTION ( 'NONE',  ( 0.000000000000000000, 0.000000000000000000, -1.000000000000000000 ) ) ;
#1230 = CARTESIAN_POINT ( 'NONE',  ( -8.499584931042219793, 11.00000000000000000, -29.91599999999999682 ) ) ;
#1231 = ADVANCED_FACE ( 'NONE', ( #3066, #3116 ), #2480, .T. ) ;
#1232 = DIRECTION ( 'NONE',  ( 0.4067366430758009854, 0.000000000000000000, -0.9135454576426005335 ) ) ;
#1233 = CARTESIAN_POINT ( 'NONE',  ( 25.40728305738150894, 3.200000000000000178, -8.737586652241464691 ) ) ;
#1234 = ADVANCED_FACE ( 'NONE', ( #3409 ), #2499, .F. ) ;
#1235 = ORIENTED_EDGE ( 'NONE', *, *, #3282, .F. ) ;
#1236 = ORIENTED_EDGE ( 'NONE', *, *, #2882, .T. ) ;
#1237 = EDGE_LOOP ( 'NONE', ( #2327, #1965, #275, #925 ) ) ;
#1238 = CARTESIAN_POINT ( 'NONE',  ( -28.19213958320531788, 11.00000000000000178, -11.08084069134423011 ) ) ;
#1239 = DIRECTION ( 'NONE',  ( 0.000000000000000000, 1.000000000000000000, 0.000000000000000000 ) ) ;
#1240 = ORIENTED_EDGE ( 'NONE', *, *, #3128, .T. ) ;
#1241 = FACE_OUTER_BOUND ( 'NONE', #608, .T. ) ;
#1242 = ORIENTED_EDGE ( 'NONE', *, *, #231, .F. ) ;
#1243 = ORIENTED_EDGE ( 'NONE', *, *, #1213, .F. ) ;
#1244 = CARTESIAN_POINT ( 'NONE',  ( -17.10679488415050287, 3.200000000000000178, -6.040594556410403548 ) ) ;
#1245 = CARTESIAN_POINT ( 'NONE',  ( 4.499780257610376921, 11.00000000000000178, 29.95552941176473638 ) ) ;
#1246 = DIRECTION ( 'NONE',  ( -0.000000000000000000, -1.000000000000000000, -0.000000000000000000 ) ) ;
#1247 = EDGE_CURVE ( 'NONE', #3396, #3217, #1514, .T. ) ;
#1248 = CARTESIAN_POINT ( 'NONE',  ( 10.28911538522794089, 0.000000000000000000, 14.94206539916080168 ) ) ;
#1249 = VERTEX_POINT ( 'NONE', #2788 ) ;
#1250 = ORIENTED_EDGE ( 'NONE', *, *, #3062, .F. ) ;
#1251 = EDGE_CURVE ( 'NONE', #2978, #2846, #1980, .T. ) ;
#1252 = EDGE_LOOP ( 'NONE', ( #1181, #3412, #1288, #935 ) ) ;
#1253 = EDGE_CURVE ( 'NONE', #2022, #1598, #270, .T. ) ;
#1254 = CARTESIAN_POINT ( 'NONE',  ( 25.98076211353315657, 14.50000000000000000, -12.90000000000000568 ) ) ;
#1255 = DIRECTION ( 'NONE',  ( 0.000000000000000000, 0.000000000000000000, -1.000000000000000000 ) ) ;
#1256 = EDGE_LOOP ( 'NONE', ( #3483, #1547, #58, #1641 ) ) ;
#1257 = CYLINDRICAL_SURFACE ( 'NONE', #3161, 35.10000000000000142 ) ;
#1258 = ORIENTED_EDGE ( 'NONE', *, *, #2573, .T. ) ;
#1259 = CIRCLE ( 'NONE', #3324, 35.10000000000000142 ) ;
#1260 = VECTOR ( 'NONE', #2354, 1000.000000000000114 ) ;
#1261 = DIRECTION ( 'NONE',  ( 0.000000000000000000, 0.000000000000000000, 1.000000000000000000 ) ) ;
#1262 = CYLINDRICAL_SURFACE ( 'NONE', #1590, 2.100000000000004530 ) ;
#1263 = AXIS2_PLACEMENT_3D ( 'NONE', #265, #2549, #2802 ) ;
#1264 = DIRECTION ( 'NONE',  ( 0.000000000000000000, 1.000000000000000000, 0.000000000000000000 ) ) ;
#1265 = CARTESIAN_POINT ( 'NONE',  ( -25.98076211353316012, 0.000000000000000000, -12.90000000000000213 ) ) ;
#1266 = EDGE_CURVE ( 'NONE', #169, #1003, #36, .T. ) ;
#1267 = EDGE_LOOP ( 'NONE', ( #858, #528, #1718, #743 ) ) ;
#1268 = DIRECTION ( 'NONE',  ( -0.000000000000000000, -1.000000000000000000, -0.000000000000000000 ) ) ;
#1269 = ORIENTED_EDGE ( 'NONE', *, *, #1072, .F. ) ;
#1270 = DIRECTION ( 'NONE',  ( 0.000000000000000000, 0.000000000000000000, -1.000000000000000000 ) ) ;
#1271 = DIRECTION ( 'NONE',  ( 0.000000000000000000, 1.000000000000000000, 0.000000000000000000 ) ) ;
#1272 = EDGE_CURVE ( 'NONE', #73, #55, #3371, .T. ) ;
#1273 = ORIENTED_EDGE ( 'NONE', *, *, #2368, .T. ) ;
#1274 = VERTEX_POINT ( 'NONE', #54 ) ;
#1275 = AXIS2_PLACEMENT_3D ( 'NONE', #1603, #2450, #3585 ) ;
#1276 = DIRECTION ( 'NONE',  ( 0.000000000000000000, 1.000000000000000000, 0.000000000000000000 ) ) ;
#1277 = ORIENTED_EDGE ( 'NONE', *, *, #280, .F. ) ;
#1278 = FACE_OUTER_BOUND ( 'NONE', #1166, .T. ) ;
#1279 = DIRECTION ( 'NONE',  ( -0.000000000000000000, -1.000000000000000000, -0.000000000000000000 ) ) ;
#1280 = LINE ( 'NONE', #3570, #912 ) ;
#1281 = CARTESIAN_POINT ( 'NONE',  ( 24.44384711719313330, 14.50000000000000000, -25.18944894417677105 ) ) ;
#1282 = ORIENTED_EDGE ( 'NONE', *, *, #2690, .T. ) ;
#1283 = CARTESIAN_POINT ( 'NONE',  ( -21.65822351409436664, 11.00000000000000000, 22.31885647190576449 ) ) ;
#1284 = ORIENTED_EDGE ( 'NONE', *, *, #3257, .F. ) ;
#1285 = DIRECTION ( 'NONE',  ( 0.4999999999999993339, 0.000000000000000000, 0.8660254037844389297 ) ) ;
#1286 = LINE ( 'NONE', #2706, #409 ) ;
#1287 = EDGE_LOOP ( 'NONE', ( #1381, #1544 ) ) ;
#1288 = ORIENTED_EDGE ( 'NONE', *, *, #806, .F. ) ;
#1289 = CARTESIAN_POINT ( 'NONE',  ( 21.39877161664095695, 0.000000000000000000, -6.952882373436318986 ) ) ;
#1290 = FACE_OUTER_BOUND ( 'NONE', #3234, .T. ) ;
#1291 = ORIENTED_EDGE ( 'NONE', *, *, #3062, .T. ) ;
#1292 = EDGE_CURVE ( 'NONE', #3291, #373, #3133, .T. ) ;
#1293 = EDGE_CURVE ( 'NONE', #2063, #73, #1161, .T. ) ;
#1294 = DIRECTION ( 'NONE',  ( 0.000000000000000000, -1.000000000000000000, 0.000000000000000000 ) ) ;
#1295 = AXIS2_PLACEMENT_3D ( 'NONE', #1176, #2638, #408 ) ;
#1296 = DIRECTION ( 'NONE',  ( 0.000000000000000000, 1.000000000000000000, 0.000000000000000000 ) ) ;
#1297 = EDGE_CURVE ( 'NONE', #1249, #2063, #1411, .T. ) ;
#1298 =( GEOMETRIC_REPRESENTATION_CONTEXT ( 3 ) GLOBAL_UNCERTAINTY_ASSIGNED_CONTEXT ( ( #2893 ) ) GLOBAL_UNIT_ASSIGNED_CONTEXT ( ( #2435, #2380, #1314 ) ) REPRESENTATION_CONTEXT ( 'NONE', 'WORKASPACE' ) );
#1299 = DIRECTION ( 'NONE',  ( -3.469446951953614189E-15, 0.000000000000000000, 1.000000000000000000 ) ) ;
#1300 = DIRECTION ( 'NONE',  ( -0.000000000000000000, -1.000000000000000000, -0.000000000000000000 ) ) ;
#1301 = VERTEX_POINT ( 'NONE', #2283 ) ;
#1302 = CARTESIAN_POINT ( 'NONE',  ( 0.000000000000000000, 10.00000000000000000, 0.000000000000000000 ) ) ;
#1303 = VERTEX_POINT ( 'NONE', #889 ) ;
#1304 = DIRECTION ( 'NONE',  ( 0.000000000000000000, 1.000000000000000000, 0.000000000000000000 ) ) ;
#1305 = CARTESIAN_POINT ( 'NONE',  ( -8.499584931042219793, 14.49999999999999822, -33.91600000000000392 ) ) ;
#1306 = ORIENTED_EDGE ( 'NONE', *, *, #1968, .F. ) ;
#1307 = ORIENTED_EDGE ( 'NONE', *, *, #2487, .F. ) ;
#1308 = DIRECTION ( 'NONE',  ( 0.000000000000000000, 0.000000000000000000, 1.000000000000000000 ) ) ;
#1309 = CARTESIAN_POINT ( 'NONE',  ( -28.19213958320555591, 11.00000000000000178, 11.08084069134363325 ) ) ;
#1310 = EDGE_CURVE ( 'NONE', #227, #2750, #1726, .T. ) ;
#1311 = ORIENTED_EDGE ( 'NONE', *, *, #2102, .F. ) ;
#1312 = CARTESIAN_POINT ( 'NONE',  ( 0.000000000000000000, 11.00000000000000000, 0.000000000000000000 ) ) ;
#1313 = CIRCLE ( 'NONE', #3200, 3.999999999999999112 ) ;
#1314 =( NAMED_UNIT ( * ) SI_UNIT ( $, .STERADIAN. ) SOLID_ANGLE_UNIT ( ) );
#1315 = CIRCLE ( 'NONE', #98, 4.499999999999999112 ) ;
#1316 = EDGE_CURVE ( 'NONE', #842, #214, #6, .T. ) ;
#1317 = ADVANCED_FACE ( 'NONE', ( #906 ), #1179, .F. ) ;
#1318 = CARTESIAN_POINT ( 'NONE',  ( -25.98076211353316012, 14.50000000000000000, -17.10000000000000497 ) ) ;
#1319 = AXIS2_PLACEMENT_3D ( 'NONE', #566, #247, #304 ) ;
#1320 = DIRECTION ( 'NONE',  ( 0.000000000000000000, 1.000000000000000000, 0.000000000000000000 ) ) ;
#1321 = ADVANCED_FACE ( 'NONE', ( #3153 ), #72, .F. ) ;
#1322 = ORIENTED_EDGE ( 'NONE', *, *, #298, .F. ) ;
#1323 = CARTESIAN_POINT ( 'NONE',  ( 21.39877161664095695, 14.50000000000000000, -6.952882373436318986 ) ) ;
#1324 = ORIENTED_EDGE ( 'NONE', *, *, #849, .T. ) ;
#1325 = CARTESIAN_POINT ( 'NONE',  ( 0.000000000000000000, 11.00000000000000000, 0.000000000000000000 ) ) ;
#1326 = FACE_OUTER_BOUND ( 'NONE', #291, .T. ) ;
#1327 = ORIENTED_EDGE ( 'NONE', *, *, #599, .T. ) ;
#1328 = CARTESIAN_POINT ( 'NONE',  ( 0.000000000000000000, 14.50000000000000000, 0.000000000000000000 ) ) ;
#1329 = PLANE ( 'NONE',  #1447 ) ;
#1330 = VECTOR ( 'NONE', #2797, 1000.000000000000000 ) ;
#1331 = AXIS2_PLACEMENT_3D ( 'NONE', #3180, #1276, #3488 ) ;
#1332 = ORIENTED_EDGE ( 'NONE', *, *, #189, .T. ) ;
#1333 = DIRECTION ( 'NONE',  ( 0.5877852522924742473, 0.000000000000000000, -0.8090169943749466741 ) ) ;
#1334 = AXIS2_PLACEMENT_3D ( 'NONE', #77, #2270, #1438 ) ;
#1335 = ORIENTED_EDGE ( 'NONE', *, *, #2069, .F. ) ;
#1336 = AXIS2_PLACEMENT_3D ( 'NONE', #2650, #2044, #984 ) ;
#1337 = CARTESIAN_POINT ( 'NONE',  ( 21.65822351409405400, 14.50000000000000000, 22.31885647190607003 ) ) ;
#1338 = CARTESIAN_POINT ( 'NONE',  ( 0.000000000000000000, 14.50000000000000000, 0.000000000000000000 ) ) ;
#1339 = ADVANCED_FACE ( 'NONE', ( #233 ), #181, .F. ) ;
#1340 = AXIS2_PLACEMENT_3D ( 'NONE', #738, #1015, #2183 ) ;
#1341 = FACE_BOUND ( 'NONE', #3489, .T. ) ;
#1342 = EDGE_LOOP ( 'NONE', ( #39, #1369, #1588, #1577, #967, #2914, #1153, #383, #315, #3418, #205, #1871, #3243, #2360, #651, #2287, #148, #901, #1596, #3465, #74, #3008, #481, #3101, #2179, #2544, #1653, #1515, #434, #1364, #1837 ) ) ;
#1343 = DIRECTION ( 'NONE',  ( 0.000000000000000000, 0.000000000000000000, 1.000000000000000000 ) ) ;
#1344 = CARTESIAN_POINT ( 'NONE',  ( 17.84891665258264126, 3.200000000000000178, -9.532002973075632823 ) ) ;
#1345 = EDGE_CURVE ( 'NONE', #2541, #1994, #2221, .T. ) ;
#1346 = ORIENTED_EDGE ( 'NONE', *, *, #1117, .F. ) ;
#1347 = EDGE_LOOP ( 'NONE', ( #3225, #3401, #1380, #201 ) ) ;
#1348 = LINE ( 'NONE', #2468, #500 ) ;
#1349 = LINE ( 'NONE', #3601, #460 ) ;
#1350 = ORIENTED_EDGE ( 'NONE', *, *, #2487, .T. ) ;
#1351 = FACE_BOUND ( 'NONE', #3520, .T. ) ;
#1352 = CALENDAR_DATE ( 2026, 24, 8 ) ;
#1353 = ORIENTED_EDGE ( 'NONE', *, *, #2375, .F. ) ;
#1354 = PLANE ( 'NONE',  #3036 ) ;
#1355 = FACE_OUTER_BOUND ( 'NONE', #2356, .T. ) ;
#1356 = AXIS2_PLACEMENT_3D ( 'NONE', #178, #2163, #2401 ) ;
#1357 = CARTESIAN_POINT ( 'NONE',  ( -25.98076211353316012, 0.000000000000000000, -15.00000000000000355 ) ) ;
#1358 = DIRECTION ( 'NONE',  ( 0.000000000000000000, 1.000000000000000000, -0.000000000000000000 ) ) ;
#1359 = CARTESIAN_POINT ( 'NONE',  ( -25.98076211353298248, 11.00000000000000178, -15.00000000000030376 ) ) ;
#1360 = CARTESIAN_POINT ( 'NONE',  ( -28.19213958320555591, 14.50000000000000000, 11.08084069134363325 ) ) ;
#1361 = EDGE_LOOP ( 'NONE', ( #1801, #1311, #3069, #3030 ) ) ;
#1362 = ADVANCED_FACE ( 'NONE', ( #3299 ), #3280, .F. ) ;
#1363 = EDGE_CURVE ( 'NONE', #1623, #1415, #2461, .T. ) ;
#1364 = ORIENTED_EDGE ( 'NONE', *, *, #1007, .T. ) ;
#1365 = CYLINDRICAL_SURFACE ( 'NONE', #857, 7.500000000000000000 ) ;
#1366 = CARTESIAN_POINT ( 'NONE',  ( 0.000000000000000000, 7.000000000000000000, 0.000000000000000000 ) ) ;
#1367 = FACE_BOUND ( 'NONE', #2146, .T. ) ;
#1368 = APPROVAL_ROLE ( '' ) ;
#1369 = ORIENTED_EDGE ( 'NONE', *, *, #370, .T. ) ;
#1370 = FACE_OUTER_BOUND ( 'NONE', #66, .T. ) ;
#1371 = DIRECTION ( 'NONE',  ( -0.000000000000000000, -1.000000000000000000, -0.000000000000000000 ) ) ;
#1372 = AXIS2_PLACEMENT_3D ( 'NONE', #3493, #958, #3201 ) ;
#1373 = AXIS2_PLACEMENT_3D ( 'NONE', #1942, #2787, #1108 ) ;
#1374 = AXIS2_PLACEMENT_3D ( 'NONE', #3402, #2932, #358 ) ;
#1375 = DIRECTION ( 'NONE',  ( -0.000000000000000000, 1.000000000000000000, -0.000000000000000000 ) ) ;
#1376 = CARTESIAN_POINT ( 'NONE',  ( 0.000000000000000000, 14.50000000000000000, -30.00000000000000000 ) ) ;
#1377 = AXIS2_PLACEMENT_3D ( 'NONE', #2562, #2023, #293 ) ;
#1378 = DIRECTION ( 'NONE',  ( -0.6691306063588580155, 0.000000000000000000, -0.7431448254773944662 ) ) ;
#1379 = DIRECTION ( 'NONE',  ( -0.000000000000000000, 1.000000000000000000, -0.000000000000000000 ) ) ;
#1380 = ORIENTED_EDGE ( 'NONE', *, *, #3105, .F. ) ;
#1381 = ORIENTED_EDGE ( 'NONE', *, *, #1831, .T. ) ;
#1382 = DIRECTION ( 'NONE',  ( 0.000000000000000000, 0.000000000000000000, 1.000000000000000000 ) ) ;
#1383 = LINE ( 'NONE', #1695, #1685 ) ;
#1384 = EDGE_CURVE ( 'NONE', #1187, #630, #1853, .T. ) ;
#1385 = ORIENTED_EDGE ( 'NONE', *, *, #2219, .F. ) ;
#1386 = CARTESIAN_POINT ( 'NONE',  ( 25.40728305738150894, 3.200000000000000178, -8.737586652241464691 ) ) ;
#1387 = CIRCLE ( 'NONE', #2876, 7.500000000000000000 ) ;
#1388 = ORIENTED_EDGE ( 'NONE', *, *, #961, .T. ) ;
#1389 = PLANE ( 'NONE',  #278 ) ;
#1390 = DIRECTION ( 'NONE',  ( 0.000000000000000000, 0.000000000000000000, -1.000000000000000000 ) ) ;
#1391 = AXIS2_PLACEMENT_3D ( 'NONE', #1018, #1579, #741 ) ;
#1392 = DIRECTION ( 'NONE',  ( -0.000000000000000000, 1.000000000000000000, -0.000000000000000000 ) ) ;
#1393 = DIRECTION ( 'NONE',  ( 0.000000000000000000, 0.000000000000000000, 1.000000000000000000 ) ) ;
#1394 = CARTESIAN_POINT ( 'NONE',  ( 23.69235932559490720, 11.00000000000000178, -18.87468872042074963 ) ) ;
#1395 = DIRECTION ( 'NONE',  ( 0.000000000000000000, -0.000000000000000000, -1.000000000000000000 ) ) ;
#1396 = AXIS2_PLACEMENT_3D ( 'NONE', #1283, #1576, #2703 ) ;
#1397 = ORIENTED_EDGE ( 'NONE', *, *, #1316, .F. ) ;
#1398 = ORIENTED_EDGE ( 'NONE', *, *, #3011, .T. ) ;
#1399 = DIRECTION ( 'NONE',  ( -0.000000000000000000, -1.000000000000000000, -0.000000000000000000 ) ) ;
#1400 = DIRECTION ( 'NONE',  ( 0.000000000000000000, 1.000000000000000000, 0.000000000000000000 ) ) ;
#1401 = DIRECTION ( 'NONE',  ( 0.8090169943749470072, 0.000000000000000000, 0.5877852522924735812 ) ) ;
#1402 = CALENDAR_DATE ( 2026, 24, 8 ) ;
#1403 = ORIENTED_EDGE ( 'NONE', *, *, #695, .T. ) ;
#1404 = ADVANCED_FACE ( 'NONE', ( #1908 ), #718, .F. ) ;
#1405 = EDGE_CURVE ( 'NONE', #647, #1657, #2989, .T. ) ;
#1406 = CARTESIAN_POINT ( 'NONE',  ( 25.98076211353309262, 14.50000000000000000, 15.00000000000012257 ) ) ;
#1407 = FACE_OUTER_BOUND ( 'NONE', #2092, .T. ) ;
#1408 = FACE_OUTER_BOUND ( 'NONE', #3281, .T. ) ;
#1409 = DIRECTION ( 'NONE',  ( -0.3090169943749472847, 0.000000000000000000, 0.9510565162951536422 ) ) ;
#1410 = CARTESIAN_POINT ( 'NONE',  ( -10.82531754730548634, 7.000000000000000000, 8.374999999999996447 ) ) ;
#1411 = LINE ( 'NONE', #3388, #1809 ) ;
#1412 = AXIS2_PLACEMENT_3D ( 'NONE', #3475, #678, #3459 ) ;
#1413 = ORIENTED_EDGE ( 'NONE', *, *, #1696, .F. ) ;
#1414 = LOCAL_TIME ( 22, 49, 0.000000000000000000, #2473 ) ;
#1415 = VERTEX_POINT ( 'NONE', #2386 ) ;
#1416 = DIRECTION ( 'NONE',  ( -0.000000000000000000, 1.000000000000000000, -0.000000000000000000 ) ) ;
#1417 = DIRECTION ( 'NONE',  ( -0.3090169943749476733, 0.000000000000000000, 0.9510565162951535312 ) ) ;
#1418 = ORIENTED_EDGE ( 'NONE', *, *, #1630, .F. ) ;
#1419 = LINE ( 'NONE', #1697, #3454 ) ;
#1420 = APPLICATION_PROTOCOL_DEFINITION ( 'international standard', 'config_control_design', 1994, #1765 ) ;
#1421 = EDGE_CURVE ( 'NONE', #2877, #79, #2161, .T. ) ;
#1422 = ORIENTED_EDGE ( 'NONE', *, *, #1986, .F. ) ;
#1423 = LINE ( 'NONE', #1973, #1788 ) ;
#1424 = CARTESIAN_POINT ( 'NONE',  ( -8.837306130739486676, 0.000000000000000000, 18.20288237343632431 ) ) ;
#1425 = EDGE_CURVE ( 'NONE', #2337, #525, #2997, .T. ) ;
#1426 = EDGE_CURVE ( 'NONE', #1068, #2387, #2692, .T. ) ;
#1427 = CARTESIAN_POINT ( 'NONE',  ( -9.592779134391701490, 14.50000000000000000, -33.76371704180064626 ) ) ;
#1428 = CYLINDRICAL_SURFACE ( 'NONE', #2089, 2.100000000000004530 ) ;
#1429 = CARTESIAN_POINT ( 'NONE',  ( -23.69235932559464075, 11.00000000000000178, -18.87468872042108003 ) ) ;
#1430 = DIRECTION ( 'NONE',  ( -0.000000000000000000, 1.000000000000000000, -0.000000000000000000 ) ) ;
#1431 = EDGE_CURVE ( 'NONE', #2174, #3592, #3168, .T. ) ;
#1432 = AXIS2_PLACEMENT_3D ( 'NONE', #2224, #570, #3130 ) ;
#1433 = VERTEX_POINT ( 'NONE', #2109 ) ;
#1434 = VERTEX_POINT ( 'NONE', #2745 ) ;
#1435 = AXIS2_PLACEMENT_3D ( 'NONE', #1328, #3584, #3070 ) ;
#1436 = EDGE_LOOP ( 'NONE', ( #18, #2677, #2056, #3075 ) ) ;
#1437 = PLANE ( 'NONE',  #1377 ) ;
#1438 = DIRECTION ( 'NONE',  ( 0.000000000000000000, 0.000000000000000000, 1.000000000000000000 ) ) ;
#1439 = AXIS2_PLACEMENT_3D ( 'NONE', #1683, #3312, #3076 ) ;
#1440 = ORIENTED_EDGE ( 'NONE', *, *, #3017, .F. ) ;
#1441 = DIRECTION ( 'NONE',  ( 0.000000000000000000, 1.000000000000000000, 0.000000000000000000 ) ) ;
#1442 = ORIENTED_EDGE ( 'NONE', *, *, #840, .F. ) ;
#1443 = FACE_OUTER_BOUND ( 'NONE', #1267, .T. ) ;
#1444 = DIRECTION ( 'NONE',  ( 0.000000000000000000, 0.000000000000000000, 1.000000000000000000 ) ) ;
#1445 = AXIS2_PLACEMENT_3D ( 'NONE', #1959, #308, #1409 ) ;
#1446 = ADVANCED_FACE ( 'NONE', ( #1872, #1341 ), #518, .F. ) ;
#1447 = AXIS2_PLACEMENT_3D ( 'NONE', #1863, #473, #1880 ) ;
#1448 = DIRECTION ( 'NONE',  ( 0.000000000000000000, 0.000000000000000000, 1.000000000000000000 ) ) ;
#1449 = EDGE_CURVE ( 'NONE', #856, #2233, #2664, .T. ) ;
#1450 = CARTESIAN_POINT ( 'NONE',  ( -34.03662625158468558, 14.50000000000000000, -8.574268097624210938 ) ) ;
#1451 = DIRECTION ( 'NONE',  ( -0.000000000000000000, 1.000000000000000000, -0.000000000000000000 ) ) ;
#1452 = EDGE_LOOP ( 'NONE', ( #1042, #494, #3091, #2922 ) ) ;
#1453 = ORIENTED_EDGE ( 'NONE', *, *, #1431, .T. ) ;
#1454 = EDGE_CURVE ( 'NONE', #1301, #1922, #1597, .T. ) ;
#1455 = VERTEX_POINT ( 'NONE', #3242 ) ;
#1456 = ADVANCED_FACE ( 'NONE', ( #449 ), #3576, .F. ) ;
#1457 = FACE_BOUND ( 'NONE', #2903, .T. ) ;
#1458 = CIRCLE ( 'NONE', #3345, 2.125000000000001776 ) ;
#1459 = DIRECTION ( 'NONE',  ( 0.000000000000000000, 0.000000000000000000, 1.000000000000000000 ) ) ;
#1460 = EDGE_LOOP ( 'NONE', ( #3265, #3032, #628, #2734 ) ) ;
#1461 = LINE ( 'NONE', #1386, #3573 ) ;
#1462 = EDGE_LOOP ( 'NONE', ( #3566, #1754, #2291, #739, #1565, #3084 ) ) ;
#1463 = FACE_BOUND ( 'NONE', #3321, .T. ) ;
#1464 = DIRECTION ( 'NONE',  ( -0.000000000000000000, 1.000000000000000000, -0.000000000000000000 ) ) ;
#1465 = CARTESIAN_POINT ( 'NONE',  ( -25.98076211353316012, 14.50000000000000000, -15.00000000000000355 ) ) ;
#1466 = CYLINDRICAL_SURFACE ( 'NONE', #2359, 35.10000000000000142 ) ;
#1467 = ORIENTED_EDGE ( 'NONE', *, *, #1186, .F. ) ;
#1468 = ORIENTED_EDGE ( 'NONE', *, *, #1520, .F. ) ;
#1469 = VERTEX_POINT ( 'NONE', #2686 ) ;
#1470 = VECTOR ( 'NONE', #496, 1000.000000000000000 ) ;
#1471 = DIRECTION ( 'NONE',  ( 0.000000000000000000, -1.000000000000000000, 0.000000000000000000 ) ) ;
#1472 = DIRECTION ( 'NONE',  ( 0.8090169943749466741, 0.000000000000000000, 0.5877852522924742473 ) ) ;
#1473 = EDGE_CURVE ( 'NONE', #2897, #3231, #1084, .T. ) ;
#1474 = ORIENTED_EDGE ( 'NONE', *, *, #1251, .F. ) ;
#1475 = ORGANIZATION ( 'UNSPECIFIED', 'UNSPECIFIED', '' ) ;
#1476 = ADVANCED_FACE ( 'NONE', ( #51 ), #850, .F. ) ;
#1477 = VECTOR ( 'NONE', #2052, 1000.000000000000000 ) ;
#1478 = CARTESIAN_POINT ( 'NONE',  ( 17.39026017590039785, 3.200000000000000178, -5.168178094631182162 ) ) ;
#1479 = EDGE_CURVE ( 'NONE', #2248, #1657, #3113, .T. ) ;
#1480 = ORIENTED_EDGE ( 'NONE', *, *, #2534, .F. ) ;
#1481 = DIRECTION ( 'NONE',  ( 0.000000000000000000, -1.000000000000000000, 0.000000000000000000 ) ) ;
#1482 = CARTESIAN_POINT ( 'NONE',  ( -25.98076211353298248, 11.00000000000000178, -10.50000000000030553 ) ) ;
#1483 = CARTESIAN_POINT ( 'NONE',  ( -22.75469555777869601, 3.200000000000000178, -11.12598716473773486 ) ) ;
#1484 = DIRECTION ( 'NONE',  ( -0.000000000000000000, -1.000000000000000000, -0.000000000000000000 ) ) ;
#1485 = ORIENTED_EDGE ( 'NONE', *, *, #669, .F. ) ;
#1486 = EDGE_LOOP ( 'NONE', ( #2969, #1006, #3470, #3099 ) ) ;
#1487 = VERTEX_POINT ( 'NONE', #587 ) ;
#1488 = PLANE ( 'NONE',  #3089 ) ;
#1489 = CARTESIAN_POINT ( 'NONE',  ( 20.94011513995872775, 3.200000000000000178, -2.589057494991861663 ) ) ;
#1490 = VECTOR ( 'NONE', #252, 1000.000000000000000 ) ;
#1491 = ORIENTED_EDGE ( 'NONE', *, *, #968, .T. ) ;
#1492 = CIRCLE ( 'NONE', #675, 2.125000000000001776 ) ;
#1493 = CIRCLE ( 'NONE', #732, 4.499999999999997335 ) ;
#1494 = CC_DESIGN_PERSON_AND_ORGANIZATION_ASSIGNMENT ( #1625, #1698, ( #2751 ) ) ;
#1495 = CARTESIAN_POINT ( 'NONE',  ( -25.98076211353315301, 11.00000000000000178, 12.90000000000001279 ) ) ;
#1496 = ORIENTED_EDGE ( 'NONE', *, *, #190, .T. ) ;
#1497 = DIRECTION ( 'NONE',  ( 0.000000000000000000, 1.000000000000000000, 0.000000000000000000 ) ) ;
#1498 = DIRECTION ( 'NONE',  ( -0.5000000000000005551, 0.000000000000000000, 0.8660254037844382635 ) ) ;
#1499 = DIRECTION ( 'NONE',  ( -1.000000000000000000, 0.000000000000000000, -7.906918940721905052E-16 ) ) ;
#1500 = ADVANCED_FACE ( 'NONE', ( #2205, #1135 ), #1705, .T. ) ;
#1501 = DIRECTION ( 'NONE',  ( -0.9781476007338054668, 0.000000000000000000, -0.2079116908177600920 ) ) ;
#1502 = DIRECTION ( 'NONE',  ( -0.000000000000000000, -1.000000000000000000, -0.000000000000000000 ) ) ;
#1503 = CONICAL_SURFACE ( 'NONE', #2680, 15.09999999999999964, 0.7853981633974500554 ) ;
#1504 = ORIENTED_EDGE ( 'NONE', *, *, #3464, .F. ) ;
#1505 = CIRCLE ( 'NONE', #3104, 2.124999999999998224 ) ;
#1506 = ORIENTED_EDGE ( 'NONE', *, *, #1421, .F. ) ;
#1507 = ORIENTED_EDGE ( 'NONE', *, *, #833, .F. ) ;
#1508 = DIRECTION ( 'NONE',  ( 0.000000000000000000, -0.000000000000000000, -1.000000000000000000 ) ) ;
#1509 = DIRECTION ( 'NONE',  ( -0.8090169943749470072, 0.000000000000000000, -0.5877852522924735812 ) ) ;
#1510 = CIRCLE ( 'NONE', #1334, 2.100000000000002753 ) ;
#1511 = EDGE_LOOP ( 'NONE', ( #2661, #663, #2210, #257 ) ) ;
#1512 = VECTOR ( 'NONE', #1804, 1000.000000000000000 ) ;
#1513 = DIRECTION ( 'NONE',  ( 0.000000000000000000, 0.000000000000000000, -1.000000000000000000 ) ) ;
#1514 = CIRCLE ( 'NONE', #524, 35.10000000000000142 ) ;
#1515 = ORIENTED_EDGE ( 'NONE', *, *, #2743, .F. ) ;
#1516 = ORIENTED_EDGE ( 'NONE', *, *, #3460, .F. ) ;
#1517 = CARTESIAN_POINT ( 'NONE',  ( 0.000000000000000000, 7.000000000000000000, -10.37500000000000000 ) ) ;
#1518 = CYLINDRICAL_SURFACE ( 'NONE', #2900, 15.09999999999999964 ) ;
#1519 = AXIS2_PLACEMENT_3D ( 'NONE', #1013, #2182, #1612 ) ;
#1520 = EDGE_CURVE ( 'NONE', #2645, #1738, #1648, .T. ) ;
#1521 = ADVANCED_FACE ( 'NONE', ( #267 ), #2825, .F. ) ;
#1522 = CARTESIAN_POINT ( 'NONE',  ( -21.65822351409436664, 14.49999999999999822, 22.31885647190576449 ) ) ;
#1523 = CARTESIAN_POINT ( 'NONE',  ( -24.44384711719331804, 14.50000000000000000, 25.18944894417660407 ) ) ;
#1524 = ORIENTED_EDGE ( 'NONE', *, *, #1096, .T. ) ;
#1525 = ORIENTED_EDGE ( 'NONE', *, *, #921, .F. ) ;
#1526 = ORIENTED_EDGE ( 'NONE', *, *, #2144, .T. ) ;
#1527 = CARTESIAN_POINT ( 'NONE',  ( 25.98076211353316367, 0.000000000000000000, 17.09999999999999787 ) ) ;
#1528 = CYLINDRICAL_SURFACE ( 'NONE', #1336, 2.125000000000002665 ) ;
#1529 = VERTEX_POINT ( 'NONE', #2518 ) ;
#1530 = FACE_OUTER_BOUND ( 'NONE', #3118, .T. ) ;
#1531 = AXIS2_PLACEMENT_3D ( 'NONE', #919, #132, #359 ) ;
#1532 = ORIENTED_EDGE ( 'NONE', *, *, #1384, .F. ) ;
#1533 = DIRECTION ( 'NONE',  ( -0.000000000000000000, -1.000000000000000000, -0.000000000000000000 ) ) ;
#1534 = DIRECTION ( 'NONE',  ( 0.000000000000000000, 0.000000000000000000, -1.000000000000000000 ) ) ;
#1535 = ADVANCED_FACE ( 'NONE', ( #1408 ), #3385, .F. ) ;
#1536 = DIRECTION ( 'NONE',  ( -0.000000000000000000, -1.000000000000000000, -0.000000000000000000 ) ) ;
#1537 = LINE ( 'NONE', #2301, #1993 ) ;
#1538 = EDGE_CURVE ( 'NONE', #1738, #2961, #1633, .T. ) ;
#1539 = EDGE_CURVE ( 'NONE', #692, #1469, #1315, .T. ) ;
#1540 = ORIENTED_EDGE ( 'NONE', *, *, #2616, .F. ) ;
#1541 = ORIENTED_EDGE ( 'NONE', *, *, #3574, .T. ) ;
#1542 = CARTESIAN_POINT ( 'NONE',  ( -22.75469555777869601, 3.200000000000000178, -11.12598716473773486 ) ) ;
#1543 = DIRECTION ( 'NONE',  ( 0.000000000000000000, 0.000000000000000000, 1.000000000000000000 ) ) ;
#1544 = ORIENTED_EDGE ( 'NONE', *, *, #3421, .T. ) ;
#1545 = CARTESIAN_POINT ( 'NONE',  ( 0.000000000000000000, 0.000000000000000000, -22.50000000000000000 ) ) ;
#1546 = ORIENTED_EDGE ( 'NONE', *, *, #3128, .F. ) ;
#1547 = ORIENTED_EDGE ( 'NONE', *, *, #3232, .F. ) ;
#1548 = CIRCLE ( 'NONE', #1611, 2.100000000000002753 ) ;
#1549 = VECTOR ( 'NONE', #2323, 1000.000000000000000 ) ;
#1550 = CARTESIAN_POINT ( 'NONE',  ( -8.499584931042219793, 14.49999999999999822, -29.91599999999999682 ) ) ;
#1551 = PLANE ( 'NONE',  #1768 ) ;
#1552 = CIRCLE ( 'NONE', #504, 2.100000000000000977 ) ;
#1553 = CARTESIAN_POINT ( 'NONE',  ( 8.499584931042221569, 11.00000000000000178, -29.91599999999999682 ) ) ;
#1554 = DIRECTION ( 'NONE',  ( 0.1045284632676541647, 0.000000000000000000, -0.9945218953682734009 ) ) ;
#1555 = VERTEX_POINT ( 'NONE', #2535 ) ;
#1556 = AXIS2_PLACEMENT_3D ( 'NONE', #421, #174, #2344 ) ;
#1557 = DIRECTION ( 'NONE',  ( -0.7431448254773944662, 0.000000000000000000, -0.6691306063588579045 ) ) ;
#1558 = ORIENTED_EDGE ( 'NONE', *, *, #26, .F. ) ;
#1559 = CARTESIAN_POINT ( 'NONE',  ( -13.22516817658064525, 0.000000000000000000, 16.07788237343632076 ) ) ;
#1560 = DIRECTION ( 'NONE',  ( 0.000000000000000000, 0.000000000000000000, -1.000000000000000000 ) ) ;
#1561 = AXIS2_PLACEMENT_3D ( 'NONE', #2098, #2674, #1041 ) ;
#1562 = EDGE_LOOP ( 'NONE', ( #2676, #1170, #2941, #3389 ) ) ;
#1563 = EDGE_CURVE ( 'NONE', #3083, #595, #855, .T. ) ;
#1564 = EDGE_CURVE ( 'NONE', #3181, #598, #1663, .T. ) ;
#1565 = ORIENTED_EDGE ( 'NONE', *, *, #1943, .F. ) ;
#1566 = FACE_BOUND ( 'NONE', #2523, .T. ) ;
#1567 = DIRECTION ( 'NONE',  ( 0.000000000000000000, 0.000000000000000000, -1.000000000000000000 ) ) ;
#1568 = CIRCLE ( 'NONE', #2218, 4.000000000000000000 ) ;
#1569 = DIRECTION ( 'NONE',  ( 0.000000000000000000, 0.000000000000000000, -1.000000000000000000 ) ) ;
#1570 = FACE_OUTER_BOUND ( 'NONE', #394, .T. ) ;
#1571 = AXIS2_PLACEMENT_3D ( 'NONE', #1302, #3007, #3556 ) ;
#1572 = ORIENTED_EDGE ( 'NONE', *, *, #813, .F. ) ;
#1573 = DIRECTION ( 'NONE',  ( 0.000000000000000000, 1.000000000000000000, 0.000000000000000000 ) ) ;
#1574 = LINE ( 'NONE', #3313, #940 ) ;
#1575 = VERTEX_POINT ( 'NONE', #1427 ) ;
#1576 = DIRECTION ( 'NONE',  ( -0.000000000000000000, -1.000000000000000000, -0.000000000000000000 ) ) ;
#1577 = ORIENTED_EDGE ( 'NONE', *, *, #1986, .T. ) ;
#1578 = CARTESIAN_POINT ( 'NONE',  ( -11.03123715366005975, 3.200000000000000178, 14.40288237343632538 ) ) ;
#1579 = DIRECTION ( 'NONE',  ( 0.000000000000000000, 1.000000000000000000, 0.000000000000000000 ) ) ;
#1580 = EDGE_CURVE ( 'NONE', #380, #3156, #1201, .T. ) ;
#1581 = ORIENTED_EDGE ( 'NONE', *, *, #786, .F. ) ;
#1582 = ORIENTED_EDGE ( 'NONE', *, *, #2192, .T. ) ;
#1583 = DIRECTION ( 'NONE',  ( -0.000000000000000000, -1.000000000000000000, -0.000000000000000000 ) ) ;
#1584 = DIRECTION ( 'NONE',  ( -0.000000000000000000, 1.000000000000000000, -0.000000000000000000 ) ) ;
#1585 = VERTEX_POINT ( 'NONE', #287 ) ;
#1586 = EDGE_CURVE ( 'NONE', #1805, #3305, #2488, .T. ) ;
#1587 = EDGE_CURVE ( 'NONE', #312, #2584, #1958, .T. ) ;
#1588 = ORIENTED_EDGE ( 'NONE', *, *, #386, .F. ) ;
#1589 = LINE ( 'NONE', #244, #2442 ) ;
#1590 = AXIS2_PLACEMENT_3D ( 'NONE', #2141, #439, #3252 ) ;
#1591 = ADVANCED_FACE ( 'NONE', ( #1158 ), #32, .F. ) ;
#1592 = ORIENTED_EDGE ( 'NONE', *, *, #2125, .F. ) ;
#1593 = AXIS2_PLACEMENT_3D ( 'NONE', #3273, #752, #2963 ) ;
#1594 = DIRECTION ( 'NONE',  ( -0.000000000000000000, 1.000000000000000000, -0.000000000000000000 ) ) ;
#1595 = CYLINDRICAL_SURFACE ( 'NONE', #88, 4.000000000000000000 ) ;
#1596 = ORIENTED_EDGE ( 'NONE', *, *, #1247, .T. ) ;
#1597 = LINE ( 'NONE', #215, #297 ) ;
#1598 = VERTEX_POINT ( 'NONE', #869 ) ;
#1599 = CARTESIAN_POINT ( 'NONE',  ( -10.82531754730548634, 7.000000000000000000, 6.249999999999998224 ) ) ;
#1600 = DIRECTION ( 'NONE',  ( 0.000000000000000000, 1.000000000000000000, 0.000000000000000000 ) ) ;
#1601 = ORIENTED_EDGE ( 'NONE', *, *, #1827, .F. ) ;
#1602 = DIRECTION ( 'NONE',  ( -0.000000000000000000, -1.000000000000000000, -0.000000000000000000 ) ) ;
#1603 = CARTESIAN_POINT ( 'NONE',  ( 30.15780844513634307, 11.00000000000000000, 7.597143528094170151 ) ) ;
#1604 = APPROVAL ( #2546, 'UNSPECIFIED' ) ;
#1605 = EDGE_LOOP ( 'NONE', ( #1735, #1873, #2952, #2090, #873, #164 ) ) ;
#1606 = LINE ( 'NONE', #3310, #1330 ) ;
#1607 = LINE ( 'NONE', #2104, #3074 ) ;
#1608 = AXIS2_PLACEMENT_3D ( 'NONE', #1976, #3095, #886 ) ;
#1609 = ADVANCED_FACE ( 'NONE', ( #326 ), #2280, .F. ) ;
#1610 = CARTESIAN_POINT ( 'NONE',  ( 10.82531754730548634, 0.000000000000000000, 4.124999999999999112 ) ) ;
#1611 = AXIS2_PLACEMENT_3D ( 'NONE', #3289, #487, #2213 ) ;
#1612 = DIRECTION ( 'NONE',  ( 0.000000000000000000, 0.000000000000000000, 1.000000000000000000 ) ) ;
#1613 = CARTESIAN_POINT ( 'NONE',  ( 0.000000000000000000, 11.00000000000000178, -30.00000000000000000 ) ) ;
#1614 = EDGE_LOOP ( 'NONE', ( #1350, #1413, #3341, #349 ) ) ;
#1615 = DIRECTION ( 'NONE',  ( -0.000000000000000000, -1.000000000000000000, -0.000000000000000000 ) ) ;
#1616 = DIRECTION ( 'NONE',  ( 0.000000000000000000, 0.000000000000000000, -1.000000000000000000 ) ) ;
#1617 = ORIENTED_EDGE ( 'NONE', *, *, #30, .F. ) ;
#1618 = EDGE_LOOP ( 'NONE', ( #2099, #1474, #2847, #723 ) ) ;
#1619 = CARTESIAN_POINT ( 'NONE',  ( 8.933191444090194722, 3.200000000000000178, 19.11517019046223353 ) ) ;
#1620 = CARTESIAN_POINT ( 'NONE',  ( -9.592779134391701490, 11.00000000000000000, -33.76371704180064626 ) ) ;
#1621 = AXIS2_PLACEMENT_3D ( 'NONE', #1658, #3347, #827 ) ;
#1622 = CIRCLE ( 'NONE', #1331, 4.499999999999999112 ) ;
#1623 = VERTEX_POINT ( 'NONE', #2936 ) ;
#1624 = FACE_BOUND ( 'NONE', #3373, .T. ) ;
#1625 = PERSON_AND_ORGANIZATION ( #2646, #1475 ) ;
#1626 = ORIENTED_EDGE ( 'NONE', *, *, #3460, .T. ) ;
#1627 = AXIS2_PLACEMENT_3D ( 'NONE', #143, #911, #1543 ) ;
#1628 = DIRECTION ( 'NONE',  ( 0.000000000000000000, -0.000000000000000000, -1.000000000000000000 ) ) ;
#1629 = CARTESIAN_POINT ( 'NONE',  ( -30.15780844513628267, 14.50000000000000000, -7.597143528094385090 ) ) ;
#1630 = EDGE_CURVE ( 'NONE', #2322, #47, #2918, .T. ) ;
#1631 = ADVANCED_FACE ( 'NONE', ( #642 ), #2035, .F. ) ;
#1632 = VECTOR ( 'NONE', #1451, 1000.000000000000000 ) ;
#1633 = LINE ( 'NONE', #3079, #1490 ) ;
#1634 = CARTESIAN_POINT ( 'NONE',  ( 25.98076211353319565, 11.00000000000000178, -14.99999999999993960 ) ) ;
#1635 = DIRECTION ( 'NONE',  ( -0.000000000000000000, -1.000000000000000000, -0.000000000000000000 ) ) ;
#1636 = CARTESIAN_POINT ( 'NONE',  ( 17.84891665258264126, 3.200000000000000178, -9.532002973075632823 ) ) ;
#1637 = ORIENTED_EDGE ( 'NONE', *, *, #2557, .F. ) ;
#1638 = ORIENTED_EDGE ( 'NONE', *, *, #1425, .F. ) ;
#1639 = DIRECTION ( 'NONE',  ( -0.9781476007338054668, 0.000000000000000000, -0.2079116908177600920 ) ) ;
#1640 = DIRECTION ( 'NONE',  ( 0.000000000000000000, 0.000000000000000000, 1.000000000000000000 ) ) ;
#1641 = ORIENTED_EDGE ( 'NONE', *, *, #26, .T. ) ;
#1642 = FACE_BOUND ( 'NONE', #483, .T. ) ;
#1643 = COORDINATED_UNIVERSAL_TIME_OFFSET ( 5, 0, .BEHIND. ) ;
#1644 = VECTOR ( 'NONE', #2623, 1000.000000000000000 ) ;
#1645 = CARTESIAN_POINT ( 'NONE',  ( 2.602374448188124857E-16, 14.50000000000000000, -14.62500000000000000 ) ) ;
#1646 = CARTESIAN_POINT ( 'NONE',  ( -25.98076211353316012, 14.50000000000000000, -15.00000000000000355 ) ) ;
#1647 = EDGE_CURVE ( 'NONE', #1657, #3524, #3426, .T. ) ;
#1648 = LINE ( 'NONE', #2243, #973 ) ;
#1649 = FACE_OUTER_BOUND ( 'NONE', #3586, .T. ) ;
#1650 = DIRECTION ( 'NONE',  ( -0.000000000000000000, -1.000000000000000000, -0.000000000000000000 ) ) ;
#1651 = CARTESIAN_POINT ( 'NONE',  ( 10.82531754730548634, 0.000000000000000000, 6.249999999999998224 ) ) ;
#1652 = ORIENTED_EDGE ( 'NONE', *, *, #557, .T. ) ;
#1653 = ORIENTED_EDGE ( 'NONE', *, *, #512, .T. ) ;
#1654 = EDGE_CURVE ( 'NONE', #1819, #892, #2373, .T. ) ;
#1655 = DIRECTION ( 'NONE',  ( -0.000000000000000000, 1.000000000000000000, -0.000000000000000000 ) ) ;
#1656 = CARTESIAN_POINT ( 'NONE',  ( 25.98076211353316367, 0.000000000000000000, 12.89999999999998970 ) ) ;
#1657 = VERTEX_POINT ( 'NONE', #2014 ) ;
#1658 = CARTESIAN_POINT ( 'NONE',  ( 30.15780844513639281, 11.00000000000000000, -7.597143528093958764 ) ) ;
#1659 = SECURITY_CLASSIFICATION_LEVEL ( 'unclassified' ) ;
#1660 = ORIENTED_EDGE ( 'NONE', *, *, #1848, .F. ) ;
#1661 = CARTESIAN_POINT ( 'NONE',  ( 10.28911538522794089, 3.200000000000000178, 14.94206539916080168 ) ) ;
#1662 = CARTESIAN_POINT ( 'NONE',  ( -25.69074834913141103, 3.200000000000000178, -7.865170190462221989 ) ) ;
#1663 = CIRCLE ( 'NONE', #1902, 2.100000000000000977 ) ;
#1664 = CIRCLE ( 'NONE', #2201, 2.100000000000000977 ) ;
#1665 = VECTOR ( 'NONE', #1953, 999.9999999999998863 ) ;
#1666 = CARTESIAN_POINT ( 'NONE',  ( -15.41909919950122898, 0.000000000000000000, 14.40288237343632360 ) ) ;
#1667 = LINE ( 'NONE', #571, #2564 ) ;
#1668 = CARTESIAN_POINT ( 'NONE',  ( 0.000000000000000000, 0.9999999999999870104, -15.09999999999999964 ) ) ;
#1669 = CARTESIAN_POINT ( 'NONE',  ( 24.94862658069927264, 3.200000000000000178, -4.373761773797014030 ) ) ;
#1670 = EDGE_CURVE ( 'NONE', #2812, #145, #2015, .T. ) ;
#1671 = ORIENTED_EDGE ( 'NONE', *, *, #1564, .F. ) ;
#1672 = ORIENTED_EDGE ( 'NONE', *, *, #3574, .F. ) ;
#1673 = LINE ( 'NONE', #350, #2859 ) ;
#1674 = DIRECTION ( 'NONE',  ( -0.000000000000000000, -1.000000000000000000, -0.000000000000000000 ) ) ;
#1675 = ADVANCED_FACE ( 'NONE', ( #2862 ), #135, .F. ) ;
#1676 = AXIS2_PLACEMENT_3D ( 'NONE', #1634, #15, #1706 ) ;
#1677 = EDGE_CURVE ( 'NONE', #454, #644, #2136, .T. ) ;
#1678 = AXIS2_PLACEMENT_3D ( 'NONE', #2962, #2119, #115 ) ;
#1679 = CARTESIAN_POINT ( 'NONE',  ( 0.000000000000000000, 0.9999999999999870104, 0.000000000000000000 ) ) ;
#1680 = APPLICATION_PROTOCOL_DEFINITION ( 'international standard', 'config_control_design', 1994, #2138 ) ;
#1681 = AXIS2_PLACEMENT_3D ( 'NONE', #1679, #2895, #1717 ) ;
#1682 = ORIENTED_EDGE ( 'NONE', *, *, #2076, .F. ) ;
#1683 = CARTESIAN_POINT ( 'NONE',  ( 8.499584931042221569, 14.50000000000000000, -29.91599999999999682 ) ) ;
#1684 = CARTESIAN_POINT ( 'NONE',  ( -13.22516817658064525, 3.200000000000000178, 18.20288237343632076 ) ) ;
#1685 = VECTOR ( 'NONE', #1674, 1000.000000000000000 ) ;
#1686 = VECTOR ( 'NONE', #2769, 1000.000000000000000 ) ;
#1687 = DIRECTION ( 'NONE',  ( -0.000000000000000000, -1.000000000000000000, -0.000000000000000000 ) ) ;
#1688 = DIRECTION ( 'NONE',  ( -0.000000000000000000, -1.000000000000000000, -0.000000000000000000 ) ) ;
#1689 = FACE_OUTER_BOUND ( 'NONE', #909, .T. ) ;
#1690 = CARTESIAN_POINT ( 'NONE',  ( 4.008511440740559095, 3.200000000000000178, -20.71529572119486673 ) ) ;
#1691 = AXIS2_PLACEMENT_3D ( 'NONE', #3026, #465, #2722 ) ;
#1692 = VERTEX_POINT ( 'NONE', #922 ) ;
#1693 = VERTEX_POINT ( 'NONE', #85 ) ;
#1694 = DIRECTION ( 'NONE',  ( 0.000000000000000000, 0.000000000000000000, 1.000000000000000000 ) ) ;
#1695 = CARTESIAN_POINT ( 'NONE',  ( -4.008511440740560872, 3.200000000000000178, -24.28470427880515814 ) ) ;
#1696 = EDGE_CURVE ( 'NONE', #1716, #82, #3169, .T. ) ;
#1697 = CARTESIAN_POINT ( 'NONE',  ( -0.4586564766822436301, 0.000000000000000000, -26.86382487844446132 ) ) ;
#1698 = PERSON_AND_ORGANIZATION_ROLE ( 'design_owner' ) ;
#1699 = EDGE_CURVE ( 'NONE', #2580, #2687, #1742, .T. ) ;
#1700 = VECTOR ( 'NONE', #3478, 1000.000000000000000 ) ;
#1701 = ORIENTED_EDGE ( 'NONE', *, *, #490, .F. ) ;
#1702 = CARTESIAN_POINT ( 'NONE',  ( 0.4586564766822265882, 0.000000000000000000, -18.13617512155554934 ) ) ;
#1703 = CARTESIAN_POINT ( 'NONE',  ( 0.000000000000000000, 0.000000000000000000, -30.00000000000000000 ) ) ;
#1704 = EDGE_CURVE ( 'NONE', #1196, #1922, #659, .T. ) ;
#1705 = PLANE ( 'NONE',  #555 ) ;
#1706 = DIRECTION ( 'NONE',  ( 0.000000000000000000, 0.000000000000000000, 1.000000000000000000 ) ) ;
#1707 = CARTESIAN_POINT ( 'NONE',  ( 3.469446951953614189E-15, 11.00000000000000178, 27.90000000000000213 ) ) ;
#1708 = FACE_OUTER_BOUND ( 'NONE', #2115, .T. ) ;
#1709 = VECTOR ( 'NONE', #29, 1000.000000000000000 ) ;
#1710 = ORIENTED_EDGE ( 'NONE', *, *, #2170, .T. ) ;
#1711 = ORIENTED_EDGE ( 'NONE', *, *, #762, .F. ) ;
#1712 = AXIS2_PLACEMENT_3D ( 'NONE', #3237, #2416, #3547 ) ;
#1713 = ORIENTED_EDGE ( 'NONE', *, *, #3215, .T. ) ;
#1714 = CARTESIAN_POINT ( 'NONE',  ( -15.41909919950122898, 3.200000000000000178, 14.40288237343632360 ) ) ;
#1715 = DIRECTION ( 'NONE',  ( 0.000000000000000000, 1.000000000000000000, -0.000000000000000000 ) ) ;
#1716 = VERTEX_POINT ( 'NONE', #2347 ) ;
#1717 = DIRECTION ( 'NONE',  ( 0.000000000000000000, 0.000000000000000000, -1.000000000000000000 ) ) ;
#1718 = ORIENTED_EDGE ( 'NONE', *, *, #2145, .T. ) ;
#1719 = CARTESIAN_POINT ( 'NONE',  ( 0.000000000000000000, 0.000000000000000000, -12.50000000000000000 ) ) ;
#1720 = DIRECTION ( 'NONE',  ( 0.000000000000000000, 1.000000000000000000, 0.000000000000000000 ) ) ;
#1721 = EDGE_CURVE ( 'NONE', #1922, #312, #1194, .T. ) ;
#1722 = CARTESIAN_POINT ( 'NONE',  ( -0.4586564766822436301, 3.200000000000000178, -26.86382487844446132 ) ) ;
#1723 = CIRCLE ( 'NONE', #151, 2.125000000000000000 ) ;
#1724 = DIRECTION ( 'NONE',  ( -0.000000000000000000, 1.000000000000000000, 0.000000000000000000 ) ) ;
#1725 = DIRECTION ( 'NONE',  ( 0.000000000000000000, 1.000000000000000000, 0.000000000000000000 ) ) ;
#1726 = LINE ( 'NONE', #2302, #1632 ) ;
#1727 = VECTOR ( 'NONE', #3408, 1000.000000000000000 ) ;
#1728 = EDGE_LOOP ( 'NONE', ( #2189, #807, #1191, #3190 ) ) ;
#1729 = ORIENTED_EDGE ( 'NONE', *, *, #159, .F. ) ;
#1730 = VECTOR ( 'NONE', #665, 1000.000000000000000 ) ;
#1731 = ORIENTED_EDGE ( 'NONE', *, *, #1848, .T. ) ;
#1732 = DIRECTION ( 'NONE',  ( 0.000000000000000000, 0.000000000000000000, -1.000000000000000000 ) ) ;
#1733 = CARTESIAN_POINT ( 'NONE',  ( 25.98076211353319565, 14.50000000000000000, -14.99999999999993960 ) ) ;
#1734 = VECTOR ( 'NONE', #585, 1000.000000000000227 ) ;
#1735 = ORIENTED_EDGE ( 'NONE', *, *, #159, .T. ) ;
#1736 = DIRECTION ( 'NONE',  ( 0.000000000000000000, 0.000000000000000000, -1.000000000000000000 ) ) ;
#1737 = CIRCLE ( 'NONE', #684, 4.499999999999997335 ) ;
#1738 = VERTEX_POINT ( 'NONE', #1796 ) ;
#1739 = FACE_OUTER_BOUND ( 'NONE', #3619, .T. ) ;
#1740 = DIRECTION ( 'NONE',  ( 0.000000000000000000, 0.000000000000000000, 1.000000000000000000 ) ) ;
#1741 = AXIS2_PLACEMENT_3D ( 'NONE', #7, #1441, #2545 ) ;
#1742 = LINE ( 'NONE', #342, #1955 ) ;
#1743 = LINE ( 'NONE', #3203, #2655 ) ;
#1744 = ADVANCED_FACE ( 'NONE', ( #1761 ), #70, .T. ) ;
#1745 = DIRECTION ( 'NONE',  ( 0.000000000000000000, 1.000000000000000000, 0.000000000000000000 ) ) ;
#1746 = EDGE_CURVE ( 'NONE', #598, #3181, #3202, .T. ) ;
#1747 = AXIS2_PLACEMENT_3D ( 'NONE', #1200, #2614, #110 ) ;
#1748 = ORIENTED_EDGE ( 'NONE', *, *, #859, .F. ) ;
#1749 = ORIENTED_EDGE ( 'NONE', *, *, #709, .T. ) ;
#1750 = ORIENTED_EDGE ( 'NONE', *, *, #1297, .F. ) ;
#1751 = LINE ( 'NONE', #2956, #1730 ) ;
#1752 = CIRCLE ( 'NONE', #876, 4.000000000000000000 ) ;
#1753 = CYLINDRICAL_SURFACE ( 'NONE', #2392, 35.10000000000000142 ) ;
#1754 = ORIENTED_EDGE ( 'NONE', *, *, #1721, .F. ) ;
#1755 = VERTEX_POINT ( 'NONE', #1778 ) ;
#1756 = CARTESIAN_POINT ( 'NONE',  ( 17.51714490907110644, 0.000000000000000000, 17.29059455641041154 ) ) ;
#1757 = ORIENTED_EDGE ( 'NONE', *, *, #370, .F. ) ;
#1758 = CYLINDRICAL_SURFACE ( 'NONE', #615, 4.000000000000000000 ) ;
#1759 = CARTESIAN_POINT ( 'NONE',  ( -15.41909919950122898, 3.200000000000000178, 14.40288237343632360 ) ) ;
#1760 = CIRCLE ( 'NONE', #936, 4.000000000000000000 ) ;
#1761 = FACE_OUTER_BOUND ( 'NONE', #2444, .T. ) ;
#1762 = CARTESIAN_POINT ( 'NONE',  ( -28.19213958320531788, 11.00000000000000178, -11.08084069134423011 ) ) ;
#1763 = ORIENTED_EDGE ( 'NONE', *, *, #118, .F. ) ;
#1764 = EDGE_CURVE ( 'NONE', #673, #1202, #388, .T. ) ;
#1765 = APPLICATION_CONTEXT ( 'configuration controlled 3d designs of mechanical parts and assemblies' ) ;
#1766 = ORIENTED_EDGE ( 'NONE', *, *, #325, .T. ) ;
#1767 = ORIENTED_EDGE ( 'NONE', *, *, #2417, .T. ) ;
#1768 = AXIS2_PLACEMENT_3D ( 'NONE', #192, #769, #3293 ) ;
#1769 = DIRECTION ( 'NONE',  ( 0.000000000000000000, 0.000000000000000000, 1.000000000000000000 ) ) ;
#1770 = CARTESIAN_POINT ( 'NONE',  ( -0.4586564766822436301, 0.000000000000000000, -26.86382487844446132 ) ) ;
#1771 = ORIENTED_EDGE ( 'NONE', *, *, #3421, .F. ) ;
#1772 = CC_DESIGN_APPROVAL ( #2639, ( #2764 ) ) ;
#1773 = ADVANCED_FACE ( 'NONE', ( #3477 ), #411, .T. ) ;
#1774 = CARTESIAN_POINT ( 'NONE',  ( -8.499584931042429403, 11.00000000000000178, 29.91599999999993997 ) ) ;
#1775 = EDGE_LOOP ( 'NONE', ( #1277, #2149, #2312, #960, #1073, #128, #951, #1282, #3051, #3481, #1767, #979, #2601, #415, #2634, #171, #2272, #3179, #3542, #20, #379, #1090, #1216, #3614, #339, #1896, #954, #717, #2019, #541, #1020 ) ) ;
#1776 = CARTESIAN_POINT ( 'NONE',  ( -25.69074834913141103, 3.200000000000000178, -7.865170190462221989 ) ) ;
#1777 = CARTESIAN_POINT ( 'NONE',  ( -8.837306130739486676, 0.000000000000000000, 18.20288237343632431 ) ) ;
#1778 = CARTESIAN_POINT ( 'NONE',  ( 25.40728305738150894, 3.200000000000000178, -8.737586652241464691 ) ) ;
#1779 = DIRECTION ( 'NONE',  ( -0.000000000000000000, 1.000000000000000000, -0.000000000000000000 ) ) ;
#1780 = ORIENTED_EDGE ( 'NONE', *, *, #2219, .T. ) ;
#1781 = ORIENTED_EDGE ( 'NONE', *, *, #1881, .T. ) ;
#1782 = EDGE_LOOP ( 'NONE', ( #450, #3205, #366, #1112 ) ) ;
#1783 = CIRCLE ( 'NONE', #2548, 2.124999999999999112 ) ;
#1784 = CARTESIAN_POINT ( 'NONE',  ( 14.58109211771839320, 0.000000000000000000, 14.02977758213490134 ) ) ;
#1785 = LINE ( 'NONE', #2907, #356 ) ;
#1786 = ORIENTED_EDGE ( 'NONE', *, *, #2866, .F. ) ;
#1787 = CIRCLE ( 'NONE', #3558, 2.124999999999999112 ) ;
#1788 = VECTOR ( 'NONE', #2781, 1000.000000000000000 ) ;
#1789 = CARTESIAN_POINT ( 'NONE',  ( 17.51714490907110644, 3.200000000000000178, 17.29059455641041154 ) ) ;
#1790 = EDGE_CURVE ( 'NONE', #3156, #214, #603, .T. ) ;
#1791 = EDGE_CURVE ( 'NONE', #2374, #1433, #1280, .T. ) ;
#1792 = ORIENTED_EDGE ( 'NONE', *, *, #712, .F. ) ;
#1793 = DIRECTION ( 'NONE',  ( 0.000000000000000000, 0.000000000000000000, -1.000000000000000000 ) ) ;
#1794 = LINE ( 'NONE', #2361, #170 ) ;
#1795 = DIRECTION ( 'NONE',  ( 1.000000000000000000, 0.000000000000000000, 3.953459470360933791E-16 ) ) ;
#1796 = CARTESIAN_POINT ( 'NONE',  ( 8.933191444090194722, 0.000000000000000000, 19.11517019046223353 ) ) ;
#1797 = CARTESIAN_POINT ( 'NONE',  ( 0.000000000000000000, 14.50000000000000000, 0.000000000000000000 ) ) ;
#1798 = CIRCLE ( 'NONE', #2273, 35.10000000000000142 ) ;
#1799 = ORIENTED_EDGE ( 'NONE', *, *, #812, .T. ) ;
#1800 = AXIS2_PLACEMENT_3D ( 'NONE', #1774, #402, #1513 ) ;
#1801 = ORIENTED_EDGE ( 'NONE', *, *, #385, .F. ) ;
#1802 = EDGE_LOOP ( 'NONE', ( #3346, #2971, #3175, #93 ) ) ;
#1803 = CARTESIAN_POINT ( 'NONE',  ( 21.39877161664095695, 14.50000000000000000, -4.827882373436316321 ) ) ;
#1804 = DIRECTION ( 'NONE',  ( -0.000000000000000000, -1.000000000000000000, -0.000000000000000000 ) ) ;
#1805 = VERTEX_POINT ( 'NONE', #1012 ) ;
#1806 = AXIS2_PLACEMENT_3D ( 'NONE', #2583, #2308, #277 ) ;
#1807 = EDGE_CURVE ( 'NONE', #1274, #2321, #336, .T. ) ;
#1808 = PLANE ( 'NONE',  #1971 ) ;
#1809 = VECTOR ( 'NONE', #872, 1000.000000000000227 ) ;
#1810 = ORIENTED_EDGE ( 'NONE', *, *, #2599, .T. ) ;
#1811 = EDGE_CURVE ( 'NONE', #3327, #475, #3515, .T. ) ;
#1812 = EDGE_CURVE ( 'NONE', #700, #2597, #2551, .T. ) ;
#1813 = CARTESIAN_POINT ( 'NONE',  ( 24.94862658069927264, 3.200000000000000178, -4.373761773797014030 ) ) ;
#1814 = CYLINDRICAL_SURFACE ( 'NONE', #1593, 35.10000000000000142 ) ;
#1815 = CARTESIAN_POINT ( 'NONE',  ( 0.000000000000000000, 0.000000000000000000, -22.50000000000000000 ) ) ;
#1816 = DIRECTION ( 'NONE',  ( -0.6691306063588597919, 0.000000000000000000, -0.7431448254773928008 ) ) ;
#1817 = VERTEX_POINT ( 'NONE', #3274 ) ;
#1818 = VERTEX_POINT ( 'NONE', #2162 ) ;
#1819 = VERTEX_POINT ( 'NONE', #153 ) ;
#1820 = FACE_OUTER_BOUND ( 'NONE', #1256, .T. ) ;
#1821 = CARTESIAN_POINT ( 'NONE',  ( 16.16122096793336382, 3.200000000000000178, 21.46369934771182386 ) ) ;
#1822 = ORIENTED_EDGE ( 'NONE', *, *, #3328, .T. ) ;
#1823 = DIRECTION ( 'NONE',  ( -0.000000000000000000, -1.000000000000000000, -0.000000000000000000 ) ) ;
#1824 = VECTOR ( 'NONE', #1499, 1000.000000000000000 ) ;
#1825 = VERTEX_POINT ( 'NONE', #996 ) ;
#1826 = DIRECTION ( 'NONE',  ( 0.000000000000000000, 1.000000000000000000, 0.000000000000000000 ) ) ;
#1827 = EDGE_CURVE ( 'NONE', #945, #3150, #1259, .T. ) ;
#1828 = DIRECTION ( 'NONE',  ( 0.000000000000000000, 0.000000000000000000, 1.000000000000000000 ) ) ;
#1829 = CARTESIAN_POINT ( 'NONE',  ( 17.39026017590039785, 0.000000000000000000, -5.168178094631182162 ) ) ;
#1830 = EDGE_CURVE ( 'NONE', #2174, #598, #698, .T. ) ;
#1831 = EDGE_CURVE ( 'NONE', #227, #1555, #1723, .T. ) ;
#1832 = ORIENTED_EDGE ( 'NONE', *, *, #1881, .F. ) ;
#1833 = DIRECTION ( 'NONE',  ( 0.4999999999999973910, 0.000000000000000000, -0.8660254037844401509 ) ) ;
#1834 = ORIENTED_EDGE ( 'NONE', *, *, #2739, .F. ) ;
#1835 = CARTESIAN_POINT ( 'NONE',  ( -13.22516817658064525, 3.200000000000000178, 16.07788237343632076 ) ) ;
#1836 = DIRECTION ( 'NONE',  ( 0.000000000000000000, 1.000000000000000000, 0.000000000000000000 ) ) ;
#1837 = ORIENTED_EDGE ( 'NONE', *, *, #3123, .T. ) ;
#1838 = VECTOR ( 'NONE', #819, 999.9999999999998863 ) ;
#1839 = ORIENTED_EDGE ( 'NONE', *, *, #508, .T. ) ;
#1840 = LINE ( 'NONE', #2912, #1217 ) ;
#1841 = AXIS2_PLACEMENT_3D ( 'NONE', #14, #3627, #3063 ) ;
#1842 = CIRCLE ( 'NONE', #3031, 2.124999999999998224 ) ;
#1843 = VECTOR ( 'NONE', #2823, 999.9999999999998863 ) ;
#1844 = DIRECTION ( 'NONE',  ( -0.000000000000000000, 1.000000000000000000, -0.000000000000000000 ) ) ;
#1845 = CARTESIAN_POINT ( 'NONE',  ( 3.549854964058310358, 0.000000000000000000, -25.07912059963931384 ) ) ;
#1846 = ORIENTED_EDGE ( 'NONE', *, *, #1790, .T. ) ;
#1847 = CARTESIAN_POINT ( 'NONE',  ( 24.44384711719296632, 14.50000000000000000, 25.18944894417694158 ) ) ;
#1848 = EDGE_CURVE ( 'NONE', #373, #1585, #2194, .T. ) ;
#1849 = LINE ( 'NONE', #1870, #33 ) ;
#1850 = ORIENTED_EDGE ( 'NONE', *, *, #1345, .F. ) ;
#1851 = ORIENTED_EDGE ( 'NONE', *, *, #451, .F. ) ;
#1852 = ADVANCED_FACE ( 'NONE', ( #461 ), #2718, .T. ) ;
#1853 = LINE ( 'NONE', #2421, #2760 ) ;
#1854 = ORIENTED_EDGE ( 'NONE', *, *, #3269, .T. ) ;
#1855 = EDGE_CURVE ( 'NONE', #475, #3206, #3143, .T. ) ;
#1856 = CARTESIAN_POINT ( 'NONE',  ( 4.592425496802575156E-15, 11.00000000000000000, 37.50000000000000711 ) ) ;
#1857 = CARTESIAN_POINT ( 'NONE',  ( 3.469446951953614189E-15, 14.50000000000000000, 27.90000000000000213 ) ) ;
#1858 = VECTOR ( 'NONE', #637, 1000.000000000000227 ) ;
#1859 = ORIENTED_EDGE ( 'NONE', *, *, #1520, .T. ) ;
#1860 = VERTEX_POINT ( 'NONE', #3024 ) ;
#1861 = EDGE_CURVE ( 'NONE', #3072, #2873, #1493, .T. ) ;
#1862 = CARTESIAN_POINT ( 'NONE',  ( 2.602374448188124857E-16, 0.000000000000000000, -14.62500000000000000 ) ) ;
#1863 = CARTESIAN_POINT ( 'NONE',  ( -15.41909919950121655, 3.200000000000000178, 22.00288237343632147 ) ) ;
#1864 = CIRCLE ( 'NONE', #1224, 2.125000000000000000 ) ;
#1865 = ORIENTED_EDGE ( 'NONE', *, *, #1454, .T. ) ;
#1866 = PLANE ( 'NONE',  #985 ) ;
#1867 = CARTESIAN_POINT ( 'NONE',  ( -25.98076211353315301, 11.00000000000000178, 17.10000000000001563 ) ) ;
#1868 = AXIS2_PLACEMENT_3D ( 'NONE', #758, #2165, #3314 ) ;
#1869 = DIRECTION ( 'NONE',  ( 0.000000000000000000, 0.000000000000000000, 1.000000000000000000 ) ) ;
#1870 = CARTESIAN_POINT ( 'NONE',  ( 28.19213958320547420, 11.00000000000000178, -11.08084069134383043 ) ) ;
#1871 = ORIENTED_EDGE ( 'NONE', *, *, #1141, .T. ) ;
#1872 = FACE_OUTER_BOUND ( 'NONE', #185, .T. ) ;
#1873 = ORIENTED_EDGE ( 'NONE', *, *, #2315, .T. ) ;
#1874 = LINE ( 'NONE', #1087, #2132 ) ;
#1875 = DIRECTION ( 'NONE',  ( -0.000000000000000000, 1.000000000000000000, -0.000000000000000000 ) ) ;
#1876 = CC_DESIGN_PERSON_AND_ORGANIZATION_ASSIGNMENT ( #3039, #3604, ( #318 ) ) ;
#1877 = EDGE_CURVE ( 'NONE', #3511, #1935, #619, .T. ) ;
#1878 = ORIENTED_EDGE ( 'NONE', *, *, #3331, .F. ) ;
#1879 = DIRECTION ( 'NONE',  ( -0.000000000000000000, 1.000000000000000000, -0.000000000000000000 ) ) ;
#1880 = DIRECTION ( 'NONE',  ( 0.4999999999999996114, 0.000000000000000000, 0.8660254037844388186 ) ) ;
#1881 = EDGE_CURVE ( 'NONE', #214, #842, #2800, .T. ) ;
#1882 = ORIENTED_EDGE ( 'NONE', *, *, #669, .T. ) ;
#1883 = FACE_BOUND ( 'NONE', #2164, .T. ) ;
#1884 = LINE ( 'NONE', #1845, #2708 ) ;
#1885 = ORIENTED_EDGE ( 'NONE', *, *, #2579, .T. ) ;
#1886 = DIRECTION ( 'NONE',  ( 0.000000000000000000, 0.000000000000000000, 1.000000000000000000 ) ) ;
#1887 = CARTESIAN_POINT ( 'NONE',  ( 0.000000000000000000, 10.00000000000000000, -35.10000000000000142 ) ) ;
#1888 = CARTESIAN_POINT ( 'NONE',  ( -17.61303022242179139, 3.200000000000000178, 18.20288237343632431 ) ) ;
#1889 = ORIENTED_EDGE ( 'NONE', *, *, #2079, .T. ) ;
#1890 = CARTESIAN_POINT ( 'NONE',  ( 25.98076211353316367, 11.00000000000000178, 14.99999999999999467 ) ) ;
#1891 = FACE_OUTER_BOUND ( 'NONE', #503, .T. ) ;
#1892 = ORIENTED_EDGE ( 'NONE', *, *, #961, .F. ) ;
#1893 = EDGE_LOOP ( 'NONE', ( #737, #1558, #782, #3109 ) ) ;
#1894 = CARTESIAN_POINT ( 'NONE',  ( -21.39877161664095695, 0.000000000000000000, -9.077882373436322538 ) ) ;
#1895 = FACE_OUTER_BOUND ( 'NONE', #3449, .T. ) ;
#1896 = ORIENTED_EDGE ( 'NONE', *, *, #364, .T. ) ;
#1897 = EDGE_CURVE ( 'NONE', #2687, #3430, #1957, .T. ) ;
#1898 = DIRECTION ( 'NONE',  ( 0.000000000000000000, 1.000000000000000000, 0.000000000000000000 ) ) ;
#1899 = VECTOR ( 'NONE', #2520, 1000.000000000000000 ) ;
#1900 = PERSON_AND_ORGANIZATION ( #2646, #1475 ) ;
#1901 = ADVANCED_FACE ( 'NONE', ( #3222 ), #442, .T. ) ;
#1902 = AXIS2_PLACEMENT_3D ( 'NONE', #1357, #2477, #2784 ) ;
#1903 = ORIENTED_EDGE ( 'NONE', *, *, #298, .T. ) ;
#1904 = CIRCLE ( 'NONE', #338, 2.100000000000002753 ) ;
#1905 = CARTESIAN_POINT ( 'NONE',  ( -18.46271882528824904, 3.200000000000000178, -10.21369934771183097 ) ) ;
#1906 = CIRCLE ( 'NONE', #2376, 4.499999999999999112 ) ;
#1907 = DIRECTION ( 'NONE',  ( -0.8660254037844401509, 0.000000000000000000, -0.4999999999999973910 ) ) ;
#1908 = FACE_OUTER_BOUND ( 'NONE', #1237, .T. ) ;
#1909 = CARTESIAN_POINT ( 'NONE',  ( -2.094888803305880013E-13, 11.00000000000000178, 30.00000000000000000 ) ) ;
#1910 = LINE ( 'NONE', #2767, #2726 ) ;
#1911 = DIRECTION ( 'NONE',  ( 0.000000000000000000, -1.000000000000000000, 0.000000000000000000 ) ) ;
#1912 = ORIENTED_EDGE ( 'NONE', *, *, #1855, .F. ) ;
#1913 = VECTOR ( 'NONE', #1998, 1000.000000000000000 ) ;
#1914 = ORIENTED_EDGE ( 'NONE', *, *, #451, .T. ) ;
#1915 = DIRECTION ( 'NONE',  ( 0.1045284632676559688, 0.000000000000000000, 0.9945218953682730678 ) ) ;
#1916 = CARTESIAN_POINT ( 'NONE',  ( -11.03123715366006863, 3.200000000000000178, 22.00288237343632503 ) ) ;
#1917 = VECTOR ( 'NONE', #1823, 1000.000000000000000 ) ;
#1918 = EDGE_LOOP ( 'NONE', ( #1095, #1541, #1089, #2095 ) ) ;
#1919 = FACE_BOUND ( 'NONE', #2522, .T. ) ;
#1920 = COORDINATED_UNIVERSAL_TIME_OFFSET ( 5, 0, .BEHIND. ) ;
#1921 = ADVANCED_FACE ( 'NONE', ( #478 ), #2457, .F. ) ;
#1922 = VERTEX_POINT ( 'NONE', #177 ) ;
#1923 = DIRECTION ( 'NONE',  ( 0.000000000000000000, -1.000000000000000000, 0.000000000000000000 ) ) ;
#1924 = DIRECTION ( 'NONE',  ( 0.000000000000000000, 1.000000000000000000, -0.000000000000000000 ) ) ;
#1925 = DIRECTION ( 'NONE',  ( 0.000000000000000000, 0.000000000000000000, 1.000000000000000000 ) ) ;
#1926 = CARTESIAN_POINT ( 'NONE',  ( 4.008511440740559095, 3.200000000000000178, -20.71529572119486673 ) ) ;
#1927 = DIRECTION ( 'NONE',  ( -0.000000000000000000, -1.000000000000000000, -0.000000000000000000 ) ) ;
#1928 = DIRECTION ( 'NONE',  ( 0.000000000000000000, 0.000000000000000000, 1.000000000000000000 ) ) ;
#1929 = ORIENTED_EDGE ( 'NONE', *, *, #812, .F. ) ;
#1930 = ORIENTED_EDGE ( 'NONE', *, *, #1677, .F. ) ;
#1931 = CARTESIAN_POINT ( 'NONE',  ( -20.04284767550321789, 3.200000000000000178, -2.779777582134901781 ) ) ;
#1932 = DIRECTION ( 'NONE',  ( 0.000000000000000000, 1.000000000000000000, 0.000000000000000000 ) ) ;
#1933 = CARTESIAN_POINT ( 'NONE',  ( 17.39026017590039785, 0.000000000000000000, -5.168178094631182162 ) ) ;
#1934 = DATE_AND_TIME ( #828, #3129 ) ;
#1935 = VERTEX_POINT ( 'NONE', #731 ) ;
#1936 = VECTOR ( 'NONE', #13, 1000.000000000000000 ) ;
#1937 = DIRECTION ( 'NONE',  ( 0.000000000000000000, -1.000000000000000000, 0.000000000000000000 ) ) ;
#1938 = LINE ( 'NONE', #2204, #2057 ) ;
#1939 = EDGE_CURVE ( 'NONE', #986, #3072, #1204, .T. ) ;
#1940 = CARTESIAN_POINT ( 'NONE',  ( -15.41909919950121655, 3.200000000000000178, 22.00288237343632147 ) ) ;
#1941 = CARTESIAN_POINT ( 'NONE',  ( 0.000000000000000000, 0.000000000000000000, -20.37499999999999645 ) ) ;
#1942 = CARTESIAN_POINT ( 'NONE',  ( -8.499584931042429403, 14.50000000000000000, 29.91599999999993997 ) ) ;
#1943 = EDGE_CURVE ( 'NONE', #2789, #2340, #865, .T. ) ;
#1944 = CARTESIAN_POINT ( 'NONE',  ( -20.04284767550321789, 3.200000000000000178, -2.779777582134901781 ) ) ;
#1945 = ADVANCED_FACE ( 'NONE', ( #1370, #515 ), #1354, .T. ) ;
#1946 = ORIENTED_EDGE ( 'NONE', *, *, #3484, .F. ) ;
#1947 = ORIENTED_EDGE ( 'NONE', *, *, #920, .T. ) ;
#1948 = CARTESIAN_POINT ( 'NONE',  ( 17.39026017590039785, 3.200000000000000178, -5.168178094631182162 ) ) ;
#1949 = DIRECTION ( 'NONE',  ( 0.000000000000000000, 1.000000000000000000, 0.000000000000000000 ) ) ;
#1950 = CARTESIAN_POINT ( 'NONE',  ( 10.82531754730548634, 7.000000000000000000, 8.374999999999996447 ) ) ;
#1951 = VERTEX_POINT ( 'NONE', #2255 ) ;
#1952 = VECTOR ( 'NONE', #553, 1000.000000000000000 ) ;
#1953 = DIRECTION ( 'NONE',  ( -0.3090169943749466186, 0.000000000000000000, -0.9510565162951538642 ) ) ;
#1954 = DIRECTION ( 'NONE',  ( 0.000000000000000000, 0.000000000000000000, 1.000000000000000000 ) ) ;
#1955 = VECTOR ( 'NONE', #3462, 1000.000000000000000 ) ;
#1956 = VECTOR ( 'NONE', #1001, 1000.000000000000000 ) ;
#1957 = CIRCLE ( 'NONE', #46, 4.000000000000000000 ) ;
#1958 = LINE ( 'NONE', #2554, #2257 ) ;
#1959 = CARTESIAN_POINT ( 'NONE',  ( 8.933191444090194722, 3.200000000000000178, 19.11517019046223353 ) ) ;
#1960 = DIRECTION ( 'NONE',  ( -0.000000000000000000, -1.000000000000000000, -0.000000000000000000 ) ) ;
#1961 = CARTESIAN_POINT ( 'NONE',  ( 30.15780844513639281, 11.00000000000000000, -7.597143528093958764 ) ) ;
#1962 = VERTEX_POINT ( 'NONE', #1702 ) ;
#1963 = ADVANCED_FACE ( 'NONE', ( #1102, #3365 ), #1389, .T. ) ;
#1964 = EDGE_CURVE ( 'NONE', #1303, #2500, #157, .T. ) ;
#1965 = ORIENTED_EDGE ( 'NONE', *, *, #3011, .F. ) ;
#1966 = DIRECTION ( 'NONE',  ( 0.000000000000000000, 0.000000000000000000, -1.000000000000000000 ) ) ;
#1967 = DIRECTION ( 'NONE',  ( 0.000000000000000000, 1.000000000000000000, 0.000000000000000000 ) ) ;
#1968 = EDGE_CURVE ( 'NONE', #1455, #1962, #1133, .T. ) ;
#1969 = FACE_OUTER_BOUND ( 'NONE', #2378, .T. ) ;
#1970 = PERSON_AND_ORGANIZATION ( #2646, #1475 ) ;
#1971 = AXIS2_PLACEMENT_3D ( 'NONE', #1789, #2653, #2635 ) ;
#1972 = EDGE_LOOP ( 'NONE', ( #3431, #3139, #292, #2853 ) ) ;
#1973 = CARTESIAN_POINT ( 'NONE',  ( -10.82531754730548634, 0.000000000000000000, 8.374999999999996447 ) ) ;
#1974 = CYLINDRICAL_SURFACE ( 'NONE', #3304, 2.100000000000000977 ) ;
#1975 = CIRCLE ( 'NONE', #1806, 2.099999999999997868 ) ;
#1976 = CARTESIAN_POINT ( 'NONE',  ( 25.98076211353315657, 14.50000000000000000, -15.00000000000000355 ) ) ;
#1977 = CARTESIAN_POINT ( 'NONE',  ( 28.19213958320540314, 11.00000000000000178, 11.08084069134402938 ) ) ;
#1978 = DIRECTION ( 'NONE',  ( 0.000000000000000000, 0.000000000000000000, -1.000000000000000000 ) ) ;
#1979 = FACE_OUTER_BOUND ( 'NONE', #273, .T. ) ;
#1980 = CIRCLE ( 'NONE', #463, 4.000000000000000000 ) ;
#1981 = EDGE_LOOP ( 'NONE', ( #2612, #962, #3453, #736 ) ) ;
#1982 = ORIENTED_EDGE ( 'NONE', *, *, #3420, .T. ) ;
#1983 = LINE ( 'NONE', #3137, #2258 ) ;
#1984 = CARTESIAN_POINT ( 'NONE',  ( -22.75469555777869601, 3.200000000000000178, -11.12598716473773486 ) ) ;
#1985 = EDGE_CURVE ( 'NONE', #735, #2072, #530, .T. ) ;
#1986 = EDGE_CURVE ( 'NONE', #2286, #3083, #2553, .T. ) ;
#1987 = ORIENTED_EDGE ( 'NONE', *, *, #1830, .F. ) ;
#1988 = VERTEX_POINT ( 'NONE', #1661 ) ;
#1989 = VECTOR ( 'NONE', #1300, 1000.000000000000000 ) ;
#1990 = ORIENTED_EDGE ( 'NONE', *, *, #2170, .F. ) ;
#1991 = CARTESIAN_POINT ( 'NONE',  ( 20.94011513995872775, 3.200000000000000178, -2.589057494991861663 ) ) ;
#1992 = EDGE_CURVE ( 'NONE', #3163, #2387, #862, .T. ) ;
#1993 = VECTOR ( 'NONE', #1484, 1000.000000000000000 ) ;
#1994 = VERTEX_POINT ( 'NONE', #847 ) ;
#1995 = CARTESIAN_POINT ( 'NONE',  ( 0.000000000000000000, 11.00000000000000000, 0.000000000000000000 ) ) ;
#1996 = CARTESIAN_POINT ( 'NONE',  ( 30.15780844513639281, 14.50000000000000000, -7.597143528093958764 ) ) ;
#1997 = CARTESIAN_POINT ( 'NONE',  ( 25.98076211353309262, 11.00000000000000178, 15.00000000000012257 ) ) ;
#1998 = DIRECTION ( 'NONE',  ( 0.6691306063588579045, 0.000000000000000000, -0.7431448254773945772 ) ) ;
#1999 = CARTESIAN_POINT ( 'NONE',  ( 0.000000000000000000, 0.000000000000000000, 0.000000000000000000 ) ) ;
#2000 = CARTESIAN_POINT ( 'NONE',  ( -23.69235932559504221, 11.00000000000000178, 18.87468872042058621 ) ) ;
#2001 = AXIS2_PLACEMENT_3D ( 'NONE', #1230, #1211, #3443 ) ;
#2002 = ORIENTED_EDGE ( 'NONE', *, *, #59, .T. ) ;
#2003 = EDGE_LOOP ( 'NONE', ( #2752, #607, #823, #3562 ) ) ;
#2004 = VERTEX_POINT ( 'NONE', #1645 ) ;
#2005 = DIRECTION ( 'NONE',  ( 0.000000000000000000, 1.000000000000000000, 0.000000000000000000 ) ) ;
#2006 = CARTESIAN_POINT ( 'NONE',  ( 10.82531754730548634, 14.50000000000000000, 8.374999999999996447 ) ) ;
#2007 = ORIENTED_EDGE ( 'NONE', *, *, #1011, .T. ) ;
#2008 = DIRECTION ( 'NONE',  ( -0.000000000000000000, -1.000000000000000000, -0.000000000000000000 ) ) ;
#2009 = VERTEX_POINT ( 'NONE', #2202 ) ;
#2010 = ADVANCED_FACE ( 'NONE', ( #792 ), #2222, .F. ) ;
#2011 = EDGE_CURVE ( 'NONE', #486, #3206, #1906, .T. ) ;
#2012 = DIRECTION ( 'NONE',  ( 0.000000000000000000, 1.000000000000000000, 0.000000000000000000 ) ) ;
#2013 = CYLINDRICAL_SURFACE ( 'NONE', #3362, 2.124999999999998224 ) ;
#2014 = CARTESIAN_POINT ( 'NONE',  ( -11.03123715366005975, 0.000000000000000000, 14.40288237343632538 ) ) ;
#2015 = CIRCLE ( 'NONE', #729, 35.10000000000000142 ) ;
#2016 = FACE_OUTER_BOUND ( 'NONE', #2171, .T. ) ;
#2017 = DIRECTION ( 'NONE',  ( -0.000000000000000000, -1.000000000000000000, -0.000000000000000000 ) ) ;
#2018 = CIRCLE ( 'NONE', #2975, 2.100000000000000977 ) ;
#2019 = ORIENTED_EDGE ( 'NONE', *, *, #734, .T. ) ;
#2020 = VERTEX_POINT ( 'NONE', #3382 ) ;
#2021 = VECTOR ( 'NONE', #1416, 1000.000000000000000 ) ;
#2022 = VERTEX_POINT ( 'NONE', #2840 ) ;
#2023 = DIRECTION ( 'NONE',  ( -0.2079116908177600920, 0.000000000000000000, 0.9781476007338054668 ) ) ;
#2024 = DIRECTION ( 'NONE',  ( 0.000000000000000000, 1.000000000000000000, 0.000000000000000000 ) ) ;
#2025 = ORIENTED_EDGE ( 'NONE', *, *, #364, .F. ) ;
#2026 = VERTEX_POINT ( 'NONE', #28 ) ;
#2027 = FACE_OUTER_BOUND ( 'NONE', #592, .T. ) ;
#2028 = ORIENTED_EDGE ( 'NONE', *, *, #3370, .T. ) ;
#2029 = VECTOR ( 'NONE', #1533, 1000.000000000000000 ) ;
#2030 = CARTESIAN_POINT ( 'NONE',  ( -18.46271882528824904, 3.200000000000000178, -10.21369934771183097 ) ) ;
#2031 = CARTESIAN_POINT ( 'NONE',  ( 8.499584931042221569, 11.00000000000000000, -33.91600000000000392 ) ) ;
#2032 = EDGE_CURVE ( 'NONE', #3410, #1805, #2080, .T. ) ;
#2033 = VECTOR ( 'NONE', #2008, 1000.000000000000000 ) ;
#2034 = CIRCLE ( 'NONE', #1275, 4.000000000000000000 ) ;
#2035 = PLANE ( 'NONE',  #2429 ) ;
#2036 = CARTESIAN_POINT ( 'NONE',  ( 11.86924423544291152, 3.200000000000000178, 22.37598716473772953 ) ) ;
#2037 = EDGE_CURVE ( 'NONE', #2926, #2009, #1423, .T. ) ;
#2038 = CIRCLE ( 'NONE', #522, 4.000000000000000000 ) ;
#2039 = ORIENTED_EDGE ( 'NONE', *, *, #1449, .F. ) ;
#2040 = ORIENTED_EDGE ( 'NONE', *, *, #3505, .F. ) ;
#2041 = ORIENTED_EDGE ( 'NONE', *, *, #444, .T. ) ;
#2042 = CARTESIAN_POINT ( 'NONE',  ( 30.15780844513639281, 14.50000000000000000, -11.59714352809395876 ) ) ;
#2043 = VECTOR ( 'NONE', #606, 1000.000000000000000 ) ;
#2044 = DIRECTION ( 'NONE',  ( -0.000000000000000000, 1.000000000000000000, -0.000000000000000000 ) ) ;
#2045 = EDGE_LOOP ( 'NONE', ( #864, #348 ) ) ;
#2046 = CYLINDRICAL_SURFACE ( 'NONE', #810, 7.500000000000000000 ) ;
#2047 = ORIENTED_EDGE ( 'NONE', *, *, #2790, .T. ) ;
#2048 = DIRECTION ( 'NONE',  ( -0.000000000000000000, -1.000000000000000000, -0.000000000000000000 ) ) ;
#2049 = CARTESIAN_POINT ( 'NONE',  ( 0.000000000000000000, 11.00000000000000178, -30.00000000000000000 ) ) ;
#2050 = VECTOR ( 'NONE', #1816, 1000.000000000000000 ) ;
#2051 = DIRECTION ( 'NONE',  ( 0.000000000000000000, 0.000000000000000000, -1.000000000000000000 ) ) ;
#2052 = DIRECTION ( 'NONE',  ( -0.000000000000000000, -1.000000000000000000, -0.000000000000000000 ) ) ;
#2053 = EDGE_LOOP ( 'NONE', ( #1763, #2306, #1324, #3250 ) ) ;
#2054 = VERTEX_POINT ( 'NONE', #1081 ) ;
#2055 = ADVANCED_FACE ( 'NONE', ( #2531 ), #831, .F. ) ;
#2056 = ORIENTED_EDGE ( 'NONE', *, *, #102, .T. ) ;
#2057 = VECTOR ( 'NONE', #1371, 1000.000000000000000 ) ;
#2058 = ADVANCED_FACE ( 'NONE', ( #3333, #814, #374, #1463, #2313, #406, #3197, #1566 ), #3442, .T. ) ;
#2059 = CARTESIAN_POINT ( 'NONE',  ( 4.008511440740559095, 3.200000000000000178, -20.71529572119486673 ) ) ;
#2060 = CARTESIAN_POINT ( 'NONE',  ( 21.85742809332320036, 3.200000000000000178, -11.31670725188077320 ) ) ;
#2061 = ORIENTED_EDGE ( 'NONE', *, *, #1985, .F. ) ;
#2062 = DIRECTION ( 'NONE',  ( 0.000000000000000000, 0.000000000000000000, 1.000000000000000000 ) ) ;
#2063 = VERTEX_POINT ( 'NONE', #2694 ) ;
#2064 = DIRECTION ( 'NONE',  ( 0.9135454576426015327, 0.000000000000000000, -0.4067366430757990980 ) ) ;
#2065 = DIRECTION ( 'NONE',  ( -0.000000000000000000, -1.000000000000000000, -0.000000000000000000 ) ) ;
#2066 = CARTESIAN_POINT ( 'NONE',  ( -25.98076211353315301, 0.000000000000000000, 12.90000000000001279 ) ) ;
#2067 = CARTESIAN_POINT ( 'NONE',  ( -11.03123715366005975, 0.000000000000000000, 14.40288237343632538 ) ) ;
#2068 = FACE_OUTER_BOUND ( 'NONE', #1452, .T. ) ;
#2069 = EDGE_CURVE ( 'NONE', #3528, #2541, #918, .T. ) ;
#2070 = ORIENTED_EDGE ( 'NONE', *, *, #2911, .T. ) ;
#2071 = ORIENTED_EDGE ( 'NONE', *, *, #714, .T. ) ;
#2072 = VERTEX_POINT ( 'NONE', #1776 ) ;
#2073 = DIRECTION ( 'NONE',  ( 0.000000000000000000, -1.000000000000000000, 0.000000000000000000 ) ) ;
#2074 = PLANE ( 'NONE',  #2096 ) ;
#2075 = VECTOR ( 'NONE', #2917, 1000.000000000000000 ) ;
#2076 = EDGE_CURVE ( 'NONE', #2597, #700, #443, .T. ) ;
#2077 = VERTEX_POINT ( 'NONE', #83 ) ;
#2078 = AXIS2_PLACEMENT_3D ( 'NONE', #2942, #416, #2649 ) ;
#2079 = EDGE_CURVE ( 'NONE', #2101, #1994, #2297, .T. ) ;
#2080 = CIRCLE ( 'NONE', #1319, 4.000000000000000000 ) ;
#2081 = CARTESIAN_POINT ( 'NONE',  ( -17.61303022242179139, 0.000000000000000000, 18.20288237343632431 ) ) ;
#2082 = CIRCLE ( 'NONE', #2860, 2.124999999999998224 ) ;
#2083 = EDGE_CURVE ( 'NONE', #2433, #2340, #621, .T. ) ;
#2084 = EDGE_LOOP ( 'NONE', ( #3448, #1546, #1581, #613 ) ) ;
#2085 = CARTESIAN_POINT ( 'NONE',  ( 0.000000000000000000, 0.9999999999999870104, 0.000000000000000000 ) ) ;
#2086 = LINE ( 'NONE', #1482, #1125 ) ;
#2087 = DIRECTION ( 'NONE',  ( 0.000000000000000000, 0.000000000000000000, -1.000000000000000000 ) ) ;
#2088 = DIRECTION ( 'NONE',  ( 0.9945218953682734009, -0.000000000000000000, 0.1045284632676533876 ) ) ;
#2089 = AXIS2_PLACEMENT_3D ( 'NONE', #2555, #52, #3047 ) ;
#2090 = ORIENTED_EDGE ( 'NONE', *, *, #1363, .T. ) ;
#2091 = EDGE_LOOP ( 'NONE', ( #3154, #413, #1174, #1284 ) ) ;
#2092 = EDGE_LOOP ( 'NONE', ( #455, #802, #2061, #757 ) ) ;
#2093 = CARTESIAN_POINT ( 'NONE',  ( -10.82531754730548634, 0.000000000000000000, 4.124999999999999112 ) ) ;
#2094 = CARTESIAN_POINT ( 'NONE',  ( -13.22516817658064525, 3.200000000000000178, 20.32788237343631721 ) ) ;
#2095 = ORIENTED_EDGE ( 'NONE', *, *, #3257, .T. ) ;
#2096 = AXIS2_PLACEMENT_3D ( 'NONE', #3210, #3177, #2943 ) ;
#2097 = CC_DESIGN_PERSON_AND_ORGANIZATION_ASSIGNMENT ( #2252, #1152, ( #2764 ) ) ;
#2098 = CARTESIAN_POINT ( 'NONE',  ( -10.82531754730548634, 0.000000000000000000, 6.249999999999998224 ) ) ;
#2099 = ORIENTED_EDGE ( 'NONE', *, *, #1100, .F. ) ;
#2100 = VECTOR ( 'NONE', #1268, 1000.000000000000000 ) ;
#2101 = VERTEX_POINT ( 'NONE', #955 ) ;
#2102 = EDGE_CURVE ( 'NONE', #2500, #1303, #220, .T. ) ;
#2103 = CARTESIAN_POINT ( 'NONE',  ( 0.000000000000000000, 7.000000000000000000, 7.500000000000000000 ) ) ;
#2104 = CARTESIAN_POINT ( 'NONE',  ( 9.592779134391701490, 14.50000000000000000, -33.76371704180064626 ) ) ;
#2105 = ADVANCED_FACE ( 'NONE', ( #1739 ), #1758, .T. ) ;
#2106 = CARTESIAN_POINT ( 'NONE',  ( 0.000000000000000000, 10.00000000000000000, 0.000000000000000000 ) ) ;
#2107 = DIRECTION ( 'NONE',  ( -0.4999999999999973910, 0.000000000000000000, 0.8660254037844401509 ) ) ;
#2108 = ORIENTED_EDGE ( 'NONE', *, *, #1316, .T. ) ;
#2109 = CARTESIAN_POINT ( 'NONE',  ( -4.008511440740559983, 0.000000000000000000, -24.28470427880515814 ) ) ;
#2110 = ORIENTED_EDGE ( 'NONE', *, *, #834, .F. ) ;
#2111 = CARTESIAN_POINT ( 'NONE',  ( 0.000000000000000000, 7.000000000000000000, 0.000000000000000000 ) ) ;
#2112 = DIRECTION ( 'NONE',  ( -0.9135454576426005335, 0.000000000000000000, -0.4067366430758011520 ) ) ;
#2113 = ORIENTED_EDGE ( 'NONE', *, *, #1266, .T. ) ;
#2114 = VECTOR ( 'NONE', #1103, 1000.000000000000227 ) ;
#2115 = EDGE_LOOP ( 'NONE', ( #2028, #2188, #1729, #1398 ) ) ;
#2116 = FACE_OUTER_BOUND ( 'NONE', #1562, .T. ) ;
#2117 = ORIENTED_EDGE ( 'NONE', *, *, #3194, .F. ) ;
#2118 = EDGE_CURVE ( 'NONE', #735, #312, #3164, .T. ) ;
#2119 = DIRECTION ( 'NONE',  ( -0.000000000000000000, -1.000000000000000000, -0.000000000000000000 ) ) ;
#2120 = DIRECTION ( 'NONE',  ( 0.000000000000000000, 1.000000000000000000, 0.000000000000000000 ) ) ;
#2121 = EDGE_CURVE ( 'NONE', #3226, #311, #2621, .T. ) ;
#2122 = EDGE_CURVE ( 'NONE', #2630, #2654, #3090, .T. ) ;
#2123 = DIRECTION ( 'NONE',  ( 0.000000000000000000, 0.000000000000000000, 1.000000000000000000 ) ) ;
#2124 = FACE_OUTER_BOUND ( 'NONE', #395, .T. ) ;
#2125 = EDGE_CURVE ( 'NONE', #1818, #3502, #2432, .T. ) ;
#2126 = ORIENTED_EDGE ( 'NONE', *, *, #1807, .T. ) ;
#2127 = DIRECTION ( 'NONE',  ( 0.000000000000000000, 1.000000000000000000, 0.000000000000000000 ) ) ;
#2128 = ORIENTED_EDGE ( 'NONE', *, *, #3318, .T. ) ;
#2129 = DIRECTION ( 'NONE',  ( 0.000000000000000000, 0.000000000000000000, 1.000000000000000000 ) ) ;
#2130 = DIRECTION ( 'NONE',  ( 0.000000000000000000, 0.000000000000000000, 1.000000000000000000 ) ) ;
#2131 = ORIENTED_EDGE ( 'NONE', *, *, #2440, .T. ) ;
#2132 = VECTOR ( 'NONE', #2207, 1000.000000000000000 ) ;
#2133 = EDGE_LOOP ( 'NONE', ( #1617, #418 ) ) ;
#2134 = DIRECTION ( 'NONE',  ( 0.000000000000000000, 0.000000000000000000, 1.000000000000000000 ) ) ;
#2135 = CYLINDRICAL_SURFACE ( 'NONE', #352, 35.10000000000000142 ) ;
#2136 = CIRCLE ( 'NONE', #2968, 7.500000000000000000 ) ;
#2137 = AXIS2_PLACEMENT_3D ( 'NONE', #3564, #1040, #803 ) ;
#2138 = APPLICATION_CONTEXT ( 'configuration controlled 3d designs of mechanical parts and assemblies' ) ;
#2139 = VERTEX_POINT ( 'NONE', #601 ) ;
#2140 = FACE_BOUND ( 'NONE', #620, .T. ) ;
#2141 = CARTESIAN_POINT ( 'NONE',  ( 25.98076211353316367, 14.50000000000000000, 14.99999999999999467 ) ) ;
#2142 = DIRECTION ( 'NONE',  ( -0.000000000000000000, -1.000000000000000000, -0.000000000000000000 ) ) ;
#2143 = DIRECTION ( 'NONE',  ( 0.000000000000000000, 1.000000000000000000, 0.000000000000000000 ) ) ;
#2144 = EDGE_CURVE ( 'NONE', #3592, #2174, #2732, .T. ) ;
#2145 = EDGE_CURVE ( 'NONE', #947, #1529, #2199, .T. ) ;
#2146 = EDGE_LOOP ( 'NONE', ( #464, #3014 ) ) ;
#2147 = VECTOR ( 'NONE', #438, 1000.000000000000000 ) ;
#2148 = CARTESIAN_POINT ( 'NONE',  ( -11.03123715366005975, 3.200000000000000178, 14.40288237343632538 ) ) ;
#2149 = ORIENTED_EDGE ( 'NONE', *, *, #1897, .T. ) ;
#2150 = LINE ( 'NONE', #1559, #727 ) ;
#2151 = DIRECTION ( 'NONE',  ( 0.000000000000000000, 0.000000000000000000, 1.000000000000000000 ) ) ;
#2152 = ADVANCED_FACE ( 'NONE', ( #1210 ), #1228, .F. ) ;
#2153 = EDGE_LOOP ( 'NONE', ( #1273, #2930, #2110, #2369 ) ) ;
#2154 = VERTEX_POINT ( 'NONE', #3473 ) ;
#2155 = LINE ( 'NONE', #1931, #2552 ) ;
#2156 = DIRECTION ( 'NONE',  ( -0.000000000000000000, 1.000000000000000000, -0.000000000000000000 ) ) ;
#2157 = VECTOR ( 'NONE', #1932, 1000.000000000000000 ) ;
#2158 = ORIENTED_EDGE ( 'NONE', *, *, #695, .F. ) ;
#2159 = DIRECTION ( 'NONE',  ( 0.000000000000000000, 0.000000000000000000, 1.000000000000000000 ) ) ;
#2160 = FACE_OUTER_BOUND ( 'NONE', #447, .T. ) ;
#2161 = CIRCLE ( 'NONE', #1691, 2.099999999999997868 ) ;
#2162 = CARTESIAN_POINT ( 'NONE',  ( -25.98076211353315301, 0.000000000000000000, 17.10000000000001563 ) ) ;
#2163 = DIRECTION ( 'NONE',  ( -0.000000000000000000, -1.000000000000000000, -0.000000000000000000 ) ) ;
#2164 = EDGE_LOOP ( 'NONE', ( #1834, #3518 ) ) ;
#2165 = DIRECTION ( 'NONE',  ( 0.000000000000000000, 1.000000000000000000, 0.000000000000000000 ) ) ;
#2166 = ORIENTED_EDGE ( 'NONE', *, *, #648, .F. ) ;
#2167 = DIRECTION ( 'NONE',  ( 0.000000000000000000, 0.000000000000000000, -1.000000000000000000 ) ) ;
#2168 = DIRECTION ( 'NONE',  ( 0.000000000000000000, 0.000000000000000000, 1.000000000000000000 ) ) ;
#2169 = ADVANCED_FACE ( 'NONE', ( #1443 ), #68, .F. ) ;
#2170 = EDGE_CURVE ( 'NONE', #2540, #896, #1548, .T. ) ;
#2171 = EDGE_LOOP ( 'NONE', ( #1859, #701, #1440, #2704 ) ) ;
#2172 = DIRECTION ( 'NONE',  ( 0.000000000000000000, 1.000000000000000000, 0.000000000000000000 ) ) ;
#2173 = CARTESIAN_POINT ( 'NONE',  ( 0.000000000000000000, 14.50000000000000000, 0.000000000000000000 ) ) ;
#2174 = VERTEX_POINT ( 'NONE', #3600 ) ;
#2175 = DIRECTION ( 'NONE',  ( -0.000000000000000000, -1.000000000000000000, -0.000000000000000000 ) ) ;
#2176 = AXIS2_PLACEMENT_3D ( 'NONE', #3366, #848, #1954 ) ;
#2177 = CYLINDRICAL_SURFACE ( 'NONE', #3476, 4.000000000000000000 ) ;
#2178 = AXIS2_PLACEMENT_3D ( 'NONE', #2595, #1471, #91 ) ;
#2179 = ORIENTED_EDGE ( 'NONE', *, *, #3194, .T. ) ;
#2180 = CC_DESIGN_SECURITY_CLASSIFICATION ( #713, ( #318 ) ) ;
#2181 = DIRECTION ( 'NONE',  ( 0.000000000000000000, 1.000000000000000000, 0.000000000000000000 ) ) ;
#2182 = DIRECTION ( 'NONE',  ( -0.000000000000000000, 1.000000000000000000, -0.000000000000000000 ) ) ;
#2183 = DIRECTION ( 'NONE',  ( 0.000000000000000000, 0.000000000000000000, 1.000000000000000000 ) ) ;
#2184 = ORIENTED_EDGE ( 'NONE', *, *, #2192, .F. ) ;
#2185 = CARTESIAN_POINT ( 'NONE',  ( 4.499780257610377809, 11.00000000000000178, 29.95552941176473638 ) ) ;
#2186 = DIRECTION ( 'NONE',  ( 0.000000000000000000, 1.000000000000000000, 0.000000000000000000 ) ) ;
#2187 = ADVANCED_FACE ( 'NONE', ( #222 ), #203, .F. ) ;
#2188 = ORIENTED_EDGE ( 'NONE', *, *, #714, .F. ) ;
#2189 = ORIENTED_EDGE ( 'NONE', *, *, #2697, .F. ) ;
#2190 = DIRECTION ( 'NONE',  ( 0.000000000000000000, 0.000000000000000000, 1.000000000000000000 ) ) ;
#2191 = DIRECTION ( 'NONE',  ( 0.000000000000000000, 0.000000000000000000, -1.000000000000000000 ) ) ;
#2192 = EDGE_CURVE ( 'NONE', #27, #3557, #2018, .T. ) ;
#2193 = EDGE_CURVE ( 'NONE', #1860, #2009, #2082, .T. ) ;
#2194 = CIRCLE ( 'NONE', #612, 2.125000000000001776 ) ;
#2195 = ORIENTED_EDGE ( 'NONE', *, *, #3061, .T. ) ;
#2196 = FACE_BOUND ( 'NONE', #2474, .T. ) ;
#2197 = VECTOR ( 'NONE', #71, 1000.000000000000000 ) ;
#2198 = PERSON_AND_ORGANIZATION ( #2646, #1475 ) ;
#2199 = CIRCLE ( 'NONE', #3326, 15.09999999999999964 ) ;
#2200 = ORIENTED_EDGE ( 'NONE', *, *, #2643, .F. ) ;
#2201 = AXIS2_PLACEMENT_3D ( 'NONE', #686, #381, #1769 ) ;
#2202 = CARTESIAN_POINT ( 'NONE',  ( -10.82531754730548634, 14.50000000000000000, 8.374999999999996447 ) ) ;
#2203 = AXIS2_PLACEMENT_3D ( 'NONE', #1553, #3004, #2418 ) ;
#2204 = CARTESIAN_POINT ( 'NONE',  ( -17.10679488415050287, 3.200000000000000178, -6.040594556410403548 ) ) ;
#2205 = FACE_OUTER_BOUND ( 'NONE', #2267, .T. ) ;
#2206 = CYLINDRICAL_SURFACE ( 'NONE', #283, 4.499999999999997335 ) ;
#2207 = DIRECTION ( 'NONE',  ( -0.000000000000000000, -1.000000000000000000, -0.000000000000000000 ) ) ;
#2208 = VECTOR ( 'NONE', #1688, 1000.000000000000000 ) ;
#2209 = CARTESIAN_POINT ( 'NONE',  ( -8.837306130739486676, 3.200000000000000178, 18.20288237343632431 ) ) ;
#2210 = ORIENTED_EDGE ( 'NONE', *, *, #1077, .F. ) ;
#2211 = CIRCLE ( 'NONE', #1556, 35.10000000000000142 ) ;
#2212 = EDGE_LOOP ( 'NONE', ( #2285, #1143, #2777, #3523 ) ) ;
#2213 = DIRECTION ( 'NONE',  ( 0.000000000000000000, 0.000000000000000000, 1.000000000000000000 ) ) ;
#2214 = CARTESIAN_POINT ( 'NONE',  ( 8.499584931042221569, 11.00000000000000178, -33.91600000000000392 ) ) ;
#2215 = EDGE_LOOP ( 'NONE', ( #830, #3613 ) ) ;
#2216 = CARTESIAN_POINT ( 'NONE',  ( -10.82531754730548634, 7.000000000000000000, 4.124999999999999112 ) ) ;
#2217 = CALENDAR_DATE ( 2026, 24, 8 ) ;
#2218 = AXIS2_PLACEMENT_3D ( 'NONE', #3522, #1600, #453 ) ;
#2219 = EDGE_CURVE ( 'NONE', #575, #3605, #2803, .T. ) ;
#2220 = EDGE_CURVE ( 'NONE', #1434, #1738, #2484, .T. ) ;
#2221 = CIRCLE ( 'NONE', #697, 2.125000000000002665 ) ;
#2222 = CYLINDRICAL_SURFACE ( 'NONE', #2920, 2.124999999999998224 ) ;
#2223 = CARTESIAN_POINT ( 'NONE',  ( -34.03662625158467847, 14.50000000000000000, -8.574268097624209162 ) ) ;
#2224 = CARTESIAN_POINT ( 'NONE',  ( 16.16122096793336382, 3.200000000000000178, 21.46369934771182386 ) ) ;
#2225 = CARTESIAN_POINT ( 'NONE',  ( 2.571758278209441464E-16, 11.00000000000000178, -27.89999999999999858 ) ) ;
#2226 = LINE ( 'NONE', #3369, #2780 ) ;
#2227 = DIRECTION ( 'NONE',  ( -0.000000000000000000, -1.000000000000000000, -0.000000000000000000 ) ) ;
#2228 = ORIENTED_EDGE ( 'NONE', *, *, #1943, .T. ) ;
#2229 = VERTEX_POINT ( 'NONE', #2729 ) ;
#2230 = CARTESIAN_POINT ( 'NONE',  ( 3.469446951953614189E-15, 11.00000000000000178, 30.00000000000000000 ) ) ;
#2231 = CARTESIAN_POINT ( 'NONE',  ( 8.499584931042221569, 11.00000000000000000, -29.91599999999999682 ) ) ;
#2232 = CIRCLE ( 'NONE', #3404, 35.10000000000000142 ) ;
#2233 = VERTEX_POINT ( 'NONE', #3322 ) ;
#2234 = CYLINDRICAL_SURFACE ( 'NONE', #987, 4.000000000000000000 ) ;
#2235 = DATE_AND_TIME ( #1402, #1414 ) ;
#2236 = ORIENTED_EDGE ( 'NONE', *, *, #1807, .F. ) ;
#2237 = AXIS2_PLACEMENT_3D ( 'NONE', #2279, #2824, #2532 ) ;
#2238 = DIRECTION ( 'NONE',  ( 0.000000000000000000, 0.000000000000000000, -1.000000000000000000 ) ) ;
#2239 = CYLINDRICAL_SURFACE ( 'NONE', #2176, 4.499999999999999112 ) ;
#2240 = EDGE_CURVE ( 'NONE', #1555, #2004, #3015, .T. ) ;
#2241 = LOCAL_TIME ( 22, 49, 0.000000000000000000, #1643 ) ;
#2242 = EDGE_CURVE ( 'NONE', #1469, #3327, #3093, .T. ) ;
#2243 = CARTESIAN_POINT ( 'NONE',  ( 11.86924423544291152, 0.000000000000000000, 22.37598716473772953 ) ) ;
#2244 = DIRECTION ( 'NONE',  ( 0.000000000000000000, 0.000000000000000000, 1.000000000000000000 ) ) ;
#2245 = CARTESIAN_POINT ( 'NONE',  ( 21.85742809332320036, 3.200000000000000178, -11.31670725188077320 ) ) ;
#2246 = DIRECTION ( 'NONE',  ( -0.9135454576425997564, 0.000000000000000000, 0.4067366430758027063 ) ) ;
#2247 = EDGE_LOOP ( 'NONE', ( #2656, #1946, #1540, #1947 ) ) ;
#2248 = VERTEX_POINT ( 'NONE', #1021 ) ;
#2249 = FACE_OUTER_BOUND ( 'NONE', #2407, .T. ) ;
#2250 = LINE ( 'NONE', #877, #3278 ) ;
#2251 = DIRECTION ( 'NONE',  ( -0.000000000000000000, 1.000000000000000000, -0.000000000000000000 ) ) ;
#2252 = PERSON_AND_ORGANIZATION ( #2646, #1475 ) ;
#2253 = ORIENTED_EDGE ( 'NONE', *, *, #405, .T. ) ;
#2254 = VECTOR ( 'NONE', #2282, 1000.000000000000000 ) ;
#2255 = CARTESIAN_POINT ( 'NONE',  ( 34.03662625158474953, 14.50000000000000000, 8.574268097623967577 ) ) ;
#2256 = CARTESIAN_POINT ( 'NONE',  ( 25.98076211353319565, 11.00000000000000178, -10.49999999999993960 ) ) ;
#2257 = VECTOR ( 'NONE', #1106, 999.9999999999998863 ) ;
#2258 = VECTOR ( 'NONE', #76, 1000.000000000000227 ) ;
#2259 = AXIS2_PLACEMENT_3D ( 'NONE', #3126, #1192, #389 ) ;
#2260 = EDGE_CURVE ( 'NONE', #945, #1274, #472, .T. ) ;
#2261 = DIRECTION ( 'NONE',  ( 1.000000000000000000, 0.000000000000000000, 3.953459470360933791E-16 ) ) ;
#2262 = CARTESIAN_POINT ( 'NONE',  ( 0.000000000000000000, 0.9999999999999870104, 0.000000000000000000 ) ) ;
#2263 = CARTESIAN_POINT ( 'NONE',  ( 13.22516817658064880, 0.000000000000000000, 20.32788237343631010 ) ) ;
#2264 = CARTESIAN_POINT ( 'NONE',  ( 2.602374448188125350E-16, 0.000000000000000000, -24.62500000000000000 ) ) ;
#2265 = ORIENTED_EDGE ( 'NONE', *, *, #1790, .F. ) ;
#2266 = EDGE_LOOP ( 'NONE', ( #3068, #2070, #2578, #1269 ) ) ;
#2267 = EDGE_LOOP ( 'NONE', ( #1051, #2441, #3374, #2982, #3359, #662 ) ) ;
#2268 = EDGE_CURVE ( 'NONE', #2026, #2322, #3033, .T. ) ;
#2269 = CARTESIAN_POINT ( 'NONE',  ( -30.15780844513628267, 11.00000000000000000, -7.597143528094385090 ) ) ;
#2270 = DIRECTION ( 'NONE',  ( 0.000000000000000000, 1.000000000000000000, -0.000000000000000000 ) ) ;
#2271 = CIRCLE ( 'NONE', #3509, 15.09999999999999964 ) ;
#2272 = ORIENTED_EDGE ( 'NONE', *, *, #3510, .T. ) ;
#2273 = AXIS2_PLACEMENT_3D ( 'NONE', #1312, #2453, #2159 ) ;
#2274 = DIRECTION ( 'NONE',  ( 0.000000000000000000, 0.000000000000000000, -1.000000000000000000 ) ) ;
#2275 = APPROVAL_STATUS ( 'not_yet_approved' ) ;
#2276 = AXIS2_PLACEMENT_3D ( 'NONE', #2485, #2775, #3268 ) ;
#2277 = ORIENTED_EDGE ( 'NONE', *, *, #880, .T. ) ;
#2278 = DIRECTION ( 'NONE',  ( -0.000000000000000000, 1.000000000000000000, -0.000000000000000000 ) ) ;
#2279 = CARTESIAN_POINT ( 'NONE',  ( 25.98076211353319565, 11.00000000000000178, -14.99999999999993960 ) ) ;
#2280 = PLANE ( 'NONE',  #2606 ) ;
#2281 = DIRECTION ( 'NONE',  ( 0.000000000000000000, 1.000000000000000000, 0.000000000000000000 ) ) ;
#2282 = DIRECTION ( 'NONE',  ( -0.000000000000000000, 1.000000000000000000, -0.000000000000000000 ) ) ;
#2283 = CARTESIAN_POINT ( 'NONE',  ( -17.10679488415050287, 0.000000000000000000, -6.040594556410403548 ) ) ;
#2284 = VECTOR ( 'NONE', #1379, 1000.000000000000000 ) ;
#2285 = ORIENTED_EDGE ( 'NONE', *, *, #3061, .F. ) ;
#2286 = VERTEX_POINT ( 'NONE', #2774 ) ;
#2287 = ORIENTED_EDGE ( 'NONE', *, *, #849, .F. ) ;
#2288 = DIRECTION ( 'NONE',  ( 0.000000000000000000, -1.000000000000000000, 0.000000000000000000 ) ) ;
#2289 = CARTESIAN_POINT ( 'NONE',  ( 8.933191444090194722, 3.200000000000000178, 19.11517019046223353 ) ) ;
#2290 = EDGE_CURVE ( 'NONE', #3605, #575, #1552, .T. ) ;
#2291 = ORIENTED_EDGE ( 'NONE', *, *, #1454, .F. ) ;
#2292 = EDGE_CURVE ( 'NONE', #2337, #1817, #446, .T. ) ;
#2293 = ORIENTED_EDGE ( 'NONE', *, *, #1189, .F. ) ;
#2294 = CARTESIAN_POINT ( 'NONE',  ( 0.000000000000000000, 14.50000000000000000, -30.00000000000000000 ) ) ;
#2295 = AXIS2_PLACEMENT_3D ( 'NONE', #959, #681, #1066 ) ;
#2296 = ORIENTED_EDGE ( 'NONE', *, *, #2315, .F. ) ;
#2297 = LINE ( 'NONE', #1154, #2861 ) ;
#2298 = DIRECTION ( 'NONE',  ( 0.000000000000000000, 1.000000000000000000, 0.000000000000000000 ) ) ;
#2299 = AXIS2_PLACEMENT_3D ( 'NONE', #1996, #3060, #1082 ) ;
#2300 = DIRECTION ( 'NONE',  ( -0.000000000000000000, -1.000000000000000000, -0.000000000000000000 ) ) ;
#2301 = CARTESIAN_POINT ( 'NONE',  ( -8.837306130739486676, 3.200000000000000178, 18.20288237343632431 ) ) ;
#2302 = CARTESIAN_POINT ( 'NONE',  ( 0.000000000000000000, 0.000000000000000000, -10.37500000000000000 ) ) ;
#2303 = AXIS2_PLACEMENT_3D ( 'NONE', #728, #3588, #1534 ) ;
#2304 = ORIENTED_EDGE ( 'NONE', *, *, #1253, .T. ) ;
#2305 = ORIENTED_EDGE ( 'NONE', *, *, #37, .T. ) ;
#2306 = ORIENTED_EDGE ( 'NONE', *, *, #2995, .T. ) ;
#2307 = LINE ( 'NONE', #875, #2021 ) ;
#2308 = DIRECTION ( 'NONE',  ( 0.000000000000000000, 1.000000000000000000, -0.000000000000000000 ) ) ;
#2309 = ORIENTED_EDGE ( 'NONE', *, *, #3328, .F. ) ;
#2310 = EDGE_CURVE ( 'NONE', #1196, #735, #2155, .T. ) ;
#2311 = PLANE ( 'NONE',  #1043 ) ;
#2312 = ORIENTED_EDGE ( 'NONE', *, *, #3482, .T. ) ;
#2313 = FACE_BOUND ( 'NONE', #883, .T. ) ;
#2314 = CARTESIAN_POINT ( 'NONE',  ( -11.03123715366006863, 0.000000000000000000, 22.00288237343632503 ) ) ;
#2315 = EDGE_CURVE ( 'NONE', #748, #2897, #3343, .T. ) ;
#2316 = DIRECTION ( 'NONE',  ( -0.9781476007338056888, 0.000000000000000000, -0.2079116908177588152 ) ) ;
#2317 = AXIS2_PLACEMENT_3D ( 'NONE', #3367, #3354, #551 ) ;
#2318 = LINE ( 'NONE', #2902, #2771 ) ;
#2319 = AXIS2_PLACEMENT_3D ( 'NONE', #2269, #1399, #3360 ) ;
#2320 = ORIENTED_EDGE ( 'NONE', *, *, #1310, .F. ) ;
#2321 = VERTEX_POINT ( 'NONE', #3053 ) ;
#2322 = VERTEX_POINT ( 'NONE', #765 ) ;
#2323 = DIRECTION ( 'NONE',  ( -0.000000000000000000, -1.000000000000000000, -0.000000000000000000 ) ) ;
#2324 = CARTESIAN_POINT ( 'NONE',  ( 4.298510265007209064E-15, 10.00000000000000000, 35.10000000000000142 ) ) ;
#2325 = EDGE_LOOP ( 'NONE', ( #1242, #1126, #3288, #1990 ) ) ;
#2326 = DIRECTION ( 'NONE',  ( 0.000000000000000000, 0.000000000000000000, -1.000000000000000000 ) ) ;
#2327 = ORIENTED_EDGE ( 'NONE', *, *, #1647, .T. ) ;
#2328 = DIRECTION ( 'NONE',  ( 0.000000000000000000, -1.000000000000000000, 0.000000000000000000 ) ) ;
#2329 = DIRECTION ( 'NONE',  ( 0.000000000000000000, 0.000000000000000000, -1.000000000000000000 ) ) ;
#2330 = EDGE_CURVE ( 'NONE', #644, #454, #3445, .T. ) ;
#2331 = EDGE_CURVE ( 'NONE', #3083, #2337, #1060, .T. ) ;
#2332 = DIRECTION ( 'NONE',  ( 0.000000000000000000, 1.000000000000000000, 0.000000000000000000 ) ) ;
#2333 = CARTESIAN_POINT ( 'NONE',  ( -4.499780257610586531, 11.00000000000000178, -29.95552941176470441 ) ) ;
#2334 = CIRCLE ( 'NONE', #3285, 35.10000000000000142 ) ;
#2335 = ORIENTED_EDGE ( 'NONE', *, *, #2486, .F. ) ;
#2336 = ORIENTED_EDGE ( 'NONE', *, *, #2690, .F. ) ;
#2337 = VERTEX_POINT ( 'NONE', #187 ) ;
#2338 = DIRECTION ( 'NONE',  ( 0.5877852522924728040, -0.000000000000000000, 0.8090169943749476733 ) ) ;
#2339 = CARTESIAN_POINT ( 'NONE',  ( -30.15780844513628267, 11.00000000000000000, -7.597143528094385090 ) ) ;
#2340 = VERTEX_POINT ( 'NONE', #241 ) ;
#2341 = DIRECTION ( 'NONE',  ( 8.659560562354950115E-17, -0.7071067811865463515, 0.7071067811865487940 ) ) ;
#2342 = ORIENTED_EDGE ( 'NONE', *, *, #3532, .F. ) ;
#2343 = DIRECTION ( 'NONE',  ( -0.000000000000000000, 1.000000000000000000, -0.000000000000000000 ) ) ;
#2344 = DIRECTION ( 'NONE',  ( 0.000000000000000000, 0.000000000000000000, 1.000000000000000000 ) ) ;
#2345 = DIRECTION ( 'NONE',  ( 0.000000000000000000, 0.000000000000000000, 1.000000000000000000 ) ) ;
#2346 = EDGE_CURVE ( 'NONE', #73, #2022, #1348, .T. ) ;
#2347 = CARTESIAN_POINT ( 'NONE',  ( 14.58109211771839320, 3.200000000000000178, 14.02977758213490134 ) ) ;
#2348 = PLANE ( 'NONE',  #3415 ) ;
#2349 = ADVANCED_FACE ( 'NONE', ( #542 ), #1365, .F. ) ;
#2350 = ADVANCED_FACE ( 'NONE', ( #1128 ), #2582, .F. ) ;
#2351 = ORIENTED_EDGE ( 'NONE', *, *, #1827, .T. ) ;
#2352 = ORIENTED_EDGE ( 'NONE', *, *, #1831, .F. ) ;
#2353 = ORIENTED_EDGE ( 'NONE', *, *, #1049, .F. ) ;
#2354 = DIRECTION ( 'NONE',  ( 0.9781476007338057999, 0.000000000000000000, -0.2079116908177581491 ) ) ;
#2355 = DIRECTION ( 'NONE',  ( 0.000000000000000000, 0.000000000000000000, 1.000000000000000000 ) ) ;
#2356 = EDGE_LOOP ( 'NONE', ( #2397, #1526, #2420, #1671 ) ) ;
#2357 = APPROVAL_PERSON_ORGANIZATION ( #1900, #2639, #1099 ) ;
#2358 = CARTESIAN_POINT ( 'NONE',  ( -17.61303022242179139, 3.200000000000000178, 18.20288237343632431 ) ) ;
#2359 = AXIS2_PLACEMENT_3D ( 'NONE', #1797, #2919, #362 ) ;
#2360 = ORIENTED_EDGE ( 'NONE', *, *, #3331, .T. ) ;
#2361 = CARTESIAN_POINT ( 'NONE',  ( 21.85742809332320036, 3.200000000000000178, -11.31670725188077320 ) ) ;
#2362 = CARTESIAN_POINT ( 'NONE',  ( -15.41909919950122898, 3.200000000000000178, 14.40288237343632360 ) ) ;
#2363 = CARTESIAN_POINT ( 'NONE',  ( -21.39877161664095695, 14.50000000000000000, -6.952882373436320762 ) ) ;
#2364 = CARTESIAN_POINT ( 'NONE',  ( -4.008511440740560872, 0.000000000000000000, -24.28470427880515814 ) ) ;
#2365 = EDGE_LOOP ( 'NONE', ( #2592, #238 ) ) ;
#2366 = CC_DESIGN_DATE_AND_TIME_ASSIGNMENT ( #3348, #2527, ( #2764 ) ) ;
#2367 = ORIENTED_EDGE ( 'NONE', *, *, #11, .F. ) ;
#2368 = EDGE_CURVE ( 'NONE', #3155, #1180, #1904, .T. ) ;
#2369 = ORIENTED_EDGE ( 'NONE', *, *, #210, .F. ) ;
#2370 = VECTOR ( 'NONE', #1927, 1000.000000000000000 ) ;
#2371 = LINE ( 'NONE', #1784, #3325 ) ;
#2372 = DIRECTION ( 'NONE',  ( 0.000000000000000000, 0.000000000000000000, 1.000000000000000000 ) ) ;
#2373 = CIRCLE ( 'NONE', #1372, 4.499999999999997335 ) ;
#2374 = VERTEX_POINT ( 'NONE', #3119 ) ;
#2375 = EDGE_CURVE ( 'NONE', #3072, #1068, #2307, .T. ) ;
#2376 = AXIS2_PLACEMENT_3D ( 'NONE', #1406, #3092, #2762 ) ;
#2377 = FACE_OUTER_BOUND ( 'NONE', #466, .T. ) ;
#2378 = EDGE_LOOP ( 'NONE', ( #2953, #3622, #2047, #1485 ) ) ;
#2379 = DIRECTION ( 'NONE',  ( 0.000000000000000000, 0.000000000000000000, 1.000000000000000000 ) ) ;
#2380 =( NAMED_UNIT ( * ) PLANE_ANGLE_UNIT ( ) SI_UNIT ( $, .RADIAN. ) );
#2381 = CARTESIAN_POINT ( 'NONE',  ( 8.499584931042221569, 11.00000000000000000, -29.91599999999999682 ) ) ;
#2382 = LINE ( 'NONE', #1281, #1989 ) ;
#2383 = VECTOR ( 'NONE', #3565, 1000.000000000000000 ) ;
#2384 = ORIENTED_EDGE ( 'NONE', *, *, #3353, .F. ) ;
#2385 = AXIS2_PLACEMENT_3D ( 'NONE', #804, #2156, #507 ) ;
#2386 = CARTESIAN_POINT ( 'NONE',  ( -15.41909919950122898, 3.200000000000000178, 14.40288237343632360 ) ) ;
#2387 = VERTEX_POINT ( 'NONE', #632 ) ;
#2388 = DIRECTION ( 'NONE',  ( -0.000000000000000000, -1.000000000000000000, -0.000000000000000000 ) ) ;
#2389 = CARTESIAN_POINT ( 'NONE',  ( 0.000000000000000000, 14.50000000000000000, -12.50000000000000000 ) ) ;
#2390 = EDGE_CURVE ( 'NONE', #1598, #3569, #1983, .T. ) ;
#2391 = ORIENTED_EDGE ( 'NONE', *, *, #3148, .F. ) ;
#2392 = AXIS2_PLACEMENT_3D ( 'NONE', #633, #930, #1255 ) ;
#2393 = ORIENTED_EDGE ( 'NONE', *, *, #2739, .T. ) ;
#2394 = CYLINDRICAL_SURFACE ( 'NONE', #1101, 2.124999999999998224 ) ;
#2395 = EDGE_CURVE ( 'NONE', #2004, #2750, #2977, .T. ) ;
#2396 = ADVANCED_FACE ( 'NONE', ( #2249 ), #3085, .F. ) ;
#2397 = ORIENTED_EDGE ( 'NONE', *, *, #709, .F. ) ;
#2398 = PLANE ( 'NONE',  #3568 ) ;
#2399 = CARTESIAN_POINT ( 'NONE',  ( 0.000000000000000000, 11.00000000000000178, -32.10000000000000142 ) ) ;
#2400 = DIRECTION ( 'NONE',  ( 0.000000000000000000, 1.000000000000000000, 0.000000000000000000 ) ) ;
#2401 = DIRECTION ( 'NONE',  ( 0.000000000000000000, 0.000000000000000000, 1.000000000000000000 ) ) ;
#2402 = ORIENTED_EDGE ( 'NONE', *, *, #2037, .T. ) ;
#2403 = DIRECTION ( 'NONE',  ( -0.000000000000000000, -1.000000000000000000, -0.000000000000000000 ) ) ;
#2404 = VERTEX_POINT ( 'NONE', #2831 ) ;
#2405 = CARTESIAN_POINT ( 'NONE',  ( 17.51714490907110644, 3.200000000000000178, 17.29059455641041154 ) ) ;
#2406 = LINE ( 'NONE', #1857, #1047 ) ;
#2407 = EDGE_LOOP ( 'NONE', ( #2158, #2470, #1388, #2850 ) ) ;
#2408 = VECTOR ( 'NONE', #101, 1000.000000000000000 ) ;
#2409 = ORIENTED_EDGE ( 'NONE', *, *, #2815, .T. ) ;
#2410 = CARTESIAN_POINT ( 'NONE',  ( 0.000000000000000000, 11.00000000000000178, -30.00000000000000000 ) ) ;
#2411 = CARTESIAN_POINT ( 'NONE',  ( -4.499780257610795253, 11.00000000000000178, 29.95552941176467243 ) ) ;
#2412 = APPROVAL_PERSON_ORGANIZATION ( #25, #50, #1368 ) ;
#2413 = EDGE_CURVE ( 'NONE', #79, #2877, #274, .T. ) ;
#2414 = EDGE_CURVE ( 'NONE', #363, #2926, #1787, .T. ) ;
#2415 = DIRECTION ( 'NONE',  ( 0.000000000000000000, 1.000000000000000000, 0.000000000000000000 ) ) ;
#2416 = DIRECTION ( 'NONE',  ( 0.000000000000000000, 1.000000000000000000, 0.000000000000000000 ) ) ;
#2417 = EDGE_CURVE ( 'NONE', #3554, #3027, #1203, .T. ) ;
#2418 = DIRECTION ( 'NONE',  ( 0.000000000000000000, 0.000000000000000000, -1.000000000000000000 ) ) ;
#2419 = FACE_OUTER_BOUND ( 'NONE', #3258, .T. ) ;
#2420 = ORIENTED_EDGE ( 'NONE', *, *, #1830, .T. ) ;
#2421 = CARTESIAN_POINT ( 'NONE',  ( -28.19213958320555591, 11.00000000000000178, 11.08084069134363325 ) ) ;
#2422 = ORIENTED_EDGE ( 'NONE', *, *, #536, .T. ) ;
#2423 = DIRECTION ( 'NONE',  ( -0.000000000000000000, -1.000000000000000000, -0.000000000000000000 ) ) ;
#2424 = DIRECTION ( 'NONE',  ( 0.000000000000000000, 1.000000000000000000, 0.000000000000000000 ) ) ;
#2425 = ORIENTED_EDGE ( 'NONE', *, *, #2069, .T. ) ;
#2426 = VERTEX_POINT ( 'NONE', #40 ) ;
#2427 = DIRECTION ( 'NONE',  ( -0.000000000000000000, 1.000000000000000000, -0.000000000000000000 ) ) ;
#2428 = CARTESIAN_POINT ( 'NONE',  ( -25.98076211353316012, 14.50000000000000000, -12.90000000000000213 ) ) ;
#2429 = AXIS2_PLACEMENT_3D ( 'NONE', #1483, #904, #2316 ) ;
#2430 = VERTEX_POINT ( 'NONE', #910 ) ;
#2431 = AXIS2_PLACEMENT_3D ( 'NONE', #1714, #2848, #332 ) ;
#2432 = CIRCLE ( 'NONE', #2259, 2.100000000000000977 ) ;
#2433 = VERTEX_POINT ( 'NONE', #860 ) ;
#2434 = CARTESIAN_POINT ( 'NONE',  ( 21.85742809332320036, 0.000000000000000000, -11.31670725188077320 ) ) ;
#2435 =( LENGTH_UNIT ( ) NAMED_UNIT ( * ) SI_UNIT ( .MILLI., .METRE. ) );
#2436 = ORIENTED_EDGE ( 'NONE', *, *, #1292, .T. ) ;
#2437 = DIRECTION ( 'NONE',  ( 0.000000000000000000, 0.000000000000000000, 1.000000000000000000 ) ) ;
#2438 = CARTESIAN_POINT ( 'NONE',  ( -15.41909919950121655, 0.000000000000000000, 22.00288237343632147 ) ) ;
#2439 = ADVANCED_FACE ( 'NONE', ( #1146 ), #313, .F. ) ;
#2440 = EDGE_CURVE ( 'NONE', #1988, #1716, #1673, .T. ) ;
#2441 = ORIENTED_EDGE ( 'NONE', *, *, #1985, .T. ) ;
#2442 = VECTOR ( 'NONE', #2175, 1000.000000000000000 ) ;
#2443 = DIRECTION ( 'NONE',  ( -0.6691306063588590147, 0.000000000000000000, 0.7431448254773934670 ) ) ;
#2444 = EDGE_LOOP ( 'NONE', ( #3577, #403, #2868, #2384 ) ) ;
#2445 = CARTESIAN_POINT ( 'NONE',  ( -25.98076211353298248, 14.50000000000000000, -10.50000000000030553 ) ) ;
#2446 = CYLINDRICAL_SURFACE ( 'NONE', #3224, 2.124999999999998224 ) ;
#2447 = VECTOR ( 'NONE', #2341, 1000.000000000000000 ) ;
#2448 = ORIENTED_EDGE ( 'NONE', *, *, #1007, .F. ) ;
#2449 = CARTESIAN_POINT ( 'NONE',  ( 4.298510265007209064E-15, 14.50000000000000000, 35.10000000000000142 ) ) ;
#2450 = DIRECTION ( 'NONE',  ( -0.000000000000000000, -1.000000000000000000, -0.000000000000000000 ) ) ;
#2451 = AXIS2_PLACEMENT_3D ( 'NONE', #468, #3594, #184 ) ;
#2452 = VERTEX_POINT ( 'NONE', #3375 ) ;
#2453 = DIRECTION ( 'NONE',  ( 0.000000000000000000, 1.000000000000000000, 0.000000000000000000 ) ) ;
#2454 = CARTESIAN_POINT ( 'NONE',  ( -30.15780844513628267, 14.49999999999999822, -7.597143528094385090 ) ) ;
#2455 = VECTOR ( 'NONE', #2246, 1000.000000000000114 ) ;
#2456 = ORIENTED_EDGE ( 'NONE', *, *, #1297, .T. ) ;
#2457 = CYLINDRICAL_SURFACE ( 'NONE', #3444, 2.125000000000001776 ) ;
#2458 = ADVANCED_FACE ( 'NONE', ( #2813 ), #1437, .F. ) ;
#2459 = LINE ( 'NONE', #1050, #771 ) ;
#2460 = ADVANCED_FACE ( 'NONE', ( #3102 ), #3432, .T. ) ;
#2461 = LINE ( 'NONE', #1888, #239 ) ;
#2462 = ORIENTED_EDGE ( 'NONE', *, *, #840, .T. ) ;
#2463 = LINE ( 'NONE', #2185, #2197 ) ;
#2464 = CYLINDRICAL_SURFACE ( 'NONE', #2513, 2.125000000000002665 ) ;
#2465 = ORIENTED_EDGE ( 'NONE', *, *, #1538, .T. ) ;
#2466 = ORIENTED_EDGE ( 'NONE', *, *, #405, .F. ) ;
#2467 = EDGE_CURVE ( 'NONE', #2702, #998, #156, .T. ) ;
#2468 = CARTESIAN_POINT ( 'NONE',  ( 3.549854964058310358, 3.200000000000000178, -25.07912059963931384 ) ) ;
#2469 = FACE_OUTER_BOUND ( 'NONE', #2886, .T. ) ;
#2470 = ORIENTED_EDGE ( 'NONE', *, *, #306, .T. ) ;
#2471 = FACE_BOUND ( 'NONE', #706, .T. ) ;
#2472 = AXIS2_PLACEMENT_3D ( 'NONE', #3112, #1120, #815 ) ;
#2473 = COORDINATED_UNIVERSAL_TIME_OFFSET ( 5, 0, .BEHIND. ) ;
#2474 = EDGE_LOOP ( 'NONE', ( #685, #1418 ) ) ;
#2475 = CARTESIAN_POINT ( 'NONE',  ( -21.65822351409436664, 14.50000000000000000, 22.31885647190576449 ) ) ;
#2476 = FACE_OUTER_BOUND ( 'NONE', #1111, .T. ) ;
#2477 = DIRECTION ( 'NONE',  ( 0.000000000000000000, 1.000000000000000000, -0.000000000000000000 ) ) ;
#2478 = CARTESIAN_POINT ( 'NONE',  ( -21.39877161664095695, 14.50000000000000000, -4.827882373436318098 ) ) ;
#2479 = DIRECTION ( 'NONE',  ( -0.000000000000000000, 1.000000000000000000, -0.000000000000000000 ) ) ;
#2480 = PLANE ( 'NONE',  #3229 ) ;
#2481 = ADVANCED_FACE ( 'NONE', ( #2871, #1457 ), #1488, .T. ) ;
#2482 = ORIENTED_EDGE ( 'NONE', *, *, #1704, .T. ) ;
#2483 = ORIENTED_EDGE ( 'NONE', *, *, #3397, .T. ) ;
#2484 = LINE ( 'NONE', #1619, #1032 ) ;
#2485 = CARTESIAN_POINT ( 'NONE',  ( -21.39877161664095695, 3.200000000000000178, -6.952882373436320762 ) ) ;
#2486 = EDGE_CURVE ( 'NONE', #2020, #801, #2631, .T. ) ;
#2487 = EDGE_CURVE ( 'NONE', #2961, #82, #929, .T. ) ;
#2488 = CIRCLE ( 'NONE', #3035, 4.499999999999999112 ) ;
#2489 = FACE_BOUND ( 'NONE', #3405, .T. ) ;
#2490 = CIRCLE ( 'NONE', #2972, 4.499999999999997335 ) ;
#2491 = AXIS2_PLACEMENT_3D ( 'NONE', #3059, #48, #2238 ) ;
#2492 = ORIENTED_EDGE ( 'NONE', *, *, #1964, .T. ) ;
#2493 = CARTESIAN_POINT ( 'NONE',  ( 0.000000000000000000, 3.200000000000000178, 0.000000000000000000 ) ) ;
#2494 = CARTESIAN_POINT ( 'NONE',  ( 3.549854964058310358, 3.200000000000000178, -25.07912059963931384 ) ) ;
#2495 = DIRECTION ( 'NONE',  ( 0.000000000000000000, 1.000000000000000000, 0.000000000000000000 ) ) ;
#2496 = DIRECTION ( 'NONE',  ( 0.000000000000000000, 0.000000000000000000, -1.000000000000000000 ) ) ;
#2497 = PLANE ( 'NONE',  #3256 ) ;
#2498 = AXIS2_PLACEMENT_3D ( 'NONE', #3338, #818, #2826 ) ;
#2499 = CYLINDRICAL_SURFACE ( 'NONE', #3110, 2.124999999999998224 ) ;
#2500 = VERTEX_POINT ( 'NONE', #3485 ) ;
#2501 = AXIS2_PLACEMENT_3D ( 'NONE', #149, #693, #2379 ) ;
#2502 = ORIENTED_EDGE ( 'NONE', *, *, #1213, .T. ) ;
#2503 = DIRECTION ( 'NONE',  ( 0.9781476007338057999, 0.000000000000000000, -0.2079116908177581491 ) ) ;
#2504 = FACE_OUTER_BOUND ( 'NONE', #3480, .T. ) ;
#2505 = ADVANCED_FACE ( 'NONE', ( #1820 ), #142, .F. ) ;
#2506 = VECTOR ( 'NONE', #2834, 1000.000000000000227 ) ;
#2507 = AXIS2_PLACEMENT_3D ( 'NONE', #1129, #2543, #894 ) ;
#2508 = EDGE_LOOP ( 'NONE', ( #2128, #141 ) ) ;
#2509 = EDGE_CURVE ( 'NONE', #82, #489, #2371, .T. ) ;
#2510 = CARTESIAN_POINT ( 'NONE',  ( 24.44384711719296988, 14.50000000000000000, 25.18944894417694869 ) ) ;
#2511 = DIRECTION ( 'NONE',  ( 1.000000000000000000, 0.000000000000000000, 0.000000000000000000 ) ) ;
#2512 = EDGE_CURVE ( 'NONE', #3027, #420, #3191, .T. ) ;
#2513 = AXIS2_PLACEMENT_3D ( 'NONE', #2974, #2725, #2130 ) ;
#2514 = ORIENTED_EDGE ( 'NONE', *, *, #2118, .F. ) ;
#2515 = CARTESIAN_POINT ( 'NONE',  ( 4.008511440740559095, 0.000000000000000000, -20.71529572119486673 ) ) ;
#2516 = LINE ( 'NONE', #866, #1936 ) ;
#2517 = EDGE_CURVE ( 'NONE', #3206, #1469, #1751, .T. ) ;
#2518 = CARTESIAN_POINT ( 'NONE',  ( 0.000000000000000000, 0.9999999999999870104, -15.09999999999999964 ) ) ;
#2519 = CARTESIAN_POINT ( 'NONE',  ( -24.44384711719278869, 11.00000000000000000, -25.18944894417712277 ) ) ;
#2520 = DIRECTION ( 'NONE',  ( 0.000000000000000000, -0.7071067811865463515, -0.7071067811865487940 ) ) ;
#2521 = DIRECTION ( 'NONE',  ( 0.8660254037844383745, -0.000000000000000000, 0.5000000000000006661 ) ) ;
#2522 = EDGE_LOOP ( 'NONE', ( #702, #2887, #3298, #75, #2039, #3602 ) ) ;
#2523 = EDGE_LOOP ( 'NONE', ( #683, #2184 ) ) ;
#2524 = DIRECTION ( 'NONE',  ( 0.000000000000000000, 1.000000000000000000, 0.000000000000000000 ) ) ;
#2525 = DIRECTION ( 'NONE',  ( 0.000000000000000000, 0.000000000000000000, -1.000000000000000000 ) ) ;
#2526 = CARTESIAN_POINT ( 'NONE',  ( 2.602374448188123870E-16, 14.50000000000000000, -24.62500000000000000 ) ) ;
#2527 = DATE_TIME_ROLE ( 'creation_date' ) ;
#2528 = ADVANCED_FACE ( 'NONE', ( #126, #948, #109, #964, #397 ), #1220, .T. ) ;
#2529 = ORIENTED_EDGE ( 'NONE', *, *, #2509, .F. ) ;
#2530 = AXIS2_PLACEMENT_3D ( 'NONE', #2494, #266, #2550 ) ;
#2531 = FACE_OUTER_BOUND ( 'NONE', #2944, .T. ) ;
#2532 = DIRECTION ( 'NONE',  ( 0.000000000000000000, 0.000000000000000000, 1.000000000000000000 ) ) ;
#2533 = AXIS2_PLACEMENT_3D ( 'NONE', #245, #789, #2511 ) ;
#2534 = EDGE_CURVE ( 'NONE', #1487, #2671, #1664, .T. ) ;
#2535 = CARTESIAN_POINT ( 'NONE',  ( 2.602374448188124857E-16, 7.000000000000000000, -14.62500000000000000 ) ) ;
#2536 = LINE ( 'NONE', #34, #3625 ) ;
#2537 = LINE ( 'NONE', #2263, #544 ) ;
#2538 = LINE ( 'NONE', #838, #3582 ) ;
#2539 = ORIENTED_EDGE ( 'NONE', *, *, #1293, .F. ) ;
#2540 = VERTEX_POINT ( 'NONE', #1527 ) ;
#2541 = VERTEX_POINT ( 'NONE', #1803 ) ;
#2542 = CARTESIAN_POINT ( 'NONE',  ( -10.82531754730548634, 7.000000000000000000, 6.249999999999998224 ) ) ;
#2543 = DIRECTION ( 'NONE',  ( -0.2079116908177581491, 0.000000000000000000, -0.9781476007338059109 ) ) ;
#2544 = ORIENTED_EDGE ( 'NONE', *, *, #206, .T. ) ;
#2545 = DIRECTION ( 'NONE',  ( 0.000000000000000000, 0.000000000000000000, 1.000000000000000000 ) ) ;
#2546 = APPROVAL_STATUS ( 'not_yet_approved' ) ;
#2547 = ORIENTED_EDGE ( 'NONE', *, *, #1677, .T. ) ;
#2548 = AXIS2_PLACEMENT_3D ( 'NONE', #1599, #1017, #2167 ) ;
#2549 = DIRECTION ( 'NONE',  ( 0.000000000000000000, 1.000000000000000000, 0.000000000000000000 ) ) ;
#2550 = DIRECTION ( 'NONE',  ( -0.1045284632676559688, 0.000000000000000000, -0.9945218953682730678 ) ) ;
#2551 = CIRCLE ( 'NONE', #2857, 37.50000000000000711 ) ;
#2552 = VECTOR ( 'NONE', #1639, 1000.000000000000114 ) ;
#2553 = CIRCLE ( 'NONE', #3561, 4.000000000000000000 ) ;
#2554 = CARTESIAN_POINT ( 'NONE',  ( -24.33482440799367552, 0.000000000000000000, -3.692065399160812778 ) ) ;
#2555 = CARTESIAN_POINT ( 'NONE',  ( 25.98076211353316367, 14.50000000000000000, 14.99999999999999467 ) ) ;
#2556 = DIRECTION ( 'NONE',  ( 0.000000000000000000, 1.000000000000000000, 0.000000000000000000 ) ) ;
#2557 = EDGE_CURVE ( 'NONE', #826, #1692, #617, .T. ) ;
#2558 = DIRECTION ( 'NONE',  ( 0.6691306063588591257, 0.000000000000000000, -0.7431448254773934670 ) ) ;
#2559 = EDGE_CURVE ( 'NONE', #3291, #3211, #1492, .T. ) ;
#2560 = VERTEX_POINT ( 'NONE', #2042 ) ;
#2561 = ORIENTED_EDGE ( 'NONE', *, *, #1746, .F. ) ;
#2562 = CARTESIAN_POINT ( 'NONE',  ( -20.04284767550321789, 3.200000000000000178, -2.779777582134901781 ) ) ;
#2563 = CARTESIAN_POINT ( 'NONE',  ( 34.03662625158479926, 14.50000000000000000, -8.574268097623727769 ) ) ;
#2564 = VECTOR ( 'NONE', #519, 1000.000000000000000 ) ;
#2565 = ORIENTED_EDGE ( 'NONE', *, *, #1272, .F. ) ;
#2566 = AXIS2_PLACEMENT_3D ( 'NONE', #887, #1724, #1229 ) ;
#2567 = CARTESIAN_POINT ( 'NONE',  ( 13.22516817658064880, 14.50000000000000000, 18.20288237343631366 ) ) ;
#2568 = AXIS2_PLACEMENT_3D ( 'NONE', #188, #1584, #825 ) ;
#2569 = ORIENTED_EDGE ( 'NONE', *, *, #2517, .T. ) ;
#2570 = DIRECTION ( 'NONE',  ( -0.000000000000000000, -1.000000000000000000, -0.000000000000000000 ) ) ;
#2571 = CARTESIAN_POINT ( 'NONE',  ( 0.000000000000000000, 7.000000000000000000, 0.000000000000000000 ) ) ;
#2572 = AXIS2_PLACEMENT_3D ( 'NONE', #92, #1271, #2372 ) ;
#2573 = EDGE_CURVE ( 'NONE', #575, #3502, #432, .T. ) ;
#2574 = DIRECTION ( 'NONE',  ( 0.000000000000000000, 0.000000000000000000, 1.000000000000000000 ) ) ;
#2575 = CARTESIAN_POINT ( 'NONE',  ( 4.499780257610586531, 11.00000000000000178, -29.95552941176470441 ) ) ;
#2576 = DIRECTION ( 'NONE',  ( 0.000000000000000000, 0.000000000000000000, -1.000000000000000000 ) ) ;
#2577 = AXIS2_PLACEMENT_3D ( 'NONE', #1961, #2227, #1928 ) ;
#2578 = ORIENTED_EDGE ( 'NONE', *, *, #898, .F. ) ;
#2579 = EDGE_CURVE ( 'NONE', #363, #1860, #3245, .T. ) ;
#2580 = VERTEX_POINT ( 'NONE', #2891 ) ;
#2581 = ORIENTED_EDGE ( 'NONE', *, *, #1011, .F. ) ;
#2582 = PLANE ( 'NONE',  #2608 ) ;
#2583 = CARTESIAN_POINT ( 'NONE',  ( 3.469446951953614189E-15, 0.000000000000000000, 30.00000000000000000 ) ) ;
#2584 = VERTEX_POINT ( 'NONE', #704 ) ;
#2585 = DIRECTION ( 'NONE',  ( -0.000000000000000000, -1.000000000000000000, -0.000000000000000000 ) ) ;
#2586 = VERTEX_POINT ( 'NONE', #1542 ) ;
#2587 = CARTESIAN_POINT ( 'NONE',  ( 21.39877161664095695, 0.000000000000000000, -4.827882373436316321 ) ) ;
#2588 = DIRECTION ( 'NONE',  ( -0.000000000000000000, -1.000000000000000000, -0.000000000000000000 ) ) ;
#2589 = CIRCLE ( 'NONE', #1412, 2.125000000000003553 ) ;
#2590 = DIRECTION ( 'NONE',  ( -0.000000000000000000, -1.000000000000000000, -0.000000000000000000 ) ) ;
#2591 = FACE_OUTER_BOUND ( 'NONE', #980, .T. ) ;
#2592 = ORIENTED_EDGE ( 'NONE', *, *, #144, .T. ) ;
#2593 = EDGE_LOOP ( 'NONE', ( #2976, #1240, #3020, #703 ) ) ;
#2594 = ORIENTED_EDGE ( 'NONE', *, *, #2996, .F. ) ;
#2595 = CARTESIAN_POINT ( 'NONE',  ( -30.15780844513628267, 14.49999999999999822, -7.597143528094385090 ) ) ;
#2596 = DIRECTION ( 'NONE',  ( -0.4999999999999996669, 0.000000000000000000, -0.8660254037844388186 ) ) ;
#2597 = VERTEX_POINT ( 'NONE', #2668 ) ;
#2598 = CARTESIAN_POINT ( 'NONE',  ( 0.000000000000000000, 0.000000000000000000, 0.000000000000000000 ) ) ;
#2599 = EDGE_CURVE ( 'NONE', #3605, #1818, #162, .T. ) ;
#2600 = ADVANCED_FACE ( 'NONE', ( #649 ), #367, .T. ) ;
#2601 = ORIENTED_EDGE ( 'NONE', *, *, #2667, .T. ) ;
#2602 = DIRECTION ( 'NONE',  ( 0.000000000000000000, 0.000000000000000000, 1.000000000000000000 ) ) ;
#2603 = DIRECTION ( 'NONE',  ( -0.000000000000000000, 1.000000000000000000, -0.000000000000000000 ) ) ;
#2604 = VECTOR ( 'NONE', #2705, 1000.000000000000000 ) ;
#2605 = CARTESIAN_POINT ( 'NONE',  ( -20.04284767550321789, 0.000000000000000000, -2.779777582134901781 ) ) ;
#2606 = AXIS2_PLACEMENT_3D ( 'NONE', #1722, #1232, #977 ) ;
#2607 = DIRECTION ( 'NONE',  ( -0.000000000000000000, 1.000000000000000000, -0.000000000000000000 ) ) ;
#2608 = AXIS2_PLACEMENT_3D ( 'NONE', #1948, #843, #60 ) ;
#2609 = VECTOR ( 'NONE', #2048, 1000.000000000000000 ) ;
#2610 = ORIENTED_EDGE ( 'NONE', *, *, #1897, .F. ) ;
#2611 = EDGE_LOOP ( 'NONE', ( #3142, #2684, #1291, #890 ) ) ;
#2612 = ORIENTED_EDGE ( 'NONE', *, *, #1861, .F. ) ;
#2613 = DIRECTION ( 'NONE',  ( 0.8090169943749476733, 0.000000000000000000, -0.5877852522924728040 ) ) ;
#2614 = DIRECTION ( 'NONE',  ( -0.000000000000000000, -1.000000000000000000, -0.000000000000000000 ) ) ;
#2615 = EDGE_LOOP ( 'NONE', ( #2228, #186, #347, #1198 ) ) ;
#2616 = EDGE_CURVE ( 'NONE', #2426, #1035, #2991, .T. ) ;
#2617 = FACE_OUTER_BOUND ( 'NONE', #2247, .T. ) ;
#2618 = ORIENTED_EDGE ( 'NONE', *, *, #2616, .T. ) ;
#2619 = EDGE_CURVE ( 'NONE', #998, #2921, #1910, .T. ) ;
#2620 = ADVANCED_FACE ( 'NONE', ( #3539 ), #779, .T. ) ;
#2621 = LINE ( 'NONE', #640, #1028 ) ;
#2622 = DIRECTION ( 'NONE',  ( 0.8090169943749466741, 0.000000000000000000, 0.5877852522924742473 ) ) ;
#2623 = DIRECTION ( 'NONE',  ( -0.000000000000000000, -1.000000000000000000, -0.000000000000000000 ) ) ;
#2624 = AXIS2_PLACEMENT_3D ( 'NONE', #597, #3162, #1151 ) ;
#2625 = CARTESIAN_POINT ( 'NONE',  ( -8.499584931042219793, 11.00000000000000000, -29.91599999999999682 ) ) ;
#2626 = LINE ( 'NONE', #1233, #1700 ) ;
#2627 = VECTOR ( 'NONE', #1002, 1000.000000000000227 ) ;
#2628 = ORIENTED_EDGE ( 'NONE', *, *, #94, .F. ) ;
#2629 = ORIENTED_EDGE ( 'NONE', *, *, #2909, .F. ) ;
#2630 = VERTEX_POINT ( 'NONE', #1856 ) ;
#2631 = LINE ( 'NONE', #1254, #730 ) ;
#2632 = AXIS2_PLACEMENT_3D ( 'NONE', #2885, #2017, #2576 ) ;
#2633 = CARTESIAN_POINT ( 'NONE',  ( -30.15780844513628267, 14.50000000000000000, -7.597143528094385090 ) ) ;
#2634 = ORIENTED_EDGE ( 'NONE', *, *, #325, .F. ) ;
#2635 = DIRECTION ( 'NONE',  ( 0.3090169943749476733, 0.000000000000000000, -0.9510565162951535312 ) ) ;
#2636 = ORIENTED_EDGE ( 'NONE', *, *, #133, .T. ) ;
#2637 = LINE ( 'NONE', #131, #2029 ) ;
#2638 = DIRECTION ( 'NONE',  ( 0.000000000000000000, 1.000000000000000000, 0.000000000000000000 ) ) ;
#2639 = APPROVAL ( #2275, 'UNSPECIFIED' ) ;
#2640 = ADVANCED_FACE ( 'NONE', ( #501 ), #760, .F. ) ;
#2641 = DIRECTION ( 'NONE',  ( 0.000000000000000000, -1.000000000000000000, 0.000000000000000000 ) ) ;
#2642 = DIRECTION ( 'NONE',  ( 0.6691306063588599029, 0.000000000000000000, 0.7431448254773926898 ) ) ;
#2643 = EDGE_CURVE ( 'NONE', #2926, #363, #1783, .T. ) ;
#2644 = ORIENTED_EDGE ( 'NONE', *, *, #661, .T. ) ;
#2645 = VERTEX_POINT ( 'NONE', #520 ) ;
#2646 = PERSON ( 'UNSPECIFIED', 'UNSPECIFIED', 'UNSPECIFIED', ('UNSPECIFIED'), ('UNSPECIFIED'), ('UNSPECIFIED') ) ;
#2647 = ORIENTED_EDGE ( 'NONE', *, *, #1266, .F. ) ;
#2648 = AXIS2_PLACEMENT_3D ( 'NONE', #3219, #694, #1444 ) ;
#2649 = DIRECTION ( 'NONE',  ( 0.000000000000000000, 0.000000000000000000, 1.000000000000000000 ) ) ;
#2650 = CARTESIAN_POINT ( 'NONE',  ( -21.39877161664095695, 0.000000000000000000, -6.952882373436320762 ) ) ;
#2651 = VERTEX_POINT ( 'NONE', #467 ) ;
#2652 = CIRCLE ( 'NONE', #1712, 4.499999999999997335 ) ;
#2653 = DIRECTION ( 'NONE',  ( 0.9510565162951535312, -0.000000000000000000, 0.3090169943749476733 ) ) ;
#2654 = VERTEX_POINT ( 'NONE', #3559 ) ;
#2655 = VECTOR ( 'NONE', #1779, 1000.000000000000000 ) ;
#2656 = ORIENTED_EDGE ( 'NONE', *, *, #813, .T. ) ;
#2657 = CARTESIAN_POINT ( 'NONE',  ( -25.69074834913141103, 0.000000000000000000, -7.865170190462221989 ) ) ;
#2658 = FACE_OUTER_BOUND ( 'NONE', #2091, .T. ) ;
#2659 = DIRECTION ( 'NONE',  ( 0.000000000000000000, 0.000000000000000000, 1.000000000000000000 ) ) ;
#2660 = CARTESIAN_POINT ( 'NONE',  ( -4.499780257610586531, 14.50000000000000000, -29.95552941176470441 ) ) ;
#2661 = ORIENTED_EDGE ( 'NONE', *, *, #386, .T. ) ;
#2662 = VECTOR ( 'NONE', #495, 1000.000000000000000 ) ;
#2663 = EDGE_CURVE ( 'NONE', #647, #791, #3593, .T. ) ;
#2664 = LINE ( 'NONE', #1034, #3461 ) ;
#2665 = ORIENTED_EDGE ( 'NONE', *, *, #3370, .F. ) ;
#2666 = AXIS2_PLACEMENT_3D ( 'NONE', #535, #2556, #3629 ) ;
#2667 = EDGE_CURVE ( 'NONE', #3501, #2651, #2490, .T. ) ;
#2668 = CARTESIAN_POINT ( 'NONE',  ( 4.592425496802575156E-15, 10.00000000000000000, 37.50000000000000711 ) ) ;
#2669 = DIRECTION ( 'NONE',  ( 0.000000000000000000, 0.000000000000000000, 1.000000000000000000 ) ) ;
#2670 = AXIS2_PLACEMENT_3D ( 'NONE', #2915, #1497, #2602 ) ;
#2671 = VERTEX_POINT ( 'NONE', #2688 ) ;
#2672 = AXIS2_PLACEMENT_3D ( 'NONE', #3157, #893, #1732 ) ;
#2673 = VECTOR ( 'NONE', #2427, 1000.000000000000000 ) ;
#2674 = DIRECTION ( 'NONE',  ( -0.000000000000000000, 1.000000000000000000, -0.000000000000000000 ) ) ;
#2675 = EDGE_LOOP ( 'NONE', ( #1792, #2195, #2547, #1033 ) ) ;
#2676 = ORIENTED_EDGE ( 'NONE', *, *, #1292, .F. ) ;
#2677 = ORIENTED_EDGE ( 'NONE', *, *, #2697, .T. ) ;
#2678 = DIRECTION ( 'NONE',  ( 0.000000000000000000, 0.000000000000000000, 1.000000000000000000 ) ) ;
#2679 = DIRECTION ( 'NONE',  ( 0.000000000000000000, 1.000000000000000000, 0.000000000000000000 ) ) ;
#2680 = AXIS2_PLACEMENT_3D ( 'NONE', #2085, #604, #3131 ) ;
#2681 = DIRECTION ( 'NONE',  ( 0.000000000000000000, 1.000000000000000000, 0.000000000000000000 ) ) ;
#2682 = DIRECTION ( 'NONE',  ( -0.000000000000000000, -1.000000000000000000, -0.000000000000000000 ) ) ;
#2683 = CIRCLE ( 'NONE', #3220, 4.000000000000000000 ) ;
#2684 = ORIENTED_EDGE ( 'NONE', *, *, #448, .F. ) ;
#2685 = AXIS2_PLACEMENT_3D ( 'NONE', #3055, #527, #1640 ) ;
#2686 = CARTESIAN_POINT ( 'NONE',  ( 23.69235932559477575, 11.00000000000000178, 18.87468872042091661 ) ) ;
#2687 = VERTEX_POINT ( 'NONE', #183 ) ;
#2688 = CARTESIAN_POINT ( 'NONE',  ( 0.000000000000000000, 0.000000000000000000, -32.10000000000000142 ) ) ;
#2689 = CYLINDRICAL_SURFACE ( 'NONE', #2451, 4.000000000000000000 ) ;
#2690 = EDGE_CURVE ( 'NONE', #630, #2998, #1313, .T. ) ;
#2691 = ORIENTED_EDGE ( 'NONE', *, *, #2852, .F. ) ;
#2692 = CIRCLE ( 'NONE', #1868, 4.499999999999997335 ) ;
#2693 = EDGE_LOOP ( 'NONE', ( #2305, #1074 ) ) ;
#2694 = CARTESIAN_POINT ( 'NONE',  ( -0.4586564766822436301, 3.200000000000000178, -26.86382487844446132 ) ) ;
#2695 = DIRECTION ( 'NONE',  ( 0.000000000000000000, 0.000000000000000000, 1.000000000000000000 ) ) ;
#2696 = ORIENTED_EDGE ( 'NONE', *, *, #1093, .F. ) ;
#2697 = EDGE_CURVE ( 'NONE', #2702, #107, #2150, .T. ) ;
#2698 = DIRECTION ( 'NONE',  ( 1.000000000000000000, 0.000000000000000000, 7.906918940721905052E-16 ) ) ;
#2699 = LINE ( 'NONE', #3531, #3184 ) ;
#2700 = CARTESIAN_POINT ( 'NONE',  ( 0.000000000000000000, 0.000000000000000000, 0.000000000000000000 ) ) ;
#2701 = CARTESIAN_POINT ( 'NONE',  ( -9.592779134391937745, 14.50000000000000000, 33.76371704180057520 ) ) ;
#2702 = VERTEX_POINT ( 'NONE', #1835 ) ;
#2703 = DIRECTION ( 'NONE',  ( 0.000000000000000000, 0.000000000000000000, 1.000000000000000000 ) ) ;
#2704 = ORIENTED_EDGE ( 'NONE', *, *, #762, .T. ) ;
#2705 = DIRECTION ( 'NONE',  ( -0.000000000000000000, -1.000000000000000000, -0.000000000000000000 ) ) ;
#2706 = CARTESIAN_POINT ( 'NONE',  ( 0.4586564766822265882, 0.000000000000000000, -18.13617512155554934 ) ) ;
#2707 = ORIENTED_EDGE ( 'NONE', *, *, #2486, .T. ) ;
#2708 = VECTOR ( 'NONE', #150, 1000.000000000000114 ) ;
#2709 = ORIENTED_EDGE ( 'NONE', *, *, #2573, .F. ) ;
#2710 = DIRECTION ( 'NONE',  ( 0.000000000000000000, 0.000000000000000000, 1.000000000000000000 ) ) ;
#2711 = LINE ( 'NONE', #2214, #690 ) ;
#2712 = ORIENTED_EDGE ( 'NONE', *, *, #829, .T. ) ;
#2713 = EDGE_CURVE ( 'NONE', #1180, #3155, #2795, .T. ) ;
#2714 = PLANE ( 'NONE',  #3391 ) ;
#2715 = CYLINDRICAL_SURFACE ( 'NONE', #654, 2.099999999999997868 ) ;
#2716 = EDGE_CURVE ( 'NONE', #3569, #2374, #1874, .T. ) ;
#2717 = VERTEX_POINT ( 'NONE', #2445 ) ;
#2718 = CYLINDRICAL_SURFACE ( 'NONE', #441, 35.10000000000000142 ) ;
#2719 = CARTESIAN_POINT ( 'NONE',  ( 21.65822351409421032, 14.49999999999999822, -22.31885647190591726 ) ) ;
#2720 = VERTEX_POINT ( 'NONE', #720 ) ;
#2721 = EDGE_LOOP ( 'NONE', ( #2594, #3037, #2738, #1306, #387, #891 ) ) ;
#2722 = DIRECTION ( 'NONE',  ( 0.000000000000000000, 0.000000000000000000, 1.000000000000000000 ) ) ;
#2723 = EDGE_LOOP ( 'NONE', ( #2336, #1532, #1757, #1672 ) ) ;
#2724 = CARTESIAN_POINT ( 'NONE',  ( 13.22516817658064880, 14.50000000000000000, 16.07788237343631366 ) ) ;
#2725 = DIRECTION ( 'NONE',  ( -0.000000000000000000, 1.000000000000000000, -0.000000000000000000 ) ) ;
#2726 = VECTOR ( 'NONE', #254, 1000.000000000000000 ) ;
#2727 = AXIS2_PLACEMENT_3D ( 'NONE', #572, #269, #289 ) ;
#2728 = ORIENTED_EDGE ( 'NONE', *, *, #3279, .F. ) ;
#2729 = CARTESIAN_POINT ( 'NONE',  ( -17.10679488415050287, 3.200000000000000178, -6.040594556410403548 ) ) ;
#2730 = CARTESIAN_POINT ( 'NONE',  ( -11.03123715366005975, 3.200000000000000178, 14.40288237343632538 ) ) ;
#2731 = AXIS2_PLACEMENT_3D ( 'NONE', #1522, #2641, #2087 ) ;
#2732 = CIRCLE ( 'NONE', #1374, 2.100000000000000977 ) ;
#2733 = EDGE_CURVE ( 'NONE', #2500, #1529, #3028, .T. ) ;
#2734 = ORIENTED_EDGE ( 'NONE', *, *, #829, .F. ) ;
#2735 = CARTESIAN_POINT ( 'NONE',  ( -24.33482440799367552, 0.000000000000000000, -3.692065399160812333 ) ) ;
#2736 = CARTESIAN_POINT ( 'NONE',  ( -25.98076211353316012, 11.00000000000000178, -12.90000000000000213 ) ) ;
#2737 = ADVANCED_FACE ( 'NONE', ( #3316 ), #1056, .T. ) ;
#2738 = ORIENTED_EDGE ( 'NONE', *, *, #1055, .F. ) ;
#2739 = EDGE_CURVE ( 'NONE', #2009, #1860, #1842, .T. ) ;
#2740 = DIRECTION ( 'NONE',  ( -0.1045284632676525272, 0.000000000000000000, -0.9945218953682735119 ) ) ;
#2741 = DIRECTION ( 'NONE',  ( -0.000000000000000000, 1.000000000000000000, -0.000000000000000000 ) ) ;
#2742 = AXIS2_PLACEMENT_3D ( 'NONE', #1085, #796, #2244 ) ;
#2743 = EDGE_CURVE ( 'NONE', #2717, #1058, #213, .T. ) ;
#2744 = AXIS2_PLACEMENT_3D ( 'NONE', #808, #476, #1098 ) ;
#2745 = CARTESIAN_POINT ( 'NONE',  ( 8.933191444090194722, 3.200000000000000178, 19.11517019046223353 ) ) ;
#2746 = VERTEX_POINT ( 'NONE', #2724 ) ;
#2747 = DIRECTION ( 'NONE',  ( 0.000000000000000000, 1.000000000000000000, 0.000000000000000000 ) ) ;
#2748 = CARTESIAN_POINT ( 'NONE',  ( -23.69235932559464075, 14.50000000000000000, -18.87468872042108003 ) ) ;
#2749 = CONICAL_SURFACE ( 'NONE', #1681, 15.09999999999999964, 0.7853981633974500554 ) ;
#2750 = VERTEX_POINT ( 'NONE', #3578 ) ;
#2751 = PRODUCT ( 'Output_2', 'Output_2', '', ( #45 ) ) ;
#2752 = ORIENTED_EDGE ( 'NONE', *, *, #1654, .T. ) ;
#2753 = DIRECTION ( 'NONE',  ( -0.000000000000000000, -1.000000000000000000, -0.000000000000000000 ) ) ;
#2754 = CIRCLE ( 'NONE', #2685, 37.50000000000000711 ) ;
#2755 = CARTESIAN_POINT ( 'NONE',  ( -11.03123715366006863, 3.200000000000000178, 22.00288237343632503 ) ) ;
#2756 = AXIS2_PLACEMENT_3D ( 'NONE', #1070, #3540, #1616 ) ;
#2757 = ORIENTED_EDGE ( 'NONE', *, *, #2888, .F. ) ;
#2758 = DIRECTION ( 'NONE',  ( -0.8090169943749466741, 0.000000000000000000, -0.5877852522924742473 ) ) ;
#2759 = DATE_AND_TIME ( #2217, #24 ) ;
#2760 = VECTOR ( 'NONE', #3046, 1000.000000000000000 ) ;
#2761 = ORIENTED_EDGE ( 'NONE', *, *, #1564, .T. ) ;
#2762 = DIRECTION ( 'NONE',  ( 0.000000000000000000, 0.000000000000000000, 1.000000000000000000 ) ) ;
#2763 = CARTESIAN_POINT ( 'NONE',  ( 10.82531754730548634, 7.000000000000000000, 4.124999999999999112 ) ) ;
#2764 = PRODUCT_DEFINITION ( 'UNKNOWN', '', #318, #966 ) ;
#2765 = DIRECTION ( 'NONE',  ( 0.000000000000000000, -0.000000000000000000, -1.000000000000000000 ) ) ;
#2766 = DIRECTION ( 'NONE',  ( -0.000000000000000000, 1.000000000000000000, -0.000000000000000000 ) ) ;
#2767 = CARTESIAN_POINT ( 'NONE',  ( -13.22516817658064525, 0.000000000000000000, 20.32788237343631721 ) ) ;
#2768 = EDGE_CURVE ( 'NONE', #3430, #1819, #2463, .T. ) ;
#2769 = DIRECTION ( 'NONE',  ( -0.000000000000000000, -1.000000000000000000, -0.000000000000000000 ) ) ;
#2770 = EDGE_CURVE ( 'NONE', #2452, #369, #3356, .T. ) ;
#2771 = VECTOR ( 'NONE', #105, 1000.000000000000000 ) ;
#2772 = ORIENTED_EDGE ( 'NONE', *, *, #3397, .F. ) ;
#2773 = ORIENTED_EDGE ( 'NONE', *, *, #1072, .T. ) ;
#2774 = CARTESIAN_POINT ( 'NONE',  ( -23.69235932559504221, 14.50000000000000000, 18.87468872042058621 ) ) ;
#2775 = DIRECTION ( 'NONE',  ( -0.000000000000000000, 1.000000000000000000, -0.000000000000000000 ) ) ;
#2776 = AXIS2_PLACEMENT_3D ( 'NONE', #1134, #1720, #3352 ) ;
#2777 = ORIENTED_EDGE ( 'NONE', *, *, #2837, .T. ) ;
#2778 = FACE_BOUND ( 'NONE', #3350, .T. ) ;
#2779 = LOCAL_TIME ( 22, 49, 0.000000000000000000, #1920 ) ;
#2780 = VECTOR ( 'NONE', #1960, 1000.000000000000000 ) ;
#2781 = DIRECTION ( 'NONE',  ( -0.000000000000000000, 1.000000000000000000, -0.000000000000000000 ) ) ;
#2782 = CARTESIAN_POINT ( 'NONE',  ( -24.44384711719278869, 14.50000000000000000, -25.18944894417712277 ) ) ;
#2783 = EDGE_CURVE ( 'NONE', #1805, #3319, #3387, .T. ) ;
#2784 = DIRECTION ( 'NONE',  ( 0.000000000000000000, 0.000000000000000000, 1.000000000000000000 ) ) ;
#2785 = CIRCLE ( 'NONE', #2913, 4.000000000000000000 ) ;
#2786 = DIRECTION ( 'NONE',  ( 0.000000000000000000, -1.000000000000000000, 0.000000000000000000 ) ) ;
#2787 = DIRECTION ( 'NONE',  ( 0.000000000000000000, 1.000000000000000000, 0.000000000000000000 ) ) ;
#2788 = CARTESIAN_POINT ( 'NONE',  ( -4.008511440740560872, 3.200000000000000178, -24.28470427880515814 ) ) ;
#2789 = VERTEX_POINT ( 'NONE', #1178 ) ;
#2790 = EDGE_CURVE ( 'NONE', #1529, #2139, #871, .T. ) ;
#2791 = EDGE_CURVE ( 'NONE', #595, #892, #914, .T. ) ;
#2792 = ORIENTED_EDGE ( 'NONE', *, *, #2557, .T. ) ;
#2793 = CARTESIAN_POINT ( 'NONE',  ( 13.22516817658064880, 0.000000000000000000, 18.20288237343631366 ) ) ;
#2794 = LINE ( 'NONE', #2563, #2157 ) ;
#2795 = CIRCLE ( 'NONE', #2854, 2.100000000000002753 ) ;
#2796 = EDGE_LOOP ( 'NONE', ( #3538, #378, #3599, #2253 ) ) ;
#2797 = DIRECTION ( 'NONE',  ( -0.000000000000000000, 1.000000000000000000, -0.000000000000000000 ) ) ;
#2798 = AXIS2_PLACEMENT_3D ( 'NONE', #2793, #1113, #276 ) ;
#2799 = DATE_AND_TIME ( #547, #2779 ) ;
#2800 = CIRCLE ( 'NONE', #976, 2.124999999999998224 ) ;
#2801 = ORIENTED_EDGE ( 'NONE', *, *, #2911, .F. ) ;
#2802 = DIRECTION ( 'NONE',  ( 0.000000000000000000, 0.000000000000000000, 1.000000000000000000 ) ) ;
#2803 = CIRCLE ( 'NONE', #618, 2.100000000000000977 ) ;
#2804 = CYLINDRICAL_SURFACE ( 'NONE', #2237, 4.499999999999999112 ) ;
#2805 = CARTESIAN_POINT ( 'NONE',  ( 10.82531754730548634, 7.000000000000000000, 6.249999999999998224 ) ) ;
#2806 = LINE ( 'NONE', #1977, #2808 ) ;
#2807 = DIRECTION ( 'NONE',  ( -0.000000000000000000, -1.000000000000000000, -0.000000000000000000 ) ) ;
#2808 = VECTOR ( 'NONE', #327, 1000.000000000000000 ) ;
#2809 = PLANE ( 'NONE',  #581 ) ;
#2810 = ORIENTED_EDGE ( 'NONE', *, *, #2512, .F. ) ;
#2811 = CIRCLE ( 'NONE', #3335, 2.099999999999997868 ) ;
#2812 = VERTEX_POINT ( 'NONE', #1450 ) ;
#2813 = FACE_OUTER_BOUND ( 'NONE', #513, .T. ) ;
#2814 = DIRECTION ( 'NONE',  ( 0.3090169943749472292, 0.000000000000000000, -0.9510565162951536422 ) ) ;
#2815 = EDGE_CURVE ( 'NONE', #2340, #1301, #16, .T. ) ;
#2816 = CIRCLE ( 'NONE', #629, 2.124999999999998224 ) ;
#2817 = AXIS2_PLACEMENT_3D ( 'NONE', #594, #1949, #3086 ) ;
#2818 = CYLINDRICAL_SURFACE ( 'NONE', #172, 4.000000000000003553 ) ;
#2819 = APPROVAL_STATUS ( 'not_yet_approved' ) ;
#2820 = ADVANCED_FACE ( 'NONE', ( #1689 ), #3097, .T. ) ;
#2821 = ORIENTED_EDGE ( 'NONE', *, *, #1345, .T. ) ;
#2822 = VECTOR ( 'NONE', #329, 1000.000000000000000 ) ;
#2823 = DIRECTION ( 'NONE',  ( -0.8090169943749476733, 0.000000000000000000, 0.5877852522924729151 ) ) ;
#2824 = DIRECTION ( 'NONE',  ( -0.000000000000000000, 1.000000000000000000, -0.000000000000000000 ) ) ;
#2825 = PLANE ( 'NONE',  #2317 ) ;
#2826 = DIRECTION ( 'NONE',  ( 0.000000000000000000, 0.000000000000000000, -1.000000000000000000 ) ) ;
#2827 = CARTESIAN_POINT ( 'NONE',  ( -13.22516817658064525, 14.50000000000000000, 20.32788237343631721 ) ) ;
#2828 = CARTESIAN_POINT ( 'NONE',  ( 3.549854964058310358, 3.200000000000000178, -25.07912059963931384 ) ) ;
#2829 = ORIENTED_EDGE ( 'NONE', *, *, #2414, .T. ) ;
#2830 = EDGE_LOOP ( 'NONE', ( #907, #2696, #3135, #1038 ) ) ;
#2831 = CARTESIAN_POINT ( 'NONE',  ( 34.03662625158474953, 11.00000000000000000, 8.574268097623967577 ) ) ;
#2832 = CARTESIAN_POINT ( 'NONE',  ( 24.94862658069927264, 0.000000000000000000, -4.373761773797014030 ) ) ;
#2833 = EDGE_LOOP ( 'NONE', ( #1799, #2456, #719, #138, #2304, #173 ) ) ;
#2834 = DIRECTION ( 'NONE',  ( -0.9781476007338055778, 0.000000000000000000, 0.2079116908177592593 ) ) ;
#2835 = APPROVAL_DATE_TIME ( #2759, #50 ) ;
#2836 = ORIENTED_EDGE ( 'NONE', *, *, #2768, .F. ) ;
#2837 = EDGE_CURVE ( 'NONE', #202, #644, #1137, .T. ) ;
#2838 = VECTOR ( 'NONE', #3624, 1000.000000000000000 ) ;
#2839 = ADVANCED_FACE ( 'NONE', ( #1123 ), #2497, .F. ) ;
#2840 = CARTESIAN_POINT ( 'NONE',  ( 4.008511440740559095, 3.200000000000000178, -20.71529572119486673 ) ) ;
#2841 = PLANE ( 'NONE',  #2472 ) ;
#2842 = DIRECTION ( 'NONE',  ( 0.000000000000000000, 0.000000000000000000, -1.000000000000000000 ) ) ;
#2843 = FACE_OUTER_BOUND ( 'NONE', #2153, .T. ) ;
#2844 = CARTESIAN_POINT ( 'NONE',  ( 14.58109211771839320, 3.200000000000000178, 14.02977758213490134 ) ) ;
#2845 = DIRECTION ( 'NONE',  ( -0.8090169943749476733, 0.000000000000000000, 0.5877852522924729151 ) ) ;
#2846 = VERTEX_POINT ( 'NONE', #3081 ) ;
#2847 = ORIENTED_EDGE ( 'NONE', *, *, #2949, .F. ) ;
#2848 = DIRECTION ( 'NONE',  ( 3.953459470360933791E-16, 0.000000000000000000, -1.000000000000000000 ) ) ;
#2849 = DIRECTION ( 'NONE',  ( -0.000000000000000000, -1.000000000000000000, -0.000000000000000000 ) ) ;
#2850 = ORIENTED_EDGE ( 'NONE', *, *, #2929, .F. ) ;
#2851 = LINE ( 'NONE', #899, #2506 ) ;
#2852 = EDGE_CURVE ( 'NONE', #1585, #373, #671, .T. ) ;
#2853 = ORIENTED_EDGE ( 'NONE', *, *, #3384, .T. ) ;
#2854 = AXIS2_PLACEMENT_3D ( 'NONE', #1890, #218, #3009 ) ;
#2855 = DIRECTION ( 'NONE',  ( 0.000000000000000000, 0.000000000000000000, 1.000000000000000000 ) ) ;
#2856 = FACE_OUTER_BOUND ( 'NONE', #3364, .T. ) ;
#2857 = AXIS2_PLACEMENT_3D ( 'NONE', #2106, #1048, #2437 ) ;
#2858 = EDGE_CURVE ( 'NONE', #2651, #106, #152, .T. ) ;
#2859 = VECTOR ( 'NONE', #2503, 1000.000000000000114 ) ;
#2860 = AXIS2_PLACEMENT_3D ( 'NONE', #1075, #3543, #2190 ) ;
#2861 = VECTOR ( 'NONE', #2278, 1000.000000000000000 ) ;
#2862 = FACE_OUTER_BOUND ( 'NONE', #777, .T. ) ;
#2863 = CARTESIAN_POINT ( 'NONE',  ( 34.03662625158479926, 11.00000000000000000, -8.574268097623727769 ) ) ;
#2864 = DIRECTION ( 'NONE',  ( 0.000000000000000000, 0.000000000000000000, 1.000000000000000000 ) ) ;
#2865 = CARTESIAN_POINT ( 'NONE',  ( -8.499584931042219793, 11.00000000000000000, -33.91600000000000392 ) ) ;
#2866 = EDGE_CURVE ( 'NONE', #2139, #429, #1140, .T. ) ;
#2867 = EDGE_LOOP ( 'NONE', ( #97, #2565, #2539, #689 ) ) ;
#2868 = ORIENTED_EDGE ( 'NONE', *, *, #512, .F. ) ;
#2869 = CLOSED_SHELL ( 'NONE', ( #193, #2169, #3529, #474, #1901, #2737, #1362, #1476, #1339, #2620, #2935, #1321, #939, #137, #1535, #78, #1675, #517, #1163, #539, #3141, #1921, #990, #2640, #2396, #167, #2187, #3499, #2010, #1071, #579, #2152, #600, #1234, #2349, #493, #950, #646, #3598, #1059, #3275, #423, #165, #3545, #3548, #1317, #1852, #344, #301, #742, #2058, #1446, #878, #3308, #623, #31, #3372, #3172, #3435, #404, #1773, #580, #2460, #1138, #2105, #2820, #3188, #895, #279, #2600, #1744, #2528, #3390, #2481, #3549, #2988, #2505, #3255, #1609, #1521, #1500, #2458, #1208, #2055, #1631, #1456, #3303, #1231, #1205, #1404, #2439, #3171, #672, #296, #1945, #2839, #781, #119, #2948, #1591, #583, #1963, #346, #2350, #400, #1030, #3041, #320, #422 ) ) ;
#2870 = ORIENTED_EDGE ( 'NONE', *, *, #144, .F. ) ;
#2871 = FACE_OUTER_BOUND ( 'NONE', #2833, .T. ) ;
#2872 = DIRECTION ( 'NONE',  ( -0.000000000000000000, -1.000000000000000000, -0.000000000000000000 ) ) ;
#2873 = VERTEX_POINT ( 'NONE', #2575 ) ;
#2874 = VECTOR ( 'NONE', #371, 999.9999999999998863 ) ;
#2875 = CARTESIAN_POINT ( 'NONE',  ( -22.75469555777869601, 3.200000000000000178, -11.12598716473773486 ) ) ;
#2876 = AXIS2_PLACEMENT_3D ( 'NONE', #1366, #3544, #1567 ) ;
#2877 = VERTEX_POINT ( 'NONE', #1707 ) ;
#2878 = DIRECTION ( 'NONE',  ( 0.000000000000000000, 0.000000000000000000, -1.000000000000000000 ) ) ;
#2879 = DIRECTION ( 'NONE',  ( -0.000000000000000000, -1.000000000000000000, -0.000000000000000000 ) ) ;
#2880 = VECTOR ( 'NONE', #1147, 1000.000000000000000 ) ;
#2881 = CIRCLE ( 'NONE', #3166, 4.499999999999999112 ) ;
#2882 = EDGE_CURVE ( 'NONE', #2958, #396, #53, .T. ) ;
#2883 = CARTESIAN_POINT ( 'NONE',  ( -20.04284767550321789, 3.200000000000000178, -2.779777582134901781 ) ) ;
#2884 = LINE ( 'NONE', #2333, #140 ) ;
#2885 = CARTESIAN_POINT ( 'NONE',  ( -25.98076211353315301, 14.50000000000000000, 15.00000000000001421 ) ) ;
#2886 = EDGE_LOOP ( 'NONE', ( #2502, #548, #1525, #545 ) ) ;
#2887 = ORIENTED_EDGE ( 'NONE', *, *, #2121, .F. ) ;
#2888 = EDGE_CURVE ( 'NONE', #972, #311, #1160, .T. ) ;
#2889 = VERTEX_POINT ( 'NONE', #3065 ) ;
#2890 = EDGE_CURVE ( 'NONE', #1058, #2651, #837, .T. ) ;
#2891 = CARTESIAN_POINT ( 'NONE',  ( 9.592779134391467011, 14.50000000000000000, 33.76371704180071021 ) ) ;
#2892 = LINE ( 'NONE', #368, #1105 ) ;
#2893 = UNCERTAINTY_MEASURE_WITH_UNIT (LENGTH_MEASURE( 1.000000000000000082E-05 ), #2435, 'distance_accuracy_value', 'NONE');
#2894 = ORIENTED_EDGE ( 'NONE', *, *, #2770, .T. ) ;
#2895 = DIRECTION ( 'NONE',  ( 0.000000000000000000, -1.000000000000000000, 0.000000000000000000 ) ) ;
#2896 = VECTOR ( 'NONE', #1554, 999.9999999999998863 ) ;
#2897 = VERTEX_POINT ( 'NONE', #328 ) ;
#2898 = CARTESIAN_POINT ( 'NONE',  ( 0.000000000000000000, 0.9999999999999870104, 0.000000000000000000 ) ) ;
#2899 = DIRECTION ( 'NONE',  ( 0.000000000000000000, -1.000000000000000000, 0.000000000000000000 ) ) ;
#2900 = AXIS2_PLACEMENT_3D ( 'NONE', #2571, #2916, #2329 ) ;
#2901 = DIRECTION ( 'NONE',  ( 0.000000000000000000, 0.000000000000000000, -1.000000000000000000 ) ) ;
#2902 = CARTESIAN_POINT ( 'NONE',  ( 9.184850993605145972E-16, 0.000000000000000000, -7.500000000000000000 ) ) ;
#2903 = EDGE_LOOP ( 'NONE', ( #431, #1016 ) ) ;
#2904 = ORIENTED_EDGE ( 'NONE', *, *, #2667, .F. ) ;
#2905 = EDGE_LOOP ( 'NONE', ( #1127, #2352, #759, #2007 ) ) ;
#2906 = CARTESIAN_POINT ( 'NONE',  ( -25.98076211353315301, 14.50000000000000000, 17.10000000000001563 ) ) ;
#2907 = CARTESIAN_POINT ( 'NONE',  ( -15.41909919950121655, 3.200000000000000178, 22.00288237343632147 ) ) ;
#2908 = AXIS2_PLACEMENT_3D ( 'NONE', #3152, #1195, #3463 ) ;
#2909 = EDGE_CURVE ( 'NONE', #2560, #556, #614, .T. ) ;
#2910 = ORIENTED_EDGE ( 'NONE', *, *, #1811, .F. ) ;
#2911 = EDGE_CURVE ( 'NONE', #79, #826, #2226, .T. ) ;
#2912 = CARTESIAN_POINT ( 'NONE',  ( 20.94011513995872775, 0.000000000000000000, -2.589057494991861663 ) ) ;
#2913 = AXIS2_PLACEMENT_3D ( 'NONE', #2984, #1320, #3043 ) ;
#2914 = ORIENTED_EDGE ( 'NONE', *, *, #2791, .T. ) ;
#2915 = CARTESIAN_POINT ( 'NONE',  ( 0.000000000000000000, 11.00000000000000000, 0.000000000000000000 ) ) ;
#2916 = DIRECTION ( 'NONE',  ( -0.000000000000000000, -1.000000000000000000, -0.000000000000000000 ) ) ;
#2917 = DIRECTION ( 'NONE',  ( -0.000000000000000000, -1.000000000000000000, -0.000000000000000000 ) ) ;
#2918 = CIRCLE ( 'NONE', #272, 2.125000000000002665 ) ;
#2919 = DIRECTION ( 'NONE',  ( -0.000000000000000000, -1.000000000000000000, -0.000000000000000000 ) ) ;
#2920 = AXIS2_PLACEMENT_3D ( 'NONE', #549, #3606, #3351 ) ;
#2921 = VERTEX_POINT ( 'NONE', #2827 ) ;
#2922 = ORIENTED_EDGE ( 'NONE', *, *, #3232, .T. ) ;
#2923 = ORIENTED_EDGE ( 'NONE', *, *, #1165, .F. ) ;
#2924 = DIRECTION ( 'NONE',  ( -0.000000000000000000, 1.000000000000000000, -0.000000000000000000 ) ) ;
#2925 = CARTESIAN_POINT ( 'NONE',  ( 17.51714490907110644, 3.200000000000000178, 17.29059455641041154 ) ) ;
#2926 = VERTEX_POINT ( 'NONE', #1410 ) ;
#2927 = CC_DESIGN_DATE_AND_TIME_ASSIGNMENT ( #1934, #8, ( #713 ) ) ;
#2928 = DIRECTION ( 'NONE',  ( 0.000000000000000000, 0.000000000000000000, 1.000000000000000000 ) ) ;
#2929 = EDGE_CURVE ( 'NONE', #565, #770, #2537, .T. ) ;
#2930 = ORIENTED_EDGE ( 'NONE', *, *, #231, .T. ) ;
#2931 = AXIS2_PLACEMENT_3D ( 'NONE', #208, #3567, #491 ) ;
#2932 = DIRECTION ( 'NONE',  ( 0.000000000000000000, 1.000000000000000000, 0.000000000000000000 ) ) ;
#2933 = CARTESIAN_POINT ( 'NONE',  ( 10.82531754730548634, 14.50000000000000000, 4.124999999999999112 ) ) ;
#2934 = CARTESIAN_POINT ( 'NONE',  ( 24.44384711719314041, 14.50000000000000000, -25.18944894417677105 ) ) ;
#2935 = ADVANCED_FACE ( 'NONE', ( #2591 ), #1466, .T. ) ;
#2936 = CARTESIAN_POINT ( 'NONE',  ( -17.61303022242179139, 3.200000000000000178, 18.20288237343632431 ) ) ;
#2937 = CARTESIAN_POINT ( 'NONE',  ( 11.86924423544291152, 3.200000000000000178, 22.37598716473772953 ) ) ;
#2938 = VECTOR ( 'NONE', #1911, 1000.000000000000000 ) ;
#2939 = EDGE_LOOP ( 'NONE', ( #2335, #57, #1236, #1748 ) ) ;
#2940 = ORIENTED_EDGE ( 'NONE', *, *, #2368, .F. ) ;
#2941 = ORIENTED_EDGE ( 'NONE', *, *, #94, .T. ) ;
#2942 = CARTESIAN_POINT ( 'NONE',  ( 3.469446951953614189E-15, 0.000000000000000000, 30.00000000000000000 ) ) ;
#2943 = DIRECTION ( 'NONE',  ( 0.9135454576425997564, 0.000000000000000000, -0.4067366430758027063 ) ) ;
#2944 = EDGE_LOOP ( 'NONE', ( #2409, #2309, #3487, #908 ) ) ;
#2945 = LINE ( 'NONE', #952, #926 ) ;
#2946 = ORIENTED_EDGE ( 'NONE', *, *, #3484, .T. ) ;
#2947 = CYLINDRICAL_SURFACE ( 'NONE', #626, 2.125000000000002665 ) ;
#2948 = ADVANCED_FACE ( 'NONE', ( #2016 ), #3186, .F. ) ;
#2949 = EDGE_CURVE ( 'NONE', #986, #2978, #2884, .T. ) ;
#2950 = DIRECTION ( 'NONE',  ( -0.000000000000000000, 1.000000000000000000, -0.000000000000000000 ) ) ;
#2951 = DIRECTION ( 'NONE',  ( -0.000000000000000000, -1.000000000000000000, -0.000000000000000000 ) ) ;
#2952 = ORIENTED_EDGE ( 'NONE', *, *, #921, .T. ) ;
#2953 = ORIENTED_EDGE ( 'NONE', *, *, #557, .F. ) ;
#2954 = ORIENTED_EDGE ( 'NONE', *, *, #2292, .T. ) ;
#2955 = VECTOR ( 'NONE', #1795, 1000.000000000000000 ) ;
#2956 = CARTESIAN_POINT ( 'NONE',  ( 23.69235932559477575, 11.00000000000000178, 18.87468872042091661 ) ) ;
#2957 = LINE ( 'NONE', #433, #995 ) ;
#2958 = VERTEX_POINT ( 'NONE', #3170 ) ;
#2959 = CARTESIAN_POINT ( 'NONE',  ( 13.22516817658064880, 3.200000000000000178, 20.32788237343631010 ) ) ;
#2960 = VECTOR ( 'NONE', #1215, 1000.000000000000227 ) ;
#2961 = VERTEX_POINT ( 'NONE', #1248 ) ;
#2962 = CARTESIAN_POINT ( 'NONE',  ( 25.98076211353315657, 14.50000000000000000, -15.00000000000000355 ) ) ;
#2963 = DIRECTION ( 'NONE',  ( 0.000000000000000000, 0.000000000000000000, -1.000000000000000000 ) ) ;
#2964 = DIRECTION ( 'NONE',  ( 0.000000000000000000, 1.000000000000000000, 0.000000000000000000 ) ) ;
#2965 = CARTESIAN_POINT ( 'NONE',  ( 25.98076211353316367, 11.00000000000000178, 12.89999999999998970 ) ) ;
#2966 = EDGE_CURVE ( 'NONE', #2630, #2597, #643, .T. ) ;
#2967 = EDGE_LOOP ( 'NONE', ( #182, #2236 ) ) ;
#2968 = AXIS2_PLACEMENT_3D ( 'NONE', #1214, #680, #1448 ) ;
#2969 = ORIENTED_EDGE ( 'NONE', *, *, #661, .F. ) ;
#2970 = CARTESIAN_POINT ( 'NONE',  ( -25.98076211353316012, 11.00000000000000178, -15.00000000000000355 ) ) ;
#2971 = ORIENTED_EDGE ( 'NONE', *, *, #920, .F. ) ;
#2972 = AXIS2_PLACEMENT_3D ( 'NONE', #1359, #3610, #1069 ) ;
#2973 = CARTESIAN_POINT ( 'NONE',  ( 0.000000000000000000, 7.000000000000000000, -15.09999999999999964 ) ) ;
#2974 = CARTESIAN_POINT ( 'NONE',  ( -21.39877161664095695, 0.000000000000000000, -6.952882373436320762 ) ) ;
#2975 = AXIS2_PLACEMENT_3D ( 'NONE', #2410, #2172, #3306 ) ;
#2976 = ORIENTED_EDGE ( 'NONE', *, *, #1247, .F. ) ;
#2977 = CIRCLE ( 'NONE', #3379, 2.125000000000000000 ) ;
#2978 = VERTEX_POINT ( 'NONE', #2660 ) ;
#2979 = CARTESIAN_POINT ( 'NONE',  ( 0.000000000000000000, 14.50000000000000000, 7.500000000000000000 ) ) ;
#2980 = DIRECTION ( 'NONE',  ( 0.000000000000000000, 0.000000000000000000, 1.000000000000000000 ) ) ;
#2981 = CARTESIAN_POINT ( 'NONE',  ( -11.03123715366006863, 0.000000000000000000, 22.00288237343632503 ) ) ;
#2982 = ORIENTED_EDGE ( 'NONE', *, *, #469, .T. ) ;
#2983 = CARTESIAN_POINT ( 'NONE',  ( 0.000000000000000000, 10.00000000000000000, 0.000000000000000000 ) ) ;
#2984 = CARTESIAN_POINT ( 'NONE',  ( -8.499584931042219793, 14.50000000000000000, -29.91599999999999682 ) ) ;
#2985 = VECTOR ( 'NONE', #64, 1000.000000000000000 ) ;
#2986 = ORIENTED_EDGE ( 'NONE', *, *, #2791, .F. ) ;
#2987 = AXIS2_PLACEMENT_3D ( 'NONE', #2231, #543, #314 ) ;
#2988 = ADVANCED_FACE ( 'NONE', ( #2068 ), #426, .F. ) ;
#2989 = LINE ( 'NONE', #1067, #2100 ) ;
#2990 = EDGE_LOOP ( 'NONE', ( #1218, #2466, #2647, #1713 ) ) ;
#2991 = LINE ( 'NONE', #2405, #99 ) ;
#2992 = FACE_OUTER_BOUND ( 'NONE', #3429, .T. ) ;
#2993 = CIRCLE ( 'NONE', #1391, 2.125000000000002665 ) ;
#2994 = ORIENTED_EDGE ( 'NONE', *, *, #1812, .T. ) ;
#2995 = EDGE_CURVE ( 'NONE', #3305, #1825, #1743, .T. ) ;
#2996 = EDGE_CURVE ( 'NONE', #1433, #927, #155, .T. ) ;
#2997 = CIRCLE ( 'NONE', #1396, 4.000000000000000000 ) ;
#2998 = VERTEX_POINT ( 'NONE', #3495 ) ;
#2999 = DIRECTION ( 'NONE',  ( 0.000000000000000000, 1.000000000000000000, 0.000000000000000000 ) ) ;
#3000 = CARTESIAN_POINT ( 'NONE',  ( 0.000000000000000000, 10.00000000000000000, -37.50000000000000711 ) ) ;
#3001 = ORIENTED_EDGE ( 'NONE', *, *, #3105, .T. ) ;
#3002 = CARTESIAN_POINT ( 'NONE',  ( 0.000000000000000000, 14.50000000000000000, 0.000000000000000000 ) ) ;
#3003 = CARTESIAN_POINT ( 'NONE',  ( 0.000000000000000000, 11.00000000000000000, 0.000000000000000000 ) ) ;
#3004 = DIRECTION ( 'NONE',  ( -0.000000000000000000, -1.000000000000000000, -0.000000000000000000 ) ) ;
#3005 = FACE_OUTER_BOUND ( 'NONE', #2084, .T. ) ;
#3006 = ORIENTED_EDGE ( 'NONE', *, *, #2310, .F. ) ;
#3007 = DIRECTION ( 'NONE',  ( 0.000000000000000000, 1.000000000000000000, 0.000000000000000000 ) ) ;
#3008 = ORIENTED_EDGE ( 'NONE', *, *, #1426, .F. ) ;
#3009 = DIRECTION ( 'NONE',  ( 0.000000000000000000, 0.000000000000000000, 1.000000000000000000 ) ) ;
#3010 = LINE ( 'NONE', #3246, #2627 ) ;
#3011 = EDGE_CURVE ( 'NONE', #791, #3524, #1537, .T. ) ;
#3012 = ADVANCED_BREP_SHAPE_REPRESENTATION ( 'Output_2', ( #787, #2533 ), #1298 ) ;
#3013 = VECTOR ( 'NONE', #2879, 1000.000000000000000 ) ;
#3014 = ORIENTED_EDGE ( 'NONE', *, *, #2534, .T. ) ;
#3015 = LINE ( 'NONE', #1862, #3209 ) ;
#3016 = LINE ( 'NONE', #1916, #3221 ) ;
#3017 = EDGE_CURVE ( 'NONE', #2154, #1434, #3447, .T. ) ;
#3018 = APPROVAL_PERSON_ORGANIZATION ( #809, #1604, #511 ) ;
#3019 = EDGE_CURVE ( 'NONE', #1078, #3226, #86, .T. ) ;
#3020 = ORIENTED_EDGE ( 'NONE', *, *, #3617, .T. ) ;
#3021 = PLANE ( 'NONE',  #688 ) ;
#3022 = CARTESIAN_POINT ( 'NONE',  ( -3.549854964058325901, 3.200000000000000178, -19.92087940036069327 ) ) ;
#3023 = ORIENTED_EDGE ( 'NONE', *, *, #1117, .T. ) ;
#3024 = CARTESIAN_POINT ( 'NONE',  ( -10.82531754730548634, 14.50000000000000000, 4.124999999999999112 ) ) ;
#3025 = CARTESIAN_POINT ( 'NONE',  ( 0.4586564766822265882, 3.200000000000000178, -18.13617512155554934 ) ) ;
#3026 = CARTESIAN_POINT ( 'NONE',  ( 3.469446951953614189E-15, 11.00000000000000178, 30.00000000000000000 ) ) ;
#3027 = VERTEX_POINT ( 'NONE', #1762 ) ;
#3028 = LINE ( 'NONE', #2973, #2604 ) ;
#3029 = DIRECTION ( 'NONE',  ( 0.000000000000000000, -1.000000000000000000, 0.000000000000000000 ) ) ;
#3030 = ORIENTED_EDGE ( 'NONE', *, *, #10, .T. ) ;
#3031 = AXIS2_PLACEMENT_3D ( 'NONE', #740, #1304, #484 ) ;
#3032 = ORIENTED_EDGE ( 'NONE', *, *, #2966, .T. ) ;
#3033 = LINE ( 'NONE', #1894, #2673 ) ;
#3034 = CARTESIAN_POINT ( 'NONE',  ( 8.499584931042011959, 14.50000000000000000, 29.91600000000005721 ) ) ;
#3035 = AXIS2_PLACEMENT_3D ( 'NONE', #1121, #2495, #835 ) ;
#3036 = AXIS2_PLACEMENT_3D ( 'NONE', #2493, #1923, #3623 ) ;
#3037 = ORIENTED_EDGE ( 'NONE', *, *, #1791, .F. ) ;
#3038 = FACE_BOUND ( 'NONE', #2365, .T. ) ;
#3039 = PERSON_AND_ORGANIZATION ( #2646, #1475 ) ;
#3040 = EDGE_LOOP ( 'NONE', ( #1850, #3332 ) ) ;
#3041 = ADVANCED_FACE ( 'NONE', ( #978 ), #2348, .F. ) ;
#3042 = DIRECTION ( 'NONE',  ( -0.3090169943749475623, 0.000000000000000000, -0.9510565162951536422 ) ) ;
#3043 = DIRECTION ( 'NONE',  ( 0.000000000000000000, 0.000000000000000000, 1.000000000000000000 ) ) ;
#3044 = AXIS2_PLACEMENT_3D ( 'NONE', #1159, #288, #1393 ) ;
#3045 = AXIS2_PLACEMENT_3D ( 'NONE', #3073, #2415, #3546 ) ;
#3046 = DIRECTION ( 'NONE',  ( 0.000000000000000000, -1.000000000000000000, 0.000000000000000000 ) ) ;
#3047 = DIRECTION ( 'NONE',  ( 0.000000000000000000, 0.000000000000000000, -1.000000000000000000 ) ) ;
#3048 = DIRECTION ( 'NONE',  ( -0.3090169943749476733, 0.000000000000000000, 0.9510565162951535312 ) ) ;
#3049 = CARTESIAN_POINT ( 'NONE',  ( 25.98076211353316367, 11.00000000000000178, 17.09999999999999787 ) ) ;
#3050 = AXIS2_PLACEMENT_3D ( 'NONE', #3323, #766, #456 ) ;
#3051 = ORIENTED_EDGE ( 'NONE', *, *, #299, .F. ) ;
#3052 = VERTEX_POINT ( 'NONE', #942 ) ;
#3053 = CARTESIAN_POINT ( 'NONE',  ( 0.000000000000000000, 0.000000000000000000, -35.10000000000000142 ) ) ;
#3054 = AXIS2_PLACEMENT_3D ( 'NONE', #3361, #1967, #3103 ) ;
#3055 = CARTESIAN_POINT ( 'NONE',  ( 0.000000000000000000, 11.00000000000000000, 0.000000000000000000 ) ) ;
#3056 = EDGE_LOOP ( 'NONE', ( #1851, #1892 ) ) ;
#3057 = FACE_BOUND ( 'NONE', #3583, .T. ) ;
#3058 = APPROVAL_DATE_TIME ( #2799, #1604 ) ;
#3059 = CARTESIAN_POINT ( 'NONE',  ( 0.000000000000000000, 7.000000000000000000, 0.000000000000000000 ) ) ;
#3060 = DIRECTION ( 'NONE',  ( 0.000000000000000000, 1.000000000000000000, 0.000000000000000000 ) ) ;
#3061 = EDGE_CURVE ( 'NONE', #3052, #454, #2318, .T. ) ;
#3062 = EDGE_CURVE ( 'NONE', #3150, #2321, #699, .T. ) ;
#3063 = DIRECTION ( 'NONE',  ( 0.000000000000000000, 0.000000000000000000, 1.000000000000000000 ) ) ;
#3064 = CARTESIAN_POINT ( 'NONE',  ( -25.98076211353298248, 11.00000000000000178, -15.00000000000030376 ) ) ;
#3065 = CARTESIAN_POINT ( 'NONE',  ( 16.16122096793336382, 0.000000000000000000, 21.46369934771182386 ) ) ;
#3066 = FACE_OUTER_BOUND ( 'NONE', #1605, .T. ) ;
#3067 = ORIENTED_EDGE ( 'NONE', *, *, #2144, .F. ) ;
#3068 = ORIENTED_EDGE ( 'NONE', *, *, #1421, .T. ) ;
#3069 = ORIENTED_EDGE ( 'NONE', *, *, #2733, .T. ) ;
#3070 = DIRECTION ( 'NONE',  ( 0.000000000000000000, 0.000000000000000000, 1.000000000000000000 ) ) ;
#3071 = LINE ( 'NONE', #2289, #3398 ) ;
#3072 = VERTEX_POINT ( 'NONE', #122 ) ;
#3073 = CARTESIAN_POINT ( 'NONE',  ( -30.15780844513644610, 14.50000000000000000, 7.597143528093743825 ) ) ;
#3074 = VECTOR ( 'NONE', #2120, 1000.000000000000000 ) ;
#3075 = ORIENTED_EDGE ( 'NONE', *, *, #2619, .F. ) ;
#3076 = DIRECTION ( 'NONE',  ( 0.000000000000000000, 0.000000000000000000, 1.000000000000000000 ) ) ;
#3077 = CARTESIAN_POINT ( 'NONE',  ( 10.82531754730548634, 0.000000000000000000, 8.374999999999996447 ) ) ;
#3078 = EDGE_CURVE ( 'NONE', #1988, #2961, #660, .T. ) ;
#3079 = CARTESIAN_POINT ( 'NONE',  ( 8.933191444090194722, 0.000000000000000000, 19.11517019046223353 ) ) ;
#3080 = CARTESIAN_POINT ( 'NONE',  ( 14.58109211771839320, 0.000000000000000000, 14.02977758213490134 ) ) ;
#3081 = CARTESIAN_POINT ( 'NONE',  ( -8.499584931042219793, 14.50000000000000000, -33.91600000000000392 ) ) ;
#3082 = DIRECTION ( 'NONE',  ( 0.000000000000000000, 0.000000000000000000, 1.000000000000000000 ) ) ;
#3083 = VERTEX_POINT ( 'NONE', #1523 ) ;
#3084 = ORIENTED_EDGE ( 'NONE', *, *, #189, .F. ) ;
#3085 = CYLINDRICAL_SURFACE ( 'NONE', #2798, 2.124999999999998224 ) ;
#3086 = DIRECTION ( 'NONE',  ( 0.000000000000000000, 0.000000000000000000, 1.000000000000000000 ) ) ;
#3087 = AXIS2_PLACEMENT_3D ( 'NONE', #1177, #2300, #2901 ) ;
#3088 = LINE ( 'NONE', #1991, #2033 ) ;
#3089 = AXIS2_PLACEMENT_3D ( 'NONE', #3228, #3451, #1270 ) ;
#3090 = CIRCLE ( 'NONE', #2670, 37.50000000000000711 ) ;
#3091 = ORIENTED_EDGE ( 'NONE', *, *, #2390, .F. ) ;
#3092 = DIRECTION ( 'NONE',  ( 0.000000000000000000, 1.000000000000000000, 0.000000000000000000 ) ) ;
#3093 = CIRCLE ( 'NONE', #1150, 4.000000000000000000 ) ;
#3094 = PLANE ( 'NONE',  #2530 ) ;
#3095 = DIRECTION ( 'NONE',  ( -0.000000000000000000, -1.000000000000000000, -0.000000000000000000 ) ) ;
#3096 = LINE ( 'NONE', #956, #3159 ) ;
#3097 = CYLINDRICAL_SURFACE ( 'NONE', #3552, 3.999999999999999112 ) ;
#3098 = LINE ( 'NONE', #2000, #1171 ) ;
#3099 = ORIENTED_EDGE ( 'NONE', *, *, #133, .F. ) ;
#3100 = AXIS2_PLACEMENT_3D ( 'NONE', #710, #1826, #2678 ) ;
#3101 = ORIENTED_EDGE ( 'NONE', *, *, #1251, .T. ) ;
#3102 = FACE_OUTER_BOUND ( 'NONE', #123, .T. ) ;
#3103 = DIRECTION ( 'NONE',  ( 0.000000000000000000, 0.000000000000000000, 1.000000000000000000 ) ) ;
#3104 = AXIS2_PLACEMENT_3D ( 'NONE', #3419, #2251, #3108 ) ;
#3105 = EDGE_CURVE ( 'NONE', #1755, #169, #2626, .T. ) ;
#3106 = EDGE_CURVE ( 'NONE', #2020, #2958, #248, .T. ) ;
#3107 = CIRCLE ( 'NONE', #2987, 4.000000000000000000 ) ;
#3108 = DIRECTION ( 'NONE',  ( 0.000000000000000000, 0.000000000000000000, -1.000000000000000000 ) ) ;
#3109 = ORIENTED_EDGE ( 'NONE', *, *, #1272, .T. ) ;
#3110 = AXIS2_PLACEMENT_3D ( 'NONE', #1651, #820, #853 ) ;
#3111 = DIRECTION ( 'NONE',  ( 0.9510565162951536422, 0.000000000000000000, -0.3090169943749475623 ) ) ;
#3112 = CARTESIAN_POINT ( 'NONE',  ( -24.33482440799367552, 3.200000000000000178, -3.692065399160812778 ) ) ;
#3113 = LINE ( 'NONE', #1666, #43 ) ;
#3114 = CARTESIAN_POINT ( 'NONE',  ( -13.22516817658064525, 14.50000000000000000, 16.07788237343632076 ) ) ;
#3115 = CARTESIAN_POINT ( 'NONE',  ( 17.39026017590039785, 3.200000000000000178, -5.168178094631182162 ) ) ;
#3116 = FACE_BOUND ( 'NONE', #2508, .T. ) ;
#3117 = ORIENTED_EDGE ( 'NONE', *, *, #763, .F. ) ;
#3118 = EDGE_LOOP ( 'NONE', ( #1219, #1504, #2986, #505 ) ) ;
#3119 = CARTESIAN_POINT ( 'NONE',  ( -3.549854964058325901, 0.000000000000000000, -19.92087940036069327 ) ) ;
#3120 = LINE ( 'NONE', #561, #2880 ) ;
#3121 = EDGE_CURVE ( 'NONE', #369, #3226, #445, .T. ) ;
#3122 = ORIENTED_EDGE ( 'NONE', *, *, #2716, .T. ) ;
#3123 = EDGE_CURVE ( 'NONE', #330, #2812, #1760, .T. ) ;
#3124 = FACE_OUTER_BOUND ( 'NONE', #2796, .T. ) ;
#3125 = ORIENTED_EDGE ( 'NONE', *, *, #3439, .T. ) ;
#3126 = CARTESIAN_POINT ( 'NONE',  ( -25.98076211353315301, 0.000000000000000000, 15.00000000000001421 ) ) ;
#3127 = LINE ( 'NONE', #3077, #1709 ) ;
#3128 = EDGE_CURVE ( 'NONE', #3396, #3410, #2382, .T. ) ;
#3129 = LOCAL_TIME ( 22, 49, 0.000000000000000000, #3621 ) ;
#3130 = DIRECTION ( 'NONE',  ( 0.9781476007338055778, 0.000000000000000000, -0.2079116908177592593 ) ) ;
#3131 = DIRECTION ( 'NONE',  ( 0.000000000000000000, 0.000000000000000000, -1.000000000000000000 ) ) ;
#3132 = CARTESIAN_POINT ( 'NONE',  ( -18.46271882528824904, 0.000000000000000000, -10.21369934771183097 ) ) ;
#3133 = LINE ( 'NONE', #2264, #2284 ) ;
#3134 = EDGE_LOOP ( 'NONE', ( #874, #1701, #3536, #652 ) ) ;
#3135 = ORIENTED_EDGE ( 'NONE', *, *, #3580, .F. ) ;
#3136 = ORIENTED_EDGE ( 'NONE', *, *, #2783, .T. ) ;
#3137 = CARTESIAN_POINT ( 'NONE',  ( 0.4586564766822265882, 3.200000000000000178, -18.13617512155554934 ) ) ;
#3138 = FACE_OUTER_BOUND ( 'NONE', #2830, .T. ) ;
#3139 = ORIENTED_EDGE ( 'NONE', *, *, #1405, .F. ) ;
#3140 = DIRECTION ( 'NONE',  ( 0.000000000000000000, 0.000000000000000000, 1.000000000000000000 ) ) ;
#3141 = ADVANCED_FACE ( 'NONE', ( #3516 ), #3276, .F. ) ;
#3142 = ORIENTED_EDGE ( 'NONE', *, *, #2260, .F. ) ;
#3143 = CIRCLE ( 'NONE', #3498, 4.000000000000000000 ) ;
#3144 = DIRECTION ( 'NONE',  ( 0.000000000000000000, 0.000000000000000000, 1.000000000000000000 ) ) ;
#3145 = CARTESIAN_POINT ( 'NONE',  ( 24.44384711719314041, 11.00000000000000000, -25.18944894417677105 ) ) ;
#3146 = AXIS2_PLACEMENT_3D ( 'NONE', #1175, #937, #3182 ) ;
#3147 = AXIS2_PLACEMENT_3D ( 'NONE', #2111, #2073, #1508 ) ;
#3148 = EDGE_CURVE ( 'NONE', #1951, #2054, #2232, .T. ) ;
#3149 = EDGE_CURVE ( 'NONE', #2433, #2229, #1574, .T. ) ;
#3150 = VERTEX_POINT ( 'NONE', #1887 ) ;
#3151 = DIRECTION ( 'NONE',  ( 0.000000000000000000, 0.000000000000000000, 1.000000000000000000 ) ) ;
#3152 = CARTESIAN_POINT ( 'NONE',  ( 0.4586564766822265882, 3.200000000000000178, -18.13617512155554934 ) ) ;
#3153 = FACE_OUTER_BOUND ( 'NONE', #3160, .T. ) ;
#3154 = ORIENTED_EDGE ( 'NONE', *, *, #3123, .F. ) ;
#3155 = VERTEX_POINT ( 'NONE', #2965 ) ;
#3156 = VERTEX_POINT ( 'NONE', #2763 ) ;
#3157 = CARTESIAN_POINT ( 'NONE',  ( -13.22516817658064525, 3.200000000000000178, 18.20288237343632076 ) ) ;
#3158 = DIRECTION ( 'NONE',  ( 0.4999999999999973910, 0.000000000000000000, -0.8660254037844401509 ) ) ;
#3159 = VECTOR ( 'NONE', #2065, 1000.000000000000000 ) ;
#3160 = EDGE_LOOP ( 'NONE', ( #1780, #1810, #913, #2709 ) ) ;
#3161 = AXIS2_PLACEMENT_3D ( 'NONE', #435, #3455, #2326 ) ;
#3162 = DIRECTION ( 'NONE',  ( 0.000000000000000000, 1.000000000000000000, 0.000000000000000000 ) ) ;
#3163 = VERTEX_POINT ( 'NONE', #3590 ) ;
#3164 = LINE ( 'NONE', #340, #3204 ) ;
#3165 = FACE_OUTER_BOUND ( 'NONE', #1361, .T. ) ;
#3166 = AXIS2_PLACEMENT_3D ( 'NONE', #3284, #1836, #485 ) ;
#3167 = EDGE_CURVE ( 'NONE', #1817, #595, #773, .T. ) ;
#3168 = CIRCLE ( 'NONE', #120, 2.100000000000000977 ) ;
#3169 = LINE ( 'NONE', #392, #3494 ) ;
#3170 = CARTESIAN_POINT ( 'NONE',  ( 25.98076211353315657, 11.00000000000000178, -17.10000000000000142 ) ) ;
#3171 = ADVANCED_FACE ( 'NONE', ( #2419 ), #479, .F. ) ;
#3172 = ADVANCED_FACE ( 'NONE', ( #2124 ), #755, .F. ) ;
#3173 = EDGE_LOOP ( 'NONE', ( #2342, #1889, #3381, #1335 ) ) ;
#3174 = ORIENTED_EDGE ( 'NONE', *, *, #900, .F. ) ;
#3175 = ORIENTED_EDGE ( 'NONE', *, *, #59, .F. ) ;
#3176 = DIRECTION ( 'NONE',  ( 0.000000000000000000, 0.000000000000000000, -1.000000000000000000 ) ) ;
#3177 = DIRECTION ( 'NONE',  ( 0.4067366430758027063, -0.000000000000000000, 0.9135454576425997564 ) ) ;
#3178 = EDGE_CURVE ( 'NONE', #556, #3286, #1849, .T. ) ;
#3179 = ORIENTED_EDGE ( 'NONE', *, *, #1939, .T. ) ;
#3180 = CARTESIAN_POINT ( 'NONE',  ( 25.98076211353319565, 14.50000000000000000, -14.99999999999993960 ) ) ;
#3181 = VERTEX_POINT ( 'NONE', #1265 ) ;
#3182 = DIRECTION ( 'NONE',  ( 0.000000000000000000, 0.000000000000000000, -1.000000000000000000 ) ) ;
#3183 = DIRECTION ( 'NONE',  ( -0.000000000000000000, 1.000000000000000000, -0.000000000000000000 ) ) ;
#3184 = VECTOR ( 'NONE', #1296, 1000.000000000000000 ) ;
#3185 = DIRECTION ( 'NONE',  ( 0.000000000000000000, 0.000000000000000000, 1.000000000000000000 ) ) ;
#3186 = PLANE ( 'NONE',  #322 ) ;
#3187 = EDGE_LOOP ( 'NONE', ( #1771, #775, #722, #2320 ) ) ;
#3188 = ADVANCED_FACE ( 'NONE', ( #3005 ), #1595, .T. ) ;
#3189 = ORIENTED_EDGE ( 'NONE', *, *, #3349, .F. ) ;
#3190 = ORIENTED_EDGE ( 'NONE', *, *, #30, .T. ) ;
#3191 = LINE ( 'NONE', #1238, #1086 ) ;
#3192 = CARTESIAN_POINT ( 'NONE',  ( -4.499780257610586531, 11.00000000000000178, -29.95552941176470441 ) ) ;
#3193 = ORIENTED_EDGE ( 'NONE', *, *, #833, .T. ) ;
#3194 = EDGE_CURVE ( 'NONE', #2846, #1575, #2785, .T. ) ;
#3195 = CARTESIAN_POINT ( 'NONE',  ( -21.65822351409389412, 14.50000000000000000, -22.31885647190621924 ) ) ;
#3196 = ORIENTED_EDGE ( 'NONE', *, *, #3235, .T. ) ;
#3197 = FACE_BOUND ( 'NONE', #1227, .T. ) ;
#3198 = CARTESIAN_POINT ( 'NONE',  ( 21.39877161664095695, 0.000000000000000000, -6.952882373436318986 ) ) ;
#3199 = LINE ( 'NONE', #1759, #3013 ) ;
#3200 = AXIS2_PLACEMENT_3D ( 'NONE', #235, #1635, #2129 ) ;
#3201 = DIRECTION ( 'NONE',  ( 0.000000000000000000, 0.000000000000000000, 1.000000000000000000 ) ) ;
#3202 = CIRCLE ( 'NONE', #1025, 2.100000000000000977 ) ;
#3203 = CARTESIAN_POINT ( 'NONE',  ( 25.98076211353319565, 11.00000000000000178, -10.49999999999993960 ) ) ;
#3204 = VECTOR ( 'NONE', #2570, 1000.000000000000000 ) ;
#3205 = ORIENTED_EDGE ( 'NONE', *, *, #1699, .T. ) ;
#3206 = VERTEX_POINT ( 'NONE', #462 ) ;
#3207 = EDGE_LOOP ( 'NONE', ( #2391, #139, #2, #2277 ) ) ;
#3208 = DIRECTION ( 'NONE',  ( -0.000000000000000000, -1.000000000000000000, -0.000000000000000000 ) ) ;
#3209 = VECTOR ( 'NONE', #1879, 1000.000000000000000 ) ;
#3210 = CARTESIAN_POINT ( 'NONE',  ( 24.94862658069927264, 3.200000000000000178, -4.373761773797014030 ) ) ;
#3211 = VERTEX_POINT ( 'NONE', #516 ) ;
#3212 = ORIENTED_EDGE ( 'NONE', *, *, #1172, .F. ) ;
#3213 = LINE ( 'NONE', #419, #1917 ) ;
#3214 = EDGE_LOOP ( 'NONE', ( #111, #2772, #2425, #2821 ) ) ;
#3215 = EDGE_CURVE ( 'NONE', #169, #856, #2459, .T. ) ;
#3216 = EDGE_CURVE ( 'NONE', #682, #1817, #774, .T. ) ;
#3217 = VERTEX_POINT ( 'NONE', #3534 ) ;
#3218 = CARTESIAN_POINT ( 'NONE',  ( 25.40728305738150894, 0.000000000000000000, -8.737586652241464691 ) ) ;
#3219 = CARTESIAN_POINT ( 'NONE',  ( -2.094888803305880013E-13, 11.00000000000000178, 30.00000000000000000 ) ) ;
#3220 = AXIS2_PLACEMENT_3D ( 'NONE', #3195, #112, #2062 ) ;
#3221 = VECTOR ( 'NONE', #488, 1000.000000000000000 ) ;
#3222 = FACE_OUTER_BOUND ( 'NONE', #1252, .T. ) ;
#3223 = DIRECTION ( 'NONE',  ( -0.7431448254773926898, 0.000000000000000000, 0.6691306063588599029 ) ) ;
#3224 = AXIS2_PLACEMENT_3D ( 'NONE', #3579, #1057, #2168 ) ;
#3225 = ORIENTED_EDGE ( 'NONE', *, *, #249, .T. ) ;
#3226 = VERTEX_POINT ( 'NONE', #212 ) ;
#3227 = ORIENTED_EDGE ( 'NONE', *, *, #1539, .F. ) ;
#3228 = CARTESIAN_POINT ( 'NONE',  ( 0.000000000000000000, 3.200000000000000178, 0.000000000000000000 ) ) ;
#3229 = AXIS2_PLACEMENT_3D ( 'NONE', #3611, #1088, #1395 ) ;
#3230 = CARTESIAN_POINT ( 'NONE',  ( 20.94011513995872775, 3.200000000000000178, -2.589057494991861663 ) ) ;
#3231 = VERTEX_POINT ( 'NONE', #2438 ) ;
#3232 = EDGE_CURVE ( 'NONE', #1598, #1962, #3296, .T. ) ;
#3233 = CARTESIAN_POINT ( 'NONE',  ( 28.19213958320547420, 14.50000000000000000, -11.08084069134383221 ) ) ;
#3234 = EDGE_LOOP ( 'NONE', ( #42, #221, #2954, #645 ) ) ;
#3235 = EDGE_CURVE ( 'NONE', #3502, #1818, #839, .T. ) ;
#3236 = CYLINDRICAL_SURFACE ( 'NONE', #226, 4.000000000000003553 ) ;
#3237 = CARTESIAN_POINT ( 'NONE',  ( 0.000000000000000000, 14.50000000000000000, -30.00000000000000000 ) ) ;
#3238 = DIRECTION ( 'NONE',  ( -0.000000000000000000, -1.000000000000000000, -0.000000000000000000 ) ) ;
#3239 = DIRECTION ( 'NONE',  ( 0.000000000000000000, 0.000000000000000000, 1.000000000000000000 ) ) ;
#3240 = VECTOR ( 'NONE', #305, 1000.000000000000000 ) ;
#3241 = ORIENTED_EDGE ( 'NONE', *, *, #1764, .F. ) ;
#3242 = CARTESIAN_POINT ( 'NONE',  ( 4.008511440740559095, 0.000000000000000000, -20.71529572119486673 ) ) ;
#3243 = ORIENTED_EDGE ( 'NONE', *, *, #3148, .T. ) ;
#3244 = CC_DESIGN_APPROVAL ( #50, ( #318 ) ) ;
#3245 = LINE ( 'NONE', #2093, #1956 ) ;
#3246 = CARTESIAN_POINT ( 'NONE',  ( 16.16122096793336382, 3.200000000000000178, 21.46369934771182386 ) ) ;
#3247 = ORIENTED_EDGE ( 'NONE', *, *, #1791, .T. ) ;
#3248 = EDGE_LOOP ( 'NONE', ( #2904, #1626, #3563, #89 ) ) ;
#3249 = DIRECTION ( 'NONE',  ( 0.000000000000000000, 0.000000000000000000, 1.000000000000000000 ) ) ;
#3250 = ORIENTED_EDGE ( 'NONE', *, *, #3178, .T. ) ;
#3251 = FACE_OUTER_BOUND ( 'NONE', #436, .T. ) ;
#3252 = DIRECTION ( 'NONE',  ( 0.000000000000000000, 0.000000000000000000, -1.000000000000000000 ) ) ;
#3253 = DIRECTION ( 'NONE',  ( 0.000000000000000000, 0.000000000000000000, 1.000000000000000000 ) ) ;
#3254 = DIRECTION ( 'NONE',  ( 0.000000000000000000, 0.000000000000000000, 1.000000000000000000 ) ) ;
#3255 = ADVANCED_FACE ( 'NONE', ( #49 ), #3094, .F. ) ;
#3256 = AXIS2_PLACEMENT_3D ( 'NONE', #2844, #309, #1378 ) ;
#3257 = EDGE_CURVE ( 'NONE', #2812, #1693, #885, .T. ) ;
#3258 = EDGE_LOOP ( 'NONE', ( #3434, #180, #3500, #1327 ) ) ;
#3259 = AXIS2_PLACEMENT_3D ( 'NONE', #1465, #2590, #2051 ) ;
#3260 = DIRECTION ( 'NONE',  ( 0.000000000000000000, 0.000000000000000000, 1.000000000000000000 ) ) ;
#3261 = EDGE_LOOP ( 'NONE', ( #3023, #2644 ) ) ;
#3262 = DIRECTION ( 'NONE',  ( 0.000000000000000000, 0.000000000000000000, -1.000000000000000000 ) ) ;
#3263 = LINE ( 'NONE', #1305, #3581 ) ;
#3264 = AXIS2_PLACEMENT_3D ( 'NONE', #1995, #902, #3458 ) ;
#3265 = ORIENTED_EDGE ( 'NONE', *, *, #2122, .F. ) ;
#3266 = ORIENTED_EDGE ( 'NONE', *, *, #2966, .F. ) ;
#3267 = CARTESIAN_POINT ( 'NONE',  ( -25.98076211353315301, 11.00000000000000178, 15.00000000000001421 ) ) ;
#3268 = DIRECTION ( 'NONE',  ( 0.000000000000000000, 0.000000000000000000, -1.000000000000000000 ) ) ;
#3269 = EDGE_CURVE ( 'NONE', #2072, #2584, #586, .T. ) ;
#3270 = ORIENTED_EDGE ( 'NONE', *, *, #2290, .F. ) ;
#3271 = CIRCLE ( 'NONE', #1676, 4.499999999999999112 ) ;
#3272 = FACE_BOUND ( 'NONE', #992, .T. ) ;
#3273 = CARTESIAN_POINT ( 'NONE',  ( 0.000000000000000000, 14.50000000000000000, 0.000000000000000000 ) ) ;
#3274 = CARTESIAN_POINT ( 'NONE',  ( -9.592779134391939522, 11.00000000000000000, 33.76371704180057520 ) ) ;
#3275 = ADVANCED_FACE ( 'NONE', ( #1355 ), #1974, .F. ) ;
#3276 = CYLINDRICAL_SURFACE ( 'NONE', #1519, 2.125000000000000000 ) ;
#3277 = ORIENTED_EDGE ( 'NONE', *, *, #428, .F. ) ;
#3278 = VECTOR ( 'NONE', #1417, 1000.000000000000000 ) ;
#3279 = EDGE_CURVE ( 'NONE', #3156, #380, #424, .T. ) ;
#3280 = CYLINDRICAL_SURFACE ( 'NONE', #1110, 4.499999999999997335 ) ;
#3281 = EDGE_LOOP ( 'NONE', ( #1982, #2707, #2870, #879 ) ) ;
#3282 = EDGE_CURVE ( 'NONE', #2671, #1487, #372, .T. ) ;
#3283 = DIRECTION ( 'NONE',  ( 0.000000000000000000, 0.000000000000000000, -1.000000000000000000 ) ) ;
#3284 = CARTESIAN_POINT ( 'NONE',  ( -25.98076211353330578, 11.00000000000000178, 14.99999999999975842 ) ) ;
#3285 = AXIS2_PLACEMENT_3D ( 'NONE', #219, #2186, #2151 ) ;
#3286 = VERTEX_POINT ( 'NONE', #567 ) ;
#3287 = AXIS2_PLACEMENT_3D ( 'NONE', #2148, #498, #160 ) ;
#3288 = ORIENTED_EDGE ( 'NONE', *, *, #210, .T. ) ;
#3289 = CARTESIAN_POINT ( 'NONE',  ( 25.98076211353316367, 0.000000000000000000, 14.99999999999999467 ) ) ;
#3290 = DIRECTION ( 'NONE',  ( 0.000000000000000000, 1.000000000000000000, 0.000000000000000000 ) ) ;
#3291 = VERTEX_POINT ( 'NONE', #531 ) ;
#3292 = FACE_BOUND ( 'NONE', #1462, .T. ) ;
#3293 = DIRECTION ( 'NONE',  ( 0.1045284632676525272, 0.000000000000000000, 0.9945218953682735119 ) ) ;
#3294 = CARTESIAN_POINT ( 'NONE',  ( 0.000000000000000000, 14.50000000000000000, -22.50000000000000000 ) ) ;
#3295 = VECTOR ( 'NONE', #1502, 1000.000000000000000 ) ;
#3296 = LINE ( 'NONE', #3025, #1470 ) ;
#3297 = VECTOR ( 'NONE', #923, 1000.000000000000000 ) ;
#3298 = ORIENTED_EDGE ( 'NONE', *, *, #3121, .F. ) ;
#3299 = FACE_OUTER_BOUND ( 'NONE', #1981, .T. ) ;
#3300 = ORIENTED_EDGE ( 'NONE', *, *, #1479, .F. ) ;
#3301 = CARTESIAN_POINT ( 'NONE',  ( -13.22516817658064525, 0.000000000000000000, 18.20288237343632076 ) ) ;
#3302 = LINE ( 'NONE', #780, #1686 ) ;
#3303 = ADVANCED_FACE ( 'NONE', ( #1407 ), #2841, .F. ) ;
#3304 = AXIS2_PLACEMENT_3D ( 'NONE', #1646, #285, #1390 ) ;
#3305 = VERTEX_POINT ( 'NONE', #2256 ) ;
#3306 = DIRECTION ( 'NONE',  ( 0.000000000000000000, 0.000000000000000000, 1.000000000000000000 ) ) ;
#3307 = DIRECTION ( 'NONE',  ( -0.000000000000000000, -1.000000000000000000, -0.000000000000000000 ) ) ;
#3308 = ADVANCED_FACE ( 'NONE', ( #2476 ), #2804, .F. ) ;
#3309 = ORIENTED_EDGE ( 'NONE', *, *, #1052, .T. ) ;
#3310 = CARTESIAN_POINT ( 'NONE',  ( 13.22516817658064880, 0.000000000000000000, 16.07788237343631366 ) ) ;
#3311 = CARTESIAN_POINT ( 'NONE',  ( 3.469446951953614189E-15, 14.50000000000000000, 30.00000000000000000 ) ) ;
#3312 = DIRECTION ( 'NONE',  ( 0.000000000000000000, 1.000000000000000000, 0.000000000000000000 ) ) ;
#3313 = CARTESIAN_POINT ( 'NONE',  ( -18.46271882528824904, 3.200000000000000178, -10.21369934771183097 ) ) ;
#3314 = DIRECTION ( 'NONE',  ( 0.000000000000000000, 0.000000000000000000, 1.000000000000000000 ) ) ;
#3315 = ORIENTED_EDGE ( 'NONE', *, *, #898, .T. ) ;
#3316 = FACE_OUTER_BOUND ( 'NONE', #240, .T. ) ;
#3317 = LINE ( 'NONE', #799, #2938 ) ;
#3318 = EDGE_CURVE ( 'NONE', #998, #2702, #953, .T. ) ;
#3319 = VERTEX_POINT ( 'NONE', #3383 ) ;
#3320 = VECTOR ( 'NONE', #605, 1000.000000000000000 ) ;
#3321 = EDGE_LOOP ( 'NONE', ( #2940, #499 ) ) ;
#3322 = CARTESIAN_POINT ( 'NONE',  ( 20.94011513995872775, 0.000000000000000000, -2.589057494991861663 ) ) ;
#3323 = CARTESIAN_POINT ( 'NONE',  ( 0.000000000000000000, 0.000000000000000000, 0.000000000000000000 ) ) ;
#3324 = AXIS2_PLACEMENT_3D ( 'NONE', #2983, #3550, #2123 ) ;
#3325 = VECTOR ( 'NONE', #3468, 1000.000000000000000 ) ;
#3326 = AXIS2_PLACEMENT_3D ( 'NONE', #2898, #2328, #100 ) ;
#3327 = VERTEX_POINT ( 'NONE', #3607 ) ;
#3328 = EDGE_CURVE ( 'NONE', #2229, #1301, #1938, .T. ) ;
#3329 = PLANE ( 'NONE',  #2744 ) ;
#3330 = PERSON_AND_ORGANIZATION_ROLE ( 'classification_officer' ) ;
#3331 = EDGE_CURVE ( 'NONE', #2054, #2560, #897, .T. ) ;
#3332 = ORIENTED_EDGE ( 'NONE', *, *, #991, .F. ) ;
#3333 = FACE_OUTER_BOUND ( 'NONE', #2215, .T. ) ;
#3334 = DIRECTION ( 'NONE',  ( -0.000000000000000000, 1.000000000000000000, -0.000000000000000000 ) ) ;
#3335 = AXIS2_PLACEMENT_3D ( 'NONE', #253, #1358, #1261 ) ;
#3336 = AXIS2_PLACEMENT_3D ( 'NONE', #2294, #317, #2274 ) ;
#3337 = CARTESIAN_POINT ( 'NONE',  ( 0.000000000000000000, 3.200000000000000178, 0.000000000000000000 ) ) ;
#3338 = CARTESIAN_POINT ( 'NONE',  ( 0.000000000000000000, 7.000000000000000000, 0.000000000000000000 ) ) ;
#3339 = CARTESIAN_POINT ( 'NONE',  ( 25.98076211353315657, 14.50000000000000000, -17.10000000000000142 ) ) ;
#3340 = PLANE ( 'NONE',  #410 ) ;
#3341 = ORIENTED_EDGE ( 'NONE', *, *, #2440, .F. ) ;
#3342 = VERTEX_POINT ( 'NONE', #2782 ) ;
#3343 = LINE ( 'NONE', #824, #217 ) ;
#3344 = CARTESIAN_POINT ( 'NONE',  ( 13.22516817658064880, 14.50000000000000000, 20.32788237343631010 ) ) ;
#3345 = AXIS2_PLACEMENT_3D ( 'NONE', #236, #1875, #1560 ) ;
#3346 = ORIENTED_EDGE ( 'NONE', *, *, #2509, .T. ) ;
#3347 = DIRECTION ( 'NONE',  ( -0.000000000000000000, -1.000000000000000000, -0.000000000000000000 ) ) ;
#3348 = DATE_AND_TIME ( #1352, #2241 ) ;
#3349 = EDGE_CURVE ( 'NONE', #380, #842, #3127, .T. ) ;
#3350 = EDGE_LOOP ( 'NONE', ( #3196, #1039 ) ) ;
#3351 = DIRECTION ( 'NONE',  ( 0.000000000000000000, 0.000000000000000000, 1.000000000000000000 ) ) ;
#3352 = DIRECTION ( 'NONE',  ( 0.000000000000000000, 0.000000000000000000, 1.000000000000000000 ) ) ;
#3353 = EDGE_CURVE ( 'NONE', #106, #3342, #2516, .T. ) ;
#3354 = DIRECTION ( 'NONE',  ( -0.5877852522924723599, 0.000000000000000000, -0.8090169943749480064 ) ) ;
#3355 = CYLINDRICAL_SURFACE ( 'NONE', #744, 2.099999999999997868 ) ;
#3356 = LINE ( 'NONE', #3115, #3492 ) ;
#3357 = DIRECTION ( 'NONE',  ( 0.000000000000000000, 1.000000000000000000, 0.000000000000000000 ) ) ;
#3358 = ORIENTED_EDGE ( 'NONE', *, *, #834, .T. ) ;
#3359 = ORIENTED_EDGE ( 'NONE', *, *, #3149, .T. ) ;
#3360 = DIRECTION ( 'NONE',  ( 2.602085213965210642E-15, 0.000000000000000000, 1.000000000000000000 ) ) ;
#3361 = CARTESIAN_POINT ( 'NONE',  ( 0.000000000000000000, 14.50000000000000000, 0.000000000000000000 ) ) ;
#3362 = AXIS2_PLACEMENT_3D ( 'NONE', #622, #2603, #1740 ) ;
#3363 = FACE_OUTER_BOUND ( 'NONE', #2723, .T. ) ;
#3364 = EDGE_LOOP ( 'NONE', ( #1353, #87, #216, #1207 ) ) ;
#3365 = FACE_BOUND ( 'NONE', #591, .T. ) ;
#3366 = CARTESIAN_POINT ( 'NONE',  ( -25.98076211353330578, 11.00000000000000178, 14.99999999999975842 ) ) ;
#3367 = CARTESIAN_POINT ( 'NONE',  ( -4.008511440740560872, 3.200000000000000178, -24.28470427880515814 ) ) ;
#3368 = DIRECTION ( 'NONE',  ( -0.000000000000000000, 1.000000000000000000, -0.000000000000000000 ) ) ;
#3369 = CARTESIAN_POINT ( 'NONE',  ( 3.726622779774557842E-15, 14.50000000000000000, 32.09999999999999432 ) ) ;
#3370 = EDGE_CURVE ( 'NONE', #3524, #3575, #602, .T. ) ;
#3371 = LINE ( 'NONE', #2828, #2822 ) ;
#3372 = ADVANCED_FACE ( 'NONE', ( #550 ), #2239, .F. ) ;
#3373 = EDGE_LOOP ( 'NONE', ( #9, #2761 ) ) ;
#3374 = ORIENTED_EDGE ( 'NONE', *, *, #900, .T. ) ;
#3375 = CARTESIAN_POINT ( 'NONE',  ( 17.39026017590039785, 3.200000000000000178, -5.168178094631182162 ) ) ;
#3376 = CARTESIAN_POINT ( 'NONE',  ( 3.726622779774557842E-15, 0.000000000000000000, 32.09999999999999432 ) ) ;
#3377 = AXIS2_PLACEMENT_3D ( 'NONE', #3301, #1036, #452 ) ;
#3378 = CARTESIAN_POINT ( 'NONE',  ( -8.499584931042219793, 14.49999999999999822, -29.91599999999999682 ) ) ;
#3379 = AXIS2_PLACEMENT_3D ( 'NONE', #21, #2524, #593 ) ;
#3380 = AXIS2_PLACEMENT_3D ( 'NONE', #2381, #3238, #228 ) ;
#3381 = ORIENTED_EDGE ( 'NONE', *, *, #991, .T. ) ;
#3382 = CARTESIAN_POINT ( 'NONE',  ( 25.98076211353315657, 11.00000000000000178, -12.90000000000000568 ) ) ;
#3383 = CARTESIAN_POINT ( 'NONE',  ( 23.69235932559490720, 14.50000000000000000, -18.87468872042074963 ) ) ;
#3384 = EDGE_CURVE ( 'NONE', #1415, #2248, #3199, .T. ) ;
#3385 = CYLINDRICAL_SURFACE ( 'NONE', #1608, 2.099999999999997868 ) ;
#3386 = CARTESIAN_POINT ( 'NONE',  ( 3.726622779774557842E-15, 11.00000000000000178, 32.09999999999999432 ) ) ;
#3387 = LINE ( 'NONE', #1394, #2254 ) ;
#3388 = CARTESIAN_POINT ( 'NONE',  ( -4.008511440740560872, 3.200000000000000178, -24.28470427880515814 ) ) ;
#3389 = ORIENTED_EDGE ( 'NONE', *, *, #2852, .T. ) ;
#3390 = ADVANCED_FACE ( 'NONE', ( #3165 ), #1518, .F. ) ;
#3391 = AXIS2_PLACEMENT_3D ( 'NONE', #225, #1333, #2758 ) ;
#3392 = EDGE_CURVE ( 'NONE', #2387, #2873, #903, .T. ) ;
#3393 = ORIENTED_EDGE ( 'NONE', *, *, #251, .T. ) ;
#3394 = CARTESIAN_POINT ( 'NONE',  ( 0.000000000000000000, 0.000000000000000000, 0.000000000000000000 ) ) ;
#3395 = FACE_OUTER_BOUND ( 'NONE', #1614, .T. ) ;
#3396 = VERTEX_POINT ( 'NONE', #2934 ) ;
#3397 = EDGE_CURVE ( 'NONE', #3528, #2101, #2589, .T. ) ;
#3398 = VECTOR ( 'NONE', #2814, 1000.000000000000000 ) ;
#3399 = DIRECTION ( 'NONE',  ( 0.9135454576426005335, 0.000000000000000000, 0.4067366430758009299 ) ) ;
#3400 = CIRCLE ( 'NONE', #1168, 2.125000000000002665 ) ;
#3401 = ORIENTED_EDGE ( 'NONE', *, *, #3215, .F. ) ;
#3402 = CARTESIAN_POINT ( 'NONE',  ( -25.98076211353316012, 11.00000000000000178, -15.00000000000000355 ) ) ;
#3403 = DIRECTION ( 'NONE',  ( 0.000000000000000000, 0.000000000000000000, 1.000000000000000000 ) ) ;
#3404 = AXIS2_PLACEMENT_3D ( 'NONE', #1338, #716, #3239 ) ;
#3405 = EDGE_LOOP ( 'NONE', ( #1397, #1832 ) ) ;
#3406 = CARTESIAN_POINT ( 'NONE',  ( -25.98076211353298248, 11.00000000000000178, -15.00000000000030376 ) ) ;
#3407 = CARTESIAN_POINT ( 'NONE',  ( -34.03662625158486321, 14.50000000000000000, 8.574268097623486184 ) ) ;
#3408 = DIRECTION ( 'NONE',  ( 0.000000000000000000, -1.000000000000000000, 0.000000000000000000 ) ) ;
#3409 = FACE_OUTER_BOUND ( 'NONE', #1000, .T. ) ;
#3410 = VERTEX_POINT ( 'NONE', #3145 ) ;
#3411 = EDGE_LOOP ( 'NONE', ( #1182, #471, #1766, #664 ) ) ;
#3412 = ORIENTED_EDGE ( 'NONE', *, *, #667, .T. ) ;
#3413 = DIRECTION ( 'NONE',  ( 0.000000000000000000, 0.000000000000000000, -1.000000000000000000 ) ) ;
#3414 = CYLINDRICAL_SURFACE ( 'NONE', #3517, 37.50000000000000711 ) ;
#3415 = AXIS2_PLACEMENT_3D ( 'NONE', #3427, #2088, #905 ) ;
#3416 = EDGE_CURVE ( 'NONE', #1415, #647, #938, .T. ) ;
#3417 = EDGE_LOOP ( 'NONE', ( #113, #282, #1750, #3193 ) ) ;
#3418 = ORIENTED_EDGE ( 'NONE', *, *, #1855, .T. ) ;
#3419 = CARTESIAN_POINT ( 'NONE',  ( 13.22516817658064880, 3.200000000000000178, 18.20288237343631366 ) ) ;
#3420 = EDGE_CURVE ( 'NONE', #2958, #2020, #1009, .T. ) ;
#3421 = EDGE_CURVE ( 'NONE', #1555, #227, #711, .T. ) ;
#3422 = ORIENTED_EDGE ( 'NONE', *, *, #3441, .T. ) ;
#3423 = CIRCLE ( 'NONE', #1183, 4.499999999999997335 ) ;
#3424 = CARTESIAN_POINT ( 'NONE',  ( 0.000000000000000000, 7.000000000000000000, 0.000000000000000000 ) ) ;
#3425 = FACE_OUTER_BOUND ( 'NONE', #1223, .T. ) ;
#3426 = LINE ( 'NONE', #2067, #3612 ) ;
#3427 = CARTESIAN_POINT ( 'NONE',  ( 25.40728305738150894, 3.200000000000000178, -8.737586652241464691 ) ) ;
#3428 = DIRECTION ( 'NONE',  ( 0.000000000000000000, 0.000000000000000000, 1.000000000000000000 ) ) ;
#3429 = EDGE_LOOP ( 'NONE', ( #1164, #147, #1912, #2910 ) ) ;
#3430 = VERTEX_POINT ( 'NONE', #1245 ) ;
#3431 = ORIENTED_EDGE ( 'NONE', *, *, #1479, .T. ) ;
#3432 = CYLINDRICAL_SURFACE ( 'NONE', #1026, 4.000000000000000000 ) ;
#3433 = CARTESIAN_POINT ( 'NONE',  ( 25.98076211353315657, 0.000000000000000000, -15.00000000000000355 ) ) ;
#3434 = ORIENTED_EDGE ( 'NONE', *, *, #1049, .T. ) ;
#3435 = ADVANCED_FACE ( 'NONE', ( #2856 ), #375, .F. ) ;
#3436 = CARTESIAN_POINT ( 'NONE',  ( 20.94011513995872775, 3.200000000000000178, -2.589057494991861663 ) ) ;
#3437 = ORIENTED_EDGE ( 'NONE', *, *, #3349, .T. ) ;
#3438 = AXIS2_PLACEMENT_3D ( 'NONE', #3406, #1392, #3608 ) ;
#3439 = EDGE_CURVE ( 'NONE', #420, #2717, #3423, .T. ) ;
#3440 = AXIS2_PLACEMENT_3D ( 'NONE', #199, #1615, #3262 ) ;
#3441 = EDGE_CURVE ( 'NONE', #27, #1487, #641, .T. ) ;
#3442 = PLANE ( 'NONE',  #3264 ) ;
#3443 = DIRECTION ( 'NONE',  ( 0.000000000000000000, 0.000000000000000000, 1.000000000000000000 ) ) ;
#3444 = AXIS2_PLACEMENT_3D ( 'NONE', #1815, #2950, #1828 ) ;
#3445 = CIRCLE ( 'NONE', #1435, 7.500000000000000000 ) ;
#3446 = CARTESIAN_POINT ( 'NONE',  ( 0.000000000000000000, 14.50000000000000000, 0.000000000000000000 ) ) ;
#3447 = LINE ( 'NONE', #2937, #2050 ) ;
#3448 = ORIENTED_EDGE ( 'NONE', *, *, #2032, .F. ) ;
#3449 = EDGE_LOOP ( 'NONE', ( #846, #2569, #3227, #970 ) ) ;
#3450 = ORIENTED_EDGE ( 'NONE', *, *, #428, .T. ) ;
#3451 = DIRECTION ( 'NONE',  ( 0.000000000000000000, -1.000000000000000000, 0.000000000000000000 ) ) ;
#3452 = LINE ( 'NONE', #2925, #1512 ) ;
#3453 = ORIENTED_EDGE ( 'NONE', *, *, #1426, .T. ) ;
#3454 = VECTOR ( 'NONE', #3399, 1000.000000000000000 ) ;
#3455 = DIRECTION ( 'NONE',  ( -0.000000000000000000, -1.000000000000000000, -0.000000000000000000 ) ) ;
#3456 = CIRCLE ( 'NONE', #3054, 35.10000000000000142 ) ;
#3457 = ORIENTED_EDGE ( 'NONE', *, *, #232, .F. ) ;
#3458 = DIRECTION ( 'NONE',  ( 0.000000000000000000, -0.000000000000000000, 1.000000000000000000 ) ) ;
#3459 = DIRECTION ( 'NONE',  ( 0.000000000000000000, 0.000000000000000000, -1.000000000000000000 ) ) ;
#3460 = EDGE_CURVE ( 'NONE', #3501, #2717, #2086, .T. ) ;
#3461 = VECTOR ( 'NONE', #999, 1000.000000000000114 ) ;
#3462 = DIRECTION ( 'NONE',  ( -0.000000000000000000, -1.000000000000000000, -0.000000000000000000 ) ) ;
#3463 = DIRECTION ( 'NONE',  ( 0.9135454576426005335, 0.000000000000000000, 0.4067366430758011520 ) ) ;
#3464 = EDGE_CURVE ( 'NONE', #892, #682, #957, .T. ) ;
#3465 = ORIENTED_EDGE ( 'NONE', *, *, #1093, .T. ) ;
#3466 = EDGE_LOOP ( 'NONE', ( #3541, #2436, #1731, #2628 ) ) ;
#3467 = EDGE_LOOP ( 'NONE', ( #2040, #2665, #1044, #3300, #2353, #1243 ) ) ;
#3468 = DIRECTION ( 'NONE',  ( 0.6691306063588580155, 0.000000000000000000, 0.7431448254773944662 ) ) ;
#3469 = CARTESIAN_POINT ( 'NONE',  ( -25.69074834913141103, 3.200000000000000178, -7.865170190462221989 ) ) ;
#3470 = ORIENTED_EDGE ( 'NONE', *, *, #1630, .T. ) ;
#3471 = CYLINDRICAL_SURFACE ( 'NONE', #1800, 4.000000000000000000 ) ;
#3472 = ORIENTED_EDGE ( 'NONE', *, *, #2413, .T. ) ;
#3473 = CARTESIAN_POINT ( 'NONE',  ( 11.86924423544291152, 3.200000000000000178, 22.37598716473772953 ) ) ;
#3474 = LINE ( 'NONE', #2657, #1913 ) ;
#3475 = CARTESIAN_POINT ( 'NONE',  ( 21.39877161664095695, 3.200000000000000178, -6.952882373436318986 ) ) ;
#3476 = AXIS2_PLACEMENT_3D ( 'NONE', #2454, #994, #1010 ) ;
#3477 = FACE_OUTER_BOUND ( 'NONE', #509, .T. ) ;
#3478 = DIRECTION ( 'NONE',  ( -0.1045284632676533737, 0.000000000000000000, 0.9945218953682734009 ) ) ;
#3479 = CC_DESIGN_APPROVAL ( #1604, ( #713 ) ) ;
#3480 = EDGE_LOOP ( 'NONE', ( #3266, #3117, #2712, #2994 ) ) ;
#3481 = ORIENTED_EDGE ( 'NONE', *, *, #943, .T. ) ;
#3482 = EDGE_CURVE ( 'NONE', #3430, #682, #316, .T. ) ;
#3483 = ORIENTED_EDGE ( 'NONE', *, *, #1968, .T. ) ;
#3484 = EDGE_CURVE ( 'NONE', #1035, #2889, #658, .T. ) ;
#3485 = CARTESIAN_POINT ( 'NONE',  ( 0.000000000000000000, 7.000000000000000000, -15.09999999999999964 ) ) ;
#3486 = FACE_OUTER_BOUND ( 'NONE', #2990, .T. ) ;
#3487 = ORIENTED_EDGE ( 'NONE', *, *, #3149, .F. ) ;
#3488 = DIRECTION ( 'NONE',  ( 0.000000000000000000, 0.000000000000000000, 1.000000000000000000 ) ) ;
#3489 = EDGE_LOOP ( 'NONE', ( #38, #2351 ) ) ;
#3490 = DIRECTION ( 'NONE',  ( -0.6691306063588590147, 0.000000000000000000, 0.7431448254773934670 ) ) ;
#3491 = CARTESIAN_POINT ( 'NONE',  ( -25.98076211353298248, 14.50000000000000000, -15.00000000000030376 ) ) ;
#3492 = VECTOR ( 'NONE', #1650, 1000.000000000000000 ) ;
#3493 = CARTESIAN_POINT ( 'NONE',  ( -2.094888803305880013E-13, 14.50000000000000000, 30.00000000000000000 ) ) ;
#3494 = VECTOR ( 'NONE', #624, 1000.000000000000000 ) ;
#3495 = CARTESIAN_POINT ( 'NONE',  ( -34.03662625158486321, 11.00000000000000000, 8.574268097623486184 ) ) ;
#3496 = VECTOR ( 'NONE', #2753, 1000.000000000000000 ) ;
#3497 = VECTOR ( 'NONE', #1091, 1000.000000000000000 ) ;
#3498 = AXIS2_PLACEMENT_3D ( 'NONE', #1337, #2681, #3533 ) ;
#3499 = ADVANCED_FACE ( 'NONE', ( #3425 ), #2013, .F. ) ;
#3500 = ORIENTED_EDGE ( 'NONE', *, *, #1363, .F. ) ;
#3501 = VERTEX_POINT ( 'NONE', #84 ) ;
#3502 = VERTEX_POINT ( 'NONE', #2066 ) ;
#3503 = CARTESIAN_POINT ( 'NONE',  ( 0.000000000000000000, 3.200000000000000178, -22.50000000000000000 ) ) ;
#3504 = LINE ( 'NONE', #1489, #821 ) ;
#3505 = EDGE_CURVE ( 'NONE', #3575, #3231, #1193, .T. ) ;
#3506 = EDGE_LOOP ( 'NONE', ( #334, #668, #1258, #1592 ) ) ;
#3507 = CARTESIAN_POINT ( 'NONE',  ( -25.98076211353316012, 0.000000000000000000, -17.10000000000000497 ) ) ;
#3508 = ORIENTED_EDGE ( 'NONE', *, *, #508, .F. ) ;
#3509 = AXIS2_PLACEMENT_3D ( 'NONE', #2262, #2786, #588 ) ;
#3510 = EDGE_CURVE ( 'NONE', #1202, #986, #480, .T. ) ;
#3511 = VERTEX_POINT ( 'NONE', #2031 ) ;
#3512 = VECTOR ( 'NONE', #3490, 1000.000000000000227 ) ;
#3513 = CARTESIAN_POINT ( 'NONE',  ( -8.837306130739486676, 3.200000000000000178, 18.20288237343632431 ) ) ;
#3514 = CIRCLE ( 'NONE', #2385, 2.124999999999998224 ) ;
#3515 = LINE ( 'NONE', #1847, #2662 ) ;
#3516 = FACE_OUTER_BOUND ( 'NONE', #3187, .T. ) ;
#3517 = AXIS2_PLACEMENT_3D ( 'NONE', #1169, #2849, #2525 ) ;
#3518 = ORIENTED_EDGE ( 'NONE', *, *, #2193, .F. ) ;
#3519 = DIRECTION ( 'NONE',  ( -0.000000000000000000, 1.000000000000000000, -0.000000000000000000 ) ) ;
#3520 = EDGE_LOOP ( 'NONE', ( #3315, #2792 ) ) ;
#3521 = CARTESIAN_POINT ( 'NONE',  ( -25.98076211353315301, 14.50000000000000000, 12.90000000000001279 ) ) ;
#3522 = CARTESIAN_POINT ( 'NONE',  ( 8.499584931042221569, 14.50000000000000000, -29.91599999999999682 ) ) ;
#3523 = ORIENTED_EDGE ( 'NONE', *, *, #2330, .T. ) ;
#3524 = VERTEX_POINT ( 'NONE', #1777 ) ;
#3525 = EDGE_CURVE ( 'NONE', #55, #1455, #1884, .T. ) ;
#3526 = CARTESIAN_POINT ( 'NONE',  ( -10.82531754730548634, 0.000000000000000000, 6.249999999999998224 ) ) ;
#3527 = ORIENTED_EDGE ( 'NONE', *, *, #2037, .F. ) ;
#3528 = VERTEX_POINT ( 'NONE', #459 ) ;
#3529 = ADVANCED_FACE ( 'NONE', ( #2658 ), #2177, .T. ) ;
#3530 = CARTESIAN_POINT ( 'NONE',  ( -11.03123715366006863, 3.200000000000000178, 22.00288237343632503 ) ) ;
#3531 = CARTESIAN_POINT ( 'NONE',  ( -34.03662625158486321, 14.50000000000000000, 8.574268097623486184 ) ) ;
#3532 = EDGE_CURVE ( 'NONE', #2101, #3528, #258, .T. ) ;
#3533 = DIRECTION ( 'NONE',  ( 0.000000000000000000, 0.000000000000000000, 1.000000000000000000 ) ) ;
#3534 = CARTESIAN_POINT ( 'NONE',  ( 9.592779134391703266, 14.50000000000000000, -33.76371704180064626 ) ) ;
#3535 = AXIS2_PLACEMENT_3D ( 'NONE', #2049, #1464, #2345 ) ;
#3536 = ORIENTED_EDGE ( 'NONE', *, *, #190, .F. ) ;
#3537 = CARTESIAN_POINT ( 'NONE',  ( -25.98076211353315301, 14.50000000000000000, 15.00000000000001421 ) ) ;
#3538 = ORIENTED_EDGE ( 'NONE', *, *, #514, .T. ) ;
#3539 = FACE_OUTER_BOUND ( 'NONE', #1460, .T. ) ;
#3540 = DIRECTION ( 'NONE',  ( -0.000000000000000000, -1.000000000000000000, -0.000000000000000000 ) ) ;
#3541 = ORIENTED_EDGE ( 'NONE', *, *, #2559, .F. ) ;
#3542 = ORIENTED_EDGE ( 'NONE', *, *, #1861, .T. ) ;
#3543 = DIRECTION ( 'NONE',  ( 0.000000000000000000, 1.000000000000000000, 0.000000000000000000 ) ) ;
#3544 = DIRECTION ( 'NONE',  ( -0.000000000000000000, 1.000000000000000000, -0.000000000000000000 ) ) ;
#3545 = ADVANCED_FACE ( 'NONE', ( #492 ), #1262, .F. ) ;
#3546 = DIRECTION ( 'NONE',  ( 0.000000000000000000, 0.000000000000000000, 1.000000000000000000 ) ) ;
#3547 = DIRECTION ( 'NONE',  ( 0.000000000000000000, 0.000000000000000000, 1.000000000000000000 ) ) ;
#3548 = ADVANCED_FACE ( 'NONE', ( #2160 ), #2715, .F. ) ;
#3549 = ADVANCED_FACE ( 'NONE', ( #1570 ), #1551, .F. ) ;
#3550 = DIRECTION ( 'NONE',  ( 0.000000000000000000, 1.000000000000000000, 0.000000000000000000 ) ) ;
#3551 = DIRECTION ( 'NONE',  ( 0.000000000000000000, -1.000000000000000000, 0.000000000000000000 ) ) ;
#3552 = AXIS2_PLACEMENT_3D ( 'NONE', #35, #2807, #1978 ) ;
#3553 = AXIS2_PLACEMENT_3D ( 'NONE', #229, #2741, #3254 ) ;
#3554 = VERTEX_POINT ( 'NONE', #477 ) ;
#3555 = VECTOR ( 'NONE', #1501, 1000.000000000000114 ) ;
#3556 = DIRECTION ( 'NONE',  ( 0.000000000000000000, -0.000000000000000000, 1.000000000000000000 ) ) ;
#3557 = VERTEX_POINT ( 'NONE', #2399 ) ;
#3558 = AXIS2_PLACEMENT_3D ( 'NONE', #2542, #610, #1966 ) ;
#3559 = CARTESIAN_POINT ( 'NONE',  ( 0.000000000000000000, 11.00000000000000000, -37.50000000000000711 ) ) ;
#3560 = DIRECTION ( 'NONE',  ( 0.000000000000000000, 0.000000000000000000, 1.000000000000000000 ) ) ;
#3561 = AXIS2_PLACEMENT_3D ( 'NONE', #2475, #2181, #1119 ) ;
#3562 = ORIENTED_EDGE ( 'NONE', *, *, #2768, .T. ) ;
#3563 = ORIENTED_EDGE ( 'NONE', *, *, #2743, .T. ) ;
#3564 = CARTESIAN_POINT ( 'NONE',  ( 0.000000000000000000, 11.00000000000000000, 0.000000000000000000 ) ) ;
#3565 = DIRECTION ( 'NONE',  ( -0.000000000000000000, -1.000000000000000000, -0.000000000000000000 ) ) ;
#3566 = ORIENTED_EDGE ( 'NONE', *, *, #1587, .F. ) ;
#3567 = DIRECTION ( 'NONE',  ( 0.000000000000000000, 1.000000000000000000, 0.000000000000000000 ) ) ;
#3568 = AXIS2_PLACEMENT_3D ( 'NONE', #3530, #1008, #2698 ) ;
#3569 = VERTEX_POINT ( 'NONE', #3022 ) ;
#3570 = CARTESIAN_POINT ( 'NONE',  ( -3.549854964058325901, 0.000000000000000000, -19.92087940036069327 ) ) ;
#3571 = DIRECTION ( 'NONE',  ( 0.000000000000000000, 0.000000000000000000, -1.000000000000000000 ) ) ;
#3572 = CC_DESIGN_PERSON_AND_ORGANIZATION_ASSIGNMENT ( #2198, #3330, ( #713 ) ) ;
#3573 = VECTOR ( 'NONE', #2585, 1000.000000000000000 ) ;
#3574 = EDGE_CURVE ( 'NONE', #2998, #145, #2699, .T. ) ;
#3575 = VERTEX_POINT ( 'NONE', #2981 ) ;
#3576 = PLANE ( 'NONE',  #756 ) ;
#3577 = ORIENTED_EDGE ( 'NONE', *, *, #2858, .F. ) ;
#3578 = CARTESIAN_POINT ( 'NONE',  ( 0.000000000000000000, 14.50000000000000000, -10.37500000000000000 ) ) ;
#3579 = CARTESIAN_POINT ( 'NONE',  ( 10.82531754730548634, 0.000000000000000000, 6.249999999999998224 ) ) ;
#3580 = EDGE_CURVE ( 'NONE', #1935, #3217, #1607, .T. ) ;
#3581 = VECTOR ( 'NONE', #3029, 1000.000000000000000 ) ;
#3582 = VECTOR ( 'NONE', #554, 1000.000000000000000 ) ;
#3583 = EDGE_LOOP ( 'NONE', ( #946, #1882 ) ) ;
#3584 = DIRECTION ( 'NONE',  ( 0.000000000000000000, 1.000000000000000000, 0.000000000000000000 ) ) ;
#3585 = DIRECTION ( 'NONE',  ( 0.000000000000000000, 0.000000000000000000, 1.000000000000000000 ) ) ;
#3586 = EDGE_LOOP ( 'NONE', ( #3393, #3422, #1235, #989 ) ) ;
#3587 = FACE_OUTER_BOUND ( 'NONE', #1342, .T. ) ;
#3588 = DIRECTION ( 'NONE',  ( -0.000000000000000000, 1.000000000000000000, -0.000000000000000000 ) ) ;
#3589 = DIRECTION ( 'NONE',  ( -0.000000000000000000, -1.000000000000000000, -0.000000000000000000 ) ) ;
#3590 = CARTESIAN_POINT ( 'NONE',  ( 8.499584931042221569, 14.50000000000000000, -33.91600000000000392 ) ) ;
#3591 = DIRECTION ( 'NONE',  ( 0.000000000000000000, 0.000000000000000000, 1.000000000000000000 ) ) ;
#3592 = VERTEX_POINT ( 'NONE', #2736 ) ;
#3593 = LINE ( 'NONE', #1578, #96 ) ;
#3594 = DIRECTION ( 'NONE',  ( -0.000000000000000000, -1.000000000000000000, -0.000000000000000000 ) ) ;
#3595 = EDGE_LOOP ( 'NONE', ( #1332, #574, #3174, #1854 ) ) ;
#3596 = EDGE_CURVE ( 'NONE', #2978, #1068, #2652, .T. ) ;
#3597 = VECTOR ( 'NONE', #2899, 1000.000000000000000 ) ;
#3598 = ADVANCED_FACE ( 'NONE', ( #1024 ), #1814, .T. ) ;
#3599 = ORIENTED_EDGE ( 'NONE', *, *, #968, .F. ) ;
#3600 = CARTESIAN_POINT ( 'NONE',  ( -25.98076211353316012, 11.00000000000000178, -17.10000000000000497 ) ) ;
#3601 = CARTESIAN_POINT ( 'NONE',  ( 11.86924423544291152, 3.200000000000000178, 22.37598716473772953 ) ) ;
#3602 = ORIENTED_EDGE ( 'NONE', *, *, #249, .F. ) ;
#3603 = FACE_BOUND ( 'NONE', #2133, .T. ) ;
#3604 = PERSON_AND_ORGANIZATION_ROLE ( 'design_supplier' ) ;
#3605 = VERTEX_POINT ( 'NONE', #1867 ) ;
#3606 = DIRECTION ( 'NONE',  ( -0.000000000000000000, 1.000000000000000000, -0.000000000000000000 ) ) ;
#3607 = CARTESIAN_POINT ( 'NONE',  ( 24.44384711719296988, 11.00000000000000000, 25.18944894417694869 ) ) ;
#3608 = DIRECTION ( 'NONE',  ( 0.000000000000000000, 0.000000000000000000, 1.000000000000000000 ) ) ;
#3609 = FACE_OUTER_BOUND ( 'NONE', #2003, .T. ) ;
#3610 = DIRECTION ( 'NONE',  ( 0.000000000000000000, 1.000000000000000000, 0.000000000000000000 ) ) ;
#3611 = CARTESIAN_POINT ( 'NONE',  ( 0.000000000000000000, 3.200000000000000178, 0.000000000000000000 ) ) ;
#3612 = VECTOR ( 'NONE', #361, 1000.000000000000114 ) ;
#3613 = ORIENTED_EDGE ( 'NONE', *, *, #2122, .T. ) ;
#3614 = ORIENTED_EDGE ( 'NONE', *, *, #1586, .T. ) ;
#3615 = CARTESIAN_POINT ( 'NONE',  ( -25.98076211353315301, 11.00000000000000178, 15.00000000000001421 ) ) ;
#3616 = CARTESIAN_POINT ( 'NONE',  ( -24.33482440799367552, 3.200000000000000178, -3.692065399160812778 ) ) ;
#3617 = EDGE_CURVE ( 'NONE', #3410, #1935, #778, .T. ) ;
#3618 = VECTOR ( 'NONE', #2388, 1000.000000000000000 ) ;
#3619 = EDGE_LOOP ( 'NONE', ( #931, #243, #198, #437 ) ) ;
#3620 = DIRECTION ( 'NONE',  ( 0.000000000000000000, -0.000000000000000000, 1.000000000000000000 ) ) ;
#3621 = COORDINATED_UNIVERSAL_TIME_OFFSET ( 5, 0, .BEHIND. ) ;
#3622 = ORIENTED_EDGE ( 'NONE', *, *, #10, .F. ) ;
#3623 = DIRECTION ( 'NONE',  ( 0.000000000000000000, -0.000000000000000000, -1.000000000000000000 ) ) ;
#3624 = DIRECTION ( 'NONE',  ( -0.000000000000000000, -1.000000000000000000, -0.000000000000000000 ) ) ;
#3625 = VECTOR ( 'NONE', #2766, 1000.000000000000000 ) ;
#3626 = CIRCLE ( 'NONE', #3050, 16.09999999999999076 ) ;
#3627 = DIRECTION ( 'NONE',  ( 0.000000000000000000, 1.000000000000000000, 0.000000000000000000 ) ) ;
#3628 = DIRECTION ( 'NONE',  ( -0.000000000000000000, -1.000000000000000000, -0.000000000000000000 ) ) ;
#3629 = DIRECTION ( 'NONE',  ( 0.000000000000000000, 0.000000000000000000, 1.000000000000000000 ) ) ;
#3630 = CARTESIAN_POINT ( 'NONE',  ( -0.4586564766822436301, 3.200000000000000178, -26.86382487844446132 ) ) ;
ENDSEC;
END-ISO-10303-21;
