ISO-10303-21;
HEADER;
FILE_DESCRIPTION (( 'STEP AP203' ),
    '1' );
FILE_NAME ('Stand.STEP',
    '2026-08-31T19:33:08',
    ( '' ),
    ( '' ),
    'SwSTEP 2.0',
    'SolidWorks 2025',
    '' );
FILE_SCHEMA (( 'CONFIG_CONTROL_DESIGN' ));
ENDSEC;

DATA;
#1 = CIRCLE ( 'NONE', #2894, 1.999999999999998224 ) ;
#2 = ORIENTED_EDGE ( 'NONE', *, *, #4722, .T. ) ;
#3 = DIRECTION ( 'NONE',  ( -0.000000000000000000, -0.000000000000000000, -1.000000000000000000 ) ) ;
#4 = CARTESIAN_POINT ( 'NONE',  ( -36.81207553644253494, 7.151566003788116355, -4.128958557414494024 ) ) ;
#5 = VECTOR ( 'NONE', #2896, 1000.000000000000000 ) ;
#6 = CARTESIAN_POINT ( 'NONE',  ( -25.24656833199821193, -27.72833906777948343, -21.22649730810378088 ) ) ;
#7 = EDGE_CURVE ( 'NONE', #2636, #3808, #1037, .T. ) ;
#8 = ORIENTED_EDGE ( 'NONE', *, *, #5590, .T. ) ;
#9 = LINE ( 'NONE', #1902, #7284 ) ;
#10 = ORIENTED_EDGE ( 'NONE', *, *, #5369, .F. ) ;
#11 = CARTESIAN_POINT ( 'NONE',  ( -41.36267749533294591, 7.290023107016524229, -4.235367239232346925 ) ) ;
#12 = CIRCLE ( 'NONE', #4616, 2.099999999999999645 ) ;
#13 = ORIENTED_EDGE ( 'NONE', *, *, #3793, .T. ) ;
#14 = CARTESIAN_POINT ( 'NONE',  ( 17.87730674394184049, -32.96440358300164775, -26.42264973081038804 ) ) ;
#15 = ORIENTED_EDGE ( 'NONE', *, *, #4717, .F. ) ;
#16 = DIRECTION ( 'NONE',  ( -0.9063077870366491595, 0.4226182617407009401, 0.000000000000000000 ) ) ;
#17 = DIRECTION ( 'NONE',  ( 0.000000000000000000, 0.000000000000000000, -1.000000000000000000 ) ) ;
#18 = ADVANCED_FACE ( 'NONE', ( #6650 ), #6034, .F. ) ;
#19 = EDGE_CURVE ( 'NONE', #7570, #690, #6073, .T. ) ;
#20 = CARTESIAN_POINT ( 'NONE',  ( 26.88709098925301078, -32.26620585126953955, -4.129094177647611552 ) ) ;
#21 = CARTESIAN_POINT ( 'NONE',  ( -41.23105625617660763, -7.999999999999977796, -27.00000000000000711 ) ) ;
#22 = CARTESIAN_POINT ( 'NONE',  ( -19.60935755151094284, 31.96440358300153761, -26.42264973081038448 ) ) ;
#23 = DIRECTION ( 'NONE',  ( 1.000000000000000000, 0.000000000000000000, 0.000000000000000000 ) ) ;
#24 = FACE_OUTER_BOUND ( 'NONE', #4457, .T. ) ;
#25 = CARTESIAN_POINT ( 'NONE',  ( 30.00000000000001421, -93.75000000000000000, 30.00000000000000711 ) ) ;
#26 = ORIENTED_EDGE ( 'NONE', *, *, #6026, .F. ) ;
#27 = CARTESIAN_POINT ( 'NONE',  ( 11.99968763659560445, -40.24931672374723490, -22.73107163483719617 ) ) ;
#28 = ORIENTED_EDGE ( 'NONE', *, *, #3281, .T. ) ;
#29 = AXIS2_PLACEMENT_3D ( 'NONE', #283, #6536, #2750 ) ;
#30 = LINE ( 'NONE', #6408, #1036 ) ;
#31 = DIRECTION ( 'NONE',  ( 0.000000000000000000, 0.000000000000000000, -1.000000000000000000 ) ) ;
#32 = ORIENTED_EDGE ( 'NONE', *, *, #2192, .T. ) ;
#33 = DIRECTION ( 'NONE',  ( -0.000000000000000000, -0.000000000000000000, 1.000000000000000000 ) ) ;
#34 = VERTEX_POINT ( 'NONE', #4728 ) ;
#35 = VECTOR ( 'NONE', #2717, 1000.000000000000000 ) ;
#36 = CARTESIAN_POINT ( 'NONE',  ( 38.65164471081077835, 37.05310732712170108, 12.50000000000000000 ) ) ;
#37 = VERTEX_POINT ( 'NONE', #2327 ) ;
#38 = ORIENTED_EDGE ( 'NONE', *, *, #162, .T. ) ;
#39 = APPROVAL_DATE_TIME ( #654, #565 ) ;
#40 = ADVANCED_FACE ( 'NONE', ( #5994, #1047, #439, #1541, #478, #1007, #7879, #6607, #2957, #7264 ), #2246, .T. ) ;
#41 = EDGE_CURVE ( 'NONE', #2503, #2833, #7831, .T. ) ;
#42 = CARTESIAN_POINT ( 'NONE',  ( -9.752011216540326544, -36.21246921739160030, -26.62430212703554844 ) ) ;
#43 = VECTOR ( 'NONE', #7601, 1000.000000000000000 ) ;
#44 = ORIENTED_EDGE ( 'NONE', *, *, #4177, .F. ) ;
#45 = CARTESIAN_POINT ( 'NONE',  ( -21.30363205288829676, 36.19645600202004232, -0.3328351630902647851 ) ) ;
#46 = CARTESIAN_POINT ( 'NONE',  ( -95.54778280986008099, -87.50000000000001421, 110.0000000000000000 ) ) ;
#47 = EDGE_CURVE ( 'NONE', #8069, #2872, #8006, .T. ) ;
#48 = CARTESIAN_POINT ( 'NONE',  ( -19.60935755151138693, -31.96440358300126761, -0.5773502691896400529 ) ) ;
#49 = ORIENTED_EDGE ( 'NONE', *, *, #7526, .F. ) ;
#50 = DIRECTION ( 'NONE',  ( 0.000000000000000000, 0.000000000000000000, -1.000000000000000000 ) ) ;
#51 = ORIENTED_EDGE ( 'NONE', *, *, #346, .T. ) ;
#52 = DIRECTION ( 'NONE',  ( 0.5000000000000041078, 0.8660254037844363761, 0.000000000000000000 ) ) ;
#53 = ORIENTED_EDGE ( 'NONE', *, *, #1344, .F. ) ;
#54 = CARTESIAN_POINT ( 'NONE',  ( -12.25618727523120910, 35.22833906777979252, -4.041451884327431188 ) ) ;
#55 = ORIENTED_EDGE ( 'NONE', *, *, #1577, .T. ) ;
#56 = CARTESIAN_POINT ( 'NONE',  ( 0.000000000000000000, 0.000000000000000000, -33.00000000000000000 ) ) ;
#57 = CARTESIAN_POINT ( 'NONE',  ( -37.43290672965761701, -3.015191822317162984, -25.25917818972684259 ) ) ;
#58 = CIRCLE ( 'NONE', #7008, 33.50000000000000711 ) ;
#59 = CARTESIAN_POINT ( 'NONE',  ( 21.15113201773174012, 36.28580781933693089, -26.69054384552372738 ) ) ;
#60 = CIRCLE ( 'NONE', #5445, 2.500000000000002220 ) ;
#61 = DIRECTION ( 'NONE',  ( -1.000000000000000000, 0.000000000000000000, 0.000000000000000000 ) ) ;
#62 = ADVANCED_FACE ( 'NONE', ( #7306 ), #965, .F. ) ;
#63 = CARTESIAN_POINT ( 'NONE',  ( 9.013109879033086358, -54.16492339063454153, 0.000000000000000000 ) ) ;
#64 = VECTOR ( 'NONE', #1930, 1000.000000000000000 ) ;
#65 = CARTESIAN_POINT ( 'NONE',  ( -9.762318617821337696, -40.85043357379593232, -19.39976929819791707 ) ) ;
#66 = CARTESIAN_POINT ( 'NONE',  ( -8.231951524020953315, 5.677585235482519366, -33.00000000000000000 ) ) ;
#67 = ORIENTED_EDGE ( 'NONE', *, *, #5124, .T. ) ;
#68 = DIRECTION ( 'NONE',  ( 1.000000000000000000, 0.000000000000000000, 0.000000000000000000 ) ) ;
#69 = DIRECTION ( 'NONE',  ( -0.000000000000000000, -0.000000000000000000, 1.000000000000000000 ) ) ;
#70 = ORIENTED_EDGE ( 'NONE', *, *, #338, .T. ) ;
#71 = CARTESIAN_POINT ( 'NONE',  ( -27.54373135836418740, -31.70714214271393772, -5.773502691896304384 ) ) ;
#72 = CYLINDRICAL_SURFACE ( 'NONE', #5253, 2.499999999999995115 ) ;
#73 = ORIENTED_EDGE ( 'NONE', *, *, #47, .T. ) ;
#74 = CARTESIAN_POINT ( 'NONE',  ( 23.49999999999999645, 28.00000000000000355, -28.00000000000000000 ) ) ;
#75 = ORIENTED_EDGE ( 'NONE', *, *, #6124, .F. ) ;
#76 = ORIENTED_EDGE ( 'NONE', *, *, #1367, .T. ) ;
#77 = DIRECTION ( 'NONE',  ( -1.000000000000000000, 0.000000000000000000, 0.000000000000000000 ) ) ;
#78 = CIRCLE ( 'NONE', #5730, 2.499999999999995115 ) ;
#79 = ORIENTED_EDGE ( 'NONE', *, *, #5277, .T. ) ;
#80 = PERSON_AND_ORGANIZATION ( #6737, #462 ) ;
#81 = LINE ( 'NONE', #4418, #4683 ) ;
#82 = ORIENTED_EDGE ( 'NONE', *, *, #3902, .T. ) ;
#83 = CARTESIAN_POINT ( 'NONE',  ( 90.20512218169217533, -72.50000000000002842, 10.00000000000000000 ) ) ;
#84 = LINE ( 'NONE', #5107, #7457 ) ;
#85 = CARTESIAN_POINT ( 'NONE',  ( -41.99887037136800672, -0.3508425503729140082, -0.3327518361699656202 ) ) ;
#86 = EDGE_CURVE ( 'NONE', #3808, #2636, #388, .T. ) ;
#87 = ORIENTED_EDGE ( 'NONE', *, *, #1112, .T. ) ;
#88 = VERTEX_POINT ( 'NONE', #7963 ) ;
#89 = CARTESIAN_POINT ( 'NONE',  ( 0.000000000000000000, 0.000000000000000000, -33.00000000000000000 ) ) ;
#90 = EDGE_CURVE ( 'NONE', #7059, #3358, #4238, .T. ) ;
#91 = ORIENTED_EDGE ( 'NONE', *, *, #4096, .T. ) ;
#92 = DIRECTION ( 'NONE',  ( 0.000000000000000000, 0.000000000000000000, 1.000000000000000000 ) ) ;
#93 = EDGE_LOOP ( 'NONE', ( #3156, #3882, #3890, #4169 ) ) ;
#94 = DIRECTION ( 'NONE',  ( -1.000000000000000000, 0.000000000000000000, 0.000000000000000000 ) ) ;
#95 = ADVANCED_FACE ( 'NONE', ( #1088 ), #3628, .F. ) ;
#96 = CARTESIAN_POINT ( 'NONE',  ( -25.24656833199781047, 27.72833906777982804, -5.773502691896312378 ) ) ;
#97 = DIRECTION ( 'NONE',  ( -0.4226182617407009956, -0.9063077870366492705, 0.000000000000000000 ) ) ;
#98 = FACE_OUTER_BOUND ( 'NONE', #2975, .T. ) ;
#99 = DIRECTION ( 'NONE',  ( 0.000000000000000000, 0.000000000000000000, -1.000000000000000000 ) ) ;
#100 = CARTESIAN_POINT ( 'NONE',  ( 25.21755935773997948, 33.64707142157935493, -24.10429319247585767 ) ) ;
#101 = CARTESIAN_POINT ( 'NONE',  ( 9.762318617821337696, -40.85043357379593232, -26.60023070180209714 ) ) ;
#102 = ADVANCED_FACE ( 'NONE', ( #923 ), #3462, .F. ) ;
#103 = ORIENTED_EDGE ( 'NONE', *, *, #4633, .F. ) ;
#104 = CIRCLE ( 'NONE', #5104, 2.099999999999999645 ) ;
#105 = CARTESIAN_POINT ( 'NONE',  ( 29.33633035359543229, 11.47299966812150096, -33.00000000000000000 ) ) ;
#106 = CARTESIAN_POINT ( 'NONE',  ( -52.66475458984394464, 17.11181606351326678, 12.50000000000000000 ) ) ;
#107 = DIRECTION ( 'NONE',  ( -0.7071067811865596742, 0.000000000000000000, -0.7071067811865354713 ) ) ;
#108 = EDGE_LOOP ( 'NONE', ( #1999, #4994 ) ) ;
#109 = DIRECTION ( 'NONE',  ( 0.000000000000000000, 0.000000000000000000, 1.000000000000000000 ) ) ;
#110 = VERTEX_POINT ( 'NONE', #1581 ) ;
#111 = ORIENTED_EDGE ( 'NONE', *, *, #5871, .F. ) ;
#112 = AXIS2_PLACEMENT_3D ( 'NONE', #2639, #5159, #7043 ) ;
#113 = CARTESIAN_POINT ( 'NONE',  ( -9.071796769724420173, 31.71281292110205641, -4.618802153517059139 ) ) ;
#114 = ADVANCED_FACE ( 'NONE', ( #6154 ), #5664, .F. ) ;
#115 = EDGE_LOOP ( 'NONE', ( #6188, #5641, #6847, #3475 ) ) ;
#116 = FACE_OUTER_BOUND ( 'NONE', #1820, .T. ) ;
#117 = VECTOR ( 'NONE', #6672, 1000.000000000000000 ) ;
#118 = CARTESIAN_POINT ( 'NONE',  ( -57.57164995601819868, -5.788263653445767432, 12.50000000000000000 ) ) ;
#119 = ORIENTED_EDGE ( 'NONE', *, *, #86, .T. ) ;
#120 = CARTESIAN_POINT ( 'NONE',  ( 8.506601717798270457, -10.60660171779815997, -33.00000000000000000 ) ) ;
#121 = CYLINDRICAL_SURFACE ( 'NONE', #29, 2.099999999999999645 ) ;
#122 = CARTESIAN_POINT ( 'NONE',  ( -41.99472178108091214, -0.6866917035547536186, -0.4229527684975839530 ) ) ;
#123 = FACE_BOUND ( 'NONE', #5446, .T. ) ;
#124 = ORIENTED_EDGE ( 'NONE', *, *, #1824, .T. ) ;
#125 = AXIS2_PLACEMENT_3D ( 'NONE', #3207, #3831, #7616 ) ;
#126 = VECTOR ( 'NONE', #2356, 1000.000000000000000 ) ;
#127 = ORIENTED_EDGE ( 'NONE', *, *, #4573, .T. ) ;
#128 = DIRECTION ( 'NONE',  ( 0.000000000000000000, 0.000000000000000000, 1.000000000000000000 ) ) ;
#129 = AXIS2_PLACEMENT_3D ( 'NONE', #2734, #960, #1575 ) ;
#130 = ADVANCED_FACE ( 'NONE', ( #3214 ), #7381, .F. ) ;
#131 = ORIENTED_EDGE ( 'NONE', *, *, #5026, .T. ) ;
#132 = AXIS2_PLACEMENT_3D ( 'NONE', #6016, #4957, #3611 ) ;
#133 = CARTESIAN_POINT ( 'NONE',  ( -21.30363205288876927, -36.19645600201976521, -26.66716483690976247 ) ) ;
#134 = EDGE_LOOP ( 'NONE', ( #212, #4681 ) ) ;
#135 = PLANE ( 'NONE',  #1680 ) ;
#136 = CARTESIAN_POINT ( 'NONE',  ( -37.48666429545313861, -1.000000000000006661, -26.42264973081038448 ) ) ;
#137 = AXIS2_PLACEMENT_3D ( 'NONE', #3140, #1926, #571 ) ;
#138 = EDGE_CURVE ( 'NONE', #1903, #8030, #4606, .T. ) ;
#139 = VECTOR ( 'NONE', #5739, 1000.000000000000000 ) ;
#140 = CARTESIAN_POINT ( 'NONE',  ( 11.54700538379212915, -36.00000000000001421, -21.63086229791966986 ) ) ;
#141 = EDGE_CURVE ( 'NONE', #6175, #3970, #187, .T. ) ;
#142 = ADVANCED_FACE ( 'NONE', ( #2113 ), #1496, .F. ) ;
#143 = LINE ( 'NONE', #631, #4214 ) ;
#144 = DIRECTION ( 'NONE',  ( -0.8944271909999162995, 0.000000000000000000, 0.4472135954999570950 ) ) ;
#145 = CARTESIAN_POINT ( 'NONE',  ( -10.62811914641284616, -40.63348956569154780, -19.97309461125171026 ) ) ;
#146 = CYLINDRICAL_SURFACE ( 'NONE', #5055, 2.000000000000001332 ) ;
#147 = EDGE_CURVE ( 'NONE', #1903, #7998, #6636, .T. ) ;
#148 = ORIENTED_EDGE ( 'NONE', *, *, #3786, .T. ) ;
#149 = CARTESIAN_POINT ( 'NONE',  ( 41.23105625617660763, 7.999999999999983125, -21.22649730810378799 ) ) ;
#150 = CARTESIAN_POINT ( 'NONE',  ( -41.98809355043403713, 0.9999999999999715783, -26.42264973081040580 ) ) ;
#151 = CARTESIAN_POINT ( 'NONE',  ( -24.48261484628004325, -28.40513281589629457, -22.95854811567265941 ) ) ;
#152 = ORIENTED_EDGE ( 'NONE', *, *, #4197, .T. ) ;
#153 = CARTESIAN_POINT ( 'NONE',  ( 37.50000000000000711, -0.1739907356059492705, -0.3094010767585103072 ) ) ;
#154 = VERTEX_POINT ( 'NONE', #1657 ) ;
#155 = VERTEX_POINT ( 'NONE', #6059 ) ;
#156 = CARTESIAN_POINT ( 'NONE',  ( -22.52304161032181185, 50.58757971695931843, 12.50000000000000000 ) ) ;
#157 = ORIENTED_EDGE ( 'NONE', *, *, #7174, .F. ) ;
#158 = CIRCLE ( 'NONE', #291, 2.099999999999997868 ) ;
#159 = ORIENTED_EDGE ( 'NONE', *, *, #8075, .T. ) ;
#160 = EDGE_CURVE ( 'NONE', #3337, #2213, #6985, .T. ) ;
#161 = CARTESIAN_POINT ( 'NONE',  ( -27.45633059113000485, 31.78288894905427497, -5.086638351169828098 ) ) ;
#162 = EDGE_CURVE ( 'NONE', #1456, #6432, #3535, .T. ) ;
#163 = EDGE_CURVE ( 'NONE', #2517, #8100, #1701, .T. ) ;
#164 = CIRCLE ( 'NONE', #4510, 2.000000000000000000 ) ;
#165 = ORIENTED_EDGE ( 'NONE', *, *, #2909, .F. ) ;
#166 = DIRECTION ( 'NONE',  ( -2.168404344971008868E-16, 0.000000000000000000, 1.000000000000000000 ) ) ;
#167 = CARTESIAN_POINT ( 'NONE',  ( 27.54373135836396003, 31.70714214271412601, -21.22649730810378088 ) ) ;
#168 = DIRECTION ( 'NONE',  ( 0.000000000000000000, 0.000000000000000000, 1.000000000000000000 ) ) ;
#169 = CARTESIAN_POINT ( 'NONE',  ( -11.54700538379303687, -36.00000000000000711, -21.63086229791905168 ) ) ;
#170 = VERTEX_POINT ( 'NONE', #2314 ) ;
#171 = ORIENTED_EDGE ( 'NONE', *, *, #1266, .T. ) ;
#172 = CARTESIAN_POINT ( 'NONE',  ( 43.65164471081077124, 37.05310732712170108, 12.50000000000000000 ) ) ;
#173 = CIRCLE ( 'NONE', #1743, 2.500000000000002220 ) ;
#174 = AXIS2_PLACEMENT_3D ( 'NONE', #6123, #3003, #7888 ) ;
#175 = LINE ( 'NONE', #4544, #4117 ) ;
#176 = ORIENTED_EDGE ( 'NONE', *, *, #7126, .F. ) ;
#177 = CARTESIAN_POINT ( 'NONE',  ( -20.12802137143300740, -36.86275567115318808, -26.42264973081038804 ) ) ;
#178 = ORIENTED_EDGE ( 'NONE', *, *, #5468, .F. ) ;
#179 = CARTESIAN_POINT ( 'NONE',  ( 11.50107356858266705, -35.69282078012834347, -5.085918016008660558 ) ) ;
#180 = DIRECTION ( 'NONE',  ( -1.000000000000000000, 0.000000000000000000, 0.000000000000000000 ) ) ;
#181 = AXIS2_PLACEMENT_3D ( 'NONE', #6844, #1199, #3739 ) ;
#182 = CARTESIAN_POINT ( 'NONE',  ( 37.50000000000000711, 4.592435299764675882E-15, -0.3094010767585110289 ) ) ;
#183 = CARTESIAN_POINT ( 'NONE',  ( 0.000000000000000000, 0.000000000000000000, 12.50000000000000000 ) ) ;
#184 = DIRECTION ( 'NONE',  ( -1.000000000000000000, 0.000000000000000000, 0.000000000000000000 ) ) ;
#185 = VECTOR ( 'NONE', #5722, 1000.000000000000000 ) ;
#186 = FACE_OUTER_BOUND ( 'NONE', #7504, .T. ) ;
#187 = LINE ( 'NONE', #6483, #5385 ) ;
#188 = EDGE_CURVE ( 'NONE', #3668, #1061, #3173, .T. ) ;
#189 = DIRECTION ( 'NONE',  ( -0.000000000000000000, -0.000000000000000000, -1.000000000000000000 ) ) ;
#190 = CIRCLE ( 'NONE', #6239, 2.500000000000002220 ) ;
#191 = ORIENTED_EDGE ( 'NONE', *, *, #6061, .F. ) ;
#192 = EDGE_CURVE ( 'NONE', #2556, #5418, #7107, .T. ) ;
#193 = DIRECTION ( 'NONE',  ( 0.000000000000000000, -0.000000000000000000, -1.000000000000000000 ) ) ;
#194 = VECTOR ( 'NONE', #4078, 1000.000000000000114 ) ;
#195 = VERTEX_POINT ( 'NONE', #4715 ) ;
#196 = CIRCLE ( 'NONE', #3894, 2.500000000000000444 ) ;
#197 = CARTESIAN_POINT ( 'NONE',  ( -7.506601717798141671, 10.60660171779823102, -33.00000000000000000 ) ) ;
#198 = VERTEX_POINT ( 'NONE', #6071 ) ;
#199 = ORIENTED_EDGE ( 'NONE', *, *, #639, .F. ) ;
#200 = EDGE_CURVE ( 'NONE', #1385, #5688, #1123, .T. ) ;
#201 = LINE ( 'NONE', #2703, #2821 ) ;
#202 = ORIENTED_EDGE ( 'NONE', *, *, #745, .F. ) ;
#203 = LOCAL_TIME ( 15, 33, 8.000000000000000000, #5679 ) ;
#204 = ORIENTED_EDGE ( 'NONE', *, *, #7675, .F. ) ;
#205 = FACE_OUTER_BOUND ( 'NONE', #1470, .T. ) ;
#206 = ORIENTED_EDGE ( 'NONE', *, *, #3017, .F. ) ;
#207 = LINE ( 'NONE', #120, #719 ) ;
#208 = AXIS2_PLACEMENT_3D ( 'NONE', #573, #453, #4868 ) ;
#209 = DIRECTION ( 'NONE',  ( -0.000000000000000000, -0.000000000000000000, -1.000000000000000000 ) ) ;
#210 = LINE ( 'NONE', #2712, #6756 ) ;
#211 = DIRECTION ( 'NONE',  ( 1.000000000000000000, 0.000000000000000000, 0.000000000000000000 ) ) ;
#212 = ORIENTED_EDGE ( 'NONE', *, *, #4404, .T. ) ;
#213 = ORIENTED_EDGE ( 'NONE', *, *, #7926, .T. ) ;
#214 = EDGE_CURVE ( 'NONE', #2931, #3639, #7304, .T. ) ;
#215 = CARTESIAN_POINT ( 'NONE',  ( -41.23105625617660763, 7.999999999999998224, -21.22649730810378088 ) ) ;
#216 = AXIS2_PLACEMENT_3D ( 'NONE', #6574, #2708, #970 ) ;
#217 = LINE ( 'NONE', #6429, #3335 ) ;
#218 = ORIENTED_EDGE ( 'NONE', *, *, #4490, .T. ) ;
#219 = CARTESIAN_POINT ( 'NONE',  ( -17.87730674394206076, 32.96440358300153406, -26.42264973081038804 ) ) ;
#220 = ORIENTED_EDGE ( 'NONE', *, *, #19, .T. ) ;
#221 = CARTESIAN_POINT ( 'NONE',  ( 11.41280283136446094, -35.72114331883447136, -5.423126658117896959 ) ) ;
#222 = DIRECTION ( 'NONE',  ( 1.000000000000000000, 0.000000000000000000, 0.000000000000000000 ) ) ;
#223 = DIRECTION ( 'NONE',  ( -1.000000000000000000, 0.000000000000000000, 0.000000000000000000 ) ) ;
#224 = CARTESIAN_POINT ( 'NONE',  ( -36.64180403037164524, -7.976864402285498201, -5.423206927497944640 ) ) ;
#225 = CARTESIAN_POINT ( 'NONE',  ( 18.59996296203207677, 32.56257996612404781, -0.3093458684742609321 ) ) ;
#226 = DIRECTION ( 'NONE',  ( -1.000000000000000000, 0.000000000000000000, 0.000000000000000000 ) ) ;
#227 = CARTESIAN_POINT ( 'NONE',  ( -32.00000000000000000, 8.673617379884035472E-16, -2.309401076758510918 ) ) ;
#228 = ORIENTED_EDGE ( 'NONE', *, *, #4408, .F. ) ;
#229 = FACE_OUTER_BOUND ( 'NONE', #3743, .T. ) ;
#230 = CARTESIAN_POINT ( 'NONE',  ( -14.02971325226098465, -39.58756110840079856, -22.37909062042007591 ) ) ;
#231 = VERTEX_POINT ( 'NONE', #5296 ) ;
#232 = EDGE_CURVE ( 'NONE', #1065, #4743, #3839, .T. ) ;
#233 = CARTESIAN_POINT ( 'NONE',  ( 9.071796769724199905, -31.71281292110211680, -4.618802153517059139 ) ) ;
#234 = ORIENTED_EDGE ( 'NONE', *, *, #2244, .F. ) ;
#235 = VERTEX_POINT ( 'NONE', #357 ) ;
#236 = CARTESIAN_POINT ( 'NONE',  ( -11.84219530025371903, -35.58128985571011782, -22.52032415497789586 ) ) ;
#237 = ORIENTED_EDGE ( 'NONE', *, *, #8075, .F. ) ;
#238 = EDGE_CURVE ( 'NONE', #7570, #3923, #1435, .T. ) ;
#239 = ORIENTED_EDGE ( 'NONE', *, *, #5997, .T. ) ;
#240 = DIRECTION ( 'NONE',  ( 1.000000000000000000, 0.000000000000000000, 0.000000000000000000 ) ) ;
#241 = EDGE_CURVE ( 'NONE', #5717, #6175, #1783, .T. ) ;
#242 = CARTESIAN_POINT ( 'NONE',  ( -11.51310987903381644, -54.16492339063440653, 0.000000000000000000 ) ) ;
#243 = AXIS2_PLACEMENT_3D ( 'NONE', #3903, #5118, #3866 ) ;
#244 = DIRECTION ( 'NONE',  ( 0.000000000000000000, 0.000000000000000000, -1.000000000000000000 ) ) ;
#245 = DIRECTION ( 'NONE',  ( 0.000000000000000000, 8.789642767599149633E-16, 1.000000000000000000 ) ) ;
#246 = CARTESIAN_POINT ( 'NONE',  ( -41.25302275733430690, -7.886079674248902549, -21.91449735811973554 ) ) ;
#247 = ORIENTED_EDGE ( 'NONE', *, *, #5168, .T. ) ;
#248 = ORIENTED_EDGE ( 'NONE', *, *, #5244, .T. ) ;
#249 = CARTESIAN_POINT ( 'NONE',  ( -41.15164471081026676, 37.05310732712226951, 0.000000000000000000 ) ) ;
#250 = CIRCLE ( 'NONE', #7596, 2.499999999999998668 ) ;
#251 =( BOUNDED_CURVE ( )  B_SPLINE_CURVE ( 3, ( #3914, #1417, #4449, #7667 ),
 .UNSPECIFIED., .F., .F. ) 
 B_SPLINE_CURVE_WITH_KNOTS ( ( 4, 4 ),
 ( 4.736200754345357922, 4.879837059604378524 ),
 .UNSPECIFIED. ) 
 CURVE ( )  GEOMETRIC_REPRESENTATION_ITEM ( )  RATIONAL_B_SPLINE_CURVE ( ( 1.000000000000000000, 0.9982814565068700574, 0.9982814565068700574, 1.000000000000000000 ) ) 
 REPRESENTATION_ITEM ( '' )  );
#252 = DIRECTION ( 'NONE',  ( 1.000000000000000000, 0.000000000000000000, 0.000000000000000000 ) ) ;
#253 = VERTEX_POINT ( 'NONE', #2164 ) ;
#254 = CARTESIAN_POINT ( 'NONE',  ( -24.89307185958144686, 28.04640093926404987, -4.479574171170902730 ) ) ;
#255 = VERTEX_POINT ( 'NONE', #317 ) ;
#256 = EDGE_CURVE ( 'NONE', #766, #1678, #6894, .T. ) ;
#257 = DIRECTION ( 'NONE',  ( 0.000000000000000000, 0.000000000000000000, 1.000000000000000000 ) ) ;
#258 = LINE ( 'NONE', #5281, #2156 ) ;
#259 = AXIS2_PLACEMENT_3D ( 'NONE', #4400, #4473, #6973 ) ;
#260 = LINE ( 'NONE', #7654, #3998 ) ;
#261 = AXIS2_PLACEMENT_3D ( 'NONE', #3179, #687, #7015 ) ;
#262 = AXIS2_PLACEMENT_3D ( 'NONE', #2198, #2863, #4764 ) ;
#263 = CARTESIAN_POINT ( 'NONE',  ( -26.88692135885222712, 32.26634615216332236, -22.87103113893243034 ) ) ;
#264 = FACE_OUTER_BOUND ( 'NONE', #4875, .T. ) ;
#265 = EDGE_CURVE ( 'NONE', #775, #562, #7084, .T. ) ;
#266 = ADVANCED_FACE ( 'NONE', ( #7218 ), #6684, .F. ) ;
#267 = LINE ( 'NONE', #1408, #3282 ) ;
#268 = AXIS2_PLACEMENT_3D ( 'NONE', #7736, #2771, #1451 ) ;
#269 = CARTESIAN_POINT ( 'NONE',  ( -11.84645192010474624, -36.29364001358558767, -21.89684576993217036 ) ) ;
#270 = CARTESIAN_POINT ( 'NONE',  ( 32.54860834569546313, -44.79931606351289730, 10.00000000000000000 ) ) ;
#271 = ORIENTED_EDGE ( 'NONE', *, *, #7835, .F. ) ;
#272 = AXIS2_PLACEMENT_3D ( 'NONE', #8010, #4122, #3051 ) ;
#273 = FACE_BOUND ( 'NONE', #3658, .T. ) ;
#274 = CARTESIAN_POINT ( 'NONE',  ( 19.34159515826838671, 32.12757606857618953, -26.57717512075319988 ) ) ;
#275 = EDGE_LOOP ( 'NONE', ( #7628, #3461, #6700, #1748 ) ) ;
#276 = DIRECTION ( 'NONE',  ( 1.000000000000000000, 0.000000000000000000, 0.000000000000000000 ) ) ;
#277 = CARTESIAN_POINT ( 'NONE',  ( 41.23105625617660763, -7.999999999999998224, -5.773502691896304384 ) ) ;
#278 = ORIENTED_EDGE ( 'NONE', *, *, #3690, .F. ) ;
#279 = ORIENTED_EDGE ( 'NONE', *, *, #2052, .F. ) ;
#280 = CARTESIAN_POINT ( 'NONE',  ( 25.16035274402439725, -27.80663227125099368, -21.91408198399142293 ) ) ;
#281 = ORIENTED_EDGE ( 'NONE', *, *, #3248, .F. ) ;
#282 = DIRECTION ( 'NONE',  ( 0.9063077870366491595, -0.4226182617407010511, 0.000000000000000000 ) ) ;
#283 = CARTESIAN_POINT ( 'NONE',  ( -10.60660171779819017, 10.60660171779823102, -33.00000000000000000 ) ) ;
#284 = LINE ( 'NONE', #2753, #3075 ) ;
#285 = ORIENTED_EDGE ( 'NONE', *, *, #720, .T. ) ;
#286 = EDGE_CURVE ( 'NONE', #7746, #5392, #5170, .T. ) ;
#287 = EDGE_CURVE ( 'NONE', #6603, #362, #921, .T. ) ;
#288 = ORIENTED_EDGE ( 'NONE', *, *, #4678, .T. ) ;
#289 = DIRECTION ( 'NONE',  ( 0.000000000000000000, 0.000000000000000000, -1.000000000000000000 ) ) ;
#290 = CARTESIAN_POINT ( 'NONE',  ( 11.51310987903308636, -54.16492339063454153, 0.000000000000000000 ) ) ;
#291 = AXIS2_PLACEMENT_3D ( 'NONE', #6386, #6420, #855 ) ;
#292 = ORIENTED_EDGE ( 'NONE', *, *, #7398, .T. ) ;
#293 = EDGE_CURVE ( 'NONE', #5717, #3348, #1615, .T. ) ;
#294 = CARTESIAN_POINT ( 'NONE',  ( -19.05357604528335358, -32.29921680018872365, -0.3328378400117743552 ) ) ;
#295 = VERTEX_POINT ( 'NONE', #2325 ) ;
#296 = FACE_OUTER_BOUND ( 'NONE', #5432, .T. ) ;
#297 = CARTESIAN_POINT ( 'NONE',  ( 41.98809355043404423, -1.000000000000024203, -0.5773502691896463812 ) ) ;
#298 = CARTESIAN_POINT ( 'NONE',  ( 41.31869376425006379, 7.535321632145588922, -22.51986801027856089 ) ) ;
#299 = VECTOR ( 'NONE', #3034, 1000.000000000000227 ) ;
#300 = CARTESIAN_POINT ( 'NONE',  ( -41.98809355043403713, 0.9999999999999715783, -26.42264973081040580 ) ) ;
#301 = CARTESIAN_POINT ( 'NONE',  ( -47.95615673456354955, -27.68749999999955946, 12.50000000000000000 ) ) ;
#302 = CARTESIAN_POINT ( 'NONE',  ( -22.52304161032181185, 50.58757971695931843, 12.50000000000000000 ) ) ;
#303 = CIRCLE ( 'NONE', #6874, 67.26437827766147848 ) ;
#304 = CARTESIAN_POINT ( 'NONE',  ( -8.000000000000000000, -36.00000000000000711, -27.00000000000001421 ) ) ;
#305 = CARTESIAN_POINT ( 'NONE',  ( 16.53043893516744589, 38.66258273603435924, -2.895706807524232040 ) ) ;
#306 = AXIS2_PLACEMENT_3D ( 'NONE', #8001, #5544, #6156 ) ;
#307 = DIRECTION ( 'NONE',  ( 1.000000000000000000, 0.000000000000000000, 0.000000000000000000 ) ) ;
#308 = CARTESIAN_POINT ( 'NONE',  ( -11.74164580405115288, -36.27804396159258005, -21.58205817100629531 ) ) ;
#309 = CARTESIAN_POINT ( 'NONE',  ( 41.15164471081077124, 37.05310732712170108, 0.000000000000000000 ) ) ;
#310 = ORIENTED_EDGE ( 'NONE', *, *, #5488, .T. ) ;
#311 = ADVANCED_FACE ( 'NONE', ( #2243 ), #4069, .F. ) ;
#312 = CARTESIAN_POINT ( 'NONE',  ( -95.54778280986008099, -87.50000000000001421, 100.0000000000000000 ) ) ;
#313 = DIRECTION ( 'NONE',  ( 0.000000000000000000, 0.000000000000000000, -1.000000000000000000 ) ) ;
#314 = ORIENTED_EDGE ( 'NONE', *, *, #4804, .T. ) ;
#315 = CARTESIAN_POINT ( 'NONE',  ( -41.15164471081026676, 37.05310732712226951, 12.50000000000000000 ) ) ;
#316 = PRODUCT_DEFINITION ( 'UNKNOWN', '', #2161, #6518 ) ;
#317 = CARTESIAN_POINT ( 'NONE',  ( 31.19895450303005902, 12.20144409149429343, -27.00000000000000000 ) ) ;
#318 = ORIENTED_EDGE ( 'NONE', *, *, #5923, .T. ) ;
#319 = DIRECTION ( 'NONE',  ( -0.000000000000000000, -0.000000000000000000, -1.000000000000000000 ) ) ;
#320 = CIRCLE ( 'NONE', #7277, 2.500000000000002220 ) ;
#321 = CARTESIAN_POINT ( 'NONE',  ( 0.000000000000000000, 0.000000000000000000, -23.00000000000000000 ) ) ;
#322 = ORIENTED_EDGE ( 'NONE', *, *, #7219, .F. ) ;
#323 = CIRCLE ( 'NONE', #2031, 2.500000000000000444 ) ;
#324 = DIRECTION ( 'NONE',  ( 0.000000000000000000, 0.000000000000000000, 1.000000000000000000 ) ) ;
#325 = CIRCLE ( 'NONE', #7148, 37.50000000000000711 ) ;
#326 = VERTEX_POINT ( 'NONE', #277 ) ;
#327 = FACE_OUTER_BOUND ( 'NONE', #3168, .T. ) ;
#328 = FACE_OUTER_BOUND ( 'NONE', #3097, .T. ) ;
#329 = ORIENTED_EDGE ( 'NONE', *, *, #693, .F. ) ;
#330 = CARTESIAN_POINT ( 'NONE',  ( 32.00000000000000000, -6.000000000000000000, -5.773502691896304384 ) ) ;
#331 = ORIENTED_EDGE ( 'NONE', *, *, #6641, .F. ) ;
#332 = CARTESIAN_POINT ( 'NONE',  ( 36.64181898201773180, 7.976794479072284005, -21.57687334188219452 ) ) ;
#333 = EDGE_CURVE ( 'NONE', #2535, #6453, #952, .T. ) ;
#334 = CIRCLE ( 'NONE', #4287, 42.00000000000000000 ) ;
#335 = EDGE_LOOP ( 'NONE', ( #4870, #220, #2207, #2658 ) ) ;
#336 = CARTESIAN_POINT ( 'NONE',  ( -36.84087403957729379, 6.999999999999992895, -22.95854811567265941 ) ) ;
#337 = ORIENTED_EDGE ( 'NONE', *, *, #5193, .F. ) ;
#338 = EDGE_CURVE ( 'NONE', #4112, #6007, #334, .T. ) ;
#339 = CARTESIAN_POINT ( 'NONE',  ( 20.40249834122938566, -36.71193575919355823, -26.57696659196565392 ) ) ;
#340 = CARTESIAN_POINT ( 'NONE',  ( 37.49873471098771205, 0.3508540033508042999, -26.66724598760330878 ) ) ;
#341 = CARTESIAN_POINT ( 'NONE',  ( -20.40249834123011397, -36.71193575919314611, -0.4230334080343816083 ) ) ;
#342 = CARTESIAN_POINT ( 'NONE',  ( 11.50141165706282287, 35.69271211588422688, -5.084806631435543345 ) ) ;
#343 = VECTOR ( 'NONE', #2973, 1000.000000000000000 ) ;
#344 = EDGE_CURVE ( 'NONE', #7160, #7210, #2861, .T. ) ;
#345 = DIRECTION ( 'NONE',  ( 0.000000000000000000, -0.000000000000000000, -1.000000000000000000 ) ) ;
#346 = EDGE_CURVE ( 'NONE', #1576, #6510, #4945, .T. ) ;
#347 = CARTESIAN_POINT ( 'NONE',  ( -41.99888278793381602, -0.3496460337952828623, -26.66751444004117388 ) ) ;
#348 = DIRECTION ( 'NONE',  ( -0.5000000000000099920, -0.8660254037844329345, -5.327823758751942425E-17 ) ) ;
#349 = LINE ( 'NONE', #7859, #3298 ) ;
#350 = CARTESIAN_POINT ( 'NONE',  ( -37.50000000000000711, 9.802947277240810054E-21, -26.69059892324151306 ) ) ;
#351 = ORIENTED_EDGE ( 'NONE', *, *, #5957, .T. ) ;
#352 = FACE_OUTER_BOUND ( 'NONE', #7790, .T. ) ;
#353 = CARTESIAN_POINT ( 'NONE',  ( -10.72357835230655532, -5.000486708505708755, -33.00000000000000000 ) ) ;
#354 = CARTESIAN_POINT ( 'NONE',  ( -13.68732489781327999, -39.70714214271408338, -21.22649730810378799 ) ) ;
#355 = ORIENTED_EDGE ( 'NONE', *, *, #7980, .F. ) ;
#356 = CARTESIAN_POINT ( 'NONE',  ( 31.37500000000001421, -93.75000000000000000, 30.00000000000000711 ) ) ;
#357 = CARTESIAN_POINT ( 'NONE',  ( 25.24656833199763284, -27.72833906778000213, -21.22649730810378088 ) ) ;
#358 = ORIENTED_EDGE ( 'NONE', *, *, #5923, .F. ) ;
#359 = EDGE_CURVE ( 'NONE', #4172, #3745, #8119, .T. ) ;
#360 = DIRECTION ( 'NONE',  ( 1.000000000000000000, 0.000000000000000000, 0.000000000000000000 ) ) ;
#361 = CARTESIAN_POINT ( 'NONE',  ( -67.26437827766147848, 8.237510555437488766E-15, 20.00000000000000000 ) ) ;
#362 = VERTEX_POINT ( 'NONE', #2450 ) ;
#363 = CARTESIAN_POINT ( 'NONE',  ( 50.00000000000000000, -93.75000000000000000, 30.00000000000000711 ) ) ;
#364 = EDGE_LOOP ( 'NONE', ( #5262, #558, #204, #4358 ) ) ;
#365 = DIRECTION ( 'NONE',  ( 0.000000000000000000, 0.000000000000000000, -1.000000000000000000 ) ) ;
#366 = EDGE_CURVE ( 'NONE', #6350, #1201, #3510, .T. ) ;
#367 = CARTESIAN_POINT ( 'NONE',  ( -21.19615242270691624, -24.71281292110179351, -21.22649730810378088 ) ) ;
#368 = CARTESIAN_POINT ( 'NONE',  ( 14.64410141435778989, 39.36432768085851563, -22.95854811567266296 ) ) ;
#369 = ORIENTED_EDGE ( 'NONE', *, *, #3203, .F. ) ;
#370 = EDGE_LOOP ( 'NONE', ( #3863, #1175, #3993, #3915 ) ) ;
#371 = AXIS2_PLACEMENT_3D ( 'NONE', #3857, #701, #3231 ) ;
#372 = ORIENTED_EDGE ( 'NONE', *, *, #4881, .T. ) ;
#373 = CARTESIAN_POINT ( 'NONE',  ( -41.41255848169731735, 7.000000000000023981, -4.041451884327440069 ) ) ;
#374 = ORIENTED_EDGE ( 'NONE', *, *, #7140, .F. ) ;
#375 = CARTESIAN_POINT ( 'NONE',  ( 41.41255848169731735, 7.000000000000006217, -4.041451884327439181 ) ) ;
#376 = FACE_OUTER_BOUND ( 'NONE', #7051, .T. ) ;
#377 = CARTESIAN_POINT ( 'NONE',  ( 11.56005081374869725, -36.02259534749136094, -21.17603874139440379 ) ) ;
#378 = FACE_OUTER_BOUND ( 'NONE', #2176, .T. ) ;
#379 = CARTESIAN_POINT ( 'NONE',  ( 37.48666429545313861, 1.000000000000006661, -26.42264973081038448 ) ) ;
#380 = CARTESIAN_POINT ( 'NONE',  ( -88.62500000000001421, -93.75000000000000000, 30.00000000000000711 ) ) ;
#381 = AXIS2_PLACEMENT_3D ( 'NONE', #315, #3381, #5336 ) ;
#382 = FACE_OUTER_BOUND ( 'NONE', #7436, .T. ) ;
#383 = CARTESIAN_POINT ( 'NONE',  ( 41.74799829290712694, 5.015511314454951908, -24.10429319247584345 ) ) ;
#384 = CARTESIAN_POINT ( 'NONE',  ( 37.49073504071281349, -0.8474013390179317984, -26.51075260880636364 ) ) ;
#385 = CARTESIAN_POINT ( 'NONE',  ( 20.12802137143275516, 36.86275567115332308, -26.42264973081038804 ) ) ;
#386 = ORIENTED_EDGE ( 'NONE', *, *, #3057, .F. ) ;
#388 = CIRCLE ( 'NONE', #1310, 1.374999999999999556 ) ;
#387 = AXIS2_PLACEMENT_3D ( 'NONE', #6108, #2951, #2990 ) ;
#389 = EDGE_CURVE ( 'NONE', #6956, #7708, #516, .T. ) ;
#390 = EDGE_CURVE ( 'NONE', #5833, #1020, #1791, .T. ) ;
#391 = LINE ( 'NONE', #957, #4912 ) ;
#392 = DIRECTION ( 'NONE',  ( -0.000000000000000000, -0.000000000000000000, 1.000000000000000000 ) ) ;
#393 = CARTESIAN_POINT ( 'NONE',  ( 8.231951524020963973, 5.677585235482506931, -33.00000000000000000 ) ) ;
#394 = AXIS2_PLACEMENT_3D ( 'NONE', #7259, #7335, #554 ) ;
#395 = VERTEX_POINT ( 'NONE', #5580 ) ;
#396 = DIRECTION ( 'NONE',  ( -1.000000000000000000, 0.000000000000000000, 0.000000000000000000 ) ) ;
#397 = ADVANCED_FACE ( 'NONE', ( #8084 ), #4970, .F. ) ;
#398 = VECTOR ( 'NONE', #5083, 1000.000000000000000 ) ;
#399 = DIRECTION ( 'NONE',  ( -1.000000000000000000, 0.000000000000000000, 0.000000000000000000 ) ) ;
#400 = ORIENTED_EDGE ( 'NONE', *, *, #6671, .T. ) ;
#401 = DIRECTION ( 'NONE',  ( 0.000000000000000000, 0.000000000000000000, -1.000000000000000000 ) ) ;
#402 = CARTESIAN_POINT ( 'NONE',  ( -12.35825919329749567, 35.40513281589660721, -4.041451884327431188 ) ) ;
#403 = VECTOR ( 'NONE', #1673, 1000.000000000000000 ) ;
#404 = EDGE_LOOP ( 'NONE', ( #540, #5797, #5042, #1737 ) ) ;
#405 = DIRECTION ( 'NONE',  ( 0.000000000000000000, 0.000000000000000000, -1.000000000000000000 ) ) ;
#406 = EDGE_LOOP ( 'NONE', ( #44, #3947, #5725, #191 ) ) ;
#407 = LINE ( 'NONE', #5472, #3729 ) ;
#408 = FACE_OUTER_BOUND ( 'NONE', #3243, .T. ) ;
#409 = VERTEX_POINT ( 'NONE', #4360 ) ;
#410 = ORIENTED_EDGE ( 'NONE', *, *, #3289, .T. ) ;
#411 = APPROVAL_STATUS ( 'not_yet_approved' ) ;
#412 = ADVANCED_FACE ( 'NONE', ( #7461 ), #5619, .F. ) ;
#413 = EDGE_CURVE ( 'NONE', #1558, #37, #5017, .T. ) ;
#414 = CARTESIAN_POINT ( 'NONE',  ( 24.97568578934195926, -27.97271977498205686, -4.620230038046153176 ) ) ;
#415 = ORIENTED_EDGE ( 'NONE', *, *, #7173, .T. ) ;
#416 = ORIENTED_EDGE ( 'NONE', *, *, #4180, .T. ) ;
#417 = ORIENTED_EDGE ( 'NONE', *, *, #6500, .F. ) ;
#418 = DIRECTION ( 'NONE',  ( -0.4330127018922139137, 0.2500000000000036082, -0.8660254037844403729 ) ) ;
#419 = FACE_BOUND ( 'NONE', #3011, .T. ) ;
#420 = CARTESIAN_POINT ( 'NONE',  ( -21.59190561860321012, -36.02524194608793096, -0.4228225705719730332 ) ) ;
#421 = CARTESIAN_POINT ( 'NONE',  ( 10.50000000000000533, -36.00000000000000711, -19.87750100080081239 ) ) ;
#422 = DIRECTION ( 'NONE',  ( 1.000000000000000000, 0.000000000000000000, 0.000000000000000000 ) ) ;
#423 = FACE_OUTER_BOUND ( 'NONE', #8091, .T. ) ;
#424 = CARTESIAN_POINT ( 'NONE',  ( -19.34159515826861053, -32.12757606857606874, -26.57717512075319988 ) ) ;
#425 = CARTESIAN_POINT ( 'NONE',  ( 27.18512684124970136, 32.01537763495728939, -4.480131989721543029 ) ) ;
#426 = CARTESIAN_POINT ( 'NONE',  ( 25.99999999999999645, -27.99999999999999645, -28.00000000000000000 ) ) ;
#427 = CARTESIAN_POINT ( 'NONE',  ( -70.00000000000000000, -93.75000000000000000, 30.00000000000000711 ) ) ;
#428 = ORIENTED_EDGE ( 'NONE', *, *, #3934, .F. ) ;
#429 = AXIS2_PLACEMENT_3D ( 'NONE', #2404, #4808, #4146 ) ;
#430 = CARTESIAN_POINT ( 'NONE',  ( 8.000000000000000000, -36.00000000000000711, -23.00000000000000711 ) ) ;
#431 = CARTESIAN_POINT ( 'NONE',  ( -41.25295453110567934, -7.886435312095346539, -5.086638351169823657 ) ) ;
#432 = AXIS2_PLACEMENT_3D ( 'NONE', #1162, #4307, #2014 ) ;
#433 = DIRECTION ( 'NONE',  ( -1.000000000000000000, 0.000000000000000000, 0.000000000000000000 ) ) ;
#434 = VERTEX_POINT ( 'NONE', #3667 ) ;
#435 = CARTESIAN_POINT ( 'NONE',  ( -19.60935755151138693, -31.96440358300126761, -0.5773502691896400529 ) ) ;
#436 = CARTESIAN_POINT ( 'NONE',  ( -37.50000000000000711, 9.802947277240810054E-21, -26.69059892324151306 ) ) ;
#437 = ADVANCED_FACE ( 'NONE', ( #3757 ), #7543, .F. ) ;
#438 = ORIENTED_EDGE ( 'NONE', *, *, #6826, .T. ) ;
#439 = FACE_BOUND ( 'NONE', #4486, .T. ) ;
#440 = CARTESIAN_POINT ( 'NONE',  ( -95.54778280986008099, -72.50000000000001421, 25.00000000000000711 ) ) ;
#441 = ORIENTED_EDGE ( 'NONE', *, *, #979, .F. ) ;
#442 = EDGE_CURVE ( 'NONE', #5927, #569, #3619, .T. ) ;
#443 = CARTESIAN_POINT ( 'NONE',  ( 19.60935755151114179, 31.96440358300141327, -26.42264973081038804 ) ) ;
#444 = EDGE_CURVE ( 'NONE', #5062, #5057, #1751, .T. ) ;
#445 = CIRCLE ( 'NONE', #6235, 1.374999999999999556 ) ;
#446 = ORIENTED_EDGE ( 'NONE', *, *, #6476, .F. ) ;
#447 = CARTESIAN_POINT ( 'NONE',  ( 50.16475458984417202, 17.11181606351258111, 0.000000000000000000 ) ) ;
#448 = CARTESIAN_POINT ( 'NONE',  ( -90.00000000000001421, -93.75000000000000000, 6.123233995736766085E-15 ) ) ;
#449 = ORIENTED_EDGE ( 'NONE', *, *, #3683, .T. ) ;
#450 = CALENDAR_DATE ( 2026, 31, 8 ) ;
#451 = AXIS2_PLACEMENT_3D ( 'NONE', #6055, #4135, #6708 ) ;
#452 = VECTOR ( 'NONE', #7223, 1000.000000000000000 ) ;
#453 = DIRECTION ( 'NONE',  ( -0.000000000000000000, -0.000000000000000000, 1.000000000000000000 ) ) ;
#454 = ORIENTED_EDGE ( 'NONE', *, *, #4548, .F. ) ;
#455 = ORIENTED_EDGE ( 'NONE', *, *, #2759, .T. ) ;
#456 = ORIENTED_EDGE ( 'NONE', *, *, #8035, .T. ) ;
#457 = CARTESIAN_POINT ( 'NONE',  ( -47.95615673456354955, -27.68749999999955946, 12.50000000000000000 ) ) ;
#458 = DIRECTION ( 'NONE',  ( -0.4999999999999918954, 0.8660254037844433705, 6.352349575785597877E-17 ) ) ;
#459 = EDGE_CURVE ( 'NONE', #3923, #3132, #1257, .T. ) ;
#460 = ORIENTED_EDGE ( 'NONE', *, *, #6580, .F. ) ;
#461 = FACE_OUTER_BOUND ( 'NONE', #2464, .T. ) ;
#462 = ORGANIZATION ( 'UNSPECIFIED', 'UNSPECIFIED', '' ) ;
#463 = CARTESIAN_POINT ( 'NONE',  ( -19.60935755151094284, 31.96440358300153761, -26.42264973081038448 ) ) ;
#464 = ORIENTED_EDGE ( 'NONE', *, *, #1587, .T. ) ;
#465 = PLANE ( 'NONE',  #4089 ) ;
#466 = VERTEX_POINT ( 'NONE', #6772 ) ;
#467 = CARTESIAN_POINT ( 'NONE',  ( 41.98809355043404423, 1.000000000000000222, -26.42264973081038804 ) ) ;
#468 = AXIS2_PLACEMENT_3D ( 'NONE', #1943, #7729, #2603 ) ;
#469 = CARTESIAN_POINT ( 'NONE',  ( 0.000000000000000000, 0.000000000000000000, -33.00000000000000000 ) ) ;
#470 = CARTESIAN_POINT ( 'NONE',  ( -8.506601717798192297, 10.60660171779823102, -27.00000000000000000 ) ) ;
#471 = CARTESIAN_POINT ( 'NONE',  ( -27.54373135836417674, -31.70714214271392350, -5.773502691896304384 ) ) ;
#472 = DIRECTION ( 'NONE',  ( -0.000000000000000000, -0.000000000000000000, 1.000000000000000000 ) ) ;
#473 = DIRECTION ( 'NONE',  ( 1.000000000000000000, 0.000000000000000000, 0.000000000000000000 ) ) ;
#474 = ORIENTED_EDGE ( 'NONE', *, *, #2900, .T. ) ;
#475 = CARTESIAN_POINT ( 'NONE',  ( -50.00000000000000000, -93.75000000000000000, 30.00000000000000711 ) ) ;
#476 = CARTESIAN_POINT ( 'NONE',  ( 58.35081998062420183, 16.93381701934341166, 12.42582283086666095 ) ) ;
#477 = VERTEX_POINT ( 'NONE', #635 ) ;
#478 = FACE_BOUND ( 'NONE', #3930, .T. ) ;
#479 = CARTESIAN_POINT ( 'NONE',  ( -23.50000000000000355, 28.00000000000000355, -33.00000000000000000 ) ) ;
#480 = ORIENTED_EDGE ( 'NONE', *, *, #5564, .T. ) ;
#481 = B_SPLINE_CURVE_WITH_KNOTS ( 'NONE', 3,
 ( #6143, #3660, #1161, #3703, #8111, #3073, #2479, #5569, #5004, #1823 ),
 .UNSPECIFIED., .F., .F.,
 ( 4, 2, 2, 2, 4 ),
 ( 0.000000000000000000, 0.0003310666164594965998, 0.0006621332329189931996, 0.0009931998493784897995, 0.001324266465837986399 ),
 .UNSPECIFIED. ) ;
#482 = DIRECTION ( 'NONE',  ( 0.3355296470614886339, -0.9420296470614886175, 0.000000000000000000 ) ) ;
#483 = ADVANCED_FACE ( 'NONE', ( #3167 ), #5661, .F. ) ;
#484 = CYLINDRICAL_SURFACE ( 'NONE', #5645, 2.000000000000000000 ) ;
#485 = VERTEX_POINT ( 'NONE', #1086 ) ;
#486 = CARTESIAN_POINT ( 'NONE',  ( -4.813102282579010627, 9.878341828825154991, -33.00000000000000000 ) ) ;
#487 = EDGE_CURVE ( 'NONE', #707, #4737, #6020, .T. ) ;
#488 = CARTESIAN_POINT ( 'NONE',  ( 41.99888278793380181, 0.3496460337952870256, -26.66751444004117388 ) ) ;
#489 = CYLINDRICAL_SURFACE ( 'NONE', #5970, 2.499999999999998668 ) ;
#490 = ORIENTED_EDGE ( 'NONE', *, *, #2676, .F. ) ;
#491 = APPLICATION_PROTOCOL_DEFINITION ( 'international standard', 'config_control_design', 1994, #4179 ) ;
#492 = ADVANCED_FACE ( 'NONE', ( #1952 ), #758, .T. ) ;
#493 = EDGE_CURVE ( 'NONE', #2586, #3761, #4560, .T. ) ;
#494 = DIRECTION ( 'NONE',  ( -1.000000000000000000, 0.000000000000000000, 0.000000000000000000 ) ) ;
#495 = ORIENTED_EDGE ( 'NONE', *, *, #344, .T. ) ;
#496 = DIRECTION ( 'NONE',  ( -1.000000000000000000, 0.000000000000000000, 0.000000000000000000 ) ) ;
#497 = DIRECTION ( 'NONE',  ( 0.000000000000000000, 0.000000000000000000, 1.000000000000000000 ) ) ;
#498 = ORIENTED_EDGE ( 'NONE', *, *, #6892, .T. ) ;
#499 = PLANE ( 'NONE',  #4539 ) ;
#500 = CARTESIAN_POINT ( 'NONE',  ( 23.57861446354374735, 34.81522160190233706, -1.739018449894389029 ) ) ;
#501 = CIRCLE ( 'NONE', #2227, 1.375000000000001332 ) ;
#502 = DIRECTION ( 'NONE',  ( 0.000000000000000000, 0.000000000000000000, -1.000000000000000000 ) ) ;
#503 = ORIENTED_EDGE ( 'NONE', *, *, #5441, .T. ) ;
#504 = CARTESIAN_POINT ( 'NONE',  ( 18.01157785597343874, -32.89158546419069751, -0.4891939329251308588 ) ) ;
#505 = ORIENTED_EDGE ( 'NONE', *, *, #4513, .T. ) ;
#506 = CYLINDRICAL_SURFACE ( 'NONE', #889, 33.50000000000000711 ) ;
#507 = CARTESIAN_POINT ( 'NONE',  ( 25.10825474767954191, 27.85378760718734270, -4.920889453260008040 ) ) ;
#508 = CARTESIAN_POINT ( 'NONE',  ( 55.07164995601809920, -5.788263653446511725, 10.00000000000000000 ) ) ;
#509 = DIRECTION ( 'NONE',  ( -1.000000000000000000, 0.000000000000000000, 0.000000000000000000 ) ) ;
#510 = CARTESIAN_POINT ( 'NONE',  ( -20.12802137143252068, 36.86275567115345098, -26.42264973081040580 ) ) ;
#511 = ADVANCED_FACE ( 'NONE', ( #3443 ), #2223, .T. ) ;
#512 = ADVANCED_FACE ( 'NONE', ( #679 ), #2415, .F. ) ;
#513 = CARTESIAN_POINT ( 'NONE',  ( 0.000000000000000000, 0.000000000000000000, -33.00000000000000000 ) ) ;
#514 = VERTEX_POINT ( 'NONE', #5741 ) ;
#515 = DIRECTION ( 'NONE',  ( 0.8660254037844364872, -0.5000000000000037748, 0.000000000000000000 ) ) ;
#516 = LINE ( 'NONE', #4895, #2906 ) ;
#517 = ORIENTED_EDGE ( 'NONE', *, *, #147, .F. ) ;
#518 = DIRECTION ( 'NONE',  ( 0.000000000000000000, 0.000000000000000000, -1.000000000000000000 ) ) ;
#519 = ORIENTED_EDGE ( 'NONE', *, *, #3929, .T. ) ;
#520 = VECTOR ( 'NONE', #107, 1000.000000000000114 ) ;
#521 = CARTESIAN_POINT ( 'NONE',  ( -10.80384757729330047, 30.71281292110205996, -5.773502691896304384 ) ) ;
#523 = AXIS2_PLACEMENT_3D ( 'NONE', #4771, #319, #1670 ) ;
#522 = VECTOR ( 'NONE', #4812, 1000.000000000000000 ) ;
#524 = CARTESIAN_POINT ( 'NONE',  ( 36.71292883274869467, -7.643218483017445664, -22.37976996195394364 ) ) ;
#525 = CARTESIAN_POINT ( 'NONE',  ( 11.50107356858317331, 35.69282078012818005, -21.91408198399143359 ) ) ;
#526 = EDGE_LOOP ( 'NONE', ( #7918, #5876, #1345, #6260 ) ) ;
#527 = CARTESIAN_POINT ( 'NONE',  ( -37.50000000000000711, 0.000000000000000000, 10.00000000000000000 ) ) ;
#528 = AXIS2_PLACEMENT_3D ( 'NONE', #4740, #7230, #6656 ) ;
#529 = AXIS2_PLACEMENT_3D ( 'NONE', #5701, #8117, #2568 ) ;
#530 = CARTESIAN_POINT ( 'NONE',  ( 36.63673020344474907, 6.999999999999976907, -22.95854811567266296 ) ) ;
#531 = DIRECTION ( 'NONE',  ( -1.000000000000000000, 0.000000000000000000, 0.000000000000000000 ) ) ;
#532 = ORIENTED_EDGE ( 'NONE', *, *, #3327, .T. ) ;
#533 = CARTESIAN_POINT ( 'NONE',  ( -51.37500000000000711, -93.75000000000000000, 30.00000000000000711 ) ) ;
#534 = ORIENTED_EDGE ( 'NONE', *, *, #4029, .T. ) ;
#535 = CARTESIAN_POINT ( 'NONE',  ( -55.07164995601819868, -5.788263653445767432, 0.000000000000000000 ) ) ;
#536 = CARTESIAN_POINT ( 'NONE',  ( -14.26155295014696733, 34.74078288419489979, -2.898023699950638132 ) ) ;
#537 = CARTESIAN_POINT ( 'NONE',  ( -25.02304161032180829, 50.58757971695931843, 12.50000000000000000 ) ) ;
#538 = EDGE_CURVE ( 'NONE', #1483, #775, #7582, .T. ) ;
#539 = ADVANCED_FACE ( 'NONE', ( #3834 ), #146, .F. ) ;
#540 = ORIENTED_EDGE ( 'NONE', *, *, #3204, .F. ) ;
#541 = DIRECTION ( 'NONE',  ( -0.000000000000000000, -0.000000000000000000, 1.000000000000000000 ) ) ;
#542 = DIRECTION ( 'NONE',  ( -1.000000000000000000, 0.000000000000000000, 0.000000000000000000 ) ) ;
#543 = EDGE_CURVE ( 'NONE', #4193, #733, #7492, .T. ) ;
#544 = CARTESIAN_POINT ( 'NONE',  ( 25.99999999999999645, -27.99999999999999645, -28.00000000000000000 ) ) ;
#545 = ORIENTED_EDGE ( 'NONE', *, *, #3332, .T. ) ;
#546 = CARTESIAN_POINT ( 'NONE',  ( -10.80384757729330225, 30.71281292110205996, -21.22649730810378088 ) ) ;
#547 = ORIENTED_EDGE ( 'NONE', *, *, #4150, .T. ) ;
#548 = DIRECTION ( 'NONE',  ( 0.000000000000000000, -0.000000000000000000, -1.000000000000000000 ) ) ;
#549 = CARTESIAN_POINT ( 'NONE',  ( 24.59947560434305558, 28.30440957869670626, -4.128958557414490471 ) ) ;
#550 = DIRECTION ( 'NONE',  ( 1.000000000000000000, 0.000000000000000000, 0.000000000000000000 ) ) ;
#551 = CARTESIAN_POINT ( 'NONE',  ( -31.19895450303003415, 12.20144409149434850, -33.00000000000000000 ) ) ;
#552 = DIRECTION ( 'NONE',  ( 0.000000000000000000, 0.000000000000000000, -1.000000000000000000 ) ) ;
#553 = CARTESIAN_POINT ( 'NONE',  ( -30.04860834569607064, -44.79931606351243545, 10.00000000000000000 ) ) ;
#554 = DIRECTION ( 'NONE',  ( -1.000000000000000000, 0.000000000000000000, 0.000000000000000000 ) ) ;
#555 = CONICAL_SURFACE ( 'NONE', #6988, 2.099999999999999645, 0.7853981633974657095 ) ;
#556 = CARTESIAN_POINT ( 'NONE',  ( -11.78898527942410190, -40.31167379593734523, -24.30861285198654187 ) ) ;
#557 = CARTESIAN_POINT ( 'NONE',  ( 90.00000000000004263, -93.75000000000000000, 30.00000000000000711 ) ) ;
#558 = ORIENTED_EDGE ( 'NONE', *, *, #6360, .F. ) ;
#559 = CARTESIAN_POINT ( 'NONE',  ( 8.000000000000000000, -41.23105625617660763, -19.00000000000001066 ) ) ;
#560 = B_SPLINE_CURVE_WITH_KNOTS ( 'NONE', 3,
 ( #7694, #2146, #906, #2726, #2069, #300 ),
 .UNSPECIFIED., .F., .F.,
 ( 4, 2, 4 ),
 ( 0.001042497902554004059, 0.001564379119012352130, 0.002086260335470700202 ),
 .UNSPECIFIED. ) ;
#561 = EDGE_CURVE ( 'NONE', #1456, #7682, #4600, .T. ) ;
#562 = VERTEX_POINT ( 'NONE', #2649 ) ;
#563 = AXIS2_PLACEMENT_3D ( 'NONE', #4188, #5372, #509 ) ;
#564 = AXIS2_PLACEMENT_3D ( 'NONE', #3669, #518, #3042 ) ;
#565 = APPROVAL ( #2587, 'UNSPECIFIED' ) ;
#566 = CARTESIAN_POINT ( 'NONE',  ( 21.32768608023870271, 30.91025225421829248, -25.25917818972684969 ) ) ;
#567 = DIRECTION ( 'NONE',  ( -0.000000000000000000, -0.000000000000000000, -1.000000000000000000 ) ) ;
#568 = AXIS2_PLACEMENT_3D ( 'NONE', #6930, #5007, #1913 ) ;
#569 = VERTEX_POINT ( 'NONE', #7810 ) ;
#570 = LINE ( 'NONE', #527, #4245 ) ;
#571 = DIRECTION ( 'NONE',  ( -1.000000000000000000, 0.000000000000000000, 0.000000000000000000 ) ) ;
#572 = VERTEX_POINT ( 'NONE', #5703 ) ;
#573 = CARTESIAN_POINT ( 'NONE',  ( -29.33633035359540742, 11.47299966812155247, -33.00000000000000000 ) ) ;
#574 = CIRCLE ( 'NONE', #5178, 2.500000000000002220 ) ;
#575 = ORIENTED_EDGE ( 'NONE', *, *, #4972, .F. ) ;
#576 = DIRECTION ( 'NONE',  ( -0.000000000000000000, -0.000000000000000000, -1.000000000000000000 ) ) ;
#577 = CARTESIAN_POINT ( 'NONE',  ( -14.13337419480942359, 39.55076990786848512, -22.51972680699213214 ) ) ;
#578 = DIRECTION ( 'NONE',  ( -0.000000000000000000, -0.000000000000000000, -1.000000000000000000 ) ) ;
#579 = ORIENTED_EDGE ( 'NONE', *, *, #5827, .F. ) ;
#580 = CARTESIAN_POINT ( 'NONE',  ( -13.68732489781327999, -39.70714214271408338, -21.22649730810378799 ) ) ;
#581 = ORIENTED_EDGE ( 'NONE', *, *, #7321, .F. ) ;
#582 = FACE_OUTER_BOUND ( 'NONE', #2920, .T. ) ;
#583 = AXIS2_PLACEMENT_3D ( 'NONE', #7147, #1546, #6534 ) ;
#584 = EDGE_CURVE ( 'NONE', #688, #8103, #2609, .T. ) ;
#585 = AXIS2_PLACEMENT_3D ( 'NONE', #4288, #6407, #4563 ) ;
#586 = ORIENTED_EDGE ( 'NONE', *, *, #5574, .F. ) ;
#587 = CARTESIAN_POINT ( 'NONE',  ( 16.10522064941875442, -33.92544407653568328, -25.25917818972684614 ) ) ;
#588 = CARTESIAN_POINT ( 'NONE',  ( 36.67621503328021504, -7.817492652587887392, -4.920889453260009816 ) ) ;
#589 = FACE_OUTER_BOUND ( 'NONE', #4668, .T. ) ;
#590 = ADVANCED_FACE ( 'NONE', ( #296 ), #7620, .F. ) ;
#591 = CARTESIAN_POINT ( 'NONE',  ( 42.00000000000000000, 9.904476831186375158E-21, -26.69059892324151306 ) ) ;
#592 = CC_DESIGN_APPROVAL ( #768, ( #316 ) ) ;
#593 = DIRECTION ( 'NONE',  ( 0.000000000000000000, 0.000000000000000000, -1.000000000000000000 ) ) ;
#594 = EDGE_CURVE ( 'NONE', #3815, #7760, #3089, .T. ) ;
#595 = LINE ( 'NONE', #7647, #3990 ) ;
#596 = CARTESIAN_POINT ( 'NONE',  ( -41.23105625617660763, -7.999999999999977796, -5.773502691896310601 ) ) ;
#597 = CARTESIAN_POINT ( 'NONE',  ( 41.41255848169733156, 6.999999999999973355, -22.95854811567266296 ) ) ;
#598 = AXIS2_PLACEMENT_3D ( 'NONE', #2114, #3986, #7741 ) ;
#599 = CARTESIAN_POINT ( 'NONE',  ( -11.86938019448617432, -40.28797320279100802, -21.95199677344079703 ) ) ;
#600 = DIRECTION ( 'NONE',  ( 0.000000000000000000, 0.000000000000000000, -1.000000000000000000 ) ) ;
#601 = ORIENTED_EDGE ( 'NONE', *, *, #5339, .F. ) ;
#602 = CARTESIAN_POINT ( 'NONE',  ( -36.84087403957729379, 6.999999999999992895, -22.95854811567265941 ) ) ;
#603 = DIRECTION ( 'NONE',  ( -0.8660254037844363761, 0.5000000000000039968, -8.789642767599149633E-16 ) ) ;
#604 = ORIENTED_EDGE ( 'NONE', *, *, #3372, .T. ) ;
#605 = VECTOR ( 'NONE', #3591, 1000.000000000000000 ) ;
#606 = CARTESIAN_POINT ( 'NONE',  ( 9.013109879033086358, -54.16492339063454153, 12.50000000000000000 ) ) ;
#607 = CARTESIAN_POINT ( 'NONE',  ( 14.50001477564912555, -39.41793000240229361, -4.128968861067662033 ) ) ;
#608 = ORIENTED_EDGE ( 'NONE', *, *, #3373, .T. ) ;
#609 = EDGE_CURVE ( 'NONE', #195, #6791, #7947, .T. ) ;
#610 = DIRECTION ( 'NONE',  ( -0.000000000000000000, -0.000000000000000000, -1.000000000000000000 ) ) ;
#611 = ORIENTED_EDGE ( 'NONE', *, *, #3384, .F. ) ;
#612 = CARTESIAN_POINT ( 'NONE',  ( -14.64410141435804391, -39.36432768085842326, -4.041451884327432964 ) ) ;
#613 = ORIENTED_EDGE ( 'NONE', *, *, #2502, .F. ) ;
#614 = SHAPE_DEFINITION_REPRESENTATION ( #704, #1343 ) ;
#615 = DIRECTION ( 'NONE',  ( -0.4999999999999919509, 0.8660254037844433705, 3.576792014222725015E-17 ) ) ;
#616 = EDGE_CURVE ( 'NONE', #6203, #3957, #7659, .T. ) ;
#617 = ORIENTED_EDGE ( 'NONE', *, *, #256, .T. ) ;
#618 = CARTESIAN_POINT ( 'NONE',  ( -13.68732489781270267, 39.70714214271427522, -5.773502691896304384 ) ) ;
#619 = CARTESIAN_POINT ( 'NONE',  ( 14.02980915066448553, 39.58752724700313763, -4.620752351218222920 ) ) ;
#620 = ORIENTED_EDGE ( 'NONE', *, *, #5346, .T. ) ;
#621 = DIRECTION ( 'NONE',  ( 1.000000000000000000, -0.000000000000000000, -0.000000000000000000 ) ) ;
#622 = ORIENTED_EDGE ( 'NONE', *, *, #7475, .F. ) ;
#623 = CARTESIAN_POINT ( 'NONE',  ( -41.98809355043404423, -1.000000000000000222, -26.42264973081038804 ) ) ;
#624 =( BOUNDED_CURVE ( )  B_SPLINE_CURVE ( 3, ( #7163, #1525, #1026, #7362 ),
 .UNSPECIFIED., .F., .F. ) 
 B_SPLINE_CURVE_WITH_KNOTS ( ( 4, 4 ),
 ( 4.739058808556969815, 4.900157055457982302 ),
 .UNSPECIFIED. ) 
 CURVE ( )  GEOMETRIC_REPRESENTATION_ITEM ( )  RATIONAL_B_SPLINE_CURVE ( ( 1.000000000000000000, 0.9978384486574995993, 0.9978384486574995993, 1.000000000000000000 ) ) 
 REPRESENTATION_ITEM ( '' )  );
#625 = ORIENTED_EDGE ( 'NONE', *, *, #7387, .T. ) ;
#626 = LINE ( 'NONE', #5567, #5242 ) ;
#627 = CARTESIAN_POINT ( 'NONE',  ( -57.57164995601819868, -5.788263653445767432, 10.00000000000000000 ) ) ;
#628 = CARTESIAN_POINT ( 'NONE',  ( -17.87730674394205366, 32.96440358300154827, -0.5773502691896358341 ) ) ;
#629 = FACE_OUTER_BOUND ( 'NONE', #7183, .T. ) ;
#630 = LINE ( 'NONE', #5851, #5423 ) ;
#631 = CARTESIAN_POINT ( 'NONE',  ( 5.677585235482519366, 8.231951524020955091, -33.00000000000000000 ) ) ;
#632 = AXIS2_PLACEMENT_3D ( 'NONE', #1686, #3013, #4796 ) ;
#633 = CARTESIAN_POINT ( 'NONE',  ( -31.37500000000000000, -93.75000000000000000, 30.00000000000000711 ) ) ;
#634 = CARTESIAN_POINT ( 'NONE',  ( -11.00181229586656606, -40.53390577136664064, -20.34325586091554428 ) ) ;
#635 = CARTESIAN_POINT ( 'NONE',  ( 28.49109383011403906, 13.28561524219480461, -33.00000000000000000 ) ) ;
#636 = ORIENTED_EDGE ( 'NONE', *, *, #1906, .T. ) ;
#637 = DIRECTION ( 'NONE',  ( -0.000000000000000000, -0.000000000000000000, -1.000000000000000000 ) ) ;
#638 = EDGE_CURVE ( 'NONE', #1258, #2700, #5835, .T. ) ;
#639 = EDGE_CURVE ( 'NONE', #2204, #6956, #3356, .T. ) ;
#640 = AXIS2_PLACEMENT_3D ( 'NONE', #6295, #5021, #7512 ) ;
#641 = ORIENTED_EDGE ( 'NONE', *, *, #7950, .F. ) ;
#642 = CARTESIAN_POINT ( 'NONE',  ( -22.92820323027543949, 23.71281292110209549, -22.38119784648303678 ) ) ;
#643 = APPLICATION_CONTEXT ( 'configuration controlled 3d designs of mechanical parts and assemblies' ) ;
#644 = EDGE_CURVE ( 'NONE', #3118, #7016, #2933, .T. ) ;
#645 = CARTESIAN_POINT ( 'NONE',  ( -11.47299966812155247, -29.33633035359540742, -27.00000000000000000 ) ) ;
#646 = ORIENTED_EDGE ( 'NONE', *, *, #3017, .T. ) ;
#647 = CARTESIAN_POINT ( 'NONE',  ( -100.0000000000000000, -100.0000000000000000, 10.00000000000000000 ) ) ;
#648 = VECTOR ( 'NONE', #2439, 1000.000000000000000 ) ;
#649 = ORIENTED_EDGE ( 'NONE', *, *, #4474, .T. ) ;
#650 = DIRECTION ( 'NONE',  ( 1.000000000000000000, 0.000000000000000000, 0.000000000000000000 ) ) ;
#651 = EDGE_LOOP ( 'NONE', ( #1106, #6030 ) ) ;
#652 = CIRCLE ( 'NONE', #261, 2.499999999999998668 ) ;
#653 = ORIENTED_EDGE ( 'NONE', *, *, #6857, .T. ) ;
#654 = DATE_AND_TIME ( #5064, #5716 ) ;
#656 = AXIS2_PLACEMENT_3D ( 'NONE', #4818, #7999, #3587 ) ;
#655 = VECTOR ( 'NONE', #5657, 1000.000000000000000 ) ;
#657 = CARTESIAN_POINT ( 'NONE',  ( 65.21701277123011664, -2.343636486889625115, 10.17308659723444464 ) ) ;
#658 = AXIS2_PLACEMENT_3D ( 'NONE', #5820, #1493, #3448 ) ;
#659 = VERTEX_POINT ( 'NONE', #375 ) ;
#660 = CYLINDRICAL_SURFACE ( 'NONE', #1104, 2.499999999999995115 ) ;
#661 = CARTESIAN_POINT ( 'NONE',  ( -8.231951524020962196, -5.677585235482507819, -33.00000000000000000 ) ) ;
#662 = CIRCLE ( 'NONE', #7740, 2.500000000000002220 ) ;
#663 = ORIENTED_EDGE ( 'NONE', *, *, #1109, .F. ) ;
#664 = CARTESIAN_POINT ( 'NONE',  ( 27.54373135836396003, 31.70714214271412601, -5.773502691896304384 ) ) ;
#665 = ORIENTED_EDGE ( 'NONE', *, *, #7871, .F. ) ;
#666 = EDGE_CURVE ( 'NONE', #5531, #3409, #58, .T. ) ;
#667 = CARTESIAN_POINT ( 'NONE',  ( 13.68732489781299222, 39.70714214271418285, -27.00000000000000711 ) ) ;
#668 = AXIS2_PLACEMENT_3D ( 'NONE', #4318, #6252, #6819 ) ;
#669 = ORIENTED_EDGE ( 'NONE', *, *, #6977, .T. ) ;
#670 = CYLINDRICAL_SURFACE ( 'NONE', #4987, 2.000000000000001332 ) ;
#671 = ORIENTED_EDGE ( 'NONE', *, *, #3384, .T. ) ;
#672 = FACE_OUTER_BOUND ( 'NONE', #4810, .T. ) ;
#673 = CARTESIAN_POINT ( 'NONE',  ( 93.33478031851618084, -81.28679656440361612, 10.00000000000001066 ) ) ;
#674 = CARTESIAN_POINT ( 'NONE',  ( 8.000000000000000000, -41.23105625617660763, -19.00000000000001066 ) ) ;
#675 = CARTESIAN_POINT ( 'NONE',  ( -27.45605671283519555, -31.78312585362430553, -5.085502641880354169 ) ) ;
#676 = FACE_OUTER_BOUND ( 'NONE', #5217, .T. ) ;
#677 = EDGE_LOOP ( 'NONE', ( #5040, #5635, #1501, #1092 ) ) ;
#678 = LINE ( 'NONE', #1989, #3830 ) ;
#679 = FACE_OUTER_BOUND ( 'NONE', #2597, .T. ) ;
#680 = EDGE_LOOP ( 'NONE', ( #4366, #6567, #3509, #4568 ) ) ;
#681 = CARTESIAN_POINT ( 'NONE',  ( 11.79212547134939726, -40.31075578018045036, -24.29981534439312441 ) ) ;
#682 = ORIENTED_EDGE ( 'NONE', *, *, #3982, .F. ) ;
#683 = CARTESIAN_POINT ( 'NONE',  ( 25.16008959378919840, 27.80687073234076578, -21.91519336856453748 ) ) ;
#684 = ADVANCED_FACE ( 'NONE', ( #5520 ), #3012, .F. ) ;
#685 = CIRCLE ( 'NONE', #3331, 2.000000000000000000 ) ;
#686 = LINE ( 'NONE', #1262, #781 ) ;
#687 = DIRECTION ( 'NONE',  ( 0.000000000000000000, 0.000000000000000000, -1.000000000000000000 ) ) ;
#688 = VERTEX_POINT ( 'NONE', #2304 ) ;
#689 = DIRECTION ( 'NONE',  ( 1.000000000000000000, -0.000000000000000000, -0.000000000000000000 ) ) ;
#690 = VERTEX_POINT ( 'NONE', #3649 ) ;
#691 = ORIENTED_EDGE ( 'NONE', *, *, #6686, .F. ) ;
#692 = CARTESIAN_POINT ( 'NONE',  ( -12.35825919329798239, -35.40513281589642247, -4.041451884327440069 ) ) ;
#693 = EDGE_CURVE ( 'NONE', #4916, #3383, #4293, .T. ) ;
#694 = EDGE_LOOP ( 'NONE', ( #4280, #2731, #3969, #6349 ) ) ;
#695 = EDGE_CURVE ( 'NONE', #1637, #5507, #5442, .T. ) ;
#696 = CARTESIAN_POINT ( 'NONE',  ( -26.99398375115458037, 32.17670753321512223, -4.234528761152337673 ) ) ;
#697 = CIRCLE ( 'NONE', #7519, 2.000000000000000000 ) ;
#698 = CIRCLE ( 'NONE', #4120, 2.499999999999995115 ) ;
#699 = ORIENTED_EDGE ( 'NONE', *, *, #1899, .T. ) ;
#700 = CARTESIAN_POINT ( 'NONE',  ( -2.500000000000000888, 55.37500000000000000, 10.00000000000000000 ) ) ;
#701 = DIRECTION ( 'NONE',  ( 0.000000000000000000, 0.000000000000000000, 1.000000000000000000 ) ) ;
#702 = CYLINDRICAL_SURFACE ( 'NONE', #1500, 2.099999999999999645 ) ;
#703 = VERTEX_POINT ( 'NONE', #4212 ) ;
#704 = PRODUCT_DEFINITION_SHAPE ( 'NONE', 'NONE',  #316 ) ;
#705 = VERTEX_POINT ( 'NONE', #2887 ) ;
#706 = CYLINDRICAL_SURFACE ( 'NONE', #6882, 2.000000000000000000 ) ;
#707 = VERTEX_POINT ( 'NONE', #5481 ) ;
#708 = DIRECTION ( 'NONE',  ( 0.4999999999999980571, -0.8660254037844399289, -3.576792014222698515E-17 ) ) ;
#709 = VERTEX_POINT ( 'NONE', #2263 ) ;
#710 = EDGE_CURVE ( 'NONE', #1588, #2515, #6706, .T. ) ;
#711 = VECTOR ( 'NONE', #50, 1000.000000000000000 ) ;
#712 = CARTESIAN_POINT ( 'NONE',  ( -4.813102282579010627, 9.878341828825154991, -27.00000000000000000 ) ) ;
#713 = FACE_BOUND ( 'NONE', #2651, .T. ) ;
#714 = CARTESIAN_POINT ( 'NONE',  ( 22.92820323027528673, -23.71281292110224825, -4.618802153517066245 ) ) ;
#715 = CYLINDRICAL_SURFACE ( 'NONE', #7004, 33.50000000000000711 ) ;
#716 = VECTOR ( 'NONE', #621, 1000.000000000000000 ) ;
#717 = CARTESIAN_POINT ( 'NONE',  ( -26.99468395251872366, -32.17611792599265641, -4.235367239232346037 ) ) ;
#718 = CARTESIAN_POINT ( 'NONE',  ( 20.40282189349138520, -36.71175975487024346, -0.4228225705719731997 ) ) ;
#719 = VECTOR ( 'NONE', #5147, 1000.000000000000000 ) ;
#720 = EDGE_CURVE ( 'NONE', #981, #2001, #7884, .T. ) ;
#721 = CARTESIAN_POINT ( 'NONE',  ( -31.19895450303005902, -12.20144409149430054, -33.00000000000000000 ) ) ;
#722 = CARTESIAN_POINT ( 'NONE',  ( 0.000000000000000000, 0.000000000000000000, -27.00000000000000000 ) ) ;
#723 =( GEOMETRIC_REPRESENTATION_CONTEXT ( 3 ) GLOBAL_UNCERTAINTY_ASSIGNED_CONTEXT ( ( #7817 ) ) GLOBAL_UNIT_ASSIGNED_CONTEXT ( ( #3598, #2338, #4829 ) ) REPRESENTATION_CONTEXT ( 'NONE', 'WORKASPACE' ) );
#724 = CARTESIAN_POINT ( 'NONE',  ( 11.16866571691947563, -40.48807204089719392, -25.45517322540842642 ) ) ;
#725 = EDGE_LOOP ( 'NONE', ( #2540, #2718, #6654, #3440 ) ) ;
#726 = DIRECTION ( 'NONE',  ( -1.000000000000000000, 0.000000000000000000, -0.000000000000000000 ) ) ;
#727 = CARTESIAN_POINT ( 'NONE',  ( -22.95562404999918726, -29.72125859434142114, -24.10197630004942937 ) ) ;
#728 = ORIENTED_EDGE ( 'NONE', *, *, #3002, .F. ) ;
#729 = LINE ( 'NONE', #5175, #1954 ) ;
#730 = EDGE_LOOP ( 'NONE', ( #7704, #1976, #3260, #3442 ) ) ;
#731 = ORIENTED_EDGE ( 'NONE', *, *, #6996, .T. ) ;
#732 = CARTESIAN_POINT ( 'NONE',  ( -16.53043893516771234, -38.66258273603422424, -2.895706807524231596 ) ) ;
#733 = VERTEX_POINT ( 'NONE', #6792 ) ;
#734 = VERTEX_POINT ( 'NONE', #6665 ) ;
#735 = EDGE_CURVE ( 'NONE', #3563, #409, #5707, .T. ) ;
#736 = PLANE ( 'NONE',  #7814 ) ;
#737 = EDGE_CURVE ( 'NONE', #1129, #4492, #445, .T. ) ;
#738 = ORIENTED_EDGE ( 'NONE', *, *, #7668, .F. ) ;
#739 = FACE_OUTER_BOUND ( 'NONE', #3088, .T. ) ;
#740 = CYLINDRICAL_SURFACE ( 'NONE', #5155, 2.499999999999998668 ) ;
#741 = DIRECTION ( 'NONE',  ( -0.000000000000000000, -0.000000000000000000, 1.000000000000000000 ) ) ;
#742 = CARTESIAN_POINT ( 'NONE',  ( 9.752011216540326544, -36.21246921739160030, -19.37569787296447288 ) ) ;
#743 = ORIENTED_EDGE ( 'NONE', *, *, #7517, .T. ) ;
#744 = EDGE_CURVE ( 'NONE', #5379, #1752, #8017, .T. ) ;
#745 = EDGE_CURVE ( 'NONE', #7310, #7426, #8057, .T. ) ;
#746 = ORIENTED_EDGE ( 'NONE', *, *, #3682, .T. ) ;
#747 = LINE ( 'NONE', #2635, #2272 ) ;
#748 = VERTEX_POINT ( 'NONE', #5402 ) ;
#749 = EDGE_CURVE ( 'NONE', #7172, #2585, #6611, .T. ) ;
#750 = FACE_OUTER_BOUND ( 'NONE', #2389, .T. ) ;
#751 = ORIENTED_EDGE ( 'NONE', *, *, #7860, .T. ) ;
#752 = DIRECTION ( 'NONE',  ( 1.000000000000000000, -0.000000000000000000, -0.000000000000000000 ) ) ;
#753 = LINE ( 'NONE', #2722, #787 ) ;
#754 = CARTESIAN_POINT ( 'NONE',  ( 11.94710176973222815, -36.00000000000000711, -22.35162694428538188 ) ) ;
#755 = DIRECTION ( 'NONE',  ( -1.000000000000000000, 0.000000000000000000, 0.000000000000000000 ) ) ;
#756 = CARTESIAN_POINT ( 'NONE',  ( 18.90113889182581630, -32.38868914962595369, -26.69054351260828994 ) ) ;
#757 = CARTESIAN_POINT ( 'NONE',  ( -11.97333537145305904, -40.25720196359456082, -23.53297902343646797 ) ) ;
#758 = PLANE ( 'NONE',  #5954 ) ;
#759 = EDGE_CURVE ( 'NONE', #7661, #5057, #574, .T. ) ;
#760 = VERTEX_POINT ( 'NONE', #5684 ) ;
#761 = EDGE_CURVE ( 'NONE', #6342, #6876, #2590, .T. ) ;
#762 = CIRCLE ( 'NONE', #632, 2.499999999999995115 ) ;
#763 = EDGE_CURVE ( 'NONE', #295, #8008, #6953, .T. ) ;
#764 = FACE_OUTER_BOUND ( 'NONE', #1348, .T. ) ;
#765 = CARTESIAN_POINT ( 'NONE',  ( -41.23105625617660763, -7.999999999999977796, -5.773502691896310601 ) ) ;
#766 = VERTEX_POINT ( 'NONE', #4421 ) ;
#767 = CARTESIAN_POINT ( 'NONE',  ( -8.506601717798192297, 10.60660171779823102, -33.00000000000000000 ) ) ;
#768 = APPROVAL ( #411, 'UNSPECIFIED' ) ;
#769 = ORIENTED_EDGE ( 'NONE', *, *, #4431, .F. ) ;
#770 = VERTEX_POINT ( 'NONE', #6837 ) ;
#771 = VECTOR ( 'NONE', #1931, 1000.000000000000000 ) ;
#772 = CARTESIAN_POINT ( 'NONE',  ( -12.20144409149434850, -31.19895450303003415, -33.00000000000000000 ) ) ;
#773 = ORIENTED_EDGE ( 'NONE', *, *, #5720, .F. ) ;
#774 = CARTESIAN_POINT ( 'NONE',  ( -26.76845706733966423, 32.36432768085865774, -4.041451884327435629 ) ) ;
#775 = VERTEX_POINT ( 'NONE', #1315 ) ;
#776 = CARTESIAN_POINT ( 'NONE',  ( -37.50000000000000711, -9.802947277240810054E-21, -0.3094010767585108068 ) ) ;
#777 = DIRECTION ( 'NONE',  ( -0.000000000000000000, -0.000000000000000000, 1.000000000000000000 ) ) ;
#778 = DIRECTION ( 'NONE',  ( -0.000000000000000000, -1.000000000000000000, 0.000000000000000000 ) ) ;
#779 = DIRECTION ( 'NONE',  ( 0.000000000000000000, 0.000000000000000000, 1.000000000000000000 ) ) ;
#780 = ORIENTED_EDGE ( 'NONE', *, *, #1694, .F. ) ;
#781 = VECTOR ( 'NONE', #7551, 1000.000000000000000 ) ;
#782 = VECTOR ( 'NONE', #6520, 1000.000000000000114 ) ;
#783 = ORIENTED_EDGE ( 'NONE', *, *, #6300, .T. ) ;
#784 = DIRECTION ( 'NONE',  ( 1.000000000000000000, -0.000000000000000000, -0.000000000000000000 ) ) ;
#785 = VECTOR ( 'NONE', #7663, 1000.000000000000000 ) ;
#786 = ORIENTED_EDGE ( 'NONE', *, *, #4070, .F. ) ;
#787 = VECTOR ( 'NONE', #7613, 1000.000000000000000 ) ;
#788 = EDGE_CURVE ( 'NONE', #6791, #1937, #5203, .T. ) ;
#789 = DIRECTION ( 'NONE',  ( 1.000000000000000000, 0.000000000000000000, 0.000000000000000000 ) ) ;
#790 = EDGE_CURVE ( 'NONE', #3388, #6539, #6218, .T. ) ;
#791 = ORIENTED_EDGE ( 'NONE', *, *, #1438, .T. ) ;
#792 = CARTESIAN_POINT ( 'NONE',  ( 17.87730674394228814, 32.96440358300142037, -0.5773502691896303940 ) ) ;
#793 = DIRECTION ( 'NONE',  ( -1.000000000000000000, 0.000000000000000000, 0.000000000000000000 ) ) ;
#794 = AXIS2_PLACEMENT_3D ( 'NONE', #7274, #1761, #4166 ) ;
#795 = DIRECTION ( 'NONE',  ( -0.4999999999999918954, 0.8660254037844432595, 0.000000000000000000 ) ) ;
#796 = CYLINDRICAL_SURFACE ( 'NONE', #3608, 2.000000000000000000 ) ;
#797 = ADVANCED_FACE ( 'NONE', ( #2430 ), #3190, .F. ) ;
#798 = CARTESIAN_POINT ( 'NONE',  ( -27.40349347437995320, 31.82854683851667943, -22.07833334284884330 ) ) ;
#799 = CARTESIAN_POINT ( 'NONE',  ( 19.47915965474926026, 32.04427671760969076, -0.4891939329251293600 ) ) ;
#800 = DIRECTION ( 'NONE',  ( 0.000000000000000000, 0.000000000000000000, 1.000000000000000000 ) ) ;
#801 = CARTESIAN_POINT ( 'NONE',  ( 41.23105625617660763, -7.999999999999998224, -27.00000000000000000 ) ) ;
#802 = EDGE_LOOP ( 'NONE', ( #7544, #6268 ) ) ;
#803 = DIRECTION ( 'NONE',  ( 0.000000000000000000, 0.000000000000000000, 1.000000000000000000 ) ) ;
#804 = ORIENTED_EDGE ( 'NONE', *, *, #5144, .T. ) ;
#805 = CARTESIAN_POINT ( 'NONE',  ( -10.72357835230655532, -5.000486708505709643, -27.00000000000000000 ) ) ;
#806 = EDGE_LOOP ( 'NONE', ( #4453, #1877 ) ) ;
#807 = ADVANCED_FACE ( 'NONE', ( #1275 ), #3856, .F. ) ;
#808 = ORIENTED_EDGE ( 'NONE', *, *, #1301, .F. ) ;
#809 = DIRECTION ( 'NONE',  ( -0.000000000000000000, -0.000000000000000000, -1.000000000000000000 ) ) ;
#810 = ORIENTED_EDGE ( 'NONE', *, *, #1465, .F. ) ;
#811 = ORIENTED_EDGE ( 'NONE', *, *, #6833, .T. ) ;
#812 = CARTESIAN_POINT ( 'NONE',  ( -32.00000000000000000, -7.999999999999981348, -22.38119784648303678 ) ) ;
#813 = VECTOR ( 'NONE', #5899, 1000.000000000000000 ) ;
#814 = ORIENTED_EDGE ( 'NONE', *, *, #6826, .F. ) ;
#815 = CARTESIAN_POINT ( 'NONE',  ( 27.54373135836350173, -31.70714214271451326, -21.40345959913862472 ) ) ;
#816 = CYLINDRICAL_SURFACE ( 'NONE', #4906, 60.65000000000000568 ) ;
#817 = CARTESIAN_POINT ( 'NONE',  ( -50.00000000000000000, -93.75000000000000000, 6.123233995736766085E-15 ) ) ;
#818 = CARTESIAN_POINT ( 'NONE',  ( 16.53043893516694141, -38.66258273603455820, -24.10429319247585767 ) ) ;
#819 = VERTEX_POINT ( 'NONE', #83 ) ;
#820 = ORIENTED_EDGE ( 'NONE', *, *, #3524, .T. ) ;
#821 = PLANE ( 'NONE',  #2564 ) ;
#822 =( BOUNDED_CURVE ( )  B_SPLINE_CURVE ( 3, ( #3399, #2140, #2023, #4667 ),
 .UNSPECIFIED., .F., .F. ) 
 B_SPLINE_CURVE_WITH_KNOTS ( ( 4, 4 ),
 ( 4.736200754345357922, 4.879837059604378524 ),
 .UNSPECIFIED. ) 
 CURVE ( )  GEOMETRIC_REPRESENTATION_ITEM ( )  RATIONAL_B_SPLINE_CURVE ( ( 1.000000000000000000, 0.9982814565068700574, 0.9982814565068700574, 1.000000000000000000 ) ) 
 REPRESENTATION_ITEM ( '' )  );
#823 = AXIS2_PLACEMENT_3D ( 'NONE', #426, #874, #4761 ) ;
#824 = FACE_OUTER_BOUND ( 'NONE', #7469, .T. ) ;
#825 = VERTEX_POINT ( 'NONE', #6345 ) ;
#826 = CARTESIAN_POINT ( 'NONE',  ( 8.000000000000000000, -36.00000000000000711, -19.00000000000001066 ) ) ;
#827 = ORIENTED_EDGE ( 'NONE', *, *, #6124, .T. ) ;
#828 = CARTESIAN_POINT ( 'NONE',  ( -11.39016187144727432, -35.72833906777965751, -21.22649730810378799 ) ) ;
#829 = CARTESIAN_POINT ( 'NONE',  ( -31.37500000000000000, -93.75000000000000000, 30.00000000000000711 ) ) ;
#830 = EDGE_CURVE ( 'NONE', #2499, #4981, #5069, .T. ) ;
#831 = DIRECTION ( 'NONE',  ( 0.000000000000000000, 0.000000000000000000, -1.000000000000000000 ) ) ;
#832 = ADVANCED_FACE ( 'NONE', ( #6304 ), #660, .F. ) ;
#833 = CYLINDRICAL_SURFACE ( 'NONE', #1173, 2.000000000000000000 ) ;
#834 = CARTESIAN_POINT ( 'NONE',  ( 18.44693425444430090, 32.64948795801719683, -0.3324023043132351418 ) ) ;
#835 = LINE ( 'NONE', #7168, #1961 ) ;
#836 = EDGE_CURVE ( 'NONE', #1322, #5883, #7562, .T. ) ;
#837 = DIRECTION ( 'NONE',  ( -1.000000000000000000, 0.000000000000000000, 0.000000000000000000 ) ) ;
#838 = AXIS2_PLACEMENT_3D ( 'NONE', #4362, #4973, #68 ) ;
#839 = ORIENTED_EDGE ( 'NONE', *, *, #7692, .F. ) ;
#840 = EDGE_CURVE ( 'NONE', #7216, #760, #3108, .T. ) ;
#841 = AXIS2_PLACEMENT_3D ( 'NONE', #1514, #1474, #2012 ) ;
#842 = FACE_BOUND ( 'NONE', #1962, .T. ) ;
#843 = DIRECTION ( 'NONE',  ( -1.000000000000000000, 0.000000000000000000, 0.000000000000000000 ) ) ;
#844 = ORIENTED_EDGE ( 'NONE', *, *, #6592, .T. ) ;
#845 = CARTESIAN_POINT ( 'NONE',  ( 36.84087403957730089, -7.000000000000006217, -4.041451884327431188 ) ) ;
#846 = EDGE_LOOP ( 'NONE', ( #3965, #1168, #7891, #2995, #6384 ) ) ;
#847 = ORIENTED_EDGE ( 'NONE', *, *, #6015, .T. ) ;
#848 = CARTESIAN_POINT ( 'NONE',  ( 24.70476237329693703, -28.21241736194089000, -22.76577088639732338 ) ) ;
#849 = ORIENTED_EDGE ( 'NONE', *, *, #6278, .T. ) ;
#850 = VERTEX_POINT ( 'NONE', #6385 ) ;
#851 = EDGE_CURVE ( 'NONE', #7607, #3348, #5636, .T. ) ;
#852 = CYLINDRICAL_SURFACE ( 'NONE', #6644, 1.999999999999998224 ) ;
#853 = CARTESIAN_POINT ( 'NONE',  ( -41.41255848169731735, -7.000000000000006217, -4.041451884327439181 ) ) ;
#854 = VECTOR ( 'NONE', #1854, 1000.000000000000000 ) ;
#855 = DIRECTION ( 'NONE',  ( -1.000000000000000000, 0.000000000000000000, 0.000000000000000000 ) ) ;
#856 = DIRECTION ( 'NONE',  ( 0.5000000000000099920, 0.8660254037844328234, -2.775557561562891351E-17 ) ) ;
#857 = CARTESIAN_POINT ( 'NONE',  ( 41.99173240419117548, 0.8472114680284427157, -0.4891377691267664307 ) ) ;
#858 = EDGE_LOOP ( 'NONE', ( #6889, #4033, #7231, #1675 ) ) ;
#859 = ORIENTED_EDGE ( 'NONE', *, *, #744, .F. ) ;
#860 = DIRECTION ( 'NONE',  ( 1.000000000000000000, 0.000000000000000000, 0.000000000000000000 ) ) ;
#861 = EDGE_CURVE ( 'NONE', #1939, #659, #3142, .T. ) ;
#862 = AXIS2_PLACEMENT_3D ( 'NONE', #4282, #5469, #6040 ) ;
#863 = ADVANCED_FACE ( 'NONE', ( #739 ), #5600, .F. ) ;
#864 = CARTESIAN_POINT ( 'NONE',  ( 24.59929818385412048, -28.30456249885819631, -4.128825702922130247 ) ) ;
#865 = ORIENTED_EDGE ( 'NONE', *, *, #6951, .T. ) ;
#866 = CYLINDRICAL_SURFACE ( 'NONE', #6427, 2.000000000000000000 ) ;
#867 = ORIENTED_EDGE ( 'NONE', *, *, #8050, .F. ) ;
#868 = CARTESIAN_POINT ( 'NONE',  ( 41.99472387877437285, -0.6867125519817876000, -0.4229034805600103142 ) ) ;
#869 = DIRECTION ( 'NONE',  ( -0.000000000000000000, -0.000000000000000000, 1.000000000000000000 ) ) ;
#870 = CARTESIAN_POINT ( 'NONE',  ( 6.813102282579023061, 9.878341828825146109, -33.00000000000000000 ) ) ;
#871 = CARTESIAN_POINT ( 'NONE',  ( -5.677585235482520254, -8.231951524020955091, -27.00000000000000000 ) ) ;
#872 = LINE ( 'NONE', #7167, #3176 ) ;
#873 = DIRECTION ( 'NONE',  ( -1.000000000000000000, 0.000000000000000000, 0.000000000000000000 ) ) ;
#874 = DIRECTION ( 'NONE',  ( 0.000000000000000000, 0.000000000000000000, -1.000000000000000000 ) ) ;
#875 = CARTESIAN_POINT ( 'NONE',  ( -6.813102282579010627, 9.878341828825154991, -33.00000000000000000 ) ) ;
#876 = EDGE_LOOP ( 'NONE', ( #331, #1801, #2764, #731 ) ) ;
#877 = DIRECTION ( 'NONE',  ( 1.000000000000000000, 0.000000000000000000, -0.000000000000000000 ) ) ;
#878 =( BOUNDED_CURVE ( )  B_SPLINE_CURVE ( 3, ( #5885, #7074, #5310, #4047 ),
 .UNSPECIFIED., .F., .F. ) 
 B_SPLINE_CURVE_WITH_KNOTS ( ( 4, 4 ),
 ( 1.383028251721604152, 1.544126498622616195 ),
 .UNSPECIFIED. ) 
 CURVE ( )  GEOMETRIC_REPRESENTATION_ITEM ( )  RATIONAL_B_SPLINE_CURVE ( ( 1.000000000000000000, 0.9978384486574995993, 0.9978384486574995993, 1.000000000000000000 ) ) 
 REPRESENTATION_ITEM ( '' )  );
#879 = DIRECTION ( 'NONE',  ( 0.000000000000000000, 0.000000000000000000, -1.000000000000000000 ) ) ;
#880 = ORIENTED_EDGE ( 'NONE', *, *, #3232, .T. ) ;
#881 = DIRECTION ( 'NONE',  ( -0.5000000000000101030, -0.8660254037844327124, -2.924120400772496899E-17 ) ) ;
#882 = EDGE_CURVE ( 'NONE', #5414, #7752, #4017, .T. ) ;
#883 = ORIENTED_EDGE ( 'NONE', *, *, #1266, .F. ) ;
#884 = EDGE_LOOP ( 'NONE', ( #15, #1115, #4586, #2638, #5578, #3810 ) ) ;
#885 = DIRECTION ( 'NONE',  ( -0.4999999999999979461, 0.8660254037844397068, 0.000000000000000000 ) ) ;
#886 = ORIENTED_EDGE ( 'NONE', *, *, #214, .T. ) ;
#887 = ADVANCED_FACE ( 'NONE', ( #2629 ), #5880, .F. ) ;
#888 = DIRECTION ( 'NONE',  ( -1.000000000000000000, 0.000000000000000000, 0.000000000000000000 ) ) ;
#889 = AXIS2_PLACEMENT_3D ( 'NONE', #5448, #1118, #6142 ) ;
#890 = CARTESIAN_POINT ( 'NONE',  ( -25.24656833199821193, -27.72833906777948343, -5.773502691896305272 ) ) ;
#891 = DIRECTION ( 'NONE',  ( 0.000000000000000000, 1.000000000000000000, -8.789642767599149633E-16 ) ) ;
#892 = CARTESIAN_POINT ( 'NONE',  ( -36.73543162791712291, 7.534832138997124673, -22.52042582882920740 ) ) ;
#893 = CARTESIAN_POINT ( 'NONE',  ( 41.99887037136800672, 0.3508425503729176720, -0.3327518361699661198 ) ) ;
#894 = ORIENTED_EDGE ( 'NONE', *, *, #3064, .T. ) ;
#895 = ORIENTED_EDGE ( 'NONE', *, *, #4271, .F. ) ;
#896 = CARTESIAN_POINT ( 'NONE',  ( 10.72357835230655887, 5.000486708505708755, -27.00000000000000000 ) ) ;
#897 = VECTOR ( 'NONE', #6868, 1000.000000000000000 ) ;
#898 = B_SPLINE_CURVE_WITH_KNOTS ( 'NONE', 3,
 ( #992, #1069, #8065, #7289, #1654, #7364 ),
 .UNSPECIFIED., .F., .F.,
 ( 4, 2, 4 ),
 ( 1.663641021678377469E-17, 0.0005212489512770114618, 0.001042497902554006444 ),
 .UNSPECIFIED. ) ;
#899 = CARTESIAN_POINT ( 'NONE',  ( 36.63673020344474907, -8.000000000000001776, -5.773502691896305272 ) ) ;
#900 = EDGE_LOOP ( 'NONE', ( #6677, #4363 ) ) ;
#901 = DIRECTION ( 'NONE',  ( 1.000000000000000000, 0.000000000000000000, 2.168404344971008868E-16 ) ) ;
#902 = ORIENTED_EDGE ( 'NONE', *, *, #5523, .F. ) ;
#903 = CARTESIAN_POINT ( 'NONE',  ( -16.53043893516716523, 38.66258273603447293, -2.895706807524240034 ) ) ;
#904 = CARTESIAN_POINT ( 'NONE',  ( 41.26607686488828364, 7.817848081995889764, -22.07833334284884330 ) ) ;
#905 = EDGE_CURVE ( 'NONE', #5756, #7238, #4281, .T. ) ;
#906 = CARTESIAN_POINT ( 'NONE',  ( -41.99887037136799250, 0.3508425503729050154, -26.66724816383006313 ) ) ;
#907 = CIRCLE ( 'NONE', #1176, 1.375000000000001332 ) ;
#908 = AXIS2_PLACEMENT_3D ( 'NONE', #6940, #5747, #2533 ) ;
#909 = CARTESIAN_POINT ( 'NONE',  ( 41.23555382585275453, -7.976919199850648567, -5.423601157605925316 ) ) ;
#910 = CARTESIAN_POINT ( 'NONE',  ( -20.84886535952000486, 36.46032155582251733, -26.69054384552373449 ) ) ;
#911 = CARTESIAN_POINT ( 'NONE',  ( -14.64410141435807589, -39.36432768085842326, -22.95854811567266296 ) ) ;
#912 = CARTESIAN_POINT ( 'NONE',  ( 14.64410141435777035, 39.36432768085854406, -4.041451884327434740 ) ) ;
#913 = AXIS2_PLACEMENT_3D ( 'NONE', #4141, #1695, #1778 ) ;
#914 = CARTESIAN_POINT ( 'NONE',  ( -37.43290672965760990, -3.015191822317159431, -1.740821810273196268 ) ) ;
#915 = CARTESIAN_POINT ( 'NONE',  ( -64.38226247888057685, 8.454087735979084943E-15, 10.42433247640575367 ) ) ;
#916 = ORIENTED_EDGE ( 'NONE', *, *, #2395, .F. ) ;
#917 = DIRECTION ( 'NONE',  ( -1.000000000000000000, 0.000000000000000000, 0.000000000000000000 ) ) ;
#918 = CARTESIAN_POINT ( 'NONE',  ( 18.01157785597390415, 32.89158546419044171, -26.51080606707490261 ) ) ;
#919 = ORIENTED_EDGE ( 'NONE', *, *, #1593, .T. ) ;
#920 = CARTESIAN_POINT ( 'NONE',  ( 55.07164995601809920, -5.788263653446511725, 12.50000000000000000 ) ) ;
#921 = LINE ( 'NONE', #3460, #4129 ) ;
#922 = ORIENTED_EDGE ( 'NONE', *, *, #5369, .T. ) ;
#923 = FACE_OUTER_BOUND ( 'NONE', #1907, .T. ) ;
#924 = CARTESIAN_POINT ( 'NONE',  ( 24.97559631845879480, -27.97279980763568830, -22.37994780022710728 ) ) ;
#925 = VERTEX_POINT ( 'NONE', #6576 ) ;
#926 = EDGE_CURVE ( 'NONE', #825, #6682, #7185, .T. ) ;
#927 = B_SPLINE_CURVE_WITH_KNOTS ( 'NONE', 3,
 ( #3522, #4749, #4793, #7471, #2459, #1180, #1138, #7847, #4979, #3048 ),
 .UNSPECIFIED., .F., .F.,
 ( 4, 2, 2, 2, 4 ),
 ( 4.906538933386797396E-18, 0.0005240076909106177253, 0.001048015381821230680, 0.001572023072731843418, 0.002096030763642456156 ),
 .UNSPECIFIED. ) ;
#928 = CARTESIAN_POINT ( 'NONE',  ( -25.24656833199820483, -27.72833906777947988, -5.596046132068686951 ) ) ;
#929 = CARTESIAN_POINT ( 'NONE',  ( 36.78485822702896257, 7.289707639516005422, -4.235122077022606568 ) ) ;
#930 = EDGE_CURVE ( 'NONE', #2833, #154, #3898, .T. ) ;
#931 = CARTESIAN_POINT ( 'NONE',  ( -36.64180403037165945, 7.976864402285503530, -21.57679307250215217 ) ) ;
#932 = DIRECTION ( 'NONE',  ( 0.000000000000000000, 0.000000000000000000, 1.000000000000000000 ) ) ;
#933 = ORIENTED_EDGE ( 'NONE', *, *, #47, .F. ) ;
#934 = CYLINDRICAL_SURFACE ( 'NONE', #5318, 2.000000000000000000 ) ;
#935 = ORIENTED_EDGE ( 'NONE', *, *, #7926, .F. ) ;
#936 = DATE_AND_TIME ( #450, #1511 ) ;
#937 = EDGE_CURVE ( 'NONE', #6612, #2619, #2742, .T. ) ;
#938 = CARTESIAN_POINT ( 'NONE',  ( 25.22906923010859259, -27.74430092965035755, -5.423206927497946417 ) ) ;
#939 = ORIENTED_EDGE ( 'NONE', *, *, #6778, .F. ) ;
#940 = CARTESIAN_POINT ( 'NONE',  ( -37.21717700014589525, 5.019524289853174892, -24.10197630004942937 ) ) ;
#941 = ORIENTED_EDGE ( 'NONE', *, *, #7174, .T. ) ;
#942 = DIRECTION ( 'NONE',  ( 0.4999999999999980571, -0.8660254037844398178, 5.204170427930394320E-18 ) ) ;
#943 = DIRECTION ( 'NONE',  ( 0.000000000000000000, 0.000000000000000000, -1.000000000000000000 ) ) ;
#944 = DIRECTION ( 'NONE',  ( -0.000000000000000000, -0.000000000000000000, -1.000000000000000000 ) ) ;
#945 = CIRCLE ( 'NONE', #7384, 2.000000000000000000 ) ;
#946 = CARTESIAN_POINT ( 'NONE',  ( -11.54700538379303687, -36.00000000000000711, -21.22649730810378799 ) ) ;
#947 = DIRECTION ( 'NONE',  ( 0.000000000000000000, 0.000000000000000000, 1.000000000000000000 ) ) ;
#948 = EDGE_CURVE ( 'NONE', #6175, #6570, #325, .T. ) ;
#949 = CARTESIAN_POINT ( 'NONE',  ( 20.84886535952023934, 36.46032155582237522, -0.3094561544762916006 ) ) ;
#950 = AXIS2_PLACEMENT_3D ( 'NONE', #7773, #7083, #3487 ) ;
#951 = LINE ( 'NONE', #3984, #5386 ) ;
#952 = CIRCLE ( 'NONE', #4161, 2.000000000000000000 ) ;
#953 = LINE ( 'NONE', #1616, #1884 ) ;
#954 = DIRECTION ( 'NONE',  ( -1.000000000000000000, 0.000000000000000000, 0.000000000000000000 ) ) ;
#955 = VERTEX_POINT ( 'NONE', #7030 ) ;
#956 = AXIS2_PLACEMENT_3D ( 'NONE', #6130, #1685, #4834 ) ;
#957 = CARTESIAN_POINT ( 'NONE',  ( 42.00000000000000000, 0.000000000000000000, -27.00000000000000000 ) ) ;
#958 = CARTESIAN_POINT ( 'NONE',  ( 0.000000000000000000, 0.000000000000000000, 0.000000000000000000 ) ) ;
#959 = EDGE_CURVE ( 'NONE', #4380, #1273, #6535, .T. ) ;
#960 = DIRECTION ( 'NONE',  ( -0.000000000000000000, -0.000000000000000000, -1.000000000000000000 ) ) ;
#961 = ORIENTED_EDGE ( 'NONE', *, *, #1190, .T. ) ;
#962 = FACE_OUTER_BOUND ( 'NONE', #1556, .T. ) ;
#963 = CARTESIAN_POINT ( 'NONE',  ( -37.49874868938626093, 0.3496513648396551432, -26.66751363692751653 ) ) ;
#964 = EDGE_LOOP ( 'NONE', ( #73, #2240 ) ) ;
#965 = CYLINDRICAL_SURFACE ( 'NONE', #523, 2.500000000000002220 ) ;
#966 = DIRECTION ( 'NONE',  ( 1.000000000000000000, 0.000000000000000000, 0.000000000000000000 ) ) ;
#967 = VERTEX_POINT ( 'NONE', #7755 ) ;
#968 = B_SPLINE_CURVE_WITH_KNOTS ( 'NONE', 3,
 ( #3402, #1604, #420, #6629, #5891, #1024, #5320, #341, #4671, #2850 ),
 .UNSPECIFIED., .F., .F.,
 ( 4, 2, 2, 2, 4 ),
 ( 1.350734904380305147E-17, 0.0005215650838677019386, 0.001043130167735390216, 0.001564695251603078711, 0.002086260335470766988 ),
 .UNSPECIFIED. ) ;
#969 = AXIS2_PLACEMENT_3D ( 'NONE', #105, #7624, #3950 ) ;
#970 = DIRECTION ( 'NONE',  ( -1.000000000000000000, 0.000000000000000000, 0.000000000000000000 ) ) ;
#971 = AXIS2_PLACEMENT_3D ( 'NONE', #3588, #4158, #4898 ) ;
#972 = ORIENTED_EDGE ( 'NONE', *, *, #7571, .F. ) ;
#973 = DIRECTION ( 'NONE',  ( -0.000000000000000000, -0.000000000000000000, -1.000000000000000000 ) ) ;
#974 = B_SPLINE_CURVE_WITH_KNOTS ( 'NONE', 3,
 ( #1355, #7600, #5601, #2591, #619, #8102, #2509, #4334, #6266, #7563 ),
 .UNSPECIFIED., .F., .F.,
 ( 4, 2, 2, 2, 4 ),
 ( 4.336808689942017736E-18, 0.0005240076909106174000, 0.001048015381821230463, 0.001572023072731843635, 0.002096030763642456590 ),
 .UNSPECIFIED. ) ;
#975 = DIRECTION ( 'NONE',  ( 0.000000000000000000, 0.000000000000000000, -1.000000000000000000 ) ) ;
#976 = ORIENTED_EDGE ( 'NONE', *, *, #4039, .T. ) ;
#977 = ORIENTED_EDGE ( 'NONE', *, *, #2495, .T. ) ;
#978 = DIRECTION ( 'NONE',  ( 0.000000000000000000, 0.000000000000000000, -1.000000000000000000 ) ) ;
#979 = EDGE_CURVE ( 'NONE', #1812, #4515, #5842, .T. ) ;
#980 = CARTESIAN_POINT ( 'NONE',  ( 27.54373135836396003, 31.70714214271412601, -21.22649730810378088 ) ) ;
#981 = VERTEX_POINT ( 'NONE', #7679 ) ;
#982 = DIRECTION ( 'NONE',  ( 0.4226182617406993858, -0.9063077870366498257, 0.000000000000000000 ) ) ;
#983 = ORIENTED_EDGE ( 'NONE', *, *, #5644, .T. ) ;
#984 = CARTESIAN_POINT ( 'NONE',  ( 0.000000000000000000, 0.000000000000000000, -33.00000000000000000 ) ) ;
#985 = CYLINDRICAL_SURFACE ( 'NONE', #1291, 1.999999999999998890 ) ;
#986 = DIRECTION ( 'NONE',  ( 0.5000000000000101030, 0.8660254037844328234, 2.403703357979448299E-17 ) ) ;
#987 = EDGE_CURVE ( 'NONE', #3738, #3186, #207, .T. ) ;
#988 = EDGE_CURVE ( 'NONE', #3576, #3343, #4233, .T. ) ;
#989 = CARTESIAN_POINT ( 'NONE',  ( -41.23105625617660763, 7.999999999999998224, -5.773502691896304384 ) ) ;
#990 = AXIS2_PLACEMENT_3D ( 'NONE', #7356, #615, #2383 ) ;
#991 = EDGE_CURVE ( 'NONE', #4985, #5733, #2249, .T. ) ;
#992 = CARTESIAN_POINT ( 'NONE',  ( -41.98809355043404423, 1.000000000000024203, -0.5773502691896463812 ) ) ;
#993 = DIRECTION ( 'NONE',  ( 0.000000000000000000, -1.000000000000000000, -8.789642767599149633E-16 ) ) ;
#994 = CARTESIAN_POINT ( 'NONE',  ( 8.625000000000008882, -93.75000000000000000, 30.00000000000000711 ) ) ;
#995 = DIRECTION ( 'NONE',  ( -0.000000000000000000, -0.000000000000000000, -1.000000000000000000 ) ) ;
#996 = CARTESIAN_POINT ( 'NONE',  ( -11.93471131626280446, -36.08119106723174241, -22.27619755932595069 ) ) ;
#997 = DIRECTION ( 'NONE',  ( -0.000000000000000000, 0.000000000000000000, 1.000000000000000000 ) ) ;
#998 = EDGE_LOOP ( 'NONE', ( #2123, #5651, #5383, #3418 ) ) ;
#999 = CARTESIAN_POINT ( 'NONE',  ( -41.98809355043404423, -1.000000000000000222, -26.42264973081038804 ) ) ;
#1000 = CARTESIAN_POINT ( 'NONE',  ( -14.26155295014698154, 34.74078288419488558, -24.10197630004943292 ) ) ;
#1001 = B_SPLINE_CURVE_WITH_KNOTS ( 'NONE', 3,
 ( #7428, #1797, #3720, #4364, #6160, #7465, #8089, #2330, #1755, #1715 ),
 .UNSPECIFIED., .F., .F.,
 ( 4, 2, 2, 2, 4 ),
 ( 0.000000000000000000, 0.0005215790914579290002, 0.001043158182915858000, 0.001564737274373787001, 0.002086316365831716001 ),
 .UNSPECIFIED. ) ;
#1002 = DIRECTION ( 'NONE',  ( 0.000000000000000000, 0.000000000000000000, -1.000000000000000000 ) ) ;
#1003 = ORIENTED_EDGE ( 'NONE', *, *, #1051, .F. ) ;
#1004 = CARTESIAN_POINT ( 'NONE',  ( 57.13409809427928820, 20.34987309427929247, 10.00000000000000000 ) ) ;
#1005 = CARTESIAN_POINT ( 'NONE',  ( -10.50000000000000533, -36.00000000000000711, -19.87750100080081594 ) ) ;
#1006 = ORIENTED_EDGE ( 'NONE', *, *, #1289, .F. ) ;
#1007 = FACE_BOUND ( 'NONE', #6291, .T. ) ;
#1008 = EDGE_CURVE ( 'NONE', #4763, #3383, #2067, .T. ) ;
#1009 = DIRECTION ( 'NONE',  ( 0.000000000000000000, 0.4999999999999982792, -0.8660254037844397068 ) ) ;
#1010 = EDGE_CURVE ( 'NONE', #1203, #235, #1863, .T. ) ;
#1011 = VERTEX_POINT ( 'NONE', #3999 ) ;
#1012 = DIRECTION ( 'NONE',  ( -1.000000000000000000, 0.000000000000000000, 0.000000000000000000 ) ) ;
#1013 = ORIENTED_EDGE ( 'NONE', *, *, #3948, .F. ) ;
#1014 = CARTESIAN_POINT ( 'NONE',  ( -20.12802137143247805, 36.86275567115348650, -0.5773502691896486017 ) ) ;
#1015 = CARTESIAN_POINT ( 'NONE',  ( 0.000000000000000000, 0.000000000000000000, -27.00000000000001066 ) ) ;
#1016 = ORIENTED_EDGE ( 'NONE', *, *, #1638, .F. ) ;
#1017 = ORIENTED_EDGE ( 'NONE', *, *, #1344, .T. ) ;
#1018 = VECTOR ( 'NONE', #16, 1000.000000000000114 ) ;
#1019 = CARTESIAN_POINT ( 'NONE',  ( 27.54373135836396358, 31.70714214271412601, -21.40372075205403490 ) ) ;
#1020 = VERTEX_POINT ( 'NONE', #5795 ) ;
#1021 = VERTEX_POINT ( 'NONE', #4074 ) ;
#1022 = DIRECTION ( 'NONE',  ( 1.000000000000000000, 0.000000000000000000, 0.000000000000000000 ) ) ;
#1023 = CARTESIAN_POINT ( 'NONE',  ( 8.625000000000008882, -93.75000000000000000, 30.00000000000000711 ) ) ;
#1024 = CARTESIAN_POINT ( 'NONE',  ( -20.84886535952049158, -36.46032155582224021, -0.3094561544762918226 ) ) ;
#1025 = VECTOR ( 'NONE', #5080, 1000.000000000000227 ) ;
#1026 = CARTESIAN_POINT ( 'NONE',  ( -22.95562404999878225, 29.72125859434173378, -2.898023699950643017 ) ) ;
#1027 = EDGE_CURVE ( 'NONE', #2931, #5491, #4939, .T. ) ;
#1028 = DIRECTION ( 'NONE',  ( -0.000000000000000000, -0.000000000000000000, 1.000000000000000000 ) ) ;
#1029 = CARTESIAN_POINT ( 'NONE',  ( 17.87730674394181207, -32.96440358300166906, -0.5773502691896418293 ) ) ;
#1030 = CARTESIAN_POINT ( 'NONE',  ( -10.60660171779819017, 10.60660171779823102, -27.00000000000000000 ) ) ;
#1031 = EDGE_CURVE ( 'NONE', #3668, #4741, #7058, .T. ) ;
#1032 = CARTESIAN_POINT ( 'NONE',  ( 37.50000000000000000, -0.1737786833020363852, -26.69059892324151306 ) ) ;
#1033 = VECTOR ( 'NONE', #7301, 1000.000000000000000 ) ;
#1034 = CARTESIAN_POINT ( 'NONE',  ( 16.00000000000013145, 27.71281292110197114, -2.309401076758510030 ) ) ;
#1035 = ORIENTED_EDGE ( 'NONE', *, *, #6580, .T. ) ;
#1037 = CIRCLE ( 'NONE', #6963, 1.374999999999999556 ) ;
#1036 = VECTOR ( 'NONE', #1885, 1000.000000000000000 ) ;
#1038 = ADVANCED_FACE ( 'NONE', ( #3959 ), #7143, .F. ) ;
#1039 = CARTESIAN_POINT ( 'NONE',  ( -95.54778280986008099, -87.50000000000001421, 16.21320343559643717 ) ) ;
#1040 = DIRECTION ( 'NONE',  ( -0.000000000000000000, -0.000000000000000000, 1.000000000000000000 ) ) ;
#1041 = CARTESIAN_POINT ( 'NONE',  ( 21.86007217900113631, -35.86275567115361440, -0.5773502691896416072 ) ) ;
#1042 = AXIS2_PLACEMENT_3D ( 'NONE', #6067, #4932, #433 ) ;
#1043 = ORIENTED_EDGE ( 'NONE', *, *, #4826, .T. ) ;
#1044 = CARTESIAN_POINT ( 'NONE',  ( -22.95562404999920147, -29.72125859434141404, -2.898023699950638576 ) ) ;
#1045 = DIRECTION ( 'NONE',  ( -0.000000000000000000, -0.000000000000000000, 1.000000000000000000 ) ) ;
#1046 = ORIENTED_EDGE ( 'NONE', *, *, #7668, .T. ) ;
#1047 = FACE_BOUND ( 'NONE', #134, .T. ) ;
#1048 = CARTESIAN_POINT ( 'NONE',  ( -11.39016187144678582, 35.72833906777980673, -5.596046132068689616 ) ) ;
#1049 = VERTEX_POINT ( 'NONE', #1466 ) ;
#1050 = LINE ( 'NONE', #7967, #605 ) ;
#1051 = EDGE_CURVE ( 'NONE', #1385, #6353, #7052, .T. ) ;
#1052 = ORIENTED_EDGE ( 'NONE', *, *, #2299, .T. ) ;
#1053 = DIRECTION ( 'NONE',  ( 1.000000000000000000, 0.000000000000000000, 0.000000000000000000 ) ) ;
#1054 = CYLINDRICAL_SURFACE ( 'NONE', #1183, 2.000000000000000000 ) ;
#1055 = B_SPLINE_CURVE_WITH_KNOTS ( 'NONE', 3,
 ( #4317, #3843, #6333, #683, #3218, #1956, #6779, #1133, #6159, #3671 ),
 .UNSPECIFIED., .F., .F.,
 ( 4, 2, 2, 2, 4 ),
 ( 0.000000000000000000, 0.0005238988965804991516, 0.001047797793160998303, 0.001571696689741497455, 0.002095595586321996606 ),
 .UNSPECIFIED. ) ;
#1056 = CARTESIAN_POINT ( 'NONE',  ( 0.000000000000000000, 0.000000000000000000, -33.00000000000000000 ) ) ;
#1057 = ORIENTED_EDGE ( 'NONE', *, *, #1535, .F. ) ;
#1058 = COORDINATED_UNIVERSAL_TIME_OFFSET ( 5, 0, .BEHIND. ) ;
#1059 = DIRECTION ( 'NONE',  ( -0.000000000000000000, -0.000000000000000000, -1.000000000000000000 ) ) ;
#1060 = ORIENTED_EDGE ( 'NONE', *, *, #543, .F. ) ;
#1061 = VERTEX_POINT ( 'NONE', #2740 ) ;
#1062 = ORIENTED_EDGE ( 'NONE', *, *, #4905, .F. ) ;
#1063 = CARTESIAN_POINT ( 'NONE',  ( 0.000000000000000000, 0.000000000000000000, -27.00000000000000000 ) ) ;
#1064 = CARTESIAN_POINT ( 'NONE',  ( -48.62500000000000000, -93.75000000000000000, 6.123233995736766085E-15 ) ) ;
#1065 = VERTEX_POINT ( 'NONE', #3420 ) ;
#1066 = CARTESIAN_POINT ( 'NONE',  ( 37.21717700014590235, 5.019524289853174892, -24.10197630004942582 ) ) ;
#1067 = CIRCLE ( 'NONE', #1733, 42.00000000000000000 ) ;
#1068 = B_SPLINE_CURVE_WITH_KNOTS ( 'NONE', 3,
 ( #3111, #1279, #1860, #1933, #2512, #6181, #7443, #8021, #1813, #3150 ),
 .UNSPECIFIED., .F., .F.,
 ( 4, 2, 2, 2, 4 ),
 ( 1.627314866131459360E-17, 0.0005240076909106317115, 0.001048015381821247160, 0.001572023072731862500, 0.002096030763642478274 ),
 .UNSPECIFIED. ) ;
#1069 = CARTESIAN_POINT ( 'NONE',  ( -41.99172800532916483, 0.8473961678587810242, -0.4892444056235306649 ) ) ;
#1070 = VERTEX_POINT ( 'NONE', #2620 ) ;
#1071 = CARTESIAN_POINT ( 'NONE',  ( 47.95615673456315875, -27.68750000000023448, 12.50000000000000000 ) ) ;
#1072 = VERTEX_POINT ( 'NONE', #772 ) ;
#1073 = DIRECTION ( 'NONE',  ( -1.000000000000000000, 0.000000000000000000, 0.000000000000000000 ) ) ;
#1074 = ADVANCED_FACE ( 'NONE', ( #2661 ), #3917, .F. ) ;
#1075 = EDGE_CURVE ( 'NONE', #3730, #6812, #5836, .T. ) ;
#1076 = B_SPLINE_CURVE_WITH_KNOTS ( 'NONE', 3,
 ( #3572, #6058, #424, #1696, #6803, #7409, #3659, #6103, #2273, #1160 ),
 .UNSPECIFIED., .F., .F.,
 ( 4, 2, 2, 2, 4 ),
 ( 0.000000000000000000, 0.0005215790914579283497, 0.001043158182915856699, 0.001564737274373785049, 0.002086316365831713399 ),
 .UNSPECIFIED. ) ;
#1077 = CARTESIAN_POINT ( 'NONE',  ( 52.66475458984417202, 17.11181606351258111, 10.00000000000000000 ) ) ;
#1078 = CONICAL_SURFACE ( 'NONE', #4127, 2.099999999999999645, 0.7853981633974657095 ) ;
#1079 = CARTESIAN_POINT ( 'NONE',  ( 32.00000000000000000, -8.673617379884035472E-16, -2.309401076758510918 ) ) ;
#1080 = CARTESIAN_POINT ( 'NONE',  ( 11.47299966812154715, 29.33633035359541452, -33.00000000000000000 ) ) ;
#1081 = AXIS2_PLACEMENT_3D ( 'NONE', #440, #5463, #7343 ) ;
#1082 = EDGE_CURVE ( 'NONE', #1260, #1072, #7411, .T. ) ;
#1083 = LINE ( 'NONE', #4813, #6044 ) ;
#1084 = EDGE_LOOP ( 'NONE', ( #3557, #7962, #159, #3592 ) ) ;
#1085 = CARTESIAN_POINT ( 'NONE',  ( -8.521200041078067500, -41.12731958784979724, -26.97431616324320913 ) ) ;
#1086 = CARTESIAN_POINT ( 'NONE',  ( 13.68732489781243267, -39.70714214271438181, -5.773502691896304384 ) ) ;
#1087 = ORIENTED_EDGE ( 'NONE', *, *, #493, .T. ) ;
#1088 = FACE_OUTER_BOUND ( 'NONE', #7035, .T. ) ;
#1089 = EDGE_CURVE ( 'NONE', #7029, #6430, #7706, .T. ) ;
#1090 = EDGE_CURVE ( 'NONE', #2204, #1309, #7672, .T. ) ;
#1091 = CARTESIAN_POINT ( 'NONE',  ( 41.41255848169732445, -6.999999999999973355, -22.95854811567267362 ) ) ;
#1092 = ORIENTED_EDGE ( 'NONE', *, *, #41, .T. ) ;
#1093 = PLANE ( 'NONE',  #7095 ) ;
#1094 = LINE ( 'NONE', #1674, #4145 ) ;
#1095 = VECTOR ( 'NONE', #3604, 1000.000000000000000 ) ;
#1096 = ORIENTED_EDGE ( 'NONE', *, *, #1101, .T. ) ;
#1097 = DIRECTION ( 'NONE',  ( -1.000000000000000000, 0.000000000000000000, 0.000000000000000000 ) ) ;
#1098 = DIRECTION ( 'NONE',  ( -0.8660254037844323793, 0.5000000000000108802, 0.000000000000000000 ) ) ;
#1099 = CARTESIAN_POINT ( 'NONE',  ( 14.02980915066394019, -39.58752724700332948, -22.37924764878187034 ) ) ;
#1100 = ORIENTED_EDGE ( 'NONE', *, *, #6180, .T. ) ;
#1101 = EDGE_CURVE ( 'NONE', #1254, #1580, #6900, .T. ) ;
#1102 = FACE_OUTER_BOUND ( 'NONE', #2210, .T. ) ;
#1103 = AXIS2_PLACEMENT_3D ( 'NONE', #4306, #2440, #1248 ) ;
#1104 = AXIS2_PLACEMENT_3D ( 'NONE', #7599, #3, #3146 ) ;
#1105 = CARTESIAN_POINT ( 'NONE',  ( -28.50000000000000000, -27.99999999999999645, -28.00000000000000000 ) ) ;
#1106 = ORIENTED_EDGE ( 'NONE', *, *, #1245, .F. ) ;
#1107 = DIRECTION ( 'NONE',  ( 0.000000000000000000, 0.000000000000000000, 1.000000000000000000 ) ) ;
#1108 = CARTESIAN_POINT ( 'NONE',  ( 37.48666429545313861, 1.000000000000006661, -26.42264973081038448 ) ) ;
#1109 = EDGE_CURVE ( 'NONE', #4163, #6117, #4528, .T. ) ;
#1110 = ORIENTED_EDGE ( 'NONE', *, *, #788, .T. ) ;
#1111 = CARTESIAN_POINT ( 'NONE',  ( -26.00000000000000355, 28.00000000000000355, -28.00000000000000000 ) ) ;
#1112 = EDGE_CURVE ( 'NONE', #7648, #7718, #201, .T. ) ;
#1113 = EDGE_CURVE ( 'NONE', #3472, #3388, #4860, .T. ) ;
#1114 = CARTESIAN_POINT ( 'NONE',  ( -23.57861446354348089, 34.81522160190251469, -25.26098155010567226 ) ) ;
#1115 = ORIENTED_EDGE ( 'NONE', *, *, #1242, .T. ) ;
#1116 = CARTESIAN_POINT ( 'NONE',  ( 19.47915921875037526, -32.04427698508404632, -0.4891936377127923397 ) ) ;
#1117 = EDGE_LOOP ( 'NONE', ( #6829, #3648, #7448, #5529 ) ) ;
#1118 = DIRECTION ( 'NONE',  ( -0.000000000000000000, -0.000000000000000000, -1.000000000000000000 ) ) ;
#1119 = CARTESIAN_POINT ( 'NONE',  ( 24.97559631845919270, 27.97279980763532592, -4.620052199772978874 ) ) ;
#1120 = CIRCLE ( 'NONE', #5597, 1.375000000000001332 ) ;
#1121 = DIRECTION ( 'NONE',  ( -1.000000000000000000, 0.000000000000000000, 0.000000000000000000 ) ) ;
#1122 = DIRECTION ( 'NONE',  ( 0.000000000000000000, 0.000000000000000000, 1.000000000000000000 ) ) ;
#1123 =( BOUNDED_CURVE ( )  B_SPLINE_CURVE ( 3, ( #6566, #6648, #2283, #7961 ),
 .UNSPECIFIED., .F., .F. ) 
 B_SPLINE_CURVE_WITH_KNOTS ( ( 4, 4 ),
 ( 4.524620905311397934, 4.685719152212409533 ),
 .UNSPECIFIED. ) 
 CURVE ( )  GEOMETRIC_REPRESENTATION_ITEM ( )  RATIONAL_B_SPLINE_CURVE ( ( 1.000000000000000000, 0.9978384486574995993, 0.9978384486574995993, 1.000000000000000000 ) ) 
 REPRESENTATION_ITEM ( '' )  );
#1124 = CYLINDRICAL_SURFACE ( 'NONE', #6205, 1.375000000000001332 ) ;
#1125 = CYLINDRICAL_SURFACE ( 'NONE', #2361, 2.499999999999998668 ) ;
#1126 = ORIENTED_EDGE ( 'NONE', *, *, #7446, .F. ) ;
#1127 = CARTESIAN_POINT ( 'NONE',  ( 41.23105625617660763, 7.999999999999977796, -5.773502691896310601 ) ) ;
#1128 = CARTESIAN_POINT ( 'NONE',  ( 63.17520957682856420, 3.388909532325844243, 10.78763521539461223 ) ) ;
#1129 = VERTEX_POINT ( 'NONE', #6732 ) ;
#1130 = CARTESIAN_POINT ( 'NONE',  ( -100.0000000000000000, -100.0000000000000000, 0.000000000000000000 ) ) ;
#1131 = ORIENTED_EDGE ( 'NONE', *, *, #389, .F. ) ;
#1132 =( BOUNDED_CURVE ( )  B_SPLINE_CURVE ( 3, ( #6306, #3192, #2550, #5071 ),
 .UNSPECIFIED., .F., .F. ) 
 B_SPLINE_CURVE_WITH_KNOTS ( ( 4, 4 ),
 ( 1.403348247575207930, 1.546984552834227866 ),
 .UNSPECIFIED. ) 
 CURVE ( )  GEOMETRIC_REPRESENTATION_ITEM ( )  RATIONAL_B_SPLINE_CURVE ( ( 1.000000000000000000, 0.9982814565068700574, 0.9982814565068700574, 1.000000000000000000 ) ) 
 REPRESENTATION_ITEM ( '' )  );
#1133 = CARTESIAN_POINT ( 'NONE',  ( 24.70550111549695416, 28.21176787945795184, -22.76487792297750090 ) ) ;
#1134 = DIRECTION ( 'NONE',  ( -1.000000000000000000, 0.000000000000000000, 0.000000000000000000 ) ) ;
#1135 = EDGE_CURVE ( 'NONE', #7525, #37, #6116, .T. ) ;
#1136 = CARTESIAN_POINT ( 'NONE',  ( 36.66150125085174238, -7.885841383543398031, -21.91519336856454103 ) ) ;
#1137 = B_SPLINE_CURVE_WITH_KNOTS ( 'NONE', 3,
 ( #5204, #2810, #5976, #342, #5322, #7813, #6514, #3365, #4057, #4673 ),
 .UNSPECIFIED., .F., .F.,
 ( 4, 2, 2, 2, 4 ),
 ( 4.336808689942017736E-18, 0.0005238988965805009947, 0.001047797793160997653, 0.001571696689741494419, 0.002095595586321990968 ),
 .UNSPECIFIED. ) ;
#1138 = CARTESIAN_POINT ( 'NONE',  ( -13.79662393997607950, -39.66932426114940569, -5.086638351169823657 ) ) ;
#1139 = ORIENTED_EDGE ( 'NONE', *, *, #6996, .F. ) ;
#1140 = CARTESIAN_POINT ( 'NONE',  ( -11.47299966812155247, -29.33633035359540742, -33.00000000000000000 ) ) ;
#1141 = DIRECTION ( 'NONE',  ( -1.000000000000000000, 0.000000000000000000, 0.000000000000000000 ) ) ;
#1142 = EDGE_CURVE ( 'NONE', #2998, #3375, #4672, .T. ) ;
#1143 = CARTESIAN_POINT ( 'NONE',  ( 14.64410141435778989, 39.36432768085851563, -22.95854811567266296 ) ) ;
#1144 = ORIENTED_EDGE ( 'NONE', *, *, #5564, .F. ) ;
#1145 = DATE_AND_TIME ( #7234, #4152 ) ;
#1146 = LINE ( 'NONE', #5596, #854 ) ;
#1147 = EDGE_LOOP ( 'NONE', ( #5368, #7938, #5079, #53 ) ) ;
#1148 = CARTESIAN_POINT ( 'NONE',  ( -70.00000000000000000, -93.75000000000000000, 6.123233995736766085E-15 ) ) ;
#1149 = PLANE ( 'NONE',  #2209 ) ;
#1150 = ORIENTED_EDGE ( 'NONE', *, *, #2676, .T. ) ;
#1151 = DIRECTION ( 'NONE',  ( -1.000000000000000000, 0.000000000000000000, 0.000000000000000000 ) ) ;
#1152 = FACE_OUTER_BOUND ( 'NONE', #93, .T. ) ;
#1153 = AXIS2_PLACEMENT_3D ( 'NONE', #7131, #5897, #873 ) ;
#1154 = CYLINDRICAL_SURFACE ( 'NONE', #2104, 2.099999999999997868 ) ;
#1155 = ORIENTED_EDGE ( 'NONE', *, *, #991, .F. ) ;
#1156 = LINE ( 'NONE', #1202, #2346 ) ;
#1157 = ORIENTED_EDGE ( 'NONE', *, *, #2553, .F. ) ;
#1158 = ADVANCED_FACE ( 'NONE', ( #4855 ), #1629, .F. ) ;
#1159 = VECTOR ( 'NONE', #497, 1000.000000000000000 ) ;
#1160 = CARTESIAN_POINT ( 'NONE',  ( -17.87730674394250485, -32.96440358300129958, -26.42264973081037738 ) ) ;
#1161 = CARTESIAN_POINT ( 'NONE',  ( 11.66345280981098576, -36.19281346394760845, -21.39074132774295833 ) ) ;
#1162 = CARTESIAN_POINT ( 'NONE',  ( 0.000000000000000000, 0.000000000000000000, 20.00000000000000000 ) ) ;
#1163 = FACE_OUTER_BOUND ( 'NONE', #7462, .T. ) ;
#1164 = AXIS2_PLACEMENT_3D ( 'NONE', #1341, #1265, #2536 ) ;
#1165 = LINE ( 'NONE', #21, #5165 ) ;
#1166 = DIRECTION ( 'NONE',  ( 1.000000000000000000, 0.000000000000000000, 0.000000000000000000 ) ) ;
#1167 = CARTESIAN_POINT ( 'NONE',  ( 10.60660171779811911, 10.60660171779830208, -33.00000000000000000 ) ) ;
#1168 = ORIENTED_EDGE ( 'NONE', *, *, #1535, .T. ) ;
#1169 = CARTESIAN_POINT ( 'NONE',  ( -11.58552036136182828, -40.37061971415611339, -24.79246221224790148 ) ) ;
#1170 = DIRECTION ( 'NONE',  ( 0.000000000000000000, -0.8660254037844362651, 0.5000000000000042188 ) ) ;
#1171 = VERTEX_POINT ( 'NONE', #7881 ) ;
#1172 = CARTESIAN_POINT ( 'NONE',  ( 10.42652267258529797, -40.68583429418712427, -26.19045895769823673 ) ) ;
#1173 = AXIS2_PLACEMENT_3D ( 'NONE', #5360, #1565, #5241 ) ;
#1174 = CIRCLE ( 'NONE', #1544, 2.499999999999998668 ) ;
#1175 = ORIENTED_EDGE ( 'NONE', *, *, #6360, .T. ) ;
#1176 = AXIS2_PLACEMENT_3D ( 'NONE', #3622, #1787, #7994 ) ;
#1177 = FACE_OUTER_BOUND ( 'NONE', #1927, .T. ) ;
#1178 = AXIS2_PLACEMENT_3D ( 'NONE', #544, #4260, #6755 ) ;
#1179 = DIRECTION ( 'NONE',  ( -1.000000000000000000, 0.000000000000000000, 0.000000000000000000 ) ) ;
#1180 = CARTESIAN_POINT ( 'NONE',  ( -13.86257414569658053, -39.64639827766639968, -4.921667756750979450 ) ) ;
#1181 = ORIENTED_EDGE ( 'NONE', *, *, #2149, .T. ) ;
#1182 = DIRECTION ( 'NONE',  ( -0.5000000000000101030, -0.8660254037844328234, 0.000000000000000000 ) ) ;
#1183 = AXIS2_PLACEMENT_3D ( 'NONE', #7352, #6743, #1098 ) ;
#1184 = FACE_OUTER_BOUND ( 'NONE', #335, .T. ) ;
#1185 = CARTESIAN_POINT ( 'NONE',  ( 13.70962481036610292, -39.69947489622919079, -21.57645263669765257 ) ) ;
#1186 = ORIENTED_EDGE ( 'NONE', *, *, #836, .F. ) ;
#1187 = EDGE_CURVE ( 'NONE', #3808, #4492, #4279, .T. ) ;
#1188 = APPROVAL_DATE_TIME ( #1145, #5649 ) ;
#1189 = DIRECTION ( 'NONE',  ( 0.000000000000000000, 0.5000000000000052180, 0.8660254037844357100 ) ) ;
#1190 = EDGE_CURVE ( 'NONE', #5062, #2546, #6501, .T. ) ;
#1191 = ORIENTED_EDGE ( 'NONE', *, *, #2964, .T. ) ;
#1192 = EDGE_LOOP ( 'NONE', ( #218, #7317, #1723, #1918 ) ) ;
#1193 = CARTESIAN_POINT ( 'NONE',  ( -20.26207864942805159, 36.78955691790339699, -0.4891909702452221786 ) ) ;
#1194 = CARTESIAN_POINT ( 'NONE',  ( -5.000486708505727407, -10.72357835230654821, -33.00000000000000000 ) ) ;
#1195 = EDGE_LOOP ( 'NONE', ( #7450, #292, #2021, #2984 ) ) ;
#1196 = EDGE_CURVE ( 'NONE', #4405, #2971, #3989, .T. ) ;
#1197 = LINE ( 'NONE', #1774, #3773 ) ;
#1198 = EDGE_LOOP ( 'NONE', ( #3479, #4794, #6052, #1714 ) ) ;
#1199 = DIRECTION ( 'NONE',  ( -0.000000000000000000, -0.000000000000000000, -1.000000000000000000 ) ) ;
#1200 = DIRECTION ( 'NONE',  ( -0.5000000000000039968, -0.8660254037844362651, -4.378026466882518004E-17 ) ) ;
#1201 = VERTEX_POINT ( 'NONE', #7307 ) ;
#1202 = CARTESIAN_POINT ( 'NONE',  ( -12.25618727523172780, -35.22833906777961488, -22.95854811567266296 ) ) ;
#1203 = VERTEX_POINT ( 'NONE', #5996 ) ;
#1204 = CYLINDRICAL_SURFACE ( 'NONE', #243, 1.375000000000001332 ) ;
#1205 = CARTESIAN_POINT ( 'NONE',  ( -18.59885815294020261, 32.56321101559240105, -0.3094564873917359793 ) ) ;
#1206 = CARTESIAN_POINT ( 'NONE',  ( -99.10955656197202757, -97.50000000000000000, 110.0000000000000000 ) ) ;
#1207 = CIRCLE ( 'NONE', #4376, 4.000000000000000000 ) ;
#1208 = CARTESIAN_POINT ( 'NONE',  ( 51.37500000000000711, -93.75000000000000000, 30.00000000000000711 ) ) ;
#1209 = ADVANCED_FACE ( 'NONE', ( #2373 ), #4195, .T. ) ;
#1210 = CARTESIAN_POINT ( 'NONE',  ( -10.60660171779819372, -10.60660171779822569, -31.99999999999998579 ) ) ;
#1211 = LINE ( 'NONE', #553, #2889 ) ;
#1212 = DIRECTION ( 'NONE',  ( -0.000000000000000000, -0.000000000000000000, -1.000000000000000000 ) ) ;
#1213 = AXIS2_PLACEMENT_3D ( 'NONE', #6766, #5452, #7414 ) ;
#1214 = CYLINDRICAL_SURFACE ( 'NONE', #7341, 1.375000000000001332 ) ;
#1215 = CARTESIAN_POINT ( 'NONE',  ( -37.43290672965761701, 3.015191822317172310, -1.740821810273199155 ) ) ;
#1216 = ORIENTED_EDGE ( 'NONE', *, *, #7071, .F. ) ;
#1217 = CARTESIAN_POINT ( 'NONE',  ( 8.263010078833215033, -41.18002480508808105, -19.00000000000000355 ) ) ;
#1218 = ORIENTED_EDGE ( 'NONE', *, *, #5033, .F. ) ;
#1219 = EDGE_CURVE ( 'NONE', #6350, #7271, #1712, .T. ) ;
#1220 = AXIS2_PLACEMENT_3D ( 'NONE', #4697, #4082, #932 ) ;
#1221 = CARTESIAN_POINT ( 'NONE',  ( 8.000000000000000000, -36.63673020344475617, -27.00000000000001066 ) ) ;
#1222 = CARTESIAN_POINT ( 'NONE',  ( 11.39016187144653891, -35.72833906777988489, -21.22649730810378088 ) ) ;
#1223 = EDGE_LOOP ( 'NONE', ( #4051, #2492, #7585, #2337 ) ) ;
#1224 = LINE ( 'NONE', #3481, #3692 ) ;
#1225 = VECTOR ( 'NONE', #1359, 1000.000000000000000 ) ;
#1226 = EDGE_LOOP ( 'NONE', ( #1131, #199, #1395, #5925 ) ) ;
#1227 = DIRECTION ( 'NONE',  ( -0.000000000000000000, -0.000000000000000000, -1.000000000000000000 ) ) ;
#1228 = CARTESIAN_POINT ( 'NONE',  ( -16.10522064941944365, -33.92544407653536354, -1.740821810273196268 ) ) ;
#1229 = EDGE_LOOP ( 'NONE', ( #5037, #3272, #6527, #682 ) ) ;
#1230 = CARTESIAN_POINT ( 'NONE',  ( 41.98809355043404423, -1.000000000000024203, -0.5773502691896463812 ) ) ;
#1231 = VECTOR ( 'NONE', #5783, 1000.000000000000114 ) ;
#1232 = ORIENTED_EDGE ( 'NONE', *, *, #2751, .F. ) ;
#1233 = DIRECTION ( 'NONE',  ( -1.000000000000000000, 0.000000000000000000, 0.000000000000000000 ) ) ;
#1234 = CARTESIAN_POINT ( 'NONE',  ( -14.49980845631056781, 39.41800675619170846, -22.87090582235249769 ) ) ;
#1235 = ORIENTED_EDGE ( 'NONE', *, *, #3093, .F. ) ;
#1236 = LINE ( 'NONE', #6269, #716 ) ;
#1237 = ORIENTED_EDGE ( 'NONE', *, *, #7300, .F. ) ;
#1238 = CARTESIAN_POINT ( 'NONE',  ( -41.41255848169731735, 7.000000000000023981, -4.041451884327440069 ) ) ;
#1239 = AXIS2_PLACEMENT_3D ( 'NONE', #242, #7885, #5913 ) ;
#1240 = CIRCLE ( 'NONE', #6249, 2.099999999999997868 ) ;
#1241 = EDGE_LOOP ( 'NONE', ( #1735, #5910 ) ) ;
#1242 = EDGE_CURVE ( 'NONE', #3586, #5838, #3498, .T. ) ;
#1243 = DIRECTION ( 'NONE',  ( 0.000000000000000000, 0.000000000000000000, -1.000000000000000000 ) ) ;
#1244 = B_SPLINE_CURVE_WITH_KNOTS ( 'NONE', 3,
 ( #5643, #6885, #6959, #6392, #6224, #1815, #6311, #1978, #5562, #2557 ),
 .UNSPECIFIED., .F., .F.,
 ( 4, 2, 2, 2, 4 ),
 ( 1.201851678989727385E-17, 0.0005246646380387480187, 0.001049329276077483894, 0.001573993914116219878, 0.002098658552154956079 ),
 .UNSPECIFIED. ) ;
#1245 = EDGE_CURVE ( 'NONE', #1580, #1254, #7646, .T. ) ;
#1246 = EDGE_LOOP ( 'NONE', ( #4289, #1052, #3398, #4998, #3215, #28, #3821, #6138, #4257, #4346, #70, #490, #919, #1759, #3022, #5270, #3687, #7507, #7804, #3562 ) ) ;
#1247 = DIRECTION ( 'NONE',  ( 0.000000000000000000, -0.000000000000000000, -1.000000000000000000 ) ) ;
#1248 = DIRECTION ( 'NONE',  ( 0.8944271909999124137, 0.000000000000000000, -0.4472135954999646446 ) ) ;
#1249 = DIRECTION ( 'NONE',  ( -1.000000000000000000, 0.000000000000000000, 0.000000000000000000 ) ) ;
#1250 = ADVANCED_FACE ( 'NONE', ( #7266 ), #2831, .F. ) ;
#1251 = LINE ( 'NONE', #3080, #5291 ) ;
#1252 = DIRECTION ( 'NONE',  ( 0.000000000000000000, 0.000000000000000000, -1.000000000000000000 ) ) ;
#1253 = LINE ( 'NONE', #3163, #2101 ) ;
#1254 = VERTEX_POINT ( 'NONE', #479 ) ;
#1255 = AXIS2_PLACEMENT_3D ( 'NONE', #1725, #4911, #8056 ) ;
#1256 = CARTESIAN_POINT ( 'NONE',  ( -12.00030687168074905, -40.24913210356064042, -22.74044540399244951 ) ) ;
#1257 = LINE ( 'NONE', #8040, #6893 ) ;
#1258 = VERTEX_POINT ( 'NONE', #2997 ) ;
#1259 = FACE_OUTER_BOUND ( 'NONE', #5276, .T. ) ;
#1260 = VERTEX_POINT ( 'NONE', #5505 ) ;
#1261 = CIRCLE ( 'NONE', #216, 2.499999999999998668 ) ;
#1262 = CARTESIAN_POINT ( 'NONE',  ( 50.45615673456315875, -27.68750000000023448, 10.00000000000000000 ) ) ;
#1263 = DIRECTION ( 'NONE',  ( -1.000000000000000000, 0.000000000000000000, 0.000000000000000000 ) ) ;
#1264 = ORIENTED_EDGE ( 'NONE', *, *, #1800, .F. ) ;
#1265 = DIRECTION ( 'NONE',  ( -0.000000000000000000, -0.000000000000000000, -1.000000000000000000 ) ) ;
#1266 = EDGE_CURVE ( 'NONE', #3652, #2245, #2940, .T. ) ;
#1267 = ORIENTED_EDGE ( 'NONE', *, *, #1717, .T. ) ;
#1268 = EDGE_CURVE ( 'NONE', #6887, #1072, #4784, .T. ) ;
#1269 = DIRECTION ( 'NONE',  ( -1.000000000000000000, 0.000000000000000000, 0.000000000000000000 ) ) ;
#1270 = B_SPLINE_CURVE_WITH_KNOTS ( 'NONE', 3,
 ( #7410, #549, #3027, #6234, #1119, #507, #6190, #4887, #4962, #3828 ),
 .UNSPECIFIED., .F., .F.,
 ( 4, 2, 2, 2, 4 ),
 ( 8.673617379884035472E-19, 0.0005246646380387351167, 0.001049329276077469366, 0.001573993914116203615, 0.002098658552154937865 ),
 .UNSPECIFIED. ) ;
#1271 = ORIENTED_EDGE ( 'NONE', *, *, #3678, .F. ) ;
#1272 = FACE_BOUND ( 'NONE', #5099, .T. ) ;
#1273 = VERTEX_POINT ( 'NONE', #1130 ) ;
#1274 = B_SPLINE_CURVE_WITH_KNOTS ( 'NONE', 3,
 ( #350, #7781, #6446, #4762, #7253, #3454 ),
 .UNSPECIFIED., .F., .F.,
 ( 4, 2, 4 ),
 ( 0.001042522117511580698, 0.001564419241671644988, 0.002086316365831709495 ),
 .UNSPECIFIED. ) ;
#1275 = FACE_OUTER_BOUND ( 'NONE', #5568, .T. ) ;
#1276 = CARTESIAN_POINT ( 'NONE',  ( -36.73539856458927488, 7.535002961259099408, -4.479675845022191183 ) ) ;
#1277 = DIRECTION ( 'NONE',  ( 1.000000000000000000, 0.000000000000000000, 0.000000000000000000 ) ) ;
#1278 = EDGE_LOOP ( 'NONE', ( #7026, #3183, #1632, #4817 ) ) ;
#1279 = CARTESIAN_POINT ( 'NONE',  ( -26.88709098925367513, -32.26620585126899954, -22.87090582235250125 ) ) ;
#1280 = ORIENTED_EDGE ( 'NONE', *, *, #1651, .T. ) ;
#1281 = CARTESIAN_POINT ( 'NONE',  ( -41.38693613450180919, 7.151583850238904638, -4.128968861067661145 ) ) ;
#1282 = ORIENTED_EDGE ( 'NONE', *, *, #6563, .F. ) ;
#1283 = CARTESIAN_POINT ( 'NONE',  ( 21.19615242270674926, 24.71281292110194983, -21.22649730810378088 ) ) ;
#1284 = ORIENTED_EDGE ( 'NONE', *, *, #7071, .T. ) ;
#1285 = DIRECTION ( 'NONE',  ( 0.8660254037844363761, -0.5000000000000039968, -9.766269741776830186E-17 ) ) ;
#1286 = CARTESIAN_POINT ( 'NONE',  ( 8.000000000000000000, -41.23105625617660763, -27.00000000000001066 ) ) ;
#1287 = EDGE_CURVE ( 'NONE', #3726, #2276, #7913, .T. ) ;
#1288 = CARTESIAN_POINT ( 'NONE',  ( 36.63673020344474907, -7.999999999999998224, -21.22649730810378088 ) ) ;
#1289 = EDGE_CURVE ( 'NONE', #2600, #6257, #7520, .T. ) ;
#1290 = FACE_OUTER_BOUND ( 'NONE', #6254, .T. ) ;
#1291 = AXIS2_PLACEMENT_3D ( 'NONE', #6666, #5356, #5439 ) ;
#1292 = DIRECTION ( 'NONE',  ( 1.000000000000000000, 0.000000000000000000, 0.000000000000000000 ) ) ;
#1293 = EDGE_LOOP ( 'NONE', ( #7034, #38, #5646, #55 ) ) ;
#1294 = CARTESIAN_POINT ( 'NONE',  ( -11.99968763659560445, -40.24931672374723490, -23.26892836516282514 ) ) ;
#1295 = EDGE_CURVE ( 'NONE', #1955, #4743, #7252, .T. ) ;
#1296 = CARTESIAN_POINT ( 'NONE',  ( 20.84886535951975262, -36.46032155582265943, -26.69054384552374160 ) ) ;
#1297 = ORIENTED_EDGE ( 'NONE', *, *, #7300, .T. ) ;
#1298 = CARTESIAN_POINT ( 'NONE',  ( 12.35825919329726652, -35.40513281589668537, -22.95854811567265941 ) ) ;
#1299 = CIRCLE ( 'NONE', #4993, 2.000000000000000000 ) ;
#1300 = ORIENTED_EDGE ( 'NONE', *, *, #2605, .T. ) ;
#1301 = EDGE_CURVE ( 'NONE', #1576, #1201, #953, .T. ) ;
#1302 = B_SPLINE_CURVE_WITH_KNOTS ( 'NONE', 3,
 ( #2727, #3404, #909, #7166, #7202, #1526, #1492, #4058, #2070, #5932 ),
 .UNSPECIFIED., .F., .F.,
 ( 4, 2, 2, 2, 4 ),
 ( 8.673617379884035472E-19, 0.0005232838029695363862, 0.001046567605939071905, 0.001569851408908607424, 0.002093135211878142943 ),
 .UNSPECIFIED. ) ;
#1303 = CARTESIAN_POINT ( 'NONE',  ( 57.57164995601809920, -5.788263653446511725, 10.00000000000000000 ) ) ;
#1304 = EDGE_LOOP ( 'NONE', ( #351, #983 ) ) ;
#1305 = DIRECTION ( 'NONE',  ( -0.000000000000000000, -0.000000000000000000, 1.000000000000000000 ) ) ;
#1306 = CIRCLE ( 'NONE', #4344, 1.999999999999998224 ) ;
#1307 = ORIENTED_EDGE ( 'NONE', *, *, #4626, .T. ) ;
#1308 = CARTESIAN_POINT ( 'NONE',  ( -17.87730674394251551, -32.96440358300128537, -0.5773502691896312822 ) ) ;
#1309 = VERTEX_POINT ( 'NONE', #2858 ) ;
#1310 = AXIS2_PLACEMENT_3D ( 'NONE', #6115, #7340, #360 ) ;
#1311 = ADVANCED_FACE ( 'NONE', ( #7862 ), #4144, .T. ) ;
#1312 = DIRECTION ( 'NONE',  ( 0.000000000000000000, 0.000000000000000000, -1.000000000000000000 ) ) ;
#1313 = AXIS2_PLACEMENT_3D ( 'NONE', #1071, #5490, #5530 ) ;
#1314 = ORIENTED_EDGE ( 'NONE', *, *, #2320, .T. ) ;
#1315 = CARTESIAN_POINT ( 'NONE',  ( -13.28561524219480461, 28.49109383011402841, -27.00000000000000000 ) ) ;
#1316 = CARTESIAN_POINT ( 'NONE',  ( -24.48261484627965956, 28.40513281589662853, -4.041451884327440958 ) ) ;
#1317 = CARTESIAN_POINT ( 'NONE',  ( 8.506601717798119466, 10.60660171779830208, -31.99999999999998579 ) ) ;
#1318 = VERTEX_POINT ( 'NONE', #3453 ) ;
#1319 = B_SPLINE_CURVE_WITH_KNOTS ( 'NONE', 3,
 ( #6145, #6389, #3076, #742, #6806, #1782 ),
 .UNSPECIFIED., .F., .F.,
 ( 4, 2, 4 ),
 ( 0.000000000000000000, 0.001380082589308718934, 0.002760165178617437869 ),
 .UNSPECIFIED. ) ;
#1320 = ORIENTED_EDGE ( 'NONE', *, *, #3078, .T. ) ;
#1321 = LINE ( 'NONE', #5112, #4395 ) ;
#1322 = VERTEX_POINT ( 'NONE', #4679 ) ;
#1323 = CARTESIAN_POINT ( 'NONE',  ( -36.78505132425836166, -7.288743128762971146, -22.76577088639732338 ) ) ;
#1324 = EDGE_LOOP ( 'NONE', ( #3899, #883 ) ) ;
#1325 = CYLINDRICAL_SURFACE ( 'NONE', #6946, 1.999999999999998224 ) ;
#1326 = CARTESIAN_POINT ( 'NONE',  ( -36.84087403957730800, -6.999999999999985789, -22.95854811567265941 ) ) ;
#1327 = DIRECTION ( 'NONE',  ( -1.000000000000000000, -0.000000000000000000, -0.000000000000000000 ) ) ;
#1328 = CARTESIAN_POINT ( 'NONE',  ( 13.28561524219484724, 28.49109383011400709, -33.00000000000000000 ) ) ;
#1329 = B_SPLINE_CURVE_WITH_KNOTS ( 'NONE', 3,
 ( #5361, #1116, #4841, #3490, #7984, #1736, #6715, #6017, #504, #1029 ),
 .UNSPECIFIED., .F., .F.,
 ( 4, 2, 2, 2, 4 ),
 ( 2.637465245242304811E-17, 0.0005215790914579548042, 0.001043158182915883371, 0.001564737274373811937, 0.002086316365831740287 ),
 .UNSPECIFIED. ) ;
#1330 = CARTESIAN_POINT ( 'NONE',  ( 64.38226247888057685, -4.145006185406284444E-15, 10.42433247640575011 ) ) ;
#1331 = CARTESIAN_POINT ( 'NONE',  ( -8.000000000000000000, -41.23105625617660763, -19.00000000000001066 ) ) ;
#1332 = CARTESIAN_POINT ( 'NONE',  ( 23.57861446354370827, 34.81522160190235837, -25.26098155010568647 ) ) ;
#1333 = EDGE_CURVE ( 'NONE', #3815, #155, #4843, .T. ) ;
#1334 = CARTESIAN_POINT ( 'NONE',  ( 11.97333537145305904, -40.25720196359456082, -22.46702097656354624 ) ) ;
#1335 = EDGE_LOOP ( 'NONE', ( #1110, #455, #6849, #2611, #2865, #2953, #372, #6200, #4123, #3049, #1683, #6272 ) ) ;
#1336 = EDGE_CURVE ( 'NONE', #4985, #4916, #4555, .T. ) ;
#1337 = CIRCLE ( 'NONE', #5029, 60.65000000000000568 ) ;
#1338 = CARTESIAN_POINT ( 'NONE',  ( -26.00000000000000355, 28.00000000000000355, -28.00000000000000000 ) ) ;
#1339 = DIRECTION ( 'NONE',  ( -1.000000000000000000, 0.000000000000000000, 0.000000000000000000 ) ) ;
#1340 = VERTEX_POINT ( 'NONE', #6556 ) ;
#1341 = CARTESIAN_POINT ( 'NONE',  ( 0.000000000000000000, 0.000000000000000000, 10.00000000000000000 ) ) ;
#1342 = EDGE_CURVE ( 'NONE', #1340, #4571, #5161, .T. ) ;
#1343 = ADVANCED_BREP_SHAPE_REPRESENTATION ( 'Stand', ( #2334, #4419 ), #723 ) ;
#1344 = EDGE_CURVE ( 'NONE', #1473, #967, #7779, .T. ) ;
#1345 = ORIENTED_EDGE ( 'NONE', *, *, #7322, .F. ) ;
#1346 = AXIS2_PLACEMENT_3D ( 'NONE', #430, #1785, #5495 ) ;
#1347 = FACE_BOUND ( 'NONE', #1335, .T. ) ;
#1348 = EDGE_LOOP ( 'NONE', ( #5221, #7886, #886, #5678 ) ) ;
#1349 = ORIENTED_EDGE ( 'NONE', *, *, #7662, .T. ) ;
#1350 = EDGE_CURVE ( 'NONE', #8109, #5812, #7170, .T. ) ;
#1351 = CARTESIAN_POINT ( 'NONE',  ( 29.33633035359543229, 11.47299966812150096, -27.00000000000000000 ) ) ;
#1352 = VECTOR ( 'NONE', #1689, 1000.000000000000114 ) ;
#1353 = ORIENTED_EDGE ( 'NONE', *, *, #6381, .F. ) ;
#1354 = DIRECTION ( 'NONE',  ( 0.5000000000000101030, 0.8660254037844329345, -0.000000000000000000 ) ) ;
#1355 = CARTESIAN_POINT ( 'NONE',  ( 14.64410141435777035, 39.36432768085854406, -4.041451884327434740 ) ) ;
#1356 = DIRECTION ( 'NONE',  ( -0.000000000000000000, -0.000000000000000000, -1.000000000000000000 ) ) ;
#1357 = ORIENTED_EDGE ( 'NONE', *, *, #3125, .F. ) ;
#1358 = ORIENTED_EDGE ( 'NONE', *, *, #4407, .T. ) ;
#1359 = DIRECTION ( 'NONE',  ( 0.000000000000000000, 0.000000000000000000, -1.000000000000000000 ) ) ;
#1360 = VERTEX_POINT ( 'NONE', #4716 ) ;
#1361 = CARTESIAN_POINT ( 'NONE',  ( -18.90113889182649487, -32.38868914962554868, -0.3094564873917350356 ) ) ;
#1362 = ORIENTED_EDGE ( 'NONE', *, *, #609, .F. ) ;
#1363 = VECTOR ( 'NONE', #944, 1000.000000000000000 ) ;
#1364 = DIRECTION ( 'NONE',  ( 0.000000000000000000, 0.000000000000000000, 1.000000000000000000 ) ) ;
#1365 = CARTESIAN_POINT ( 'NONE',  ( -25.21755935773978408, 33.64707142157951125, -2.895706807524232040 ) ) ;
#1366 = EDGE_CURVE ( 'NONE', #1595, #825, #4101, .T. ) ;
#1367 = EDGE_CURVE ( 'NONE', #255, #3764, #3536, .T. ) ;
#1368 = DIRECTION ( 'NONE',  ( 0.000000000000000000, 0.000000000000000000, -1.000000000000000000 ) ) ;
#1369 = VECTOR ( 'NONE', #1414, 1000.000000000000114 ) ;
#1370 = CARTESIAN_POINT ( 'NONE',  ( -8.506601717798194073, -10.60660171779822569, -27.00000000000000000 ) ) ;
#1371 = CARTESIAN_POINT ( 'NONE',  ( 0.000000000000000000, 0.000000000000000000, 12.50000000000000000 ) ) ;
#1372 = CARTESIAN_POINT ( 'NONE',  ( 0.000000000000000000, 0.000000000000000000, -33.00000000000000000 ) ) ;
#1373 = CARTESIAN_POINT ( 'NONE',  ( 21.59190561860246405, -36.02524194608837860, -26.57717742942805117 ) ) ;
#1374 = AXIS2_PLACEMENT_3D ( 'NONE', #4700, #128, #860 ) ;
#1375 = EDGE_LOOP ( 'NONE', ( #5731, #608, #2776, #5831 ) ) ;
#1376 = CARTESIAN_POINT ( 'NONE',  ( -41.23105625617660763, 7.999999999999998224, -21.22649730810378088 ) ) ;
#1377 = DIRECTION ( 'NONE',  ( 0.000000000000000000, 0.000000000000000000, -1.000000000000000000 ) ) ;
#1378 = ORIENTED_EDGE ( 'NONE', *, *, #346, .F. ) ;
#1379 = DIRECTION ( 'NONE',  ( 0.4999999999999918954, -0.8660254037844432595, 0.000000000000000000 ) ) ;
#1380 = ORIENTED_EDGE ( 'NONE', *, *, #3673, .F. ) ;
#1381 = ORIENTED_EDGE ( 'NONE', *, *, #5772, .F. ) ;
#1382 = CARTESIAN_POINT ( 'NONE',  ( -11.50107356858342911, -35.69282078012810899, -21.91408198399142293 ) ) ;
#1383 = AXIS2_PLACEMENT_3D ( 'NONE', #7248, #1612, #4142 ) ;
#1384 = ORIENTED_EDGE ( 'NONE', *, *, #6329, .F. ) ;
#1385 = VERTEX_POINT ( 'NONE', #6023 ) ;
#1386 = EDGE_CURVE ( 'NONE', #5464, #8133, #2687, .T. ) ;
#1387 = EDGE_CURVE ( 'NONE', #5531, #1812, #5451, .T. ) ;
#1388 = DIRECTION ( 'NONE',  ( 0.000000000000000000, 0.000000000000000000, -1.000000000000000000 ) ) ;
#1389 = VERTEX_POINT ( 'NONE', #1697 ) ;
#1390 = CARTESIAN_POINT ( 'NONE',  ( -28.49109383011402841, -13.28561524219480461, -27.00000000000000000 ) ) ;
#1391 = CARTESIAN_POINT ( 'NONE',  ( 32.00000000000000000, 7.999999999999996447, -4.618802153517066245 ) ) ;
#1392 = ADVANCED_FACE ( 'NONE', ( #1825 ), #1481, .F. ) ;
#1393 = FACE_OUTER_BOUND ( 'NONE', #5138, .T. ) ;
#1394 = CARTESIAN_POINT ( 'NONE',  ( 13.70660171779816672, 10.60660171779830208, -33.00000000000000000 ) ) ;
#1395 = ORIENTED_EDGE ( 'NONE', *, *, #1090, .T. ) ;
#1396 = ORIENTED_EDGE ( 'NONE', *, *, #3096, .F. ) ;
#1397 = DIRECTION ( 'NONE',  ( 0.9063077870366498257, 0.4226182617406994968, 0.000000000000000000 ) ) ;
#1398 = CARTESIAN_POINT ( 'NONE',  ( -36.84087403957730089, 7.000000000000006217, -4.041451884327431188 ) ) ;
#1399 = EDGE_LOOP ( 'NONE', ( #234, #3723, #5176, #5022, #3225, #6523, #4440, #2918, #6296, #2820 ) ) ;
#1400 = FACE_OUTER_BOUND ( 'NONE', #680, .T. ) ;
#1401 = ORIENTED_EDGE ( 'NONE', *, *, #4531, .T. ) ;
#1402 = CARTESIAN_POINT ( 'NONE',  ( 5.000486708505722966, 10.72357835230654644, -23.00000000000000000 ) ) ;
#1403 = LINE ( 'NONE', #6435, #2958 ) ;
#1404 = DIRECTION ( 'NONE',  ( 0.000000000000000000, 0.000000000000000000, -1.000000000000000000 ) ) ;
#1405 = CARTESIAN_POINT ( 'NONE',  ( -68.62500000000000000, -93.75000000000000000, 30.00000000000000711 ) ) ;
#1406 = ADVANCED_FACE ( 'NONE', ( #4926, #123, #2632 ), #5109, .F. ) ;
#1407 = CARTESIAN_POINT ( 'NONE',  ( 18.01157830561247053, 32.89158522034178134, -0.4891936377127915070 ) ) ;
#1408 = CARTESIAN_POINT ( 'NONE',  ( -42.00000000000000000, 1.000000000000009770, -0.5773502691896380545 ) ) ;
#1409 = CARTESIAN_POINT ( 'NONE',  ( 20.69523439827052869, -36.54771455168793182, -26.66716483690976247 ) ) ;
#1410 = ORIENTED_EDGE ( 'NONE', *, *, #3068, .T. ) ;
#1411 = B_SPLINE_CURVE_WITH_KNOTS ( 'NONE', 3,
 ( #7178, #7960, #2368, #4191, #6112, #7420, #3583, #3666 ),
 .UNSPECIFIED., .F., .F.,
 ( 4, 2, 2, 4 ),
 ( 0.007490994237279651607, 0.01835009749120430217, 0.02377964911816662572, 0.02920920074512895273 ),
 .UNSPECIFIED. ) ;
#1412 = B_SPLINE_CURVE_WITH_KNOTS ( 'NONE', 3,
 ( #591, #5918, #2057, #2132, #4660, #6538 ),
 .UNSPECIFIED., .F., .F.,
 ( 4, 2, 4 ),
 ( 0.001042497902553998637, 0.001564379119012349311, 0.002086260335470700202 ),
 .UNSPECIFIED. ) ;
#1413 = CIRCLE ( 'NONE', #3410, 2.499999999999998668 ) ;
#1414 = DIRECTION ( 'NONE',  ( 0.4226182617406993858, -0.9063077870366500477, 0.000000000000000000 ) ) ;
#1415 = DIRECTION ( 'NONE',  ( 1.000000000000000000, 0.000000000000000000, 0.000000000000000000 ) ) ;
#1416 = ORIENTED_EDGE ( 'NONE', *, *, #3193, .T. ) ;
#1417 = CARTESIAN_POINT ( 'NONE',  ( -41.94017357740406737, 3.012068310516667680, -25.26098155010568647 ) ) ;
#1418 = ORIENTED_EDGE ( 'NONE', *, *, #3474, .F. ) ;
#1419 = ORIENTED_EDGE ( 'NONE', *, *, #8035, .F. ) ;
#1420 = CONICAL_SURFACE ( 'NONE', #6553, 2.099999999999997868, 0.7853981633974653764 ) ;
#1421 = CARTESIAN_POINT ( 'NONE',  ( -11.39016187144678582, 35.72833906777979962, -21.22649730810378088 ) ) ;
#1422 = EDGE_LOOP ( 'NONE', ( #2876, #4496 ) ) ;
#1423 = CARTESIAN_POINT ( 'NONE',  ( -90.00000000000001421, -93.75000000000000000, 6.123233995736766085E-15 ) ) ;
#1424 = CIRCLE ( 'NONE', #8129, 2.500000000000002220 ) ;
#1425 = CARTESIAN_POINT ( 'NONE',  ( -8.455973243646527138, -36.53716384124713557, -27.00000000000000000 ) ) ;
#1426 = EDGE_CURVE ( 'NONE', #4443, #6025, #1740, .T. ) ;
#1427 = VERTEX_POINT ( 'NONE', #3617 ) ;
#1428 = DIRECTION ( 'NONE',  ( 1.000000000000000000, 0.000000000000000000, 1.850371707708593823E-16 ) ) ;
#1429 = CYLINDRICAL_SURFACE ( 'NONE', #2254, 2.500000000000002220 ) ;
#1430 = CARTESIAN_POINT ( 'NONE',  ( 0.000000000000000000, 0.000000000000000000, -27.00000000000000000 ) ) ;
#1431 = EDGE_CURVE ( 'NONE', #395, #6965, #6764, .T. ) ;
#1432 = CARTESIAN_POINT ( 'NONE',  ( -28.50000000000000000, 28.00000000000000355, -33.00000000000000000 ) ) ;
#1433 = ORIENTED_EDGE ( 'NONE', *, *, #442, .F. ) ;
#1435 = CIRCLE ( 'NONE', #2491, 2.499999999999995115 ) ;
#1434 = AXIS2_PLACEMENT_3D ( 'NONE', #6448, #5829, #1534 ) ;
#1436 = ORIENTED_EDGE ( 'NONE', *, *, #4653, .T. ) ;
#1437 = CARTESIAN_POINT ( 'NONE',  ( 48.62500000000000000, -93.75000000000000000, 30.00000000000000711 ) ) ;
#1438 = EDGE_CURVE ( 'NONE', #6257, #6452, #8112, .T. ) ;
#1439 = DIRECTION ( 'NONE',  ( 0.000000000000000000, 0.000000000000000000, -1.000000000000000000 ) ) ;
#1440 = CIRCLE ( 'NONE', #1563, 3.100000000000047162 ) ;
#1441 = ORIENTED_EDGE ( 'NONE', *, *, #5477, .T. ) ;
#1442 = VECTOR ( 'NONE', #7652, 1000.000000000000000 ) ;
#1443 = DIRECTION ( 'NONE',  ( 0.000000000000000000, 0.000000000000000000, 1.000000000000000000 ) ) ;
#1444 = ORIENTED_EDGE ( 'NONE', *, *, #7770, .T. ) ;
#1445 = CARTESIAN_POINT ( 'NONE',  ( 13.68732489781243267, -39.70714214271438181, -27.00000000000000000 ) ) ;
#1446 = DIRECTION ( 'NONE',  ( -0.9063077870366498257, -0.4226182617406994968, 0.000000000000000000 ) ) ;
#1447 = ADVANCED_FACE ( 'NONE', ( #5764 ), #5493, .F. ) ;
#1448 = AXIS2_PLACEMENT_3D ( 'NONE', #1849, #5023, #7515 ) ;
#1449 = CARTESIAN_POINT ( 'NONE',  ( 15.99999999999974420, -27.71281292110218430, -2.309401076758512694 ) ) ;
#1450 = CARTESIAN_POINT ( 'NONE',  ( -27.54373135836418740, -31.70714214271393772, -21.22649730810378088 ) ) ;
#1451 = DIRECTION ( 'NONE',  ( -1.000000000000000000, 0.000000000000000000, 0.000000000000000000 ) ) ;
#1452 = DIRECTION ( 'NONE',  ( 0.000000000000000000, 0.000000000000000000, -1.000000000000000000 ) ) ;
#1453 = CARTESIAN_POINT ( 'NONE',  ( -20.12802137143300740, -36.86275567115318808, -26.42264973081038804 ) ) ;
#1454 = EDGE_CURVE ( 'NONE', #1011, #2329, #6105, .T. ) ;
#1455 = FACE_OUTER_BOUND ( 'NONE', #7561, .T. ) ;
#1456 = VERTEX_POINT ( 'NONE', #8033 ) ;
#1457 = CARTESIAN_POINT ( 'NONE',  ( -10.60660171779819372, -10.60660171779822569, -31.99999999999998579 ) ) ;
#1458 =( BOUNDED_CURVE ( )  B_SPLINE_CURVE ( 3, ( #6150, #6645, #2408, #6681 ),
 .UNSPECIFIED., .F., .F. ) 
 B_SPLINE_CURVE_WITH_KNOTS ( ( 4, 4 ),
 ( 4.524620905311397934, 4.685719152212409533 ),
 .UNSPECIFIED. ) 
 CURVE ( )  GEOMETRIC_REPRESENTATION_ITEM ( )  RATIONAL_B_SPLINE_CURVE ( ( 1.000000000000000000, 0.9978384486574995993, 0.9978384486574995993, 1.000000000000000000 ) ) 
 REPRESENTATION_ITEM ( '' )  );
#1459 = CARTESIAN_POINT ( 'NONE',  ( 19.47915921875079803, 32.04427698508378342, -26.51080636228722653 ) ) ;
#1460 = EDGE_LOOP ( 'NONE', ( #4767, #1043 ) ) ;
#1461 = CARTESIAN_POINT ( 'NONE',  ( 0.000000000000000000, 0.000000000000000000, -27.00000000000000000 ) ) ;
#1462 = ORIENTED_EDGE ( 'NONE', *, *, #2542, .F. ) ;
#1463 = EDGE_CURVE ( 'NONE', #6570, #7760, #1319, .T. ) ;
#1464 = VERTEX_POINT ( 'NONE', #3661 ) ;
#1465 = EDGE_CURVE ( 'NONE', #4445, #2633, #2915, .T. ) ;
#1466 = CARTESIAN_POINT ( 'NONE',  ( -13.28561524219480461, 28.49109383011402841, -33.00000000000000000 ) ) ;
#1467 = EDGE_CURVE ( 'NONE', #6353, #7607, #3704, .T. ) ;
#1468 = ORIENTED_EDGE ( 'NONE', *, *, #1788, .F. ) ;
#1469 = AXIS2_PLACEMENT_3D ( 'NONE', #3593, #5345, #3640 ) ;
#1470 = EDGE_LOOP ( 'NONE', ( #6818, #2714, #7705, #3223 ) ) ;
#1471 = CARTESIAN_POINT ( 'NONE',  ( 37.21717700014589525, -5.019524289853174892, -24.10197630004942937 ) ) ;
#1472 = AXIS2_PLACEMENT_3D ( 'NONE', #7333, #1620, #2907 ) ;
#1473 = VERTEX_POINT ( 'NONE', #2358 ) ;
#1474 = DIRECTION ( 'NONE',  ( -0.000000000000000000, -0.000000000000000000, 1.000000000000000000 ) ) ;
#1475 = DIRECTION ( 'NONE',  ( -1.000000000000000000, 0.000000000000000000, 0.000000000000000000 ) ) ;
#1476 = CARTESIAN_POINT ( 'NONE',  ( 41.99472178108091214, 0.6866917035547555059, -0.4229527684975843971 ) ) ;
#1477 = EDGE_LOOP ( 'NONE', ( #961, #6759 ) ) ;
#1478 = ORIENTED_EDGE ( 'NONE', *, *, #5892, .T. ) ;
#1479 = LINE ( 'NONE', #2060, #5852 ) ;
#1480 = AXIS2_PLACEMENT_3D ( 'NONE', #3246, #4436, #5776 ) ;
#1481 = TOROIDAL_SURFACE ( 'NONE', #432, 67.26437827766147848, 10.00000000000000000 ) ;
#1482 = CARTESIAN_POINT ( 'NONE',  ( -11.41273480026272757, 35.72116533193566568, -21.57679307250215217 ) ) ;
#1483 = VERTEX_POINT ( 'NONE', #2403 ) ;
#1484 = CARTESIAN_POINT ( 'NONE',  ( -24.59929818385431233, 28.30456249885801867, -4.128825702922128471 ) ) ;
#1485 = ORIENTED_EDGE ( 'NONE', *, *, #1301, .T. ) ;
#1486 = DIRECTION ( 'NONE',  ( 0.5000000000000039968, 0.8660254037844363761, -1.232595164407831220E-32 ) ) ;
#1487 =( BOUNDED_CURVE ( )  B_SPLINE_CURVE ( 3, ( #3883, #7556, #732, #612 ),
 .UNSPECIFIED., .F., .F. ) 
 B_SPLINE_CURVE_WITH_KNOTS ( ( 4, 4 ),
 ( 1.594608100755565694, 1.738244406014585852 ),
 .UNSPECIFIED. ) 
 CURVE ( )  GEOMETRIC_REPRESENTATION_ITEM ( )  RATIONAL_B_SPLINE_CURVE ( ( 1.000000000000000000, 0.9982814565068700574, 0.9982814565068700574, 1.000000000000000000 ) ) 
 REPRESENTATION_ITEM ( '' )  );
#1488 = DIRECTION ( 'NONE',  ( 1.000000000000000000, 0.000000000000000000, 0.000000000000000000 ) ) ;
#1489 = DIRECTION ( 'NONE',  ( 1.000000000000000000, 0.000000000000000000, 0.000000000000000000 ) ) ;
#1490 = ADVANCED_FACE ( 'NONE', ( #3122 ), #6192, .F. ) ;
#1491 = EDGE_CURVE ( 'NONE', #3092, #4685, #5571, .T. ) ;
#1492 = CARTESIAN_POINT ( 'NONE',  ( 41.31869376425004958, -7.535321632145620008, -4.480131989721543917 ) ) ;
#1493 = DIRECTION ( 'NONE',  ( -0.000000000000000000, -0.000000000000000000, 1.000000000000000000 ) ) ;
#1494 = VECTOR ( 'NONE', #942, 999.9999999999998863 ) ;
#1495 = CARTESIAN_POINT ( 'NONE',  ( 55.07164995601809920, -5.788263653446511725, 10.00000000000000000 ) ) ;
#1496 = CYLINDRICAL_SURFACE ( 'NONE', #6440, 2.000000000000000000 ) ;
#1497 = EDGE_CURVE ( 'NONE', #7137, #4913, #7778, .T. ) ;
#1498 = CARTESIAN_POINT ( 'NONE',  ( -18.36155911386094886, -37.82728991241893368, -25.26098155010566870 ) ) ;
#1499 = CARTESIAN_POINT ( 'NONE',  ( -13.70956224191978379, 39.69949675223443109, -5.423601157605925316 ) ) ;
#1500 = AXIS2_PLACEMENT_3D ( 'NONE', #6388, #741, #6955 ) ;
#1501 = ORIENTED_EDGE ( 'NONE', *, *, #1542, .T. ) ;
#1502 = AXIS2_PLACEMENT_3D ( 'NONE', #2547, #8101, #1233 ) ;
#1503 = FACE_BOUND ( 'NONE', #2673, .T. ) ;
#1504 = DIRECTION ( 'NONE',  ( -0.000000000000000000, -0.000000000000000000, -1.000000000000000000 ) ) ;
#1505 = VERTEX_POINT ( 'NONE', #4963 ) ;
#1506 = CARTESIAN_POINT ( 'NONE',  ( 25.99999999999999645, -27.99999999999999645, -28.00000000000000000 ) ) ;
#1507 = VERTEX_POINT ( 'NONE', #6852 ) ;
#1508 = VERTEX_POINT ( 'NONE', #1206 ) ;
#1509 = CARTESIAN_POINT ( 'NONE',  ( 25.24656833199763284, -27.72833906778000213, -21.22649730810378088 ) ) ;
#1510 = VERTEX_POINT ( 'NONE', #6236 ) ;
#1511 = LOCAL_TIME ( 15, 33, 8.000000000000000000, #2258 ) ;
#1512 = DIRECTION ( 'NONE',  ( -0.000000000000000000, -0.000000000000000000, -1.000000000000000000 ) ) ;
#1513 = EDGE_CURVE ( 'NONE', #5096, #1834, #1412, .T. ) ;
#1514 = CARTESIAN_POINT ( 'NONE',  ( -11.47299966812150451, 29.33633035359542873, -33.00000000000000000 ) ) ;
#1515 = DIRECTION ( 'NONE',  ( -0.000000000000000000, -0.000000000000000000, -1.000000000000000000 ) ) ;
#1516 = CARTESIAN_POINT ( 'NONE',  ( -41.31869376425006379, -7.535321632145588922, -22.51986801027856089 ) ) ;
#1517 = ORIENTED_EDGE ( 'NONE', *, *, #1336, .T. ) ;
#1518 = VERTEX_POINT ( 'NONE', #5804 ) ;
#1519 = CARTESIAN_POINT ( 'NONE',  ( -41.26607514986292102, 7.817857766815087928, -22.07833224324910759 ) ) ;
#1520 = CARTESIAN_POINT ( 'NONE',  ( 36.81207553644252783, 7.151566003788086157, -22.87104144258560368 ) ) ;
#1521 = ORIENTED_EDGE ( 'NONE', *, *, #1187, .T. ) ;
#1522 = CARTESIAN_POINT ( 'NONE',  ( -8.506601717798194073, -10.60660171779822569, -31.99999999999998579 ) ) ;
#1523 = ORIENTED_EDGE ( 'NONE', *, *, #7619, .F. ) ;
#1524 = CARTESIAN_POINT ( 'NONE',  ( 12.35825919329724698, -35.40513281589669248, -4.041451884327432964 ) ) ;
#1525 = CARTESIAN_POINT ( 'NONE',  ( -21.32768608023849666, 30.91025225421843459, -1.740821810273196935 ) ) ;
#1526 = CARTESIAN_POINT ( 'NONE',  ( 41.29869021987433086, -7.643692469931703037, -4.620909379580027121 ) ) ;
#1527 = CYLINDRICAL_SURFACE ( 'NONE', #7738, 2.500000000000002220 ) ;
#1528 = DIRECTION ( 'NONE',  ( 1.000000000000000000, 0.000000000000000000, 0.000000000000000000 ) ) ;
#1529 = B_SPLINE_CURVE_WITH_KNOTS ( 'NONE', 3,
 ( #5087, #7580, #718, #3871, #3249, #4357, #4967, #2447, #1950, #4472 ),
 .UNSPECIFIED., .F., .F.,
 ( 4, 2, 2, 2, 4 ),
 ( 2.012560777871901809E-17, 0.0005215650838677055165, 0.001043130167735390867, 0.001564695251603076325, 0.002086260335470761351 ),
 .UNSPECIFIED. ) ;
#1530 = DIRECTION ( 'NONE',  ( 0.000000000000000000, 0.000000000000000000, 1.000000000000000000 ) ) ;
#1531 = DIRECTION ( 'NONE',  ( -0.000000000000000000, -0.000000000000000000, -1.000000000000000000 ) ) ;
#1532 = CARTESIAN_POINT ( 'NONE',  ( -33.50000000000000711, 0.000000000000000000, -33.00000000000000000 ) ) ;
#1533 = ORIENTED_EDGE ( 'NONE', *, *, #2743, .T. ) ;
#1534 = DIRECTION ( 'NONE',  ( -1.000000000000000000, 0.000000000000000000, -0.000000000000000000 ) ) ;
#1535 = EDGE_CURVE ( 'NONE', #7607, #1340, #3780, .T. ) ;
#1536 = DIRECTION ( 'NONE',  ( 0.000000000000000000, 0.000000000000000000, -1.000000000000000000 ) ) ;
#1537 = ORIENTED_EDGE ( 'NONE', *, *, #937, .F. ) ;
#1538 = CARTESIAN_POINT ( 'NONE',  ( 37.43290672965761701, -3.015191822317172310, -1.740821810273199155 ) ) ;
#1539 = CARTESIAN_POINT ( 'NONE',  ( 37.21717700014589525, 5.019524289853182886, -2.898023699950642573 ) ) ;
#1540 = ORIENTED_EDGE ( 'NONE', *, *, #5974, .F. ) ;
#1541 = FACE_BOUND ( 'NONE', #5091, .T. ) ;
#1542 = EDGE_CURVE ( 'NONE', #1637, #2503, #2093, .T. ) ;
#1543 = DIRECTION ( 'NONE',  ( -1.000000000000000000, 0.000000000000000000, 0.000000000000000000 ) ) ;
#1544 = AXIS2_PLACEMENT_3D ( 'NONE', #4924, #1780, #2898 ) ;
#1545 = ORIENTED_EDGE ( 'NONE', *, *, #2017, .T. ) ;
#1546 = DIRECTION ( 'NONE',  ( 0.000000000000000000, 0.000000000000000000, -1.000000000000000000 ) ) ;
#1547 = CARTESIAN_POINT ( 'NONE',  ( -24.97559631845939165, -27.97279980763515184, -4.620052199772977097 ) ) ;
#1548 = CARTESIAN_POINT ( 'NONE',  ( 36.64180403037164524, 7.976864402285498201, -5.423206927497944640 ) ) ;
#1549 = B_SPLINE_CURVE_WITH_KNOTS ( 'NONE', 3,
 ( #7187, #4043, #931, #3470, #4659, #6537, #892, #3429, #6248, #602 ),
 .UNSPECIFIED., .F., .F.,
 ( 4, 2, 2, 2, 4 ),
 ( 0.000000000000000000, 0.0005238988965804987179, 0.001047797793160997436, 0.001571696689741496154, 0.002095595586321994871 ),
 .UNSPECIFIED. ) ;
#1550 = CARTESIAN_POINT ( 'NONE',  ( -41.36267749533295301, -7.290023107016486037, -22.76463276076776054 ) ) ;
#1551 = ORIENTED_EDGE ( 'NONE', *, *, #7623, .T. ) ;
#1552 = ORIENTED_EDGE ( 'NONE', *, *, #1587, .F. ) ;
#1553 = EDGE_CURVE ( 'NONE', #6430, #6331, #284, .T. ) ;
#1554 = LINE ( 'NONE', #5767, #4025 ) ;
#1555 = CARTESIAN_POINT ( 'NONE',  ( 36.78505132425836166, 7.288743128762971146, -22.76577088639732338 ) ) ;
#1556 = EDGE_LOOP ( 'NONE', ( #7109, #4899, #2094, #2355 ) ) ;
#1557 = CYLINDRICAL_SURFACE ( 'NONE', #3419, 33.50000000000000711 ) ;
#1558 = VERTEX_POINT ( 'NONE', #2175 ) ;
#1559 = FACE_OUTER_BOUND ( 'NONE', #1223, .T. ) ;
#1560 = CARTESIAN_POINT ( 'NONE',  ( 11.57283067170389401, -36.04473071078328417, -21.20120110609919450 ) ) ;
#1561 = AXIS2_PLACEMENT_3D ( 'NONE', #4815, #6070, #7378 ) ;
#1562 = EDGE_CURVE ( 'NONE', #8030, #1903, #698, .T. ) ;
#1563 = AXIS2_PLACEMENT_3D ( 'NONE', #1167, #1665, #7418 ) ;
#1564 = AXIS2_PLACEMENT_3D ( 'NONE', #1948, #4471, #5738 ) ;
#1565 = DIRECTION ( 'NONE',  ( -1.000000000000000000, 0.000000000000000000, 0.000000000000000000 ) ) ;
#1566 = FACE_OUTER_BOUND ( 'NONE', #4588, .T. ) ;
#1567 = DIRECTION ( 'NONE',  ( 0.000000000000000000, -0.000000000000000000, -1.000000000000000000 ) ) ;
#1568 = AXIS2_PLACEMENT_3D ( 'NONE', #3556, #7970, #6045 ) ;
#1569 = AXIS2_PLACEMENT_3D ( 'NONE', #6591, #5781, #144 ) ;
#1570 = CARTESIAN_POINT ( 'NONE',  ( 37.43290672965760990, 3.015191822317159431, -1.740821810273196268 ) ) ;
#1571 = DIRECTION ( 'NONE',  ( 0.000000000000000000, 0.000000000000000000, 1.000000000000000000 ) ) ;
#1572 = CYLINDRICAL_SURFACE ( 'NONE', #7514, 2.000000000000000000 ) ;
#1573 = ORIENTED_EDGE ( 'NONE', *, *, #7226, .F. ) ;
#1574 = CARTESIAN_POINT ( 'NONE',  ( -12.35825919329751521, 35.40513281589659300, -22.95854811567266296 ) ) ;
#1575 = DIRECTION ( 'NONE',  ( -1.000000000000000000, 0.000000000000000000, 0.000000000000000000 ) ) ;
#1576 = VERTEX_POINT ( 'NONE', #3926 ) ;
#1577 = EDGE_CURVE ( 'NONE', #4630, #7682, #5269, .T. ) ;
#1578 = LINE ( 'NONE', #2201, #6035 ) ;
#1579 = DIRECTION ( 'NONE',  ( 0.8660254037844397068, 0.4999999999999983902, 0.000000000000000000 ) ) ;
#1580 = VERTEX_POINT ( 'NONE', #1432 ) ;
#1581 = CARTESIAN_POINT ( 'NONE',  ( -27.54373135836372199, 31.70714214271432851, -5.773502691896314154 ) ) ;
#1582 = CARTESIAN_POINT ( 'NONE',  ( -11.56796028560072465, 35.67128025977537220, -4.920889453260008040 ) ) ;
#1583 = EDGE_LOOP ( 'NONE', ( #6299, #2409, #152, #3670 ) ) ;
#1584 = ADVANCED_FACE ( 'NONE', ( #328 ), #3314, .F. ) ;
#1585 = EDGE_CURVE ( 'NONE', #733, #4685, #5433, .T. ) ;
#1586 = CARTESIAN_POINT ( 'NONE',  ( 20.12802137143221870, -36.86275567115362151, -0.5773502691896498229 ) ) ;
#1587 = EDGE_CURVE ( 'NONE', #4968, #6583, #6216, .T. ) ;
#1588 = VERTEX_POINT ( 'NONE', #5347 ) ;
#1589 = CARTESIAN_POINT ( 'NONE',  ( 7.506601717798221607, -10.60660171779815997, -33.00000000000000000 ) ) ;
#1590 = AXIS2_PLACEMENT_3D ( 'NONE', #6043, #3001, #7272 ) ;
#1591 = CARTESIAN_POINT ( 'NONE',  ( 13.68732489781299222, 39.70714214271418285, -21.22649730810378443 ) ) ;
#1592 = VERTEX_POINT ( 'NONE', #1394 ) ;
#1593 = EDGE_CURVE ( 'NONE', #7263, #1939, #8093, .T. ) ;
#1594 = CARTESIAN_POINT ( 'NONE',  ( 12.20144409149434139, 31.19895450303003770, -27.00000000000000000 ) ) ;
#1595 = VERTEX_POINT ( 'NONE', #5882 ) ;
#1596 = CYLINDRICAL_SURFACE ( 'NONE', #3106, 1.374999999999999556 ) ;
#1597 = CARTESIAN_POINT ( 'NONE',  ( 25.10827477679438502, -27.85376940363011755, -4.920959955220063797 ) ) ;
#1598 = AXIS2_PLACEMENT_3D ( 'NONE', #6024, #2316, #1699 ) ;
#1599 = ORIENTED_EDGE ( 'NONE', *, *, #7446, .T. ) ;
#1600 = CARTESIAN_POINT ( 'NONE',  ( 11.56796028560098044, 35.67128025977529404, -22.07911054674007900 ) ) ;
#1601 = ORIENTED_EDGE ( 'NONE', *, *, #8029, .F. ) ;
#1602 = DIRECTION ( 'NONE',  ( -0.8944271909999184089, 0.000000000000000000, 0.4472135954999527652 ) ) ;
#1603 = FACE_OUTER_BOUND ( 'NONE', #4702, .T. ) ;
#1604 = CARTESIAN_POINT ( 'NONE',  ( -21.72965156016419641, -35.94225330283448017, -0.4891909702452214015 ) ) ;
#1605 = AXIS2_PLACEMENT_3D ( 'NONE', #4026, #189, #954 ) ;
#1606 = FACE_OUTER_BOUND ( 'NONE', #6705, .T. ) ;
#1607 = VECTOR ( 'NONE', #7329, 1000.000000000000000 ) ;
#1608 = CARTESIAN_POINT ( 'NONE',  ( 21.86007217900164079, 35.86275567115330887, -0.5773502691896462702 ) ) ;
#1609 = CARTESIAN_POINT ( 'NONE',  ( 0.000000000000000000, 0.000000000000000000, -27.00000000000000000 ) ) ;
#1610 = VECTOR ( 'NONE', #52, 1000.000000000000000 ) ;
#1611 = EDGE_CURVE ( 'NONE', #6331, #1510, #2293, .T. ) ;
#1612 = DIRECTION ( 'NONE',  ( 0.000000000000000000, 0.000000000000000000, -1.000000000000000000 ) ) ;
#1613 = ADVANCED_FACE ( 'NONE', ( #5307 ), #7802, .F. ) ;
#1614 = DIRECTION ( 'NONE',  ( 1.000000000000000000, 0.000000000000000000, 0.000000000000000000 ) ) ;
#1615 = CIRCLE ( 'NONE', #6226, 4.000000000000000000 ) ;
#1616 = CARTESIAN_POINT ( 'NONE',  ( -4.813102282579023949, -9.878341828825144333, -33.00000000000000000 ) ) ;
#1617 = CARTESIAN_POINT ( 'NONE',  ( -13.68732489781270090, 39.70714214271428233, -5.596540400861466757 ) ) ;
#1618 = ORIENTED_EDGE ( 'NONE', *, *, #4370, .T. ) ;
#1619 = AXIS2_PLACEMENT_3D ( 'NONE', #1990, #4512, #3910 ) ;
#1620 = DIRECTION ( 'NONE',  ( -0.000000000000000000, -0.000000000000000000, -1.000000000000000000 ) ) ;
#1621 = CARTESIAN_POINT ( 'NONE',  ( -13.28561524219480461, 28.49109383011402841, -27.00000000000000000 ) ) ;
#1622 = DIRECTION ( 'NONE',  ( 0.000000000000000000, 0.000000000000000000, -1.000000000000000000 ) ) ;
#1623 = ORIENTED_EDGE ( 'NONE', *, *, #1491, .T. ) ;
#1624 = DIRECTION ( 'NONE',  ( -1.000000000000000000, 0.000000000000000000, 0.000000000000000000 ) ) ;
#1625 = DIRECTION ( 'NONE',  ( -1.000000000000000000, 0.000000000000000000, 0.000000000000000000 ) ) ;
#1626 = ORIENTED_EDGE ( 'NONE', *, *, #5395, .F. ) ;
#1627 = DIRECTION ( 'NONE',  ( 0.000000000000000000, 0.000000000000000000, 1.000000000000000000 ) ) ;
#1628 = AXIS2_PLACEMENT_3D ( 'NONE', #2631, #778, #2592 ) ;
#1629 = PLANE ( 'NONE',  #1767 ) ;
#1630 = ORIENTED_EDGE ( 'NONE', *, *, #937, .T. ) ;
#1631 = DIRECTION ( 'NONE',  ( 1.000000000000000000, 0.000000000000000000, 0.000000000000000000 ) ) ;
#1632 = ORIENTED_EDGE ( 'NONE', *, *, #4881, .F. ) ;
#1633 = DIRECTION ( 'NONE',  ( 0.000000000000000000, 0.000000000000000000, 1.000000000000000000 ) ) ;
#1634 = B_SPLINE_CURVE_WITH_KNOTS ( 'NONE', 3,
 ( #6554, #5284, #3983, #7775, #6442, #910, #7818, #2189, #6479, #7204 ),
 .UNSPECIFIED., .F., .F.,
 ( 4, 2, 2, 2, 4 ),
 ( 3.469446951953613804E-18, 0.0005215650838676764598, 0.001043130167735349450, 0.001564695251603022332, 0.002086260335470695431 ),
 .UNSPECIFIED. ) ;
#1635 = CIRCLE ( 'NONE', #1374, 1.374999999999999556 ) ;
#1636 = CYLINDRICAL_SURFACE ( 'NONE', #794, 2.500000000000000444 ) ;
#1637 = VERTEX_POINT ( 'NONE', #3471 ) ;
#1638 = EDGE_CURVE ( 'NONE', #434, #5096, #7101, .T. ) ;
#1639 = ADVANCED_FACE ( 'NONE', ( #408 ), #6786, .F. ) ;
#1640 = DIRECTION ( 'NONE',  ( 0.8660254037844362651, -0.5000000000000041078, 0.000000000000000000 ) ) ;
#1641 = ORIENTED_EDGE ( 'NONE', *, *, #745, .T. ) ;
#1642 = CYLINDRICAL_SURFACE ( 'NONE', #7673, 2.099999999999999645 ) ;
#1643 = CARTESIAN_POINT ( 'NONE',  ( 36.66142631260765938, 7.886188508877478576, -21.91408198399143359 ) ) ;
#1644 = VECTOR ( 'NONE', #4701, 1000.000000000000000 ) ;
#1645 = EDGE_LOOP ( 'NONE', ( #5470, #5864, #6033, #3693 ) ) ;
#1646 = EDGE_CURVE ( 'NONE', #8067, #514, #6875, .T. ) ;
#1647 = EDGE_LOOP ( 'NONE', ( #1731, #5620, #5453, #5539 ) ) ;
#1648 = DIRECTION ( 'NONE',  ( 1.000000000000000000, 0.000000000000000000, 0.000000000000000000 ) ) ;
#1649 = DIRECTION ( 'NONE',  ( 0.000000000000000000, 0.000000000000000000, -1.000000000000000000 ) ) ;
#1650 = FACE_OUTER_BOUND ( 'NONE', #2529, .T. ) ;
#1651 = EDGE_CURVE ( 'NONE', #819, #2011, #5474, .T. ) ;
#1652 = CARTESIAN_POINT ( 'NONE',  ( -25.24656833199820838, -27.72833906777948698, -21.22649730810378088 ) ) ;
#1653 = VECTOR ( 'NONE', #4116, 1000.000000000000114 ) ;
#1654 = CARTESIAN_POINT ( 'NONE',  ( -41.99999999999999289, 0.1737749980794832116, -0.3094010767585115285 ) ) ;
#1655 = DIRECTION ( 'NONE',  ( -1.000000000000000000, 0.000000000000000000, 0.000000000000000000 ) ) ;
#1656 = LINE ( 'NONE', #994, #126 ) ;
#1657 = CARTESIAN_POINT ( 'NONE',  ( 31.19895450303003415, -12.20144409149435205, -33.00000000000000000 ) ) ;
#1658 = CARTESIAN_POINT ( 'NONE',  ( -11.66424628795618190, -36.19382835924021435, -21.39258857333197383 ) ) ;
#1659 = PLANE ( 'NONE',  #1598 ) ;
#1660 = ORIENTED_EDGE ( 'NONE', *, *, #4220, .F. ) ;
#1661 = ADVANCED_FACE ( 'NONE', ( #4825 ), #3679, .F. ) ;
#1662 =( BOUNDED_CURVE ( )  B_SPLINE_CURVE ( 3, ( #5526, #1066, #7288, #379 ),
 .UNSPECIFIED., .F., .F. ) 
 B_SPLINE_CURVE_WITH_KNOTS ( ( 4, 4 ),
 ( 4.524620905311397934, 4.685719152212409533 ),
 .UNSPECIFIED. ) 
 CURVE ( )  GEOMETRIC_REPRESENTATION_ITEM ( )  RATIONAL_B_SPLINE_CURVE ( ( 1.000000000000000000, 0.9978384486574995993, 0.9978384486574995993, 1.000000000000000000 ) ) 
 REPRESENTATION_ITEM ( '' )  );
#1663 = DIRECTION ( 'NONE',  ( 0.000000000000000000, 0.000000000000000000, 1.000000000000000000 ) ) ;
#1664 = CARTESIAN_POINT ( 'NONE',  ( -42.00000000000000000, 5.143516556418883322E-15, -27.00000000000000000 ) ) ;
#1665 = DIRECTION ( 'NONE',  ( -0.000000000000000000, -0.000000000000000000, 1.000000000000000000 ) ) ;
#1666 = ORIENTED_EDGE ( 'NONE', *, *, #4219, .F. ) ;
#1667 = CYLINDRICAL_SURFACE ( 'NONE', #3423, 2.000000000000000444 ) ;
#1668 = CARTESIAN_POINT ( 'NONE',  ( -15.99999999999993783, 27.71281292110207062, -2.309401076758511806 ) ) ;
#1669 = ORIENTED_EDGE ( 'NONE', *, *, #6820, .T. ) ;
#1670 = DIRECTION ( 'NONE',  ( -1.000000000000000000, 0.000000000000000000, 0.000000000000000000 ) ) ;
#1671 = CARTESIAN_POINT ( 'NONE',  ( 32.54860834569546313, -44.79931606351289730, 12.50000000000000000 ) ) ;
#1672 = ORIENTED_EDGE ( 'NONE', *, *, #7573, .T. ) ;
#1673 = DIRECTION ( 'NONE',  ( 0.5000000000000041078, 0.8660254037844363761, 8.673617379884372895E-18 ) ) ;
#1674 = CARTESIAN_POINT ( 'NONE',  ( 25.02304161032249397, 50.58757971695901290, 10.00000000000000000 ) ) ;
#1675 = ORIENTED_EDGE ( 'NONE', *, *, #4321, .F. ) ;
#1676 = CARTESIAN_POINT ( 'NONE',  ( -90.00000000000001421, -93.75000000000000000, 30.00000000000000711 ) ) ;
#1677 = DIRECTION ( 'NONE',  ( 2.168404344971008868E-16, -0.000000000000000000, -1.000000000000000000 ) ) ;
#1678 = VERTEX_POINT ( 'NONE', #6167 ) ;
#1679 = B_SPLINE_CURVE_WITH_KNOTS ( 'NONE', 3,
 ( #6131, #1730, #340, #4255, #6750, #1108 ),
 .UNSPECIFIED., .F., .F.,
 ( 4, 2, 4 ),
 ( 0.001042522117511585468, 0.001564419241671647590, 0.002086316365831709495 ),
 .UNSPECIFIED. ) ;
#1680 = AXIS2_PLACEMENT_3D ( 'NONE', #4433, #6927, #5003 ) ;
#1681 = DIRECTION ( 'NONE',  ( -1.000000000000000000, 0.000000000000000000, 0.000000000000000000 ) ) ;
#1682 = ORIENTED_EDGE ( 'NONE', *, *, #5222, .F. ) ;
#1683 = ORIENTED_EDGE ( 'NONE', *, *, #7322, .T. ) ;
#1684 = EDGE_CURVE ( 'NONE', #4748, #2088, #5553, .T. ) ;
#1685 = DIRECTION ( 'NONE',  ( -0.000000000000000000, -0.000000000000000000, 1.000000000000000000 ) ) ;
#1686 = CARTESIAN_POINT ( 'NONE',  ( -52.66475458984394464, 17.11181606351326678, 0.000000000000000000 ) ) ;
#1687 = CARTESIAN_POINT ( 'NONE',  ( 11.58534352633563635, -36.06640361075318424, -21.22649730810378088 ) ) ;
#1688 = VECTOR ( 'NONE', #33, 1000.000000000000000 ) ;
#1689 = DIRECTION ( 'NONE',  ( 0.5000000000000101030, 0.8660254037844328234, -2.775557561562892584E-17 ) ) ;
#1690 = B_SPLINE_CURVE_WITH_KNOTS ( 'NONE', 3,
 ( #3046, #5547, #3090, #8045, #1841, #1221 ),
 .UNSPECIFIED., .F., .F.,
 ( 4, 2, 4 ),
 ( 0.000000000000000000, 0.001380125357076329284, 0.002760250714152658567 ),
 .UNSPECIFIED. ) ;
#1691 = ADVANCED_FACE ( 'NONE', ( #6002 ), #2255, .F. ) ;
#1692 = CARTESIAN_POINT ( 'NONE',  ( 10.60660171779826833, -10.60660171779815997, -33.00000000000000000 ) ) ;
#1693 = ORIENTED_EDGE ( 'NONE', *, *, #1513, .F. ) ;
#1694 = EDGE_CURVE ( 'NONE', #1427, #7377, #7882, .T. ) ;
#1695 = DIRECTION ( 'NONE',  ( -0.000000000000000000, -1.000000000000000000, 0.000000000000000000 ) ) ;
#1696 = CARTESIAN_POINT ( 'NONE',  ( -19.05181886497537036, -32.30025766529840325, -26.66759769568678351 ) ) ;
#1697 = CARTESIAN_POINT ( 'NONE',  ( 19.60935755151070126, -31.96440358300168327, -0.5773502691896312822 ) ) ;
#1698 = AXIS2_PLACEMENT_3D ( 'NONE', #3878, #4409, #6372 ) ;
#1699 = DIRECTION ( 'NONE',  ( 1.000000000000000000, 0.000000000000000000, -0.000000000000000000 ) ) ;
#1701 = CIRCLE ( 'NONE', #2095, 1.375000000000001332 ) ;
#1700 = VECTOR ( 'NONE', #2319, 1000.000000000000000 ) ;
#1702 = FACE_OUTER_BOUND ( 'NONE', #1293, .T. ) ;
#1703 = CARTESIAN_POINT ( 'NONE',  ( -95.54778280986008099, -87.50000000000001421, 110.0000000000000000 ) ) ;
#1704 = FACE_OUTER_BOUND ( 'NONE', #3523, .T. ) ;
#1705 = ORIENTED_EDGE ( 'NONE', *, *, #5365, .F. ) ;
#1706 = CARTESIAN_POINT ( 'NONE',  ( -21.32768608023893364, -30.91025225421813616, -1.740821810273198933 ) ) ;
#1707 = CIRCLE ( 'NONE', #3962, 33.50000000000000711 ) ;
#1708 = CARTESIAN_POINT ( 'NONE',  ( -37.50000000000000000, 0.1737786833020402988, -26.69059892324150596 ) ) ;
#1709 = VERTEX_POINT ( 'NONE', #2212 ) ;
#1710 = ADVANCED_FACE ( 'NONE', ( #6083 ), #4785, .F. ) ;
#1711 = CARTESIAN_POINT ( 'NONE',  ( -30.00000000000000000, -93.75000000000000000, 30.00000000000000711 ) ) ;
#1712 = LINE ( 'NONE', #4239, #2961 ) ;
#1713 = AXIS2_PLACEMENT_3D ( 'NONE', #7003, #7082, #5696 ) ;
#1714 = ORIENTED_EDGE ( 'NONE', *, *, #4300, .F. ) ;
#1715 = CARTESIAN_POINT ( 'NONE',  ( -19.60935755151094284, 31.96440358300153761, -26.42264973081038448 ) ) ;
#1716 = CARTESIAN_POINT ( 'NONE',  ( 30.00000000000001421, -93.75000000000000000, 6.123233995736766085E-15 ) ) ;
#1717 = EDGE_CURVE ( 'NONE', #7718, #5229, #6240, .T. ) ;
#1718 = ORIENTED_EDGE ( 'NONE', *, *, #5497, .T. ) ;
#1719 = DIRECTION ( 'NONE',  ( 0.000000000000000000, 0.000000000000000000, 1.000000000000000000 ) ) ;
#1720 = ADVANCED_FACE ( 'NONE', ( #2878 ), #1636, .F. ) ;
#1721 = CARTESIAN_POINT ( 'NONE',  ( 42.00000000000000000, 9.904476831186375158E-21, -26.69059892324151306 ) ) ;
#1722 = CARTESIAN_POINT ( 'NONE',  ( 13.79662393997524816, -39.66932426114968990, -21.91336164883026782 ) ) ;
#1723 = ORIENTED_EDGE ( 'NONE', *, *, #4516, .F. ) ;
#1724 = CARTESIAN_POINT ( 'NONE',  ( 100.0000000000000000, -100.0000000000000000, 110.0000000000000000 ) ) ;
#1725 = CARTESIAN_POINT ( 'NONE',  ( 52.66475458984417202, 17.11181606351258111, 10.00000000000000000 ) ) ;
#1726 =( BOUNDED_CURVE ( )  B_SPLINE_CURVE ( 3, ( #8071, #673, #4390, #6804 ),
 .UNSPECIFIED., .F., .F. ) 
 B_SPLINE_CURVE_WITH_KNOTS ( ( 4, 4 ),
 ( 1.570796326794897446, 3.141592653589793116 ),
 .UNSPECIFIED. ) 
 CURVE ( )  GEOMETRIC_REPRESENTATION_ITEM ( )  RATIONAL_B_SPLINE_CURVE ( ( 1.000000000000000000, 0.8047378541243652705, 0.8047378541243652705, 1.000000000000000000 ) ) 
 REPRESENTATION_ITEM ( '' )  );
#1727 = ORIENTED_EDGE ( 'NONE', *, *, #7120, .F. ) ;
#1728 = VERTEX_POINT ( 'NONE', #2923 ) ;
#1729 = DIRECTION ( 'NONE',  ( 0.5000000000000038858, 0.8660254037844363761, 5.327823758751943657E-17 ) ) ;
#1730 = CARTESIAN_POINT ( 'NONE',  ( 37.50000000000000711, 0.1739907356059563759, -26.69059892324150596 ) ) ;
#1731 = ORIENTED_EDGE ( 'NONE', *, *, #4278, .F. ) ;
#1732 = CARTESIAN_POINT ( 'NONE',  ( 41.94017357740407448, -3.012068310516719638, -1.739018449894389695 ) ) ;
#1733 = AXIS2_PLACEMENT_3D ( 'NONE', #4983, #7391, #6785 ) ;
#1734 = CYLINDRICAL_SURFACE ( 'NONE', #5655, 1.375000000000004663 ) ;
#1735 = ORIENTED_EDGE ( 'NONE', *, *, #3130, .T. ) ;
#1736 = CARTESIAN_POINT ( 'NONE',  ( 18.59885815293996458, -32.56321101559252185, -0.3094564873917372005 ) ) ;
#1737 = ORIENTED_EDGE ( 'NONE', *, *, #4474, .F. ) ;
#1738 = DIRECTION ( 'NONE',  ( 1.000000000000000000, 0.000000000000000000, 0.000000000000000000 ) ) ;
#1739 = DIRECTION ( 'NONE',  ( 1.000000000000000000, -0.000000000000000000, -0.000000000000000000 ) ) ;
#1740 = LINE ( 'NONE', #5534, #3217 ) ;
#1741 = FACE_OUTER_BOUND ( 'NONE', #7442, .T. ) ;
#1742 = EDGE_CURVE ( 'NONE', #760, #6841, #5397, .T. ) ;
#1743 = AXIS2_PLACEMENT_3D ( 'NONE', #7454, #6719, #4927 ) ;
#1744 = DIRECTION ( 'NONE',  ( 1.000000000000000000, 0.000000000000000000, 0.000000000000000000 ) ) ;
#1745 = FACE_OUTER_BOUND ( 'NONE', #4724, .T. ) ;
#1746 = AXIS2_PLACEMENT_3D ( 'NONE', #2247, #4773, #6075 ) ;
#1747 = CARTESIAN_POINT ( 'NONE',  ( 0.000000000000000000, 0.000000000000000000, 12.50000000000000000 ) ) ;
#1748 = ORIENTED_EDGE ( 'NONE', *, *, #1912, .F. ) ;
#1749 = CARTESIAN_POINT ( 'NONE',  ( 11.37500000000000888, -93.75000000000000000, 30.00000000000000711 ) ) ;
#1750 = ADVANCED_FACE ( 'NONE', ( #4864 ), #1054, .F. ) ;
#1751 = LINE ( 'NONE', #1879, #7927 ) ;
#1752 = VERTEX_POINT ( 'NONE', #6827 ) ;
#1753 = CARTESIAN_POINT ( 'NONE',  ( -11.84219530025320566, 35.58128985571028835, -4.479675845022191183 ) ) ;
#1754 = ORIENTED_EDGE ( 'NONE', *, *, #4271, .T. ) ;
#1755 = CARTESIAN_POINT ( 'NONE',  ( -19.47915965474903643, 32.04427671760982577, -26.51080606707490261 ) ) ;
#1756 = CARTESIAN_POINT ( 'NONE',  ( 36.63673020344474907, -8.000000000000001776, -21.22649730810378088 ) ) ;
#1757 = VECTOR ( 'NONE', #5357, 1000.000000000000114 ) ;
#1758 = CARTESIAN_POINT ( 'NONE',  ( 0.000000000000000000, 0.000000000000000000, -23.00000000000000000 ) ) ;
#1759 = ORIENTED_EDGE ( 'NONE', *, *, #861, .T. ) ;
#1760 = DIRECTION ( 'NONE',  ( -0.000000000000000000, -0.000000000000000000, -1.000000000000000000 ) ) ;
#1761 = DIRECTION ( 'NONE',  ( -0.000000000000000000, -0.000000000000000000, -1.000000000000000000 ) ) ;
#1762 = CYLINDRICAL_SURFACE ( 'NONE', #585, 1.374999999999999556 ) ;
#1763 = VERTEX_POINT ( 'NONE', #3769 ) ;
#1764 = DIRECTION ( 'NONE',  ( 1.000000000000000000, 0.000000000000000000, 0.000000000000000000 ) ) ;
#1765 = VECTOR ( 'NONE', #5640, 1000.000000000000000 ) ;
#1766 = EDGE_CURVE ( 'NONE', #7188, #434, #4452, .T. ) ;
#1767 = AXIS2_PLACEMENT_3D ( 'NONE', #4732, #1009, #7964 ) ;
#1768 = CARTESIAN_POINT ( 'NONE',  ( 10.60660171779811911, 10.60660171779830208, -27.00000000000000000 ) ) ;
#1769 = APPROVAL_PERSON_ORGANIZATION ( #4910, #5649, #7843 ) ;
#1770 = ORIENTED_EDGE ( 'NONE', *, *, #2299, .F. ) ;
#1771 = CARTESIAN_POINT ( 'NONE',  ( -12.35825919329798239, -35.40513281589642247, -4.041451884327440069 ) ) ;
#1772 = FACE_BOUND ( 'NONE', #3010, .T. ) ;
#1773 = EDGE_LOOP ( 'NONE', ( #5015, #3134 ) ) ;
#1774 = CARTESIAN_POINT ( 'NONE',  ( -37.50000000000000711, -1.000000000000009992, -0.5773502691896384986 ) ) ;
#1775 = CYLINDRICAL_SURFACE ( 'NONE', #6221, 2.500000000000000444 ) ;
#1776 = CARTESIAN_POINT ( 'NONE',  ( 0.000000000000000000, 0.000000000000000000, -23.00000000000000000 ) ) ;
#1777 = EDGE_LOOP ( 'NONE', ( #464, #6716 ) ) ;
#1778 = DIRECTION ( 'NONE',  ( 0.000000000000000000, 0.000000000000000000, -1.000000000000000000 ) ) ;
#1779 = ORIENTED_EDGE ( 'NONE', *, *, #6484, .F. ) ;
#1780 = DIRECTION ( 'NONE',  ( 0.000000000000000000, 0.000000000000000000, -1.000000000000000000 ) ) ;
#1781 = CONICAL_SURFACE ( 'NONE', #4950, 2.099999999999999645, 0.7853981633974648213 ) ;
#1782 = CARTESIAN_POINT ( 'NONE',  ( 10.50000000000000533, -36.00000000000000711, -19.87750100080081239 ) ) ;
#1783 = B_SPLINE_CURVE_WITH_KNOTS ( 'NONE', 3,
 ( #1005, #4726, #2203, #5416, #3585, #4192 ),
 .UNSPECIFIED., .F., .F.,
 ( 4, 2, 4 ),
 ( 0.000000000000000000, 0.001380125357076328416, 0.002760250714152656833 ),
 .UNSPECIFIED. ) ;
#1784 = CARTESIAN_POINT ( 'NONE',  ( 10.60660171779826833, -10.60660171779815997, -33.00000000000000000 ) ) ;
#1785 = DIRECTION ( 'NONE',  ( 0.000000000000000000, -1.000000000000000000, 0.000000000000000000 ) ) ;
#1786 = DIRECTION ( 'NONE',  ( 0.7071067811865592301, 8.659560562355075839E-17, -0.7071067811865359154 ) ) ;
#1787 = DIRECTION ( 'NONE',  ( 0.000000000000000000, 0.000000000000000000, 1.000000000000000000 ) ) ;
#1788 = EDGE_CURVE ( 'NONE', #4540, #5156, #6183, .T. ) ;
#1789 = ORIENTED_EDGE ( 'NONE', *, *, #4531, .F. ) ;
#1790 = FACE_OUTER_BOUND ( 'NONE', #7122, .T. ) ;
#1791 = LINE ( 'NONE', #5051, #2504 ) ;
#1792 = EDGE_LOOP ( 'NONE', ( #1846, #3716, #6317, #5059 ) ) ;
#1793 = ADVANCED_FACE ( 'NONE', ( #1347, #4984, #2584 ), #3261, .T. ) ;
#1794 = CARTESIAN_POINT ( 'NONE',  ( 11.58552036136182828, -40.37061971415611339, -21.20753778775212339 ) ) ;
#1795 = EDGE_LOOP ( 'NONE', ( #5606, #5766 ) ) ;
#1796 = ADVANCED_FACE ( 'NONE', ( #1803 ), #6947, .F. ) ;
#1797 = CARTESIAN_POINT ( 'NONE',  ( -18.01157830561224671, 32.89158522034187371, -26.51080636228724074 ) ) ;
#1798 = CARTESIAN_POINT ( 'NONE',  ( 24.48261484627984785, 28.40513281589646155, -22.95854811567265941 ) ) ;
#1799 = CARTESIAN_POINT ( 'NONE',  ( -50.00000000000000000, -93.75000000000000000, 30.00000000000000711 ) ) ;
#1800 = EDGE_CURVE ( 'NONE', #6876, #2001, #6280, .T. ) ;
#1801 = ORIENTED_EDGE ( 'NONE', *, *, #7931, .T. ) ;
#1802 = CARTESIAN_POINT ( 'NONE',  ( 0.000000000000000000, 55.37500000000000000, 10.00000000000000000 ) ) ;
#1803 = FACE_OUTER_BOUND ( 'NONE', #3174, .T. ) ;
#1804 = FACE_OUTER_BOUND ( 'NONE', #998, .T. ) ;
#1805 = ORIENTED_EDGE ( 'NONE', *, *, #1333, .T. ) ;
#1806 = CALENDAR_DATE ( 2026, 31, 8 ) ;
#1807 = DIRECTION ( 'NONE',  ( 0.000000000000000000, 0.000000000000000000, 1.000000000000000000 ) ) ;
#1808 = ORIENTED_EDGE ( 'NONE', *, *, #3424, .T. ) ;
#1809 = CARTESIAN_POINT ( 'NONE',  ( -20.69700349359314018, 36.54671656801789936, -0.3324020045413415003 ) ) ;
#1810 = LINE ( 'NONE', #5226, #4982 ) ;
#1811 = EDGE_CURVE ( 'NONE', #6342, #3432, #1487, .T. ) ;
#1812 = VERTEX_POINT ( 'NONE', #7594 ) ;
#1813 = CARTESIAN_POINT ( 'NONE',  ( -27.54373135836418029, -31.70714214271393772, -21.40372075205403490 ) ) ;
#1814 = EDGE_LOOP ( 'NONE', ( #3597, #8041 ) ) ;
#1815 = CARTESIAN_POINT ( 'NONE',  ( -25.10825474767933585, 27.85378760718752389, -22.07911054674007190 ) ) ;
#1816 = VECTOR ( 'NONE', #5685, 1000.000000000000000 ) ;
#1817 = DIRECTION ( 'NONE',  ( 0.8660254037844364872, -0.5000000000000037748, 0.000000000000000000 ) ) ;
#1818 = EDGE_LOOP ( 'NONE', ( #6606, #1126 ) ) ;
#1819 = CYLINDRICAL_SURFACE ( 'NONE', #2875, 33.50000000000000711 ) ;
#1820 = EDGE_LOOP ( 'NONE', ( #5810, #310, #2663, #517 ) ) ;
#1821 = VECTOR ( 'NONE', #4725, 1000.000000000000000 ) ;
#1822 = FACE_OUTER_BOUND ( 'NONE', #3819, .T. ) ;
#1823 = CARTESIAN_POINT ( 'NONE',  ( 11.94710176973222815, -36.00000000000000711, -22.35162694428538188 ) ) ;
#1824 = EDGE_CURVE ( 'NONE', #7725, #4045, #6845, .T. ) ;
#1825 = FACE_OUTER_BOUND ( 'NONE', #884, .T. ) ;
#1826 = DIRECTION ( 'NONE',  ( 0.000000000000000000, 0.000000000000000000, 1.000000000000000000 ) ) ;
#1827 = VECTOR ( 'NONE', #2698, 1000.000000000000000 ) ;
#1828 = CARTESIAN_POINT ( 'NONE',  ( 0.000000000000000000, 0.000000000000000000, 10.00000000000000000 ) ) ;
#1829 = CARTESIAN_POINT ( 'NONE',  ( 26.76845706733989516, 32.36432768085845879, -4.041451884327439181 ) ) ;
#1830 = CARTESIAN_POINT ( 'NONE',  ( 18.44693425444386392, -32.64948795801743842, -26.66759769568677640 ) ) ;
#1831 = ORIENTED_EDGE ( 'NONE', *, *, #5543, .F. ) ;
#1832 = CARTESIAN_POINT ( 'NONE',  ( 10.80384757729351897, 30.71281292110199956, -5.773502691896308825 ) ) ;
#1833 = DIRECTION ( 'NONE',  ( -0.000000000000000000, -0.000000000000000000, -1.000000000000000000 ) ) ;
#1834 = VERTEX_POINT ( 'NONE', #7434 ) ;
#1835 = CARTESIAN_POINT ( 'NONE',  ( 11.73724304340615454, -35.61593825799937463, -22.37976996195395429 ) ) ;
#1836 = CARTESIAN_POINT ( 'NONE',  ( 10.60660171779811911, 10.60660171779830208, -33.00000000000000000 ) ) ;
#1837 = AXIS2_PLACEMENT_3D ( 'NONE', #3500, #392, #5292 ) ;
#1838 = AXIS2_PLACEMENT_3D ( 'NONE', #1030, #4224, #6717 ) ;
#1839 = ORIENTED_EDGE ( 'NONE', *, *, #594, .F. ) ;
#1840 = CIRCLE ( 'NONE', #2752, 2.099999999999997868 ) ;
#1841 = CARTESIAN_POINT ( 'NONE',  ( 8.455965611805725146, -36.53716550773663840, -27.00000000000001066 ) ) ;
#1842 = CIRCLE ( 'NONE', #1713, 2.499999999999995115 ) ;
#1843 = CARTESIAN_POINT ( 'NONE',  ( 36.64180403037165945, -7.976864402285503530, -21.57679307250215217 ) ) ;
#1844 = ORIENTED_EDGE ( 'NONE', *, *, #7794, .F. ) ;
#1845 = LINE ( 'NONE', #2885, #897 ) ;
#1846 = ORIENTED_EDGE ( 'NONE', *, *, #1800, .T. ) ;
#1847 = DIRECTION ( 'NONE',  ( -0.000000000000000000, -0.000000000000000000, 1.000000000000000000 ) ) ;
#1848 = AXIS2_PLACEMENT_3D ( 'NONE', #3100, #5715, #4326 ) ;
#1849 = CARTESIAN_POINT ( 'NONE',  ( -29.33633035359542873, -11.47299966812150451, -33.00000000000000000 ) ) ;
#1850 = ORIENTED_EDGE ( 'NONE', *, *, #2538, .T. ) ;
#1851 = PERSON_AND_ORGANIZATION_ROLE ( 'design_supplier' ) ;
#1852 = ADVANCED_FACE ( 'NONE', ( #1184 ), #3725, .F. ) ;
#1853 = EDGE_CURVE ( 'NONE', #3112, #4599, #4028, .T. ) ;
#1854 = DIRECTION ( 'NONE',  ( -0.000000000000000000, -0.000000000000000000, -1.000000000000000000 ) ) ;
#1855 = ORIENTED_EDGE ( 'NONE', *, *, #344, .F. ) ;
#1856 = DIRECTION ( 'NONE',  ( -0.4999999999999979461, 0.8660254037844397068, 1.232595164407830809E-32 ) ) ;
#1857 = CARTESIAN_POINT ( 'NONE',  ( -13.68732489781270623, 39.70714214271428233, -21.22649730810378088 ) ) ;
#1858 = EDGE_CURVE ( 'NONE', #2497, #7310, #2500, .T. ) ;
#1859 = ORIENTED_EDGE ( 'NONE', *, *, #4048, .F. ) ;
#1860 = CARTESIAN_POINT ( 'NONE',  ( -26.99398375115502091, -32.17670753321475985, -22.76547123884776980 ) ) ;
#1861 = ORIENTED_EDGE ( 'NONE', *, *, #737, .F. ) ;
#1862 = DIRECTION ( 'NONE',  ( -0.000000000000000000, -0.000000000000000000, -1.000000000000000000 ) ) ;
#1863 = B_SPLINE_CURVE_WITH_KNOTS ( 'NONE', 3,
 ( #5225, #7103, #848, #5301, #924, #2084, #280, #6495, #5754, #1509 ),
 .UNSPECIFIED., .F., .F.,
 ( 4, 2, 2, 2, 4 ),
 ( 1.201851678989727385E-17, 0.0005246646380387475850, 0.001049329276077483027, 0.001573993914116218577, 0.002098658552154954345 ),
 .UNSPECIFIED. ) ;
#1864 = ORIENTED_EDGE ( 'NONE', *, *, #7475, .T. ) ;
#1865 = CYLINDRICAL_SURFACE ( 'NONE', #7075, 2.000000000000000000 ) ;
#1866 = ORIENTED_EDGE ( 'NONE', *, *, #5290, .F. ) ;
#1867 = LINE ( 'NONE', #4389, #6157 ) ;
#1868 = CARTESIAN_POINT ( 'NONE',  ( -18.01157785597366612, 32.89158546419057672, -0.4891939329251305812 ) ) ;
#1869 = AXIS2_PLACEMENT_3D ( 'NONE', #1676, #1633, #4904 ) ;
#1870 = CARTESIAN_POINT ( 'NONE',  ( 0.000000000000000000, 0.000000000000000000, -23.00000000000000000 ) ) ;
#1871 = DIRECTION ( 'NONE',  ( 0.000000000000000000, 0.000000000000000000, 1.000000000000000000 ) ) ;
#1872 = CARTESIAN_POINT ( 'NONE',  ( -70.00000000000000000, -93.75000000000000000, 6.123233995736766085E-15 ) ) ;
#1873 = EDGE_CURVE ( 'NONE', #1061, #6800, #6910, .T. ) ;
#1874 = EDGE_CURVE ( 'NONE', #5756, #825, #2899, .T. ) ;
#1875 = CARTESIAN_POINT ( 'NONE',  ( 55.16475458984417912, 17.11181606351258111, 0.000000000000000000 ) ) ;
#1876 = AXIS2_PLACEMENT_3D ( 'NONE', #7297, #2406, #4930 ) ;
#1877 = ORIENTED_EDGE ( 'NONE', *, *, #7425, .T. ) ;
#1878 = CARTESIAN_POINT ( 'NONE',  ( -9.282054616820747839, -40.96222955422874890, -19.20213691973938452 ) ) ;
#1879 = CARTESIAN_POINT ( 'NONE',  ( 30.04860834569546313, -44.79931606351289730, 10.00000000000000000 ) ) ;
#1880 = ORIENTED_EDGE ( 'NONE', *, *, #3793, .F. ) ;
#1881 = CARTESIAN_POINT ( 'NONE',  ( 10.99739885367647574, -40.53509451755484605, -20.33855098371159897 ) ) ;
#1882 = ORIENTED_EDGE ( 'NONE', *, *, #7048, .T. ) ;
#1883 = CIRCLE ( 'NONE', #950, 1.375000000000001332 ) ;
#1884 = VECTOR ( 'NONE', #7953, 1000.000000000000000 ) ;
#1885 = DIRECTION ( 'NONE',  ( -0.000000000000000000, -0.000000000000000000, -1.000000000000000000 ) ) ;
#1886 = CARTESIAN_POINT ( 'NONE',  ( 20.12802137143221870, -36.86275567115362151, -0.5773502691896498229 ) ) ;
#1887 = EDGE_LOOP ( 'NONE', ( #7100, #4337, #827, #5592 ) ) ;
#1888 = CARTESIAN_POINT ( 'NONE',  ( -26.00000000000000355, -27.99999999999999645, -33.00000000000000000 ) ) ;
#1889 = EDGE_LOOP ( 'NONE', ( #1844, #699, #6284, #3129 ) ) ;
#1890 = LINE ( 'NONE', #3809, #2626 ) ;
#1891 = ORIENTED_EDGE ( 'NONE', *, *, #3578, .T. ) ;
#1892 = DATE_TIME_ROLE ( 'classification_date' ) ;
#1893 = CARTESIAN_POINT ( 'NONE',  ( 64.38226247888057685, -4.145006185406284444E-15, 10.42433247640575011 ) ) ;
#1894 = AXIS2_PLACEMENT_3D ( 'NONE', #6288, #6245, #4275 ) ;
#1895 = EDGE_CURVE ( 'NONE', #3083, #5231, #5658, .T. ) ;
#1896 = ORIENTED_EDGE ( 'NONE', *, *, #2724, .F. ) ;
#1897 = DIRECTION ( 'NONE',  ( 0.8944271909999143011, 0.000000000000000000, -0.4472135954999609808 ) ) ;
#1898 = CARTESIAN_POINT ( 'NONE',  ( -36.67621503328021504, 7.817492652587887392, -4.920889453260009816 ) ) ;
#1899 = EDGE_CURVE ( 'NONE', #2213, #572, #1890, .T. ) ;
#1900 = AXIS2_PLACEMENT_3D ( 'NONE', #817, #168, #5188 ) ;
#1901 = ORIENTED_EDGE ( 'NONE', *, *, #1593, .F. ) ;
#1902 = CARTESIAN_POINT ( 'NONE',  ( -41.23105625617660763, 7.999999999999998224, -27.00000000000000000 ) ) ;
#1903 = VERTEX_POINT ( 'NONE', #36 ) ;
#1904 = DIRECTION ( 'NONE',  ( 0.4999999999999980571, -0.8660254037844397068, 3.618009791163207411E-17 ) ) ;
#1905 = VECTOR ( 'NONE', #809, 1000.000000000000000 ) ;
#1906 = EDGE_CURVE ( 'NONE', #7489, #7842, #2539, .T. ) ;
#1907 = EDGE_LOOP ( 'NONE', ( #228, #3848, #3187, #3911 ) ) ;
#1908 = LINE ( 'NONE', #54, #1025 ) ;
#1909 = ORIENTED_EDGE ( 'NONE', *, *, #7466, .F. ) ;
#1910 = CARTESIAN_POINT ( 'NONE',  ( -35.04860834569606709, -44.79931606351243545, 0.000000000000000000 ) ) ;
#1911 = CYLINDRICAL_SURFACE ( 'NONE', #4268, 1.374999999999999556 ) ;
#1912 = EDGE_CURVE ( 'NONE', #1318, #5756, #4976, .T. ) ;
#1913 = DIRECTION ( 'NONE',  ( 1.000000000000000000, 0.000000000000000000, 0.000000000000000000 ) ) ;
#1914 = CARTESIAN_POINT ( 'NONE',  ( -27.54373135836418740, -31.70714214271393772, -5.773502691896304384 ) ) ;
#1915 = DIRECTION ( 'NONE',  ( -1.000000000000000000, 0.000000000000000000, 0.000000000000000000 ) ) ;
#1916 = CARTESIAN_POINT ( 'NONE',  ( 24.48261484627946061, -28.40513281589679551, -4.041451884327440069 ) ) ;
#1917 = DIRECTION ( 'NONE',  ( 1.000000000000000000, 0.000000000000000000, -0.000000000000000000 ) ) ;
#1918 = ORIENTED_EDGE ( 'NONE', *, *, #763, .F. ) ;
#1919 = CARTESIAN_POINT ( 'NONE',  ( 9.028469069060403029, -41.01894699879826334, -19.12584334051630108 ) ) ;
#1920 = EDGE_CURVE ( 'NONE', #6981, #7021, #2962, .T. ) ;
#1921 = ORIENTED_EDGE ( 'NONE', *, *, #2743, .F. ) ;
#1922 = CARTESIAN_POINT ( 'NONE',  ( -26.76845706733966423, 32.36432768085865774, -4.041451884327435629 ) ) ;
#1923 = ORIENTED_EDGE ( 'NONE', *, *, #6194, .F. ) ;
#1924 = CARTESIAN_POINT ( 'NONE',  ( 37.49873471098771205, -0.3508540033507990263, -0.3327540123967169250 ) ) ;
#1925 = EDGE_LOOP ( 'NONE', ( #2311, #148, #7316, #1882, #6418, #3198, #2347, #4581, #7001, #1705 ) ) ;
#1926 = DIRECTION ( 'NONE',  ( -0.000000000000000000, -0.000000000000000000, -1.000000000000000000 ) ) ;
#1927 = EDGE_LOOP ( 'NONE', ( #4582, #3137, #7795, #804 ) ) ;
#1928 = PLANE ( 'NONE',  #2836 ) ;
#1929 = ORIENTED_EDGE ( 'NONE', *, *, #2096, .T. ) ;
#1930 = DIRECTION ( 'NONE',  ( 1.014940523590810024E-15, 0.000000000000000000, 1.000000000000000000 ) ) ;
#1931 = DIRECTION ( 'NONE',  ( 0.000000000000000000, 0.000000000000000000, -1.000000000000000000 ) ) ;
#1932 = ORIENTED_EDGE ( 'NONE', *, *, #2096, .F. ) ;
#1933 = CARTESIAN_POINT ( 'NONE',  ( -27.18528438204281628, -32.01524604783038086, -22.51972680699213214 ) ) ;
#1934 = ORIENTED_EDGE ( 'NONE', *, *, #2724, .T. ) ;
#1935 = DIRECTION ( 'NONE',  ( -0.000000000000000000, -0.000000000000000000, 1.000000000000000000 ) ) ;
#1936 = ADVANCED_FACE ( 'NONE', ( #4858 ), #6691, .F. ) ;
#1937 = VERTEX_POINT ( 'NONE', #3672 ) ;
#1938 = FACE_OUTER_BOUND ( 'NONE', #5219, .T. ) ;
#1939 = VERTEX_POINT ( 'NONE', #7966 ) ;
#1940 = CARTESIAN_POINT ( 'NONE',  ( 32.00000000000000000, 5.999999999999982236, -21.22649730810378443 ) ) ;
#1941 = CARTESIAN_POINT ( 'NONE',  ( -23.57861446354350221, 34.81522160190250048, -1.739018449894381257 ) ) ;
#1942 = EDGE_CURVE ( 'NONE', #5210, #2573, #1001, .T. ) ;
#1943 = CARTESIAN_POINT ( 'NONE',  ( 0.000000000000000000, 0.000000000000000000, -33.00000000000000000 ) ) ;
#1944 = CARTESIAN_POINT ( 'NONE',  ( 27.52594137185343470, -31.72262081024557290, -5.423547363302434476 ) ) ;
#1945 = ADVANCED_FACE ( 'NONE', ( #5508 ), #1093, .F. ) ;
#1946 = PRODUCT ( 'Stand', 'Stand', '', ( #2881 ) ) ;
#1947 = EDGE_CURVE ( 'NONE', #5137, #4792, #12, .T. ) ;
#1948 = CARTESIAN_POINT ( 'NONE',  ( -32.00000000000000000, -3.469446951953614189E-15, -24.69059892324151306 ) ) ;
#1949 = AXIS2_PLACEMENT_3D ( 'NONE', #6318, #3279, #4503 ) ;
#1950 = CARTESIAN_POINT ( 'NONE',  ( 21.72965190651157386, -35.94225309171910965, -0.4891912043631737594 ) ) ;
#1951 = FACE_OUTER_BOUND ( 'NONE', #5721, .T. ) ;
#1952 = FACE_OUTER_BOUND ( 'NONE', #846, .T. ) ;
#1953 = CARTESIAN_POINT ( 'NONE',  ( 14.64410141435720014, -39.36432768085874301, -4.041451884327443622 ) ) ;
#1954 = VECTOR ( 'NONE', #3258, 1000.000000000000000 ) ;
#1955 = VERTEX_POINT ( 'NONE', #606 ) ;
#1956 = CARTESIAN_POINT ( 'NONE',  ( 24.97568578934235362, 27.97271977498170870, -22.37976996195394008 ) ) ;
#1957 = DIRECTION ( 'NONE',  ( -1.000000000000000000, 0.000000000000000000, 0.000000000000000000 ) ) ;
#1958 = CARTESIAN_POINT ( 'NONE',  ( 14.13356692300013862, -39.55069926710316253, -4.480131989721546582 ) ) ;
#1959 = ORIENTED_EDGE ( 'NONE', *, *, #5005, .T. ) ;
#1960 = CARTESIAN_POINT ( 'NONE',  ( 37.50000000000000711, 4.592435299764675882E-15, -0.3094010767585110289 ) ) ;
#1961 = VECTOR ( 'NONE', #1452, 1000.000000000000000 ) ;
#1962 = EDGE_LOOP ( 'NONE', ( #1358, #7836 ) ) ;
#1963 = ORIENTED_EDGE ( 'NONE', *, *, #6951, .F. ) ;
#1964 = CARTESIAN_POINT ( 'NONE',  ( 95.54778280986009520, -87.50000000000001421, 100.0000000000000000 ) ) ;
#1965 = AXIS2_PLACEMENT_3D ( 'NONE', #4644, #3501, #5252 ) ;
#1966 = ORIENTED_EDGE ( 'NONE', *, *, #2745, .T. ) ;
#1967 = CIRCLE ( 'NONE', #7211, 42.00000000000000000 ) ;
#1968 = DIRECTION ( 'NONE',  ( -0.000000000000000000, -0.000000000000000000, -1.000000000000000000 ) ) ;
#1969 = EDGE_CURVE ( 'NONE', #6776, #1505, #2108, .T. ) ;
#1970 = EDGE_CURVE ( 'NONE', #3895, #7216, #1690, .T. ) ;
#1971 = CIRCLE ( 'NONE', #6184, 2.499999999999995115 ) ;
#1972 = ORIENTED_EDGE ( 'NONE', *, *, #3814, .F. ) ;
#1973 = CARTESIAN_POINT ( 'NONE',  ( -21.59221981894889097, 36.02504974377151825, -0.4230334080343801095 ) ) ;
#1974 = PLANE ( 'NONE',  #6417 ) ;
#1975 = CARTESIAN_POINT ( 'NONE',  ( -10.60660171779819372, -10.60660171779822569, -33.00000000000000000 ) ) ;
#1976 = ORIENTED_EDGE ( 'NONE', *, *, #1920, .T. ) ;
#1977 = EDGE_LOOP ( 'NONE', ( #271, #6380, #5709, #87 ) ) ;
#1978 = CARTESIAN_POINT ( 'NONE',  ( -25.22901615065285341, 27.74434883976212163, -21.57687334188218387 ) ) ;
#1979 =( BOUNDED_CURVE ( )  B_SPLINE_CURVE ( 3, ( #4301, #7982, #5444, #4181 ),
 .UNSPECIFIED., .F., .F. ) 
 B_SPLINE_CURVE_WITH_KNOTS ( ( 4, 4 ),
 ( 1.383028251721604152, 1.544126498622616417 ),
 .UNSPECIFIED. ) 
 CURVE ( )  GEOMETRIC_REPRESENTATION_ITEM ( )  RATIONAL_B_SPLINE_CURVE ( ( 1.000000000000000000, 0.9978384486574995993, 0.9978384486574995993, 1.000000000000000000 ) ) 
 REPRESENTATION_ITEM ( '' )  );
#1980 = EDGE_LOOP ( 'NONE', ( #5394, #880, #6497, #2967 ) ) ;
#1981 = DIRECTION ( 'NONE',  ( 1.000000000000000000, 0.000000000000000000, 0.000000000000000000 ) ) ;
#1982 = ORIENTED_EDGE ( 'NONE', *, *, #3633, .T. ) ;
#1983 = CARTESIAN_POINT ( 'NONE',  ( -32.54860834569606709, -44.79931606351243545, 12.50000000000000000 ) ) ;
#1984 = CARTESIAN_POINT ( 'NONE',  ( 36.63673020344474196, -7.000000000000008882, -4.041451884327432076 ) ) ;
#1985 = B_SPLINE_CURVE_WITH_KNOTS ( 'NONE', 3,
 ( #2110, #6441, #7855, #4635, #798, #3367, #4021, #6552, #263, #4709 ),
 .UNSPECIFIED., .F., .F.,
 ( 4, 2, 2, 2, 4 ),
 ( 0.000000000000000000, 0.0005232838029695434335, 0.001046567605939086867, 0.001569851408908630192, 0.002093135211878173734 ),
 .UNSPECIFIED. ) ;
#1986 = PLANE ( 'NONE',  #3216 ) ;
#1987 = CARTESIAN_POINT ( 'NONE',  ( -22.95562404999877515, 29.72125859434173378, -24.10197630004942582 ) ) ;
#1988 = CYLINDRICAL_SURFACE ( 'NONE', #6320, 2.000000000000000000 ) ;
#1989 = CARTESIAN_POINT ( 'NONE',  ( 5.000486708505707867, -10.72357835230655709, -33.00000000000000000 ) ) ;
#1990 = CARTESIAN_POINT ( 'NONE',  ( 0.000000000000000000, 0.000000000000000000, -23.00000000000000000 ) ) ;
#1991 = CARTESIAN_POINT ( 'NONE',  ( 9.994956370157616732, -40.79399875489816907, -26.47666359064189123 ) ) ;
#1992 = ADVANCED_FACE ( 'NONE', ( #2416 ), #4940, .F. ) ;
#1993 = ADVANCED_FACE ( 'NONE', ( #1177 ), #5587, .F. ) ;
#1994 = ORIENTED_EDGE ( 'NONE', *, *, #1585, .T. ) ;
#1995 = AXIS2_PLACEMENT_3D ( 'NONE', #1140, #1847, #3677 ) ;
#1996 = FACE_OUTER_BOUND ( 'NONE', #6094, .T. ) ;
#1997 = ADVANCED_FACE ( 'NONE', ( #1996 ), #4482, .F. ) ;
#1998 = CARTESIAN_POINT ( 'NONE',  ( -71.37500000000001421, -93.75000000000000000, 30.00000000000000711 ) ) ;
#1999 = ORIENTED_EDGE ( 'NONE', *, *, #7549, .F. ) ;
#2000 = CARTESIAN_POINT ( 'NONE',  ( 20.12802137143275516, 36.86275567115332308, -26.42264973081038804 ) ) ;
#2001 = VERTEX_POINT ( 'NONE', #6371 ) ;
#2002 = ORIENTED_EDGE ( 'NONE', *, *, #7140, .T. ) ;
#2003 = AXIS2_PLACEMENT_3D ( 'NONE', #1077, #8074, #7295 ) ;
#2004 = CARTESIAN_POINT ( 'NONE',  ( 15.99999999999974776, -27.71281292110218075, -24.69059892324151306 ) ) ;
#2005 = ORIENTED_EDGE ( 'NONE', *, *, #3270, .T. ) ;
#2006 = ORIENTED_EDGE ( 'NONE', *, *, #141, .T. ) ;
#2007 = CARTESIAN_POINT ( 'NONE',  ( 27.54373135836350173, -31.70714214271452036, -21.22649730810378443 ) ) ;
#2008 = DIRECTION ( 'NONE',  ( -1.000000000000000000, 0.000000000000000000, 0.000000000000000000 ) ) ;
#2009 = CIRCLE ( 'NONE', #3477, 2.099999999999999645 ) ;
#2010 = AXIS2_PLACEMENT_3D ( 'NONE', #1668, #4687, #1579 ) ;
#2011 = VERTEX_POINT ( 'NONE', #4446 ) ;
#2012 = DIRECTION ( 'NONE',  ( -1.000000000000000000, -3.469446951953614189E-15, 0.000000000000000000 ) ) ;
#2013 = FACE_OUTER_BOUND ( 'NONE', #4458, .T. ) ;
#2014 = DIRECTION ( 'NONE',  ( 1.000000000000000000, 0.000000000000000000, 0.000000000000000000 ) ) ;
#2015 = ORIENTED_EDGE ( 'NONE', *, *, #2418, .T. ) ;
#2016 = ORIENTED_EDGE ( 'NONE', *, *, #7078, .F. ) ;
#2017 = EDGE_CURVE ( 'NONE', #1427, #6887, #30, .T. ) ;
#2018 = FACE_OUTER_BOUND ( 'NONE', #876, .T. ) ;
#2019 = AXIS2_PLACEMENT_3D ( 'NONE', #984, #3525, #6009 ) ;
#2020 = DIRECTION ( 'NONE',  ( -0.000000000000000000, -0.000000000000000000, -1.000000000000000000 ) ) ;
#2021 = ORIENTED_EDGE ( 'NONE', *, *, #3143, .T. ) ;
#2022 = CC_DESIGN_DATE_AND_TIME_ASSIGNMENT ( #4986, #1892, ( #7801 ) ) ;
#2023 = CARTESIAN_POINT ( 'NONE',  ( -25.21755935774021751, -33.64707142157917730, -24.10429319247585767 ) ) ;
#2024 = ORIENTED_EDGE ( 'NONE', *, *, #4832, .T. ) ;
#2025 = AXIS2_PLACEMENT_3D ( 'NONE', #2185, #3445, #3485 ) ;
#2026 = LINE ( 'NONE', #1445, #3823 ) ;
#2027 = CYLINDRICAL_SURFACE ( 'NONE', #4613, 2.000000000000000000 ) ;
#2028 = DIRECTION ( 'NONE',  ( 1.000000000000000000, 0.000000000000000000, 0.000000000000000000 ) ) ;
#2029 = CARTESIAN_POINT ( 'NONE',  ( -55.07164995601819868, -5.788263653445767432, 12.50000000000000000 ) ) ;
#2030 = VECTOR ( 'NONE', #6458, 1000.000000000000114 ) ;
#2031 = AXIS2_PLACEMENT_3D ( 'NONE', #4382, #4918, #4995 ) ;
#2032 = CARTESIAN_POINT ( 'NONE',  ( 37.50000000000001421, -0.9999999999999902300, -26.42264973081039514 ) ) ;
#2033 = CARTESIAN_POINT ( 'NONE',  ( 19.05357604528312621, 32.29921680018887287, -0.3328378400117734115 ) ) ;
#2034 = AXIS2_PLACEMENT_3D ( 'NONE', #156, #3385, #7750 ) ;
#2035 = DIRECTION ( 'NONE',  ( 0.000000000000000000, 0.000000000000000000, 1.000000000000000000 ) ) ;
#2036 = DIRECTION ( 'NONE',  ( 0.000000000000000000, -1.000000000000000000, 0.000000000000000000 ) ) ;
#2037 = B_SPLINE_CURVE_WITH_KNOTS ( 'NONE', 3,
 ( #3329, #2150, #7696, #5896, #3368, #949, #5861, #2071, #2814, #4636 ),
 .UNSPECIFIED., .F., .F.,
 ( 4, 2, 2, 2, 4 ),
 ( 1.670128900733774363E-17, 0.0005215650838677024807, 0.001043130167735388265, 0.001564695251603074157, 0.002086260335470760049 ),
 .UNSPECIFIED. ) ;
#2038 = ORIENTED_EDGE ( 'NONE', *, *, #1467, .T. ) ;
#2039 = ADVANCED_FACE ( 'NONE', ( #764 ), #4519, .F. ) ;
#2040 = FACE_OUTER_BOUND ( 'NONE', #6069, .T. ) ;
#2041 = CIRCLE ( 'NONE', #5466, 2.500000000000002220 ) ;
#2042 = CARTESIAN_POINT ( 'NONE',  ( 8.506601717798270457, -10.60660171779815997, -31.99999999999998579 ) ) ;
#2043 = ORIENTED_EDGE ( 'NONE', *, *, #2505, .T. ) ;
#2044 = ADVANCED_FACE ( 'NONE', ( #3845 ), #3951, .T. ) ;
#2045 = FACE_OUTER_BOUND ( 'NONE', #3107, .T. ) ;
#2046 = ORIENTED_EDGE ( 'NONE', *, *, #1742, .F. ) ;
#2047 = VERTEX_POINT ( 'NONE', #71 ) ;
#2048 = CARTESIAN_POINT ( 'NONE',  ( -12.21259993210003714, -35.45597558248479686, -22.87104144258560723 ) ) ;
#2049 = AXIS2_PLACEMENT_3D ( 'NONE', #1423, #4532, #240 ) ;
#2050 = EDGE_CURVE ( 'NONE', #253, #2276, #686, .T. ) ;
#2051 = ORIENTED_EDGE ( 'NONE', *, *, #7165, .T. ) ;
#2052 = EDGE_CURVE ( 'NONE', #3923, #7570, #8005, .T. ) ;
#2053 = CARTESIAN_POINT ( 'NONE',  ( -50.00000000000000000, -93.75000000000000000, 6.123233995736766085E-15 ) ) ;
#2054 = ORIENTED_EDGE ( 'NONE', *, *, #2405, .T. ) ;
#2055 = CARTESIAN_POINT ( 'NONE',  ( 27.18512684124923240, -32.01537763495768729, -22.51986801027856089 ) ) ;
#2056 = CARTESIAN_POINT ( 'NONE',  ( -24.48261484628005391, -28.40513281589628747, -4.041451884327430299 ) ) ;
#2057 = CARTESIAN_POINT ( 'NONE',  ( 41.99887037136799250, -0.3508425503729008521, -26.66724816383006313 ) ) ;
#2058 = VERTEX_POINT ( 'NONE', #150 ) ;
#2059 = ORIENTED_EDGE ( 'NONE', *, *, #4593, .T. ) ;
#2060 = CARTESIAN_POINT ( 'NONE',  ( 11.39016187144653536, -35.72833906777988489, 10.00000000000000000 ) ) ;
#2061 = PLANE ( 'NONE',  #2128 ) ;
#2062 = ORIENTED_EDGE ( 'NONE', *, *, #2939, .F. ) ;
#2063 = DIRECTION ( 'NONE',  ( -0.4999999999999980571, 0.8660254037844397068, 2.403703357979457852E-17 ) ) ;
#2064 = ORIENTED_EDGE ( 'NONE', *, *, #7619, .T. ) ;
#2065 = EDGE_CURVE ( 'NONE', #5035, #1709, #2578, .T. ) ;
#2066 = CARTESIAN_POINT ( 'NONE',  ( 11.56796028560047596, -35.67128025977545747, -4.920889453260008040 ) ) ;
#2067 =( BOUNDED_CURVE ( )  B_SPLINE_CURVE ( 3, ( #6503, #7799, #4536, #853 ),
 .UNSPECIFIED., .F., .F. ) 
 B_SPLINE_CURVE_WITH_KNOTS ( ( 4, 4 ),
 ( 1.594608100755565694, 1.738244406014586074 ),
 .UNSPECIFIED. ) 
 CURVE ( )  GEOMETRIC_REPRESENTATION_ITEM ( )  RATIONAL_B_SPLINE_CURVE ( ( 1.000000000000000000, 0.9982814565068700574, 0.9982814565068700574, 1.000000000000000000 ) ) 
 REPRESENTATION_ITEM ( '' )  );
#2068 = CARTESIAN_POINT ( 'NONE',  ( -11.47299966812155247, -29.33633035359540742, -23.00000000000000000 ) ) ;
#2069 = CARTESIAN_POINT ( 'NONE',  ( -41.99173240419118969, 0.8472114680284308363, -26.51086223087325777 ) ) ;
#2070 = CARTESIAN_POINT ( 'NONE',  ( 41.38693613450180919, -7.151583850238904638, -4.128968861067661145 ) ) ;
#2071 = CARTESIAN_POINT ( 'NONE',  ( 20.40249834122986528, 36.71193575919329533, -0.4230334080343796654 ) ) ;
#2072 = ADVANCED_FACE ( 'NONE', ( #2040 ), #4564, .T. ) ;
#2073 = CYLINDRICAL_SURFACE ( 'NONE', #7868, 1.375000000000001332 ) ;
#2074 = FACE_OUTER_BOUND ( 'NONE', #3516, .T. ) ;
#2075 = ORIENTED_EDGE ( 'NONE', *, *, #5824, .F. ) ;
#2076 = VECTOR ( 'NONE', #5280, 1000.000000000000000 ) ;
#2077 = FACE_BOUND ( 'NONE', #6250, .T. ) ;
#2078 = CARTESIAN_POINT ( 'NONE',  ( 18.15217349845658745, 32.81427682123926104, -26.57696310110720361 ) ) ;
#2079 = ORIENTED_EDGE ( 'NONE', *, *, #4572, .F. ) ;
#2080 = CARTESIAN_POINT ( 'NONE',  ( -12.20144409149430054, 31.19895450303005902, -27.00000000000000000 ) ) ;
#2081 = ORIENTED_EDGE ( 'NONE', *, *, #8029, .T. ) ;
#2082 = ORIENTED_EDGE ( 'NONE', *, *, #3532, .F. ) ;
#2083 = VECTOR ( 'NONE', #567, 1000.000000000000000 ) ;
#2084 = CARTESIAN_POINT ( 'NONE',  ( 25.10825474767914756, -27.85378760718769797, -22.07911054674007190 ) ) ;
#2085 = ORIENTED_EDGE ( 'NONE', *, *, #6402, .T. ) ;
#2086 = ORIENTED_EDGE ( 'NONE', *, *, #538, .T. ) ;
#2087 = PLANE ( 'NONE',  #5862 ) ;
#2088 = VERTEX_POINT ( 'NONE', #5865 ) ;
#2089 = DIRECTION ( 'NONE',  ( -1.000000000000000000, 0.000000000000000000, 0.000000000000000000 ) ) ;
#2090 = CARTESIAN_POINT ( 'NONE',  ( -20.12802137143252068, 36.86275567115345098, -26.42264973081040580 ) ) ;
#2091 = CARTESIAN_POINT ( 'NONE',  ( -24.59929818385468892, -28.30456249885768116, -22.87117429707797811 ) ) ;
#2092 = AXIS2_PLACEMENT_3D ( 'NONE', #6933, #6243, #23 ) ;
#2093 = LINE ( 'NONE', #4007, #6741 ) ;
#2094 = ORIENTED_EDGE ( 'NONE', *, *, #8016, .T. ) ;
#2095 = AXIS2_PLACEMENT_3D ( 'NONE', #5286, #1530, #5450 ) ;
#2096 = EDGE_CURVE ( 'NONE', #7472, #6158, #4477, .T. ) ;
#2097 = ADVANCED_FACE ( 'NONE', ( #229 ), #7866, .F. ) ;
#2098 = ORIENTED_EDGE ( 'NONE', *, *, #830, .F. ) ;
#2099 = DIRECTION ( 'NONE',  ( -0.000000000000000000, -0.000000000000000000, -1.000000000000000000 ) ) ;
#2100 = CARTESIAN_POINT ( 'NONE',  ( 24.70550111549656336, -28.21176787945829290, -4.235122077022606568 ) ) ;
#2101 = VECTOR ( 'NONE', #1292, 1000.000000000000000 ) ;
#2102 = EDGE_LOOP ( 'NONE', ( #4008, #4157 ) ) ;
#2103 = EDGE_CURVE ( 'NONE', #1592, #1070, #6314, .T. ) ;
#2104 = AXIS2_PLACEMENT_3D ( 'NONE', #1692, #1028, #2981 ) ;
#2105 = CARTESIAN_POINT ( 'NONE',  ( -17.87730674394251551, -32.96440358300128537, -0.5773502691896312822 ) ) ;
#2106 = EDGE_LOOP ( 'NONE', ( #2697, #5184, #2960, #6121 ) ) ;
#2107 = CARTESIAN_POINT ( 'NONE',  ( 16.10522064941922338, 33.92544407653547722, -1.740821810273188275 ) ) ;
#2108 = CIRCLE ( 'NONE', #6702, 3.100000000000047162 ) ;
#2109 = DIRECTION ( 'NONE',  ( -0.000000000000000000, -0.000000000000000000, -1.000000000000000000 ) ) ;
#2110 = CARTESIAN_POINT ( 'NONE',  ( -27.54373135836372199, 31.70714214271432851, -21.22649730810378443 ) ) ;
#2111 = DIRECTION ( 'NONE',  ( 0.000000000000000000, -0.000000000000000000, -1.000000000000000000 ) ) ;
#2112 = CARTESIAN_POINT ( 'NONE',  ( -11.56005081374929233, -36.02259534749082803, -21.17603874139557973 ) ) ;
#2113 = FACE_OUTER_BOUND ( 'NONE', #1278, .T. ) ;
#2114 = CARTESIAN_POINT ( 'NONE',  ( -55.07164995601819868, -5.788263653445767432, 12.50000000000000000 ) ) ;
#2115 = CARTESIAN_POINT ( 'NONE',  ( -14.13356692300041395, 39.55069926710307016, -4.480131989721545693 ) ) ;
#2116 = ORIENTED_EDGE ( 'NONE', *, *, #905, .F. ) ;
#2117 = EDGE_CURVE ( 'NONE', #705, #5054, #1967, .T. ) ;
#2118 = CARTESIAN_POINT ( 'NONE',  ( 10.60660171779811911, 10.60660171779830208, -33.00000000000000000 ) ) ;
#2119 = LINE ( 'NONE', #5334, #4210 ) ;
#2120 = ORIENTED_EDGE ( 'NONE', *, *, #5815, .T. ) ;
#2121 = DIRECTION ( 'NONE',  ( 0.000000000000000000, -0.000000000000000000, -1.000000000000000000 ) ) ;
#2122 = ORIENTED_EDGE ( 'NONE', *, *, #7757, .T. ) ;
#2123 = ORIENTED_EDGE ( 'NONE', *, *, #6015, .F. ) ;
#2124 = CARTESIAN_POINT ( 'NONE',  ( -50.45615673456354955, -27.68749999999955946, 10.00000000000000000 ) ) ;
#2125 = ORIENTED_EDGE ( 'NONE', *, *, #4972, .T. ) ;
#2126 = CIRCLE ( 'NONE', #1995, 2.000000000000000000 ) ;
#2127 = CARTESIAN_POINT ( 'NONE',  ( 90.00000000000004263, -93.75000000000000000, 6.123233995736766085E-15 ) ) ;
#2128 = AXIS2_PLACEMENT_3D ( 'NONE', #1828, #6195, #5009 ) ;
#2129 = CARTESIAN_POINT ( 'NONE',  ( -9.071796769724878473, -31.71281292110192496, -22.38119784648303678 ) ) ;
#2130 = CARTESIAN_POINT ( 'NONE',  ( -28.50000000000000000, -27.99999999999999645, -33.00000000000000000 ) ) ;
#2131 = CARTESIAN_POINT ( 'NONE',  ( -25.24656833199782469, 27.72833906777982094, -5.773502691896312378 ) ) ;
#2132 = CARTESIAN_POINT ( 'NONE',  ( 41.99472178108093345, -0.6866917035547246417, -26.57704723150244419 ) ) ;
#2133 = ORIENTED_EDGE ( 'NONE', *, *, #6238, .F. ) ;
#2134 = ORIENTED_EDGE ( 'NONE', *, *, #3124, .F. ) ;
#2135 = CARTESIAN_POINT ( 'NONE',  ( -41.23105625617661474, 7.999999999999996447, -21.40372075205403490 ) ) ;
#2136 = AXIS2_PLACEMENT_3D ( 'NONE', #3654, #5485, #2228 ) ;
#2137 = VECTOR ( 'NONE', #8073, 1000.000000000000227 ) ;
#2138 = CARTESIAN_POINT ( 'NONE',  ( 36.73539856458927488, 7.535002961259077203, -22.52032415497789941 ) ) ;
#2139 = VERTEX_POINT ( 'NONE', #312 ) ;
#2140 = CARTESIAN_POINT ( 'NONE',  ( -23.57861446354394630, -34.81522160190219495, -25.26098155010568647 ) ) ;
#2141 = EDGE_CURVE ( 'NONE', #5210, #6415, #5699, .T. ) ;
#2142 = ORIENTED_EDGE ( 'NONE', *, *, #2453, .F. ) ;
#2143 = LINE ( 'NONE', #4670, #1159 ) ;
#2144 = CARTESIAN_POINT ( 'NONE',  ( 5.677585235482518478, 8.231951524020955091, -27.00000000000000000 ) ) ;
#2145 = B_SPLINE_CURVE_WITH_KNOTS ( 'NONE', 3,
 ( #4469, #20, #5121, #3829, #6237, #4393, #2522, #1944, #7536, #6970 ),
 .UNSPECIFIED., .F., .F.,
 ( 4, 2, 2, 2, 4 ),
 ( 1.734723475976806902E-18, 0.0005240076909106154484, 0.001048015381821229162, 0.001572023072731842767, 0.002096030763642456590 ),
 .UNSPECIFIED. ) ;
#2146 = CARTESIAN_POINT ( 'NONE',  ( -41.99999999999999289, 0.1739857838861621764, -26.69059892324150596 ) ) ;
#2147 = ADVANCED_FACE ( 'NONE', ( #3540, #3376, #4065, #2777, #4643, #7700, #6488, #2733, #5902, #7870, #4721, #2077, #6524, #2238, #2823, #273, #5251, #1503, #4682, #4104, #4601, #4030, #6601, #842, #3412, #6643, #6559 ), #4149, .F. ) ;
#2148 = CARTESIAN_POINT ( 'NONE',  ( -36.67620928309453632, -7.817519100089271866, -4.920959955220063797 ) ) ;
#2149 = EDGE_CURVE ( 'NONE', #5392, #1595, #5986, .T. ) ;
#2150 = CARTESIAN_POINT ( 'NONE',  ( 21.72965156016393706, 35.94225330283462938, -0.4891909702452210129 ) ) ;
#2151 = VECTOR ( 'NONE', #5969, 1000.000000000000000 ) ;
#2152 = FACE_OUTER_BOUND ( 'NONE', #5581, .T. ) ;
#2153 = CARTESIAN_POINT ( 'NONE',  ( 52.66475458984417202, 17.11181606351258111, 12.50000000000000000 ) ) ;
#2154 = CARTESIAN_POINT ( 'NONE',  ( 47.95615673456315875, -27.68750000000023448, 0.000000000000000000 ) ) ;
#2155 = FACE_OUTER_BOUND ( 'NONE', #3354, .T. ) ;
#2156 = VECTOR ( 'NONE', #986, 1000.000000000000114 ) ;
#2157 = ORIENTED_EDGE ( 'NONE', *, *, #4347, .T. ) ;
#2158 = VECTOR ( 'NONE', #576, 1000.000000000000000 ) ;
#2159 = CARTESIAN_POINT ( 'NONE',  ( -16.10522064941898535, 33.92544407653558380, -25.25917818972684969 ) ) ;
#2160 = CARTESIAN_POINT ( 'NONE',  ( 18.44515424866342457, 32.65048928824808883, -26.66716215998824779 ) ) ;
#2161 = PRODUCT_DEFINITION_FORMATION_WITH_SPECIFIED_SOURCE ( 'ANY', '', #1946, .NOT_KNOWN. ) ;
#2162 = ORIENTED_EDGE ( 'NONE', *, *, #710, .F. ) ;
#2163 = DIRECTION ( 'NONE',  ( 0.8944271909999129688, 0.000000000000000000, 0.4472135954999639229 ) ) ;
#2164 = CARTESIAN_POINT ( 'NONE',  ( 50.45615673456315875, -27.68750000000023448, 12.50000000000000000 ) ) ;
#2165 = ORIENTED_EDGE ( 'NONE', *, *, #2900, .F. ) ;
#2166 = ADVANCED_FACE ( 'NONE', ( #5332 ), #7825, .F. ) ;
#2167 = ORIENTED_EDGE ( 'NONE', *, *, #3888, .T. ) ;
#2168 = DIRECTION ( 'NONE',  ( -0.000000000000000000, -0.000000000000000000, -1.000000000000000000 ) ) ;
#2169 = EDGE_LOOP ( 'NONE', ( #6948, #1934, #6507, #3824 ) ) ;
#2170 = DIRECTION ( 'NONE',  ( 0.4226182617406994968, -0.9063077870366498257, 0.000000000000000000 ) ) ;
#2171 = CARTESIAN_POINT ( 'NONE',  ( 26.88692135885199619, -32.26634615216352842, -22.87103113893243389 ) ) ;
#2172 = AXIS2_PLACEMENT_3D ( 'NONE', #7676, #7145, #5757 ) ;
#2173 = DIRECTION ( 'NONE',  ( 0.000000000000000000, 0.000000000000000000, -1.000000000000000000 ) ) ;
#2174 = EDGE_CURVE ( 'NONE', #1049, #775, #7257, .T. ) ;
#2175 = CARTESIAN_POINT ( 'NONE',  ( 48.62500000000000000, -93.75000000000000000, 6.123233995736766085E-15 ) ) ;
#2176 = EDGE_LOOP ( 'NONE', ( #1378, #1485, #6843, #3886 ) ) ;
#2177 = ORIENTED_EDGE ( 'NONE', *, *, #882, .F. ) ;
#2178 = CARTESIAN_POINT ( 'NONE',  ( 68.62500000000001421, -93.75000000000000000, 6.123233995736766085E-15 ) ) ;
#2179 = DIRECTION ( 'NONE',  ( 1.000000000000000000, 0.000000000000000000, 0.000000000000000000 ) ) ;
#2180 = VERTEX_POINT ( 'NONE', #6028 ) ;
#2181 = CARTESIAN_POINT ( 'NONE',  ( -21.59221981894936704, -36.02504974377124825, -26.57696659196566102 ) ) ;
#2182 = ORIENTED_EDGE ( 'NONE', *, *, #7757, .F. ) ;
#2183 = CARTESIAN_POINT ( 'NONE',  ( -18.36155911386039463, 37.82728991241921079, -1.739018449894391249 ) ) ;
#2184 = CARTESIAN_POINT ( 'NONE',  ( -100.0000000000000000, -100.0000000000000000, 110.0000000000000000 ) ) ;
#2185 = CARTESIAN_POINT ( 'NONE',  ( -29.33633035359542873, -11.47299966812150451, -27.00000000000000000 ) ) ;
#2186 = CARTESIAN_POINT ( 'NONE',  ( 37.48666429545313150, 0.9999999999999931166, -0.5773502691896312822 ) ) ;
#2187 = EDGE_CURVE ( 'NONE', #2329, #7767, #4343, .T. ) ;
#2188 = CARTESIAN_POINT ( 'NONE',  ( -36.63673020344474196, -8.000000000000008882, -5.773502691896312378 ) ) ;
#2189 = CARTESIAN_POINT ( 'NONE',  ( -20.40249834122964501, 36.71193575919341612, -26.57696659196566102 ) ) ;
#2190 = CARTESIAN_POINT ( 'NONE',  ( -25.02304161032180829, 50.58757971695931843, 0.000000000000000000 ) ) ;
#2191 = LINE ( 'NONE', #2232, #3023 ) ;
#2192 = EDGE_CURVE ( 'NONE', #1473, #7339, #7608, .T. ) ;
#2193 = CARTESIAN_POINT ( 'NONE',  ( 100.0000000000000000, -100.0000000000000000, 10.00000000000000000 ) ) ;
#2194 = DIRECTION ( 'NONE',  ( -0.000000000000000000, -0.000000000000000000, -1.000000000000000000 ) ) ;
#2195 = ORIENTED_EDGE ( 'NONE', *, *, #1858, .F. ) ;
#2196 = EDGE_CURVE ( 'NONE', #6836, #6733, #1211, .T. ) ;
#2197 = ADVANCED_FACE ( 'NONE', ( #1745 ), #4270, .F. ) ;
#2198 = CARTESIAN_POINT ( 'NONE',  ( -100.0000000000000000, -100.0000000000000000, 10.00000000000000000 ) ) ;
#2199 = CARTESIAN_POINT ( 'NONE',  ( 12.63633421207403629, -37.88677287673377947, -21.22649730810378088 ) ) ;
#2200 = ORIENTED_EDGE ( 'NONE', *, *, #3784, .T. ) ;
#2201 = CARTESIAN_POINT ( 'NONE',  ( 19.61602540378414972, -31.97595264191662068, -0.5773502691896408301 ) ) ;
#2202 = ADVANCED_FACE ( 'NONE', ( #6768 ), #1125, .F. ) ;
#2203 = CARTESIAN_POINT ( 'NONE',  ( -9.753658612646454174, -36.21202422591903769, -19.37649992046946679 ) ) ;
#2204 = VERTEX_POINT ( 'NONE', #5496 ) ;
#2205 = ORIENTED_EDGE ( 'NONE', *, *, #4975, .F. ) ;
#2206 = CARTESIAN_POINT ( 'NONE',  ( -11.39016187144678227, 35.72833906777979962, -5.773502691896305272 ) ) ;
#2207 = ORIENTED_EDGE ( 'NONE', *, *, #6399, .F. ) ;
#2208 = CARTESIAN_POINT ( 'NONE',  ( 0.000000000000000000, 0.000000000000000000, 20.00000000000000000 ) ) ;
#2209 = AXIS2_PLACEMENT_3D ( 'NONE', #2224, #7240, #3733 ) ;
#2210 = EDGE_LOOP ( 'NONE', ( #1046, #1035, #7665, #4296 ) ) ;
#2211 = CARTESIAN_POINT ( 'NONE',  ( 90.00000000000004263, -93.75000000000000000, 30.00000000000000711 ) ) ;
#2212 = CARTESIAN_POINT ( 'NONE',  ( 11.39016187144701320, 35.72833906777971436, -5.773502691896312378 ) ) ;
#2213 = VERTEX_POINT ( 'NONE', #1829 ) ;
#2214 = ORIENTED_EDGE ( 'NONE', *, *, #840, .T. ) ;
#2215 = APPLICATION_PROTOCOL_DEFINITION ( 'international standard', 'config_control_design', 1994, #643 ) ;
#2216 = AXIS2_PLACEMENT_3D ( 'NONE', #3069, #92, #5115 ) ;
#2217 = EDGE_CURVE ( 'NONE', #7752, #3563, #6855, .T. ) ;
#2218 = EDGE_CURVE ( 'NONE', #1508, #734, #4231, .T. ) ;
#2219 = CARTESIAN_POINT ( 'NONE',  ( 36.84087403957730800, 6.999999999999985789, -22.95854811567265941 ) ) ;
#2220 = ORIENTED_EDGE ( 'NONE', *, *, #6593, .F. ) ;
#2221 = DIRECTION ( 'NONE',  ( -1.000000000000000000, 0.000000000000000000, 0.000000000000000000 ) ) ;
#2222 = ORIENTED_EDGE ( 'NONE', *, *, #7792, .F. ) ;
#2223 = CYLINDRICAL_SURFACE ( 'NONE', #4136, 1.999999999999999112 ) ;
#2224 = CARTESIAN_POINT ( 'NONE',  ( 0.000000000000000000, 0.000000000000000000, 12.50000000000000000 ) ) ;
#2225 = AXIS2_PLACEMENT_3D ( 'NONE', #1338, #6334, #726 ) ;
#2226 = CARTESIAN_POINT ( 'NONE',  ( -26.67770595457930938, 32.20714214271431075, -4.041451884327439181 ) ) ;
#2227 = AXIS2_PLACEMENT_3D ( 'NONE', #6647, #4605, #7099 ) ;
#2228 = DIRECTION ( 'NONE',  ( -1.000000000000000000, 0.000000000000000000, 0.000000000000000000 ) ) ;
#2229 = CIRCLE ( 'NONE', #7088, 2.000000000000000000 ) ;
#2230 = CARTESIAN_POINT ( 'NONE',  ( -36.66150125085174238, -7.885841383543398031, -5.084806631435548674 ) ) ;
#2231 = CARTESIAN_POINT ( 'NONE',  ( 8.625000000000008882, -93.75000000000000000, 6.123233995736766085E-15 ) ) ;
#2232 = CARTESIAN_POINT ( 'NONE',  ( 41.23105625617660763, 7.000000000000006217, -4.041451884327438293 ) ) ;
#2233 = DIRECTION ( 'NONE',  ( 0.000000000000000000, 0.000000000000000000, -1.000000000000000000 ) ) ;
#2234 = CARTESIAN_POINT ( 'NONE',  ( -5.677585235482520254, -8.231951524020955091, -33.00000000000000000 ) ) ;
#2235 = EDGE_LOOP ( 'NONE', ( #7955, #2054, #6757, #281 ) ) ;
#2236 =( BOUNDED_CURVE ( )  B_SPLINE_CURVE ( 3, ( #5047, #1987, #7655, #22 ),
 .UNSPECIFIED., .F., .F. ) 
 B_SPLINE_CURVE_WITH_KNOTS ( ( 4, 4 ),
 ( 4.524620905311397934, 4.685719152212409533 ),
 .UNSPECIFIED. ) 
 CURVE ( )  GEOMETRIC_REPRESENTATION_ITEM ( )  RATIONAL_B_SPLINE_CURVE ( ( 1.000000000000000000, 0.9978384486574995993, 0.9978384486574995993, 1.000000000000000000 ) ) 
 REPRESENTATION_ITEM ( '' )  );
#2237 = CARTESIAN_POINT ( 'NONE',  ( -14.55335030159715259, 39.20714214271427522, -22.95854811567266296 ) ) ;
#2238 = FACE_BOUND ( 'NONE', #6153, .T. ) ;
#2239 = FACE_OUTER_BOUND ( 'NONE', #2106, .T. ) ;
#2240 = ORIENTED_EDGE ( 'NONE', *, *, #6770, .T. ) ;
#2241 = B_SPLINE_CURVE_WITH_KNOTS ( 'NONE', 3,
 ( #1893, #657, #2543, #5065 ),
 .UNSPECIFIED., .F., .F.,
 ( 4, 4 ),
 ( 0.02170191674529166684, 0.02920601259597076574 ),
 .UNSPECIFIED. ) ;
#2242 = DIRECTION ( 'NONE',  ( -0.4330127018922253490, -0.2499999999999981126, 0.8660254037844362651 ) ) ;
#2243 = FACE_OUTER_BOUND ( 'NONE', #7532, .T. ) ;
#2244 = EDGE_CURVE ( 'NONE', #3112, #5379, #5412, .T. ) ;
#2245 = VERTEX_POINT ( 'NONE', #4966 ) ;
#2246 = PLANE ( 'NONE',  #3434 ) ;
#2247 = CARTESIAN_POINT ( 'NONE',  ( -26.00000000000000355, 28.00000000000000355, -33.00000000000000000 ) ) ;
#2248 = ORIENTED_EDGE ( 'NONE', *, *, #1350, .F. ) ;
#2249 = B_SPLINE_CURVE_WITH_KNOTS ( 'NONE', 3,
 ( #3311, #2669, #5844, #2710, #5915, #776 ),
 .UNSPECIFIED., .F., .F.,
 ( 4, 2, 4 ),
 ( 1.828576955152283576E-17, 0.0005212610587558105151, 0.001042522117511602599 ),
 .UNSPECIFIED. ) ;
#2250 = EDGE_CURVE ( 'NONE', #2245, #8069, #7416, .T. ) ;
#2251 = CARTESIAN_POINT ( 'NONE',  ( 18.36155911386013173, -37.82728991241933159, -1.739018449894393026 ) ) ;
#2252 = ORIENTED_EDGE ( 'NONE', *, *, #3532, .T. ) ;
#2253 = FACE_OUTER_BOUND ( 'NONE', #7530, .T. ) ;
#2254 = AXIS2_PLACEMENT_3D ( 'NONE', #5148, #1515, #7111 ) ;
#2255 = CYLINDRICAL_SURFACE ( 'NONE', #272, 2.000000000000002220 ) ;
#2256 = ORIENTED_EDGE ( 'NONE', *, *, #1142, .T. ) ;
#2257 = VERTEX_POINT ( 'NONE', #3035 ) ;
#2258 = COORDINATED_UNIVERSAL_TIME_OFFSET ( 5, 0, .BEHIND. ) ;
#2259 = DIRECTION ( 'NONE',  ( 0.000000000000000000, 0.000000000000000000, 1.000000000000000000 ) ) ;
#2260 = ORIENTED_EDGE ( 'NONE', *, *, #3009, .F. ) ;
#2261 = CARTESIAN_POINT ( 'NONE',  ( 12.35825919329776390, 35.40513281589651484, -22.95854811567265941 ) ) ;
#2262 = ORIENTED_EDGE ( 'NONE', *, *, #200, .F. ) ;
#2263 = CARTESIAN_POINT ( 'NONE',  ( 17.87730674394228814, 32.96440358300142037, -0.5773502691896303940 ) ) ;
#2264 = CARTESIAN_POINT ( 'NONE',  ( 21.19615242270638689, -24.71281292110224115, -21.22649730810378088 ) ) ;
#2265 = DIRECTION ( 'NONE',  ( -1.000000000000000000, 0.000000000000000000, 0.000000000000000000 ) ) ;
#2266 = ADVANCED_FACE ( 'NONE', ( #6723 ), #4848, .F. ) ;
#2267 = AXIS2_PLACEMENT_3D ( 'NONE', #5858, #5240, #223 ) ;
#2268 = DIRECTION ( 'NONE',  ( 1.000000000000000000, 0.000000000000000000, 0.000000000000000000 ) ) ;
#2269 = VECTOR ( 'NONE', #7907, 1000.000000000000000 ) ;
#2270 = DIRECTION ( 'NONE',  ( -1.000000000000000000, 0.000000000000000000, 0.000000000000000000 ) ) ;
#2271 = DIRECTION ( 'NONE',  ( 0.000000000000000000, 8.789642767599149633E-16, -1.000000000000000000 ) ) ;
#2272 = VECTOR ( 'NONE', #4087, 1000.000000000000000 ) ;
#2273 = CARTESIAN_POINT ( 'NONE',  ( -18.01157785597413152, -32.89158546419033513, -26.51080606707490261 ) ) ;
#2274 = CARTESIAN_POINT ( 'NONE',  ( -11.91884600361407465, -36.15296038551072400, -22.19243224547518167 ) ) ;
#2275 = CARTESIAN_POINT ( 'NONE',  ( 0.000000000000000000, 0.000000000000000000, -19.00000000000001066 ) ) ;
#2276 = VERTEX_POINT ( 'NONE', #2279 ) ;
#2277 = AXIS2_PLACEMENT_3D ( 'NONE', #535, #1107, #1648 ) ;
#2278 = CARTESIAN_POINT ( 'NONE',  ( 36.63673020344474196, 8.000000000000008882, -21.22649730810378799 ) ) ;
#2279 = CARTESIAN_POINT ( 'NONE',  ( 50.45615673456315875, -27.68750000000023448, 0.000000000000000000 ) ) ;
#2280 = CARTESIAN_POINT ( 'NONE',  ( -11.58534352633563813, -36.06640361075160683, -21.22649730810378799 ) ) ;
#2281 = ORIENTED_EDGE ( 'NONE', *, *, #4076, .T. ) ;
#2282 = CARTESIAN_POINT ( 'NONE',  ( -10.42173346473783546, -40.68706327896480701, -26.19410874682150592 ) ) ;
#2283 = CARTESIAN_POINT ( 'NONE',  ( -16.10522064941944365, -33.92544407653537064, -25.25917818972683548 ) ) ;
#2284 = ORIENTED_EDGE ( 'NONE', *, *, #3474, .T. ) ;
#2285 = DIRECTION ( 'NONE',  ( -1.000000000000000000, 0.000000000000000000, -0.000000000000000000 ) ) ;
#2286 = VECTOR ( 'NONE', #3133, 1000.000000000000000 ) ;
#2287 = CARTESIAN_POINT ( 'NONE',  ( 41.25295453110567223, -7.886435312095348316, -21.91336164883026782 ) ) ;
#2288 = VERTEX_POINT ( 'NONE', #3753 ) ;
#2289 = AXIS2_PLACEMENT_3D ( 'NONE', #7149, #4576, #7713 ) ;
#2290 = EDGE_CURVE ( 'NONE', #3375, #5156, #6809, .T. ) ;
#2291 = CIRCLE ( 'NONE', #7018, 2.499999999999998668 ) ;
#2292 = DIRECTION ( 'NONE',  ( -0.000000000000000000, -0.000000000000000000, 1.000000000000000000 ) ) ;
#2293 = B_SPLINE_CURVE_WITH_KNOTS ( 'NONE', 3,
 ( #2671, #4580, #7069, #246, #7758, #7151, #1516, #1550, #6578, #4044 ),
 .UNSPECIFIED., .F., .F.,
 ( 4, 2, 2, 2, 4 ),
 ( 0.000000000000000000, 0.0005232838029695437588, 0.001046567605939087518, 0.001569851408908631276, 0.002093135211878175035 ),
 .UNSPECIFIED. ) ;
#2294 = VERTEX_POINT ( 'NONE', #510 ) ;
#2295 = FACE_OUTER_BOUND ( 'NONE', #8026, .T. ) ;
#2296 = ADVANCED_FACE ( 'NONE', ( #7298 ), #3081, .F. ) ;
#2297 = CARTESIAN_POINT ( 'NONE',  ( 57.13409809427928820, 20.34987309427929247, 10.00000000000000000 ) ) ;
#2298 = EDGE_LOOP ( 'NONE', ( #1271, #4541, #5068, #1923 ) ) ;
#2299 = EDGE_CURVE ( 'NONE', #705, #748, #2364, .T. ) ;
#2300 = CARTESIAN_POINT ( 'NONE',  ( 32.00000000000000000, 7.999999999999996447, -4.618802153517066245 ) ) ;
#2301 = AXIS2_PLACEMENT_3D ( 'NONE', #290, #7117, #7194 ) ;
#2302 = EDGE_LOOP ( 'NONE', ( #358, #7054, #4862, #10 ) ) ;
#2303 = ORIENTED_EDGE ( 'NONE', *, *, #3078, .F. ) ;
#2304 = CARTESIAN_POINT ( 'NONE',  ( -8.231951524020955091, 5.677585235482520254, -27.00000000000000000 ) ) ;
#2305 = FACE_BOUND ( 'NONE', #3803, .T. ) ;
#2306 = CARTESIAN_POINT ( 'NONE',  ( 41.25302275733430690, 7.886079674248902549, -21.91449735811973554 ) ) ;
#2307 = EDGE_CURVE ( 'NONE', #2600, #1592, #5537, .T. ) ;
#2308 = DIRECTION ( 'NONE',  ( -0.000000000000000000, -0.000000000000000000, -1.000000000000000000 ) ) ;
#2309 = TOROIDAL_SURFACE ( 'NONE', #2685, 67.26437827766147848, 10.00000000000000000 ) ;
#2310 = EDGE_CURVE ( 'NONE', #3383, #4383, #4652, .T. ) ;
#2311 = ORIENTED_EDGE ( 'NONE', *, *, #2218, .F. ) ;
#2312 = CARTESIAN_POINT ( 'NONE',  ( -41.99472387877437285, -0.6867125519817870449, -26.57709651944001550 ) ) ;
#2313 = CARTESIAN_POINT ( 'NONE',  ( 9.878341828825156767, 6.813102282579008850, -33.00000000000000000 ) ) ;
#2314 = CARTESIAN_POINT ( 'NONE',  ( -14.64410141435752344, 39.36432768085862222, -22.95854811567267717 ) ) ;
#2315 = CARTESIAN_POINT ( 'NONE',  ( -12.20144409149429876, 31.19895450303005902, -23.00000000000000000 ) ) ;
#2316 = DIRECTION ( 'NONE',  ( 0.000000000000000000, 0.000000000000000000, 1.000000000000000000 ) ) ;
#2317 = ORIENTED_EDGE ( 'NONE', *, *, #3009, .T. ) ;
#2318 = CARTESIAN_POINT ( 'NONE',  ( 14.64410141435777035, 39.36432768085854406, -4.041451884327434740 ) ) ;
#2319 = DIRECTION ( 'NONE',  ( -0.000000000000000000, -0.000000000000000000, -1.000000000000000000 ) ) ;
#2320 = EDGE_CURVE ( 'NONE', #770, #5279, #3797, .T. ) ;
#2321 = EDGE_CURVE ( 'NONE', #5693, #6413, #5907, .T. ) ;
#2322 = DIRECTION ( 'NONE',  ( 0.000000000000000000, 0.000000000000000000, -1.000000000000000000 ) ) ;
#2323 = EDGE_LOOP ( 'NONE', ( #2133, #6376 ) ) ;
#2324 = CYLINDRICAL_SURFACE ( 'NONE', #2353, 2.000000000000001776 ) ;
#2325 = CARTESIAN_POINT ( 'NONE',  ( 12.70660171779826619, -10.60660171779815997, -31.99999999999998579 ) ) ;
#2326 = ORIENTED_EDGE ( 'NONE', *, *, #359, .T. ) ;
#2327 = CARTESIAN_POINT ( 'NONE',  ( 51.37500000000000711, -93.75000000000000000, 6.123233995736766085E-15 ) ) ;
#2328 = CARTESIAN_POINT ( 'NONE',  ( 41.23105625617660763, -7.999999999999998224, -21.22649730810378088 ) ) ;
#2329 = VERTEX_POINT ( 'NONE', #1328 ) ;
#2330 = CARTESIAN_POINT ( 'NONE',  ( -19.34191058477986402, 32.12738179418563789, -26.57696310110719651 ) ) ;
#2331 = CARTESIAN_POINT ( 'NONE',  ( -21.86007217900137078, 35.86275567115347940, -26.42264973081039159 ) ) ;
#2332 = EDGE_LOOP ( 'NONE', ( #7874, #2634 ) ) ;
#2333 = CARTESIAN_POINT ( 'NONE',  ( -10.60660171779819017, 10.60660171779823102, -31.99999999999998579 ) ) ;
#2334 = MANIFOLD_SOLID_BREP ( 'Cut-Extrude5', #2756 ) ;
#2335 = CARTESIAN_POINT ( 'NONE',  ( 13.68732489781299222, 39.70714214271418996, -21.40345959913862472 ) ) ;
#2336 = CARTESIAN_POINT ( 'NONE',  ( 13.68732489781243267, -39.70714214271438181, -21.22649730810378088 ) ) ;
#2337 = ORIENTED_EDGE ( 'NONE', *, *, #3332, .F. ) ;
#2338 =( NAMED_UNIT ( * ) PLANE_ANGLE_UNIT ( ) SI_UNIT ( $, .RADIAN. ) );
#2339 = AXIS2_PLACEMENT_3D ( 'NONE', #4143, #6635, #1073 ) ;
#2340 = DIRECTION ( 'NONE',  ( -1.000000000000000000, 0.000000000000000000, 0.000000000000000000 ) ) ;
#2341 = EDGE_LOOP ( 'NONE', ( #5632, #6978 ) ) ;
#2342 = CARTESIAN_POINT ( 'NONE',  ( -11.50141165706307866, -35.69271211588414161, -5.084806631435546898 ) ) ;
#2343 = DIRECTION ( 'NONE',  ( 0.000000000000000000, 0.000000000000000000, 1.000000000000000000 ) ) ;
#2344 = ADVANCED_FACE ( 'NONE', ( #5125 ), #3905, .T. ) ;
#2345 = EDGE_CURVE ( 'NONE', #3957, #2573, #2236, .T. ) ;
#2346 = VECTOR ( 'NONE', #5692, 1000.000000000000227 ) ;
#2347 = ORIENTED_EDGE ( 'NONE', *, *, #5626, .T. ) ;
#2348 = DIRECTION ( 'NONE',  ( 1.000000000000000000, 0.000000000000000000, 0.000000000000000000 ) ) ;
#2349 = B_SPLINE_CURVE_WITH_KNOTS ( 'NONE', 3,
 ( #5939, #1617, #1499, #6486, #3333, #3408, #2115, #4640, #4598, #5288 ),
 .UNSPECIFIED., .F., .F.,
 ( 4, 2, 2, 2, 4 ),
 ( 8.673617379884034509E-19, 0.0005232838029695357357, 0.001046567605939070604, 0.001569851408908605472, 0.002093135211878140341 ),
 .UNSPECIFIED. ) ;
#2350 = EDGE_CURVE ( 'NONE', #3262, #5479, #2755, .T. ) ;
#2351 = CARTESIAN_POINT ( 'NONE',  ( -68.62500000000000000, -93.75000000000000000, 6.123233995736766085E-15 ) ) ;
#2352 = VERTEX_POINT ( 'NONE', #4556 ) ;
#2353 = AXIS2_PLACEMENT_3D ( 'NONE', #4894, #6683, #2993 ) ;
#2354 = FACE_OUTER_BOUND ( 'NONE', #4038, .T. ) ;
#2355 = ORIENTED_EDGE ( 'NONE', *, *, #2808, .F. ) ;
#2356 = DIRECTION ( 'NONE',  ( 0.000000000000000000, 0.000000000000000000, -1.000000000000000000 ) ) ;
#2357 = LINE ( 'NONE', #7369, #7791 ) ;
#2358 = CARTESIAN_POINT ( 'NONE',  ( 20.02304161032249041, 50.58757971695901290, 12.50000000000000000 ) ) ;
#2359 = VECTOR ( 'NONE', #4066, 999.9999999999998863 ) ;
#2360 = CARTESIAN_POINT ( 'NONE',  ( -26.76845706734008701, -32.36432768085830247, -22.95854811567267362 ) ) ;
#2362 = AXIS2_PLACEMENT_3D ( 'NONE', #1711, #7919, #2371 ) ;
#2361 = AXIS2_PLACEMENT_3D ( 'NONE', #6148, #2445, #6242 ) ;
#2363 = CARTESIAN_POINT ( 'NONE',  ( -23.50000000000000355, 28.00000000000000355, -28.00000000000000000 ) ) ;
#2364 = LINE ( 'NONE', #1664, #5132 ) ;
#2365 = CARTESIAN_POINT ( 'NONE',  ( 99.10955656197202757, -97.50000000000000000, 110.0000000000000000 ) ) ;
#2366 = AXIS2_PLACEMENT_3D ( 'NONE', #3571, #4922, #1655 ) ;
#2367 = ORIENTED_EDGE ( 'NONE', *, *, #7590, .T. ) ;
#2368 = CARTESIAN_POINT ( 'NONE',  ( -61.97103873876893232, 6.769727410905642451, 11.32050395883167049 ) ) ;
#2369 = CARTESIAN_POINT ( 'NONE',  ( -6.813102282579023949, -9.878341828825144333, -27.00000000000000000 ) ) ;
#2370 = EDGE_LOOP ( 'NONE', ( #3196, #1521, #1861, #4222 ) ) ;
#2371 = DIRECTION ( 'NONE',  ( 1.000000000000000000, 0.000000000000000000, -0.000000000000000000 ) ) ;
#2372 = EDGE_CURVE ( 'NONE', #1834, #5464, #3941, .T. ) ;
#2373 = FACE_OUTER_BOUND ( 'NONE', #370, .T. ) ;
#2374 = ORIENTED_EDGE ( 'NONE', *, *, #4548, .T. ) ;
#2375 = DIRECTION ( 'NONE',  ( 0.000000000000000000, 0.000000000000000000, -1.000000000000000000 ) ) ;
#2376 = CC_DESIGN_DATE_AND_TIME_ASSIGNMENT ( #3476, #6086, ( #316 ) ) ;
#2377 = DIRECTION ( 'NONE',  ( 0.000000000000000000, 0.000000000000000000, 1.000000000000000000 ) ) ;
#2378 = ORIENTED_EDGE ( 'NONE', *, *, #5377, .T. ) ;
#2379 = CARTESIAN_POINT ( 'NONE',  ( 36.63673020344473485, 7.999999999999994671, -5.596326221946340773 ) ) ;
#2380 = CARTESIAN_POINT ( 'NONE',  ( 14.02971325226070221, 39.58756110840088382, -22.37909062042007591 ) ) ;
#2381 = CARTESIAN_POINT ( 'NONE',  ( 20.12802137143275516, 36.86275567115332308, -26.42264973081038804 ) ) ;
#2382 = EDGE_LOOP ( 'NONE', ( #6986, #2, #1282, #4323 ) ) ;
#2383 = DIRECTION ( 'NONE',  ( -0.8660254037844434816, -0.4999999999999916733, 0.000000000000000000 ) ) ;
#2384 = VERTEX_POINT ( 'NONE', #1370 ) ;
#2385 = ORIENTED_EDGE ( 'NONE', *, *, #5964, .T. ) ;
#2386 = CARTESIAN_POINT ( 'NONE',  ( -95.54778280986008099, -87.50000000000001421, 25.00000000000000711 ) ) ;
#2387 = FACE_BOUND ( 'NONE', #6710, .T. ) ;
#2388 = CARTESIAN_POINT ( 'NONE',  ( -25.16008959378939025, -27.80687073234058460, -21.91519336856454103 ) ) ;
#2389 = EDGE_LOOP ( 'NONE', ( #6186, #6490, #441, #6232 ) ) ;
#2390 = DIRECTION ( 'NONE',  ( -0.000000000000000000, -0.000000000000000000, 1.000000000000000000 ) ) ;
#2391 = DIRECTION ( 'NONE',  ( 0.000000000000000000, 0.000000000000000000, 1.000000000000000000 ) ) ;
#2392 = EDGE_CURVE ( 'NONE', #2047, #6689, #6798, .T. ) ;
#2393 = CIRCLE ( 'NONE', #5809, 1.375000000000001332 ) ;
#2394 = FACE_OUTER_BOUND ( 'NONE', #1375, .T. ) ;
#2395 = EDGE_CURVE ( 'NONE', #4688, #7216, #3566, .T. ) ;
#2396 = ORIENTED_EDGE ( 'NONE', *, *, #7780, .T. ) ;
#2397 = FACE_OUTER_BOUND ( 'NONE', #7983, .T. ) ;
#2398 = ORIENTED_EDGE ( 'NONE', *, *, #4714, .F. ) ;
#2399 = CYLINDRICAL_SURFACE ( 'NONE', #5893, 2.000000000000000000 ) ;
#2400 = CARTESIAN_POINT ( 'NONE',  ( -41.23105625617660763, 7.999999999999998224, -5.773502691896304384 ) ) ;
#2401 = AXIS2_PLACEMENT_3D ( 'NONE', #4585, #3161, #8114 ) ;
#2402 = EDGE_CURVE ( 'NONE', #2835, #2288, #143, .T. ) ;
#2403 = CARTESIAN_POINT ( 'NONE',  ( -5.000486708505709643, 10.72357835230655532, -27.00000000000000000 ) ) ;
#2404 = CARTESIAN_POINT ( 'NONE',  ( 25.99999999999999645, 28.00000000000000355, -28.00000000000000000 ) ) ;
#2405 = EDGE_CURVE ( 'NONE', #2180, #2585, #3162, .T. ) ;
#2406 = DIRECTION ( 'NONE',  ( 0.4330127018922155790, -0.2500000000000006106, -0.8660254037844403729 ) ) ;
#2407 = DIRECTION ( 'NONE',  ( -1.000000000000000000, 0.000000000000000000, 0.000000000000000000 ) ) ;
#2408 = CARTESIAN_POINT ( 'NONE',  ( 21.32768608023828349, -30.91025225421858735, -25.25917818972684259 ) ) ;
#2409 = ORIENTED_EDGE ( 'NONE', *, *, #4375, .F. ) ;
#2410 = CARTESIAN_POINT ( 'NONE',  ( -11.16374791922730125, -40.48943212114230050, -25.46162126098835188 ) ) ;
#2411 = DIRECTION ( 'NONE',  ( -1.000000000000000000, 0.000000000000000000, 0.000000000000000000 ) ) ;
#2412 = VERTEX_POINT ( 'NONE', #4438 ) ;
#2413 = CARTESIAN_POINT ( 'NONE',  ( -10.60660171779819017, 10.60660171779823102, -33.00000000000000000 ) ) ;
#2414 = ORIENTED_EDGE ( 'NONE', *, *, #4194, .F. ) ;
#2415 = CONICAL_SURFACE ( 'NONE', #4527, 2.099999999999999645, 0.7853981633974648213 ) ;
#2416 = FACE_OUTER_BOUND ( 'NONE', #7959, .T. ) ;
#2417 = CARTESIAN_POINT ( 'NONE',  ( -13.47299966812150629, 29.33633035359542873, -23.00000000000000000 ) ) ;
#2418 = EDGE_CURVE ( 'NONE', #4641, #5733, #5700, .T. ) ;
#2419 = CARTESIAN_POINT ( 'NONE',  ( 36.63673020344474196, 8.000000000000008882, -5.773502691896312378 ) ) ;
#2420 = ORIENTED_EDGE ( 'NONE', *, *, #2970, .T. ) ;
#2421 = DIRECTION ( 'NONE',  ( -1.000000000000000000, 0.000000000000000000, 0.000000000000000000 ) ) ;
#2422 = DIRECTION ( 'NONE',  ( 0.000000000000000000, 0.000000000000000000, -1.000000000000000000 ) ) ;
#2423 = DIRECTION ( 'NONE',  ( -0.000000000000000000, -0.000000000000000000, 1.000000000000000000 ) ) ;
#2424 = ORIENTED_EDGE ( 'NONE', *, *, #2566, .F. ) ;
#2425 = VECTOR ( 'NONE', #4328, 1000.000000000000000 ) ;
#2426 = VECTOR ( 'NONE', #3548, 1000.000000000000000 ) ;
#2427 = LINE ( 'NONE', #4949, #7037 ) ;
#2428 = ADVANCED_FACE ( 'NONE', ( #1290 ), #2567, .F. ) ;
#2429 = ORIENTED_EDGE ( 'NONE', *, *, #5528, .T. ) ;
#2430 = FACE_OUTER_BOUND ( 'NONE', #1889, .T. ) ;
#2431 = CARTESIAN_POINT ( 'NONE',  ( -90.20512218169217533, -72.50000000000002842, 10.00000000000000000 ) ) ;
#2432 = ORIENTED_EDGE ( 'NONE', *, *, #188, .T. ) ;
#2433 = CYLINDRICAL_SURFACE ( 'NONE', #3103, 2.499999999999998668 ) ;
#2434 = FACE_OUTER_BOUND ( 'NONE', #7895, .T. ) ;
#2435 = FACE_OUTER_BOUND ( 'NONE', #6658, .T. ) ;
#2436 = VERTEX_POINT ( 'NONE', #6323 ) ;
#2437 = CARTESIAN_POINT ( 'NONE',  ( -25.24656833199782469, 27.72833906777982094, -5.773502691896312378 ) ) ;
#2438 = ORIENTED_EDGE ( 'NONE', *, *, #5237, .F. ) ;
#2439 = DIRECTION ( 'NONE',  ( 0.000000000000000000, 0.000000000000000000, -1.000000000000000000 ) ) ;
#2440 = DIRECTION ( 'NONE',  ( 0.4330127018922260707, 0.2499999999999985567, 0.8660254037844358210 ) ) ;
#2441 = AXIS2_PLACEMENT_3D ( 'NONE', #1351, #1312, #2008 ) ;
#2442 = CARTESIAN_POINT ( 'NONE',  ( 16.10522064941920917, 33.92544407653547012, -25.25917818972684259 ) ) ;
#2443 = CARTESIAN_POINT ( 'NONE',  ( -8.231951524020962196, -5.677585235482507819, -33.00000000000000000 ) ) ;
#2444 = DIRECTION ( 'NONE',  ( -0.8660254037844327124, 0.5000000000000105471, 0.000000000000000000 ) ) ;
#2445 = DIRECTION ( 'NONE',  ( -0.000000000000000000, -0.000000000000000000, -1.000000000000000000 ) ) ;
#2446 = ADVANCED_FACE ( 'NONE', ( #3247 ), #2483, .F. ) ;
#2447 = CARTESIAN_POINT ( 'NONE',  ( 21.59221981894864584, -36.02504974377168168, -0.4230334080343824410 ) ) ;
#2448 = EDGE_LOOP ( 'NONE', ( #1380, #5675, #2580, #8 ) ) ;
#2449 = CARTESIAN_POINT ( 'NONE',  ( 41.36283800948370271, 7.289121911236749796, -4.234528761152331455 ) ) ;
#2450 = CARTESIAN_POINT ( 'NONE',  ( 25.24656833199800943, 27.72833906777965396, -21.22649730810378088 ) ) ;
#2451 = ORIENTED_EDGE ( 'NONE', *, *, #7762, .F. ) ;
#2452 = DIRECTION ( 'NONE',  ( -1.000000000000000000, 0.000000000000000000, 0.000000000000000000 ) ) ;
#2453 = EDGE_CURVE ( 'NONE', #2585, #7172, #3433, .T. ) ;
#2454 = ADVANCED_FACE ( 'NONE', ( #5283 ), #833, .F. ) ;
#2455 = ORIENTED_EDGE ( 'NONE', *, *, #5325, .F. ) ;
#2456 = DIRECTION ( 'NONE',  ( -0.000000000000000000, -0.000000000000000000, -1.000000000000000000 ) ) ;
#2457 = EDGE_CURVE ( 'NONE', #955, #6203, #1985, .T. ) ;
#2458 = ORIENTED_EDGE ( 'NONE', *, *, #2117, .T. ) ;
#2459 = CARTESIAN_POINT ( 'NONE',  ( -14.02980915066476797, -39.58752724700303816, -4.620752351218224696 ) ) ;
#2460 = VERTEX_POINT ( 'NONE', #2769 ) ;
#2461 = DIRECTION ( 'NONE',  ( 0.4999999999999980016, -0.8660254037844398178, -5.634051689578124951E-32 ) ) ;
#2462 = EDGE_LOOP ( 'NONE', ( #5303, #3053, #6562, #6051 ) ) ;
#2463 = DIRECTION ( 'NONE',  ( 0.4330127018922208526, -0.2500000000000075495, 0.8660254037844357100 ) ) ;
#2464 = EDGE_LOOP ( 'NONE', ( #1859, #4009, #4035, #157 ) ) ;
#2465 = CARTESIAN_POINT ( 'NONE',  ( 41.94017357740406737, 3.012068310516706315, -1.739018449894385476 ) ) ;
#2466 = CARTESIAN_POINT ( 'NONE',  ( -9.013109879033816441, -54.16492339063440653, 10.00000000000000000 ) ) ;
#2467 = ORIENTED_EDGE ( 'NONE', *, *, #138, .T. ) ;
#2468 = CARTESIAN_POINT ( 'NONE',  ( 70.00000000000001421, -93.75000000000000000, 30.00000000000000711 ) ) ;
#2469 = ORIENTED_EDGE ( 'NONE', *, *, #8121, .T. ) ;
#2470 = ADVANCED_FACE ( 'NONE', ( #3488 ), #2688, .F. ) ;
#2471 = CARTESIAN_POINT ( 'NONE',  ( -41.23555382585275453, 7.976919199850648567, -5.423601157605925316 ) ) ;
#2472 = VECTOR ( 'NONE', #6397, 1000.000000000000000 ) ;
#2473 = EDGE_CURVE ( 'NONE', #1937, #6859, #7816, .T. ) ;
#2474 = ORIENTED_EDGE ( 'NONE', *, *, #2052, .T. ) ;
#2475 = CARTESIAN_POINT ( 'NONE',  ( -36.67621503328021504, -7.817492652587869628, -22.07911054674008255 ) ) ;
#2476 = ORIENTED_EDGE ( 'NONE', *, *, #5145, .T. ) ;
#2477 = AXIS2_PLACEMENT_3D ( 'NONE', #1799, #7896, #4322 ) ;
#2478 = CARTESIAN_POINT ( 'NONE',  ( 36.66142631260766649, -7.886188508877494563, -5.085918016008659670 ) ) ;
#2479 = CARTESIAN_POINT ( 'NONE',  ( 11.87469789131136899, -36.26069313420039464, -22.00192183897787146 ) ) ;
#2480 = LINE ( 'NONE', #5613, #2797 ) ;
#2481 = AXIS2_PLACEMENT_3D ( 'NONE', #233, #2242, #2163 ) ;
#2482 = DIRECTION ( 'NONE',  ( 0.7071067811865597852, 8.659560562355082002E-17, -0.7071067811865352493 ) ) ;
#2483 = CYLINDRICAL_SURFACE ( 'NONE', #1564, 2.000000000000001776 ) ;
#2484 = CARTESIAN_POINT ( 'NONE',  ( -12.70660171779819336, -10.60660171779822569, -31.99999999999998579 ) ) ;
#2485 = ORIENTED_EDGE ( 'NONE', *, *, #7526, .T. ) ;
#2486 = CARTESIAN_POINT ( 'NONE',  ( 6.813102282579008850, -9.878341828825156767, -33.00000000000000000 ) ) ;
#2487 = DIRECTION ( 'NONE',  ( 0.000000000000000000, 0.000000000000000000, -1.000000000000000000 ) ) ;
#2488 = EDGE_LOOP ( 'NONE', ( #2303, #4004, #6739, #6615 ) ) ;
#2489 = DIRECTION ( 'NONE',  ( -1.000000000000000000, 0.000000000000000000, 0.000000000000000000 ) ) ;
#2491 = AXIS2_PLACEMENT_3D ( 'NONE', #7181, #5337, #3505 ) ;
#2490 = VECTOR ( 'NONE', #5010, 1000.000000000000000 ) ;
#2492 = ORIENTED_EDGE ( 'NONE', *, *, #7193, .F. ) ;
#2493 = CIRCLE ( 'NONE', #2622, 3.100000000000047162 ) ;
#2494 = CIRCLE ( 'NONE', #3305, 60.65000000000000568 ) ;
#2495 = EDGE_CURVE ( 'NONE', #7029, #4916, #4461, .T. ) ;
#2496 = LINE ( 'NONE', #5019, #785 ) ;
#2497 = VERTEX_POINT ( 'NONE', #871 ) ;
#2498 = CARTESIAN_POINT ( 'NONE',  ( 37.48666429545313150, -0.9999999999999892308, -26.42264973081038804 ) ) ;
#2499 = VERTEX_POINT ( 'NONE', #7695 ) ;
#2500 = LINE ( 'NONE', #5674, #5011 ) ;
#2501 = ORIENTED_EDGE ( 'NONE', *, *, #639, .T. ) ;
#2502 = EDGE_CURVE ( 'NONE', #6689, #6994, #4780, .T. ) ;
#2503 = VERTEX_POINT ( 'NONE', #4097 ) ;
#2504 = VECTOR ( 'NONE', #2487, 1000.000000000000000 ) ;
#2505 = EDGE_CURVE ( 'NONE', #326, #4814, #1302, .T. ) ;
#2506 = FACE_OUTER_BOUND ( 'NONE', #5180, .T. ) ;
#2507 = ORIENTED_EDGE ( 'NONE', *, *, #1190, .F. ) ;
#2508 = CARTESIAN_POINT ( 'NONE',  ( 41.41255848169731735, 7.000000000000006217, -4.041451884327439181 ) ) ;
#2509 = CARTESIAN_POINT ( 'NONE',  ( 13.79662393997579173, 39.66932426114950516, -5.086638351169825434 ) ) ;
#2510 = CARTESIAN_POINT ( 'NONE',  ( -25.24656833199820127, -27.72833906777948698, -21.40367377805376492 ) ) ;
#2511 = VERTEX_POINT ( 'NONE', #1450 ) ;
#2512 = CARTESIAN_POINT ( 'NONE',  ( -27.26889969358163768, -31.94393475822394990, -22.37924764878187389 ) ) ;
#2513 = EDGE_LOOP ( 'NONE', ( #5713, #49, #6546, #4046 ) ) ;
#2514 = DIRECTION ( 'NONE',  ( -1.000000000000000000, 0.000000000000000000, 0.000000000000000000 ) ) ;
#2515 = VERTEX_POINT ( 'NONE', #1608 ) ;
#2516 = DIRECTION ( 'NONE',  ( -0.5000000000000101030, -0.8660254037844328234, 0.000000000000000000 ) ) ;
#2517 = VERTEX_POINT ( 'NONE', #3981 ) ;
#2518 = EDGE_CURVE ( 'NONE', #5057, #7661, #662, .T. ) ;
#2519 = DIRECTION ( 'NONE',  ( 1.000000000000000000, 0.000000000000000000, 0.000000000000000000 ) ) ;
#2520 = DIRECTION ( 'NONE',  ( -1.000000000000000000, 0.000000000000000000, 0.000000000000000000 ) ) ;
#2521 = CIRCLE ( 'NONE', #2650, 2.099999999999999645 ) ;
#2522 = CARTESIAN_POINT ( 'NONE',  ( 27.45633059112977392, -31.78288894905447037, -5.086638351169825434 ) ) ;
#2523 = CARTESIAN_POINT ( 'NONE',  ( -71.37500000000001421, -93.75000000000000000, 6.123233995736766085E-15 ) ) ;
#2524 = CARTESIAN_POINT ( 'NONE',  ( 0.000000000000000000, 0.000000000000000000, -23.00000000000000000 ) ) ;
#2525 = CARTESIAN_POINT ( 'NONE',  ( 32.00000000000000000, -8.673617379884035472E-16, -2.309401076758510918 ) ) ;
#2526 = ORIENTED_EDGE ( 'NONE', *, *, #2149, .F. ) ;
#2527 = LINE ( 'NONE', #3251, #4867 ) ;
#2528 = DIRECTION ( 'NONE',  ( 0.000000000000000000, 0.000000000000000000, 1.000000000000000000 ) ) ;
#2529 = EDGE_LOOP ( 'NONE', ( #4828, #7759, #6220, #2082 ) ) ;
#2530 = CARTESIAN_POINT ( 'NONE',  ( 95.54778280986009520, -87.50000000000001421, 100.0000000000000000 ) ) ;
#2531 = EDGE_LOOP ( 'NONE', ( #1013, #2079 ) ) ;
#2532 = AXIS2_PLACEMENT_3D ( 'NONE', #2029, #7125, #1489 ) ;
#2533 = DIRECTION ( 'NONE',  ( -1.000000000000000000, 0.000000000000000000, 0.000000000000000000 ) ) ;
#2534 = DIRECTION ( 'NONE',  ( -1.000000000000000000, 0.000000000000000000, 0.000000000000000000 ) ) ;
#2535 = VERTEX_POINT ( 'NONE', #5978 ) ;
#2536 = DIRECTION ( 'NONE',  ( -1.000000000000000000, 0.000000000000000000, 0.000000000000000000 ) ) ;
#2537 = ORIENTED_EDGE ( 'NONE', *, *, #6616, .T. ) ;
#2538 = EDGE_CURVE ( 'NONE', #6956, #2204, #6047, .T. ) ;
#2539 = LINE ( 'NONE', #3852, #4746 ) ;
#2540 = ORIENTED_EDGE ( 'NONE', *, *, #6348, .F. ) ;
#2541 = ORIENTED_EDGE ( 'NONE', *, *, #6573, .F. ) ;
#2542 = EDGE_CURVE ( 'NONE', #4234, #707, #2494, .T. ) ;
#2543 = CARTESIAN_POINT ( 'NONE',  ( 66.05348422836209465, -4.692105298632593069, 10.00000000000000000 ) ) ;
#2544 = AXIS2_PLACEMENT_3D ( 'NONE', #5014, #7506, #3040 ) ;
#2545 = ADVANCED_FACE ( 'NONE', ( #6633 ), #3531, .F. ) ;
#2546 = VERTEX_POINT ( 'NONE', #4221 ) ;
#2547 = CARTESIAN_POINT ( 'NONE',  ( -70.00000000000000000, -93.75000000000000000, 30.00000000000000711 ) ) ;
#2548 = CARTESIAN_POINT ( 'NONE',  ( -31.19895450303003415, 12.20144409149434850, -27.00000000000000000 ) ) ;
#2549 = CARTESIAN_POINT ( 'NONE',  ( 26.99398375115480775, 32.17670753321494459, -22.76547123884775914 ) ) ;
#2550 = CARTESIAN_POINT ( 'NONE',  ( 23.57861446354323931, -34.81522160190267101, -25.26098155010567226 ) ) ;
#2551 = AXIS2_PLACEMENT_3D ( 'NONE', #7545, #7583, #2489 ) ;
#2552 = ORIENTED_EDGE ( 'NONE', *, *, #2577, .T. ) ;
#2553 = EDGE_CURVE ( 'NONE', #34, #5728, #898, .T. ) ;
#2554 = ADVANCED_FACE ( 'NONE', ( #2435 ), #1734, .F. ) ;
#2555 = CARTESIAN_POINT ( 'NONE',  ( -41.15164471081026676, 37.05310732712226951, 12.50000000000000000 ) ) ;
#2556 = VERTEX_POINT ( 'NONE', #6670 ) ;
#2557 = CARTESIAN_POINT ( 'NONE',  ( -25.24656833199782469, 27.72833906777982094, -21.22649730810378088 ) ) ;
#2558 = VECTOR ( 'NONE', #6460, 1000.000000000000000 ) ;
#2559 = ORIENTED_EDGE ( 'NONE', *, *, #2457, .F. ) ;
#2560 = FACE_OUTER_BOUND ( 'NONE', #6037, .T. ) ;
#2561 = ORIENTED_EDGE ( 'NONE', *, *, #4827, .F. ) ;
#2562 = DIRECTION ( 'NONE',  ( 0.000000000000000000, 0.000000000000000000, -1.000000000000000000 ) ) ;
#2563 = LINE ( 'NONE', #4632, #398 ) ;
#2564 = AXIS2_PLACEMENT_3D ( 'NONE', #3437, #6542, #5274 ) ;
#2565 = CARTESIAN_POINT ( 'NONE',  ( 21.59221981894910769, 36.02504974377139035, -26.57696659196565037 ) ) ;
#2566 = EDGE_CURVE ( 'NONE', #572, #1588, #1979, .T. ) ;
#2567 = PLANE ( 'NONE',  #3838 ) ;
#2568 = DIRECTION ( 'NONE',  ( -1.000000000000000000, 0.000000000000000000, 0.000000000000000000 ) ) ;
#2569 = AXIS2_PLACEMENT_3D ( 'NONE', #714, #4553, #795 ) ;
#2570 = CARTESIAN_POINT ( 'NONE',  ( -11.97390994451040847, -40.25702984114479221, -22.47231296654015509 ) ) ;
#2571 =( BOUNDED_CURVE ( )  B_SPLINE_CURVE ( 3, ( #911, #3450, #1498, #1453 ),
 .UNSPECIFIED., .F., .F. ) 
 B_SPLINE_CURVE_WITH_KNOTS ( ( 4, 4 ),
 ( 1.403348247575207930, 1.546984552834227866 ),
 .UNSPECIFIED. ) 
 CURVE ( )  GEOMETRIC_REPRESENTATION_ITEM ( )  RATIONAL_B_SPLINE_CURVE ( ( 1.000000000000000000, 0.9982814565068700574, 0.9982814565068700574, 1.000000000000000000 ) ) 
 REPRESENTATION_ITEM ( '' )  );
#2572 = DIRECTION ( 'NONE',  ( 0.000000000000000000, -1.000000000000000000, 0.000000000000000000 ) ) ;
#2573 = VERTEX_POINT ( 'NONE', #463 ) ;
#2574 = CARTESIAN_POINT ( 'NONE',  ( 11.46121997500032208, -40.40623105623471645, -25.02194813904857895 ) ) ;
#2575 = EDGE_LOOP ( 'NONE', ( #7432, #4529, #2015, #127, #1855, #6328, #1186, #1320, #7591, #617, #498, #646, #5020, #6212, #2451, #6217, #2930, #5114, #5704, #2064 ) ) ;
#2576 = ADVANCED_FACE ( 'NONE', ( #2394 ), #1154, .F. ) ;
#2577 = EDGE_CURVE ( 'NONE', #8097, #6502, #1707, .T. ) ;
#2578 = LINE ( 'NONE', #2654, #5256 ) ;
#2579 = CARTESIAN_POINT ( 'NONE',  ( 14.02971325226012311, -39.58756110840111120, -4.620909379580028897 ) ) ;
#2580 = ORIENTED_EDGE ( 'NONE', *, *, #200, .T. ) ;
#2581 = DIRECTION ( 'NONE',  ( -0.8660254037844433705, -0.4999999999999919509, -9.766269741776827721E-17 ) ) ;
#2582 = EDGE_LOOP ( 'NONE', ( #534, #1551 ) ) ;
#2583 = ORIENTED_EDGE ( 'NONE', *, *, #3044, .F. ) ;
#2584 = FACE_OUTER_BOUND ( 'NONE', #1246, .T. ) ;
#2585 = VERTEX_POINT ( 'NONE', #2351 ) ;
#2586 = VERTEX_POINT ( 'NONE', #7325 ) ;
#2587 = APPROVAL_STATUS ( 'not_yet_approved' ) ;
#2588 = FACE_BOUND ( 'NONE', #2720, .T. ) ;
#2589 = ORIENTED_EDGE ( 'NONE', *, *, #7693, .F. ) ;
#2590 = LINE ( 'NONE', #7523, #3762 ) ;
#2591 = CARTESIAN_POINT ( 'NONE',  ( 14.13337419480969537, 39.55076990786838564, -4.480273193007955790 ) ) ;
#2592 = DIRECTION ( 'NONE',  ( 0.000000000000000000, 0.000000000000000000, -1.000000000000000000 ) ) ;
#2593 = DIRECTION ( 'NONE',  ( -0.000000000000000000, -0.000000000000000000, 1.000000000000000000 ) ) ;
#2594 = ORIENTED_EDGE ( 'NONE', *, *, #4929, .F. ) ;
#2595 = ORIENTED_EDGE ( 'NONE', *, *, #6880, .T. ) ;
#2596 = DIRECTION ( 'NONE',  ( -0.000000000000000000, -0.000000000000000000, 1.000000000000000000 ) ) ;
#2597 = EDGE_LOOP ( 'NONE', ( #3521, #1921, #7558, #5352 ) ) ;
#2598 = ADVANCED_FACE ( 'NONE', ( #7945 ), #6799, .F. ) ;
#2599 = DIRECTION ( 'NONE',  ( -0.000000000000000000, -0.000000000000000000, -1.000000000000000000 ) ) ;
#2600 = VERTEX_POINT ( 'NONE', #5487 ) ;
#2601 = FACE_OUTER_BOUND ( 'NONE', #5765, .T. ) ;
#2602 = DIRECTION ( 'NONE',  ( -0.000000000000000000, -0.000000000000000000, -1.000000000000000000 ) ) ;
#2603 = DIRECTION ( 'NONE',  ( -1.000000000000000000, 0.000000000000000000, 0.000000000000000000 ) ) ;
#2604 = CARTESIAN_POINT ( 'NONE',  ( -50.16475458984395175, 17.11181606351326678, 12.50000000000000000 ) ) ;
#2605 = EDGE_CURVE ( 'NONE', #703, #5105, #6444, .T. ) ;
#2606 = CARTESIAN_POINT ( 'NONE',  ( -26.88692135885269963, -32.26634615216294577, -4.128968861067659368 ) ) ;
#2607 = PLANE ( 'NONE',  #5263 ) ;
#2608 = DIRECTION ( 'NONE',  ( 1.000000000000000000, -0.000000000000000000, -0.000000000000000000 ) ) ;
#2609 = LINE ( 'NONE', #66, #2151 ) ;
#2610 = CARTESIAN_POINT ( 'NONE',  ( 9.282054616820747839, -40.96222955422874890, -26.79786308026062613 ) ) ;
#2611 = ORIENTED_EDGE ( 'NONE', *, *, #4408, .T. ) ;
#2612 = LINE ( 'NONE', #3292, #1369 ) ;
#2613 = DIRECTION ( 'NONE',  ( 0.000000000000000000, 0.000000000000000000, -1.000000000000000000 ) ) ;
#2614 = ORIENTED_EDGE ( 'NONE', *, *, #7048, .F. ) ;
#2615 = CARTESIAN_POINT ( 'NONE',  ( 37.49073999436470217, -0.8472156431325651438, -0.4891401796242548228 ) ) ;
#2616 = VECTOR ( 'NONE', #4759, 1000.000000000000000 ) ;
#2617 = ORIENTED_EDGE ( 'NONE', *, *, #4897, .T. ) ;
#2618 = EDGE_CURVE ( 'NONE', #6203, #4190, #3105, .T. ) ;
#2619 = VERTEX_POINT ( 'NONE', #6137 ) ;
#2620 = CARTESIAN_POINT ( 'NONE',  ( 7.506601717798072393, 10.60660171779830208, -33.00000000000000000 ) ) ;
#2621 = ORIENTED_EDGE ( 'NONE', *, *, #6886, .T. ) ;
#2622 = AXIS2_PLACEMENT_3D ( 'NONE', #6293, #5789, #1263 ) ;
#2623 = ORIENTED_EDGE ( 'NONE', *, *, #5523, .T. ) ;
#2624 = CYLINDRICAL_SURFACE ( 'NONE', #5205, 2.499999999999995115 ) ;
#2625 = DIRECTION ( 'NONE',  ( 1.000000000000000000, 0.000000000000000000, 0.000000000000000000 ) ) ;
#2626 = VECTOR ( 'NONE', #6298, 1000.000000000000114 ) ;
#2627 = AXIS2_PLACEMENT_3D ( 'NONE', #4882, #3657, #7366 ) ;
#2628 = ORIENTED_EDGE ( 'NONE', *, *, #1920, .F. ) ;
#2629 = FACE_OUTER_BOUND ( 'NONE', #2448, .T. ) ;
#2630 = CARTESIAN_POINT ( 'NONE',  ( -8.506601717798194073, -10.60660171779822569, -31.99999999999998579 ) ) ;
#2631 = CARTESIAN_POINT ( 'NONE',  ( 8.000000000000000000, -36.00000000000000711, -23.00000000000000711 ) ) ;
#2632 = FACE_OUTER_BOUND ( 'NONE', #4243, .T. ) ;
#2633 = VERTEX_POINT ( 'NONE', #3021 ) ;
#2634 = ORIENTED_EDGE ( 'NONE', *, *, #6428, .T. ) ;
#2635 = CARTESIAN_POINT ( 'NONE',  ( -13.28561524219484902, -28.49109383011400354, -23.00000000000000000 ) ) ;
#2636 = VERTEX_POINT ( 'NONE', #6185 ) ;
#2637 = CARTESIAN_POINT ( 'NONE',  ( -18.15249945827030942, -32.81410079106231592, -0.4228248792468262685 ) ) ;
#2638 = ORIENTED_EDGE ( 'NONE', *, *, #7860, .F. ) ;
#2639 = CARTESIAN_POINT ( 'NONE',  ( 0.000000000000000000, 0.000000000000000000, 12.50000000000000000 ) ) ;
#2640 = CARTESIAN_POINT ( 'NONE',  ( 10.60660171779811911, 10.60660171779830208, -31.99999999999998579 ) ) ;
#2641 = CARTESIAN_POINT ( 'NONE',  ( -6.813102282579023949, -9.878341828825144333, -33.00000000000000000 ) ) ;
#2642 = EDGE_CURVE ( 'NONE', #5595, #514, #3066, .T. ) ;
#2643 = CARTESIAN_POINT ( 'NONE',  ( -5.000486708505708755, 10.72357835230655532, -33.00000000000000000 ) ) ;
#2644 = EDGE_CURVE ( 'NONE', #5507, #2535, #7876, .T. ) ;
#2645 = DIRECTION ( 'NONE',  ( 0.000000000000000000, 0.000000000000000000, -1.000000000000000000 ) ) ;
#2646 = CARTESIAN_POINT ( 'NONE',  ( 17.87730674394228814, 32.96440358300142037, -0.5773502691896303940 ) ) ;
#2647 = CARTESIAN_POINT ( 'NONE',  ( 28.49109383011403196, 13.28561524219480106, -27.00000000000000000 ) ) ;
#2648 = ADVANCED_FACE ( 'NONE', ( #4800 ), #6846, .F. ) ;
#2649 = CARTESIAN_POINT ( 'NONE',  ( -13.47299966812150629, 29.33633035359542873, -27.00000000000000000 ) ) ;
#2650 = AXIS2_PLACEMENT_3D ( 'NONE', #8052, #3724, #2421 ) ;
#2651 = EDGE_LOOP ( 'NONE', ( #3736, #6511, #248, #449, #6008, #2911, #7928, #7723, #2005, #4106, #5308, #7976 ) ) ;
#2652 = EDGE_CURVE ( 'NONE', #37, #1558, #2895, .T. ) ;
#2653 = AXIS2_PLACEMENT_3D ( 'NONE', #4964, #3575, #7330 ) ;
#2654 = CARTESIAN_POINT ( 'NONE',  ( 11.39016187144702386, 35.72833906777970725, -5.773502691896310601 ) ) ;
#2655 = CARTESIAN_POINT ( 'NONE',  ( 22.52304161032249041, 50.58757971695901290, 0.000000000000000000 ) ) ;
#2656 = ORIENTED_EDGE ( 'NONE', *, *, #2141, .F. ) ;
#2657 = CARTESIAN_POINT ( 'NONE',  ( -36.63673020344474196, 7.000000000000008882, -4.041451884327432076 ) ) ;
#2658 = ORIENTED_EDGE ( 'NONE', *, *, #459, .F. ) ;
#2659 = ORIENTED_EDGE ( 'NONE', *, *, #3840, .F. ) ;
#2660 = AXIS2_PLACEMENT_3D ( 'NONE', #3113, #1935, #2514 ) ;
#2661 = FACE_OUTER_BOUND ( 'NONE', #5843, .T. ) ;
#2662 = AXIS2_PLACEMENT_3D ( 'NONE', #4888, #4265, #1121 ) ;
#2663 = ORIENTED_EDGE ( 'NONE', *, *, #7324, .F. ) ;
#2664 = ORIENTED_EDGE ( 'NONE', *, *, #6525, .F. ) ;
#2665 = DIRECTION ( 'NONE',  ( -1.000000000000000000, 0.000000000000000000, 0.000000000000000000 ) ) ;
#2666 = ADVANCED_FACE ( 'NONE', ( #7691 ), #2027, .F. ) ;
#2667 = CARTESIAN_POINT ( 'NONE',  ( -27.52594137185365497, 31.72262081024538460, -5.423547363302437141 ) ) ;
#2668 = EDGE_LOOP ( 'NONE', ( #5665, #505, #3896, #7115 ) ) ;
#2669 = CARTESIAN_POINT ( 'NONE',  ( -37.49073504071282059, -0.8474013390179522265, -0.4892473911936701669 ) ) ;
#2670 = DIRECTION ( 'NONE',  ( 0.000000000000000000, 0.000000000000000000, 1.000000000000000000 ) ) ;
#2671 = CARTESIAN_POINT ( 'NONE',  ( -41.23105625617660763, -7.999999999999977796, -21.22649730810378799 ) ) ;
#2672 = ORIENTED_EDGE ( 'NONE', *, *, #2196, .F. ) ;
#2673 = EDGE_LOOP ( 'NONE', ( #6140, #3110 ) ) ;
#2674 = DIRECTION ( 'NONE',  ( -0.000000000000000000, -0.000000000000000000, -1.000000000000000000 ) ) ;
#2675 = AXIS2_PLACEMENT_3D ( 'NONE', #6405, #2572, #5090 ) ;
#2676 = EDGE_CURVE ( 'NONE', #7263, #6007, #2563, .T. ) ;
#2677 = CARTESIAN_POINT ( 'NONE',  ( 6.813102282579023061, 9.878341828825146109, -27.00000000000000000 ) ) ;
#2678 = ORIENTED_EDGE ( 'NONE', *, *, #2937, .T. ) ;
#2679 = CARTESIAN_POINT ( 'NONE',  ( -20.40282189349213482, -36.71175975486982423, -26.57717742942805117 ) ) ;
#2680 = ORIENTED_EDGE ( 'NONE', *, *, #1090, .F. ) ;
#2681 = CIRCLE ( 'NONE', #6099, 1.375000000000001332 ) ;
#2682 = CARTESIAN_POINT ( 'NONE',  ( -20.12802137143299319, -36.86275567115319518, -0.5773502691896416072 ) ) ;
#2683 = CARTESIAN_POINT ( 'NONE',  ( 22.52304161032249041, 50.58757971695901290, 12.50000000000000000 ) ) ;
#2684 = DIRECTION ( 'NONE',  ( -0.8660254037844434816, -0.4999999999999916733, 0.000000000000000000 ) ) ;
#2685 = AXIS2_PLACEMENT_3D ( 'NONE', #2208, #324, #4040 ) ;
#2686 = AXIS2_PLACEMENT_3D ( 'NONE', #3517, #5960, #1640 ) ;
#2687 = B_SPLINE_CURVE_WITH_KNOTS ( 'NONE', 3,
 ( #4806, #384, #2902, #7294, #1032, #2946 ),
 .UNSPECIFIED., .F., .F.,
 ( 4, 2, 4 ),
 ( 1.517883041479706208E-18, 0.0005212610587557936015, 0.001042522117511585468 ),
 .UNSPECIFIED. ) ;
#2688 = CYLINDRICAL_SURFACE ( 'NONE', #6831, 2.000000000000000000 ) ;
#2689 = DIRECTION ( 'NONE',  ( 1.000000000000000000, 0.000000000000000000, 0.000000000000000000 ) ) ;
#2690 = CARTESIAN_POINT ( 'NONE',  ( -28.49109383011401064, 13.28561524219485257, -27.00000000000000000 ) ) ;
#2691 = APPROVAL_PERSON_ORGANIZATION ( #7893, #768, #2843 ) ;
#2692 = DIRECTION ( 'NONE',  ( -0.000000000000000000, -0.000000000000000000, -1.000000000000000000 ) ) ;
#2693 = ORIENTED_EDGE ( 'NONE', *, *, #6886, .F. ) ;
#2694 = DIRECTION ( 'NONE',  ( -0.000000000000000000, -0.000000000000000000, -1.000000000000000000 ) ) ;
#2695 = CIRCLE ( 'NONE', #2301, 2.500000000000000444 ) ;
#2696 = LINE ( 'NONE', #4684, #6312 ) ;
#2697 = ORIENTED_EDGE ( 'NONE', *, *, #1947, .F. ) ;
#2698 = DIRECTION ( 'NONE',  ( 0.000000000000000000, 0.000000000000000000, -1.000000000000000000 ) ) ;
#2699 = EDGE_CURVE ( 'NONE', #5484, #2926, #3178, .T. ) ;
#2700 = VERTEX_POINT ( 'NONE', #7576 ) ;
#2701 = EDGE_CURVE ( 'NONE', #2546, #5062, #2762, .T. ) ;
#2702 = EDGE_LOOP ( 'NONE', ( #5887, #3005, #1693, #1016, #6884, #446 ) ) ;
#2703 = CARTESIAN_POINT ( 'NONE',  ( 13.68732489781299577, 39.70714214271418996, -21.22649730810378443 ) ) ;
#2704 = AXIS2_PLACEMENT_3D ( 'NONE', #2053, #4574, #2625 ) ;
#2705 = VERTEX_POINT ( 'NONE', #1326 ) ;
#2706 = ORIENTED_EDGE ( 'NONE', *, *, #1970, .T. ) ;
#2707 = ADVANCED_FACE ( 'NONE', ( #4590, #713, #5119, #4016 ), #6398, .T. ) ;
#2708 = DIRECTION ( 'NONE',  ( 0.000000000000000000, 0.000000000000000000, -1.000000000000000000 ) ) ;
#2709 = ORIENTED_EDGE ( 'NONE', *, *, #6428, .F. ) ;
#2710 = CARTESIAN_POINT ( 'NONE',  ( -37.49874868938626804, -0.3496513648396564200, -0.3324863630725031771 ) ) ;
#2711 = PLANE ( 'NONE',  #7903 ) ;
#2712 = CARTESIAN_POINT ( 'NONE',  ( -51.37500000000000711, -93.75000000000000000, 30.00000000000000711 ) ) ;
#2713 = DIRECTION ( 'NONE',  ( -1.000000000000000000, 0.000000000000000000, 0.000000000000000000 ) ) ;
#2714 = ORIENTED_EDGE ( 'NONE', *, *, #2174, .T. ) ;
#2715 = ORIENTED_EDGE ( 'NONE', *, *, #4804, .F. ) ;
#2716 = CARTESIAN_POINT ( 'NONE',  ( -41.29870884424558142, 7.643592488778938154, -22.37924764878187034 ) ) ;
#2717 = DIRECTION ( 'NONE',  ( 0.000000000000000000, 0.000000000000000000, 1.000000000000000000 ) ) ;
#2718 = ORIENTED_EDGE ( 'NONE', *, *, #5498, .T. ) ;
#2719 = CARTESIAN_POINT ( 'NONE',  ( 52.57164995601809920, -5.788263653446511725, 0.000000000000000000 ) ) ;
#2720 = EDGE_LOOP ( 'NONE', ( #7598, #2051, #1349, #7833, #5110, #7513, #5751, #1754, #2956, #7965, #7689, #5146, #2284, #1441, #4399, #3767, #4857, #7897, #4159, #5617, #3237, #7588, #7671, #6307, #2125, #2552, #7699, #5354, #7642, #7678, #1929, #4974, #2086, #6558, #5769, #5961, #5870 ) ) ;
#2721 = LINE ( 'NONE', #6434, #4196 ) ;
#2722 = CARTESIAN_POINT ( 'NONE',  ( 11.39016187144701320, 35.72833906777971436, 9.999999999999992895 ) ) ;
#2723 = EDGE_CURVE ( 'NONE', #1709, #7648, #753, .T. ) ;
#2724 = EDGE_CURVE ( 'NONE', #4814, #6795, #3280, .T. ) ;
#2725 = CARTESIAN_POINT ( 'NONE',  ( -60.65000000000000568, 7.832496696133092168E-15, 12.50000000000000000 ) ) ;
#2726 = CARTESIAN_POINT ( 'NONE',  ( -41.99472178108093345, 0.6866917035547268622, -26.57704723150244419 ) ) ;
#2727 = CARTESIAN_POINT ( 'NONE',  ( 41.23105625617660763, -7.999999999999998224, -5.773502691896304384 ) ) ;
#2728 = CYLINDRICAL_SURFACE ( 'NONE', #2760, 10.00000000000000000 ) ;
#2729 = CARTESIAN_POINT ( 'NONE',  ( -9.013109879033816441, -54.16492339063440653, 0.000000000000000000 ) ) ;
#2730 = CARTESIAN_POINT ( 'NONE',  ( -13.28561524219485257, -28.49109383011401064, -27.00000000000000000 ) ) ;
#2731 = ORIENTED_EDGE ( 'NONE', *, *, #1684, .T. ) ;
#2732 = AXIS2_PLACEMENT_3D ( 'NONE', #2264, #458, #7285 ) ;
#2733 = FACE_BOUND ( 'NONE', #6126, .T. ) ;
#2734 = CARTESIAN_POINT ( 'NONE',  ( 22.52304161032249041, 50.58757971695901290, 10.00000000000000000 ) ) ;
#2735 = ORIENTED_EDGE ( 'NONE', *, *, #3497, .F. ) ;
#2736 = CYLINDRICAL_SURFACE ( 'NONE', #2882, 2.499999999999998668 ) ;
#2737 = ORIENTED_EDGE ( 'NONE', *, *, #5973, .T. ) ;
#2738 = VERTEX_POINT ( 'NONE', #4504 ) ;
#2739 = AXIS2_PLACEMENT_3D ( 'NONE', #3441, #1443, #789 ) ;
#2740 = CARTESIAN_POINT ( 'NONE',  ( 50.16475458984417202, 17.11181606351258111, 12.50000000000000000 ) ) ;
#2741 = ORIENTED_EDGE ( 'NONE', *, *, #2699, .T. ) ;
#2742 = B_SPLINE_CURVE_WITH_KNOTS ( 'NONE', 3,
 ( #3924, #5305, #4079, #3468, #1547, #5185, #4695, #7110, #928, #890 ),
 .UNSPECIFIED., .F., .F.,
 ( 4, 2, 2, 2, 4 ),
 ( 8.673617379884035472E-19, 0.0005246646380387350083, 0.001049329276077469149, 0.001573993914116203399, 0.002098658552154937431 ),
 .UNSPECIFIED. ) ;
#2743 = EDGE_CURVE ( 'NONE', #6257, #2600, #5393, .T. ) ;
#2744 = ORIENTED_EDGE ( 'NONE', *, *, #4096, .F. ) ;
#2745 = EDGE_CURVE ( 'NONE', #2705, #7489, #6134, .T. ) ;
#2746 = EDGE_CURVE ( 'NONE', #850, #7998, #1842, .T. ) ;
#2747 = CIRCLE ( 'NONE', #1561, 2.099999999999999645 ) ;
#2748 = DIRECTION ( 'NONE',  ( 0.000000000000000000, 0.000000000000000000, 1.000000000000000000 ) ) ;
#2749 = CARTESIAN_POINT ( 'NONE',  ( 29.33633035359540742, -11.47299966812155603, -33.00000000000000000 ) ) ;
#2750 = DIRECTION ( 'NONE',  ( 1.000000000000000000, 0.000000000000000000, 0.000000000000000000 ) ) ;
#2751 = EDGE_CURVE ( 'NONE', #5392, #6682, #5857, .T. ) ;
#2752 = AXIS2_PLACEMENT_3D ( 'NONE', #7176, #1536, #843 ) ;
#2753 = CARTESIAN_POINT ( 'NONE',  ( -41.23105625617660763, -7.999999999999983125, -21.22649730810378799 ) ) ;
#2754 = ORIENTED_EDGE ( 'NONE', *, *, #2405, .F. ) ;
#2756 = CLOSED_SHELL ( 'NONE', ( #5777, #3651, #5869, #6950, #3226, #6979, #2554, #7578, #1710, #4229, #1392, #4113, #3795, #7771, #4552, #5465, #7342, #5230, #2666, #3584, #6074, #4779, #5084, #5565, #3449, #3275, #7789, #114, #4226, #2985, #8130, #1793, #3530, #1992, #1852, #62, #4877, #7670, #4934, #1720, #4837, #832, #5877, #7417, #3555, #4480, #6923, #1406, #5426, #4871, #7429, #2147, #7094, #6694, #4049, #2166, #1945, #5359, #7754, #6746, #7971, #3880, #7370, #4319, #7221, #2296, #7815, #95, #7273, #6664, #4266, #1997, #2039, #6541, #4755, #1250, #2707, #3949, #40, #7949, #6661, #1490, #2576, #2197, #5214, #3033, #4948, #492, #7025, #7278, #7468, #2202, #2044, #6721, #2072, #1584, #1311, #6338, #6022, #4992, #4381, #412, #4018, #1639, #437, #7444, #2446, #3734, #6445, #7268, #3175, #3627, #5570, #2266, #4883, #5417, #3813, #6929, #863, #684, #6832, #887, #2428, #102, #1038, #6229, #1993, #8023, #6066, #130, #6173, #797, #3170, #7014, #3806, #6697, #4902, #4980, #1158, #2598, #6856, #6720, #142, #5093, #1936, #266, #5680, #2648, #6456, #5027, #3378, #7424, #2454, #6119, #2811, #1613, #3395, #6943, #6422, #6436, #1074, #1691, #3861, #7615, #539, #7169, #4277, #3070, #1750, #1796, #5245, #8027, #2344, #7548, #4176, #1209, #5066, #2545, #7975, #590, #7735, #6622, #511, #7042, #4787, #4621, #4846, #5668, #2470, #5726, #7709, #4024, #5670, #6096, #2788, #5745, #7902, #5123, #5271, #2097, #6783, #512, #6477, #3735, #3099, #397, #1661, #3346, #4126, #7537, #1447, #483, #8126, #7363, #3473, #311, #6141, #18, #5642, #5323, #807, #3974, #2832, #6794 ) ) ;
#2755 = CIRCLE ( 'NONE', #4734, 2.499999999999998668 ) ;
#2757 = ORIENTED_EDGE ( 'NONE', *, *, #5839, .F. ) ;
#2758 = CARTESIAN_POINT ( 'NONE',  ( -41.25295453110567223, 7.886435312095348316, -21.91336164883026782 ) ) ;
#2759 = EDGE_CURVE ( 'NONE', #1937, #4386, #3638, .T. ) ;
#2760 = AXIS2_PLACEMENT_3D ( 'NONE', #5326, #3406, #4595 ) ;
#2761 = ORIENTED_EDGE ( 'NONE', *, *, #5694, .F. ) ;
#2762 = CIRCLE ( 'NONE', #5008, 2.500000000000002220 ) ;
#2763 = CARTESIAN_POINT ( 'NONE',  ( -24.48261484627965956, 28.40513281589662853, -4.041451884327440958 ) ) ;
#2764 = ORIENTED_EDGE ( 'NONE', *, *, #2141, .T. ) ;
#2765 = DIRECTION ( 'NONE',  ( -1.000000000000000000, 0.000000000000000000, -0.000000000000000000 ) ) ;
#2766 = CARTESIAN_POINT ( 'NONE',  ( -13.70660171779823955, 10.60660171779823102, -33.00000000000000000 ) ) ;
#2767 = AXIS2_PLACEMENT_3D ( 'NONE', #448, #5431, #2969 ) ;
#2768 = FACE_OUTER_BOUND ( 'NONE', #7189, .T. ) ;
#2769 = CARTESIAN_POINT ( 'NONE',  ( 36.84087403957729379, -6.999999999999992895, -22.95854811567265941 ) ) ;
#2770 = EDGE_CURVE ( 'NONE', #2139, #1752, #1403, .T. ) ;
#2771 = DIRECTION ( 'NONE',  ( -0.000000000000000000, -0.000000000000000000, -1.000000000000000000 ) ) ;
#2772 = CARTESIAN_POINT ( 'NONE',  ( -21.86007217900185040, -35.86275567115318808, -26.42264973081040580 ) ) ;
#2773 = CARTESIAN_POINT ( 'NONE',  ( 27.52599158393302048, 31.72257755238362620, -5.423601157605922651 ) ) ;
#2774 = CARTESIAN_POINT ( 'NONE',  ( 10.60660171779811911, 10.60660171779830208, -31.99999999999998579 ) ) ;
#2775 = CARTESIAN_POINT ( 'NONE',  ( 45.45615673456316586, -27.68750000000023448, 12.50000000000000000 ) ) ;
#2776 = ORIENTED_EDGE ( 'NONE', *, *, #763, .T. ) ;
#2777 = FACE_BOUND ( 'NONE', #6100, .T. ) ;
#2778 = FACE_OUTER_BOUND ( 'NONE', #1147, .T. ) ;
#2779 = ORIENTED_EDGE ( 'NONE', *, *, #959, .F. ) ;
#2780 = CARTESIAN_POINT ( 'NONE',  ( 41.23105625617660763, -6.999999999999991118, -22.95854811567266296 ) ) ;
#2781 = CARTESIAN_POINT ( 'NONE',  ( -6.813102282579023949, -9.878341828825144333, -33.00000000000000000 ) ) ;
#2782 = ORIENTED_EDGE ( 'NONE', *, *, #7623, .F. ) ;
#2783 = EDGE_LOOP ( 'NONE', ( #6773, #355, #6469, #4545 ) ) ;
#2784 = CARTESIAN_POINT ( 'NONE',  ( -11.39016187144727432, -35.72833906777965751, -21.22649730810378799 ) ) ;
#2785 = VERTEX_POINT ( 'NONE', #829 ) ;
#2786 = AXIS2_PLACEMENT_3D ( 'NONE', #6825, #4325, #1182 ) ;
#2787 = CARTESIAN_POINT ( 'NONE',  ( 36.63673020344474907, -8.000000000000001776, -21.22649730810378088 ) ) ;
#2788 = ADVANCED_FACE ( 'NONE', ( #6357 ), #3938, .F. ) ;
#2789 = AXIS2_PLACEMENT_3D ( 'NONE', #875, #4680, #7171 ) ;
#2790 = DIRECTION ( 'NONE',  ( 0.4330127018922149129, -0.2500000000000041633, -0.8660254037844397068 ) ) ;
#2791 = PLANE ( 'NONE',  #6865 ) ;
#2792 = EDGE_CURVE ( 'NONE', #7339, #1473, #8061, .T. ) ;
#2793 = CARTESIAN_POINT ( 'NONE',  ( -11.68442873965302375, -36.00000000000000711, -22.01731690189788537 ) ) ;
#2794 = ORIENTED_EDGE ( 'NONE', *, *, #1947, .T. ) ;
#2795 = ORIENTED_EDGE ( 'NONE', *, *, #7191, .T. ) ;
#2796 = CARTESIAN_POINT ( 'NONE',  ( -38.65164471081026676, 37.05310732712226951, 0.000000000000000000 ) ) ;
#2797 = VECTOR ( 'NONE', #8113, 1000.000000000000000 ) ;
#2798 = VECTOR ( 'NONE', #6060, 1000.000000000000000 ) ;
#2799 = EDGE_CURVE ( 'NONE', #6544, #4386, #4797, .T. ) ;
#2800 = FACE_OUTER_BOUND ( 'NONE', #2488, .T. ) ;
#2801 = ORIENTED_EDGE ( 'NONE', *, *, #7549, .T. ) ;
#2802 = CARTESIAN_POINT ( 'NONE',  ( -18.59996296203230770, -32.56257996612391281, -0.3093458684742608766 ) ) ;
#2803 = ORIENTED_EDGE ( 'NONE', *, *, #666, .F. ) ;
#2804 = CARTESIAN_POINT ( 'NONE',  ( 6.813102282579023061, 9.878341828825146109, -33.00000000000000000 ) ) ;
#2805 = CARTESIAN_POINT ( 'NONE',  ( 11.84219530025296052, -35.58128985571036651, -4.479675845022191183 ) ) ;
#2806 = CARTESIAN_POINT ( 'NONE',  ( -25.24656833199782469, 27.72833906777982094, 9.999999999999992895 ) ) ;
#2807 = EDGE_CURVE ( 'NONE', #3815, #5847, #5611, .T. ) ;
#2808 = EDGE_CURVE ( 'NONE', #5105, #7725, #4175, .T. ) ;
#2809 = B_SPLINE_CURVE_WITH_KNOTS ( 'NONE', 3,
 ( #2261, #4942, #6782, #3095, #8048, #1600, #525, #5353, #6163, #4367 ),
 .UNSPECIFIED., .F., .F.,
 ( 4, 2, 2, 2, 4 ),
 ( 1.734723475976807094E-18, 0.0005246646380387393451, 0.001049329276077476955, 0.001573993914116214674, 0.002098658552154952176 ),
 .UNSPECIFIED. ) ;
#2810 = CARTESIAN_POINT ( 'NONE',  ( 11.39016187144702563, 35.72833906777970725, -5.596326221946338109 ) ) ;
#2811 = ADVANCED_FACE ( 'NONE', ( #7286 ), #4836, .F. ) ;
#2812 = DIRECTION ( 'NONE',  ( 1.000000000000000000, 0.000000000000000000, 0.000000000000000000 ) ) ;
#2813 = AXIS2_PLACEMENT_3D ( 'NONE', #3781, #4955, #5074 ) ;
#2814 = CARTESIAN_POINT ( 'NONE',  ( 20.26207829342257227, 36.78955711229162517, -0.4891912043631688745 ) ) ;
#2815 = DIRECTION ( 'NONE',  ( 0.000000000000000000, 0.000000000000000000, -1.000000000000000000 ) ) ;
#2816 = CARTESIAN_POINT ( 'NONE',  ( 27.26897696761398748, 31.94386863846914437, -4.620909379580028897 ) ) ;
#2817 = CARTESIAN_POINT ( 'NONE',  ( 20.02304161032249041, 50.58757971695901290, 10.00000000000000000 ) ) ;
#2818 = CARTESIAN_POINT ( 'NONE',  ( 42.00000000000000000, -9.904527318284309303E-21, -0.3094010767585110844 ) ) ;
#2819 = AXIS2_PLACEMENT_3D ( 'NONE', #3737, #541, #3820 ) ;
#2820 = ORIENTED_EDGE ( 'NONE', *, *, #3182, .T. ) ;
#2821 = VECTOR ( 'NONE', #5218, 999.9999999999998863 ) ;
#2822 =( BOUNDED_CURVE ( )  B_SPLINE_CURVE ( 3, ( #7834, #7227, #2251, #1586 ),
 .UNSPECIFIED., .F., .F. ) 
 B_SPLINE_CURVE_WITH_KNOTS ( ( 4, 4 ),
 ( 4.544940901164999936, 4.688577206424020538 ),
 .UNSPECIFIED. ) 
 CURVE ( )  GEOMETRIC_REPRESENTATION_ITEM ( )  RATIONAL_B_SPLINE_CURVE ( ( 1.000000000000000000, 0.9982814565068700574, 0.9982814565068700574, 1.000000000000000000 ) ) 
 REPRESENTATION_ITEM ( '' )  );
#2823 = FACE_BOUND ( 'NONE', #1241, .T. ) ;
#2824 = CARTESIAN_POINT ( 'NONE',  ( 21.86007217900113631, -35.86275567115361440, -0.5773502691896416072 ) ) ;
#2825 = ORIENTED_EDGE ( 'NONE', *, *, #1219, .T. ) ;
#2826 = CARTESIAN_POINT ( 'NONE',  ( 14.01310987903308636, -54.16492339063454153, 12.50000000000000000 ) ) ;
#2827 = CARTESIAN_POINT ( 'NONE',  ( -37.49409052271668230, 0.6867206280646178662, -26.57709372607374831 ) ) ;
#2828 = EDGE_LOOP ( 'NONE', ( #2583, #5905 ) ) ;
#2829 = CARTESIAN_POINT ( 'NONE',  ( -22.92820323027545371, 23.71281292110209193, -4.618802153517066245 ) ) ;
#2830 = EDGE_CURVE ( 'NONE', #3071, #7197, #2891, .T. ) ;
#2831 = CYLINDRICAL_SURFACE ( 'NONE', #1081, 15.00000000000000000 ) ;
#2832 = ADVANCED_FACE ( 'NONE', ( #1650 ), #4753, .F. ) ;
#2833 = VERTEX_POINT ( 'NONE', #7320 ) ;
#2834 = CARTESIAN_POINT ( 'NONE',  ( 0.000000000000000000, 0.000000000000000000, -33.00000000000000000 ) ) ;
#2835 = VERTEX_POINT ( 'NONE', #2144 ) ;
#2836 = AXIS2_PLACEMENT_3D ( 'NONE', #7597, #4491, #5681 ) ;
#2837 = LINE ( 'NONE', #7351, #6468 ) ;
#2838 = DIRECTION ( 'NONE',  ( 1.000000000000000000, 0.000000000000000000, 0.000000000000000000 ) ) ;
#2839 = CARTESIAN_POINT ( 'NONE',  ( 14.64410141435725343, -39.36432768085872169, -22.95854811567267362 ) ) ;
#2840 = ORIENTED_EDGE ( 'NONE', *, *, #3415, .T. ) ;
#2841 = DIRECTION ( 'NONE',  ( -1.000000000000000000, 0.000000000000000000, 0.000000000000000000 ) ) ;
#2842 = ORIENTED_EDGE ( 'NONE', *, *, #4573, .F. ) ;
#2843 = APPROVAL_ROLE ( '' ) ;
#2844 = CARTESIAN_POINT ( 'NONE',  ( 45.45615673456316586, -27.68750000000023448, 0.000000000000000000 ) ) ;
#2845 = EDGE_LOOP ( 'NONE', ( #6752, #791, #5024, #7399 ) ) ;
#2846 = FACE_OUTER_BOUND ( 'NONE', #3257, .T. ) ;
#2847 = EDGE_LOOP ( 'NONE', ( #3918, #4666, #6373, #3958 ) ) ;
#2848 = CARTESIAN_POINT ( 'NONE',  ( 21.86007217900112565, -35.86275567115362151, -26.42264973081039159 ) ) ;
#2849 = FACE_BOUND ( 'NONE', #4951, .T. ) ;
#2850 = CARTESIAN_POINT ( 'NONE',  ( -20.12802137143299319, -36.86275567115319518, -0.5773502691896416072 ) ) ;
#2851 = FACE_OUTER_BOUND ( 'NONE', #5921, .T. ) ;
#2852 = EDGE_CURVE ( 'NONE', #255, #4425, #3765, .T. ) ;
#2853 = DIRECTION ( 'NONE',  ( 1.000000000000000000, 0.000000000000000000, 0.000000000000000000 ) ) ;
#2854 = CARTESIAN_POINT ( 'NONE',  ( -42.00000000000000000, 5.143506651938712888E-15, -26.69059892324151306 ) ) ;
#2855 = FACE_OUTER_BOUND ( 'NONE', #2235, .T. ) ;
#2856 = DIRECTION ( 'NONE',  ( -1.000000000000000000, 0.000000000000000000, 0.000000000000000000 ) ) ;
#2857 = EDGE_CURVE ( 'NONE', #6682, #1318, #5573, .T. ) ;
#2858 = CARTESIAN_POINT ( 'NONE',  ( -50.45615673456354955, -27.68749999999955946, 0.000000000000000000 ) ) ;
#2859 = CARTESIAN_POINT ( 'NONE',  ( -37.50000000000001421, 0.000000000000000000, -27.00000000000000000 ) ) ;
#2860 = EDGE_LOOP ( 'NONE', ( #3151, #5560, #5399, #329 ) ) ;
#2861 =( BOUNDED_CURVE ( )  B_SPLINE_CURVE ( 3, ( #6152, #6814, #1215, #3085 ),
 .UNSPECIFIED., .F., .F. ) 
 B_SPLINE_CURVE_WITH_KNOTS ( ( 4, 4 ),
 ( 1.383028251721604152, 1.544126498622616195 ),
 .UNSPECIFIED. ) 
 CURVE ( )  GEOMETRIC_REPRESENTATION_ITEM ( )  RATIONAL_B_SPLINE_CURVE ( ( 1.000000000000000000, 0.9978384486574995993, 0.9978384486574995993, 1.000000000000000000 ) ) 
 REPRESENTATION_ITEM ( '' )  );
#2862 = CARTESIAN_POINT ( 'NONE',  ( -30.00000000000000000, -93.75000000000000000, 30.00000000000000711 ) ) ;
#2863 = DIRECTION ( 'NONE',  ( 0.000000000000000000, 1.000000000000000000, 0.000000000000000000 ) ) ;
#2864 = CARTESIAN_POINT ( 'NONE',  ( -13.86258339050871413, -39.64639492051233560, -22.07833334284884685 ) ) ;
#2865 = ORIENTED_EDGE ( 'NONE', *, *, #2457, .T. ) ;
#2866 = LINE ( 'NONE', #356, #1827 ) ;
#2867 = CARTESIAN_POINT ( 'NONE',  ( 11.51310987903308636, -54.16492339063454153, 0.000000000000000000 ) ) ;
#2868 = ORIENTED_EDGE ( 'NONE', *, *, #6563, .T. ) ;
#2869 = EDGE_LOOP ( 'NONE', ( #2024, #7650, #6084, #3212, #1267, #6223, #1864, #5380, #746, #3221, #7765, #5706 ) ) ;
#2870 = CARTESIAN_POINT ( 'NONE',  ( 41.26607514986292102, -7.817857766815087928, -22.07833224324910759 ) ) ;
#2871 = CIRCLE ( 'NONE', #371, 2.499999999999998668 ) ;
#2872 = VERTEX_POINT ( 'NONE', #7200 ) ;
#2873 = CARTESIAN_POINT ( 'NONE',  ( -24.48261484628004325, -28.40513281589629457, -22.95854811567265941 ) ) ;
#2874 = EDGE_CURVE ( 'NONE', #6994, #6342, #968, .T. ) ;
#2875 = AXIS2_PLACEMENT_3D ( 'NONE', #6230, #2599, #5041 ) ;
#2876 = ORIENTED_EDGE ( 'NONE', *, *, #4375, .T. ) ;
#2877 = CARTESIAN_POINT ( 'NONE',  ( -30.04860834569607064, -44.79931606351243545, 12.50000000000000000 ) ) ;
#2878 = FACE_OUTER_BOUND ( 'NONE', #7367, .T. ) ;
#2879 = ORIENTED_EDGE ( 'NONE', *, *, #3096, .T. ) ;
#2880 = ORIENTED_EDGE ( 'NONE', *, *, #8053, .T. ) ;
#2881 = MECHANICAL_CONTEXT ( 'NONE', #643, 'mechanical' ) ;
#2882 = AXIS2_PLACEMENT_3D ( 'NONE', #1506, #4107, #4034 ) ;
#2883 = CARTESIAN_POINT ( 'NONE',  ( -11.39016187144678227, 35.72833906777979962, -21.22649730810378088 ) ) ;
#2884 = EDGE_LOOP ( 'NONE', ( #6129, #6264 ) ) ;
#2885 = CARTESIAN_POINT ( 'NONE',  ( 42.00000000000000000, -1.000000000000009770, -0.5773502691896380545 ) ) ;
#2886 = ORIENTED_EDGE ( 'NONE', *, *, #1031, .T. ) ;
#2887 = CARTESIAN_POINT ( 'NONE',  ( -42.00000000000000000, 5.143516556418883322E-15, -33.00000000000000000 ) ) ;
#2888 = DIRECTION ( 'NONE',  ( -0.5000000000000041078, -0.8660254037844362651, -1.001543065824756451E-18 ) ) ;
#2890 = VECTOR ( 'NONE', #995, 1000.000000000000000 ) ;
#2889 = VECTOR ( 'NONE', #2908, 1000.000000000000000 ) ;
#2891 = LINE ( 'NONE', #2806, #5963 ) ;
#2892 = CIRCLE ( 'NONE', #7603, 2.500000000000000888 ) ;
#2893 = CARTESIAN_POINT ( 'NONE',  ( 12.20144409149434139, 31.19895450303003770, -33.00000000000000000 ) ) ;
#2894 = AXIS2_PLACEMENT_3D ( 'NONE', #8007, #405, #3636 ) ;
#2895 = CIRCLE ( 'NONE', #6322, 1.375000000000001332 ) ;
#2896 = DIRECTION ( 'NONE',  ( 0.000000000000000000, 0.000000000000000000, -1.000000000000000000 ) ) ;
#2897 = DIRECTION ( 'NONE',  ( 0.000000000000000000, 0.000000000000000000, -1.000000000000000000 ) ) ;
#2898 = DIRECTION ( 'NONE',  ( -1.000000000000000000, 0.000000000000000000, 0.000000000000000000 ) ) ;
#2899 = CIRCLE ( 'NONE', #1448, 1.999999999999998224 ) ;
#2900 = EDGE_CURVE ( 'NONE', #3512, #4377, #7162, .T. ) ;
#2901 = DIRECTION ( 'NONE',  ( -0.5000000000000041078, -0.8660254037844363761, -2.403703357979459701E-17 ) ) ;
#2902 = CARTESIAN_POINT ( 'NONE',  ( 37.49409052271669651, -0.6867206280646146466, -26.57709372607374121 ) ) ;
#2903 = EDGE_CURVE ( 'NONE', #6689, #6612, #258, .T. ) ;
#2904 = DIRECTION ( 'NONE',  ( -0.5000000000000039968, -0.8660254037844363761, 2.875711868145345907E-17 ) ) ;
#2905 = ORIENTED_EDGE ( 'NONE', *, *, #4347, .F. ) ;
#2906 = VECTOR ( 'NONE', #1833, 1000.000000000000000 ) ;
#2907 = DIRECTION ( 'NONE',  ( -1.000000000000000000, 0.000000000000000000, 0.000000000000000000 ) ) ;
#2908 = DIRECTION ( 'NONE',  ( -0.000000000000000000, -0.000000000000000000, -1.000000000000000000 ) ) ;
#2909 = EDGE_CURVE ( 'NONE', #5156, #4540, #190, .T. ) ;
#2910 = CARTESIAN_POINT ( 'NONE',  ( 0.000000000000000000, 0.000000000000000000, -27.00000000000000000 ) ) ;
#2911 = ORIENTED_EDGE ( 'NONE', *, *, #3673, .T. ) ;
#2912 = CARTESIAN_POINT ( 'NONE',  ( 41.29870884424558142, 7.643592488778935490, -4.620752351218222920 ) ) ;
#2913 = EDGE_LOOP ( 'NONE', ( #5192, #2886, #2992, #4943 ) ) ;
#2914 = CARTESIAN_POINT ( 'NONE',  ( -9.999999999999994671, -93.75000000000000000, 30.00000000000000711 ) ) ;
#2915 =( BOUNDED_CURVE ( )  B_SPLINE_CURVE ( 3, ( #2987, #6993, #2442, #3028 ),
 .UNSPECIFIED., .F., .F. ) 
 B_SPLINE_CURVE_WITH_KNOTS ( ( 4, 4 ),
 ( 4.524620905311397934, 4.685719152212409533 ),
 .UNSPECIFIED. ) 
 CURVE ( )  GEOMETRIC_REPRESENTATION_ITEM ( )  RATIONAL_B_SPLINE_CURVE ( ( 1.000000000000000000, 0.9978384486574995993, 0.9978384486574995993, 1.000000000000000000 ) ) 
 REPRESENTATION_ITEM ( '' )  );
#2916 = EDGE_CURVE ( 'NONE', #8100, #2517, #4140, .T. ) ;
#2917 = CARTESIAN_POINT ( 'NONE',  ( -11.50107356858291752, 35.69282078012827242, -5.085918016008660558 ) ) ;
#2918 = ORIENTED_EDGE ( 'NONE', *, *, #4020, .T. ) ;
#2919 = CARTESIAN_POINT ( 'NONE',  ( 36.73543162791712291, -7.534832138997124673, -22.52042582882920740 ) ) ;
#2920 = EDGE_LOOP ( 'NONE', ( #8128, #6344, #2825, #4413 ) ) ;
#2921 = DIRECTION ( 'NONE',  ( 1.000000000000000000, 0.000000000000000000, 0.000000000000000000 ) ) ;
#2922 = CIRCLE ( 'NONE', #6595, 1.375000000000001332 ) ;
#2923 = CARTESIAN_POINT ( 'NONE',  ( -4.813102282579010627, 9.878341828825154991, -33.00000000000000000 ) ) ;
#2924 = ORIENTED_EDGE ( 'NONE', *, *, #1553, .F. ) ;
#2925 = DIRECTION ( 'NONE',  ( 0.9063077870366500477, 0.4226182617406993858, 0.000000000000000000 ) ) ;
#2926 = VERTEX_POINT ( 'NONE', #2766 ) ;
#2927 = EDGE_CURVE ( 'NONE', #4727, #4748, #5501, .T. ) ;
#2928 = DIRECTION ( 'NONE',  ( 0.000000000000000000, -0.000000000000000000, -1.000000000000000000 ) ) ;
#2929 = CARTESIAN_POINT ( 'NONE',  ( -11.50141165706258306, 35.69271211588429793, -21.91519336856454103 ) ) ;
#2930 = ORIENTED_EDGE ( 'NONE', *, *, #3929, .F. ) ;
#2931 = VERTEX_POINT ( 'NONE', #537 ) ;
#2932 = VERTEX_POINT ( 'NONE', #4256 ) ;
#2933 = LINE ( 'NONE', #5438, #4664 ) ;
#2934 = FACE_BOUND ( 'NONE', #1477, .T. ) ;
#2935 = CARTESIAN_POINT ( 'NONE',  ( 55.07164995601809920, -5.788263653446511725, 0.000000000000000000 ) ) ;
#2936 = CIRCLE ( 'NONE', #1480, 42.00000000000000000 ) ;
#2937 = EDGE_CURVE ( 'NONE', #6452, #4205, #6619, .T. ) ;
#2938 = CARTESIAN_POINT ( 'NONE',  ( 13.68732489781299222, 39.70714214271418285, -21.22649730810378443 ) ) ;
#2939 = EDGE_CURVE ( 'NONE', #5542, #1065, #3691, .T. ) ;
#2940 = CIRCLE ( 'NONE', #306, 1.375000000000001332 ) ;
#2941 = DIRECTION ( 'NONE',  ( -1.000000000000000000, 0.000000000000000000, 0.000000000000000000 ) ) ;
#2942 = ORIENTED_EDGE ( 'NONE', *, *, #7721, .F. ) ;
#2943 = DIRECTION ( 'NONE',  ( 0.000000000000000000, -0.8660254037844362651, -0.5000000000000042188 ) ) ;
#2944 = CARTESIAN_POINT ( 'NONE',  ( 9.071796769724645770, 31.71281292110200667, -4.618802153517066245 ) ) ;
#2945 = CARTESIAN_POINT ( 'NONE',  ( 19.61602540378458670, 31.97595264191637554, -26.42264973081039159 ) ) ;
#2946 = CARTESIAN_POINT ( 'NONE',  ( 37.50000000000000711, 4.592415693851188738E-15, -26.69059892324151306 ) ) ;
#2947 = DIRECTION ( 'NONE',  ( 1.000000000000000000, 0.000000000000000000, 0.000000000000000000 ) ) ;
#2948 = EDGE_LOOP ( 'NONE', ( #5837, #4971, #1540, #2098 ) ) ;
#2949 = VECTOR ( 'NONE', #7400, 1000.000000000000000 ) ;
#2950 = CARTESIAN_POINT ( 'NONE',  ( -36.63673020344474196, -8.000000000000008882, -5.773502691896312378 ) ) ;
#2951 = DIRECTION ( 'NONE',  ( 0.4330127018922201865, 0.2499999999999951428, -0.8660254037844395958 ) ) ;
#2952 = CARTESIAN_POINT ( 'NONE',  ( -9.878341828825154991, -6.813102282579010627, -33.00000000000000000 ) ) ;
#2953 = ORIENTED_EDGE ( 'NONE', *, *, #2618, .T. ) ;
#2954 = CARTESIAN_POINT ( 'NONE',  ( 41.38689944556395517, 7.151800904922393620, -4.129094177647609776 ) ) ;
#2955 = DIRECTION ( 'NONE',  ( -0.5000000000000039968, -0.8660254037844363761, 3.576792014222698515E-17 ) ) ;
#2956 = ORIENTED_EDGE ( 'NONE', *, *, #1542, .F. ) ;
#2957 = FACE_BOUND ( 'NONE', #7260, .T. ) ;
#2958 = VECTOR ( 'NONE', #2602, 1000.000000000000000 ) ;
#2959 = DIRECTION ( 'NONE',  ( -0.4226182617407009401, -0.9063077870366492705, 0.000000000000000000 ) ) ;
#2960 = ORIENTED_EDGE ( 'NONE', *, *, #4404, .F. ) ;
#2961 = VECTOR ( 'NONE', #2959, 999.9999999999998863 ) ;
#2962 = LINE ( 'NONE', #5625, #403 ) ;
#2963 = B_SPLINE_CURVE_WITH_KNOTS ( 'NONE', 3,
 ( #7498, #5774, #8110, #4961, #5082, #588, #2478, #3827, #6850, #7575 ),
 .UNSPECIFIED., .F., .F.,
 ( 4, 2, 2, 2, 4 ),
 ( 2.453269466693399083E-18, 0.0005246646380387366346, 0.001049329276077470667, 0.001573993914116202097, 0.002098658552154933962 ),
 .UNSPECIFIED. ) ;
#2964 = EDGE_CURVE ( 'NONE', #5826, #6496, #3148, .T. ) ;
#2965 = DIRECTION ( 'NONE',  ( 1.000000000000000000, 0.000000000000000000, 0.000000000000000000 ) ) ;
#2966 = EDGE_CURVE ( 'NONE', #3582, #4067, #7739, .T. ) ;
#2967 = ORIENTED_EDGE ( 'NONE', *, *, #4220, .T. ) ;
#2968 = CYLINDRICAL_SURFACE ( 'NONE', #4638, 2.500000000000002220 ) ;
#2969 = DIRECTION ( 'NONE',  ( 1.000000000000000000, 0.000000000000000000, 0.000000000000000000 ) ) ;
#2970 = EDGE_CURVE ( 'NONE', #925, #6390, #4801, .T. ) ;
#2971 = VERTEX_POINT ( 'NONE', #3233 ) ;
#2972 = CARTESIAN_POINT ( 'NONE',  ( 10.00000000000000888, -93.75000000000000000, 30.00000000000000711 ) ) ;
#2973 = DIRECTION ( 'NONE',  ( -0.000000000000000000, -1.000000000000000000, 0.000000000000000000 ) ) ;
#2974 = AXIS2_PLACEMENT_3D ( 'NONE', #8014, #2463, #6128 ) ;
#2975 = EDGE_LOOP ( 'NONE', ( #3139, #545, #5624, #7105 ) ) ;
#2976 = ORIENTED_EDGE ( 'NONE', *, *, #5957, .F. ) ;
#2977 = CARTESIAN_POINT ( 'NONE',  ( -11.41273480026322851, -35.72116533193549515, -5.423206927497944640 ) ) ;
#2978 = CYLINDRICAL_SURFACE ( 'NONE', #3684, 2.000000000000000000 ) ;
#2979 = ORIENTED_EDGE ( 'NONE', *, *, #1611, .T. ) ;
#2980 = CYLINDRICAL_SURFACE ( 'NONE', #2136, 2.499999999999998668 ) ;
#2981 = DIRECTION ( 'NONE',  ( 1.000000000000000000, 0.000000000000000000, 0.000000000000000000 ) ) ;
#2982 = ORIENTED_EDGE ( 'NONE', *, *, #6292, .F. ) ;
#2983 = CARTESIAN_POINT ( 'NONE',  ( -32.00000000000000000, -7.999999999999996447, -4.618802153517066245 ) ) ;
#2984 = ORIENTED_EDGE ( 'NONE', *, *, #1742, .T. ) ;
#2985 = ADVANCED_FACE ( 'NONE', ( #1393 ), #702, .F. ) ;
#2986 = LINE ( 'NONE', #3615, #4735 ) ;
#2987 = CARTESIAN_POINT ( 'NONE',  ( 12.35825919329776390, 35.40513281589651484, -22.95854811567265941 ) ) ;
#2988 = CARTESIAN_POINT ( 'NONE',  ( 11.47299966812150096, -29.33633035359543229, -33.00000000000000000 ) ) ;
#2989 = CARTESIAN_POINT ( 'NONE',  ( -32.00000000000000000, -3.469446951953614189E-15, -26.69059892324151306 ) ) ;
#2990 = DIRECTION ( 'NONE',  ( -0.8944271909999157444, 0.000000000000000000, -0.4472135954999582608 ) ) ;
#2991 = LINE ( 'NONE', #2910, #5006 ) ;
#2992 = ORIENTED_EDGE ( 'NONE', *, *, #5113, .F. ) ;
#2993 = DIRECTION ( 'NONE',  ( -1.000000000000000000, 0.000000000000000000, 0.000000000000000000 ) ) ;
#2994 = CARTESIAN_POINT ( 'NONE',  ( 59.56141575149063527, 13.53496056432962114, 12.15981768642623173 ) ) ;
#2995 = ORIENTED_EDGE ( 'NONE', *, *, #5770, .F. ) ;
#2996 = DIRECTION ( 'NONE',  ( 0.4999999999999918954, -0.8660254037844432595, 2.403703357979446450E-17 ) ) ;
#2997 = CARTESIAN_POINT ( 'NONE',  ( -57.57164995601819868, -5.788263653445767432, 0.000000000000000000 ) ) ;
#2998 = VERTEX_POINT ( 'NONE', #7565 ) ;
#2999 = CARTESIAN_POINT ( 'NONE',  ( -16.00000000000031974, -27.71281292110185390, -24.69059892324151306 ) ) ;
#3000 = ORIENTED_EDGE ( 'NONE', *, *, #1497, .F. ) ;
#3001 = DIRECTION ( 'NONE',  ( 0.000000000000000000, 0.000000000000000000, 1.000000000000000000 ) ) ;
#3002 = EDGE_CURVE ( 'NONE', #6257, #1070, #3269, .T. ) ;
#3003 = DIRECTION ( 'NONE',  ( 0.000000000000000000, 0.4999999999999971689, -0.8660254037844402619 ) ) ;
#3004 = CARTESIAN_POINT ( 'NONE',  ( -22.52304161032181185, 50.58757971695931843, 0.000000000000000000 ) ) ;
#3005 = ORIENTED_EDGE ( 'NONE', *, *, #2372, .F. ) ;
#3006 = PERSON_AND_ORGANIZATION_ROLE ( 'creator' ) ;
#3007 = AXIS2_PLACEMENT_3D ( 'NONE', #7002, #5734, #94 ) ;
#3008 = DIRECTION ( 'NONE',  ( 1.000000000000000000, 0.000000000000000000, 0.000000000000000000 ) ) ;
#3009 = EDGE_CURVE ( 'NONE', #5728, #4763, #5788, .T. ) ;
#3010 = EDGE_LOOP ( 'NONE', ( #1410, #2432 ) ) ;
#3011 = EDGE_LOOP ( 'NONE', ( #2501, #1850 ) ) ;
#3012 = PLANE ( 'NONE',  #7270 ) ;
#3013 = DIRECTION ( 'NONE',  ( 0.000000000000000000, 0.000000000000000000, 1.000000000000000000 ) ) ;
#3014 = DIRECTION ( 'NONE',  ( -1.000000000000000000, 0.000000000000000000, 0.000000000000000000 ) ) ;
#3015 = VECTOR ( 'NONE', #4522, 1000.000000000000000 ) ;
#3016 = ORIENTED_EDGE ( 'NONE', *, *, #5676, .T. ) ;
#3017 = EDGE_CURVE ( 'NONE', #7233, #4688, #5711, .T. ) ;
#3018 = DIRECTION ( 'NONE',  ( 0.000000000000000000, 0.000000000000000000, 1.000000000000000000 ) ) ;
#3019 = CARTESIAN_POINT ( 'NONE',  ( 26.76845706733989516, 32.36432768085845879, -4.041451884327439181 ) ) ;
#3020 = B_SPLINE_CURVE_WITH_KNOTS ( 'NONE', 3,
 ( #1756, #6161, #1843, #1136, #3674, #524, #2919, #3047, #5425, #8047 ),
 .UNSPECIFIED., .F., .F.,
 ( 4, 2, 2, 2, 4 ),
 ( 0.000000000000000000, 0.0005238988965804987179, 0.001047797793160997436, 0.001571696689741496154, 0.002095595586321994871 ),
 .UNSPECIFIED. ) ;
#3021 = CARTESIAN_POINT ( 'NONE',  ( 17.87730674394227393, 32.96440358300141327, -26.42264973081038448 ) ) ;
#3022 = ORIENTED_EDGE ( 'NONE', *, *, #5694, .T. ) ;
#3023 = VECTOR ( 'NONE', #3945, 1000.000000000000000 ) ;
#3024 = CARTESIAN_POINT ( 'NONE',  ( -9.013109879033816441, -54.16492339063440653, 12.50000000000000000 ) ) ;
#3025 = ORIENTED_EDGE ( 'NONE', *, *, #2321, .T. ) ;
#3026 = CARTESIAN_POINT ( 'NONE',  ( -9.878341828825144333, 6.813102282579023949, -27.00000000000000000 ) ) ;
#3027 = CARTESIAN_POINT ( 'NONE',  ( 24.70476237329733493, 28.21241736194054184, -4.234229113602765437 ) ) ;
#3028 = CARTESIAN_POINT ( 'NONE',  ( 17.87730674394227393, 32.96440358300141327, -26.42264973081038448 ) ) ;
#3029 = AXIS2_PLACEMENT_3D ( 'NONE', #4232, #2322, #6197 ) ;
#3030 = DIRECTION ( 'NONE',  ( -1.000000000000000000, -1.734723475976807094E-15, 0.000000000000000000 ) ) ;
#3032 = AXIS2_PLACEMENT_3D ( 'NONE', #5504, #4072, #6568 ) ;
#3031 = VECTOR ( 'NONE', #7096, 1000.000000000000000 ) ;
#3033 = ADVANCED_FACE ( 'NONE', ( #6918 ), #5149, .F. ) ;
#3034 = DIRECTION ( 'NONE',  ( -0.4999999999999979461, 0.8660254037844397068, 2.230231010381787003E-17 ) ) ;
#3035 = CARTESIAN_POINT ( 'NONE',  ( 5.000486708505724742, 10.72357835230654821, -27.00000000000000000 ) ) ;
#3036 = DIRECTION ( 'NONE',  ( -0.4226182617406994968, 0.9063077870366498257, 0.000000000000000000 ) ) ;
#3037 = CIRCLE ( 'NONE', #6698, 2.499999999999998668 ) ;
#3038 = VERTEX_POINT ( 'NONE', #3313 ) ;
#3039 = CYLINDRICAL_SURFACE ( 'NONE', #8000, 2.000000000000000000 ) ;
#3040 = DIRECTION ( 'NONE',  ( 1.000000000000000000, 0.000000000000000000, 0.000000000000000000 ) ) ;
#3041 = VERTEX_POINT ( 'NONE', #48 ) ;
#3042 = DIRECTION ( 'NONE',  ( -1.000000000000000000, 0.000000000000000000, 0.000000000000000000 ) ) ;
#3043 = ORIENTED_EDGE ( 'NONE', *, *, #6279, .T. ) ;
#3044 = EDGE_CURVE ( 'NONE', #8058, #7525, #2681, .T. ) ;
#3045 = LINE ( 'NONE', #5546, #3513 ) ;
#3046 = CARTESIAN_POINT ( 'NONE',  ( 10.50000000000000533, -36.00000000000000711, -26.12249899919919827 ) ) ;
#3047 = CARTESIAN_POINT ( 'NONE',  ( 36.78485822702895547, -7.289707639515999205, -22.76487792297750090 ) ) ;
#3048 = CARTESIAN_POINT ( 'NONE',  ( -13.68732489781327999, -39.70714214271408338, -5.773502691896310601 ) ) ;
#3049 = ORIENTED_EDGE ( 'NONE', *, *, #5339, .T. ) ;
#3050 = FACE_OUTER_BOUND ( 'NONE', #2948, .T. ) ;
#3051 = DIRECTION ( 'NONE',  ( -0.8660254037844427044, -0.4999999999999929501, 0.000000000000000000 ) ) ;
#3052 = CARTESIAN_POINT ( 'NONE',  ( -5.677585235482507819, 8.231951524020962196, -33.00000000000000000 ) ) ;
#3053 = ORIENTED_EDGE ( 'NONE', *, *, #5598, .T. ) ;
#3054 = APPROVAL_ROLE ( '' ) ;
#3055 = LINE ( 'NONE', #1105, #6637 ) ;
#3056 = ORIENTED_EDGE ( 'NONE', *, *, #3125, .T. ) ;
#3057 = EDGE_CURVE ( 'NONE', #3916, #925, #210, .T. ) ;
#3058 = CARTESIAN_POINT ( 'NONE',  ( -12.21282107508857173, -35.45589839191513448, -4.128825702922126695 ) ) ;
#3059 = CARTESIAN_POINT ( 'NONE',  ( -14.36885425832895002, 39.46582944445184893, -22.76547123884775914 ) ) ;
#3060 = CARTESIAN_POINT ( 'NONE',  ( 10.60660171779811911, 10.60660171779830208, -27.00000000000000000 ) ) ;
#3061 = ORIENTED_EDGE ( 'NONE', *, *, #4029, .F. ) ;
#3062 = LINE ( 'NONE', #6309, #4809 ) ;
#3063 = DIRECTION ( 'NONE',  ( -0.000000000000000000, -0.000000000000000000, 1.000000000000000000 ) ) ;
#3064 = EDGE_CURVE ( 'NONE', #3343, #4193, #1132, .T. ) ;
#3065 = AXIS2_PLACEMENT_3D ( 'NONE', #5916, #4696, #7186 ) ;
#3066 = LINE ( 'NONE', #380, #5 ) ;
#3067 = ORIENTED_EDGE ( 'NONE', *, *, #6279, .F. ) ;
#3068 = EDGE_CURVE ( 'NONE', #1061, #3668, #320, .T. ) ;
#3069 = CARTESIAN_POINT ( 'NONE',  ( 52.66475458984417202, 17.11181606351258111, 0.000000000000000000 ) ) ;
#3070 = ADVANCED_FACE ( 'NONE', ( #4081 ), #7112, .F. ) ;
#3071 = VERTEX_POINT ( 'NONE', #2131 ) ;
#3072 = CARTESIAN_POINT ( 'NONE',  ( -11.51310987903381644, -54.16492339063440653, 12.50000000000000000 ) ) ;
#3073 = CARTESIAN_POINT ( 'NONE',  ( 11.84638661223774747, -36.29375354949834076, -21.89658227494074438 ) ) ;
#3074 = CIRCLE ( 'NONE', #6210, 3.100000000000047162 ) ;
#3075 = VECTOR ( 'NONE', #2713, 1000.000000000000000 ) ;
#3076 = CARTESIAN_POINT ( 'NONE',  ( 8.897343463351470305, -36.43188066629583233, -19.07573141595815258 ) ) ;
#3077 = FACE_OUTER_BOUND ( 'NONE', #2913, .T. ) ;
#3078 = EDGE_CURVE ( 'NONE', #1322, #395, #1549, .T. ) ;
#3079 = AXIS2_PLACEMENT_3D ( 'NONE', #4217, #4137, #5405 ) ;
#3080 = CARTESIAN_POINT ( 'NONE',  ( 27.54373135836396003, 31.70714214271412601, -27.00000000000000000 ) ) ;
#3081 = CYLINDRICAL_SURFACE ( 'NONE', #3172, 2.500000000000000444 ) ;
#3082 = DIRECTION ( 'NONE',  ( -0.000000000000000000, -0.000000000000000000, 1.000000000000000000 ) ) ;
#3083 = VERTEX_POINT ( 'NONE', #5582 ) ;
#3084 = DIRECTION ( 'NONE',  ( -1.000000000000000000, 0.000000000000000000, 0.000000000000000000 ) ) ;
#3085 = CARTESIAN_POINT ( 'NONE',  ( -37.48666429545313861, 1.000000000000010436, -0.5773502691896401640 ) ) ;
#3086 = ORIENTED_EDGE ( 'NONE', *, *, #2830, .F. ) ;
#3087 = CARTESIAN_POINT ( 'NONE',  ( 8.521200041078067500, -41.12731958784979724, -19.02568383675681218 ) ) ;
#3088 = EDGE_LOOP ( 'NONE', ( #613, #6111, #3016, #4786 ) ) ;
#3089 = CIRCLE ( 'NONE', #2675, 4.000000000000000000 ) ;
#3090 = CARTESIAN_POINT ( 'NONE',  ( 9.753658612646447068, -36.21202422591903769, -26.62350007953056519 ) ) ;
#3091 = FACE_OUTER_BOUND ( 'NONE', #4896, .T. ) ;
#3092 = VERTEX_POINT ( 'NONE', #6863 ) ;
#3093 = EDGE_CURVE ( 'NONE', #7224, #4782, #6937, .T. ) ;
#3094 = AXIS2_PLACEMENT_3D ( 'NONE', #2683, #5201, #222 ) ;
#3095 = CARTESIAN_POINT ( 'NONE',  ( 11.84219530025347034, 35.58128985571020308, -22.52032415497789941 ) ) ;
#3096 = EDGE_CURVE ( 'NONE', #5524, #3092, #7640, .T. ) ;
#3097 = EDGE_LOOP ( 'NONE', ( #839, #7344, #7751, #124 ) ) ;
#3098 = CYLINDRICAL_SURFACE ( 'NONE', #3465, 2.500000000000000888 ) ;
#3099 = ADVANCED_FACE ( 'NONE', ( #1259 ), #6201, .F. ) ;
#3100 = CARTESIAN_POINT ( 'NONE',  ( 25.99999999999999645, -27.99999999999999645, -33.00000000000000000 ) ) ;
#3101 = AXIS2_PLACEMENT_3D ( 'NONE', #1716, #2377, #5588 ) ;
#3102 = ORIENTED_EDGE ( 'NONE', *, *, #759, .T. ) ;
#3103 = AXIS2_PLACEMENT_3D ( 'NONE', #1111, #3694, #4338 ) ;
#3104 = CARTESIAN_POINT ( 'NONE',  ( -8.624999999999994671, -93.75000000000000000, 30.00000000000000711 ) ) ;
#3105 =( BOUNDED_CURVE ( )  B_SPLINE_CURVE ( 3, ( #4138, #3696, #1114, #3655 ),
 .UNSPECIFIED., .F., .F. ) 
 B_SPLINE_CURVE_WITH_KNOTS ( ( 4, 4 ),
 ( 1.403348247575207930, 1.546984552834228088 ),
 .UNSPECIFIED. ) 
 CURVE ( )  GEOMETRIC_REPRESENTATION_ITEM ( )  RATIONAL_B_SPLINE_CURVE ( ( 1.000000000000000000, 0.9982814565068700574, 0.9982814565068700574, 1.000000000000000000 ) ) 
 REPRESENTATION_ITEM ( '' )  );
#3106 = AXIS2_PLACEMENT_3D ( 'NONE', #2972, #978, #7396 ) ;
#3107 = EDGE_LOOP ( 'NONE', ( #5955, #5966, #6313, #3380 ) ) ;
#3108 = LINE ( 'NONE', #5106, #3364 ) ;
#3109 = CARTESIAN_POINT ( 'NONE',  ( -36.71295340761827930, 7.643100982632926588, -4.620052199772981538 ) ) ;
#3110 = ORIENTED_EDGE ( 'NONE', *, *, #232, .T. ) ;
#3111 = CARTESIAN_POINT ( 'NONE',  ( -26.76845706734008701, -32.36432768085830247, -22.95854811567267362 ) ) ;
#3112 = VERTEX_POINT ( 'NONE', #2530 ) ;
#3113 = CARTESIAN_POINT ( 'NONE',  ( -11.47299966812150451, 29.33633035359542873, -33.00000000000000000 ) ) ;
#3114 = CIRCLE ( 'NONE', #7164, 2.099999999999999645 ) ;
#3115 = AXIS2_PLACEMENT_3D ( 'NONE', #2781, #600, #2411 ) ;
#3116 = ORIENTED_EDGE ( 'NONE', *, *, #2017, .F. ) ;
#3117 = CYLINDRICAL_SURFACE ( 'NONE', #3157, 2.000000000000001776 ) ;
#3118 = VERTEX_POINT ( 'NONE', #1953 ) ;
#3119 = DIRECTION ( 'NONE',  ( 0.5000000000000039968, 0.8660254037844363761, 0.000000000000000000 ) ) ;
#3120 = LINE ( 'NONE', #7988, #3234 ) ;
#3121 = CIRCLE ( 'NONE', #4164, 2.000000000000000000 ) ;
#3122 = FACE_OUTER_BOUND ( 'NONE', #1887, .T. ) ;
#3123 = DIRECTION ( 'NONE',  ( -1.000000000000000000, 0.000000000000000000, 0.000000000000000000 ) ) ;
#3124 = EDGE_CURVE ( 'NONE', #2926, #5484, #6896, .T. ) ;
#3125 = EDGE_CURVE ( 'NONE', #6025, #6465, #4411, .T. ) ;
#3126 = DIRECTION ( 'NONE',  ( -0.000000000000000000, -0.000000000000000000, 1.000000000000000000 ) ) ;
#3127 = CARTESIAN_POINT ( 'NONE',  ( -37.50000000000000711, 0.000000000000000000, 10.00000000000000000 ) ) ;
#3128 = DIRECTION ( 'NONE',  ( 0.7071067811865596742, 8.659560562355080770E-17, -0.7071067811865354713 ) ) ;
#3129 = ORIENTED_EDGE ( 'NONE', *, *, #710, .T. ) ;
#3130 = EDGE_CURVE ( 'NONE', #1309, #7708, #60, .T. ) ;
#3131 = DIRECTION ( 'NONE',  ( -1.000000000000000000, 3.469446951953614189E-15, 0.000000000000000000 ) ) ;
#3132 = VERTEX_POINT ( 'NONE', #5663 ) ;
#3133 = DIRECTION ( 'NONE',  ( 0.000000000000000000, 0.000000000000000000, 1.000000000000000000 ) ) ;
#3134 = ORIENTED_EDGE ( 'NONE', *, *, #8098, .T. ) ;
#3135 = EDGE_CURVE ( 'NONE', #5479, #5794, #6816, .T. ) ;
#3136 = CARTESIAN_POINT ( 'NONE',  ( 13.70956224191951023, -39.69949675223452346, -5.423601157605925316 ) ) ;
#3137 = ORIENTED_EDGE ( 'NONE', *, *, #616, .T. ) ;
#3138 = DIRECTION ( 'NONE',  ( -0.3355296470614877458, 0.9420296470614890616, 0.000000000000000000 ) ) ;
#3139 = ORIENTED_EDGE ( 'NONE', *, *, #5272, .T. ) ;
#3140 = CARTESIAN_POINT ( 'NONE',  ( -52.66475458984394464, 17.11181606351326678, 10.00000000000000000 ) ) ;
#3141 = ORIENTED_EDGE ( 'NONE', *, *, #5626, .F. ) ;
#3142 =( BOUNDED_CURVE ( )  B_SPLINE_CURVE ( 3, ( #3267, #2465, #4333, #2508 ),
 .UNSPECIFIED., .F., .F. ) 
 B_SPLINE_CURVE_WITH_KNOTS ( ( 4, 4 ),
 ( 1.594608100755565694, 1.738244406014586074 ),
 .UNSPECIFIED. ) 
 CURVE ( )  GEOMETRIC_REPRESENTATION_ITEM ( )  RATIONAL_B_SPLINE_CURVE ( ( 1.000000000000000000, 0.9982814565068700574, 0.9982814565068700574, 1.000000000000000000 ) ) 
 REPRESENTATION_ITEM ( '' )  );
#3143 = EDGE_CURVE ( 'NONE', #7547, #760, #7939, .T. ) ;
#3144 = CARTESIAN_POINT ( 'NONE',  ( 0.000000000000000000, 0.000000000000000000, -27.00000000000000000 ) ) ;
#3145 = ORIENTED_EDGE ( 'NONE', *, *, #3480, .F. ) ;
#3146 = DIRECTION ( 'NONE',  ( -1.000000000000000000, 0.000000000000000000, 0.000000000000000000 ) ) ;
#3147 = CARTESIAN_POINT ( 'NONE',  ( -13.68732489781270623, 39.70714214271428233, -5.773502691896304384 ) ) ;
#3148 = LINE ( 'NONE', #5638, #7146 ) ;
#3149 = EDGE_LOOP ( 'NONE', ( #7707, #2589, #4645, #4132 ) ) ;
#3150 = CARTESIAN_POINT ( 'NONE',  ( -27.54373135836418740, -31.70714214271393772, -21.22649730810378088 ) ) ;
#3151 = ORIENTED_EDGE ( 'NONE', *, *, #2495, .F. ) ;
#3152 = CARTESIAN_POINT ( 'NONE',  ( 20.13397459621574015, 36.87306695894633179, -26.42264973081038804 ) ) ;
#3153 = AXIS2_PLACEMENT_3D ( 'NONE', #3484, #7081, #7768 ) ;
#3154 = ORIENTED_EDGE ( 'NONE', *, *, #1585, .F. ) ;
#3155 = DIRECTION ( 'NONE',  ( -0.5000000000000041078, -0.8660254037844363761, 3.576792014222699747E-17 ) ) ;
#3156 = ORIENTED_EDGE ( 'NONE', *, *, #3841, .F. ) ;
#3157 = AXIS2_PLACEMENT_3D ( 'NONE', #6316, #6964, #1243 ) ;
#3158 = DIRECTION ( 'NONE',  ( -1.000000000000000000, 0.000000000000000000, 0.000000000000000000 ) ) ;
#3159 = FACE_OUTER_BOUND ( 'NONE', #2370, .T. ) ;
#3160 = CARTESIAN_POINT ( 'NONE',  ( 20.40282189349188613, 36.71175975486995213, -26.57717742942805117 ) ) ;
#3161 = DIRECTION ( 'NONE',  ( 0.000000000000000000, 0.000000000000000000, -1.000000000000000000 ) ) ;
#3162 = LINE ( 'NONE', #1405, #655 ) ;
#3163 = CARTESIAN_POINT ( 'NONE',  ( 41.23105625617660053, -8.000000000000000000, -5.773502691896304384 ) ) ;
#3164 = EDGE_CURVE ( 'NONE', #572, #3276, #1270, .T. ) ;
#3165 = CYLINDRICAL_SURFACE ( 'NONE', #6810, 2.000000000000000000 ) ;
#3166 =( BOUNDED_CURVE ( )  B_SPLINE_CURVE ( 3, ( #5398, #7894, #3561, #4011 ),
 .UNSPECIFIED., .F., .F. ) 
 B_SPLINE_CURVE_WITH_KNOTS ( ( 4, 4 ),
 ( 4.712388980384689674, 6.283185307179586232 ),
 .UNSPECIFIED. ) 
 CURVE ( )  GEOMETRIC_REPRESENTATION_ITEM ( )  RATIONAL_B_SPLINE_CURVE ( ( 1.000000000000000000, 0.8047378541243649375, 0.8047378541243649375, 1.000000000000000000 ) ) 
 REPRESENTATION_ITEM ( '' )  );
#3167 = FACE_OUTER_BOUND ( 'NONE', #2323, .T. ) ;
#3168 = EDGE_LOOP ( 'NONE', ( #2414, #3295, #1017, #4530 ) ) ;
#3169 = VECTOR ( 'NONE', #3036, 1000.000000000000114 ) ;
#3170 = ADVANCED_FACE ( 'NONE', ( #589 ), #3202, .F. ) ;
#3171 = CARTESIAN_POINT ( 'NONE',  ( 11.41273480026247711, -35.72116533193572963, -21.57679307250215217 ) ) ;
#3173 = CIRCLE ( 'NONE', #3956, 2.500000000000002220 ) ;
#3172 = AXIS2_PLACEMENT_3D ( 'NONE', #7456, #6065, #2407 ) ;
#3174 = EDGE_LOOP ( 'NONE', ( #7622, #7839, #5773, #1727 ) ) ;
#3175 = ADVANCED_FACE ( 'NONE', ( #5610 ), #5533, .F. ) ;
#3176 = VECTOR ( 'NONE', #4022, 1000.000000000000000 ) ;
#3177 = DIRECTION ( 'NONE',  ( -0.8944271909999165215, 0.000000000000000000, 0.4472135954999567065 ) ) ;
#3178 = CIRCLE ( 'NONE', #4353, 3.100000000000048939 ) ;
#3179 = CARTESIAN_POINT ( 'NONE',  ( -26.00000000000000355, 28.00000000000000355, -28.00000000000000000 ) ) ;
#3180 = ORIENTED_EDGE ( 'NONE', *, *, #4928, .T. ) ;
#3181 = DIRECTION ( 'NONE',  ( -0.000000000000000000, -0.000000000000000000, -1.000000000000000000 ) ) ;
#3182 = EDGE_CURVE ( 'NONE', #819, #5379, #1726, .T. ) ;
#3183 = ORIENTED_EDGE ( 'NONE', *, *, #7931, .F. ) ;
#3184 = VECTOR ( 'NONE', #3185, 1000.000000000000000 ) ;
#3185 = DIRECTION ( 'NONE',  ( 1.000000000000000000, 0.000000000000000000, 0.000000000000000000 ) ) ;
#3186 = VERTEX_POINT ( 'NONE', #7452 ) ;
#3187 = ORIENTED_EDGE ( 'NONE', *, *, #2830, .T. ) ;
#3188 = FACE_BOUND ( 'NONE', #7275, .T. ) ;
#3189 = EDGE_LOOP ( 'NONE', ( #7438, #1444, #6391, #865 ) ) ;
#3190 = PLANE ( 'NONE',  #5586 ) ;
#3191 = LINE ( 'NONE', #2466, #1816 ) ;
#3192 = CARTESIAN_POINT ( 'NONE',  ( 25.21755935773952473, -33.64707142157970310, -24.10429319247584701 ) ) ;
#3193 = EDGE_CURVE ( 'NONE', #4083, #6390, #3120, .T. ) ;
#3194 = ORIENTED_EDGE ( 'NONE', *, *, #7497, .F. ) ;
#3195 = CARTESIAN_POINT ( 'NONE',  ( 10.60660171779826833, -10.60660171779815997, -31.99999999999998579 ) ) ;
#3196 = ORIENTED_EDGE ( 'NONE', *, *, #7, .T. ) ;
#3197 = CARTESIAN_POINT ( 'NONE',  ( -41.26607686488827653, 7.817848081995911969, -4.921666657151262392 ) ) ;
#3198 = ORIENTED_EDGE ( 'NONE', *, *, #7290, .T. ) ;
#3199 = CARTESIAN_POINT ( 'NONE',  ( -9.878341828825144333, 6.813102282579023949, -33.00000000000000000 ) ) ;
#3200 = VERTEX_POINT ( 'NONE', #2400 ) ;
#3201 = LINE ( 'NONE', #5695, #4591 ) ;
#3202 = PLANE ( 'NONE',  #4669 ) ;
#3203 = EDGE_CURVE ( 'NONE', #5847, #7574, #481, .T. ) ;
#3204 = EDGE_CURVE ( 'NONE', #6859, #4368, #6763, .T. ) ;
#3205 = CIRCLE ( 'NONE', #7764, 2.500000000000002220 ) ;
#3206 = CARTESIAN_POINT ( 'NONE',  ( 50.00000000000000000, -93.75000000000000000, 30.00000000000000711 ) ) ;
#3207 = CARTESIAN_POINT ( 'NONE',  ( 10.00000000000000888, -93.75000000000000000, 30.00000000000000711 ) ) ;
#3208 = CARTESIAN_POINT ( 'NONE',  ( -10.72357835230654999, 5.000486708505728295, -27.00000000000000000 ) ) ;
#3209 = AXIS2_PLACEMENT_3D ( 'NONE', #7091, #3374, #7864 ) ;
#3210 = DIRECTION ( 'NONE',  ( 1.000000000000000000, 0.000000000000000000, 0.000000000000000000 ) ) ;
#3211 = DIRECTION ( 'NONE',  ( -1.000000000000000000, 0.000000000000000000, 0.000000000000000000 ) ) ;
#3212 = ORIENTED_EDGE ( 'NONE', *, *, #7835, .T. ) ;
#3213 = DIRECTION ( 'NONE',  ( 1.000000000000000000, 0.000000000000000000, 0.000000000000000000 ) ) ;
#3214 = FACE_OUTER_BOUND ( 'NONE', #1977, .T. ) ;
#3215 = ORIENTED_EDGE ( 'NONE', *, *, #8083, .T. ) ;
#3216 = AXIS2_PLACEMENT_3D ( 'NONE', #3206, #1826, #6363 ) ;
#3217 = VECTOR ( 'NONE', #6718, 1000.000000000000000 ) ;
#3218 = CARTESIAN_POINT ( 'NONE',  ( 25.10827477679477582, 27.85376940362976228, -22.07904004478003301 ) ) ;
#3219 = DIRECTION ( 'NONE',  ( 0.000000000000000000, -0.000000000000000000, -1.000000000000000000 ) ) ;
#3220 = CARTESIAN_POINT ( 'NONE',  ( 14.64410141435720014, -39.36432768085874301, -4.041451884327443622 ) ) ;
#3221 = ORIENTED_EDGE ( 'NONE', *, *, #7072, .T. ) ;
#3222 = DIRECTION ( 'NONE',  ( 1.000000000000000000, 0.000000000000000000, 0.000000000000000000 ) ) ;
#3223 = ORIENTED_EDGE ( 'NONE', *, *, #7571, .T. ) ;
#3224 = DIRECTION ( 'NONE',  ( -0.000000000000000000, -0.000000000000000000, -1.000000000000000000 ) ) ;
#3225 = ORIENTED_EDGE ( 'NONE', *, *, #5818, .T. ) ;
#3226 = ADVANCED_FACE ( 'NONE', ( #3159 ), #1911, .F. ) ;
#3227 = EDGE_CURVE ( 'NONE', #7180, #2700, #5044, .T. ) ;
#3228 = PLANE ( 'NONE',  #7685 ) ;
#3229 = ORIENTED_EDGE ( 'NONE', *, *, #3934, .T. ) ;
#3230 = DIRECTION ( 'NONE',  ( 0.000000000000000000, 0.000000000000000000, 1.000000000000000000 ) ) ;
#3231 = DIRECTION ( 'NONE',  ( 1.000000000000000000, 0.000000000000000000, 0.000000000000000000 ) ) ;
#3232 = EDGE_CURVE ( 'NONE', #3518, #1322, #2357, .T. ) ;
#3233 = CARTESIAN_POINT ( 'NONE',  ( 41.23105625617660763, -7.999999999999998224, -21.22649730810378088 ) ) ;
#3234 = VECTOR ( 'NONE', #8032, 1000.000000000000000 ) ;
#3235 = ORIENTED_EDGE ( 'NONE', *, *, #1333, .F. ) ;
#3236 = B_SPLINE_CURVE_WITH_KNOTS ( 'NONE', 3,
 ( #989, #6351, #2471, #3862, #3197, #5689, #4997, #11, #1281, #1238 ),
 .UNSPECIFIED., .F., .F.,
 ( 4, 2, 2, 2, 4 ),
 ( 8.673617379884035472E-19, 0.0005232838029695363862, 0.001046567605939071905, 0.001569851408908607424, 0.002093135211878142943 ),
 .UNSPECIFIED. ) ;
#3237 = ORIENTED_EDGE ( 'NONE', *, *, #3877, .T. ) ;
#3238 = CARTESIAN_POINT ( 'NONE',  ( -32.54860834569606709, -44.79931606351243545, 0.000000000000000000 ) ) ;
#3239 = VECTOR ( 'NONE', #4657, 1000.000000000000114 ) ;
#3240 = CC_DESIGN_APPROVAL ( #5649, ( #2161 ) ) ;
#3241 = VERTEX_POINT ( 'NONE', #6761 ) ;
#3242 = DIRECTION ( 'NONE',  ( 0.8660254037844397068, 0.4999999999999983902, 0.000000000000000000 ) ) ;
#3243 = EDGE_LOOP ( 'NONE', ( #5133, #1959, #620, #4833 ) ) ;
#3244 = CARTESIAN_POINT ( 'NONE',  ( -8.000000000000000000, -36.63673020344474907, -19.00000000000001066 ) ) ;
#3245 = DIRECTION ( 'NONE',  ( -1.000000000000000000, 0.000000000000000000, 0.000000000000000000 ) ) ;
#3246 = CARTESIAN_POINT ( 'NONE',  ( 0.000000000000000000, 0.000000000000000000, 0.000000000000000000 ) ) ;
#3247 = FACE_OUTER_BOUND ( 'NONE', #4455, .T. ) ;
#3248 = EDGE_CURVE ( 'NONE', #4332, #7172, #4264, .T. ) ;
#3249 = CARTESIAN_POINT ( 'NONE',  ( 20.84996325579401599, -36.45969373109720379, -0.3093461989798242939 ) ) ;
#3250 = AXIS2_PLACEMENT_3D ( 'NONE', #4534, #7560, #5758 ) ;
#3251 = CARTESIAN_POINT ( 'NONE',  ( -10.50000000000000533, -36.00000000000000711, 10.00000000000000000 ) ) ;
#3252 = CARTESIAN_POINT ( 'NONE',  ( 21.86007217900160171, 35.86275567115333729, -26.42264973081040225 ) ) ;
#3253 = CARTESIAN_POINT ( 'NONE',  ( 11.00181229586656606, -40.53390577136664064, -25.65674413908447349 ) ) ;
#3254 = CARTESIAN_POINT ( 'NONE',  ( -15.99999999999993783, 27.71281292110207417, -24.69059892324151306 ) ) ;
#3255 = ORIENTED_EDGE ( 'NONE', *, *, #4373, .F. ) ;
#3256 = CARTESIAN_POINT ( 'NONE',  ( 41.41255848169732445, -6.999999999999973355, -22.95854811567267362 ) ) ;
#3257 = EDGE_LOOP ( 'NONE', ( #4110, #6340, #5629, #7098 ) ) ;
#3258 = DIRECTION ( 'NONE',  ( 0.000000000000000000, 0.000000000000000000, 1.000000000000000000 ) ) ;
#3259 = ORIENTED_EDGE ( 'NONE', *, *, #7892, .F. ) ;
#3260 = ORIENTED_EDGE ( 'NONE', *, *, #5917, .F. ) ;
#3261 = CYLINDRICAL_SURFACE ( 'NONE', #6324, 42.00000000000000000 ) ;
#3262 = VERTEX_POINT ( 'NONE', #7488 ) ;
#3263 = CARTESIAN_POINT ( 'NONE',  ( -14.01310987903381644, -54.16492339063440653, 12.50000000000000000 ) ) ;
#3264 = CARTESIAN_POINT ( 'NONE',  ( -8.897343463351470305, -36.43188066629583233, -26.92426858404186873 ) ) ;
#3265 = EDGE_CURVE ( 'NONE', #6936, #7824, #5311, .T. ) ;
#3266 = ORIENTED_EDGE ( 'NONE', *, *, #4450, .F. ) ;
#3267 = CARTESIAN_POINT ( 'NONE',  ( 41.98809355043403713, 1.000000000000013989, -0.5773502691896416072 ) ) ;
#3268 = CARTESIAN_POINT ( 'NONE',  ( -26.00000000000000355, -27.99999999999999645, -28.00000000000000000 ) ) ;
#3269 = LINE ( 'NONE', #1317, #3489 ) ;
#3270 = EDGE_CURVE ( 'NONE', #7406, #2511, #1068, .T. ) ;
#3271 = CARTESIAN_POINT ( 'NONE',  ( -11.54700538379303509, -36.00000000000000711, -21.22649730810378799 ) ) ;
#3272 = ORIENTED_EDGE ( 'NONE', *, *, #4572, .T. ) ;
#3273 = VERTEX_POINT ( 'NONE', #580 ) ;
#3274 = DIRECTION ( 'NONE',  ( 0.000000000000000000, 0.000000000000000000, 1.000000000000000000 ) ) ;
#3275 = ADVANCED_FACE ( 'NONE', ( #6842 ), #2433, .F. ) ;
#3276 = VERTEX_POINT ( 'NONE', #6753 ) ;
#3277 = DIRECTION ( 'NONE',  ( -0.000000000000000000, -0.000000000000000000, -1.000000000000000000 ) ) ;
#3278 = EDGE_LOOP ( 'NONE', ( #460, #6909, #6867, #5289 ) ) ;
#3279 = DIRECTION ( 'NONE',  ( 0.000000000000000000, 0.000000000000000000, 1.000000000000000000 ) ) ;
#3280 = LINE ( 'NONE', #1984, #1442 ) ;
#3281 = EDGE_CURVE ( 'NONE', #3518, #3200, #9, .T. ) ;
#3282 = VECTOR ( 'NONE', #2856, 1000.000000000000000 ) ;
#3283 = CARTESIAN_POINT ( 'NONE',  ( 11.68442873965252282, -36.00000000000001421, -22.01731690189903645 ) ) ;
#3284 = CARTESIAN_POINT ( 'NONE',  ( -26.76845706734012609, -32.36432768085828116, -4.041451884327439181 ) ) ;
#3285 = CIRCLE ( 'NONE', #1949, 1.375000000000001332 ) ;
#3286 = CARTESIAN_POINT ( 'NONE',  ( 19.05357604528268212, -32.29921680018912156, -26.66716215998824779 ) ) ;
#3287 = DIRECTION ( 'NONE',  ( -1.000000000000000000, 0.000000000000000000, 0.000000000000000000 ) ) ;
#3288 = DIRECTION ( 'NONE',  ( 0.000000000000000000, 0.000000000000000000, -1.000000000000000000 ) ) ;
#3289 = EDGE_CURVE ( 'NONE', #4763, #4985, #1197, .T. ) ;
#3290 = CIRCLE ( 'NONE', #6433, 1.375000000000001332 ) ;
#3291 = ORIENTED_EDGE ( 'NONE', *, *, #1577, .F. ) ;
#3292 = CARTESIAN_POINT ( 'NONE',  ( 0.000000000000000000, 0.000000000000000000, -27.00000000000000000 ) ) ;
#3293 = DIRECTION ( 'NONE',  ( 1.000000000000000000, 0.000000000000000000, 0.000000000000000000 ) ) ;
#3294 = LINE ( 'NONE', #1222, #6174 ) ;
#3295 = ORIENTED_EDGE ( 'NONE', *, *, #2192, .F. ) ;
#3296 = CARTESIAN_POINT ( 'NONE',  ( 37.49408816299065705, -0.6866995577291401531, -0.4229557777551222197 ) ) ;
#3297 = VECTOR ( 'NONE', #4310, 1000.000000000000000 ) ;
#3298 = VECTOR ( 'NONE', #7819, 1000.000000000000114 ) ;
#3299 = ORIENTED_EDGE ( 'NONE', *, *, #3164, .T. ) ;
#3300 = VERTEX_POINT ( 'NONE', #7403 ) ;
#3301 = CARTESIAN_POINT ( 'NONE',  ( -11.73735708915965326, -35.61590079026824185, -22.37994780022710728 ) ) ;
#3302 = EDGE_CURVE ( 'NONE', #4947, #4704, #7666, .T. ) ;
#3303 = ORIENTED_EDGE ( 'NONE', *, *, #3372, .F. ) ;
#3304 = ORIENTED_EDGE ( 'NONE', *, *, #5473, .F. ) ;
#3305 = AXIS2_PLACEMENT_3D ( 'NONE', #183, #4879, #422 ) ;
#3306 = DIRECTION ( 'NONE',  ( 0.000000000000000000, 0.000000000000000000, -1.000000000000000000 ) ) ;
#3307 = B_SPLINE_CURVE_WITH_KNOTS ( 'NONE', 3,
 ( #6031, #2954, #2449, #7337, #2912, #6771, #6198, #4851, #6727, #1127 ),
 .UNSPECIFIED., .F., .F.,
 ( 4, 2, 2, 2, 4 ),
 ( 0.000000000000000000, 0.0005240076909106133884, 0.001048015381821226777, 0.001572023072731840165, 0.002096030763642453554 ),
 .UNSPECIFIED. ) ;
#3308 = CARTESIAN_POINT ( 'NONE',  ( -27.18528438204237574, 32.01524604783076455, -4.480273193007961119 ) ) ;
#3309 = VECTOR ( 'NONE', #3224, 1000.000000000000000 ) ;
#3310 = VERTEX_POINT ( 'NONE', #4297 ) ;
#3311 = CARTESIAN_POINT ( 'NONE',  ( -37.48666429545313150, -0.9999999999999931166, -0.5773502691896312822 ) ) ;
#3312 = DIRECTION ( 'NONE',  ( -0.9063077870366491595, 0.4226182617407010511, 0.000000000000000000 ) ) ;
#3313 = CARTESIAN_POINT ( 'NONE',  ( 25.02304161032249397, 50.58757971695901290, 0.000000000000000000 ) ) ;
#3314 = CYLINDRICAL_SURFACE ( 'NONE', #5167, 2.499999999999998668 ) ;
#3315 = ORIENTED_EDGE ( 'NONE', *, *, #882, .T. ) ;
#3316 = ORIENTED_EDGE ( 'NONE', *, *, #4516, .T. ) ;
#3317 = DIRECTION ( 'NONE',  ( 0.000000000000000000, 0.000000000000000000, 1.000000000000000000 ) ) ;
#3318 = CYLINDRICAL_SURFACE ( 'NONE', #4642, 2.500000000000002220 ) ;
#3319 = ORIENTED_EDGE ( 'NONE', *, *, #2518, .F. ) ;
#3320 = CARTESIAN_POINT ( 'NONE',  ( 10.00000000000000888, -93.75000000000000000, 6.123233995736766085E-15 ) ) ;
#3321 = ORIENTED_EDGE ( 'NONE', *, *, #926, .T. ) ;
#3322 = CYLINDRICAL_SURFACE ( 'NONE', #5630, 9.999999999999994671 ) ;
#3323 = DIRECTION ( 'NONE',  ( 0.000000000000000000, -0.000000000000000000, -1.000000000000000000 ) ) ;
#3324 = EDGE_CURVE ( 'NONE', #8097, #7238, #7567, .T. ) ;
#3325 = DIRECTION ( 'NONE',  ( 0.000000000000000000, 0.000000000000000000, -1.000000000000000000 ) ) ;
#3326 = EDGE_CURVE ( 'NONE', #2352, #231, #3366, .T. ) ;
#3327 = EDGE_CURVE ( 'NONE', #1955, #5542, #196, .T. ) ;
#3328 = CARTESIAN_POINT ( 'NONE',  ( 11.47299966812150096, -29.33633035359543229, -23.00000000000000000 ) ) ;
#3329 = CARTESIAN_POINT ( 'NONE',  ( 21.86007217900164079, 35.86275567115330887, -0.5773502691896462702 ) ) ;
#3330 = CARTESIAN_POINT ( 'NONE',  ( -11.57283067170418889, -36.04473071078221835, -21.20120110609979136 ) ) ;
#3331 = AXIS2_PLACEMENT_3D ( 'NONE', #4577, #2173, #1475 ) ;
#3332 = EDGE_CURVE ( 'NONE', #4599, #1508, #3062, .T. ) ;
#3333 = CARTESIAN_POINT ( 'NONE',  ( -13.86258339050813682, 39.64639492051253455, -4.921666657151264168 ) ) ;
#3334 = ORIENTED_EDGE ( 'NONE', *, *, #4523, .F. ) ;
#3335 = VECTOR ( 'NONE', #784, 1000.000000000000000 ) ;
#3336 = CARTESIAN_POINT ( 'NONE',  ( -8.624999999999994671, -93.75000000000000000, 6.123233995736766085E-15 ) ) ;
#3337 = VERTEX_POINT ( 'NONE', #664 ) ;
#3338 = DIRECTION ( 'NONE',  ( -0.7071067811865591191, 0.000000000000000000, -0.7071067811865360264 ) ) ;
#3339 = ORIENTED_EDGE ( 'NONE', *, *, #2538, .F. ) ;
#3340 = ORIENTED_EDGE ( 'NONE', *, *, #1008, .F. ) ;
#3341 = AXIS2_PLACEMENT_3D ( 'NONE', #3706, #7372, #6193 ) ;
#3342 = DIRECTION ( 'NONE',  ( -0.000000000000000000, -0.000000000000000000, -1.000000000000000000 ) ) ;
#3343 = VERTEX_POINT ( 'NONE', #6796 ) ;
#3344 = ORIENTED_EDGE ( 'NONE', *, *, #359, .F. ) ;
#3345 = B_SPLINE_CURVE_WITH_KNOTS ( 'NONE', 3,
 ( #2219, #1520, #1555, #2138, #4170, #4665, #1643, #332, #3397, #4050 ),
 .UNSPECIFIED., .F., .F.,
 ( 4, 2, 2, 2, 4 ),
 ( 1.110764993427085481E-17, 0.0005246646380387459587, 0.001049329276077480859, 0.001573993914116215758, 0.002098658552154950875 ),
 .UNSPECIFIED. ) ;
#3346 = ADVANCED_FACE ( 'NONE', ( #5525 ), #499, .F. ) ;
#3347 = EDGE_CURVE ( 'NONE', #4921, #3545, #323, .T. ) ;
#3348 = VERTEX_POINT ( 'NONE', #6883 ) ;
#3349 = CARTESIAN_POINT ( 'NONE',  ( 27.40349347437972938, -31.82854683851686772, -22.07833334284884330 ) ) ;
#3350 = DIRECTION ( 'NONE',  ( 0.000000000000000000, -1.000000000000000000, 0.000000000000000000 ) ) ;
#3351 = DIRECTION ( 'NONE',  ( 0.000000000000000000, 0.000000000000000000, 1.000000000000000000 ) ) ;
#3352 = CARTESIAN_POINT ( 'NONE',  ( -11.54700538379303687, -36.00000000000000711, -21.22649730810378799 ) ) ;
#3353 = ORIENTED_EDGE ( 'NONE', *, *, #8050, .T. ) ;
#3354 = EDGE_LOOP ( 'NONE', ( #1155, #7528, #2260, #1157, #111, #2842 ) ) ;
#3355 = CARTESIAN_POINT ( 'NONE',  ( -41.36283800948370271, 7.289121911236752460, -22.76547123884775914 ) ) ;
#3356 = CIRCLE ( 'NONE', #7142, 2.500000000000002220 ) ;
#3357 = DIRECTION ( 'NONE',  ( 1.000000000000000000, 0.000000000000000000, 0.000000000000000000 ) ) ;
#3358 = VERTEX_POINT ( 'NONE', #6920 ) ;
#3359 = CARTESIAN_POINT ( 'NONE',  ( -25.16008959378901011, 27.80687073234093631, -5.084806631435549562 ) ) ;
#3360 = ORIENTED_EDGE ( 'NONE', *, *, #286, .F. ) ;
#3361 = AXIS2_PLACEMENT_3D ( 'NONE', #3060, #8019, #3014 ) ;
#3362 = CARTESIAN_POINT ( 'NONE',  ( 41.99172800532916483, -0.8473961678587803581, -0.4892444056235301098 ) ) ;
#3363 = DIRECTION ( 'NONE',  ( -0.000000000000000000, -0.000000000000000000, -1.000000000000000000 ) ) ;
#3364 = VECTOR ( 'NONE', #3777, 1000.000000000000000 ) ;
#3365 = CARTESIAN_POINT ( 'NONE',  ( 12.07935711153228198, 35.50147551897401144, -4.235122077022601239 ) ) ;
#3366 = CIRCLE ( 'NONE', #2819, 3.100000000000047162 ) ;
#3367 = CARTESIAN_POINT ( 'NONE',  ( -27.26897696761374945, 31.94386863846934688, -22.37909062042007591 ) ) ;
#3368 = CARTESIAN_POINT ( 'NONE',  ( 21.15003935743323993, 36.28644471303842067, -0.3093461989798224065 ) ) ;
#3369 = DIRECTION ( 'NONE',  ( -0.000000000000000000, -0.000000000000000000, -1.000000000000000000 ) ) ;
#3370 = CIRCLE ( 'NONE', #3775, 2.499999999999995115 ) ;
#3371 = DIRECTION ( 'NONE',  ( -0.000000000000000000, -1.000000000000000000, 0.000000000000000000 ) ) ;
#3372 = EDGE_CURVE ( 'NONE', #6579, #819, #1236, .T. ) ;
#3373 = EDGE_CURVE ( 'NONE', #3738, #295, #1240, .T. ) ;
#3374 = DIRECTION ( 'NONE',  ( 0.000000000000000000, 0.000000000000000000, -1.000000000000000000 ) ) ;
#3375 = VERTEX_POINT ( 'NONE', #7232 ) ;
#3376 = FACE_BOUND ( 'NONE', #2102, .T. ) ;
#3377 = AXIS2_PLACEMENT_3D ( 'NONE', #2641, #6437, #2028 ) ;
#3378 = ADVANCED_FACE ( 'NONE', ( #7890 ), #3435, .F. ) ;
#3379 = LINE ( 'NONE', #5293, #2359 ) ;
#3380 = ORIENTED_EDGE ( 'NONE', *, *, #4373, .T. ) ;
#3381 = DIRECTION ( 'NONE',  ( 0.000000000000000000, -0.000000000000000000, -1.000000000000000000 ) ) ;
#3382 = EDGE_LOOP ( 'NONE', ( #2120, #7909, #7280, #480 ) ) ;
#3383 = VERTEX_POINT ( 'NONE', #3596 ) ;
#3384 = EDGE_CURVE ( 'NONE', #7308, #477, #4168, .T. ) ;
#3385 = DIRECTION ( 'NONE',  ( 0.000000000000000000, -0.000000000000000000, -1.000000000000000000 ) ) ;
#3386 = VECTOR ( 'NONE', #4859, 1000.000000000000000 ) ;
#3387 = ORIENTED_EDGE ( 'NONE', *, *, #7863, .T. ) ;
#3388 = VERTEX_POINT ( 'NONE', #7932 ) ;
#3389 = CARTESIAN_POINT ( 'NONE',  ( -57.13409809427928820, 20.34987309427929247, 10.00000000000000000 ) ) ;
#3390 = CARTESIAN_POINT ( 'NONE',  ( -57.13409809427928820, 20.34987309427929247, 0.000000000000000000 ) ) ;
#3391 = DIRECTION ( 'NONE',  ( 1.000000000000000000, 0.000000000000000000, 0.000000000000000000 ) ) ;
#3392 = CARTESIAN_POINT ( 'NONE',  ( 41.98809355043403713, 1.000000000000013989, -0.5773502691896416072 ) ) ;
#3393 = EDGE_LOOP ( 'NONE', ( #3701, #7629, #288, #7350 ) ) ;
#3394 = ORIENTED_EDGE ( 'NONE', *, *, #2745, .F. ) ;
#3395 = ADVANCED_FACE ( 'NONE', ( #5920 ), #934, .F. ) ;
#3396 = CARTESIAN_POINT ( 'NONE',  ( -41.31865857685196630, 7.535523860037752542, -22.51972680699212859 ) ) ;
#3397 = CARTESIAN_POINT ( 'NONE',  ( 36.63673020344475617, 7.999999999999983125, -21.40395386793140275 ) ) ;
#3398 = ORIENTED_EDGE ( 'NONE', *, *, #7634, .T. ) ;
#3399 = CARTESIAN_POINT ( 'NONE',  ( -21.86007217900185040, -35.86275567115318808, -26.42264973081040580 ) ) ;
#3400 = ORIENTED_EDGE ( 'NONE', *, *, #1426, .T. ) ;
#3401 = CARTESIAN_POINT ( 'NONE',  ( 42.00000000000000000, -9.904527318284309303E-21, -0.3094010767585110844 ) ) ;
#3402 = CARTESIAN_POINT ( 'NONE',  ( -21.86007217900189303, -35.86275567115315965, -0.5773502691896462702 ) ) ;
#3403 = FACE_OUTER_BOUND ( 'NONE', #5259, .T. ) ;
#3404 = CARTESIAN_POINT ( 'NONE',  ( 41.23105625617661474, -8.000000000000000000, -5.596540400861466757 ) ) ;
#3405 = B_SPLINE_CURVE_WITH_KNOTS ( 'NONE', 3,
 ( #177, #7724, #2679, #7808, #5235, #7000, #133, #2181, #6431, #5198 ),
 .UNSPECIFIED., .F., .F.,
 ( 4, 2, 2, 2, 4 ),
 ( 0.000000000000000000, 0.0005215650838676743999, 0.001043130167735348800, 0.001564695251603023200, 0.002086260335470697599 ),
 .UNSPECIFIED. ) ;
#3406 = DIRECTION ( 'NONE',  ( -0.000000000000000000, -0.000000000000000000, 1.000000000000000000 ) ) ;
#3407 = CARTESIAN_POINT ( 'NONE',  ( 0.000000000000000000, 55.37500000000000000, 12.50000000000000000 ) ) ;
#3408 = CARTESIAN_POINT ( 'NONE',  ( -14.02971325226040022, 39.58756110840099751, -4.620909379580028897 ) ) ;
#3409 = VERTEX_POINT ( 'NONE', #1594 ) ;
#3410 = AXIS2_PLACEMENT_3D ( 'NONE', #1983, #1247, #2519 ) ;
#3411 =( BOUNDED_CURVE ( )  B_SPLINE_CURVE ( 3, ( #4483, #5708, #727, #151 ),
 .UNSPECIFIED., .F., .F. ) 
 B_SPLINE_CURVE_WITH_KNOTS ( ( 4, 4 ),
 ( 1.597466154967176477, 1.758564401868188742 ),
 .UNSPECIFIED. ) 
 CURVE ( )  GEOMETRIC_REPRESENTATION_ITEM ( )  RATIONAL_B_SPLINE_CURVE ( ( 1.000000000000000000, 0.9978384486574995993, 0.9978384486574995993, 1.000000000000000000 ) ) 
 REPRESENTATION_ITEM ( '' )  );
#3412 = FACE_BOUND ( 'NONE', #7039, .T. ) ;
#3413 = CARTESIAN_POINT ( 'NONE',  ( 28.62500000000000711, -93.75000000000000000, 30.00000000000000711 ) ) ;
#3414 = ORIENTED_EDGE ( 'NONE', *, *, #7173, .F. ) ;
#3415 = EDGE_CURVE ( 'NONE', #4698, #3639, #2291, .T. ) ;
#3416 = PLANE ( 'NONE',  #2481 ) ;
#3417 = ORIENTED_EDGE ( 'NONE', *, *, #851, .T. ) ;
#3418 = ORIENTED_EDGE ( 'NONE', *, *, #3888, .F. ) ;
#3419 = AXIS2_PLACEMENT_3D ( 'NONE', #1758, #610, #2221 ) ;
#3420 = CARTESIAN_POINT ( 'NONE',  ( 14.01310987903308636, -54.16492339063454153, 0.000000000000000000 ) ) ;
#3421 = ORIENTED_EDGE ( 'NONE', *, *, #5419, .F. ) ;
#3422 = EDGE_CURVE ( 'NONE', #5229, #5422, #6191, .T. ) ;
#3423 = AXIS2_PLACEMENT_3D ( 'NONE', #1832, #7460, #515 ) ;
#3424 = EDGE_CURVE ( 'NONE', #5388, #7472, #3643, .T. ) ;
#3425 = CARTESIAN_POINT ( 'NONE',  ( 37.48666429545313150, -0.9999999999999892308, -26.42264973081038804 ) ) ;
#3426 = EDGE_CURVE ( 'NONE', #4685, #3310, #8024, .T. ) ;
#3427 = CARTESIAN_POINT ( 'NONE',  ( 26.76845706733941554, -32.36432768085887091, -22.95854811567266296 ) ) ;
#3428 = FACE_OUTER_BOUND ( 'NONE', #677, .T. ) ;
#3429 = CARTESIAN_POINT ( 'NONE',  ( -36.78485822702895547, 7.289707639515999205, -22.76487792297750090 ) ) ;
#3430 = AXIS2_PLACEMENT_3D ( 'NONE', #7053, #193, #1415 ) ;
#3431 = CARTESIAN_POINT ( 'NONE',  ( -11.94710176973198479, -36.00000000000000711, -22.35162694428391461 ) ) ;
#3432 = VERTEX_POINT ( 'NONE', #4908 ) ;
#3434 = AXIS2_PLACEMENT_3D ( 'NONE', #5420, #401, #2285 ) ;
#3433 = CIRCLE ( 'NONE', #6178, 1.375000000000001332 ) ;
#3435 = CYLINDRICAL_SURFACE ( 'NONE', #2686, 1.999999999999999112 ) ;
#3436 = EDGE_LOOP ( 'NONE', ( #5480, #3603, #6815, #6090 ) ) ;
#3437 = CARTESIAN_POINT ( 'NONE',  ( -9.071796769724420173, 31.71281292110205641, -22.38119784648303678 ) ) ;
#3438 = LINE ( 'NONE', #5312, #7427 ) ;
#3439 = VECTOR ( 'NONE', #2897, 1000.000000000000000 ) ;
#3440 = ORIENTED_EDGE ( 'NONE', *, *, #7093, .F. ) ;
#3441 = CARTESIAN_POINT ( 'NONE',  ( -70.00000000000000000, -93.75000000000000000, 30.00000000000000711 ) ) ;
#3442 = ORIENTED_EDGE ( 'NONE', *, *, #4633, .T. ) ;
#3443 = FACE_OUTER_BOUND ( 'NONE', #364, .T. ) ;
#3444 = LINE ( 'NONE', #2184, #2076 ) ;
#3445 = DIRECTION ( 'NONE',  ( 0.000000000000000000, 0.000000000000000000, -1.000000000000000000 ) ) ;
#3446 = CARTESIAN_POINT ( 'NONE',  ( 37.49409052271668230, 0.6867206280646224181, -0.4229062739262863246 ) ) ;
#3447 = CARTESIAN_POINT ( 'NONE',  ( -25.21755935774025303, -33.64707142157915598, -2.895706807524237369 ) ) ;
#3448 = DIRECTION ( 'NONE',  ( 1.000000000000000000, 0.000000000000000000, 0.000000000000000000 ) ) ;
#3449 = ADVANCED_FACE ( 'NONE', ( #1804 ), #489, .F. ) ;
#3450 = CARTESIAN_POINT ( 'NONE',  ( -16.53043893516774077, -38.66258273603422424, -24.10429319247584345 ) ) ;
#3451 = EDGE_CURVE ( 'NONE', #3582, #2619, #4247, .T. ) ;
#3452 = CARTESIAN_POINT ( 'NONE',  ( 25.99999999999999645, -27.99999999999999645, -28.00000000000000000 ) ) ;
#3453 = CARTESIAN_POINT ( 'NONE',  ( -31.19895450303005902, -12.20144409149430054, -27.00000000000000000 ) ) ;
#3454 = CARTESIAN_POINT ( 'NONE',  ( -37.48666429545313861, -1.000000000000006661, -26.42264973081038448 ) ) ;
#3455 = ORIENTED_EDGE ( 'NONE', *, *, #4370, .F. ) ;
#3456 = DIRECTION ( 'NONE',  ( -0.000000000000000000, -0.000000000000000000, 1.000000000000000000 ) ) ;
#3457 = DIRECTION ( 'NONE',  ( -0.4999999999999918954, 0.8660254037844432595, -3.576792014222699131E-17 ) ) ;
#3458 = ORIENTED_EDGE ( 'NONE', *, *, #2392, .F. ) ;
#3459 = DIRECTION ( 'NONE',  ( 1.000000000000000000, 0.000000000000000000, 0.000000000000000000 ) ) ;
#3460 = CARTESIAN_POINT ( 'NONE',  ( 25.24656833199800943, 27.72833906777965751, -21.22649730810378088 ) ) ;
#3461 = ORIENTED_EDGE ( 'NONE', *, *, #926, .F. ) ;
#3462 = PLANE ( 'NONE',  #6315 ) ;
#3463 = CARTESIAN_POINT ( 'NONE',  ( -11.73735708915914522, 35.61590079026840527, -4.620052199772980650 ) ) ;
#3464 = ORIENTED_EDGE ( 'NONE', *, *, #6332, .T. ) ;
#3465 = AXIS2_PLACEMENT_3D ( 'NONE', #1802, #1760, #3768 ) ;
#3466 = DIRECTION ( 'NONE',  ( 0.3355296470614886339, 0.9420296470614886175, 0.000000000000000000 ) ) ;
#3467 = CIRCLE ( 'NONE', #3209, 10.00000000000000000 ) ;
#3468 = CARTESIAN_POINT ( 'NONE',  ( -24.89320326433631791, -28.04628689445087986, -4.479675845022185854 ) ) ;
#3469 = DIRECTION ( 'NONE',  ( -0.000000000000000000, -0.000000000000000000, -1.000000000000000000 ) ) ;
#3470 = CARTESIAN_POINT ( 'NONE',  ( -36.66150125085174238, 7.885841383543398031, -21.91519336856454103 ) ) ;
#3471 = CARTESIAN_POINT ( 'NONE',  ( 10.72357835230654999, -5.000486708505729183, -27.00000000000000000 ) ) ;
#3472 = VERTEX_POINT ( 'NONE', #5554 ) ;
#3473 = ADVANCED_FACE ( 'NONE', ( #6744 ), #1762, .F. ) ;
#3474 = EDGE_CURVE ( 'NONE', #6453, #2738, #2612, .T. ) ;
#3475 = ORIENTED_EDGE ( 'NONE', *, *, #6278, .F. ) ;
#3476 = DATE_AND_TIME ( #5350, #5196 ) ;
#3477 = AXIS2_PLACEMENT_3D ( 'NONE', #4019, #831, #4708 ) ;
#3478 = CARTESIAN_POINT ( 'NONE',  ( -47.95615673456354955, -27.68749999999955946, 0.000000000000000000 ) ) ;
#3479 = ORIENTED_EDGE ( 'NONE', *, *, #4490, .F. ) ;
#3480 = EDGE_CURVE ( 'NONE', #7020, #4727, #5746, .T. ) ;
#3481 = CARTESIAN_POINT ( 'NONE',  ( -13.68732489781270623, 39.70714214271428233, -27.00000000000000000 ) ) ;
#3482 = EDGE_LOOP ( 'NONE', ( #7476, #7979, #6289, #7643 ) ) ;
#3483 = DIRECTION ( 'NONE',  ( -0.000000000000000000, -0.000000000000000000, -1.000000000000000000 ) ) ;
#3484 = CARTESIAN_POINT ( 'NONE',  ( 8.000000000000000000, -36.00000000000000711, -23.00000000000000711 ) ) ;
#3485 = DIRECTION ( 'NONE',  ( -1.000000000000000000, 0.000000000000000000, 0.000000000000000000 ) ) ;
#3486 = AXIS2_PLACEMENT_3D ( 'NONE', #4254, #7239, #496 ) ;
#3487 = DIRECTION ( 'NONE',  ( 1.000000000000000000, 0.000000000000000000, 0.000000000000000000 ) ) ;
#3488 = FACE_OUTER_BOUND ( 'NONE', #6447, .T. ) ;
#3489 = VECTOR ( 'NONE', #5763, 1000.000000000000114 ) ;
#3490 = CARTESIAN_POINT ( 'NONE',  ( 19.05181886497469890, -32.30025766529880826, -0.3324023043132360855 ) ) ;
#3491 = DIRECTION ( 'NONE',  ( -1.000000000000000000, 0.000000000000000000, 0.000000000000000000 ) ) ;
#3492 = CARTESIAN_POINT ( 'NONE',  ( 27.54373135836396003, 31.70714214271412601, -5.773502691896304384 ) ) ;
#3493 = CARTESIAN_POINT ( 'NONE',  ( 31.19895450303005902, 12.20144409149429165, -23.00000000000000000 ) ) ;
#3494 = FACE_OUTER_BOUND ( 'NONE', #1226, .T. ) ;
#3495 = VECTOR ( 'NONE', #7013, 1000.000000000000000 ) ;
#3496 = ORIENTED_EDGE ( 'NONE', *, *, #5237, .T. ) ;
#3497 = EDGE_CURVE ( 'NONE', #3764, #477, #8066, .T. ) ;
#3498 = CIRCLE ( 'NONE', #4543, 9.999999999999994671 ) ;
#3499 = DIRECTION ( 'NONE',  ( -0.000000000000000000, -0.000000000000000000, 1.000000000000000000 ) ) ;
#3500 = CARTESIAN_POINT ( 'NONE',  ( -6.813102282579010627, 9.878341828825154991, -27.00000000000000000 ) ) ;
#3501 = DIRECTION ( 'NONE',  ( -0.000000000000000000, -0.000000000000000000, 1.000000000000000000 ) ) ;
#3502 = VECTOR ( 'NONE', #2099, 1000.000000000000000 ) ;
#3503 = ORIENTED_EDGE ( 'NONE', *, *, #5377, .F. ) ;
#3504 = CARTESIAN_POINT ( 'NONE',  ( -23.50000000000000355, -27.99999999999999645, -28.00000000000000000 ) ) ;
#3505 = DIRECTION ( 'NONE',  ( 1.000000000000000000, 0.000000000000000000, 0.000000000000000000 ) ) ;
#3506 = EDGE_LOOP ( 'NONE', ( #1396, #4954, #7631, #369, #769, #4989, #3927 ) ) ;
#3507 = CARTESIAN_POINT ( 'NONE',  ( -50.16475458984395175, 17.11181606351326678, 10.00000000000000000 ) ) ;
#3508 = CARTESIAN_POINT ( 'NONE',  ( 41.38689944556395517, -7.151800904922381186, -22.87090582235249769 ) ) ;
#3509 = ORIENTED_EDGE ( 'NONE', *, *, #7398, .F. ) ;
#3510 = CIRCLE ( 'NONE', #8081, 2.000000000000000000 ) ;
#3511 = CARTESIAN_POINT ( 'NONE',  ( 13.68732489781242556, -39.70714214271436759, -5.773502691896304384 ) ) ;
#3512 = VERTEX_POINT ( 'NONE', #4518 ) ;
#3513 = VECTOR ( 'NONE', #8044, 1000.000000000000000 ) ;
#3514 = PLANE ( 'NONE',  #1869 ) ;
#3515 = CARTESIAN_POINT ( 'NONE',  ( 14.36799354281482088, 39.46614103300942134, -22.76463276076776054 ) ) ;
#3516 = EDGE_LOOP ( 'NONE', ( #2744, #811, #1932, #3782 ) ) ;
#3517 = CARTESIAN_POINT ( 'NONE',  ( 21.19615242270675282, 24.71281292110194983, -5.773502691896304384 ) ) ;
#3518 = VERTEX_POINT ( 'NONE', #1376 ) ;
#3519 = CARTESIAN_POINT ( 'NONE',  ( -10.60660171779819017, 10.60660171779823102, -33.00000000000000000 ) ) ;
#3520 = CARTESIAN_POINT ( 'NONE',  ( -11.39016187144728853, -35.72833906777965041, -5.773502691896309713 ) ) ;
#3521 = ORIENTED_EDGE ( 'NONE', *, *, #2307, .F. ) ;
#3522 = CARTESIAN_POINT ( 'NONE',  ( -14.64410141435804391, -39.36432768085842326, -4.041451884327432964 ) ) ;
#3523 = EDGE_LOOP ( 'NONE', ( #3360, #7632, #902, #2526 ) ) ;
#3524 = EDGE_CURVE ( 'NONE', #4234, #4737, #5584, .T. ) ;
#3525 = DIRECTION ( 'NONE',  ( 0.000000000000000000, 0.000000000000000000, -1.000000000000000000 ) ) ;
#3526 = CARTESIAN_POINT ( 'NONE',  ( 9.878341828825156767, 6.813102282579008850, -33.00000000000000000 ) ) ;
#3527 = DIRECTION ( 'NONE',  ( 0.000000000000000000, 0.000000000000000000, 1.000000000000000000 ) ) ;
#3528 = B_SPLINE_CURVE_WITH_KNOTS ( 'NONE', 3,
 ( #2186, #3940, #3446, #6589, #5931, #182 ),
 .UNSPECIFIED., .F., .F.,
 ( 4, 2, 4 ),
 ( 1.828576955152283576E-17, 0.0005212610587558082383, 0.001042522117511598045 ),
 .UNSPECIFIED. ) ;
#3529 = CARTESIAN_POINT ( 'NONE',  ( -90.00000000000001421, -93.75000000000000000, 30.00000000000000711 ) ) ;
#3530 = ADVANCED_FACE ( 'NONE', ( #4614 ), #7106, .F. ) ;
#3531 = PLANE ( 'NONE',  #7090 ) ;
#3532 = EDGE_CURVE ( 'NONE', #514, #8067, #5859, .T. ) ;
#3533 = CYLINDRICAL_SURFACE ( 'NONE', #2366, 2.500000000000000444 ) ;
#3534 = CARTESIAN_POINT ( 'NONE',  ( 42.00000000000000000, 0.000000000000000000, 0.000000000000000000 ) ) ;
#3535 = LINE ( 'NONE', #2945, #7478 ) ;
#3536 = LINE ( 'NONE', #3493, #4000 ) ;
#3537 = CYLINDRICAL_SURFACE ( 'NONE', #2003, 2.500000000000002220 ) ;
#3538 = ORIENTED_EDGE ( 'NONE', *, *, #7324, .T. ) ;
#3539 = LINE ( 'NONE', #2237, #299 ) ;
#3540 = FACE_BOUND ( 'NONE', #7827, .T. ) ;
#3541 = CARTESIAN_POINT ( 'NONE',  ( 11.37500000000000888, -93.75000000000000000, 30.00000000000000711 ) ) ;
#3542 = ORIENTED_EDGE ( 'NONE', *, *, #1895, .T. ) ;
#3543 = DIRECTION ( 'NONE',  ( 0.000000000000000000, 0.000000000000000000, -1.000000000000000000 ) ) ;
#3544 = CARTESIAN_POINT ( 'NONE',  ( -11.47299966812150451, 29.33633035359542873, -27.00000000000000000 ) ) ;
#3545 = VERTEX_POINT ( 'NONE', #3263 ) ;
#3546 = EDGE_CURVE ( 'NONE', #8055, #6310, #6911, .T. ) ;
#3547 = DIRECTION ( 'NONE',  ( 1.000000000000000000, 0.000000000000000000, 0.000000000000000000 ) ) ;
#3548 = DIRECTION ( 'NONE',  ( 0.000000000000000000, 0.000000000000000000, -1.000000000000000000 ) ) ;
#3549 = VECTOR ( 'NONE', #5043, 1000.000000000000000 ) ;
#3550 = ORIENTED_EDGE ( 'NONE', *, *, #5977, .F. ) ;
#3551 = LINE ( 'NONE', #7430, #7664 ) ;
#3552 = VECTOR ( 'NONE', #5811, 1000.000000000000000 ) ;
#3553 = ORIENTED_EDGE ( 'NONE', *, *, #5744, .T. ) ;
#3554 = DIRECTION ( 'NONE',  ( -1.000000000000000000, 0.000000000000000000, 0.000000000000000000 ) ) ;
#3555 = ADVANCED_FACE ( 'NONE', ( #116 ), #2624, .F. ) ;
#3556 = CARTESIAN_POINT ( 'NONE',  ( 70.00000000000001421, -93.75000000000000000, 30.00000000000000711 ) ) ;
#3557 = ORIENTED_EDGE ( 'NONE', *, *, #2050, .F. ) ;
#3558 = ORIENTED_EDGE ( 'NONE', *, *, #930, .F. ) ;
#3559 = PERSON_AND_ORGANIZATION ( #6737, #462 ) ;
#3560 = CIRCLE ( 'NONE', #7470, 37.50000000000001421 ) ;
#3561 = CARTESIAN_POINT ( 'NONE',  ( -95.54778280986006678, -87.50000000000001421, 105.8578643762690348 ) ) ;
#3562 = ORIENTED_EDGE ( 'NONE', *, *, #7027, .F. ) ;
#3563 = VERTEX_POINT ( 'NONE', #7633 ) ;
#3564 = CARTESIAN_POINT ( 'NONE',  ( -11.39016187144727432, -35.72833906777965751, -5.773502691896308825 ) ) ;
#3565 = CARTESIAN_POINT ( 'NONE',  ( 8.506601717798119466, 10.60660171779830208, -27.00000000000000000 ) ) ;
#3566 = CIRCLE ( 'NONE', #6692, 37.50000000000001421 ) ;
#3567 = CARTESIAN_POINT ( 'NONE',  ( 20.13397459621521079, -36.87306695894661601, -0.5773502691896393868 ) ) ;
#3568 = PLANE ( 'NONE',  #3079 ) ;
#3569 = VECTOR ( 'NONE', #1377, 1000.000000000000000 ) ;
#3570 = DIRECTION ( 'NONE',  ( 0.9063077870366500477, 0.4226182617406993858, -0.000000000000000000 ) ) ;
#3571 = CARTESIAN_POINT ( 'NONE',  ( -11.51310987903381644, -54.16492339063440653, 10.00000000000000000 ) ) ;
#3572 = CARTESIAN_POINT ( 'NONE',  ( -19.60935755151136561, -31.96440358300127471, -26.42264973081038804 ) ) ;
#3573 = AXIS2_PLACEMENT_3D ( 'NONE', #521, #3590, #5467 ) ;
#3574 = CARTESIAN_POINT ( 'NONE',  ( 11.54700538379212738, -36.00000000000000711, -23.00000000000000711 ) ) ;
#3575 = DIRECTION ( 'NONE',  ( -0.000000000000000000, -0.000000000000000000, 1.000000000000000000 ) ) ;
#3576 = VERTEX_POINT ( 'NONE', #2007 ) ;
#3577 = EDGE_CURVE ( 'NONE', #362, #4630, #1055, .T. ) ;
#3578 = EDGE_CURVE ( 'NONE', #4996, #5550, #3045, .T. ) ;
#3579 = CARTESIAN_POINT ( 'NONE',  ( 12.35825919329724698, -35.40513281589669248, -4.041451884327432964 ) ) ;
#3580 = CARTESIAN_POINT ( 'NONE',  ( -41.26607514986292102, -7.817857766815086151, -4.921667756750981226 ) ) ;
#3581 = CARTESIAN_POINT ( 'NONE',  ( -37.49408816299064995, 0.6866995577291414854, -0.4229557777551227749 ) ) ;
#3582 = VERTEX_POINT ( 'NONE', #6012 ) ;
#3583 = CARTESIAN_POINT ( 'NONE',  ( -57.74176953441192950, 18.64378089857955345, 12.49999999999996270 ) ) ;
#3584 = ADVANCED_FACE ( 'NONE', ( #378 ), #5736, .T. ) ;
#3585 = CARTESIAN_POINT ( 'NONE',  ( -8.455965611805725146, -36.53716550773663840, -19.00000000000001066 ) ) ;
#3586 = VERTEX_POINT ( 'NONE', #2725 ) ;
#3587 = DIRECTION ( 'NONE',  ( 1.000000000000000000, 0.000000000000000000, 0.000000000000000000 ) ) ;
#3588 = CARTESIAN_POINT ( 'NONE',  ( 55.07164995601809920, -5.788263653446511725, 12.50000000000000000 ) ) ;
#3589 = ORIENTED_EDGE ( 'NONE', *, *, #6238, .T. ) ;
#3590 = DIRECTION ( 'NONE',  ( 0.4999999999999979461, -0.8660254037844398178, 0.000000000000000000 ) ) ;
#3591 = DIRECTION ( 'NONE',  ( -1.000000000000000000, 0.000000000000000000, 0.000000000000000000 ) ) ;
#3592 = ORIENTED_EDGE ( 'NONE', *, *, #3928, .F. ) ;
#3593 = CARTESIAN_POINT ( 'NONE',  ( -9.071796769724864262, -31.71281292110193206, -4.618802153517066245 ) ) ;
#3594 = CIRCLE ( 'NONE', #1590, 1.375000000000001332 ) ;
#3595 = CARTESIAN_POINT ( 'NONE',  ( 41.98809355043404423, 1.000000000000000222, -26.42264973081038804 ) ) ;
#3596 = CARTESIAN_POINT ( 'NONE',  ( -41.41255848169731735, -7.000000000000006217, -4.041451884327439181 ) ) ;
#3597 = ORIENTED_EDGE ( 'NONE', *, *, #4150, .F. ) ;
#3598 =( LENGTH_UNIT ( ) NAMED_UNIT ( * ) SI_UNIT ( .MILLI., .METRE. ) );
#3599 = EDGE_CURVE ( 'NONE', #3764, #154, #4558, .T. ) ;
#3600 = DIRECTION ( 'NONE',  ( -1.000000000000000000, 0.000000000000000000, 0.000000000000000000 ) ) ;
#3601 = CIRCLE ( 'NONE', #6871, 2.000000000000000000 ) ;
#3602 = VERTEX_POINT ( 'NONE', #6968 ) ;
#3603 = ORIENTED_EDGE ( 'NONE', *, *, #4650, .T. ) ;
#3604 = DIRECTION ( 'NONE',  ( -1.000000000000000000, 0.000000000000000000, 0.000000000000000000 ) ) ;
#3605 = CYLINDRICAL_SURFACE ( 'NONE', #2732, 1.999999999999998890 ) ;
#3606 = CC_DESIGN_PERSON_AND_ORGANIZATION_ASSIGNMENT ( #4789, #3006, ( #316 ) ) ;
#3607 = ORIENTED_EDGE ( 'NONE', *, *, #644, .T. ) ;
#3608 = AXIS2_PLACEMENT_3D ( 'NONE', #5817, #5282, #7201 ) ;
#3609 = DIRECTION ( 'NONE',  ( 0.000000000000000000, 0.000000000000000000, -1.000000000000000000 ) ) ;
#3610 = AXIS2_PLACEMENT_3D ( 'NONE', #5150, #7989, #7412 ) ;
#3611 = DIRECTION ( 'NONE',  ( 0.000000000000000000, 0.8660254037844402619, -0.4999999999999971689 ) ) ;
#3612 = ORIENTED_EDGE ( 'NONE', *, *, #4730, .T. ) ;
#3613 = PLANE ( 'NONE',  #6572 ) ;
#3614 = ORIENTED_EDGE ( 'NONE', *, *, #1342, .F. ) ;
#3615 = CARTESIAN_POINT ( 'NONE',  ( 48.62500000000000000, -93.75000000000000000, 30.00000000000000711 ) ) ;
#3616 = CARTESIAN_POINT ( 'NONE',  ( 38.65164471081077835, 37.05310732712170108, 10.00000000000000000 ) ) ;
#3617 = CARTESIAN_POINT ( 'NONE',  ( 12.20144409149429343, -31.19895450303005902, -27.00000000000000000 ) ) ;
#3618 = DIRECTION ( 'NONE',  ( -2.168404344971008868E-16, 0.000000000000000000, 1.000000000000000000 ) ) ;
#3619 = CIRCLE ( 'NONE', #2544, 2.500000000000000444 ) ;
#3620 = CARTESIAN_POINT ( 'NONE',  ( -45.45615673456354955, -27.68749999999955946, 12.50000000000000000 ) ) ;
#3621 = DIRECTION ( 'NONE',  ( 0.000000000000000000, 0.000000000000000000, -1.000000000000000000 ) ) ;
#3622 = CARTESIAN_POINT ( 'NONE',  ( -50.00000000000000000, -93.75000000000000000, 30.00000000000000711 ) ) ;
#3623 = ORIENTED_EDGE ( 'NONE', *, *, #4437, .T. ) ;
#3624 = CARTESIAN_POINT ( 'NONE',  ( -9.989458913561788833, -40.79534725052335631, -26.47982426165494374 ) ) ;
#3625 = CARTESIAN_POINT ( 'NONE',  ( 57.13409809427928820, 20.34987309427929247, 12.50000000000000000 ) ) ;
#3626 = ORIENTED_EDGE ( 'NONE', *, *, #5078, .F. ) ;
#3627 = ADVANCED_FACE ( 'NONE', ( #3867 ), #6362, .F. ) ;
#3628 = CYLINDRICAL_SURFACE ( 'NONE', #3032, 2.499999999999995115 ) ;
#3629 = AXIS2_PLACEMENT_3D ( 'NONE', #6011, #7812, #5404 ) ;
#3630 = DIRECTION ( 'NONE',  ( -1.000000000000000000, 1.224646799147354193E-16, 0.000000000000000000 ) ) ;
#3631 = ORIENTED_EDGE ( 'NONE', *, *, #6339, .T. ) ;
#3632 = AXIS2_PLACEMENT_3D ( 'NONE', #2004, #5911, #5261 ) ;
#3633 = EDGE_CURVE ( 'NONE', #3300, #6841, #5202, .T. ) ;
#3634 = AXIS2_PLACEMENT_3D ( 'NONE', #6618, #2928, #4249 ) ;
#3635 = DIRECTION ( 'NONE',  ( -0.9420296470614886175, -0.3355296470614886339, 0.000000000000000000 ) ) ;
#3636 = DIRECTION ( 'NONE',  ( -1.000000000000000000, 0.000000000000000000, 0.000000000000000000 ) ) ;
#3637 = EDGE_CURVE ( 'NONE', #2001, #3432, #5363, .T. ) ;
#3638 =( BOUNDED_CURVE ( )  B_SPLINE_CURVE ( 3, ( #6473, #1941, #1365, #5239 ),
 .UNSPECIFIED., .F., .F. ) 
 B_SPLINE_CURVE_WITH_KNOTS ( ( 4, 4 ),
 ( 1.594608100755565694, 1.738244406014586074 ),
 .UNSPECIFIED. ) 
 CURVE ( )  GEOMETRIC_REPRESENTATION_ITEM ( )  RATIONAL_B_SPLINE_CURVE ( ( 1.000000000000000000, 0.9982814565068700574, 0.9982814565068700574, 1.000000000000000000 ) ) 
 REPRESENTATION_ITEM ( '' )  );
#3639 = VERTEX_POINT ( 'NONE', #2190 ) ;
#3640 = DIRECTION ( 'NONE',  ( 0.5000000000000101030, 0.8660254037844328234, 0.000000000000000000 ) ) ;
#3641 = CIRCLE ( 'NONE', #6632, 2.500000000000002220 ) ;
#3642 = CARTESIAN_POINT ( 'NONE',  ( 41.99472387877437285, 0.6867125519817891544, -26.57709651944001905 ) ) ;
#3643 = LINE ( 'NONE', #3052, #6627 ) ;
#3644 = ORIENTED_EDGE ( 'NONE', *, *, #6041, .F. ) ;
#3645 = CARTESIAN_POINT ( 'NONE',  ( 0.000000000000000000, 0.000000000000000000, 0.000000000000000000 ) ) ;
#3646 = DIRECTION ( 'NONE',  ( 0.000000000000000000, 0.000000000000000000, -1.000000000000000000 ) ) ;
#3647 = CIRCLE ( 'NONE', #2441, 2.000000000000001776 ) ;
#3648 = ORIENTED_EDGE ( 'NONE', *, *, #3784, .F. ) ;
#3649 = CARTESIAN_POINT ( 'NONE',  ( -50.16475458984395175, 17.11181606351326678, 0.000000000000000000 ) ) ;
#3650 = FACE_BOUND ( 'NONE', #802, .T. ) ;
#3651 = ADVANCED_FACE ( 'NONE', ( #2855 ), #4758, .F. ) ;
#3652 = VERTEX_POINT ( 'NONE', #4712 ) ;
#3653 = DIRECTION ( 'NONE',  ( 1.000000000000000000, -0.000000000000000000, -0.000000000000000000 ) ) ;
#3654 = CARTESIAN_POINT ( 'NONE',  ( 25.99999999999999645, 28.00000000000000355, -28.00000000000000000 ) ) ;
#3655 = CARTESIAN_POINT ( 'NONE',  ( -21.86007217900137078, 35.86275567115347940, -26.42264973081039159 ) ) ;
#3656 = ORIENTED_EDGE ( 'NONE', *, *, #1089, .T. ) ;
#3657 = DIRECTION ( 'NONE',  ( 0.000000000000000000, -1.000000000000000000, -9.766269741776828954E-17 ) ) ;
#3658 = EDGE_LOOP ( 'NONE', ( #7555, #6169 ) ) ;
#3659 = CARTESIAN_POINT ( 'NONE',  ( -18.44515424866364839, -32.65048928824797514, -26.66716215998824779 ) ) ;
#3660 = CARTESIAN_POINT ( 'NONE',  ( 11.62449476401910964, -36.13421554360017041, -21.30564612316781492 ) ) ;
#3661 = CARTESIAN_POINT ( 'NONE',  ( -13.28561524219485257, -28.49109383011400709, -33.00000000000000000 ) ) ;
#3662 = FACE_OUTER_BOUND ( 'NONE', #3933, .T. ) ;
#3663 = CARTESIAN_POINT ( 'NONE',  ( -41.41255848169732445, 6.999999999999973355, -22.95854811567267362 ) ) ;
#3664 = CARTESIAN_POINT ( 'NONE',  ( 68.62500000000001421, -93.75000000000000000, 30.00000000000000711 ) ) ;
#3665 = DIRECTION ( 'NONE',  ( -1.000000000000000000, 0.000000000000000000, 0.000000000000000000 ) ) ;
#3666 = CARTESIAN_POINT ( 'NONE',  ( -57.13409809427928820, 20.34987309427929247, 12.50000000000000000 ) ) ;
#3667 = CARTESIAN_POINT ( 'NONE',  ( 41.98809355043404423, 1.000000000000000222, -26.42264973081038804 ) ) ;
#3668 = VERTEX_POINT ( 'NONE', #4060 ) ;
#3669 = CARTESIAN_POINT ( 'NONE',  ( 0.000000000000000000, 0.000000000000000000, -33.00000000000000000 ) ) ;
#3670 = ORIENTED_EDGE ( 'NONE', *, *, #1245, .T. ) ;
#3671 = CARTESIAN_POINT ( 'NONE',  ( 24.48261484627984785, 28.40513281589646155, -22.95854811567265941 ) ) ;
#3672 = CARTESIAN_POINT ( 'NONE',  ( -21.86007217900139210, 35.86275567115346519, -0.5773502691896371664 ) ) ;
#3673 = EDGE_CURVE ( 'NONE', #5315, #4253, #2571, .T. ) ;
#3674 = CARTESIAN_POINT ( 'NONE',  ( 36.67620928309453632, -7.817519100089273643, -22.07904004478003657 ) ) ;
#3675 = LINE ( 'NONE', #7237, #7332 ) ;
#3676 = ORIENTED_EDGE ( 'NONE', *, *, #4513, .F. ) ;
#3677 = DIRECTION ( 'NONE',  ( -1.000000000000000000, -3.469446951953614189E-15, 0.000000000000000000 ) ) ;
#3678 = EDGE_CURVE ( 'NONE', #7180, #3976, #7680, .T. ) ;
#3679 = CYLINDRICAL_SURFACE ( 'NONE', #5787, 1.375000000000001332 ) ;
#3680 = CARTESIAN_POINT ( 'NONE',  ( 14.36885425832867647, -39.46582944445194840, -22.76547123884775914 ) ) ;
#3681 = ORIENTED_EDGE ( 'NONE', *, *, #3426, .T. ) ;
#3682 = EDGE_CURVE ( 'NONE', #7682, #6603, #7440, .T. ) ;
#3683 = EDGE_CURVE ( 'NONE', #1507, #3273, #7156, .T. ) ;
#3684 = AXIS2_PLACEMENT_3D ( 'NONE', #4213, #4134, #1649 ) ;
#3685 = CARTESIAN_POINT ( 'NONE',  ( -28.62499999999999645, -93.75000000000000000, 30.00000000000000711 ) ) ;
#3686 =( BOUNDED_CURVE ( )  B_SPLINE_CURVE ( 3, ( #1041, #5538, #7914, #7376 ),
 .UNSPECIFIED., .F., .F. ) 
 B_SPLINE_CURVE_WITH_KNOTS ( ( 4, 4 ),
 ( 1.594608100755565694, 1.738244406014586074 ),
 .UNSPECIFIED. ) 
 CURVE ( )  GEOMETRIC_REPRESENTATION_ITEM ( )  RATIONAL_B_SPLINE_CURVE ( ( 1.000000000000000000, 0.9982814565068700574, 0.9982814565068700574, 1.000000000000000000 ) ) 
 REPRESENTATION_ITEM ( '' )  );
#3687 = ORIENTED_EDGE ( 'NONE', *, *, #2927, .T. ) ;
#3688 = DIRECTION ( 'NONE',  ( 1.000000000000000000, 0.000000000000000000, 0.000000000000000000 ) ) ;
#3689 = CARTESIAN_POINT ( 'NONE',  ( -36.63673020344474196, -8.000000000000008882, -21.22649730810378799 ) ) ;
#3690 = EDGE_CURVE ( 'NONE', #7197, #955, #3438, .T. ) ;
#3691 = LINE ( 'NONE', #6132, #7011 ) ;
#3692 = VECTOR ( 'NONE', #6255, 1000.000000000000000 ) ;
#3693 = ORIENTED_EDGE ( 'NONE', *, *, #5005, .F. ) ;
#3694 = DIRECTION ( 'NONE',  ( -0.000000000000000000, -0.000000000000000000, -1.000000000000000000 ) ) ;
#3695 = CARTESIAN_POINT ( 'NONE',  ( -11.51310987903381644, -54.16492339063440653, 10.00000000000000000 ) ) ;
#3696 = CARTESIAN_POINT ( 'NONE',  ( -25.21755935773975565, 33.64707142157952546, -24.10429319247584701 ) ) ;
#3697 = EDGE_LOOP ( 'NONE', ( #6640, #119, #5294, #2709 ) ) ;
#3698 = AXIS2_PLACEMENT_3D ( 'NONE', #2524, #97, #6971 ) ;
#3699 = CIRCLE ( 'NONE', #1838, 2.099999999999999645 ) ;
#3700 = CARTESIAN_POINT ( 'NONE',  ( 30.04860834569546313, -44.79931606351289730, 12.50000000000000000 ) ) ;
#3701 = ORIENTED_EDGE ( 'NONE', *, *, #2577, .F. ) ;
#3702 = CARTESIAN_POINT ( 'NONE',  ( 13.28561524219484724, 28.49109383011401064, -23.00000000000000000 ) ) ;
#3703 = CARTESIAN_POINT ( 'NONE',  ( 11.74138863860240534, -36.27791365948553448, -21.58133477561359115 ) ) ;
#3704 = LINE ( 'NONE', #3271, #4654 ) ;
#3705 = CIRCLE ( 'NONE', #5784, 60.65000000000000568 ) ;
#3706 = CARTESIAN_POINT ( 'NONE',  ( -32.00000000000000000, -5.999999999999982236, -21.22649730810378443 ) ) ;
#3707 = DIRECTION ( 'NONE',  ( -0.000000000000000000, -0.000000000000000000, -1.000000000000000000 ) ) ;
#3708 = DIRECTION ( 'NONE',  ( 0.000000000000000000, -0.000000000000000000, -1.000000000000000000 ) ) ;
#3709 = EDGE_CURVE ( 'NONE', #7708, #1309, #2041, .T. ) ;
#3710 = EDGE_CURVE ( 'NONE', #4743, #1065, #2695, .T. ) ;
#3711 = AXIS2_PLACEMENT_3D ( 'NONE', #5631, #4371, #8096 ) ;
#3712 = CARTESIAN_POINT ( 'NONE',  ( -37.49873471098771915, 0.3508540033508021350, -0.3327540123967177577 ) ) ;
#3713 = VECTOR ( 'NONE', #1212, 1000.000000000000000 ) ;
#3714 = CARTESIAN_POINT ( 'NONE',  ( -10.62732377948936069, -40.63368871244463065, -26.02735536600073019 ) ) ;
#3715 = CARTESIAN_POINT ( 'NONE',  ( 50.00000000000000000, -93.75000000000000000, 6.123233995736766085E-15 ) ) ;
#3716 = ORIENTED_EDGE ( 'NONE', *, *, #3637, .T. ) ;
#3717 = CARTESIAN_POINT ( 'NONE',  ( 12.07935711153180414, -35.50147551897418197, -22.76487792297750445 ) ) ;
#3718 = PRODUCT_RELATED_PRODUCT_CATEGORY ( 'detail', '', ( #1946 ) ) ;
#3719 = EDGE_LOOP ( 'NONE', ( #895, #6063, #3558, #4623 ) ) ;
#3720 = CARTESIAN_POINT ( 'NONE',  ( -18.15249945826984757, 32.81410079106257882, -26.57717512075319988 ) ) ;
#3721 = CARTESIAN_POINT ( 'NONE',  ( 12.70660171779811876, 10.60660171779830208, -27.00000000000000000 ) ) ;
#3722 = CARTESIAN_POINT ( 'NONE',  ( 35.04860834569547023, -44.79931606351289730, 10.00000000000000000 ) ) ;
#3723 = ORIENTED_EDGE ( 'NONE', *, *, #1853, .T. ) ;
#3724 = DIRECTION ( 'NONE',  ( 0.000000000000000000, 0.000000000000000000, -1.000000000000000000 ) ) ;
#3725 = CYLINDRICAL_SURFACE ( 'NONE', #137, 2.499999999999995115 ) ;
#3726 = VERTEX_POINT ( 'NONE', #2844 ) ;
#3727 = PERSON_AND_ORGANIZATION ( #6737, #462 ) ;
#3728 = LINE ( 'NONE', #6873, #343 ) ;
#3729 = VECTOR ( 'NONE', #5956, 1000.000000000000114 ) ;
#3730 = VERTEX_POINT ( 'NONE', #4791 ) ;
#3731 = ORIENTED_EDGE ( 'NONE', *, *, #3982, .T. ) ;
#3732 = CARTESIAN_POINT ( 'NONE',  ( -20.40282189349164099, 36.71175975487009424, -0.4228225705719741434 ) ) ;
#3733 = DIRECTION ( 'NONE',  ( 1.000000000000000000, 0.000000000000000000, 0.000000000000000000 ) ) ;
#3734 = ADVANCED_FACE ( 'NONE', ( #2800 ), #5275, .F. ) ;
#3735 = ADVANCED_FACE ( 'NONE', ( #5351 ), #7293, .F. ) ;
#3736 = ORIENTED_EDGE ( 'NONE', *, *, #2874, .T. ) ;
#3737 = CARTESIAN_POINT ( 'NONE',  ( -10.60660171779819372, -10.60660171779822569, -33.00000000000000000 ) ) ;
#3738 = VERTEX_POINT ( 'NONE', #5965 ) ;
#3739 = DIRECTION ( 'NONE',  ( -1.000000000000000000, 0.000000000000000000, 0.000000000000000000 ) ) ;
#3740 = AXIS2_PLACEMENT_3D ( 'NONE', #309, #7133, #5825 ) ;
#3741 = EDGE_CURVE ( 'NONE', #2088, #7020, #3345, .T. ) ;
#3742 = CARTESIAN_POINT ( 'NONE',  ( 50.00000000000000000, -93.75000000000000000, 6.123233995736766085E-15 ) ) ;
#3743 = EDGE_LOOP ( 'NONE', ( #2220, #4211, #503, #6784 ) ) ;
#3744 = CARTESIAN_POINT ( 'NONE',  ( -36.71295340761828641, -7.643100982632907936, -22.37994780022711083 ) ) ;
#3745 = VERTEX_POINT ( 'NONE', #899 ) ;
#3746 = CARTESIAN_POINT ( 'NONE',  ( -12.70660171779818981, 10.60660171779823102, -31.99999999999998579 ) ) ;
#3747 = CARTESIAN_POINT ( 'NONE',  ( -18.15217349845636363, 32.81427682123938183, -0.4230368988928265295 ) ) ;
#3748 = AXIS2_PLACEMENT_3D ( 'NONE', #3238, #6922, #7490 ) ;
#3749 = DIRECTION ( 'NONE',  ( -0.000000000000000000, -0.000000000000000000, 1.000000000000000000 ) ) ;
#3750 = DIRECTION ( 'NONE',  ( 0.4999999999999979461, -0.8660254037844397068, -4.930380657631323236E-32 ) ) ;
#3751 = AXIS2_PLACEMENT_3D ( 'NONE', #89, #2596, #7605 ) ;
#3752 = CARTESIAN_POINT ( 'NONE',  ( 5.000486708505707867, -10.72357835230655532, -33.00000000000000000 ) ) ;
#3753 = CARTESIAN_POINT ( 'NONE',  ( 5.677585235482518478, 8.231951524020955091, -33.00000000000000000 ) ) ;
#3754 = CARTESIAN_POINT ( 'NONE',  ( 19.47915965474880906, -32.04427671760996077, -26.51080606707489551 ) ) ;
#3755 = EDGE_LOOP ( 'NONE', ( #6080, #6704 ) ) ;
#3756 = CYLINDRICAL_SURFACE ( 'NONE', #5517, 1.375000000000001332 ) ;
#3757 = FACE_OUTER_BOUND ( 'NONE', #2860, .T. ) ;
#3758 = ORIENTED_EDGE ( 'NONE', *, *, #6098, .F. ) ;
#3759 = CARTESIAN_POINT ( 'NONE',  ( -47.95615673456354955, -27.68749999999955946, 0.000000000000000000 ) ) ;
#3760 = EDGE_CURVE ( 'NONE', #1763, #7059, #7546, .T. ) ;
#3761 = VERTEX_POINT ( 'NONE', #4627 ) ;
#3762 = VECTOR ( 'NONE', #1354, 999.9999999999998863 ) ;
#3763 = CARTESIAN_POINT ( 'NONE',  ( 13.79696604449911135, -39.66920552787367171, -5.085502641880354169 ) ) ;
#3764 = VERTEX_POINT ( 'NONE', #6620 ) ;
#3765 = CIRCLE ( 'NONE', #451, 33.50000000000000711 ) ;
#3766 = FACE_OUTER_BOUND ( 'NONE', #4853, .T. ) ;
#3767 = ORIENTED_EDGE ( 'NONE', *, *, #5824, .T. ) ;
#3768 = DIRECTION ( 'NONE',  ( -1.000000000000000000, 0.000000000000000000, 0.000000000000000000 ) ) ;
#3769 = CARTESIAN_POINT ( 'NONE',  ( 25.24656833199763284, -27.72833906778000213, -5.773502691896312378 ) ) ;
#3770 = CIRCLE ( 'NONE', #6914, 1.375000000000001332 ) ;
#3771 = EDGE_LOOP ( 'NONE', ( #6581, #3025, #239, #337 ) ) ;
#3772 = PERSON_AND_ORGANIZATION_ROLE ( 'creator' ) ;
#3773 = VECTOR ( 'NONE', #3653, 1000.000000000000000 ) ;
#3774 = CYLINDRICAL_SURFACE ( 'NONE', #990, 2.000000000000000444 ) ;
#3775 = AXIS2_PLACEMENT_3D ( 'NONE', #4125, #4206, #1764 ) ;
#3776 = EDGE_LOOP ( 'NONE', ( #7568, #4462, #213, #3086, #5805, #5158, #6412, #2541, #4500, #6952, #13, #2656 ) ) ;
#3777 = DIRECTION ( 'NONE',  ( -0.000000000000000000, -1.000000000000000000, 0.000000000000000000 ) ) ;
#3778 = CARTESIAN_POINT ( 'NONE',  ( -13.68732489781270978, 39.70714214271428233, -21.40372075205403490 ) ) ;
#3779 = ORIENTED_EDGE ( 'NONE', *, *, #2652, .T. ) ;
#3780 =( BOUNDED_CURVE ( )  B_SPLINE_CURVE ( 3, ( #3352, #169, #2793, #3431 ),
 .UNSPECIFIED., .F., .F. ) 
 B_SPLINE_CURVE_WITH_KNOTS ( ( 4, 4 ),
 ( 0.000000000000000000, 0.5974848153290316377 ),
 .UNSPECIFIED. ) 
 CURVE ( )  GEOMETRIC_REPRESENTATION_ITEM ( )  RATIONAL_B_SPLINE_CURVE ( ( 1.000000000000000000, 0.9704715850159409962, 0.9704715850159409962, 1.000000000000000000 ) ) 
 REPRESENTATION_ITEM ( '' )  );
#3781 = CARTESIAN_POINT ( 'NONE',  ( -26.00000000000000355, 28.00000000000000355, -28.00000000000000000 ) ) ;
#3782 = ORIENTED_EDGE ( 'NONE', *, *, #3424, .F. ) ;
#3783 = LINE ( 'NONE', #667, #3876 ) ;
#3784 = EDGE_CURVE ( 'NONE', #1507, #981, #6660, .T. ) ;
#3785 = VECTOR ( 'NONE', #4099, 1000.000000000000000 ) ;
#3786 = EDGE_CURVE ( 'NONE', #1508, #2139, #3166, .T. ) ;
#3787 = ORIENTED_EDGE ( 'NONE', *, *, #5892, .F. ) ;
#3788 = CARTESIAN_POINT ( 'NONE',  ( -26.67770595457974281, -32.20714214271395548, -22.95854811567266296 ) ) ;
#3789 = ORIENTED_EDGE ( 'NONE', *, *, #1386, .T. ) ;
#3790 = CARTESIAN_POINT ( 'NONE',  ( 17.88397459621527119, -32.97595264191662068, -26.42264973081039514 ) ) ;
#3791 = CARTESIAN_POINT ( 'NONE',  ( -19.05181886497493338, 32.30025766529868037, -0.3324023043132365851 ) ) ;
#3792 = VECTOR ( 'NONE', #282, 1000.000000000000114 ) ;
#3793 = EDGE_CURVE ( 'NONE', #6812, #6415, #7152, .T. ) ;
#3794 = CARTESIAN_POINT ( 'NONE',  ( 21.72965190651205347, 35.94225309171881833, -26.51080879563685855 ) ) ;
#3795 = ADVANCED_FACE ( 'NONE', ( #7397 ), #1781, .F. ) ;
#3796 = CARTESIAN_POINT ( 'NONE',  ( -52.57164995601819157, -5.788263653445767432, 12.50000000000000000 ) ) ;
#3797 = LINE ( 'NONE', #7006, #7732 ) ;
#3798 = DIRECTION ( 'NONE',  ( 1.000000000000000000, 0.000000000000000000, 0.000000000000000000 ) ) ;
#3799 = CARTESIAN_POINT ( 'NONE',  ( -8.263020818465019346, -41.18002272129341890, -19.00000000000000711 ) ) ;
#3800 = DIRECTION ( 'NONE',  ( -0.000000000000000000, -0.000000000000000000, -1.000000000000000000 ) ) ;
#3801 = ORIENTED_EDGE ( 'NONE', *, *, #543, .T. ) ;
#3802 = CARTESIAN_POINT ( 'NONE',  ( 10.42173346473783546, -40.68706327896480701, -19.80589125317850474 ) ) ;
#3803 = EDGE_LOOP ( 'NONE', ( #625, #5052 ) ) ;
#3804 = CARTESIAN_POINT ( 'NONE',  ( 31.19895450303003415, -12.20144409149435205, -27.00000000000000000 ) ) ;
#3805 = ORIENTED_EDGE ( 'NONE', *, *, #2937, .F. ) ;
#3806 = ADVANCED_FACE ( 'NONE', ( #6172 ), #6262, .F. ) ;
#3807 = DIRECTION ( 'NONE',  ( 1.000000000000000000, 0.000000000000000000, 0.000000000000000000 ) ) ;
#3808 = VERTEX_POINT ( 'NONE', #3104 ) ;
#3809 = CARTESIAN_POINT ( 'NONE',  ( 24.38054292821357549, 28.22833906777965041, -4.041451884327431188 ) ) ;
#3810 = ORIENTED_EDGE ( 'NONE', *, *, #3524, .F. ) ;
#3811 = ORIENTED_EDGE ( 'NONE', *, *, #2852, .F. ) ;
#3812 = CARTESIAN_POINT ( 'NONE',  ( 91.37500000000004263, -93.75000000000000000, 6.123233995736766085E-15 ) ) ;
#3813 = ADVANCED_FACE ( 'NONE', ( #4250 ), #7974, .F. ) ;
#3814 = EDGE_CURVE ( 'NONE', #6570, #7547, #3728, .T. ) ;
#3815 = VERTEX_POINT ( 'NONE', #7481 ) ;
#3816 = CARTESIAN_POINT ( 'NONE',  ( -21.15113201773151630, 36.28580781933704458, -0.3094561544762927108 ) ) ;
#3817 = CARTESIAN_POINT ( 'NONE',  ( -36.63673020344474907, 8.000000000000001776, -5.773502691896305272 ) ) ;
#3818 = CARTESIAN_POINT ( 'NONE',  ( 52.66475458984417202, 17.11181606351258111, 12.50000000000000000 ) ) ;
#3819 = EDGE_LOOP ( 'NONE', ( #5800, #4562, #2374, #849 ) ) ;
#3820 = DIRECTION ( 'NONE',  ( -1.000000000000000000, 0.000000000000000000, 0.000000000000000000 ) ) ;
#3821 = ORIENTED_EDGE ( 'NONE', *, *, #7821, .T. ) ;
#3822 = CARTESIAN_POINT ( 'NONE',  ( -6.813102282579010627, 9.878341828825154991, -33.00000000000000000 ) ) ;
#3823 = VECTOR ( 'NONE', #5200, 1000.000000000000000 ) ;
#3824 = ORIENTED_EDGE ( 'NONE', *, *, #5316, .T. ) ;
#3825 = EDGE_LOOP ( 'NONE', ( #2182, #7104, #7511, #6924 ) ) ;
#3826 = VECTOR ( 'NONE', #3181, 1000.000000000000000 ) ;
#3827 = CARTESIAN_POINT ( 'NONE',  ( 36.64181898201773890, -7.976794479072301769, -5.423126658117896071 ) ) ;
#3828 = CARTESIAN_POINT ( 'NONE',  ( 25.24656833199800943, 27.72833906777965396, -5.773502691896305272 ) ) ;
#3829 = CARTESIAN_POINT ( 'NONE',  ( 27.18528438204215192, -32.01524604783094219, -4.480273193007955790 ) ) ;
#3830 = VECTOR ( 'NONE', #3872, 1000.000000000000000 ) ;
#3831 = DIRECTION ( 'NONE',  ( 0.000000000000000000, 0.000000000000000000, 1.000000000000000000 ) ) ;
#3832 = DIRECTION ( 'NONE',  ( 0.000000000000000000, -0.000000000000000000, -1.000000000000000000 ) ) ;
#3833 = CARTESIAN_POINT ( 'NONE',  ( -9.034774838944779063, -41.01756412487189607, -19.12745996242461288 ) ) ;
#3834 = FACE_OUTER_BOUND ( 'NONE', #1117, .T. ) ;
#3835 = EDGE_LOOP ( 'NONE', ( #7254, #3421 ) ) ;
#3836 = VECTOR ( 'NONE', #2613, 1000.000000000000000 ) ;
#3837 = CARTESIAN_POINT ( 'NONE',  ( 11.86938019448617432, -40.28797320279100802, -24.04800322655922784 ) ) ;
#3839 = CIRCLE ( 'NONE', #5000, 2.500000000000000444 ) ;
#3838 = AXIS2_PLACEMENT_3D ( 'NONE', #7502, #5615, #8115 ) ;
#3840 = EDGE_CURVE ( 'NONE', #1020, #7354, #8088, .T. ) ;
#3841 = EDGE_CURVE ( 'NONE', #1518, #8012, #1146, .T. ) ;
#3842 = EDGE_LOOP ( 'NONE', ( #3913, #5998, #1096, #5297 ) ) ;
#3843 = CARTESIAN_POINT ( 'NONE',  ( 25.24656833199800943, 27.72833906777965041, -21.40367377805376137 ) ) ;
#3844 = CIRCLE ( 'NONE', #1313, 2.499999999999995115 ) ;
#3845 = FACE_OUTER_BOUND ( 'NONE', #1422, .T. ) ;
#3846 = EDGE_CURVE ( 'NONE', #562, #5531, #6515, .T. ) ;
#3847 = DIRECTION ( 'NONE',  ( -0.4999999999999918954, 0.8660254037844432595, -3.576792014222698515E-17 ) ) ;
#3848 = ORIENTED_EDGE ( 'NONE', *, *, #7521, .T. ) ;
#3849 = FACE_OUTER_BOUND ( 'NONE', #1198, .T. ) ;
#3850 = VERTEX_POINT ( 'NONE', #1230 ) ;
#3851 = VECTOR ( 'NONE', #5513, 1000.000000000000114 ) ;
#3852 = CARTESIAN_POINT ( 'NONE',  ( -42.00000000000000000, -0.9999999999999983347, -26.42264973081039159 ) ) ;
#3853 = ORIENTED_EDGE ( 'NONE', *, *, #1463, .T. ) ;
#3854 = CARTESIAN_POINT ( 'NONE',  ( -55.16475458984393754, 17.11181606351326678, 12.50000000000000000 ) ) ;
#3855 = EDGE_LOOP ( 'NONE', ( #1880, #7830, #5959, #1139 ) ) ;
#3856 = CYLINDRICAL_SURFACE ( 'NONE', #1502, 1.375000000000001332 ) ;
#3857 = CARTESIAN_POINT ( 'NONE',  ( -22.52304161032181185, 50.58757971695931843, 0.000000000000000000 ) ) ;
#3858 = DIRECTION ( 'NONE',  ( 0.000000000000000000, 0.000000000000000000, -1.000000000000000000 ) ) ;
#3859 = VERTEX_POINT ( 'NONE', #3685 ) ;
#3860 = ORIENTED_EDGE ( 'NONE', *, *, #5839, .T. ) ;
#3861 = ADVANCED_FACE ( 'NONE', ( #4331 ), #3774, .F. ) ;
#3862 = CARTESIAN_POINT ( 'NONE',  ( -41.25302275733430690, 7.886079674248926530, -5.085502641880354169 ) ) ;
#3863 = ORIENTED_EDGE ( 'NONE', *, *, #1454, .F. ) ;
#3864 = CARTESIAN_POINT ( 'NONE',  ( 14.26155295014673996, -34.74078288419499216, -24.10197630004942937 ) ) ;
#3865 = ORIENTED_EDGE ( 'NONE', *, *, #988, .F. ) ;
#3866 = DIRECTION ( 'NONE',  ( -1.000000000000000000, 0.000000000000000000, 0.000000000000000000 ) ) ;
#3867 = FACE_OUTER_BOUND ( 'NONE', #6958, .T. ) ;
#3868 = AXIS2_PLACEMENT_3D ( 'NONE', #4042, #2670, #5802 ) ;
#3869 = DIRECTION ( 'NONE',  ( -0.000000000000000000, -0.000000000000000000, -1.000000000000000000 ) ) ;
#3870 = DIRECTION ( 'NONE',  ( -1.000000000000000000, -0.000000000000000000, -0.000000000000000000 ) ) ;
#3871 = CARTESIAN_POINT ( 'NONE',  ( 20.69700349359289504, -36.54671656801804147, -0.3324020045413415003 ) ) ;
#3872 = DIRECTION ( 'NONE',  ( 0.000000000000000000, 0.000000000000000000, -1.000000000000000000 ) ) ;
#3873 = DIRECTION ( 'NONE',  ( 0.000000000000000000, -0.000000000000000000, -1.000000000000000000 ) ) ;
#3874 = CARTESIAN_POINT ( 'NONE',  ( 11.78898527942410190, -40.31167379593734523, -21.69138714801347945 ) ) ;
#3875 = ORIENTED_EDGE ( 'NONE', *, *, #7226, .T. ) ;
#3876 = VECTOR ( 'NONE', #4426, 1000.000000000000000 ) ;
#3877 = EDGE_CURVE ( 'NONE', #2497, #7746, #5077, .T. ) ;
#3878 = CARTESIAN_POINT ( 'NONE',  ( -32.00000000000000000, 8.000000000000000000, -4.618802153517059139 ) ) ;
#3879 = ORIENTED_EDGE ( 'NONE', *, *, #413, .F. ) ;
#3880 = ADVANCED_FACE ( 'NONE', ( #7937 ), #4830, .F. ) ;
#3881 = LINE ( 'NONE', #647, #3826 ) ;
#3882 = ORIENTED_EDGE ( 'NONE', *, *, #5850, .F. ) ;
#3883 = CARTESIAN_POINT ( 'NONE',  ( -20.12802137143299319, -36.86275567115319518, -0.5773502691896416072 ) ) ;
#3884 = ORIENTED_EDGE ( 'NONE', *, *, #4121, .T. ) ;
#3885 = EDGE_CURVE ( 'NONE', #5794, #6662, #4291, .T. ) ;
#3886 = ORIENTED_EDGE ( 'NONE', *, *, #7373, .F. ) ;
#3887 = AXIS2_PLACEMENT_3D ( 'NONE', #4707, #7241, #6667 ) ;
#3888 = EDGE_CURVE ( 'NONE', #3262, #6662, #3055, .T. ) ;
#3889 = DIRECTION ( 'NONE',  ( 0.000000000000000000, 0.000000000000000000, 1.000000000000000000 ) ) ;
#3890 = ORIENTED_EDGE ( 'NONE', *, *, #830, .T. ) ;
#3891 = CARTESIAN_POINT ( 'NONE',  ( -36.63673020344474907, 8.000000000000001776, 10.00000000000000000 ) ) ;
#3892 = FACE_OUTER_BOUND ( 'NONE', #4103, .T. ) ;
#3893 = CARTESIAN_POINT ( 'NONE',  ( 8.506601717798119466, 10.60660171779830208, -33.00000000000000000 ) ) ;
#3894 = AXIS2_PLACEMENT_3D ( 'NONE', #7527, #6135, #6222 ) ;
#3895 = VERTEX_POINT ( 'NONE', #6747 ) ;
#3896 = ORIENTED_EDGE ( 'NONE', *, *, #4674, .T. ) ;
#3897 = LINE ( 'NONE', #5605, #4917 ) ;
#3898 = CIRCLE ( 'NONE', #6104, 1.999999999999998224 ) ;
#3899 = ORIENTED_EDGE ( 'NONE', *, *, #6671, .F. ) ;
#3900 = CARTESIAN_POINT ( 'NONE',  ( -18.01157830561268369, -32.89158522034163212, -0.4891936377127911739 ) ) ;
#3901 = ORIENTED_EDGE ( 'NONE', *, *, #644, .F. ) ;
#3902 = EDGE_CURVE ( 'NONE', #4205, #6452, #3114, .T. ) ;
#3903 = CARTESIAN_POINT ( 'NONE',  ( -30.00000000000000000, -93.75000000000000000, 30.00000000000000711 ) ) ;
#3904 = DIRECTION ( 'NONE',  ( 1.000000000000000000, 0.000000000000000000, 0.000000000000000000 ) ) ;
#3905 = PLANE ( 'NONE',  #3698 ) ;
#3906 = CARTESIAN_POINT ( 'NONE',  ( -20.02304161032181185, 50.58757971695931843, 10.00000000000000000 ) ) ;
#3907 = AXIS2_PLACEMENT_3D ( 'NONE', #2300, #1189, #6790 ) ;
#3908 = EDGE_CURVE ( 'NONE', #2785, #3859, #1120, .T. ) ;
#3909 = CARTESIAN_POINT ( 'NONE',  ( -90.00000000000001421, -93.75000000000000000, 30.00000000000000711 ) ) ;
#3910 = DIRECTION ( 'NONE',  ( -1.000000000000000000, 0.000000000000000000, 0.000000000000000000 ) ) ;
#3911 = ORIENTED_EDGE ( 'NONE', *, *, #3690, .T. ) ;
#3912 = CARTESIAN_POINT ( 'NONE',  ( -57.13409809427928820, 20.34987309427929247, 0.000000000000000000 ) ) ;
#3913 = ORIENTED_EDGE ( 'NONE', *, *, #3265, .F. ) ;
#3914 = CARTESIAN_POINT ( 'NONE',  ( -41.98809355043403713, 0.9999999999999715783, -26.42264973081040580 ) ) ;
#3915 = ORIENTED_EDGE ( 'NONE', *, *, #6061, .T. ) ;
#3916 = VERTEX_POINT ( 'NONE', #533 ) ;
#3917 = CYLINDRICAL_SURFACE ( 'NONE', #3632, 1.999999999999998890 ) ;
#3918 = ORIENTED_EDGE ( 'NONE', *, *, #3908, .T. ) ;
#3919 = EDGE_CURVE ( 'NONE', #2636, #1129, #2427, .T. ) ;
#3920 = DIRECTION ( 'NONE',  ( -1.000000000000000000, 0.000000000000000000, 0.000000000000000000 ) ) ;
#3921 = CARTESIAN_POINT ( 'NONE',  ( -24.48261484627964535, 28.40513281589663919, -22.95854811567265941 ) ) ;
#3922 = EDGE_CURVE ( 'NONE', #7077, #255, #3647, .T. ) ;
#3923 = VERTEX_POINT ( 'NONE', #3854 ) ;
#3924 = CARTESIAN_POINT ( 'NONE',  ( -24.48261484628005391, -28.40513281589628747, -4.041451884327430299 ) ) ;
#3925 = DIRECTION ( 'NONE',  ( -1.000000000000000000, 0.000000000000000000, 0.000000000000000000 ) ) ;
#3926 = CARTESIAN_POINT ( 'NONE',  ( -4.813102282579023949, -9.878341828825144333, -33.00000000000000000 ) ) ;
#3927 = ORIENTED_EDGE ( 'NONE', *, *, #1491, .F. ) ;
#3928 = EDGE_CURVE ( 'NONE', #2276, #3726, #78, .T. ) ;
#3929 = EDGE_CURVE ( 'NONE', #5279, #7020, #81, .T. ) ;
#3930 = EDGE_LOOP ( 'NONE', ( #5691, #4831, #4774, #4314, #3936, #4647, #6646, #4497, #415, #91, #1573, #1436, #5589, #8042, #6379, #2116, #6961, #5909, #2623, #202, #5236, #51, #7973, #2621, #5199, #6424, #6989, #6872, #6788, #6375, #3542, #6919, #7846, #6133, #4719, #611, #2085 ) ) ;
#3931 = CARTESIAN_POINT ( 'NONE',  ( 12.70660171779826619, -10.60660171779815997, -27.00000000000000000 ) ) ;
#3932 = DIRECTION ( 'NONE',  ( -1.000000000000000000, 0.000000000000000000, 0.000000000000000000 ) ) ;
#3933 = EDGE_LOOP ( 'NONE', ( #3315, #7276 ) ) ;
#3934 = EDGE_CURVE ( 'NONE', #3300, #2436, #5690, .T. ) ;
#3935 = DIRECTION ( 'NONE',  ( -2.168404344971008868E-16, 0.000000000000000000, 1.000000000000000000 ) ) ;
#3936 = ORIENTED_EDGE ( 'NONE', *, *, #5727, .F. ) ;
#3937 = CARTESIAN_POINT ( 'NONE',  ( 12.20144409149434495, 31.19895450303004480, -23.00000000000000000 ) ) ;
#3938 = CYLINDRICAL_SURFACE ( 'NONE', #7538, 2.000000000000000000 ) ;
#3939 = AXIS2_PLACEMENT_3D ( 'NONE', #6275, #1285, #3119 ) ;
#3940 = CARTESIAN_POINT ( 'NONE',  ( 37.49073504071282059, 0.8474013390179527816, -0.4892473911936707220 ) ) ;
#3941 = LINE ( 'NONE', #2032, #2490 ) ;
#3942 = CIRCLE ( 'NONE', #5117, 2.000000000000000000 ) ;
#3943 = CARTESIAN_POINT ( 'NONE',  ( 19.34191058478007363, 32.12738179418550999, -0.4230368988928248086 ) ) ;
#3944 =( BOUNDED_CURVE ( )  B_SPLINE_CURVE ( 3, ( #754, #3283, #140, #5162 ),
 .UNSPECIFIED., .F., .F. ) 
 B_SPLINE_CURVE_WITH_KNOTS ( ( 4, 4 ),
 ( 5.685700491849664751, 6.283185307179586232 ),
 .UNSPECIFIED. ) 
 CURVE ( )  GEOMETRIC_REPRESENTATION_ITEM ( )  RATIONAL_B_SPLINE_CURVE ( ( 1.000000000000000000, 0.9704715850158536217, 0.9704715850158536217, 1.000000000000000000 ) ) 
 REPRESENTATION_ITEM ( '' )  );
#3945 = DIRECTION ( 'NONE',  ( 1.000000000000000000, -0.000000000000000000, 0.000000000000000000 ) ) ;
#3946 = CIRCLE ( 'NONE', #381, 2.500000000000002220 ) ;
#3947 = ORIENTED_EDGE ( 'NONE', *, *, #6332, .F. ) ;
#3948 = EDGE_CURVE ( 'NONE', #3916, #4083, #6777, .T. ) ;
#3949 = ADVANCED_FACE ( 'NONE', ( #7028, #3188, #7062, #3963, #1272, #2588 ), #736, .F. ) ;
#3950 = DIRECTION ( 'NONE',  ( -1.000000000000000000, -3.469446951953611033E-15, 0.000000000000000000 ) ) ;
#3951 = PLANE ( 'NONE',  #2225 ) ;
#3952 = CARTESIAN_POINT ( 'NONE',  ( 57.57164995601809920, -5.788263653446511725, 0.000000000000000000 ) ) ;
#3953 = ORIENTED_EDGE ( 'NONE', *, *, #1906, .F. ) ;
#3954 = CARTESIAN_POINT ( 'NONE',  ( -12.70660171779819336, -10.60660171779822569, -31.99999999999998579 ) ) ;
#3956 = AXIS2_PLACEMENT_3D ( 'NONE', #2153, #5937, #307 ) ;
#3955 = VECTOR ( 'NONE', #3621, 1000.000000000000000 ) ;
#3957 = VERTEX_POINT ( 'NONE', #3921 ) ;
#3958 = ORIENTED_EDGE ( 'NONE', *, *, #4730, .F. ) ;
#3959 = FACE_OUTER_BOUND ( 'NONE', #6995, .T. ) ;
#3960 = CIRCLE ( 'NONE', #7731, 2.000000000000000000 ) ;
#3961 = VERTEX_POINT ( 'NONE', #3812 ) ;
#3962 = AXIS2_PLACEMENT_3D ( 'NONE', #4839, #502, #6713 ) ;
#3963 = FACE_BOUND ( 'NONE', #1304, .T. ) ;
#3964 = VECTOR ( 'NONE', #2456, 1000.000000000000000 ) ;
#3965 = ORIENTED_EDGE ( 'NONE', *, *, #851, .F. ) ;
#3966 = CARTESIAN_POINT ( 'NONE',  ( 27.45605671283452409, -31.78312585362489529, -21.91449735811973554 ) ) ;
#3967 = CARTESIAN_POINT ( 'NONE',  ( -8.000000000000000000, -36.00000000000000711, -23.00000000000001066 ) ) ;
#3968 = DIRECTION ( 'NONE',  ( -0.000000000000000000, -0.000000000000000000, -1.000000000000000000 ) ) ;
#3969 = ORIENTED_EDGE ( 'NONE', *, *, #7762, .T. ) ;
#3970 = VERTEX_POINT ( 'NONE', #6416 ) ;
#3971 = CARTESIAN_POINT ( 'NONE',  ( -91.37500000000001421, -93.75000000000000000, 6.123233995736766085E-15 ) ) ;
#3972 = CARTESIAN_POINT ( 'NONE',  ( -25.24656833199782469, 27.72833906777982094, -21.22649730810378088 ) ) ;
#3973 = ORIENTED_EDGE ( 'NONE', *, *, #6669, .F. ) ;
#3974 = ADVANCED_FACE ( 'NONE', ( #7518 ), #1928, .F. ) ;
#3975 = CARTESIAN_POINT ( 'NONE',  ( 37.50000000000000711, 4.592425496802575156E-15, 10.00000000000000000 ) ) ;
#3976 = VERTEX_POINT ( 'NONE', #118 ) ;
#3977 = LINE ( 'NONE', #5856, #6550 ) ;
#3978 = CARTESIAN_POINT ( 'NONE',  ( -10.60660171779819017, 10.60660171779823102, -33.00000000000000000 ) ) ;
#3979 = CARTESIAN_POINT ( 'NONE',  ( 35.04860834569547023, -44.79931606351289730, 0.000000000000000000 ) ) ;
#3980 = EDGE_CURVE ( 'NONE', #4386, #110, #5486, .T. ) ;
#3981 = CARTESIAN_POINT ( 'NONE',  ( -28.62499999999999645, -93.75000000000000000, 6.123233995736766085E-15 ) ) ;
#3982 = EDGE_CURVE ( 'NONE', #6390, #925, #4823, .T. ) ;
#3983 = CARTESIAN_POINT ( 'NONE',  ( -21.59190561860271274, 36.02524194608822938, -26.57717742942805117 ) ) ;
#3984 = CARTESIAN_POINT ( 'NONE',  ( 32.00000000000000000, -8.673617379884035472E-16, -0.3094010767585109734 ) ) ;
#3985 = AXIS2_PLACEMENT_3D ( 'NONE', #4783, #6696, #1053 ) ;
#3986 = DIRECTION ( 'NONE',  ( 0.000000000000000000, -0.000000000000000000, -1.000000000000000000 ) ) ;
#3987 = CARTESIAN_POINT ( 'NONE',  ( -66.89376726804815121, -7.051275471044081478, 10.00000000000000000 ) ) ;
#3988 = ORIENTED_EDGE ( 'NONE', *, *, #138, .F. ) ;
#3989 = B_SPLINE_CURVE_WITH_KNOTS ( 'NONE', 3,
 ( #1091, #3508, #5341, #6036, #5421, #2870, #2287, #4819, #6775, #2328 ),
 .UNSPECIFIED., .F., .F.,
 ( 4, 2, 2, 2, 4 ),
 ( 2.154481861730808222E-17, 0.0005240076909106356146, 0.001048015381821249545, 0.001572023072731863584, 0.002096030763642477840 ),
 .UNSPECIFIED. ) ;
#3990 = VECTOR ( 'NONE', #3357, 1000.000000000000000 ) ;
#3991 = DIRECTION ( 'NONE',  ( -1.000000000000000000, 0.000000000000000000, 0.000000000000000000 ) ) ;
#3992 = CARTESIAN_POINT ( 'NONE',  ( 12.35825919329776390, 35.40513281589651484, -22.95854811567265941 ) ) ;
#3993 = ORIENTED_EDGE ( 'NONE', *, *, #6805, .T. ) ;
#3994 = CARTESIAN_POINT ( 'NONE',  ( 37.48666429545313861, -1.000000000000010436, -0.5773502691896401640 ) ) ;
#3995 = EDGE_LOOP ( 'NONE', ( #1517, #5872, #3340, #410 ) ) ;
#3996 = EDGE_CURVE ( 'NONE', #6510, #1464, #6302, .T. ) ;
#3997 = ORIENTED_EDGE ( 'NONE', *, *, #840, .F. ) ;
#3998 = VECTOR ( 'NONE', #2109, 1000.000000000000000 ) ;
#3999 = CARTESIAN_POINT ( 'NONE',  ( 5.000486708505725630, 10.72357835230654821, -33.00000000000000000 ) ) ;
#4000 = VECTOR ( 'NONE', #5982, 1000.000000000000000 ) ;
#4001 = ORIENTED_EDGE ( 'NONE', *, *, #1342, .T. ) ;
#4002 = ORIENTED_EDGE ( 'NONE', *, *, #2518, .T. ) ;
#4003 = DIRECTION ( 'NONE',  ( 1.000000000000000000, 0.000000000000000000, 0.000000000000000000 ) ) ;
#4004 = ORIENTED_EDGE ( 'NONE', *, *, #3232, .F. ) ;
#4005 = CARTESIAN_POINT ( 'NONE',  ( 26.99468395251801667, -32.17611792599326037, -22.76463276076776054 ) ) ;
#4006 = CARTESIAN_POINT ( 'NONE',  ( 70.00000000000001421, -93.75000000000000000, 30.00000000000000711 ) ) ;
#4007 = CARTESIAN_POINT ( 'NONE',  ( 0.000000000000000000, 0.000000000000000000, -27.00000000000000000 ) ) ;
#4008 = ORIENTED_EDGE ( 'NONE', *, *, #749, .T. ) ;
#4009 = ORIENTED_EDGE ( 'NONE', *, *, #2217, .T. ) ;
#4010 = PLANE ( 'NONE',  #5457 ) ;
#4011 = CARTESIAN_POINT ( 'NONE',  ( -95.54778280986008099, -87.50000000000001421, 100.0000000000000000 ) ) ;
#4012 = ORIENTED_EDGE ( 'NONE', *, *, #390, .T. ) ;
#4013 = CARTESIAN_POINT ( 'NONE',  ( -19.60935755151138693, -31.96440358300126761, -0.5773502691896400529 ) ) ;
#4014 = ORIENTED_EDGE ( 'NONE', *, *, #1367, .F. ) ;
#4015 = CARTESIAN_POINT ( 'NONE',  ( 11.39016187144653713, -35.72833906777988489, -5.596046132068687839 ) ) ;
#4016 = FACE_BOUND ( 'NONE', #1195, .T. ) ;
#4017 = CIRCLE ( 'NONE', #5060, 2.499999999999998668 ) ;
#4018 = ADVANCED_FACE ( 'NONE', ( #2506 ), #3228, .F. ) ;
#4019 = CARTESIAN_POINT ( 'NONE',  ( -10.60660171779819017, 10.60660171779823102, -31.99999999999998579 ) ) ;
#4020 = EDGE_CURVE ( 'NONE', #4737, #2011, #2241, .T. ) ;
#4021 = CARTESIAN_POINT ( 'NONE',  ( -27.18512684124945267, 32.01537763495749545, -22.51986801027855734 ) ) ;
#4022 = DIRECTION ( 'NONE',  ( -0.000000000000000000, -0.000000000000000000, -1.000000000000000000 ) ) ;
#4023 = CARTESIAN_POINT ( 'NONE',  ( -11.54700538379303687, -36.00000000000000711, -21.15101303213268125 ) ) ;
#4024 = ADVANCED_FACE ( 'NONE', ( #4454 ), #852, .F. ) ;
#4025 = VECTOR ( 'NONE', #2674, 1000.000000000000000 ) ;
#4026 = CARTESIAN_POINT ( 'NONE',  ( 25.99999999999999645, 28.00000000000000355, -28.00000000000000000 ) ) ;
#4027 = ORIENTED_EDGE ( 'NONE', *, *, #5396, .T. ) ;
#4028 =( BOUNDED_CURVE ( )  B_SPLINE_CURVE ( 3, ( #1964, #6211, #5594, #7474 ),
 .UNSPECIFIED., .F., .F. ) 
 B_SPLINE_CURVE_WITH_KNOTS ( ( 4, 4 ),
 ( 3.141592653589793116, 4.712388980384689674 ),
 .UNSPECIFIED. ) 
 CURVE ( )  GEOMETRIC_REPRESENTATION_ITEM ( )  RATIONAL_B_SPLINE_CURVE ( ( 1.000000000000000000, 0.8047378541243649375, 0.8047378541243649375, 1.000000000000000000 ) ) 
 REPRESENTATION_ITEM ( '' )  );
#4029 = EDGE_CURVE ( 'NONE', #5550, #3961, #6247, .T. ) ;
#4030 = FACE_BOUND ( 'NONE', #2884, .T. ) ;
#4031 = VECTOR ( 'NONE', #6006, 1000.000000000000114 ) ;
#4032 = CARTESIAN_POINT ( 'NONE',  ( -14.36799354281510155, -39.46614103300932186, -22.76463276076776054 ) ) ;
#4033 = ORIENTED_EDGE ( 'NONE', *, *, #4694, .F. ) ;
#4034 = DIRECTION ( 'NONE',  ( -1.000000000000000000, 0.000000000000000000, 0.000000000000000000 ) ) ;
#4035 = ORIENTED_EDGE ( 'NONE', *, *, #735, .T. ) ;
#4036 = ORIENTED_EDGE ( 'NONE', *, *, #2927, .F. ) ;
#4037 = CARTESIAN_POINT ( 'NONE',  ( -12.08028895096158628, -35.50116049070350499, -22.76577088639731627 ) ) ;
#4038 = EDGE_LOOP ( 'NONE', ( #1237, #2485, #2326, #4124 ) ) ;
#4039 = EDGE_CURVE ( 'NONE', #569, #5927, #4807, .T. ) ;
#4040 = DIRECTION ( 'NONE',  ( 1.000000000000000000, 0.000000000000000000, 0.000000000000000000 ) ) ;
#4041 = CARTESIAN_POINT ( 'NONE',  ( 27.52599158393256218, -31.72257755238402765, -21.57639884239416972 ) ) ;
#4042 = CARTESIAN_POINT ( 'NONE',  ( 30.00000000000001421, -93.75000000000000000, 30.00000000000000711 ) ) ;
#4043 = CARTESIAN_POINT ( 'NONE',  ( -36.63673020344475617, 8.000000000000000000, -21.40367377805375781 ) ) ;
#4044 = CARTESIAN_POINT ( 'NONE',  ( -41.41255848169733156, -6.999999999999973355, -22.95854811567266296 ) ) ;
#4045 = VERTEX_POINT ( 'NONE', #5841 ) ;
#4046 = ORIENTED_EDGE ( 'NONE', *, *, #5623, .F. ) ;
#4047 = CARTESIAN_POINT ( 'NONE',  ( 17.87730674394181207, -32.96440358300166906, -0.5773502691896418293 ) ) ;
#4048 = EDGE_CURVE ( 'NONE', #7752, #5414, #1261, .T. ) ;
#4049 = ADVANCED_FACE ( 'NONE', ( #7797 ), #2087, .F. ) ;
#4050 = CARTESIAN_POINT ( 'NONE',  ( 36.63673020344474196, 8.000000000000008882, -21.22649730810378799 ) ) ;
#4051 = ORIENTED_EDGE ( 'NONE', *, *, #1853, .F. ) ;
#4052 = CARTESIAN_POINT ( 'NONE',  ( -18.44693425444453538, -32.64948795801706893, -0.3324023043132353639 ) ) ;
#4053 = ORIENTED_EDGE ( 'NONE', *, *, #7821, .F. ) ;
#4054 = CARTESIAN_POINT ( 'NONE',  ( 20.26207829342208200, -36.78955711229188807, -26.51080879563686565 ) ) ;
#4055 = LINE ( 'NONE', #7161, #4856 ) ;
#4056 = CARTESIAN_POINT ( 'NONE',  ( 41.23105625617661474, 7.999999999999984901, -21.40345959913863183 ) ) ;
#4057 = CARTESIAN_POINT ( 'NONE',  ( 12.21282107508831771, 35.45589839191520554, -4.128825702922126695 ) ) ;
#4058 = CARTESIAN_POINT ( 'NONE',  ( 41.36267749533294591, -7.290023107016524229, -4.235367239232346925 ) ) ;
#4059 = CARTESIAN_POINT ( 'NONE',  ( 57.13409809427928820, 20.34987309427929247, 0.000000000000000000 ) ) ;
#4060 = CARTESIAN_POINT ( 'NONE',  ( 55.16475458984417912, 17.11181606351258111, 12.50000000000000000 ) ) ;
#4061 = CARTESIAN_POINT ( 'NONE',  ( -36.84087403957729379, -7.000000000000004441, -4.041451884327440069 ) ) ;
#4062 = DIRECTION ( 'NONE',  ( -1.000000000000000000, 0.000000000000000000, 0.000000000000000000 ) ) ;
#4063 = ORIENTED_EDGE ( 'NONE', *, *, #991, .T. ) ;
#4064 = CIRCLE ( 'NONE', #4330, 1.374999999999999556 ) ;
#4065 = FACE_BOUND ( 'NONE', #7487, .T. ) ;
#4066 = DIRECTION ( 'NONE',  ( -0.4999999999999919509, 0.8660254037844433705, 1.214306433183755722E-17 ) ) ;
#4067 = VERTEX_POINT ( 'NONE', #2873 ) ;
#4068 = DIRECTION ( 'NONE',  ( 0.000000000000000000, 0.000000000000000000, -1.000000000000000000 ) ) ;
#4069 = PLANE ( 'NONE',  #4517 ) ;
#4070 = EDGE_CURVE ( 'NONE', #8094, #7077, #7711, .T. ) ;
#4071 = ORIENTED_EDGE ( 'NONE', *, *, #2310, .T. ) ;
#4072 = DIRECTION ( 'NONE',  ( -0.000000000000000000, -0.000000000000000000, -1.000000000000000000 ) ) ;
#4073 = AXIS2_PLACEMENT_3D ( 'NONE', #4154, #3543, #1624 ) ;
#4074 = CARTESIAN_POINT ( 'NONE',  ( -12.70660171779819336, -10.60660171779822569, -27.00000000000000000 ) ) ;
#4075 = ORIENTED_EDGE ( 'NONE', *, *, #1387, .T. ) ;
#4076 = EDGE_CURVE ( 'NONE', #3118, #4377, #2822, .T. ) ;
#4077 = VECTOR ( 'NONE', #7697, 1000.000000000000000 ) ;
#4078 = DIRECTION ( 'NONE',  ( 0.4999999999999918954, -0.8660254037844432595, -3.576792014222724399E-17 ) ) ;
#4079 = CARTESIAN_POINT ( 'NONE',  ( -24.70476237329753744, -28.21241736194036775, -4.234229113602766326 ) ) ;
#4080 = CARTESIAN_POINT ( 'NONE',  ( 36.67620928309453632, 7.817519100089271866, -4.920959955220063797 ) ) ;
#4081 = FACE_OUTER_BOUND ( 'NONE', #3482, .T. ) ;
#4082 = DIRECTION ( 'NONE',  ( -1.000000000000000000, 0.000000000000000000, 0.000000000000000000 ) ) ;
#4083 = VERTEX_POINT ( 'NONE', #4615 ) ;
#4085 = VECTOR ( 'NONE', #5462, 1000.000000000000000 ) ;
#4084 = VECTOR ( 'NONE', #7957, 1000.000000000000000 ) ;
#4086 = ORIENTED_EDGE ( 'NONE', *, *, #2970, .F. ) ;
#4087 = DIRECTION ( 'NONE',  ( 0.000000000000000000, 0.000000000000000000, -1.000000000000000000 ) ) ;
#4088 = CARTESIAN_POINT ( 'NONE',  ( 25.24656833199763284, -27.72833906778000213, -5.773502691896312378 ) ) ;
#4089 = AXIS2_PLACEMENT_3D ( 'NONE', #2983, #993, #2271 ) ;
#4090 = EDGE_LOOP ( 'NONE', ( #7361, #6657, #4036, #3145 ) ) ;
#4091 = CARTESIAN_POINT ( 'NONE',  ( -37.48666429545313150, 0.9999999999999892308, -26.42264973081038804 ) ) ;
#4092 = ORIENTED_EDGE ( 'NONE', *, *, #232, .F. ) ;
#4093 = CARTESIAN_POINT ( 'NONE',  ( -24.38054292821336233, 28.22833906777984225, -22.95854811567266296 ) ) ;
#4094 = CARTESIAN_POINT ( 'NONE',  ( 0.000000000000000000, -97.50000000000000000, 100.0000000000000000 ) ) ;
#4095 = CARTESIAN_POINT ( 'NONE',  ( 23.49999999999999645, -27.99999999999999645, -28.00000000000000000 ) ) ;
#4096 = EDGE_CURVE ( 'NONE', #1728, #5388, #6624, .T. ) ;
#4097 = CARTESIAN_POINT ( 'NONE',  ( 28.49109383011401775, -13.28561524219485790, -27.00000000000000000 ) ) ;
#4098 = PLANE ( 'NONE',  #1569 ) ;
#4099 = DIRECTION ( 'NONE',  ( -0.000000000000000000, -1.000000000000000000, 0.000000000000000000 ) ) ;
#4100 = LINE ( 'NONE', #5285, #2616 ) ;
#4101 = LINE ( 'NONE', #6675, #6482 ) ;
#4102 = CARTESIAN_POINT ( 'NONE',  ( -10.72357835230654821, 5.000486708505726519, -33.00000000000000000 ) ) ;
#4103 = EDGE_LOOP ( 'NONE', ( #7865, #5673, #2167, #5968 ) ) ;
#4104 = FACE_BOUND ( 'NONE', #5475, .T. ) ;
#4105 = CARTESIAN_POINT ( 'NONE',  ( 18.59885815294042288, 32.56321101559226605, -26.69054351260828639 ) ) ;
#4106 = ORIENTED_EDGE ( 'NONE', *, *, #6382, .T. ) ;
#4107 = DIRECTION ( 'NONE',  ( -0.000000000000000000, -0.000000000000000000, -1.000000000000000000 ) ) ;
#4108 = CARTESIAN_POINT ( 'NONE',  ( -9.878341828825154991, -6.813102282579010627, -27.00000000000000000 ) ) ;
#4109 = ORIENTED_EDGE ( 'NONE', *, *, #5131, .F. ) ;
#4110 = ORIENTED_EDGE ( 'NONE', *, *, #4744, .F. ) ;
#4111 = DIRECTION ( 'NONE',  ( 0.000000000000000000, -0.000000000000000000, -1.000000000000000000 ) ) ;
#4112 = VERTEX_POINT ( 'NONE', #6653 ) ;
#4113 = ADVANCED_FACE ( 'NONE', ( #7184 ), #2309, .F. ) ;
#4114 = VECTOR ( 'NONE', #1744, 1000.000000000000000 ) ;
#4115 = EDGE_CURVE ( 'NONE', #5464, #2460, #7593, .T. ) ;
#4116 = DIRECTION ( 'NONE',  ( 0.9063077870366500477, 0.4226182617406993858, 0.000000000000000000 ) ) ;
#4117 = VECTOR ( 'NONE', #2020, 1000.000000000000000 ) ;
#4118 = ORIENTED_EDGE ( 'NONE', *, *, #5497, .F. ) ;
#4119 = DIRECTION ( 'NONE',  ( 0.4226182617407007736, 0.9063077870366492705, 0.000000000000000000 ) ) ;
#4120 = AXIS2_PLACEMENT_3D ( 'NONE', #6423, #5958, #211 ) ;
#4121 = EDGE_CURVE ( 'NONE', #5152, #485, #5953, .T. ) ;
#4122 = DIRECTION ( 'NONE',  ( -0.4999999999999919509, 0.8660254037844433705, -3.576792014222699131E-17 ) ) ;
#4123 = ORIENTED_EDGE ( 'NONE', *, *, #6575, .T. ) ;
#4124 = ORIENTED_EDGE ( 'NONE', *, *, #4775, .T. ) ;
#4125 = CARTESIAN_POINT ( 'NONE',  ( -52.66475458984394464, 17.11181606351326678, 0.000000000000000000 ) ) ;
#4126 = ADVANCED_FACE ( 'NONE', ( #5999 ), #6499, .F. ) ;
#4127 = AXIS2_PLACEMENT_3D ( 'NONE', #6712, #3609, #6013 ) ;
#4129 = VECTOR ( 'NONE', #2955, 999.9999999999998863 ) ;
#4128 = CARTESIAN_POINT ( 'NONE',  ( 24.89307185958124791, -28.04640093926422040, -4.479574171170901842 ) ) ;
#4130 = ORIENTED_EDGE ( 'NONE', *, *, #3760, .T. ) ;
#4131 = LINE ( 'NONE', #6623, #7203 ) ;
#4132 = ORIENTED_EDGE ( 'NONE', *, *, #6820, .F. ) ;
#4133 = DIRECTION ( 'NONE',  ( 1.000000000000000000, 0.000000000000000000, 0.000000000000000000 ) ) ;
#4134 = DIRECTION ( 'NONE',  ( 1.000000000000000000, 0.000000000000000000, 0.000000000000000000 ) ) ;
#4135 = DIRECTION ( 'NONE',  ( 0.000000000000000000, 0.000000000000000000, -1.000000000000000000 ) ) ;
#4136 = AXIS2_PLACEMENT_3D ( 'NONE', #2804, #6367, #5128 ) ;
#4137 = DIRECTION ( 'NONE',  ( -0.4226182617406993858, 0.9063077870366500477, 0.000000000000000000 ) ) ;
#4138 = CARTESIAN_POINT ( 'NONE',  ( -26.76845706733963581, 32.36432768085867906, -22.95854811567266296 ) ) ;
#4139 = EDGE_CURVE ( 'NONE', #5231, #2833, #7269, .T. ) ;
#4140 = CIRCLE ( 'NONE', #3629, 1.375000000000001332 ) ;
#4141 = CARTESIAN_POINT ( 'NONE',  ( -8.000000000000000000, -36.00000000000000711, -23.00000000000001066 ) ) ;
#4142 = DIRECTION ( 'NONE',  ( -1.000000000000000000, 0.000000000000000000, 0.000000000000000000 ) ) ;
#4143 = CARTESIAN_POINT ( 'NONE',  ( 0.000000000000000000, 0.000000000000000000, -27.00000000000000000 ) ) ;
#4144 = PLANE ( 'NONE',  #823 ) ;
#4145 = VECTOR ( 'NONE', #6693, 1000.000000000000000 ) ;
#4146 = DIRECTION ( 'NONE',  ( -1.000000000000000000, 0.000000000000000000, -0.000000000000000000 ) ) ;
#4147 = EDGE_LOOP ( 'NONE', ( #3067, #3901, #3455, #4524 ) ) ;
#4148 = LINE ( 'NONE', #6600, #7244 ) ;
#4149 = PLANE ( 'NONE',  #6439 ) ;
#4150 = EDGE_CURVE ( 'NONE', #4996, #1171, #3770, .T. ) ;
#4151 = CARTESIAN_POINT ( 'NONE',  ( -37.50000000000001421, 0.1739907356059530452, -0.3094010767585107513 ) ) ;
#4152 = LOCAL_TIME ( 15, 33, 8.000000000000000000, #4745 ) ;
#4153 = EDGE_LOOP ( 'NONE', ( #4884, #1300 ) ) ;
#4154 = CARTESIAN_POINT ( 'NONE',  ( 11.47299966812150096, -29.33633035359543229, -27.00000000000000000 ) ) ;
#4155 = CARTESIAN_POINT ( 'NONE',  ( 0.000000000000000000, 0.000000000000000000, 0.000000000000000000 ) ) ;
#4156 = ORIENTED_EDGE ( 'NONE', *, *, #6258, .F. ) ;
#4157 = ORIENTED_EDGE ( 'NONE', *, *, #2453, .T. ) ;
#4158 = DIRECTION ( 'NONE',  ( 0.000000000000000000, -0.000000000000000000, -1.000000000000000000 ) ) ;
#4159 = ORIENTED_EDGE ( 'NONE', *, *, #366, .T. ) ;
#4160 = AXIS2_PLACEMENT_3D ( 'NONE', #3144, #6087, #3600 ) ;
#4161 = AXIS2_PLACEMENT_3D ( 'NONE', #5460, #4236, #1625 ) ;
#4162 = CARTESIAN_POINT ( 'NONE',  ( -35.04860834569606709, -44.79931606351243545, 12.50000000000000000 ) ) ;
#4163 = VERTEX_POINT ( 'NONE', #4162 ) ;
#4164 = AXIS2_PLACEMENT_3D ( 'NONE', #6206, #6120, #1179 ) ;
#4165 = FACE_OUTER_BOUND ( 'NONE', #6336, .T. ) ;
#4166 = DIRECTION ( 'NONE',  ( -1.000000000000000000, 0.000000000000000000, 0.000000000000000000 ) ) ;
#4167 = ORIENTED_EDGE ( 'NONE', *, *, #2320, .F. ) ;
#4168 = LINE ( 'NONE', #1056, #5846 ) ;
#4169 = ORIENTED_EDGE ( 'NONE', *, *, #7780, .F. ) ;
#4170 = CARTESIAN_POINT ( 'NONE',  ( 36.71295340761828641, 7.643100982632907936, -22.37994780022711083 ) ) ;
#4171 = ORIENTED_EDGE ( 'NONE', *, *, #988, .T. ) ;
#4172 = VERTEX_POINT ( 'NONE', #2787 ) ;
#4173 = CARTESIAN_POINT ( 'NONE',  ( -11.84235976833601711, -35.58123307826097914, -4.479574171170900954 ) ) ;
#4174 = DIRECTION ( 'NONE',  ( 0.000000000000000000, 0.000000000000000000, -1.000000000000000000 ) ) ;
#4175 = LINE ( 'NONE', #4095, #1363 ) ;
#4176 = ADVANCED_FACE ( 'NONE', ( #205 ), #5265, .F. ) ;
#4177 = EDGE_CURVE ( 'NONE', #3409, #2412, #3121, .T. ) ;
#4178 = CARTESIAN_POINT ( 'NONE',  ( 41.74799829290711983, -5.015511314454943026, -24.10429319247585767 ) ) ;
#4179 = APPLICATION_CONTEXT ( 'configuration controlled 3d designs of mechanical parts and assemblies' ) ;
#4180 = EDGE_CURVE ( 'NONE', #1763, #235, #3551, .T. ) ;
#4181 = CARTESIAN_POINT ( 'NONE',  ( 19.60935755151115245, 31.96440358300140616, -0.5773502691896369443 ) ) ;
#4182 = FACE_OUTER_BOUND ( 'NONE', #2169, .T. ) ;
#4183 = PLANE ( 'NONE',  #7728 ) ;
#4184 = CARTESIAN_POINT ( 'NONE',  ( -11.77988689512567966, -36.30215694407601035, -21.68676099317329076 ) ) ;
#4185 = CYLINDRICAL_SURFACE ( 'NONE', #4385, 2.500000000000002220 ) ;
#4186 = ORIENTED_EDGE ( 'NONE', *, *, #1010, .T. ) ;
#4187 = B_SPLINE_CURVE_WITH_KNOTS ( 'NONE', 3,
 ( #7948, #4223, #1323, #6925, #3744, #2475, #4430, #5001, #7531, #4387 ),
 .UNSPECIFIED., .F., .F.,
 ( 4, 2, 2, 2, 4 ),
 ( 1.110764993427085481E-17, 0.0005246646380387459587, 0.001049329276077480859, 0.001573993914116215758, 0.002098658552154950875 ),
 .UNSPECIFIED. ) ;
#4188 = CARTESIAN_POINT ( 'NONE',  ( 10.00000000000000888, -93.75000000000000000, 30.00000000000000711 ) ) ;
#4189 = CARTESIAN_POINT ( 'NONE',  ( 12.70660171779811876, 10.60660171779830208, -31.99999999999998579 ) ) ;
#4190 = VERTEX_POINT ( 'NONE', #2331 ) ;
#4191 = CARTESIAN_POINT ( 'NONE',  ( -60.16188402828016990, 11.84909189725474299, 11.97014624393680293 ) ) ;
#4192 = CARTESIAN_POINT ( 'NONE',  ( -8.000000000000000000, -36.63673020344474907, -19.00000000000001066 ) ) ;
#4193 = VERTEX_POINT ( 'NONE', #4821 ) ;
#4194 = EDGE_CURVE ( 'NONE', #7339, #3038, #1094, .T. ) ;
#4195 = PLANE ( 'NONE',  #7022 ) ;
#4196 = VECTOR ( 'NONE', #5238, 1000.000000000000000 ) ;
#4197 = EDGE_CURVE ( 'NONE', #7824, #1580, #7309, .T. ) ;
#4198 = ORIENTED_EDGE ( 'NONE', *, *, #1858, .T. ) ;
#4199 = CARTESIAN_POINT ( 'NONE',  ( 22.95562404999898121, 29.72125859434157746, -24.10197630004943292 ) ) ;
#4200 = CIRCLE ( 'NONE', #2216, 2.500000000000002220 ) ;
#4201 =( BOUNDED_CURVE ( )  B_SPLINE_CURVE ( 3, ( #4091, #6584, #940, #336 ),
 .UNSPECIFIED., .F., .F. ) 
 B_SPLINE_CURVE_WITH_KNOTS ( ( 4, 4 ),
 ( 1.597466154967176477, 1.758564401868188742 ),
 .UNSPECIFIED. ) 
 CURVE ( )  GEOMETRIC_REPRESENTATION_ITEM ( )  RATIONAL_B_SPLINE_CURVE ( ( 1.000000000000000000, 0.9978384486574995993, 0.9978384486574995993, 1.000000000000000000 ) ) 
 REPRESENTATION_ITEM ( '' )  );
#4202 = ORIENTED_EDGE ( 'NONE', *, *, #7027, .T. ) ;
#4203 = CARTESIAN_POINT ( 'NONE',  ( -11.39016187144678227, 35.72833906777979962, -21.22649730810378088 ) ) ;
#4204 = DIRECTION ( 'NONE',  ( -1.000000000000000000, 0.000000000000000000, -2.478176394252581634E-16 ) ) ;
#4205 = VERTEX_POINT ( 'NONE', #3721 ) ;
#4206 = DIRECTION ( 'NONE',  ( 0.000000000000000000, 0.000000000000000000, 1.000000000000000000 ) ) ;
#4207 = VECTOR ( 'NONE', #4305, 1000.000000000000114 ) ;
#4208 = DIRECTION ( 'NONE',  ( 0.000000000000000000, 0.000000000000000000, -1.000000000000000000 ) ) ;
#4209 = ORIENTED_EDGE ( 'NONE', *, *, #3546, .F. ) ;
#4210 = VECTOR ( 'NONE', #1504, 1000.000000000000000 ) ;
#4211 = ORIENTED_EDGE ( 'NONE', *, *, #7128, .F. ) ;
#4212 = CARTESIAN_POINT ( 'NONE',  ( 28.49999999999999289, -27.99999999999999645, -28.00000000000000000 ) ) ;
#4213 = CARTESIAN_POINT ( 'NONE',  ( -32.00000000000000000, 6.000000000000000000, -5.773502691896304384 ) ) ;
#4214 = VECTOR ( 'NONE', #2645, 1000.000000000000000 ) ;
#4215 = DIRECTION ( 'NONE',  ( -0.000000000000000000, -0.000000000000000000, -1.000000000000000000 ) ) ;
#4216 = ORIENTED_EDGE ( 'NONE', *, *, #5818, .F. ) ;
#4217 = CARTESIAN_POINT ( 'NONE',  ( 0.000000000000000000, 0.000000000000000000, -23.00000000000000000 ) ) ;
#4218 = AXIS2_PLACEMENT_3D ( 'NONE', #4341, #1200, #1817 ) ;
#4219 = EDGE_CURVE ( 'NONE', #6432, #4630, #5088, .T. ) ;
#4220 = EDGE_CURVE ( 'NONE', #5883, #3200, #1050, .T. ) ;
#4221 = CARTESIAN_POINT ( 'NONE',  ( 35.04860834569547023, -44.79931606351289730, 12.50000000000000000 ) ) ;
#4222 = ORIENTED_EDGE ( 'NONE', *, *, #3919, .F. ) ;
#4223 = CARTESIAN_POINT ( 'NONE',  ( -36.81207553644252783, -7.151566003788086157, -22.87104144258560368 ) ) ;
#4224 = DIRECTION ( 'NONE',  ( 0.000000000000000000, 0.000000000000000000, -1.000000000000000000 ) ) ;
#4225 = AXIS2_PLACEMENT_3D ( 'NONE', #642, #5667, #3177 ) ;
#4226 = ADVANCED_FACE ( 'NONE', ( #6078 ), #6736, .F. ) ;
#4227 = CARTESIAN_POINT ( 'NONE',  ( 9.013109879033086358, -54.16492339063454153, 10.00000000000000000 ) ) ;
#4228 = CYLINDRICAL_SURFACE ( 'NONE', #3341, 1.999999999999998224 ) ;
#4229 = ADVANCED_FACE ( 'NONE', ( #3091 ), #7349, .F. ) ;
#4230 = CARTESIAN_POINT ( 'NONE',  ( -41.94017357740407448, -3.012068310516686775, -25.26098155010566870 ) ) ;
#4231 = LINE ( 'NONE', #1703, #3297 ) ;
#4232 = CARTESIAN_POINT ( 'NONE',  ( -10.60660171779819372, -10.60660171779822569, -31.99999999999998579 ) ) ;
#4233 = B_SPLINE_CURVE_WITH_KNOTS ( 'NONE', 3,
 ( #6419, #815, #4041, #3966, #3349, #7638, #2055, #4005, #2171, #3427 ),
 .UNSPECIFIED., .F., .F.,
 ( 4, 2, 2, 2, 4 ),
 ( 0.000000000000000000, 0.0005232838029695432167, 0.001046567605939086433, 0.001569851408908629758, 0.002093135211878172867 ),
 .UNSPECIFIED. ) ;
#4234 = VERTEX_POINT ( 'NONE', #4365 ) ;
#4235 = CARTESIAN_POINT ( 'NONE',  ( -11.47299966812155247, -29.33633035359540742, -23.00000000000000000 ) ) ;
#4236 = DIRECTION ( 'NONE',  ( -0.000000000000000000, -0.000000000000000000, 1.000000000000000000 ) ) ;
#4237 = ORIENTED_EDGE ( 'NONE', *, *, #3248, .T. ) ;
#4238 = LINE ( 'NONE', #6731, #6039 ) ;
#4239 = CARTESIAN_POINT ( 'NONE',  ( 0.000000000000000000, 0.000000000000000000, -27.00000000000000000 ) ) ;
#4240 = ORIENTED_EDGE ( 'NONE', *, *, #5973, .F. ) ;
#4241 = CARTESIAN_POINT ( 'NONE',  ( -20.12802137143300740, -36.86275567115318808, -26.42264973081038804 ) ) ;
#4242 = EDGE_CURVE ( 'NONE', #6465, #6025, #5471, .T. ) ;
#4243 = EDGE_LOOP ( 'NONE', ( #2222, #1087, #922, #3304, #5063, #3344, #5834, #7985, #3789, #2476, #4691, #5752, #4569, #4339, #5309, #6617, #5749, #428, #7637, #7102, #8080, #3394, #131, #4420, #977, #7922, #4063, #7282 ) ) ;
#4244 = CARTESIAN_POINT ( 'NONE',  ( 25.99999999999999645, 28.00000000000000355, -33.00000000000000000 ) ) ;
#4245 = VECTOR ( 'NONE', #1227, 1000.000000000000000 ) ;
#4246 = CARTESIAN_POINT ( 'NONE',  ( 13.70956224192007333, 39.69949675223433161, -21.57639884239416972 ) ) ;
#4247 = LINE ( 'NONE', #6168, #2425 ) ;
#4248 = EDGE_LOOP ( 'NONE', ( #976, #5511 ) ) ;
#4249 = DIRECTION ( 'NONE',  ( 1.000000000000000000, 0.000000000000000000, 0.000000000000000000 ) ) ;
#4250 = FACE_OUTER_BOUND ( 'NONE', #1792, .T. ) ;
#4251 =( BOUNDED_CURVE ( )  B_SPLINE_CURVE ( 3, ( #3019, #6136, #500, #4919 ),
 .UNSPECIFIED., .F., .F. ) 
 B_SPLINE_CURVE_WITH_KNOTS ( ( 4, 4 ),
 ( 4.544940901164999936, 4.688577206424020538 ),
 .UNSPECIFIED. ) 
 CURVE ( )  GEOMETRIC_REPRESENTATION_ITEM ( )  RATIONAL_B_SPLINE_CURVE ( ( 1.000000000000000000, 0.9982814565068700574, 0.9982814565068700574, 1.000000000000000000 ) ) 
 REPRESENTATION_ITEM ( '' )  );
#4252 = AXIS2_PLACEMENT_3D ( 'NONE', #6597, #2194, #5209 ) ;
#4253 = VERTEX_POINT ( 'NONE', #4241 ) ;
#4254 = CARTESIAN_POINT ( 'NONE',  ( 25.99999999999999645, 28.00000000000000355, -33.00000000000000000 ) ) ;
#4255 = CARTESIAN_POINT ( 'NONE',  ( 37.49408816299065705, 0.6866995577291413744, -26.57704422224490060 ) ) ;
#4256 = CARTESIAN_POINT ( 'NONE',  ( -57.13409809427928820, 20.34987309427929247, 12.50000000000000000 ) ) ;
#4257 = ORIENTED_EDGE ( 'NONE', *, *, #2553, .T. ) ;
#4258 = AXIS2_PLACEMENT_3D ( 'NONE', #8022, #7981, #2348 ) ;
#4259 = AXIS2_PLACEMENT_3D ( 'NONE', #1975, #3749, #550 ) ;
#4260 = DIRECTION ( 'NONE',  ( 0.000000000000000000, 0.000000000000000000, -1.000000000000000000 ) ) ;
#4261 = ORIENTED_EDGE ( 'NONE', *, *, #4928, .F. ) ;
#4262 = PLANE ( 'NONE',  #2627 ) ;
#4263 = DIRECTION ( 'NONE',  ( -0.4330127018922224624, 0.2500000000000045519, 0.8660254037844358210 ) ) ;
#4264 = LINE ( 'NONE', #5036, #711 ) ;
#4265 = DIRECTION ( 'NONE',  ( 0.000000000000000000, 0.000000000000000000, -1.000000000000000000 ) ) ;
#4266 = ADVANCED_FACE ( 'NONE', ( #6821 ), #4901, .F. ) ;
#4267 = DIRECTION ( 'NONE',  ( -1.000000000000000000, 0.000000000000000000, 0.000000000000000000 ) ) ;
#4268 = AXIS2_PLACEMENT_3D ( 'NONE', #5653, #17, #2520 ) ;
#4269 = DIRECTION ( 'NONE',  ( 0.000000000000000000, 0.000000000000000000, -1.000000000000000000 ) ) ;
#4270 = CYLINDRICAL_SURFACE ( 'NONE', #5647, 2.099999999999999645 ) ;
#4271 = EDGE_CURVE ( 'NONE', #4425, #2503, #1, .T. ) ;
#4272 = DIRECTION ( 'NONE',  ( -0.000000000000000000, 0.000000000000000000, 1.000000000000000000 ) ) ;
#4273 = ORIENTED_EDGE ( 'NONE', *, *, #5815, .F. ) ;
#4274 = FACE_OUTER_BOUND ( 'NONE', #1229, .T. ) ;
#4275 = DIRECTION ( 'NONE',  ( 0.000000000000000000, 0.000000000000000000, -1.000000000000000000 ) ) ;
#4276 = ORIENTED_EDGE ( 'NONE', *, *, #3182, .F. ) ;
#4277 = ADVANCED_FACE ( 'NONE', ( #4977 ), #484, .F. ) ;
#4278 = EDGE_CURVE ( 'NONE', #562, #4515, #5548, .T. ) ;
#4279 = LINE ( 'NONE', #7921, #452 ) ;
#4280 = ORIENTED_EDGE ( 'NONE', *, *, #5995, .F. ) ;
#4281 = CIRCLE ( 'NONE', #2289, 33.50000000000000711 ) ;
#4282 = CARTESIAN_POINT ( 'NONE',  ( 90.00000000000004263, -93.75000000000000000, 30.00000000000000711 ) ) ;
#4283 = CARTESIAN_POINT ( 'NONE',  ( 10.60660171779826833, -10.60660171779815997, -31.99999999999998579 ) ) ;
#4284 = ORIENTED_EDGE ( 'NONE', *, *, #616, .F. ) ;
#4285 = DIRECTION ( 'NONE',  ( 0.8660254037844393737, 0.4999999999999987232, 0.000000000000000000 ) ) ;
#4286 = CARTESIAN_POINT ( 'NONE',  ( 41.99172800532916483, 0.8473961678587682567, -26.51075559437650142 ) ) ;
#4287 = AXIS2_PLACEMENT_3D ( 'NONE', #4155, #6032, #7917 ) ;
#4288 = CARTESIAN_POINT ( 'NONE',  ( -9.999999999999994671, -93.75000000000000000, 30.00000000000000711 ) ) ;
#4289 = ORIENTED_EDGE ( 'NONE', *, *, #2117, .F. ) ;
#4290 = CARTESIAN_POINT ( 'NONE',  ( -11.84235976833553394, 35.58123307826114967, -22.52042582882920740 ) ) ;
#4291 = CIRCLE ( 'NONE', #5987, 2.499999999999998668 ) ;
#4292 = ORIENTED_EDGE ( 'NONE', *, *, #1717, .F. ) ;
#4293 = LINE ( 'NONE', #4751, #1095 ) ;
#4294 = FACE_BOUND ( 'NONE', #1460, .T. ) ;
#4295 = CARTESIAN_POINT ( 'NONE',  ( -25.10827477679496411, -27.85376940362959175, -22.07904004478004367 ) ) ;
#4296 = ORIENTED_EDGE ( 'NONE', *, *, #5424, .F. ) ;
#4297 = CARTESIAN_POINT ( 'NONE',  ( 13.68732489781243267, -39.70714214271438181, -21.22649730810378088 ) ) ;
#4298 = EDGE_CURVE ( 'NONE', #4172, #2460, #3020, .T. ) ;
#4299 = CARTESIAN_POINT ( 'NONE',  ( 0.000000000000000000, 55.37500000000000000, 0.000000000000000000 ) ) ;
#4300 = EDGE_CURVE ( 'NONE', #3738, #6776, #6866, .T. ) ;
#4301 = CARTESIAN_POINT ( 'NONE',  ( 24.48261484627985141, 28.40513281589645445, -4.041451884327432076 ) ) ;
#4302 = ORIENTED_EDGE ( 'NONE', *, *, #6728, .T. ) ;
#4303 = DIRECTION ( 'NONE',  ( -1.000000000000000000, 0.000000000000000000, 0.000000000000000000 ) ) ;
#4304 = ORIENTED_EDGE ( 'NONE', *, *, #3546, .T. ) ;
#4305 = DIRECTION ( 'NONE',  ( -0.5000000000000101030, -0.8660254037844328234, -0.000000000000000000 ) ) ;
#4306 = CARTESIAN_POINT ( 'NONE',  ( 22.92820323027528673, -23.71281292110224825, -4.618802153517066245 ) ) ;
#4307 = DIRECTION ( 'NONE',  ( 0.000000000000000000, 0.000000000000000000, 1.000000000000000000 ) ) ;
#4308 = FACE_OUTER_BOUND ( 'NONE', #4402, .T. ) ;
#4309 = CARTESIAN_POINT ( 'NONE',  ( -37.48666429545313861, 1.000000000000010436, -0.5773502691896401640 ) ) ;
#4310 = DIRECTION ( 'NONE',  ( -0.3355296470614886339, -0.9420296470614886175, 0.000000000000000000 ) ) ;
#4311 = CARTESIAN_POINT ( 'NONE',  ( 14.64410141435725343, -39.36432768085872169, -22.95854811567267362 ) ) ;
#4312 = FACE_OUTER_BOUND ( 'NONE', #7153, .T. ) ;
#4313 = DIRECTION ( 'NONE',  ( 0.000000000000000000, 0.000000000000000000, 1.000000000000000000 ) ) ;
#4314 = ORIENTED_EDGE ( 'NONE', *, *, #2187, .T. ) ;
#4315 = CARTESIAN_POINT ( 'NONE',  ( 10.62811914641284616, -40.63348956569154780, -26.02690538874831461 ) ) ;
#4316 = ORIENTED_EDGE ( 'NONE', *, *, #3130, .F. ) ;
#4317 = CARTESIAN_POINT ( 'NONE',  ( 25.24656833199800943, 27.72833906777965396, -21.22649730810378088 ) ) ;
#4318 = CARTESIAN_POINT ( 'NONE',  ( -41.15164471081026676, 37.05310732712226951, 10.00000000000000000 ) ) ;
#4319 = ADVANCED_FACE ( 'NONE', ( #6941 ), #72, .F. ) ;
#4320 = DIRECTION ( 'NONE',  ( -0.000000000000000000, -0.000000000000000000, -1.000000000000000000 ) ) ;
#4321 = EDGE_CURVE ( 'NONE', #8094, #7308, #7587, .T. ) ;
#4322 = DIRECTION ( 'NONE',  ( 1.000000000000000000, 0.000000000000000000, -0.000000000000000000 ) ) ;
#4323 = ORIENTED_EDGE ( 'NONE', *, *, #214, .F. ) ;
#4324 = AXIS2_PLACEMENT_3D ( 'NONE', #1495, #3369, #4677 ) ;
#4325 = DIRECTION ( 'NONE',  ( -0.8660254037844328234, 0.5000000000000101030, -9.766269741776830186E-17 ) ) ;
#4326 = DIRECTION ( 'NONE',  ( -1.000000000000000000, 0.000000000000000000, 0.000000000000000000 ) ) ;
#4327 = EDGE_CURVE ( 'NONE', #155, #5524, #3294, .T. ) ;
#4328 = DIRECTION ( 'NONE',  ( 0.000000000000000000, 0.000000000000000000, 1.000000000000000000 ) ) ;
#4329 = EDGE_LOOP ( 'NONE', ( #2595, #2458 ) ) ;
#4330 = AXIS2_PLACEMENT_3D ( 'NONE', #6092, #2343, #8018 ) ;
#4331 = FACE_OUTER_BOUND ( 'NONE', #4147, .T. ) ;
#4332 = VERTEX_POINT ( 'NONE', #1998 ) ;
#4333 = CARTESIAN_POINT ( 'NONE',  ( 41.74799829290711273, 5.015511314454979441, -2.895706807524236037 ) ) ;
#4334 = CARTESIAN_POINT ( 'NONE',  ( 13.70962481036665181, 39.69947489622899184, -5.423547363302435365 ) ) ;
#4335 = CARTESIAN_POINT ( 'NONE',  ( 41.38693613450180919, 7.151583850238877993, -22.87103113893243744 ) ) ;
#4336 = VECTOR ( 'NONE', #3338, 1000.000000000000114 ) ;
#4337 = ORIENTED_EDGE ( 'NONE', *, *, #7128, .T. ) ;
#4338 = DIRECTION ( 'NONE',  ( -1.000000000000000000, 0.000000000000000000, 0.000000000000000000 ) ) ;
#4339 = ORIENTED_EDGE ( 'NONE', *, *, #1463, .F. ) ;
#4340 = CYLINDRICAL_SURFACE ( 'NONE', #181, 2.499999999999995115 ) ;
#4341 = CARTESIAN_POINT ( 'NONE',  ( 10.80384757729352962, 30.71281292110199246, -21.22649730810378088 ) ) ;
#4342 = ORIENTED_EDGE ( 'NONE', *, *, #2473, .T. ) ;
#4343 = CIRCLE ( 'NONE', #7477, 2.000000000000000000 ) ;
#4344 = AXIS2_PLACEMENT_3D ( 'NONE', #7618, #4441, #4511 ) ;
#4345 = FACE_OUTER_BOUND ( 'NONE', #1645, .T. ) ;
#4346 = ORIENTED_EDGE ( 'NONE', *, *, #7871, .T. ) ;
#4347 = EDGE_CURVE ( 'NONE', #2998, #4540, #8127, .T. ) ;
#4348 = LINE ( 'NONE', #56, #1018 ) ;
#4349 = CARTESIAN_POINT ( 'NONE',  ( -19.47915921875059198, 32.04427698508389000, -0.4891936377127918401 ) ) ;
#4350 = CARTESIAN_POINT ( 'NONE',  ( -41.23105625617660763, 6.999999999999991118, -22.95854811567266296 ) ) ;
#4351 = AXIS2_PLACEMENT_3D ( 'NONE', #2655, #5173, #5669 ) ;
#4352 = CARTESIAN_POINT ( 'NONE',  ( 11.94710176973222815, -36.00000000000000711, -22.35162694428538188 ) ) ;
#4353 = AXIS2_PLACEMENT_3D ( 'NONE', #3978, #869, #5775 ) ;
#4354 = LINE ( 'NONE', #6854, #6599 ) ;
#4355 = CARTESIAN_POINT ( 'NONE',  ( -41.36283800948370271, -7.289121911236749796, -4.234528761152331455 ) ) ;
#4356 = VECTOR ( 'NONE', #6614, 1000.000000000000000 ) ;
#4357 = CARTESIAN_POINT ( 'NONE',  ( 21.15113201773126761, -36.28580781933719379, -0.3094561544762937100 ) ) ;
#4358 = ORIENTED_EDGE ( 'NONE', *, *, #2402, .F. ) ;
#4359 = DIRECTION ( 'NONE',  ( -0.000000000000000000, -0.000000000000000000, -1.000000000000000000 ) ) ;
#4360 = CARTESIAN_POINT ( 'NONE',  ( 23.49999999999999645, 28.00000000000000355, -33.00000000000000000 ) ) ;
#4361 = ORIENTED_EDGE ( 'NONE', *, *, #6258, .T. ) ;
#4362 = CARTESIAN_POINT ( 'NONE',  ( 30.00000000000001421, -93.75000000000000000, 6.123233995736766085E-15 ) ) ;
#4363 = ORIENTED_EDGE ( 'NONE', *, *, #3678, .T. ) ;
#4364 = CARTESIAN_POINT ( 'NONE',  ( -18.44693425444408419, 32.64948795801731762, -26.66759769568678351 ) ) ;
#4365 = CARTESIAN_POINT ( 'NONE',  ( 60.65000000000000568, 0.000000000000000000, 12.50000000000000000 ) ) ;
#4366 = ORIENTED_EDGE ( 'NONE', *, *, #948, .T. ) ;
#4367 = CARTESIAN_POINT ( 'NONE',  ( 11.39016187144701320, 35.72833906777971436, -21.22649730810378088 ) ) ;
#4368 = VERTEX_POINT ( 'NONE', #5134 ) ;
#4369 = CYLINDRICAL_SURFACE ( 'NONE', #4505, 2.000000000000000000 ) ;
#4370 = EDGE_CURVE ( 'NONE', #485, #3118, #4397, .T. ) ;
#4371 = DIRECTION ( 'NONE',  ( 0.000000000000000000, 0.000000000000000000, 1.000000000000000000 ) ) ;
#4372 = ORIENTED_EDGE ( 'NONE', *, *, #6880, .F. ) ;
#4373 = EDGE_CURVE ( 'NONE', #5507, #3083, #6907, .T. ) ;
#4374 = DIRECTION ( 'NONE',  ( 0.000000000000000000, 0.000000000000000000, -1.000000000000000000 ) ) ;
#4375 = EDGE_CURVE ( 'NONE', #7824, #6936, #652, .T. ) ;
#4376 = AXIS2_PLACEMENT_3D ( 'NONE', #3967, #3350, #5267 ) ;
#4377 = VERTEX_POINT ( 'NONE', #1886 ) ;
#4378 = DIRECTION ( 'NONE',  ( -0.4330127018922200755, 0.2500000000000071609, 0.8660254037844362651 ) ) ;
#4379 = CARTESIAN_POINT ( 'NONE',  ( -13.70962481036638003, 39.69947489622909842, -21.57645263669765257 ) ) ;
#4380 = VERTEX_POINT ( 'NONE', #3912 ) ;
#4381 = ADVANCED_FACE ( 'NONE', ( #4447 ), #5095, .F. ) ;
#4382 = CARTESIAN_POINT ( 'NONE',  ( -11.51310987903381644, -54.16492339063440653, 12.50000000000000000 ) ) ;
#4383 = VERTEX_POINT ( 'NONE', #765 ) ;
#4384 = DIRECTION ( 'NONE',  ( 1.000000000000000000, 0.000000000000000000, 0.000000000000000000 ) ) ;
#4385 = AXIS2_PLACEMENT_3D ( 'NONE', #508, #6062, #4267 ) ;
#4386 = VERTEX_POINT ( 'NONE', #1922 ) ;
#4387 = CARTESIAN_POINT ( 'NONE',  ( -36.63673020344474196, -8.000000000000008882, -21.22649730810378799 ) ) ;
#4388 = ORIENTED_EDGE ( 'NONE', *, *, #638, .T. ) ;
#4389 = CARTESIAN_POINT ( 'NONE',  ( -8.506601717798194073, -10.60660171779822569, -33.00000000000000000 ) ) ;
#4390 = CARTESIAN_POINT ( 'NONE',  ( 95.54778280986008099, -87.50000000000001421, 16.21320343559643717 ) ) ;
#4391 = VECTOR ( 'NONE', #1368, 1000.000000000000000 ) ;
#4392 = AXIS2_PLACEMENT_3D ( 'NONE', #2774, #2233, #5366 ) ;
#4393 = CARTESIAN_POINT ( 'NONE',  ( 27.40350100416650747, -31.82854051085173808, -4.921667756750982115 ) ) ;
#4394 = EDGE_CURVE ( 'NONE', #6496, #4067, #3411, .T. ) ;
#4395 = VECTOR ( 'NONE', #1904, 1000.000000000000114 ) ;
#4396 = CARTESIAN_POINT ( 'NONE',  ( -8.506601717798192297, 10.60660171779823102, -31.99999999999998579 ) ) ;
#4397 = B_SPLINE_CURVE_WITH_KNOTS ( 'NONE', 3,
 ( #7625, #4520, #3136, #3763, #6253, #2579, #1958, #6409, #607, #3220 ),
 .UNSPECIFIED., .F., .F.,
 ( 4, 2, 2, 2, 4 ),
 ( 8.673617379884034509E-19, 0.0005232838029695349768, 0.001046567605939069086, 0.001569851408908603304, 0.002093135211878137305 ),
 .UNSPECIFIED. ) ;
#4398 = CARTESIAN_POINT ( 'NONE',  ( 0.000000000000000000, 0.000000000000000000, 110.0000000000000000 ) ) ;
#4399 = ORIENTED_EDGE ( 'NONE', *, *, #1694, .T. ) ;
#4400 = CARTESIAN_POINT ( 'NONE',  ( -29.33633035359540742, 11.47299966812155247, -23.00000000000000000 ) ) ;
#4401 = DIRECTION ( 'NONE',  ( -0.000000000000000000, -0.000000000000000000, -1.000000000000000000 ) ) ;
#4402 = EDGE_LOOP ( 'NONE', ( #5177, #4699 ) ) ;
#4403 = CARTESIAN_POINT ( 'NONE',  ( 11.86707952697679858, -40.28865216602979871, -21.94304373529450203 ) ) ;
#4404 = EDGE_CURVE ( 'NONE', #231, #2352, #2493, .T. ) ;
#4405 = VERTEX_POINT ( 'NONE', #3256 ) ;
#4406 = AXIS2_PLACEMENT_3D ( 'NONE', #25, #2528, #1917 ) ;
#4407 = EDGE_CURVE ( 'NONE', #967, #3038, #7345, .T. ) ;
#4408 = EDGE_CURVE ( 'NONE', #110, #955, #2496, .T. ) ;
#4409 = DIRECTION ( 'NONE',  ( 0.000000000000000000, 1.000000000000000000, -9.766269741776828954E-17 ) ) ;
#4410 = ORIENTED_EDGE ( 'NONE', *, *, #1295, .F. ) ;
#4411 = CIRCLE ( 'NONE', #838, 1.375000000000001332 ) ;
#4412 = DIRECTION ( 'NONE',  ( -1.000000000000000000, 0.000000000000000000, 0.000000000000000000 ) ) ;
#4413 = ORIENTED_EDGE ( 'NONE', *, *, #7991, .T. ) ;
#4414 = VECTOR ( 'NONE', #3230, 1000.000000000000000 ) ;
#4415 = CARTESIAN_POINT ( 'NONE',  ( 0.000000000000000000, 0.000000000000000000, -27.00000000000000000 ) ) ;
#4416 = EDGE_LOOP ( 'NONE', ( #3316, #844 ) ) ;
#4417 = ORIENTED_EDGE ( 'NONE', *, *, #4076, .F. ) ;
#4418 = CARTESIAN_POINT ( 'NONE',  ( 36.63673020344474196, 8.000000000000008882, 9.999999999999992895 ) ) ;
#4419 = AXIS2_PLACEMENT_3D ( 'NONE', #3645, #7314, #6005 ) ;
#4420 = ORIENTED_EDGE ( 'NONE', *, *, #1089, .F. ) ;
#4421 = CARTESIAN_POINT ( 'NONE',  ( -37.48666429545313150, 0.9999999999999892308, -26.42264973081038804 ) ) ;
#4422 = DIRECTION ( 'NONE',  ( -0.000000000000000000, -0.000000000000000000, 1.000000000000000000 ) ) ;
#4423 = ORIENTED_EDGE ( 'NONE', *, *, #6387, .F. ) ;
#4424 = CARTESIAN_POINT ( 'NONE',  ( -33.50000000000000711, 0.000000000000000000, -23.00000000000000000 ) ) ;
#4425 = VERTEX_POINT ( 'NONE', #3804 ) ;
#4426 = DIRECTION ( 'NONE',  ( 0.000000000000000000, 0.000000000000000000, -1.000000000000000000 ) ) ;
#4427 = AXIS2_PLACEMENT_3D ( 'NONE', #4692, #5878, #2665 ) ;
#4428 = EDGE_LOOP ( 'NONE', ( #935, #4284, #2559, #278 ) ) ;
#4429 = EDGE_CURVE ( 'NONE', #5331, #7271, #3960, .T. ) ;
#4430 = CARTESIAN_POINT ( 'NONE',  ( -36.66142631260765938, -7.886188508877478576, -21.91408198399143359 ) ) ;
#4431 = EDGE_CURVE ( 'NONE', #3310, #5847, #7552, .T. ) ;
#4432 = ORIENTED_EDGE ( 'NONE', *, *, #4650, .F. ) ;
#4433 = CARTESIAN_POINT ( 'NONE',  ( -9.071796769724420173, 31.71281292110205641, -4.618802153517059139 ) ) ;
#4434 = DIRECTION ( 'NONE',  ( -0.8944271909999171877, 0.000000000000000000, 0.4472135954999551521 ) ) ;
#4435 = AXIS2_PLACEMENT_3D ( 'NONE', #7925, #2292, #2965 ) ;
#4436 = DIRECTION ( 'NONE',  ( -0.000000000000000000, -0.000000000000000000, -1.000000000000000000 ) ) ;
#4437 = EDGE_CURVE ( 'NONE', #6432, #2633, #5666, .T. ) ;
#4438 = CARTESIAN_POINT ( 'NONE',  ( 13.28561524219484724, 28.49109383011401775, -27.00000000000000000 ) ) ;
#4439 = CARTESIAN_POINT ( 'NONE',  ( -43.65164471081026676, 37.05310732712226951, 12.50000000000000000 ) ) ;
#4440 = ORIENTED_EDGE ( 'NONE', *, *, #487, .T. ) ;
#4441 = DIRECTION ( 'NONE',  ( 0.000000000000000000, 0.000000000000000000, -1.000000000000000000 ) ) ;
#4442 = DIRECTION ( 'NONE',  ( 1.000000000000000000, 0.000000000000000000, 0.000000000000000000 ) ) ;
#4443 = VERTEX_POINT ( 'NONE', #3413 ) ;
#4444 = CARTESIAN_POINT ( 'NONE',  ( 11.97390994451040847, -40.25702984114479221, -23.52768703345985912 ) ) ;
#4445 = VERTEX_POINT ( 'NONE', #3992 ) ;
#4446 = CARTESIAN_POINT ( 'NONE',  ( 66.89376726804815121, -7.051275471044081478, 10.00000000000000000 ) ) ;
#4447 = FACE_OUTER_BOUND ( 'NONE', #1980, .T. ) ;
#4448 = VERTEX_POINT ( 'NONE', #7872 ) ;
#4449 = CARTESIAN_POINT ( 'NONE',  ( -41.74799829290711983, 5.015511314454943026, -24.10429319247585767 ) ) ;
#4450 = EDGE_CURVE ( 'NONE', #770, #4727, #6560, .T. ) ;
#4451 = ORIENTED_EDGE ( 'NONE', *, *, #444, .F. ) ;
#4452 = LINE ( 'NONE', #8132, #3184 ) ;
#4453 = ORIENTED_EDGE ( 'NONE', *, *, #1969, .T. ) ;
#4454 = FACE_OUTER_BOUND ( 'NONE', #3719, .T. ) ;
#4455 = EDGE_LOOP ( 'NONE', ( #6802, #2205, #3953, #581 ) ) ;
#4456 = CARTESIAN_POINT ( 'NONE',  ( -19.60935755151136561, -31.96440358300127471, -26.42264973081038804 ) ) ;
#4457 = EDGE_LOOP ( 'NONE', ( #6652, #1626, #3000, #773 ) ) ;
#4458 = EDGE_LOOP ( 'NONE', ( #3266, #1314, #519, #8120 ) ) ;
#4459 = DIRECTION ( 'NONE',  ( 1.000000000000000000, 0.000000000000000000, 0.000000000000000000 ) ) ;
#4460 = CIRCLE ( 'NONE', #2339, 10.00000000000000000 ) ;
#4461 = B_SPLINE_CURVE_WITH_KNOTS ( 'NONE', 3,
 ( #2188, #7085, #224, #2230, #2148, #5895, #4675, #4756, #6517, #5206 ),
 .UNSPECIFIED., .F., .F.,
 ( 4, 2, 2, 2, 4 ),
 ( 3.469446951953614189E-18, 0.0005238988965804978505, 0.001047797793160992232, 0.001571696689741487914, 0.002095595586321983596 ),
 .UNSPECIFIED. ) ;
#4462 = ORIENTED_EDGE ( 'NONE', *, *, #2345, .F. ) ;
#4463 = CARTESIAN_POINT ( 'NONE',  ( 42.00000000000000000, 0.000000000000000000, -33.00000000000000000 ) ) ;
#4464 = ORIENTED_EDGE ( 'NONE', *, *, #1513, .T. ) ;
#4465 = CIRCLE ( 'NONE', #6162, 1.374999999999999556 ) ;
#4466 = LINE ( 'NONE', #627, #2472 ) ;
#4467 = DIRECTION ( 'NONE',  ( -0.000000000000000000, -0.000000000000000000, -1.000000000000000000 ) ) ;
#4468 =( BOUNDED_CURVE ( )  B_SPLINE_CURVE ( 3, ( #7996, #1044, #1706, #435 ),
 .UNSPECIFIED., .F., .F. ) 
 B_SPLINE_CURVE_WITH_KNOTS ( ( 4, 4 ),
 ( 1.383028251721604152, 1.544126498622616195 ),
 .UNSPECIFIED. ) 
 CURVE ( )  GEOMETRIC_REPRESENTATION_ITEM ( )  RATIONAL_B_SPLINE_CURVE ( ( 1.000000000000000000, 0.9978384486574995993, 0.9978384486574995993, 1.000000000000000000 ) ) 
 REPRESENTATION_ITEM ( '' )  );
#4469 = CARTESIAN_POINT ( 'NONE',  ( 26.76845706733943331, -32.36432768085884959, -4.041451884327439181 ) ) ;
#4470 = VECTOR ( 'NONE', #276, 1000.000000000000000 ) ;
#4471 = DIRECTION ( 'NONE',  ( 1.000000000000000000, 0.000000000000000000, 0.000000000000000000 ) ) ;
#4472 = CARTESIAN_POINT ( 'NONE',  ( 21.86007217900113631, -35.86275567115361440, -0.5773502691896416072 ) ) ;
#4473 = DIRECTION ( 'NONE',  ( -0.000000000000000000, -0.000000000000000000, -1.000000000000000000 ) ) ;
#4474 = EDGE_CURVE ( 'NONE', #4368, #6791, #2696, .T. ) ;
#4475 = CARTESIAN_POINT ( 'NONE',  ( 64.38226247888057685, -4.145006185406284444E-15, 10.42433247640575011 ) ) ;
#4476 = CARTESIAN_POINT ( 'NONE',  ( 9.279920089677819561, -40.96271631250298384, -19.20138262060545742 ) ) ;
#4477 = CIRCLE ( 'NONE', #1837, 2.000000000000000000 ) ;
#4478 = ORIENTED_EDGE ( 'NONE', *, *, #1426, .F. ) ;
#4479 = B_SPLINE_CURVE_WITH_KNOTS ( 'NONE', 3,
 ( #2105, #3900, #2637, #4052, #2802, #1361, #294, #7121, #6395, #4013 ),
 .UNSPECIFIED., .F., .F.,
 ( 4, 2, 2, 2, 4 ),
 ( 1.996846110100696005E-17, 0.0005215790914579491663, 0.001043158182915878383, 0.001564737274373807600, 0.002086316365831736817 ),
 .UNSPECIFIED. ) ;
#4480 = ADVANCED_FACE ( 'NONE', ( #2778 ), #7214, .F. ) ;
#4481 = CIRCLE ( 'NONE', #5527, 33.50000000000000711 ) ;
#4482 = CYLINDRICAL_SURFACE ( 'NONE', #4874, 2.500000000000002220 ) ;
#4483 = CARTESIAN_POINT ( 'NONE',  ( -19.60935755151136561, -31.96440358300127471, -26.42264973081038804 ) ) ;
#4484 = ORIENTED_EDGE ( 'NONE', *, *, #4499, .F. ) ;
#4485 = CARTESIAN_POINT ( 'NONE',  ( 95.54778280986009520, -87.50000000000001421, 25.00000000000000711 ) ) ;
#4486 = EDGE_LOOP ( 'NONE', ( #5627, #2741 ) ) ;
#4487 = ORIENTED_EDGE ( 'NONE', *, *, #5993, .T. ) ;
#4488 = CARTESIAN_POINT ( 'NONE',  ( 9.878341828825144333, -6.813102282579025726, -33.00000000000000000 ) ) ;
#4489 = VERTEX_POINT ( 'NONE', #4602 ) ;
#4490 = EDGE_CURVE ( 'NONE', #295, #3738, #1840, .T. ) ;
#4491 = DIRECTION ( 'NONE',  ( 0.000000000000000000, 0.000000000000000000, 1.000000000000000000 ) ) ;
#4492 = VERTEX_POINT ( 'NONE', #3336 ) ;
#4493 = CARTESIAN_POINT ( 'NONE',  ( -11.54700538379303865, -36.00000000000000711, -22.99999999999998579 ) ) ;
#4494 = CARTESIAN_POINT ( 'NONE',  ( -24.70550111549714956, -28.21176787945778486, -22.76487792297750090 ) ) ;
#4495 = DIRECTION ( 'NONE',  ( -1.000000000000000000, 0.000000000000000000, 0.000000000000000000 ) ) ;
#4496 = ORIENTED_EDGE ( 'NONE', *, *, #3265, .T. ) ;
#4497 = ORIENTED_EDGE ( 'NONE', *, *, #4584, .F. ) ;
#4498 = LINE ( 'NONE', #6997, #1225 ) ;
#4499 = EDGE_CURVE ( 'NONE', #6158, #1483, #5904, .T. ) ;
#4500 = ORIENTED_EDGE ( 'NONE', *, *, #1113, .T. ) ;
#4501 = DIRECTION ( 'NONE',  ( -1.000000000000000000, -2.602085213965210642E-15, 0.000000000000000000 ) ) ;
#4502 = VERTEX_POINT ( 'NONE', #7826 ) ;
#4503 = DIRECTION ( 'NONE',  ( 1.000000000000000000, 0.000000000000000000, 0.000000000000000000 ) ) ;
#4504 = CARTESIAN_POINT ( 'NONE',  ( 13.28561524219480461, -28.49109383011403906, -27.00000000000000000 ) ) ;
#4505 = AXIS2_PLACEMENT_3D ( 'NONE', #8095, #2461, #4285 ) ;
#4506 = FACE_OUTER_BOUND ( 'NONE', #2828, .T. ) ;
#4507 = CARTESIAN_POINT ( 'NONE',  ( -26.00000000000000355, -27.99999999999999645, -28.00000000000000000 ) ) ;
#4508 = CYLINDRICAL_SURFACE ( 'NONE', #529, 1.999999999999998224 ) ;
#4509 =( BOUNDED_CURVE ( )  B_SPLINE_CURVE ( 3, ( #7087, #3330, #2112, #4023 ),
 .UNSPECIFIED., .F., .F. ) 
 B_SPLINE_CURVE_WITH_KNOTS ( ( 4, 4 ),
 ( 0.4593612612325818079, 0.4805272077779804696 ),
 .UNSPECIFIED. ) 
 CURVE ( )  GEOMETRIC_REPRESENTATION_ITEM ( )  RATIONAL_B_SPLINE_CURVE ( ( 1.000000000000000000, 0.9999626672406753958, 0.9999626672406753958, 1.000000000000000000 ) ) 
 REPRESENTATION_ITEM ( '' )  );
#4510 = AXIS2_PLACEMENT_3D ( 'NONE', #5863, #7742, #4062 ) ;
#4511 = DIRECTION ( 'NONE',  ( -1.000000000000000000, 0.000000000000000000, 0.000000000000000000 ) ) ;
#4512 = DIRECTION ( 'NONE',  ( -0.000000000000000000, -0.000000000000000000, -1.000000000000000000 ) ) ;
#4513 = EDGE_CURVE ( 'NONE', #3343, #1203, #3379, .T. ) ;
#4514 = CARTESIAN_POINT ( 'NONE',  ( 8.263020818465019346, -41.18002272129341890, -27.00000000000001066 ) ) ;
#4515 = VERTEX_POINT ( 'NONE', #5988 ) ;
#4516 = EDGE_CURVE ( 'NONE', #8008, #3186, #6960, .T. ) ;
#4517 = AXIS2_PLACEMENT_3D ( 'NONE', #5378, #7338, #7262 ) ;
#4518 = CARTESIAN_POINT ( 'NONE',  ( 17.87730674394181207, -32.96440358300166906, -0.5773502691896418293 ) ) ;
#4519 = CYLINDRICAL_SURFACE ( 'NONE', #908, 2.499999999999998668 ) ;
#4520 = CARTESIAN_POINT ( 'NONE',  ( 13.68732489781243089, -39.70714214271438891, -5.596540400861466757 ) ) ;
#4521 = VERTEX_POINT ( 'NONE', #2824 ) ;
#4522 = DIRECTION ( 'NONE',  ( -0.000000000000000000, -0.000000000000000000, 1.000000000000000000 ) ) ;
#4523 = EDGE_CURVE ( 'NONE', #3545, #569, #2119, .T. ) ;
#4524 = ORIENTED_EDGE ( 'NONE', *, *, #4121, .F. ) ;
#4525 = EDGE_CURVE ( 'NONE', #3273, #5315, #5563, .T. ) ;
#4526 = ORIENTED_EDGE ( 'NONE', *, *, #7193, .T. ) ;
#4527 = AXIS2_PLACEMENT_3D ( 'NONE', #5928, #3288, #3211 ) ;
#4528 = LINE ( 'NONE', #7024, #5321 ) ;
#4529 = ORIENTED_EDGE ( 'NONE', *, *, #7387, .F. ) ;
#4530 = ORIENTED_EDGE ( 'NONE', *, *, #6905, .F. ) ;
#4531 = EDGE_CURVE ( 'NONE', #5542, #1955, #7215, .T. ) ;
#4532 = DIRECTION ( 'NONE',  ( 0.000000000000000000, 0.000000000000000000, 1.000000000000000000 ) ) ;
#4533 = VECTOR ( 'NONE', #1446, 1000.000000000000114 ) ;
#4534 = CARTESIAN_POINT ( 'NONE',  ( -50.00000000000000000, -93.75000000000000000, 30.00000000000000711 ) ) ;
#4535 = ORIENTED_EDGE ( 'NONE', *, *, #2939, .T. ) ;
#4536 = CARTESIAN_POINT ( 'NONE',  ( -41.74799829290711273, -5.015511314454979441, -2.895706807524236037 ) ) ;
#4537 = DIRECTION ( 'NONE',  ( 0.4226182617407011066, 0.9063077870366492705, -0.000000000000000000 ) ) ;
#4538 = CARTESIAN_POINT ( 'NONE',  ( 25.99999999999999645, -27.99999999999999645, -28.00000000000000000 ) ) ;
#4539 = AXIS2_PLACEMENT_3D ( 'NONE', #2468, #3018, #5561 ) ;
#4540 = VERTEX_POINT ( 'NONE', #3952 ) ;
#4541 = ORIENTED_EDGE ( 'NONE', *, *, #3227, .T. ) ;
#4542 = LINE ( 'NONE', #6508, #3502 ) ;
#4543 = AXIS2_PLACEMENT_3D ( 'NONE', #361, #7832, #3630 ) ;
#4544 = CARTESIAN_POINT ( 'NONE',  ( -57.13409809427928820, 20.34987309427929247, 10.00000000000000000 ) ) ;
#4545 = ORIENTED_EDGE ( 'NONE', *, *, #90, .F. ) ;
#4546 = CARTESIAN_POINT ( 'NONE',  ( 10.72357835230654999, -5.000486708505729183, -33.00000000000000000 ) ) ;
#4547 = ORIENTED_EDGE ( 'NONE', *, *, #7645, .T. ) ;
#4548 = EDGE_CURVE ( 'NONE', #362, #3276, #5830, .T. ) ;
#4549 = CARTESIAN_POINT ( 'NONE',  ( -43.65164471081026676, 37.05310732712226951, 0.000000000000000000 ) ) ;
#4550 = CARTESIAN_POINT ( 'NONE',  ( -37.21717700014590235, -5.019524289853174892, -24.10197630004942582 ) ) ;
#4551 = EDGE_CURVE ( 'NONE', #5693, #6583, #7701, .T. ) ;
#4552 = ADVANCED_FACE ( 'NONE', ( #2239 ), #6561, .F. ) ;
#4553 = DIRECTION ( 'NONE',  ( 0.8660254037844433705, 0.4999999999999919509, -8.789642767599148647E-16 ) ) ;
#4554 = CYLINDRICAL_SURFACE ( 'NONE', #5427, 2.000000000000000444 ) ;
#4555 =( BOUNDED_CURVE ( )  B_SPLINE_CURVE ( 3, ( #5329, #914, #6638, #4061 ),
 .UNSPECIFIED., .F., .F. ) 
 B_SPLINE_CURVE_WITH_KNOTS ( ( 4, 4 ),
 ( 4.739058808556969815, 4.900157055457982302 ),
 .UNSPECIFIED. ) 
 CURVE ( )  GEOMETRIC_REPRESENTATION_ITEM ( )  RATIONAL_B_SPLINE_CURVE ( ( 1.000000000000000000, 0.9978384486574995993, 0.9978384486574995993, 1.000000000000000000 ) ) 
 REPRESENTATION_ITEM ( '' )  );
#4556 = CARTESIAN_POINT ( 'NONE',  ( -7.506601717798147000, -10.60660171779822569, -33.00000000000000000 ) ) ;
#4557 = CARTESIAN_POINT ( 'NONE',  ( 41.41255848169731735, -7.000000000000023981, -4.041451884327440069 ) ) ;
#4558 = CIRCLE ( 'NONE', #468, 33.50000000000000711 ) ;
#4559 = CARTESIAN_POINT ( 'NONE',  ( -23.50000000000000355, -27.99999999999999645, -33.00000000000000000 ) ) ;
#4560 = LINE ( 'NONE', #7010, #6095 ) ;
#4561 = CARTESIAN_POINT ( 'NONE',  ( 41.15164471081077124, 37.05310732712170108, 12.50000000000000000 ) ) ;
#4562 = ORIENTED_EDGE ( 'NONE', *, *, #287, .T. ) ;
#4563 = DIRECTION ( 'NONE',  ( -1.000000000000000000, 0.000000000000000000, 0.000000000000000000 ) ) ;
#4564 = PLANE ( 'NONE',  #1434 ) ;
#4565 = CARTESIAN_POINT ( 'NONE',  ( -13.70956224192035577, -39.69949675223423924, -21.57639884239418038 ) ) ;
#4566 = ORIENTED_EDGE ( 'NONE', *, *, #6839, .F. ) ;
#4567 = LINE ( 'NONE', #3954, #4336 ) ;
#4568 = ORIENTED_EDGE ( 'NONE', *, *, #141, .F. ) ;
#4569 = ORIENTED_EDGE ( 'NONE', *, *, #6387, .T. ) ;
#4570 = CARTESIAN_POINT ( 'NONE',  ( -11.56796028560123801, -35.67128025977520878, -22.07911054674008255 ) ) ;
#4571 = VERTEX_POINT ( 'NONE', #2280 ) ;
#4572 = EDGE_CURVE ( 'NONE', #4083, #3916, #907, .T. ) ;
#4573 = EDGE_CURVE ( 'NONE', #5733, #7210, #6742, .T. ) ;
#4574 = DIRECTION ( 'NONE',  ( 0.000000000000000000, 0.000000000000000000, 1.000000000000000000 ) ) ;
#4575 = ORIENTED_EDGE ( 'NONE', *, *, #6339, .F. ) ;
#4576 = DIRECTION ( 'NONE',  ( 0.000000000000000000, 0.000000000000000000, -1.000000000000000000 ) ) ;
#4577 = CARTESIAN_POINT ( 'NONE',  ( -6.813102282579023949, -9.878341828825144333, -33.00000000000000000 ) ) ;
#4578 = EDGE_CURVE ( 'NONE', #3083, #4913, #7606, .T. ) ;
#4579 = CARTESIAN_POINT ( 'NONE',  ( -24.97568578934254191, -27.97271977498153461, -22.37976996195395429 ) ) ;
#4580 = CARTESIAN_POINT ( 'NONE',  ( -41.23105625617661474, -7.999999999999984901, -21.40345959913863183 ) ) ;
#4581 = ORIENTED_EDGE ( 'NONE', *, *, #7093, .T. ) ;
#4582 = ORIENTED_EDGE ( 'NONE', *, *, #2618, .F. ) ;
#4583 = DIRECTION ( 'NONE',  ( 1.000000000000000000, 0.000000000000000000, 0.000000000000000000 ) ) ;
#4584 = EDGE_CURVE ( 'NONE', #5686, #1049, #6724, .T. ) ;
#4585 = CARTESIAN_POINT ( 'NONE',  ( -6.813102282579010627, 9.878341828825154991, -33.00000000000000000 ) ) ;
#4586 = ORIENTED_EDGE ( 'NONE', *, *, #7290, .F. ) ;
#4587 = LINE ( 'NONE', #3975, #4729 ) ;
#4588 = EDGE_LOOP ( 'NONE', ( #3154, #6396, #5755, #1623 ) ) ;
#4589 = DIRECTION ( 'NONE',  ( 0.000000000000000000, 0.000000000000000000, 1.000000000000000000 ) ) ;
#4590 = FACE_OUTER_BOUND ( 'NONE', #5258, .T. ) ;
#4591 = VECTOR ( 'NONE', #752, 1000.000000000000000 ) ;
#4592 = CARTESIAN_POINT ( 'NONE',  ( 11.39016187144701320, 35.72833906777971436, -21.22649730810378088 ) ) ;
#4593 = EDGE_CURVE ( 'NONE', #4782, #5833, #2991, .T. ) ;
#4594 = VECTOR ( 'NONE', #5946, 1000.000000000000000 ) ;
#4595 = DIRECTION ( 'NONE',  ( 1.000000000000000000, 0.000000000000000000, 0.000000000000000000 ) ) ;
#4596 = CARTESIAN_POINT ( 'NONE',  ( -36.63673020344474907, 8.000000000000001776, -5.773502691896305272 ) ) ;
#4597 = VECTOR ( 'NONE', #881, 1000.000000000000227 ) ;
#4598 = CARTESIAN_POINT ( 'NONE',  ( -14.50001477564939911, 39.41793000240217282, -4.128968861067660256 ) ) ;
#4599 = VERTEX_POINT ( 'NONE', #2365 ) ;
#4600 =( BOUNDED_CURVE ( )  B_SPLINE_CURVE ( 3, ( #3252, #1332, #100, #7850 ),
 .UNSPECIFIED., .F., .F. ) 
 B_SPLINE_CURVE_WITH_KNOTS ( ( 4, 4 ),
 ( 4.736200754345357922, 4.879837059604378524 ),
 .UNSPECIFIED. ) 
 CURVE ( )  GEOMETRIC_REPRESENTATION_ITEM ( )  RATIONAL_B_SPLINE_CURVE ( ( 1.000000000000000000, 0.9982814565068700574, 0.9982814565068700574, 1.000000000000000000 ) ) 
 REPRESENTATION_ITEM ( '' )  );
#4601 = FACE_BOUND ( 'NONE', #2341, .T. ) ;
#4602 = CARTESIAN_POINT ( 'NONE',  ( 31.37500000000001421, -93.75000000000000000, 30.00000000000000711 ) ) ;
#4603 = CIRCLE ( 'NONE', #2092, 1.375000000000001332 ) ;
#4604 = EDGE_LOOP ( 'NONE', ( #3339, #5855, #4316, #2680 ) ) ;
#4605 = DIRECTION ( 'NONE',  ( 0.000000000000000000, 0.000000000000000000, 1.000000000000000000 ) ) ;
#4606 = CIRCLE ( 'NONE', #5648, 2.499999999999995115 ) ;
#4607 = ORIENTED_EDGE ( 'NONE', *, *, #6531, .T. ) ;
#4608 = ORIENTED_EDGE ( 'NONE', *, *, #1895, .F. ) ;
#4609 = DIRECTION ( 'NONE',  ( -0.000000000000000000, -0.000000000000000000, -1.000000000000000000 ) ) ;
#4610 = EDGE_LOOP ( 'NONE', ( #4978, #3464, #2803, #4075 ) ) ;
#4611 = VECTOR ( 'NONE', #1002, 1000.000000000000000 ) ;
#4612 = ORIENTED_EDGE ( 'NONE', *, *, #1611, .F. ) ;
#4613 = AXIS2_PLACEMENT_3D ( 'NONE', #2068, #4467, #793 ) ;
#4614 = FACE_OUTER_BOUND ( 'NONE', #2382, .T. ) ;
#4615 = CARTESIAN_POINT ( 'NONE',  ( -48.62500000000000000, -93.75000000000000000, 30.00000000000000711 ) ) ;
#4616 = AXIS2_PLACEMENT_3D ( 'NONE', #8004, #2375, #4900 ) ;
#4617 = ORIENTED_EDGE ( 'NONE', *, *, #4775, .F. ) ;
#4618 = DIRECTION ( 'NONE',  ( -0.8944271909999179648, 0.000000000000000000, -0.4472135954999538754 ) ) ;
#4619 = FACE_OUTER_BOUND ( 'NONE', #3278, .T. ) ;
#4620 = DIRECTION ( 'NONE',  ( 0.000000000000000000, -0.000000000000000000, -1.000000000000000000 ) ) ;
#4621 = ADVANCED_FACE ( 'NONE', ( #1704 ), #4892, .T. ) ;
#4622 = DIRECTION ( 'NONE',  ( 1.000000000000000000, 0.000000000000000000, 0.000000000000000000 ) ) ;
#4623 = ORIENTED_EDGE ( 'NONE', *, *, #41, .F. ) ;
#4624 = ORIENTED_EDGE ( 'NONE', *, *, #1142, .F. ) ;
#4625 = DIRECTION ( 'NONE',  ( 0.4226182617406995523, -0.9063077870366499367, 0.000000000000000000 ) ) ;
#4626 = EDGE_CURVE ( 'NONE', #1070, #1592, #1440, .T. ) ;
#4627 = CARTESIAN_POINT ( 'NONE',  ( 37.50000000000000711, 4.592435299764675882E-15, -0.3094010767585110289 ) ) ;
#4628 = ORIENTED_EDGE ( 'NONE', *, *, #4242, .T. ) ;
#4629 = CARTESIAN_POINT ( 'NONE',  ( -25.10827477679458042, 27.85376940362994347, -4.920959955220063797 ) ) ;
#4630 = VERTEX_POINT ( 'NONE', #6769 ) ;
#4631 = CARTESIAN_POINT ( 'NONE',  ( 41.99888278793381602, -0.3496460337952858599, -0.3324855599588460442 ) ) ;
#4632 = CARTESIAN_POINT ( 'NONE',  ( 42.00000000000000000, 0.000000000000000000, -27.00000000000000000 ) ) ;
#4633 = EDGE_CURVE ( 'NONE', #3602, #709, #1083, .T. ) ;
#4634 = CARTESIAN_POINT ( 'NONE',  ( 0.000000000000000000, 0.000000000000000000, -27.00000000000000000 ) ) ;
#4635 = CARTESIAN_POINT ( 'NONE',  ( -27.45605671283474081, 31.78312585362468567, -21.91449735811973554 ) ) ;
#4636 = CARTESIAN_POINT ( 'NONE',  ( 20.12802137143274095, 36.86275567115334439, -0.5773502691896391648 ) ) ;
#4637 = CARTESIAN_POINT ( 'NONE',  ( 27.54373135836350173, -31.70714214271452036, -5.773502691896314154 ) ) ;
#4638 = AXIS2_PLACEMENT_3D ( 'NONE', #7969, #3469, #6081 ) ;
#4639 = EDGE_CURVE ( 'NONE', #4521, #3358, #3686, .T. ) ;
#4640 = CARTESIAN_POINT ( 'NONE',  ( -14.36799354281451713, 39.46614103300952792, -4.235367239232350478 ) ) ;
#4641 = VERTEX_POINT ( 'NONE', #7958 ) ;
#4642 = AXIS2_PLACEMENT_3D ( 'NONE', #270, #2692, #837 ) ;
#4643 = FACE_BOUND ( 'NONE', #2332, .T. ) ;
#4644 = CARTESIAN_POINT ( 'NONE',  ( -6.813102282579010627, 9.878341828825154991, -27.00000000000000000 ) ) ;
#4645 = ORIENTED_EDGE ( 'NONE', *, *, #6194, .T. ) ;
#4646 = CARTESIAN_POINT ( 'NONE',  ( 27.54373135836350528, -31.70714214271451326, -21.22649730810378443 ) ) ;
#4647 = ORIENTED_EDGE ( 'NONE', *, *, #979, .T. ) ;
#4648 = EDGE_LOOP ( 'NONE', ( #7357, #2469 ) ) ;
#4649 = CIRCLE ( 'NONE', #4258, 37.50000000000000711 ) ;
#4650 = EDGE_CURVE ( 'NONE', #2932, #3586, #3705, .T. ) ;
#4651 = CARTESIAN_POINT ( 'NONE',  ( -11.39016187144730097, -35.72833906777964330, -21.40395386793139920 ) ) ;
#4652 = B_SPLINE_CURVE_WITH_KNOTS ( 'NONE', 3,
 ( #8037, #4931, #4355, #6680, #7334, #3580, #431, #7046, #7579, #596 ),
 .UNSPECIFIED., .F., .F.,
 ( 4, 2, 2, 2, 4 ),
 ( 0.000000000000000000, 0.0005240076909106133884, 0.001048015381821226777, 0.001572023072731840165, 0.002096030763642453554 ),
 .UNSPECIFIED. ) ;
#4653 = EDGE_CURVE ( 'NONE', #8103, #7224, #2229, .T. ) ;
#4654 = VECTOR ( 'NONE', #7641, 1000.000000000000114 ) ;
#4655 = ORIENTED_EDGE ( 'NONE', *, *, #3633, .F. ) ;
#4656 = CARTESIAN_POINT ( 'NONE',  ( 67.26437827766147848, 0.000000000000000000, 20.00000000000000000 ) ) ;
#4657 = DIRECTION ( 'NONE',  ( -0.3355296470614886339, -0.9420296470614886175, 0.000000000000000000 ) ) ;
#4658 = FACE_OUTER_BOUND ( 'NONE', #4428, .T. ) ;
#4659 = CARTESIAN_POINT ( 'NONE',  ( -36.67620928309453632, 7.817519100089273643, -22.07904004478003657 ) ) ;
#4660 = CARTESIAN_POINT ( 'NONE',  ( 41.99173240419118969, -0.8472114680284299482, -26.51086223087325777 ) ) ;
#4661 = EDGE_LOOP ( 'NONE', ( #2868, #2840 ) ) ;
#4662 = ORIENTED_EDGE ( 'NONE', *, *, #6256, .F. ) ;
#4663 = CARTESIAN_POINT ( 'NONE',  ( 0.000000000000000000, 0.000000000000000000, -23.00000000000000000 ) ) ;
#4664 = VECTOR ( 'NONE', #6053, 1000.000000000000114 ) ;
#4665 = CARTESIAN_POINT ( 'NONE',  ( 36.67621503328021504, 7.817492652587869628, -22.07911054674008255 ) ) ;
#4666 = ORIENTED_EDGE ( 'NONE', *, *, #7950, .T. ) ;
#4667 = CARTESIAN_POINT ( 'NONE',  ( -26.76845706734008701, -32.36432768085830247, -22.95854811567267362 ) ) ;
#4668 = EDGE_LOOP ( 'NONE', ( #5249, #2002, #5141, #3387 ) ) ;
#4669 = AXIS2_PLACEMENT_3D ( 'NONE', #6319, #4925, #4434 ) ;
#4670 = CARTESIAN_POINT ( 'NONE',  ( 10.50000000000000533, -36.00000000000000711, 10.00000000000000000 ) ) ;
#4671 = CARTESIAN_POINT ( 'NONE',  ( -20.26207829342283162, -36.78955711229148307, -0.4891912043631702067 ) ) ;
#4672 = CIRCLE ( 'NONE', #971, 2.500000000000002220 ) ;
#4673 = CARTESIAN_POINT ( 'NONE',  ( 12.35825919329774436, 35.40513281589652195, -4.041451884327436517 ) ) ;
#4674 = EDGE_CURVE ( 'NONE', #1203, #466, #1458, .T. ) ;
#4675 = CARTESIAN_POINT ( 'NONE',  ( -36.73543162791712291, -7.534832138997126449, -4.479574171170901842 ) ) ;
#4676 = DIRECTION ( 'NONE',  ( -0.000000000000000000, -0.000000000000000000, -1.000000000000000000 ) ) ;
#4677 = DIRECTION ( 'NONE',  ( -1.000000000000000000, 0.000000000000000000, 0.000000000000000000 ) ) ;
#4678 = EDGE_CURVE ( 'NONE', #7238, #7354, #6835, .T. ) ;
#4679 = CARTESIAN_POINT ( 'NONE',  ( -36.63673020344474907, 8.000000000000001776, -21.22649730810378088 ) ) ;
#4680 = DIRECTION ( 'NONE',  ( -0.000000000000000000, -0.000000000000000000, 1.000000000000000000 ) ) ;
#4681 = ORIENTED_EDGE ( 'NONE', *, *, #3326, .T. ) ;
#4682 = FACE_BOUND ( 'NONE', #7604, .T. ) ;
#4683 = VECTOR ( 'NONE', #1968, 1000.000000000000000 ) ;
#4684 = CARTESIAN_POINT ( 'NONE',  ( -20.13397459621547014, 36.87306695894647390, -0.5773502691896380545 ) ) ;
#4685 = VERTEX_POINT ( 'NONE', #4311 ) ;
#4686 = CARTESIAN_POINT ( 'NONE',  ( 8.231951524020963973, 5.677585235482506931, -33.00000000000000000 ) ) ;
#4687 = DIRECTION ( 'NONE',  ( 0.4999999999999980016, -0.8660254037844398178, -1.387778780781404384E-17 ) ) ;
#4688 = VERTEX_POINT ( 'NONE', #6811 ) ;
#4689 = ORIENTED_EDGE ( 'NONE', *, *, #6571, .F. ) ;
#4690 = CARTESIAN_POINT ( 'NONE',  ( -26.00000000000000355, 28.00000000000000355, -33.00000000000000000 ) ) ;
#4691 = ORIENTED_EDGE ( 'NONE', *, *, #2395, .T. ) ;
#4692 = CARTESIAN_POINT ( 'NONE',  ( -22.52304161032181185, 50.58757971695931843, 10.00000000000000000 ) ) ;
#4693 = DIRECTION ( 'NONE',  ( 0.9420296470614886175, -0.3355296470614886339, 0.000000000000000000 ) ) ;
#4694 = EDGE_CURVE ( 'NONE', #5608, #8051, #6029, .T. ) ;
#4695 = CARTESIAN_POINT ( 'NONE',  ( -25.16035274402498700, -27.80663227125045012, -5.085918016008657894 ) ) ;
#4696 = DIRECTION ( 'NONE',  ( 0.4999999999999980571, -0.8660254037844399289, 3.576792014222705294E-17 ) ) ;
#4697 = CARTESIAN_POINT ( 'NONE',  ( 32.00000000000000000, -5.999999999999998224, -21.22649730810378088 ) ) ;
#4698 = VERTEX_POINT ( 'NONE', #5456 ) ;
#4699 = ORIENTED_EDGE ( 'NONE', *, *, #2321, .F. ) ;
#4700 = CARTESIAN_POINT ( 'NONE',  ( 10.00000000000000888, -93.75000000000000000, 30.00000000000000711 ) ) ;
#4701 = DIRECTION ( 'NONE',  ( 0.000000000000000000, 0.000000000000000000, -1.000000000000000000 ) ) ;
#4702 = EDGE_LOOP ( 'NONE', ( #6881, #3676, #3865, #4936 ) ) ;
#4703 = CARTESIAN_POINT ( 'NONE',  ( -41.98809355043404423, 1.000000000000024203, -0.5773502691896463812 ) ) ;
#4704 = VERTEX_POINT ( 'NONE', #4439 ) ;
#4705 = CARTESIAN_POINT ( 'NONE',  ( 21.30188322601616235, -36.19748909167613249, -26.66759799545867793 ) ) ;
#4706 = DIRECTION ( 'NONE',  ( -0.7071067811865597852, 0.000000000000000000, -0.7071067811865352493 ) ) ;
#4707 = CARTESIAN_POINT ( 'NONE',  ( -90.00000000000001421, -93.75000000000000000, 30.00000000000000711 ) ) ;
#4708 = DIRECTION ( 'NONE',  ( -1.000000000000000000, 0.000000000000000000, 0.000000000000000000 ) ) ;
#4709 = CARTESIAN_POINT ( 'NONE',  ( -26.76845706733963581, 32.36432768085867906, -22.95854811567266296 ) ) ;
#4710 = CARTESIAN_POINT ( 'NONE',  ( -66.89376726804815121, -7.051275471044081478, 10.00000000000000000 ) ) ;
#4711 = VECTOR ( 'NONE', #2035, 1000.000000000000000 ) ;
#4712 = CARTESIAN_POINT ( 'NONE',  ( 71.37500000000002842, -93.75000000000000000, 30.00000000000000711 ) ) ;
#4713 = CARTESIAN_POINT ( 'NONE',  ( -23.50000000000000355, 28.00000000000000355, -28.00000000000000000 ) ) ;
#4714 = EDGE_CURVE ( 'NONE', #5461, #5595, #4603, .T. ) ;
#4715 = CARTESIAN_POINT ( 'NONE',  ( -14.64410141435747548, 39.36432768085863643, -4.041451884327441846 ) ) ;
#4716 = CARTESIAN_POINT ( 'NONE',  ( -12.70660171779818981, 10.60660171779823102, -27.00000000000000000 ) ) ;
#4717 = EDGE_CURVE ( 'NONE', #3586, #4234, #6969, .T. ) ;
#4718 = CARTESIAN_POINT ( 'NONE',  ( 10.72357835230655887, 5.000486708505708755, -33.00000000000000000 ) ) ;
#4719 = ORIENTED_EDGE ( 'NONE', *, *, #3497, .T. ) ;
#4720 = AXIS2_PLACEMENT_3D ( 'NONE', #3026, #7951, #5532 ) ;
#4721 = FACE_BOUND ( 'NONE', #4661, .T. ) ;
#4722 = EDGE_CURVE ( 'NONE', #5491, #4698, #5012, .T. ) ;
#4723 = CARTESIAN_POINT ( 'NONE',  ( -13.79696604449995867, -39.66920552787336618, -21.91449735811974264 ) ) ;
#4724 = EDGE_LOOP ( 'NONE', ( #7687, #1533, #669, #3805 ) ) ;
#4725 = DIRECTION ( 'NONE',  ( -0.000000000000000000, -0.000000000000000000, -1.000000000000000000 ) ) ;
#4726 = CARTESIAN_POINT ( 'NONE',  ( -10.14477808140031456, -36.10360639292490248, -19.59309585071846627 ) ) ;
#4727 = VERTEX_POINT ( 'NONE', #6283 ) ;
#4728 = CARTESIAN_POINT ( 'NONE',  ( -41.98809355043404423, 1.000000000000024203, -0.5773502691896463812 ) ) ;
#4729 = VECTOR ( 'NONE', #5771, 1000.000000000000000 ) ;
#4730 = EDGE_CURVE ( 'NONE', #2785, #8100, #7503, .T. ) ;
#4731 = CARTESIAN_POINT ( 'NONE',  ( 27.40350100416695511, 31.82854051085135794, -22.07833224324911114 ) ) ;
#4732 = CARTESIAN_POINT ( 'NONE',  ( 32.00000000000000000, 7.999999999999981348, -22.38119784648303678 ) ) ;
#4733 = ORIENTED_EDGE ( 'NONE', *, *, #4431, .T. ) ;
#4734 = AXIS2_PLACEMENT_3D ( 'NONE', #4507, #7539, #61 ) ;
#4735 = VECTOR ( 'NONE', #5492, 1000.000000000000000 ) ;
#4736 = CARTESIAN_POINT ( 'NONE',  ( 0.000000000000000000, 0.000000000000000000, -27.00000000000000000 ) ) ;
#4737 = VERTEX_POINT ( 'NONE', #1330 ) ;
#4738 = CARTESIAN_POINT ( 'NONE',  ( 36.84087403957729379, 7.000000000000004441, -4.041451884327440069 ) ) ;
#4739 = AXIS2_PLACEMENT_3D ( 'NONE', #7136, #313, #7097 ) ;
#4740 = CARTESIAN_POINT ( 'NONE',  ( 0.000000000000000000, 0.000000000000000000, -27.00000000000000000 ) ) ;
#4741 = VERTEX_POINT ( 'NONE', #1875 ) ;
#4742 = AXIS2_PLACEMENT_3D ( 'NONE', #7124, #7044, #7727 ) ;
#4743 = VERTEX_POINT ( 'NONE', #63 ) ;
#4744 = EDGE_CURVE ( 'NONE', #295, #1505, #5049, .T. ) ;
#4745 = COORDINATED_UNIVERSAL_TIME_OFFSET ( 5, 0, .BEHIND. ) ;
#4746 = VECTOR ( 'NONE', #77, 1000.000000000000000 ) ;
#4747 = CARTESIAN_POINT ( 'NONE',  ( 25.16008959378881116, -27.80687073234110684, -5.084806631435549562 ) ) ;
#4748 = VERTEX_POINT ( 'NONE', #597 ) ;
#4749 = CARTESIAN_POINT ( 'NONE',  ( -14.49980845631110604, -39.41800675619150951, -4.129094177647607999 ) ) ;
#4750 = ORIENTED_EDGE ( 'NONE', *, *, #6014, .F. ) ;
#4751 = CARTESIAN_POINT ( 'NONE',  ( -41.23105625617660763, -7.000000000000006217, -4.041451884327438293 ) ) ;
#4752 = FACE_BOUND ( 'NONE', #1795, .T. ) ;
#4753 = CYLINDRICAL_SURFACE ( 'NONE', #3887, 1.375000000000001332 ) ;
#4754 = DIRECTION ( 'NONE',  ( -0.000000000000000000, -0.000000000000000000, -1.000000000000000000 ) ) ;
#4755 = ADVANCED_FACE ( 'NONE', ( #98 ), #2607, .T. ) ;
#4756 = CARTESIAN_POINT ( 'NONE',  ( -36.78485822702896257, -7.289707639516005422, -4.235122077022606568 ) ) ;
#4757 = CARTESIAN_POINT ( 'NONE',  ( 27.54373135836350173, -31.70714214271452036, -27.00000000000000711 ) ) ;
#4758 = CYLINDRICAL_SURFACE ( 'NONE', #1383, 1.375000000000001332 ) ;
#4759 = DIRECTION ( 'NONE',  ( 0.000000000000000000, 0.000000000000000000, 1.000000000000000000 ) ) ;
#4760 = CARTESIAN_POINT ( 'NONE',  ( 26.88692135885247225, 32.26634615216313051, -4.128968861067660256 ) ) ;
#4761 = DIRECTION ( 'NONE',  ( -1.000000000000000000, 0.000000000000000000, -0.000000000000000000 ) ) ;
#4762 = CARTESIAN_POINT ( 'NONE',  ( -37.49408816299065705, -0.6866995577291392649, -26.57704422224490060 ) ) ;
#4763 = VERTEX_POINT ( 'NONE', #5616 ) ;
#4764 = DIRECTION ( 'NONE',  ( 0.000000000000000000, -0.000000000000000000, 1.000000000000000000 ) ) ;
#4765 = DIRECTION ( 'NONE',  ( -0.5000000000000039968, -0.8660254037844363761, 5.848240801544990100E-17 ) ) ;
#4766 = VECTOR ( 'NONE', #6504, 1000.000000000000114 ) ;
#4767 = ORIENTED_EDGE ( 'NONE', *, *, #1027, .T. ) ;
#4768 = CARTESIAN_POINT ( 'NONE',  ( -20.13397459621598884, -36.87306695894618969, -26.42264973081038804 ) ) ;
#4769 = DIRECTION ( 'NONE',  ( 0.000000000000000000, -1.000000000000000000, 0.000000000000000000 ) ) ;
#4770 = ORIENTED_EDGE ( 'NONE', *, *, #3922, .F. ) ;
#4771 = CARTESIAN_POINT ( 'NONE',  ( -55.07164995601819868, -5.788263653445767432, 10.00000000000000000 ) ) ;
#4772 = B_SPLINE_CURVE_WITH_KNOTS ( 'NONE', 3,
 ( #7916, #6151, #1085, #5579, #5540, #8082, #3624, #2282, #3714, #8039, #2410, #6813, #1169, #556, #4969, #757, #1294, #1256, #2570, #599, #5013, #7658, #7049, #5166, #634, #145, #6326, #5660, #65, #1878, #3833, #5127, #3799, #1331 ),
 .UNSPECIFIED., .F., .F.,
 ( 4, 2, 2, 2, 2, 2, 2, 2, 2, 2, 2, 2, 2, 2, 2, 2, 4 ),
 ( 0.000000000000000000, 0.0007922490565964209874, 0.001584498113192841975, 0.002376747169789262745, 0.003168996226385683949, 0.003961245282982105154, 0.004753494339578525490, 0.005545743396174946695, 0.006337992452771367899, 0.007130241509367789103, 0.007922490565964210307, 0.008714739622560630644, 0.009506988679157050981, 0.01029923773575347305, 0.01109148679234989339, 0.01188373584894631546, 0.01267598490554273580 ),
 .UNSPECIFIED. ) ;
#4773 = DIRECTION ( 'NONE',  ( 0.000000000000000000, 0.000000000000000000, -1.000000000000000000 ) ) ;
#4774 = ORIENTED_EDGE ( 'NONE', *, *, #1454, .T. ) ;
#4775 = EDGE_CURVE ( 'NONE', #3745, #326, #1253, .T. ) ;
#4776 = CIRCLE ( 'NONE', #3740, 2.499999999999995115 ) ;
#4777 = EDGE_CURVE ( 'NONE', #7302, #253, #1971, .T. ) ;
#4778 = DIRECTION ( 'NONE',  ( -1.000000000000000000, 0.000000000000000000, 0.000000000000000000 ) ) ;
#4779 = ADVANCED_FACE ( 'NONE', ( #676 ), #1988, .F. ) ;
#4780 =( BOUNDED_CURVE ( )  B_SPLINE_CURVE ( 3, ( #5324, #3447, #7127, #7246 ),
 .UNSPECIFIED., .F., .F. ) 
 B_SPLINE_CURVE_WITH_KNOTS ( ( 4, 4 ),
 ( 4.544940901164999936, 4.688577206424020538 ),
 .UNSPECIFIED. ) 
 CURVE ( )  GEOMETRIC_REPRESENTATION_ITEM ( )  RATIONAL_B_SPLINE_CURVE ( ( 1.000000000000000000, 0.9982814565068700574, 0.9982814565068700574, 1.000000000000000000 ) ) 
 REPRESENTATION_ITEM ( '' )  );
#4781 = VECTOR ( 'NONE', #1327, 1000.000000000000000 ) ;
#4782 = VERTEX_POINT ( 'NONE', #3208 ) ;
#4783 = CARTESIAN_POINT ( 'NONE',  ( -55.07164995601819868, -5.788263653445767432, 0.000000000000000000 ) ) ;
#4784 = CIRCLE ( 'NONE', #564, 33.50000000000000711 ) ;
#4785 = CYLINDRICAL_SURFACE ( 'NONE', #1568, 1.375000000000001332 ) ;
#4786 = ORIENTED_EDGE ( 'NONE', *, *, #7120, .T. ) ;
#4787 = ADVANCED_FACE ( 'NONE', ( #6365 ), #4508, .F. ) ;
#4788 = ORIENTED_EDGE ( 'NONE', *, *, #2103, .T. ) ;
#4789 = PERSON_AND_ORGANIZATION ( #6737, #462 ) ;
#4790 = AXIS2_PLACEMENT_3D ( 'NONE', #4663, #7805, #7155 ) ;
#4791 = CARTESIAN_POINT ( 'NONE',  ( -13.68732489781270623, 39.70714214271428233, -21.22649730810378088 ) ) ;
#4792 = VERTEX_POINT ( 'NONE', #2484 ) ;
#4793 = CARTESIAN_POINT ( 'NONE',  ( -14.36885425832950069, -39.46582944445164287, -4.234528761152334120 ) ) ;
#4794 = ORIENTED_EDGE ( 'NONE', *, *, #4744, .T. ) ;
#4795 = DIRECTION ( 'NONE',  ( 0.000000000000000000, 0.000000000000000000, 1.000000000000000000 ) ) ;
#4796 = DIRECTION ( 'NONE',  ( 1.000000000000000000, 0.000000000000000000, 0.000000000000000000 ) ) ;
#4797 = LINE ( 'NONE', #2226, #5058 ) ;
#4798 = AXIS2_PLACEMENT_3D ( 'NONE', #3715, #6199, #4442 ) ;
#4799 = CARTESIAN_POINT ( 'NONE',  ( 23.49999999999999645, -27.99999999999999645, -33.00000000000000000 ) ) ;
#4800 = FACE_OUTER_BOUND ( 'NONE', #6506, .T. ) ;
#4801 = CIRCLE ( 'NONE', #1900, 1.375000000000001332 ) ;
#4802 = CARTESIAN_POINT ( 'NONE',  ( 88.62500000000004263, -93.75000000000000000, 30.00000000000000711 ) ) ;
#4803 = EDGE_CURVE ( 'NONE', #4377, #4521, #1529, .T. ) ;
#4804 = EDGE_CURVE ( 'NONE', #4502, #466, #5952, .T. ) ;
#4805 = FACE_OUTER_BOUND ( 'NONE', #730, .T. ) ;
#4806 = CARTESIAN_POINT ( 'NONE',  ( 37.48666429545313150, -0.9999999999999892308, -26.42264973081038804 ) ) ;
#4807 = CIRCLE ( 'NONE', #1239, 2.500000000000000444 ) ;
#4808 = DIRECTION ( 'NONE',  ( 0.000000000000000000, 0.000000000000000000, -1.000000000000000000 ) ) ;
#4809 = VECTOR ( 'NONE', #8104, 1000.000000000000000 ) ;
#4810 = EDGE_LOOP ( 'NONE', ( #641, #4938, #3612, #7195 ) ) ;
#4811 = DIRECTION ( 'NONE',  ( -0.000000000000000000, -0.000000000000000000, 1.000000000000000000 ) ) ;
#4812 = DIRECTION ( 'NONE',  ( -0.000000000000000000, -0.000000000000000000, -1.000000000000000000 ) ) ;
#4813 = CARTESIAN_POINT ( 'NONE',  ( 17.88397459621570107, 32.97595264191637199, -0.5773502691896393868 ) ) ;
#4814 = VERTEX_POINT ( 'NONE', #4557 ) ;
#4815 = CARTESIAN_POINT ( 'NONE',  ( -10.60660171779819372, -10.60660171779822569, -27.00000000000000000 ) ) ;
#4816 = DIRECTION ( 'NONE',  ( 0.000000000000000000, 0.000000000000000000, 1.000000000000000000 ) ) ;
#4817 = ORIENTED_EDGE ( 'NONE', *, *, #5144, .F. ) ;
#4818 = CARTESIAN_POINT ( 'NONE',  ( 70.00000000000001421, -93.75000000000000000, 6.123233995736766085E-15 ) ) ;
#4819 = CARTESIAN_POINT ( 'NONE',  ( 41.23556618222018955, -7.976854085983752896, -21.57645263669765257 ) ) ;
#4820 = ORIENTED_EDGE ( 'NONE', *, *, #5720, .T. ) ;
#4821 = CARTESIAN_POINT ( 'NONE',  ( 21.86007217900112565, -35.86275567115362151, -26.42264973081039159 ) ) ;
#4822 = ORIENTED_EDGE ( 'NONE', *, *, #4832, .F. ) ;
#4823 = CIRCLE ( 'NONE', #2704, 1.375000000000001332 ) ;
#4824 = CARTESIAN_POINT ( 'NONE',  ( 36.84087403957730089, -7.000000000000006217, -4.041451884327431188 ) ) ;
#4825 = FACE_OUTER_BOUND ( 'NONE', #7483, .T. ) ;
#4826 = EDGE_CURVE ( 'NONE', #5491, #2931, #3037, .T. ) ;
#4827 = EDGE_CURVE ( 'NONE', #4704, #6310, #872, .T. ) ;
#4828 = ORIENTED_EDGE ( 'NONE', *, *, #2642, .F. ) ;
#4829 =( NAMED_UNIT ( * ) SI_UNIT ( $, .STERADIAN. ) SOLID_ANGLE_UNIT ( ) );
#4830 = CYLINDRICAL_SURFACE ( 'NONE', #1255, 2.500000000000002220 ) ;
#4831 = ORIENTED_EDGE ( 'NONE', *, *, #7675, .T. ) ;
#4832 = EDGE_CURVE ( 'NONE', #2515, #3602, #2037, .T. ) ;
#4833 = ORIENTED_EDGE ( 'NONE', *, *, #1431, .T. ) ;
#4834 = DIRECTION ( 'NONE',  ( -1.000000000000000000, 5.204170427930421283E-15, 0.000000000000000000 ) ) ;
#4835 = FACE_BOUND ( 'NONE', #900, .T. ) ;
#4836 = CYLINDRICAL_SURFACE ( 'NONE', #5182, 2.000000000000001776 ) ;
#4837 = ADVANCED_FACE ( 'NONE', ( #5243 ), #1527, .F. ) ;
#4838 = CARTESIAN_POINT ( 'NONE',  ( 41.74799829290711983, -5.015511314454993652, -2.895706807524237369 ) ) ;
#4839 = CARTESIAN_POINT ( 'NONE',  ( 0.000000000000000000, 0.000000000000000000, -27.00000000000000000 ) ) ;
#4840 = ORIENTED_EDGE ( 'NONE', *, *, #695, .F. ) ;
#4841 = CARTESIAN_POINT ( 'NONE',  ( 19.34159515826793552, -32.12757606857646664, -0.4228248792468256023 ) ) ;
#4842 = DIRECTION ( 'NONE',  ( -0.000000000000000000, -0.000000000000000000, 1.000000000000000000 ) ) ;
#4843 = LINE ( 'NONE', #3574, #5302 ) ;
#4844 = DIRECTION ( 'NONE',  ( -0.000000000000000000, -0.000000000000000000, 1.000000000000000000 ) ) ;
#4845 = VERTEX_POINT ( 'NONE', #4710 ) ;
#4846 = ADVANCED_FACE ( 'NONE', ( #7129 ), #7047, .T. ) ;
#4847 = FACE_OUTER_BOUND ( 'NONE', #406, .T. ) ;
#4848 = PLANE ( 'NONE',  #387 ) ;
#4849 = CARTESIAN_POINT ( 'NONE',  ( -9.878341828825144333, 6.813102282579023949, -33.00000000000000000 ) ) ;
#4850 = EDGE_LOOP ( 'NONE', ( #1682, #1191, #6164, #6179 ) ) ;
#4851 = CARTESIAN_POINT ( 'NONE',  ( 41.23556618222018955, 7.976854085983752007, -5.423547363302433588 ) ) ;
#4852 = DIRECTION ( 'NONE',  ( 0.000000000000000000, 0.000000000000000000, -1.000000000000000000 ) ) ;
#4853 = EDGE_LOOP ( 'NONE', ( #6862, #575, #5169, #5796 ) ) ;
#4854 = DIRECTION ( 'NONE',  ( -0.000000000000000000, -0.000000000000000000, -1.000000000000000000 ) ) ;
#4855 = FACE_OUTER_BOUND ( 'NONE', #694, .T. ) ;
#4856 = VECTOR ( 'NONE', #1486, 999.9999999999998863 ) ;
#4857 = ORIENTED_EDGE ( 'NONE', *, *, #4429, .T. ) ;
#4858 = FACE_OUTER_BOUND ( 'NONE', #526, .T. ) ;
#4859 = DIRECTION ( 'NONE',  ( -0.000000000000000000, -0.000000000000000000, -1.000000000000000000 ) ) ;
#4860 = B_SPLINE_CURVE_WITH_KNOTS ( 'NONE', 3,
 ( #402, #7382, #6609, #1753, #3463, #1582, #2917, #5950, #1048, #2206 ),
 .UNSPECIFIED., .F., .F.,
 ( 4, 2, 2, 2, 4 ),
 ( 1.939479807224432123E-18, 0.0005246646380387353335, 0.001049329276077468715, 0.001573993914116202097, 0.002098658552154935263 ),
 .UNSPECIFIED. ) ;
#4861 = AXIS2_PLACEMENT_3D ( 'NONE', #1283, #3155, #7572 ) ;
#4862 = ORIENTED_EDGE ( 'NONE', *, *, #5316, .F. ) ;
#4863 = DIRECTION ( 'NONE',  ( 0.000000000000000000, 0.000000000000000000, -1.000000000000000000 ) ) ;
#4864 = FACE_OUTER_BOUND ( 'NONE', #5174, .T. ) ;
#4865 = DIRECTION ( 'NONE',  ( -0.000000000000000000, -0.000000000000000000, -1.000000000000000000 ) ) ;
#4866 = ORIENTED_EDGE ( 'NONE', *, *, #3928, .T. ) ;
#4867 = VECTOR ( 'NONE', #5740, 1000.000000000000000 ) ;
#4868 = DIRECTION ( 'NONE',  ( -1.000000000000000000, 0.000000000000000000, 0.000000000000000000 ) ) ;
#4869 = VECTOR ( 'NONE', #5056, 1000.000000000000000 ) ;
#4870 = ORIENTED_EDGE ( 'NONE', *, *, #238, .F. ) ;
#4871 = ADVANCED_FACE ( 'NONE', ( #264 ), #2728, .F. ) ;
#4872 = CARTESIAN_POINT ( 'NONE',  ( -11.73724304340689173, -35.61593825799914015, -4.620230038046153176 ) ) ;
#4873 = DIRECTION ( 'NONE',  ( 0.8660254037844362651, -0.5000000000000041078, 0.000000000000000000 ) ) ;
#4874 = AXIS2_PLACEMENT_3D ( 'NONE', #7586, #2694, #1957 ) ;
#4875 = EDGE_LOOP ( 'NONE', ( #1641, #7883, #6303, #4198 ) ) ;
#4876 = B_SPLINE_CURVE_WITH_KNOTS ( 'NONE', 3,
 ( #2646, #1407, #5164, #834, #225, #7656, #2033, #3943, #799, #8028 ),
 .UNSPECIFIED., .F., .F.,
 ( 4, 2, 2, 2, 4 ),
 ( 1.670128900733774363E-17, 0.0005215790914579446127, 0.001043158182915872529, 0.001564737274373800445, 0.002086316365831728577 ),
 .UNSPECIFIED. ) ;
#4877 = ADVANCED_FACE ( 'NONE', ( #6519 ), #7086, .F. ) ;
#4878 = VECTOR ( 'NONE', #3128, 1000.000000000000114 ) ;
#4879 = DIRECTION ( 'NONE',  ( -0.000000000000000000, 0.000000000000000000, 1.000000000000000000 ) ) ;
#4880 = VERTEX_POINT ( 'NONE', #4059 ) ;
#4881 = EDGE_CURVE ( 'NONE', #4190, #2294, #1634, .T. ) ;
#4882 = CARTESIAN_POINT ( 'NONE',  ( 32.00000000000000000, -8.000000000000000000, -4.618802153517059139 ) ) ;
#4883 = ADVANCED_FACE ( 'NONE', ( #1566 ), #4098, .F. ) ;
#4884 = ORIENTED_EDGE ( 'NONE', *, *, #5933, .T. ) ;
#4885 = PLANE ( 'NONE',  #5250 ) ;
#4886 = AXIS2_PLACEMENT_3D ( 'NONE', #1015, #1677, #4204 ) ;
#4887 = CARTESIAN_POINT ( 'NONE',  ( 25.22901615065306657, 27.74434883976194044, -5.423126658117894294 ) ) ;
#4888 = CARTESIAN_POINT ( 'NONE',  ( 6.813102282579008850, -9.878341828825156767, -33.00000000000000000 ) ) ;
#4889 = CYLINDRICAL_SURFACE ( 'NONE', #5816, 1.999999999999999112 ) ;
#4890 = FACE_OUTER_BOUND ( 'NONE', #2847, .T. ) ;
#4891 = CARTESIAN_POINT ( 'NONE',  ( 52.57164995601809920, -5.788263653446511725, 10.00000000000000000 ) ) ;
#4892 = CYLINDRICAL_SURFACE ( 'NONE', #5129, 2.000000000000000000 ) ;
#4893 = ORIENTED_EDGE ( 'NONE', *, *, #444, .T. ) ;
#4894 = CARTESIAN_POINT ( 'NONE',  ( 29.33633035359543229, 11.47299966812150096, -23.00000000000000000 ) ) ;
#4895 = CARTESIAN_POINT ( 'NONE',  ( -45.45615673456354955, -27.68749999999955946, 10.00000000000000000 ) ) ;
#4896 = EDGE_LOOP ( 'NONE', ( #547, #2367, #3061, #5515 ) ) ;
#4897 = EDGE_CURVE ( 'NONE', #709, #1588, #4876, .T. ) ;
#4898 = DIRECTION ( 'NONE',  ( 1.000000000000000000, 0.000000000000000000, 0.000000000000000000 ) ) ;
#4899 = ORIENTED_EDGE ( 'NONE', *, *, #7692, .T. ) ;
#4900 = DIRECTION ( 'NONE',  ( -1.000000000000000000, 0.000000000000000000, 0.000000000000000000 ) ) ;
#4901 = CYLINDRICAL_SURFACE ( 'NONE', #7873, 2.499999999999995115 ) ;
#4902 = ADVANCED_FACE ( 'NONE', ( #2354 ), #4262, .F. ) ;
#4903 = ORIENTED_EDGE ( 'NONE', *, *, #1553, .T. ) ;
#4904 = DIRECTION ( 'NONE',  ( 1.000000000000000000, 0.000000000000000000, -0.000000000000000000 ) ) ;
#4905 = EDGE_CURVE ( 'NONE', #1389, #3512, #1329, .T. ) ;
#4906 = AXIS2_PLACEMENT_3D ( 'NONE', #5845, #209, #3925 ) ;
#4907 = CARTESIAN_POINT ( 'NONE',  ( 13.79696604449967623, 39.66920552787346566, -21.91449735811973554 ) ) ;
#4908 = CARTESIAN_POINT ( 'NONE',  ( -14.64410141435804391, -39.36432768085842326, -4.041451884327432964 ) ) ;
#4909 = ORIENTED_EDGE ( 'NONE', *, *, #4327, .T. ) ;
#4910 = PERSON_AND_ORGANIZATION ( #6737, #462 ) ;
#4911 = DIRECTION ( 'NONE',  ( -0.000000000000000000, -0.000000000000000000, -1.000000000000000000 ) ) ;
#4912 = VECTOR ( 'NONE', #3499, 1000.000000000000000 ) ;
#4913 = VERTEX_POINT ( 'NONE', #6139 ) ;
#4914 = CARTESIAN_POINT ( 'NONE',  ( 21.86602540378461157, 35.87306695894631758, -0.5773502691896365002 ) ) ;
#4915 = FACE_BOUND ( 'NONE', #6459, .T. ) ;
#4916 = VERTEX_POINT ( 'NONE', #6758 ) ;
#4917 = VECTOR ( 'NONE', #7569, 1000.000000000000000 ) ;
#4918 = DIRECTION ( 'NONE',  ( 0.000000000000000000, -0.000000000000000000, -1.000000000000000000 ) ) ;
#4919 = CARTESIAN_POINT ( 'NONE',  ( 21.86007217900164079, 35.86275567115330887, -0.5773502691896462702 ) ) ;
#4920 = DIRECTION ( 'NONE',  ( -0.4226182617406993858, 0.9063077870366500477, 0.000000000000000000 ) ) ;
#4921 = VERTEX_POINT ( 'NONE', #3024 ) ;
#4922 = DIRECTION ( 'NONE',  ( -0.000000000000000000, -0.000000000000000000, -1.000000000000000000 ) ) ;
#4923 = ORIENTED_EDGE ( 'NONE', *, *, #2217, .F. ) ;
#4924 = CARTESIAN_POINT ( 'NONE',  ( -26.00000000000000355, -27.99999999999999645, -28.00000000000000000 ) ) ;
#4925 = DIRECTION ( 'NONE',  ( -0.4330127018922165227, 0.2500000000000011657, -0.8660254037844397068 ) ) ;
#4926 = FACE_BOUND ( 'NONE', #6410, .T. ) ;
#4927 = DIRECTION ( 'NONE',  ( 1.000000000000000000, 0.000000000000000000, 0.000000000000000000 ) ) ;
#4928 = EDGE_CURVE ( 'NONE', #5945, #3576, #6801, .T. ) ;
#4929 = EDGE_CURVE ( 'NONE', #253, #7302, #3844, .T. ) ;
#4930 = DIRECTION ( 'NONE',  ( -0.8944271909999177428, 0.000000000000000000, -0.4472135954999540974 ) ) ;
#4931 = CARTESIAN_POINT ( 'NONE',  ( -41.38689944556395517, -7.151800904922393620, -4.129094177647609776 ) ) ;
#4932 = DIRECTION ( 'NONE',  ( 0.000000000000000000, 0.000000000000000000, -1.000000000000000000 ) ) ;
#4933 = CARTESIAN_POINT ( 'NONE',  ( -5.000486708505709643, 10.72357835230655532, -33.00000000000000000 ) ) ;
#4934 = ADVANCED_FACE ( 'NONE', ( #2397 ), #3533, .F. ) ;
#4935 = CARTESIAN_POINT ( 'NONE',  ( 60.16487194135775951, 11.84070306268654882, 11.96914582396485827 ) ) ;
#4936 = ORIENTED_EDGE ( 'NONE', *, *, #5622, .F. ) ;
#4937 = DIRECTION ( 'NONE',  ( 0.000000000000000000, 0.000000000000000000, 1.000000000000000000 ) ) ;
#4938 = ORIENTED_EDGE ( 'NONE', *, *, #5419, .T. ) ;
#4939 = CIRCLE ( 'NONE', #2034, 2.499999999999998668 ) ;
#4940 = CYLINDRICAL_SURFACE ( 'NONE', #668, 2.500000000000002220 ) ;
#4941 = CARTESIAN_POINT ( 'NONE',  ( -28.50000000000000000, 28.00000000000000355, -28.00000000000000000 ) ) ;
#4942 = CARTESIAN_POINT ( 'NONE',  ( 12.21259993209977779, 35.45597558248488923, -22.87104144258560012 ) ) ;
#4943 = ORIENTED_EDGE ( 'NONE', *, *, #1873, .F. ) ;
#4944 = CARTESIAN_POINT ( 'NONE',  ( -17.87730674394251551, -32.96440358300128537, -0.5773502691896312822 ) ) ;
#4945 = CIRCLE ( 'NONE', #3115, 2.000000000000000000 ) ;
#4946 = CARTESIAN_POINT ( 'NONE',  ( 13.86257414569575097, -39.64639827766669811, -22.07833224324911114 ) ) ;
#4947 = VERTEX_POINT ( 'NONE', #7407 ) ;
#4948 = ADVANCED_FACE ( 'NONE', ( #423 ), #7327, .F. ) ;
#4949 = CARTESIAN_POINT ( 'NONE',  ( -11.37499999999999467, -93.75000000000000000, 30.00000000000000711 ) ) ;
#4950 = AXIS2_PLACEMENT_3D ( 'NONE', #8099, #6834, #2340 ) ;
#4951 = EDGE_LOOP ( 'NONE', ( #2474, #8020 ) ) ;
#4952 = CARTESIAN_POINT ( 'NONE',  ( -20.84996325579426824, 36.45969373109705458, -0.3093461989798241274 ) ) ;
#4953 = DIRECTION ( 'NONE',  ( 0.000000000000000000, 0.000000000000000000, 1.000000000000000000 ) ) ;
#4954 = ORIENTED_EDGE ( 'NONE', *, *, #4327, .F. ) ;
#4955 = DIRECTION ( 'NONE',  ( 0.000000000000000000, 0.000000000000000000, -1.000000000000000000 ) ) ;
#4956 = CARTESIAN_POINT ( 'NONE',  ( 0.000000000000000000, 0.000000000000000000, 10.00000000000000000 ) ) ;
#4957 = DIRECTION ( 'NONE',  ( 0.000000000000000000, -0.4999999999999971689, -0.8660254037844402619 ) ) ;
#4958 = EDGE_LOOP ( 'NONE', ( #5900, #279, #7878, #5216 ) ) ;
#4959 = CARTESIAN_POINT ( 'NONE',  ( -25.24656833199780692, 27.72833906777982804, -5.596326221946339885 ) ) ;
#4960 = ORIENTED_EDGE ( 'NONE', *, *, #6180, .F. ) ;
#4961 = CARTESIAN_POINT ( 'NONE',  ( 36.73539856458927488, -7.535002961259099408, -4.479675845022191183 ) ) ;
#4962 = CARTESIAN_POINT ( 'NONE',  ( 25.24656833199801298, 27.72833906777965751, -5.596046132068690504 ) ) ;
#4963 = CARTESIAN_POINT ( 'NONE',  ( 13.70660171779831593, -10.60660171779815997, -33.00000000000000000 ) ) ;
#4964 = CARTESIAN_POINT ( 'NONE',  ( 0.000000000000000000, 0.000000000000000000, -33.00000000000000000 ) ) ;
#4965 = CARTESIAN_POINT ( 'NONE',  ( 8.000000000000000000, -36.63673020344475617, -27.00000000000001066 ) ) ;
#4966 = CARTESIAN_POINT ( 'NONE',  ( 68.62500000000001421, -93.75000000000000000, 30.00000000000000711 ) ) ;
#4967 = CARTESIAN_POINT ( 'NONE',  ( 21.30363205288804807, -36.19645600202019153, -0.3328351630902669500 ) ) ;
#4968 = VERTEX_POINT ( 'NONE', #2231 ) ;
#4969 = CARTESIAN_POINT ( 'NONE',  ( -11.86707952697679858, -40.28865216602979871, -24.05695626470551929 ) ) ;
#4970 = PLANE ( 'NONE',  #7494 ) ;
#4971 = ORIENTED_EDGE ( 'NONE', *, *, #3841, .T. ) ;
#4972 = EDGE_CURVE ( 'NONE', #1318, #8097, #4481, .T. ) ;
#4973 = DIRECTION ( 'NONE',  ( 0.000000000000000000, 0.000000000000000000, 1.000000000000000000 ) ) ;
#4974 = ORIENTED_EDGE ( 'NONE', *, *, #4499, .T. ) ;
#4975 = EDGE_CURVE ( 'NONE', #7842, #748, #5753, .T. ) ;
#4976 = LINE ( 'NONE', #6735, #3964 ) ;
#4977 = FACE_OUTER_BOUND ( 'NONE', #7496, .T. ) ;
#4978 = ORIENTED_EDGE ( 'NONE', *, *, #5727, .T. ) ;
#4979 = CARTESIAN_POINT ( 'NONE',  ( -13.68732489781326223, -39.70714214271409048, -5.596279247946063684 ) ) ;
#4980 = ADVANCED_FACE ( 'NONE', ( #4182 ), #3613, .F. ) ;
#4981 = VERTEX_POINT ( 'NONE', #7857 ) ;
#4982 = VECTOR ( 'NONE', #777, 1000.000000000000000 ) ;
#4983 = CARTESIAN_POINT ( 'NONE',  ( 0.000000000000000000, 0.000000000000000000, -33.00000000000000000 ) ) ;
#4984 = FACE_BOUND ( 'NONE', #2869, .T. ) ;
#4985 = VERTEX_POINT ( 'NONE', #6634 ) ;
#4986 = DATE_AND_TIME ( #1806, #203 ) ;
#4987 = AXIS2_PLACEMENT_3D ( 'NONE', #546, #708, #3242 ) ;
#4988 = CARTESIAN_POINT ( 'NONE',  ( -12.07935711153205105, 35.50147551897411091, -22.76487792297750445 ) ) ;
#4989 = ORIENTED_EDGE ( 'NONE', *, *, #3426, .F. ) ;
#4990 = CARTESIAN_POINT ( 'NONE',  ( -22.92820323027578411, -23.71281292110177219, -4.618802153517059139 ) ) ;
#4991 = CARTESIAN_POINT ( 'NONE',  ( 8.000000000000000000, -36.63673020344474907, -19.00000000000001066 ) ) ;
#4992 = ADVANCED_FACE ( 'NONE', ( #382 ), #465, .F. ) ;
#4993 = AXIS2_PLACEMENT_3D ( 'NONE', #5990, #4068, #5215 ) ;
#4994 = ORIENTED_EDGE ( 'NONE', *, *, #338, .F. ) ;
#4995 = DIRECTION ( 'NONE',  ( 1.000000000000000000, 0.000000000000000000, 0.000000000000000000 ) ) ;
#4996 = VERTEX_POINT ( 'NONE', #4802 ) ;
#4997 = CARTESIAN_POINT ( 'NONE',  ( -41.31869376425004958, 7.535321632145620008, -4.480131989721543917 ) ) ;
#4998 = ORIENTED_EDGE ( 'NONE', *, *, #5370, .T. ) ;
#5000 = AXIS2_PLACEMENT_3D ( 'NONE', #2867, #4816, #5908 ) ;
#4999 = VECTOR ( 'NONE', #1786, 1000.000000000000114 ) ;
#5001 = CARTESIAN_POINT ( 'NONE',  ( -36.64181898201773180, -7.976794479072284005, -21.57687334188219452 ) ) ;
#5002 = ORIENTED_EDGE ( 'NONE', *, *, #4437, .F. ) ;
#5003 = DIRECTION ( 'NONE',  ( 0.8944271909999135239, 0.000000000000000000, -0.4472135954999624796 ) ) ;
#5004 = CARTESIAN_POINT ( 'NONE',  ( 11.93469577672438930, -36.08129289334623024, -22.27610295925093808 ) ) ;
#5005 = EDGE_CURVE ( 'NONE', #2058, #766, #5447, .T. ) ;
#5006 = VECTOR ( 'NONE', #5499, 999.9999999999998863 ) ;
#5007 = DIRECTION ( 'NONE',  ( 0.000000000000000000, 0.000000000000000000, 1.000000000000000000 ) ) ;
#5008 = AXIS2_PLACEMENT_3D ( 'NONE', #6967, #3323, #3904 ) ;
#5009 = DIRECTION ( 'NONE',  ( 1.000000000000000000, 0.000000000000000000, -0.000000000000000000 ) ) ;
#5010 = DIRECTION ( 'NONE',  ( -1.000000000000000000, -0.000000000000000000, -0.000000000000000000 ) ) ;
#5011 = VECTOR ( 'NONE', #6984, 1000.000000000000000 ) ;
#5012 = LINE ( 'NONE', #3906, #3713 ) ;
#5013 = CARTESIAN_POINT ( 'NONE',  ( -11.79212547134939726, -40.31075578018045036, -21.70018465560689336 ) ) ;
#5014 = CARTESIAN_POINT ( 'NONE',  ( -11.51310987903381644, -54.16492339063440653, 0.000000000000000000 ) ) ;
#5015 = ORIENTED_EDGE ( 'NONE', *, *, #6399, .T. ) ;
#5016 = CARTESIAN_POINT ( 'NONE',  ( -23.50000000000000355, -27.99999999999999645, -28.00000000000000000 ) ) ;
#5017 = CIRCLE ( 'NONE', #4798, 1.375000000000001332 ) ;
#5018 = ORIENTED_EDGE ( 'NONE', *, *, #2964, .F. ) ;
#5019 = CARTESIAN_POINT ( 'NONE',  ( -27.54373135836372199, 31.70714214271432851, -27.00000000000000711 ) ) ;
#5020 = ORIENTED_EDGE ( 'NONE', *, *, #5145, .F. ) ;
#5021 = DIRECTION ( 'NONE',  ( 0.000000000000000000, 0.000000000000000000, -1.000000000000000000 ) ) ;
#5022 = ORIENTED_EDGE ( 'NONE', *, *, #1350, .T. ) ;
#5023 = DIRECTION ( 'NONE',  ( -0.000000000000000000, -0.000000000000000000, 1.000000000000000000 ) ) ;
#5024 = ORIENTED_EDGE ( 'NONE', *, *, #3902, .F. ) ;
#5025 = PERSON_AND_ORGANIZATION ( #6737, #462 ) ;
#5026 = EDGE_CURVE ( 'NONE', #2705, #6430, #4187, .T. ) ;
#5027 = ADVANCED_FACE ( 'NONE', ( #2560 ), #6888, .F. ) ;
#5028 = DIRECTION ( 'NONE',  ( 0.000000000000000000, 0.8660254037844395958, -0.4999999999999982236 ) ) ;
#5029 = AXIS2_PLACEMENT_3D ( 'NONE', #6655, #1719, #7311 ) ;
#5030 = ORIENTED_EDGE ( 'NONE', *, *, #147, .T. ) ;
#5031 = CARTESIAN_POINT ( 'NONE',  ( 12.70660171779826619, -10.60660171779815997, -33.00000000000000000 ) ) ;
#5032 = DIRECTION ( 'NONE',  ( 0.000000000000000000, -0.000000000000000000, -1.000000000000000000 ) ) ;
#5033 = EDGE_CURVE ( 'NONE', #5315, #1385, #1156, .T. ) ;
#5034 = CARTESIAN_POINT ( 'NONE',  ( -25.22906923010916458, -27.74430092964983885, -21.57679307250215217 ) ) ;
#5035 = VERTEX_POINT ( 'NONE', #7449 ) ;
#5036 = CARTESIAN_POINT ( 'NONE',  ( -71.37500000000001421, -93.75000000000000000, 30.00000000000000711 ) ) ;
#5037 = ORIENTED_EDGE ( 'NONE', *, *, #3193, .F. ) ;
#5038 = CARTESIAN_POINT ( 'NONE',  ( -32.54860834569606709, -44.79931606351243545, 12.50000000000000000 ) ) ;
#5039 = VECTOR ( 'NONE', #997, 1000.000000000000000 ) ;
#5040 = ORIENTED_EDGE ( 'NONE', *, *, #4139, .F. ) ;
#5041 = DIRECTION ( 'NONE',  ( -1.000000000000000000, 0.000000000000000000, 0.000000000000000000 ) ) ;
#5042 = ORIENTED_EDGE ( 'NONE', *, *, #788, .F. ) ;
#5043 = DIRECTION ( 'NONE',  ( -0.4999999999999919509, 0.8660254037844432595, -6.938893903907105118E-18 ) ) ;
#5044 = LINE ( 'NONE', #7534, #6369 ) ;
#5045 = VECTOR ( 'NONE', #6277, 1000.000000000000000 ) ;
#5046 = CARTESIAN_POINT ( 'NONE',  ( 21.30363205288852058, 36.19645600201990732, -26.66716483690975892 ) ) ;
#5047 = CARTESIAN_POINT ( 'NONE',  ( -24.48261484627964535, 28.40513281589663919, -22.95854811567265941 ) ) ;
#5048 = EDGE_CURVE ( 'NONE', #195, #3472, #1908, .T. ) ;
#5049 = LINE ( 'NONE', #5126, #4878 ) ;
#5050 = FACE_OUTER_BOUND ( 'NONE', #6046, .T. ) ;
#5051 = CARTESIAN_POINT ( 'NONE',  ( -28.49109383011400354, 13.28561524219484902, -23.00000000000000000 ) ) ;
#5052 = ORIENTED_EDGE ( 'NONE', *, *, #7792, .T. ) ;
#5053 = CARTESIAN_POINT ( 'NONE',  ( 12.00030687168074905, -40.24913210356064042, -23.25955459600756114 ) ) ;
#5054 = VERTEX_POINT ( 'NONE', #4463 ) ;
#5055 = AXIS2_PLACEMENT_3D ( 'NONE', #7050, #6586, #6935 ) ;
#5056 = DIRECTION ( 'NONE',  ( -0.000000000000000000, -0.000000000000000000, -1.000000000000000000 ) ) ;
#5057 = VERTEX_POINT ( 'NONE', #5650 ) ;
#5058 = VECTOR ( 'NONE', #6549, 1000.000000000000114 ) ;
#5059 = ORIENTED_EDGE ( 'NONE', *, *, #761, .T. ) ;
#5060 = AXIS2_PLACEMENT_3D ( 'NONE', #6265, #244, #2089 ) ;
#5061 = CARTESIAN_POINT ( 'NONE',  ( -16.00000000000032330, -27.71281292110185035, -2.309401076758510918 ) ) ;
#5062 = VERTEX_POINT ( 'NONE', #3700 ) ;
#5063 = ORIENTED_EDGE ( 'NONE', *, *, #6256, .T. ) ;
#5064 = CALENDAR_DATE ( 2026, 31, 8 ) ;
#5065 = CARTESIAN_POINT ( 'NONE',  ( 66.89376726804815121, -7.051275471044081478, 10.00000000000000000 ) ) ;
#5066 = ADVANCED_FACE ( 'NONE', ( #1938 ), #1819, .F. ) ;
#5067 = APPROVAL_PERSON_ORGANIZATION ( #5025, #565, #3054 ) ;
#5068 = ORIENTED_EDGE ( 'NONE', *, *, #638, .F. ) ;
#5069 = LINE ( 'NONE', #700, #2158 ) ;
#5070 = CARTESIAN_POINT ( 'NONE',  ( -91.37500000000001421, -93.75000000000000000, 30.00000000000000711 ) ) ;
#5071 = CARTESIAN_POINT ( 'NONE',  ( 21.86007217900112565, -35.86275567115362151, -26.42264973081039159 ) ) ;
#5072 = EDGE_CURVE ( 'NONE', #4067, #7406, #6187, .T. ) ;
#5073 = ORIENTED_EDGE ( 'NONE', *, *, #2402, .T. ) ;
#5074 = DIRECTION ( 'NONE',  ( -1.000000000000000000, 0.000000000000000000, 0.000000000000000000 ) ) ;
#5075 = ORIENTED_EDGE ( 'NONE', *, *, #3577, .T. ) ;
#5076 = DIRECTION ( 'NONE',  ( 1.000000000000000000, 0.000000000000000000, 0.000000000000000000 ) ) ;
#5077 = CIRCLE ( 'NONE', #4160, 10.00000000000000000 ) ;
#5078 = EDGE_CURVE ( 'NONE', #4502, #3092, #6454, .T. ) ;
#5079 = ORIENTED_EDGE ( 'NONE', *, *, #4407, .F. ) ;
#5080 = DIRECTION ( 'NONE',  ( 0.4999999999999978906, -0.8660254037844397068, 2.924120400772495666E-17 ) ) ;
#5081 = ORIENTED_EDGE ( 'NONE', *, *, #5718, .F. ) ;
#5082 = CARTESIAN_POINT ( 'NONE',  ( 36.71295340761827930, -7.643100982632926588, -4.620052199772981538 ) ) ;
#5083 = DIRECTION ( 'NONE',  ( -0.000000000000000000, -0.000000000000000000, 1.000000000000000000 ) ) ;
#5084 = ADVANCED_FACE ( 'NONE', ( #4345 ), #3117, .F. ) ;
#5085 = CARTESIAN_POINT ( 'NONE',  ( 20.69700349359338176, 36.54671656801775725, -26.66759799545868503 ) ) ;
#5086 = CARTESIAN_POINT ( 'NONE',  ( -27.54373135836418740, -31.70714214271393772, -5.596540400861466757 ) ) ;
#5087 = CARTESIAN_POINT ( 'NONE',  ( 20.12802137143221870, -36.86275567115362151, -0.5773502691896498229 ) ) ;
#5088 =( BOUNDED_CURVE ( )  B_SPLINE_CURVE ( 3, ( #443, #566, #4199, #1798 ),
 .UNSPECIFIED., .F., .F. ) 
 B_SPLINE_CURVE_WITH_KNOTS ( ( 4, 4 ),
 ( 1.597466154967176477, 1.758564401868188742 ),
 .UNSPECIFIED. ) 
 CURVE ( )  GEOMETRIC_REPRESENTATION_ITEM ( )  RATIONAL_B_SPLINE_CURVE ( ( 1.000000000000000000, 0.9978384486574995993, 0.9978384486574995993, 1.000000000000000000 ) ) 
 REPRESENTATION_ITEM ( '' )  );
#5089 = DIRECTION ( 'NONE',  ( -1.000000000000000000, 0.000000000000000000, 0.000000000000000000 ) ) ;
#5090 = DIRECTION ( 'NONE',  ( 0.000000000000000000, 0.000000000000000000, -1.000000000000000000 ) ) ;
#5091 = EDGE_LOOP ( 'NONE', ( #1307, #4788 ) ) ;
#5092 = CARTESIAN_POINT ( 'NONE',  ( 11.39016187144653713, -35.72833906777989910, -21.40367377805376492 ) ) ;
#5093 = ADVANCED_FACE ( 'NONE', ( #6848 ), #670, .F. ) ;
#5094 = ORIENTED_EDGE ( 'NONE', *, *, #2916, .T. ) ;
#5095 = PLANE ( 'NONE',  #1698 ) ;
#5096 = VERTEX_POINT ( 'NONE', #5732 ) ;
#5097 = DIRECTION ( 'NONE',  ( 0.000000000000000000, 0.000000000000000000, -1.000000000000000000 ) ) ;
#5098 = ORIENTED_EDGE ( 'NONE', *, *, #5590, .F. ) ;
#5099 = EDGE_LOOP ( 'NONE', ( #653, #4487 ) ) ;
#5100 = DIRECTION ( 'NONE',  ( -0.000000000000000000, -0.000000000000000000, 1.000000000000000000 ) ) ;
#5101 = ORIENTED_EDGE ( 'NONE', *, *, #1366, .T. ) ;
#5102 = ORIENTED_EDGE ( 'NONE', *, *, #7662, .F. ) ;
#5103 = DIRECTION ( 'NONE',  ( -1.000000000000000000, 0.000000000000000000, -0.000000000000000000 ) ) ;
#5104 = AXIS2_PLACEMENT_3D ( 'NONE', #5935, #2815, #5327 ) ;
#5105 = VERTEX_POINT ( 'NONE', #5607 ) ;
#5106 = CARTESIAN_POINT ( 'NONE',  ( 8.000000000000000000, -36.00000000000000711, -27.00000000000001066 ) ) ;
#5107 = CARTESIAN_POINT ( 'NONE',  ( 10.72357835230654466, -5.000486708505726519, -23.00000000000000000 ) ) ;
#5108 = CARTESIAN_POINT ( 'NONE',  ( 50.00000000000000000, -93.75000000000000000, 30.00000000000000711 ) ) ;
#5109 = CYLINDRICAL_SURFACE ( 'NONE', #7132, 37.50000000000000711 ) ;
#5110 = ORIENTED_EDGE ( 'NONE', *, *, #4070, .T. ) ;
#5111 = ORIENTED_EDGE ( 'NONE', *, *, #6231, .F. ) ;
#5112 = CARTESIAN_POINT ( 'NONE',  ( -17.88397459621549856, 32.97595264191649278, -26.42264973081039159 ) ) ;
#5113 = EDGE_CURVE ( 'NONE', #6800, #4741, #4200, .T. ) ;
#5114 = ORIENTED_EDGE ( 'NONE', *, *, #6839, .T. ) ;
#5115 = DIRECTION ( 'NONE',  ( 1.000000000000000000, 0.000000000000000000, 0.000000000000000000 ) ) ;
#5116 = ORIENTED_EDGE ( 'NONE', *, *, #4975, .T. ) ;
#5117 = AXIS2_PLACEMENT_3D ( 'NONE', #7610, #7495, #4501 ) ;
#5118 = DIRECTION ( 'NONE',  ( 0.000000000000000000, 0.000000000000000000, -1.000000000000000000 ) ) ;
#5119 = FACE_BOUND ( 'NONE', #6869, .T. ) ;
#5120 = EDGE_CURVE ( 'NONE', #1201, #2497, #3942, .T. ) ;
#5121 = CARTESIAN_POINT ( 'NONE',  ( 26.99398375115436011, -32.17670753321532118, -4.234528761152333232 ) ) ;
#5122 = AXIS2_PLACEMENT_3D ( 'NONE', #6443, #800, #5822 ) ;
#5123 = ADVANCED_FACE ( 'NONE', ( #8108 ), #1865, .T. ) ;
#5124 = EDGE_CURVE ( 'NONE', #981, #6353, #626, .T. ) ;
#5125 = FACE_OUTER_BOUND ( 'NONE', #5191, .T. ) ;
#5126 = CARTESIAN_POINT ( 'NONE',  ( 12.70660171779826619, -10.60660171779815997, -31.99999999999998579 ) ) ;
#5127 = CARTESIAN_POINT ( 'NONE',  ( -8.525801865714525363, -41.12637141391137874, -19.02622878011972318 ) ) ;
#5128 = DIRECTION ( 'NONE',  ( 1.000000000000000000, 0.000000000000000000, 0.000000000000000000 ) ) ;
#5129 = AXIS2_PLACEMENT_3D ( 'NONE', #2952, #3082, #473 ) ;
#5130 = CARTESIAN_POINT ( 'NONE',  ( 9.034774838944779063, -41.01756412487189607, -26.87254003757540843 ) ) ;
#5131 = EDGE_CURVE ( 'NONE', #3071, #6544, #6144, .T. ) ;
#5132 = VECTOR ( 'NONE', #1040, 1000.000000000000000 ) ;
#5133 = ORIENTED_EDGE ( 'NONE', *, *, #5370, .F. ) ;
#5134 = CARTESIAN_POINT ( 'NONE',  ( -17.87730674394205366, 32.96440358300154827, -0.5773502691896358341 ) ) ;
#5135 = ORIENTED_EDGE ( 'NONE', *, *, #3577, .F. ) ;
#5136 = CARTESIAN_POINT ( 'NONE',  ( 37.48666429545313861, -1.000000000000010436, -0.5773502691896401640 ) ) ;
#5137 = VERTEX_POINT ( 'NONE', #1522 ) ;
#5138 = EDGE_LOOP ( 'NONE', ( #2794, #247, #2976, #75 ) ) ;
#5139 = DIRECTION ( 'NONE',  ( 0.8660254037844398178, 0.4999999999999980016, -9.766269741776830186E-17 ) ) ;
#5140 = ORIENTED_EDGE ( 'NONE', *, *, #2792, .T. ) ;
#5141 = ORIENTED_EDGE ( 'NONE', *, *, #1465, .T. ) ;
#5142 = DIRECTION ( 'NONE',  ( -0.000000000000000000, -0.000000000000000000, -1.000000000000000000 ) ) ;
#5143 = CARTESIAN_POINT ( 'NONE',  ( 0.000000000000000000, 0.000000000000000000, -33.00000000000000000 ) ) ;
#5144 = EDGE_CURVE ( 'NONE', #2573, #4190, #7649, .T. ) ;
#5145 = EDGE_CURVE ( 'NONE', #8133, #4688, #4587, .T. ) ;
#5146 = ORIENTED_EDGE ( 'NONE', *, *, #333, .T. ) ;
#5147 = DIRECTION ( 'NONE',  ( -0.000000000000000000, -0.000000000000000000, 1.000000000000000000 ) ) ;
#5148 = CARTESIAN_POINT ( 'NONE',  ( -55.07164995601819868, -5.788263653445767432, 10.00000000000000000 ) ) ;
#5149 = CYLINDRICAL_SURFACE ( 'NONE', #1628, 4.000000000000000000 ) ;
#5150 = CARTESIAN_POINT ( 'NONE',  ( 30.00000000000001421, -93.75000000000000000, 30.00000000000000711 ) ) ;
#5151 = ORIENTED_EDGE ( 'NONE', *, *, #2807, .F. ) ;
#5152 = VERTEX_POINT ( 'NONE', #7766 ) ;
#5153 = PLANE ( 'NONE',  #4790 ) ;
#5154 = CARTESIAN_POINT ( 'NONE',  ( -10.80384757729374279, -30.71281292110190364, -21.22649730810378443 ) ) ;
#5155 = AXIS2_PLACEMENT_3D ( 'NONE', #3268, #973, #3554 ) ;
#5156 = VERTEX_POINT ( 'NONE', #2719 ) ;
#5157 = DIRECTION ( 'NONE',  ( -1.000000000000000000, 0.000000000000000000, 0.000000000000000000 ) ) ;
#5158 = ORIENTED_EDGE ( 'NONE', *, *, #7710, .F. ) ;
#5159 = DIRECTION ( 'NONE',  ( -0.000000000000000000, 0.000000000000000000, 1.000000000000000000 ) ) ;
#5160 = CARTESIAN_POINT ( 'NONE',  ( -36.84087403957730800, -6.999999999999985789, -22.95854811567265941 ) ) ;
#5161 = B_SPLINE_CURVE_WITH_KNOTS ( 'NONE', 3,
 ( #7822, #996, #2274, #5898, #269, #4184, #308, #1658, #7208, #5287 ),
 .UNSPECIFIED., .F., .F.,
 ( 4, 2, 2, 2, 4 ),
 ( 0.000000000000000000, 0.0003316341423924581522, 0.0006632682847849163043, 0.0009949024271773744023, 0.001326536569569832609 ),
 .UNSPECIFIED. ) ;
#5162 = CARTESIAN_POINT ( 'NONE',  ( 11.54700538379212738, -36.00000000000000711, -21.22649730810378088 ) ) ;
#5163 = DIRECTION ( 'NONE',  ( 0.000000000000000000, 0.000000000000000000, 1.000000000000000000 ) ) ;
#5164 = CARTESIAN_POINT ( 'NONE',  ( 18.15249945827007849, 32.81410079106246513, -0.4228248792468263240 ) ) ;
#5165 = VECTOR ( 'NONE', #1439, 1000.000000000000000 ) ;
#5166 = CARTESIAN_POINT ( 'NONE',  ( -11.16866571691947563, -40.48807204089719392, -20.54482677459158779 ) ) ;
#5167 = AXIS2_PLACEMENT_3D ( 'NONE', #4538, #3968, #5228 ) ;
#5168 = EDGE_CURVE ( 'NONE', #4792, #1021, #5926, .T. ) ;
#5169 = ORIENTED_EDGE ( 'NONE', *, *, #1912, .T. ) ;
#5170 = CIRCLE ( 'NONE', #7653, 2.000000000000000000 ) ;
#5171 = DIRECTION ( 'NONE',  ( -0.5000000000000039968, -0.8660254037844363761, 8.012344526598385946E-18 ) ) ;
#5172 = EDGE_CURVE ( 'NONE', #4332, #2180, #5633, .T. ) ;
#5173 = DIRECTION ( 'NONE',  ( 0.000000000000000000, 0.000000000000000000, 1.000000000000000000 ) ) ;
#5174 = EDGE_LOOP ( 'NONE', ( #1537, #7946, #3458, #1963 ) ) ;
#5175 = CARTESIAN_POINT ( 'NONE',  ( -11.39016187144678227, 35.72833906777979962, 10.00000000000000000 ) ) ;
#5176 = ORIENTED_EDGE ( 'NONE', *, *, #5272, .F. ) ;
#5177 = ORIENTED_EDGE ( 'NONE', *, *, #8076, .F. ) ;
#5178 = AXIS2_PLACEMENT_3D ( 'NONE', #6176, #4795, #7283 ) ;
#5179 = DIRECTION ( 'NONE',  ( -1.000000000000000000, 0.000000000000000000, 0.000000000000000000 ) ) ;
#5180 = EDGE_LOOP ( 'NONE', ( #7493, #1100, #1966, #636 ) ) ;
#5181 = EDGE_LOOP ( 'NONE', ( #4662, #1896, #7848, #4617 ) ) ;
#5182 = AXIS2_PLACEMENT_3D ( 'NONE', #6588, #2265, #5972 ) ;
#5183 = CARTESIAN_POINT ( 'NONE',  ( -27.54373135836374331, 31.70714214271432141, -5.596279247946067237 ) ) ;
#5184 = ORIENTED_EDGE ( 'NONE', *, *, #6593, .T. ) ;
#5185 = CARTESIAN_POINT ( 'NONE',  ( -25.10825474767974441, -27.85378760718716507, -4.920889453260007151 ) ) ;
#5186 = CARTESIAN_POINT ( 'NONE',  ( -14.64410141435752344, 39.36432768085862222, -22.95854811567267717 ) ) ;
#5187 = CARTESIAN_POINT ( 'NONE',  ( 27.18528438204259601, 32.01524604783057981, -22.51972680699212859 ) ) ;
#5188 = DIRECTION ( 'NONE',  ( 1.000000000000000000, 0.000000000000000000, 0.000000000000000000 ) ) ;
#5189 = DIRECTION ( 'NONE',  ( 0.5000000000000039968, 0.8660254037844363761, -6.542130191935705542E-17 ) ) ;
#5190 = AXIS2_PLACEMENT_3D ( 'NONE', #4656, #7796, #3306 ) ;
#5191 = EDGE_LOOP ( 'NONE', ( #2059, #4012, #7553, #6912 ) ) ;
#5192 = ORIENTED_EDGE ( 'NONE', *, *, #188, .F. ) ;
#5193 = EDGE_CURVE ( 'NONE', #6583, #4968, #4465, .T. ) ;
#5194 = CARTESIAN_POINT ( 'NONE',  ( 25.24656833199762218, -27.72833906778000923, -5.773502691896312378 ) ) ;
#5195 = CYLINDRICAL_SURFACE ( 'NONE', #7772, 2.000000000000001332 ) ;
#5196 = LOCAL_TIME ( 15, 33, 8.000000000000000000, #1058 ) ;
#5197 = ORIENTED_EDGE ( 'NONE', *, *, #487, .F. ) ;
#5198 = CARTESIAN_POINT ( 'NONE',  ( -21.86007217900185040, -35.86275567115318808, -26.42264973081040580 ) ) ;
#5199 = ORIENTED_EDGE ( 'NONE', *, *, #1082, .T. ) ;
#5200 = DIRECTION ( 'NONE',  ( -0.000000000000000000, -0.000000000000000000, 1.000000000000000000 ) ) ;
#5201 = DIRECTION ( 'NONE',  ( 0.000000000000000000, -0.000000000000000000, -1.000000000000000000 ) ) ;
#5202 = LINE ( 'NONE', #304, #3785 ) ;
#5203 = B_SPLINE_CURVE_WITH_KNOTS ( 'NONE', 3,
 ( #7439, #1193, #3732, #1809, #4952, #3816, #45, #1973, #5761, #6916 ),
 .UNSPECIFIED., .F., .F.,
 ( 4, 2, 2, 2, 4 ),
 ( 1.674171057598554405E-17, 0.0005215650838677031312, 0.001043130167735389566, 0.001564695251603075892, 0.002086260335470762652 ),
 .UNSPECIFIED. ) ;
#5204 = CARTESIAN_POINT ( 'NONE',  ( 11.39016187144701320, 35.72833906777971436, -5.773502691896312378 ) ) ;
#5205 = AXIS2_PLACEMENT_3D ( 'NONE', #7061, #5142, #3920 ) ;
#5206 = CARTESIAN_POINT ( 'NONE',  ( -36.84087403957729379, -7.000000000000004441, -4.041451884327440069 ) ) ;
#5207 = CARTESIAN_POINT ( 'NONE',  ( 19.60935755151071547, -31.96440358300167617, -26.42264973081038448 ) ) ;
#5208 = DIRECTION ( 'NONE',  ( -1.000000000000000000, 0.000000000000000000, 0.000000000000000000 ) ) ;
#5209 = DIRECTION ( 'NONE',  ( -1.000000000000000000, 0.000000000000000000, 0.000000000000000000 ) ) ;
#5210 = VERTEX_POINT ( 'NONE', #219 ) ;
#5211 = EDGE_CURVE ( 'NONE', #4253, #5826, #3405, .T. ) ;
#5212 = CARTESIAN_POINT ( 'NONE',  ( 19.05181886497515009, 32.30025766529855247, -26.66759769568678351 ) ) ;
#5213 = ORIENTED_EDGE ( 'NONE', *, *, #6225, .T. ) ;
#5214 = ADVANCED_FACE ( 'NONE', ( #1400 ), #7079, .F. ) ;
#5215 = DIRECTION ( 'NONE',  ( -1.000000000000000000, 0.000000000000000000, 0.000000000000000000 ) ) ;
#5216 = ORIENTED_EDGE ( 'NONE', *, *, #8098, .F. ) ;
#5217 = EDGE_LOOP ( 'NONE', ( #1901, #318, #1523, #5604 ) ) ;
#5218 = DIRECTION ( 'NONE',  ( 0.5000000000000039968, 0.8660254037844363761, 4.378026466882519853E-17 ) ) ;
#5219 = EDGE_LOOP ( 'NONE', ( #5912, #3860, #780, #1545 ) ) ;
#5220 = EDGE_CURVE ( 'NONE', #6876, #3041, #4479, .T. ) ;
#5221 = ORIENTED_EDGE ( 'NONE', *, *, #4722, .F. ) ;
#5222 = EDGE_CURVE ( 'NONE', #5826, #7406, #822, .T. ) ;
#5223 = CARTESIAN_POINT ( 'NONE',  ( 29.33633035359540742, -11.47299966812155603, -23.00000000000000000 ) ) ;
#5224 = EDGE_LOOP ( 'NONE', ( #5002, #7057, #622, #5298 ) ) ;
#5225 = CARTESIAN_POINT ( 'NONE',  ( 24.48261484627944995, -28.40513281589681327, -22.95854811567265585 ) ) ;
#5226 = CARTESIAN_POINT ( 'NONE',  ( -12.70660171779818981, 10.60660171779823102, -33.00000000000000000 ) ) ;
#5227 = DIRECTION ( 'NONE',  ( 0.000000000000000000, 0.000000000000000000, -1.000000000000000000 ) ) ;
#5228 = DIRECTION ( 'NONE',  ( -1.000000000000000000, 0.000000000000000000, 0.000000000000000000 ) ) ;
#5229 = VERTEX_POINT ( 'NONE', #7159 ) ;
#5230 = ADVANCED_FACE ( 'NONE', ( #750 ), #866, .F. ) ;
#5231 = VERTEX_POINT ( 'NONE', #4546 ) ;
#5232 = FACE_OUTER_BOUND ( 'NONE', #6921, .T. ) ;
#5233 = FACE_OUTER_BOUND ( 'NONE', #5555, .T. ) ;
#5234 = ORIENTED_EDGE ( 'NONE', *, *, #7645, .F. ) ;
#5235 = CARTESIAN_POINT ( 'NONE',  ( -20.84996325579474785, -36.45969373109678457, -26.69065380102020413 ) ) ;
#5236 = ORIENTED_EDGE ( 'NONE', *, *, #6669, .T. ) ;
#5237 = EDGE_CURVE ( 'NONE', #4445, #7648, #2809, .T. ) ;
#5238 = DIRECTION ( 'NONE',  ( -0.000000000000000000, -0.000000000000000000, 1.000000000000000000 ) ) ;
#5239 = CARTESIAN_POINT ( 'NONE',  ( -26.76845706733966423, 32.36432768085865774, -4.041451884327435629 ) ) ;
#5240 = DIRECTION ( 'NONE',  ( -0.000000000000000000, -0.000000000000000000, -1.000000000000000000 ) ) ;
#5241 = DIRECTION ( 'NONE',  ( 0.000000000000000000, 0.000000000000000000, 1.000000000000000000 ) ) ;
#5242 = VECTOR ( 'NONE', #8068, 1000.000000000000000 ) ;
#5243 = FACE_OUTER_BOUND ( 'NONE', #8105, .T. ) ;
#5244 = EDGE_CURVE ( 'NONE', #3432, #1507, #927, .T. ) ;
#5245 = ADVANCED_FACE ( 'NONE', ( #3766 ), #1557, .F. ) ;
#5246 = DIRECTION ( 'NONE',  ( 0.000000000000000000, 0.000000000000000000, -1.000000000000000000 ) ) ;
#5247 = DIRECTION ( 'NONE',  ( 1.000000000000000000, 0.000000000000000000, 0.000000000000000000 ) ) ;
#5248 = CARTESIAN_POINT ( 'NONE',  ( -65.21584392948872733, -2.340354858625925072, 10.17343839905304925 ) ) ;
#5249 = ORIENTED_EDGE ( 'NONE', *, *, #3422, .F. ) ;
#5250 = AXIS2_PLACEMENT_3D ( 'NONE', #2944, #4263, #7249 ) ;
#5251 = FACE_BOUND ( 'NONE', #4248, .T. ) ;
#5252 = DIRECTION ( 'NONE',  ( -1.000000000000000000, 0.000000000000000000, 0.000000000000000000 ) ) ;
#5253 = AXIS2_PLACEMENT_3D ( 'NONE', #6980, #7510, #1339 ) ;
#5254 = VERTEX_POINT ( 'NONE', #5967 ) ;
#5255 = CARTESIAN_POINT ( 'NONE',  ( -20.02304161032181185, 50.58757971695931843, 12.50000000000000000 ) ) ;
#5257 = AXIS2_PLACEMENT_3D ( 'NONE', #1836, #69, #6938 ) ;
#5256 = VECTOR ( 'NONE', #5171, 999.9999999999998863 ) ;
#5258 = EDGE_LOOP ( 'NONE', ( #1770, #4372, #4202, #4464, #2122, #5919, #1297, #2043, #7669, #783, #1150, #2801, #665, #2317, #6864, #4071, #2795, #2979, #7509, #5116 ) ) ;
#5259 = EDGE_LOOP ( 'NONE', ( #1062, #1144, #8062, #2165 ) ) ;
#5260 = B_SPLINE_CURVE_WITH_KNOTS ( 'NONE', 3,
 ( #1960, #153, #1924, #3296, #2615, #5136 ),
 .UNSPECIFIED., .F., .F.,
 ( 4, 2, 4 ),
 ( 0.001042522117511598045, 0.001564419241671666672, 0.002086316365831735083 ),
 .UNSPECIFIED. ) ;
#5261 = DIRECTION ( 'NONE',  ( -0.8660254037844432595, -0.4999999999999920619, 0.000000000000000000 ) ) ;
#5262 = ORIENTED_EDGE ( 'NONE', *, *, #7165, .F. ) ;
#5263 = AXIS2_PLACEMENT_3D ( 'NONE', #4398, #6899, #7540 ) ;
#5264 = ORIENTED_EDGE ( 'NONE', *, *, #7413, .F. ) ;
#5265 = PLANE ( 'NONE',  #7299 ) ;
#5266 = CARTESIAN_POINT ( 'NONE',  ( 0.000000000000000000, 0.000000000000000000, -19.00000000000001066 ) ) ;
#5267 = DIRECTION ( 'NONE',  ( 0.000000000000000000, 0.000000000000000000, -1.000000000000000000 ) ) ;
#5268 = DIRECTION ( 'NONE',  ( -0.8660254037844323793, 0.5000000000000108802, 0.000000000000000000 ) ) ;
#5269 = LINE ( 'NONE', #7838, #6361 ) ;
#5270 = ORIENTED_EDGE ( 'NONE', *, *, #4450, .T. ) ;
#5271 = ADVANCED_FACE ( 'NONE', ( #2846 ), #1420, .F. ) ;
#5272 = EDGE_CURVE ( 'NONE', #8109, #4599, #3675, .T. ) ;
#5273 = ORIENTED_EDGE ( 'NONE', *, *, #6833, .F. ) ;
#5274 = DIRECTION ( 'NONE',  ( -0.8944271909999169656, 0.000000000000000000, -0.4472135954999556517 ) ) ;
#5275 = CYLINDRICAL_SURFACE ( 'NONE', #7952, 2.000000000000001776 ) ;
#5276 = EDGE_LOOP ( 'NONE', ( #6726, #4302, #1891, #2782 ) ) ;
#5277 = EDGE_CURVE ( 'NONE', #7137, #198, #4131, .T. ) ;
#5278 = CARTESIAN_POINT ( 'NONE',  ( -21.86602540378435577, 35.87306695894648101, -26.42264973081039159 ) ) ;
#5279 = VERTEX_POINT ( 'NONE', #2419 ) ;
#5280 = DIRECTION ( 'NONE',  ( 1.000000000000000000, 0.000000000000000000, 0.000000000000000000 ) ) ;
#5281 = CARTESIAN_POINT ( 'NONE',  ( -24.38054292821377445, -28.22833906777948343, -4.041451884327430299 ) ) ;
#5282 = DIRECTION ( 'NONE',  ( -0.000000000000000000, -0.000000000000000000, 1.000000000000000000 ) ) ;
#5283 = FACE_OUTER_BOUND ( 'NONE', #6945, .T. ) ;
#5284 = CARTESIAN_POINT ( 'NONE',  ( -21.72965156016368482, 35.94225330283477859, -26.51080902975480669 ) ) ;
#5285 = CARTESIAN_POINT ( 'NONE',  ( -12.20144409149434850, -31.19895450303003415, -23.00000000000000000 ) ) ;
#5286 = CARTESIAN_POINT ( 'NONE',  ( -30.00000000000000000, -93.75000000000000000, 6.123233995736766085E-15 ) ) ;
#5287 = CARTESIAN_POINT ( 'NONE',  ( -11.58534352633563813, -36.06640361075160683, -21.22649730810378799 ) ) ;
#5288 = CARTESIAN_POINT ( 'NONE',  ( -14.64410141435747548, 39.36432768085863643, -4.041451884327441846 ) ) ;
#5289 = ORIENTED_EDGE ( 'NONE', *, *, #5993, .F. ) ;
#5290 = EDGE_CURVE ( 'NONE', #5254, #34, #5873, .T. ) ;
#5291 = VECTOR ( 'NONE', #7722, 1000.000000000000000 ) ;
#5292 = DIRECTION ( 'NONE',  ( -1.000000000000000000, 0.000000000000000000, 0.000000000000000000 ) ) ;
#5293 = CARTESIAN_POINT ( 'NONE',  ( 24.38054292821315983, -28.22833906778000923, -22.95854811567266296 ) ) ;
#5294 = ORIENTED_EDGE ( 'NONE', *, *, #3919, .T. ) ;
#5295 = LINE ( 'NONE', #6604, #4594 ) ;
#5296 = CARTESIAN_POINT ( 'NONE',  ( -13.70660171779824132, -10.60660171779822569, -33.00000000000000000 ) ) ;
#5297 = ORIENTED_EDGE ( 'NONE', *, *, #4197, .F. ) ;
#5298 = ORIENTED_EDGE ( 'NONE', *, *, #7863, .F. ) ;
#5299 =( BOUNDED_CURVE ( )  B_SPLINE_CURVE ( 3, ( #5618, #6286, #8118, #1916 ),
 .UNSPECIFIED., .F., .F. ) 
 B_SPLINE_CURVE_WITH_KNOTS ( ( 4, 4 ),
 ( 4.739058808556969815, 4.900157055457982302 ),
 .UNSPECIFIED. ) 
 CURVE ( )  GEOMETRIC_REPRESENTATION_ITEM ( )  RATIONAL_B_SPLINE_CURVE ( ( 1.000000000000000000, 0.9978384486574995993, 0.9978384486574995993, 1.000000000000000000 ) ) 
 REPRESENTATION_ITEM ( '' )  );
#5300 = CIRCLE ( 'NONE', #7910, 1.375000000000001332 ) ;
#5301 = CARTESIAN_POINT ( 'NONE',  ( 24.89320326433572106, -28.04628689445141632, -22.52032415497788875 ) ) ;
#5302 = VECTOR ( 'NONE', #5938, 1000.000000000000000 ) ;
#5303 = ORIENTED_EDGE ( 'NONE', *, *, #1135, .F. ) ;
#5304 = DIRECTION ( 'NONE',  ( -0.9063077870366499367, -0.4226182617406995523, 0.000000000000000000 ) ) ;
#5305 = CARTESIAN_POINT ( 'NONE',  ( -24.59947560434325808, -28.30440957869654639, -4.128958557414491359 ) ) ;
#5306 = FACE_OUTER_BOUND ( 'NONE', #3149, .T. ) ;
#5307 = FACE_OUTER_BOUND ( 'NONE', #2513, .T. ) ;
#5308 = ORIENTED_EDGE ( 'NONE', *, *, #2392, .T. ) ;
#5309 = ORIENTED_EDGE ( 'NONE', *, *, #948, .F. ) ;
#5310 = CARTESIAN_POINT ( 'NONE',  ( 16.10522064941872600, -33.92544407653570460, -1.740821810273200931 ) ) ;
#5311 = CIRCLE ( 'NONE', #2813, 2.499999999999998668 ) ;
#5312 = CARTESIAN_POINT ( 'NONE',  ( -27.54373135836372555, 31.70714214271432851, -21.22649730810378443 ) ) ;
#5313 = ORIENTED_EDGE ( 'NONE', *, *, #5974, .T. ) ;
#5314 = DIRECTION ( 'NONE',  ( 0.000000000000000000, 0.000000000000000000, 1.000000000000000000 ) ) ;
#5315 = VERTEX_POINT ( 'NONE', #8092 ) ;
#5316 = EDGE_CURVE ( 'NONE', #88, #3850, #1845, .T. ) ;
#5317 = CARTESIAN_POINT ( 'NONE',  ( 8.000000000000000000, -36.00000000000000711, -23.00000000000000711 ) ) ;
#5318 = AXIS2_PLACEMENT_3D ( 'NONE', #330, #2841, #7841 ) ;
#5319 = CARTESIAN_POINT ( 'NONE',  ( 12.35825919329774436, 35.40513281589652195, -4.041451884327436517 ) ) ;
#5320 = CARTESIAN_POINT ( 'NONE',  ( -20.69523439827126055, -36.54771455168752681, -0.3328351630902655622 ) ) ;
#5321 = VECTOR ( 'NONE', #3342, 1000.000000000000000 ) ;
#5322 = CARTESIAN_POINT ( 'NONE',  ( 11.56793450630005715, 35.67128850371911142, -4.920959955220058468 ) ) ;
#5323 = ADVANCED_FACE ( 'NONE', ( #7388 ), #7431, .F. ) ;
#5324 = CARTESIAN_POINT ( 'NONE',  ( -26.76845706734012609, -32.36432768085828116, -4.041451884327439181 ) ) ;
#5325 = EDGE_CURVE ( 'NONE', #2546, #7661, #6823, .T. ) ;
#5326 = CARTESIAN_POINT ( 'NONE',  ( 0.000000000000000000, 0.000000000000000000, -33.00000000000000000 ) ) ;
#5327 = DIRECTION ( 'NONE',  ( -1.000000000000000000, 0.000000000000000000, 0.000000000000000000 ) ) ;
#5328 = VECTOR ( 'NONE', #6902, 1000.000000000000000 ) ;
#5329 = CARTESIAN_POINT ( 'NONE',  ( -37.48666429545313150, -0.9999999999999931166, -0.5773502691896312822 ) ) ;
#5330 = CARTESIAN_POINT ( 'NONE',  ( -66.05196370077131007, -4.687836280731391803, 10.00000000000000000 ) ) ;
#5331 = VERTEX_POINT ( 'NONE', #6207 ) ;
#5332 = FACE_OUTER_BOUND ( 'NONE', #5792, .T. ) ;
#5333 = AXIS2_PLACEMENT_3D ( 'NONE', #7235, #7279, #2179 ) ;
#5334 = CARTESIAN_POINT ( 'NONE',  ( -14.01310987903381644, -54.16492339063440653, 10.00000000000000000 ) ) ;
#5335 = ORIENTED_EDGE ( 'NONE', *, *, #6287, .T. ) ;
#5336 = DIRECTION ( 'NONE',  ( 1.000000000000000000, 0.000000000000000000, 0.000000000000000000 ) ) ;
#5337 = DIRECTION ( 'NONE',  ( 0.000000000000000000, -0.000000000000000000, -1.000000000000000000 ) ) ;
#5338 = ORIENTED_EDGE ( 'NONE', *, *, #5120, .F. ) ;
#5339 = EDGE_CURVE ( 'NONE', #3730, #6539, #1224, .T. ) ;
#5340 = DIRECTION ( 'NONE',  ( -0.8660254037844398178, -0.4999999999999980016, -8.789642767599148647E-16 ) ) ;
#5341 = CARTESIAN_POINT ( 'NONE',  ( 41.36283800948370271, -7.289121911236752460, -22.76547123884775914 ) ) ;
#5342 = CARTESIAN_POINT ( 'NONE',  ( 90.00000000000004263, -93.75000000000000000, 30.00000000000000711 ) ) ;
#5343 =( BOUNDED_CURVE ( )  B_SPLINE_CURVE ( 3, ( #6019, #383, #7292, #467 ),
 .UNSPECIFIED., .F., .F. ) 
 B_SPLINE_CURVE_WITH_KNOTS ( ( 4, 4 ),
 ( 1.403348247575207930, 1.546984552834227866 ),
 .UNSPECIFIED. ) 
 CURVE ( )  GEOMETRIC_REPRESENTATION_ITEM ( )  RATIONAL_B_SPLINE_CURVE ( ( 1.000000000000000000, 0.9982814565068700574, 0.9982814565068700574, 1.000000000000000000 ) ) 
 REPRESENTATION_ITEM ( '' )  );
#5344 = EDGE_LOOP ( 'NONE', ( #400, #6072, #933, #5602 ) ) ;
#5345 = DIRECTION ( 'NONE',  ( 0.8660254037844328234, -0.5000000000000101030, -8.789642767599149633E-16 ) ) ;
#5346 = EDGE_CURVE ( 'NONE', #766, #395, #4201, .T. ) ;
#5347 = CARTESIAN_POINT ( 'NONE',  ( 19.60935755151115245, 31.96440358300140616, -0.5773502691896369443 ) ) ;
#5348 = EDGE_LOOP ( 'NONE', ( #3538, #7358 ) ) ;
#5349 = EDGE_LOOP ( 'NONE', ( #808, #3973, #2195, #5338 ) ) ;
#5350 = CALENDAR_DATE ( 2026, 31, 8 ) ;
#5351 = FACE_OUTER_BOUND ( 'NONE', #7626, .T. ) ;
#5352 = ORIENTED_EDGE ( 'NONE', *, *, #2103, .F. ) ;
#5353 = CARTESIAN_POINT ( 'NONE',  ( 11.41280283136496720, 35.72114331883429372, -21.57687334188219452 ) ) ;
#5354 = ORIENTED_EDGE ( 'NONE', *, *, #4593, .F. ) ;
#5355 = CARTESIAN_POINT ( 'NONE',  ( 20.12802137143226133, -36.86275567115359308, -26.42264973081040225 ) ) ;
#5356 = DIRECTION ( 'NONE',  ( -0.4999999999999918954, 0.8660254037844432595, -8.012344526598368998E-18 ) ) ;
#5357 = DIRECTION ( 'NONE',  ( 0.4999999999999919509, -0.8660254037844432595, 0.000000000000000000 ) ) ;
#5358 = LINE ( 'NONE', #1652, #1352 ) ;
#5359 = ADVANCED_FACE ( 'NONE', ( #7196, #5791, #5712 ), #6337, .F. ) ;
#5360 = CARTESIAN_POINT ( 'NONE',  ( 32.00000000000000000, 5.999999999999995559, -5.773502691896309713 ) ) ;
#5361 = CARTESIAN_POINT ( 'NONE',  ( 19.60935755151070126, -31.96440358300168327, -0.5773502691896312822 ) ) ;
#5362 = VECTOR ( 'NONE', #4422, 1000.000000000000000 ) ;
#5363 = LINE ( 'NONE', #7858, #6393 ) ;
#5364 = CARTESIAN_POINT ( 'NONE',  ( 20.12802137143274095, 36.86275567115334439, -0.5773502691896391648 ) ) ;
#5365 = EDGE_CURVE ( 'NONE', #734, #1273, #3881, .T. ) ;
#5366 = DIRECTION ( 'NONE',  ( -1.000000000000000000, 0.000000000000000000, 0.000000000000000000 ) ) ;
#5367 = CYLINDRICAL_SURFACE ( 'NONE', #4252, 2.500000000000002220 ) ;
#5368 = ORIENTED_EDGE ( 'NONE', *, *, #2792, .F. ) ;
#5369 = EDGE_CURVE ( 'NONE', #3761, #88, #5260, .T. ) ;
#5370 = EDGE_CURVE ( 'NONE', #2058, #6965, #251, .T. ) ;
#5371 = VECTOR ( 'NONE', #257, 1000.000000000000000 ) ;
#5372 = DIRECTION ( 'NONE',  ( 0.000000000000000000, 0.000000000000000000, -1.000000000000000000 ) ) ;
#5373 = DIRECTION ( 'NONE',  ( 0.000000000000000000, 0.000000000000000000, -1.000000000000000000 ) ) ;
#5374 = CARTESIAN_POINT ( 'NONE',  ( -14.64410141435807589, -39.36432768085842326, -22.95854811567266296 ) ) ;
#5375 = EDGE_LOOP ( 'NONE', ( #4276, #3303, #2614, #859 ) ) ;
#5376 = LINE ( 'NONE', #1004, #1821 ) ;
#5377 = EDGE_CURVE ( 'NONE', #5254, #7160, #7589, .T. ) ;
#5378 = CARTESIAN_POINT ( 'NONE',  ( -9.999999999999994671, -93.75000000000000000, 30.00000000000000711 ) ) ;
#5379 = VERTEX_POINT ( 'NONE', #4485 ) ;
#5380 = ORIENTED_EDGE ( 'NONE', *, *, #561, .T. ) ;
#5381 = CIRCLE ( 'NONE', #4073, 2.000000000000000000 ) ;
#5382 = DIRECTION ( 'NONE',  ( -0.4226182617407007736, -0.9063077870366492705, 0.000000000000000000 ) ) ;
#5383 = ORIENTED_EDGE ( 'NONE', *, *, #3885, .T. ) ;
#5385 = VECTOR ( 'NONE', #3371, 1000.000000000000000 ) ;
#5384 = AXIS2_PLACEMENT_3D ( 'NONE', #106, #3219, #3293 ) ;
#5386 = VECTOR ( 'NONE', #226, 1000.000000000000000 ) ;
#5387 = DIRECTION ( 'NONE',  ( 0.000000000000000000, 0.000000000000000000, -1.000000000000000000 ) ) ;
#5388 = VERTEX_POINT ( 'NONE', #5672 ) ;
#5389 = CARTESIAN_POINT ( 'NONE',  ( 36.71292883274870178, 7.643218483017450104, -4.620230038046152288 ) ) ;
#5390 = VECTOR ( 'NONE', #879, 1000.000000000000000 ) ;
#5391 = CARTESIAN_POINT ( 'NONE',  ( 41.99999999999997868, 0.1737749980794791593, -26.69059892324150596 ) ) ;
#5392 = VERTEX_POINT ( 'NONE', #805 ) ;
#5393 = CIRCLE ( 'NONE', #5785, 2.099999999999999645 ) ;
#5394 = ORIENTED_EDGE ( 'NONE', *, *, #3281, .F. ) ;
#5395 = EDGE_CURVE ( 'NONE', #4913, #2535, #6374, .T. ) ;
#5396 = EDGE_CURVE ( 'NONE', #6812, #3388, #729, .T. ) ;
#5397 = CIRCLE ( 'NONE', #4886, 42.00000000000000000 ) ;
#5398 = CARTESIAN_POINT ( 'NONE',  ( -99.10955656197202757, -97.50000000000000000, 110.0000000000000000 ) ) ;
#5399 = ORIENTED_EDGE ( 'NONE', *, *, #2310, .F. ) ;
#5400 = DIRECTION ( 'NONE',  ( 0.000000000000000000, 0.000000000000000000, -1.000000000000000000 ) ) ;
#5401 = ORIENTED_EDGE ( 'NONE', *, *, #3143, .F. ) ;
#5402 = CARTESIAN_POINT ( 'NONE',  ( -42.00000000000000000, 5.143506651938712888E-15, -26.69059892324151306 ) ) ;
#5403 = FACE_BOUND ( 'NONE', #3755, .T. ) ;
#5404 = DIRECTION ( 'NONE',  ( 1.000000000000000000, 0.000000000000000000, 0.000000000000000000 ) ) ;
#5405 = DIRECTION ( 'NONE',  ( -0.9063077870366500477, -0.4226182617406993858, 0.000000000000000000 ) ) ;
#5406 = CARTESIAN_POINT ( 'NONE',  ( 0.000000000000000000, 0.000000000000000000, -27.00000000000000000 ) ) ;
#5407 = DIRECTION ( 'NONE',  ( 0.000000000000000000, -0.5000000000000042188, 0.8660254037844362651 ) ) ;
#5408 = FACE_OUTER_BOUND ( 'NONE', #3995, .T. ) ;
#5409 = DIRECTION ( 'NONE',  ( 1.000000000000000000, 0.000000000000000000, 0.000000000000000000 ) ) ;
#5410 = DIRECTION ( 'NONE',  ( 0.8660254037844362651, -0.5000000000000041078, 0.000000000000000000 ) ) ;
#5411 = EDGE_LOOP ( 'NONE', ( #7803, #5437, #2693, #6004 ) ) ;
#5412 = LINE ( 'NONE', #5455, #1700 ) ;
#5413 = DIRECTION ( 'NONE',  ( 1.000000000000000000, 0.000000000000000000, 0.000000000000000000 ) ) ;
#5414 = VERTEX_POINT ( 'NONE', #74 ) ;
#5415 = CARTESIAN_POINT ( 'NONE',  ( -10.50000000000000533, -36.00000000000000711, -19.87750100080081594 ) ) ;
#5416 = CARTESIAN_POINT ( 'NONE',  ( -8.899209437661111721, -36.43142361005457275, -19.07616338983283910 ) ) ;
#5417 = ADVANCED_FACE ( 'NONE', ( #7554 ), #7019, .F. ) ;
#5418 = VERTEX_POINT ( 'NONE', #5750 ) ;
#5419 = EDGE_CURVE ( 'NONE', #3859, #2785, #3290, .T. ) ;
#5420 = CARTESIAN_POINT ( 'NONE',  ( 0.000000000000000000, 0.000000000000000000, -33.00000000000000000 ) ) ;
#5421 = CARTESIAN_POINT ( 'NONE',  ( 41.29870884424558142, -7.643592488778938154, -22.37924764878187034 ) ) ;
#5422 = VERTEX_POINT ( 'NONE', #2000 ) ;
#5423 = VECTOR ( 'NONE', #1871, 1000.000000000000000 ) ;
#5424 = EDGE_CURVE ( 'NONE', #4448, #7395, #6411, .T. ) ;
#5425 = CARTESIAN_POINT ( 'NONE',  ( 36.81211925894253767, -7.151335893057299664, -22.87117429707797811 ) ) ;
#5426 = ADVANCED_FACE ( 'NONE', ( #2045 ), #6982, .F. ) ;
#5427 = AXIS2_PLACEMENT_3D ( 'NONE', #1449, #6551, #2684 ) ;
#5428 = ORIENTED_EDGE ( 'NONE', *, *, #1295, .T. ) ;
#5429 = DIRECTION ( 'NONE',  ( -1.000000000000000000, 0.000000000000000000, 0.000000000000000000 ) ) ;
#5430 = VECTOR ( 'NONE', #1531, 1000.000000000000000 ) ;
#5431 = DIRECTION ( 'NONE',  ( 0.000000000000000000, 0.000000000000000000, 1.000000000000000000 ) ) ;
#5432 = EDGE_LOOP ( 'NONE', ( #5683, #743, #3811, #76 ) ) ;
#5433 =( BOUNDED_CURVE ( )  B_SPLINE_CURVE ( 3, ( #6463, #7681, #818, #2839 ),
 .UNSPECIFIED., .F., .F. ) 
 B_SPLINE_CURVE_WITH_KNOTS ( ( 4, 4 ),
 ( 4.736200754345357922, 4.879837059604378524 ),
 .UNSPECIFIED. ) 
 CURVE ( )  GEOMETRIC_REPRESENTATION_ITEM ( )  RATIONAL_B_SPLINE_CURVE ( ( 1.000000000000000000, 0.9982814565068700574, 0.9982814565068700574, 1.000000000000000000 ) ) 
 REPRESENTATION_ITEM ( '' )  );
#5434 = AXIS2_PLACEMENT_3D ( 'NONE', #5038, #8064, #4384 ) ;
#5435 = CARTESIAN_POINT ( 'NONE',  ( 24.48261484627946061, -28.40513281589679551, -4.041451884327440069 ) ) ;
#5436 = ORIENTED_EDGE ( 'NONE', *, *, #241, .T. ) ;
#5437 = ORIENTED_EDGE ( 'NONE', *, *, #6381, .T. ) ;
#5438 = CARTESIAN_POINT ( 'NONE',  ( 12.25618727523096219, -35.22833906777987778, -4.041451884327432076 ) ) ;
#5439 = DIRECTION ( 'NONE',  ( -0.8660254037844432595, -0.4999999999999920619, 0.000000000000000000 ) ) ;
#5440 = DIRECTION ( 'NONE',  ( 1.000000000000000000, 0.000000000000000000, 0.000000000000000000 ) ) ;
#5441 = EDGE_CURVE ( 'NONE', #4792, #231, #4567, .T. ) ;
#5442 = CIRCLE ( 'NONE', #956, 2.000000000000000000 ) ;
#5443 = FACE_OUTER_BOUND ( 'NONE', #6625, .T. ) ;
#5444 = CARTESIAN_POINT ( 'NONE',  ( 21.32768608023871337, 30.91025225421828537, -1.740821810273197601 ) ) ;
#5445 = AXIS2_PLACEMENT_3D ( 'NONE', #3759, #4937, #3213 ) ;
#5446 = EDGE_LOOP ( 'NONE', ( #7464, #2262, #7566, #6714, #285, #1264, #6730, #6585, #1630, #7674, #6464, #6487 ) ) ;
#5447 = LINE ( 'NONE', #7291, #117 ) ;
#5448 = CARTESIAN_POINT ( 'NONE',  ( 0.000000000000000000, 0.000000000000000000, -23.00000000000000000 ) ) ;
#5449 = VECTOR ( 'NONE', #7793, 1000.000000000000114 ) ;
#5450 = DIRECTION ( 'NONE',  ( 1.000000000000000000, 0.000000000000000000, 0.000000000000000000 ) ) ;
#5451 = LINE ( 'NONE', #2315, #1607 ) ;
#5452 = DIRECTION ( 'NONE',  ( 0.000000000000000000, -0.000000000000000000, -1.000000000000000000 ) ) ;
#5453 = ORIENTED_EDGE ( 'NONE', *, *, #2174, .F. ) ;
#5454 = CARTESIAN_POINT ( 'NONE',  ( -93.33478031851618084, -81.28679656440361612, 10.00000000000001066 ) ) ;
#5455 = CARTESIAN_POINT ( 'NONE',  ( 95.54778280986009520, -87.50000000000001421, 110.0000000000000000 ) ) ;
#5456 = CARTESIAN_POINT ( 'NONE',  ( -20.02304161032181185, 50.58757971695931843, 0.000000000000000000 ) ) ;
#5457 = AXIS2_PLACEMENT_3D ( 'NONE', #5807, #4625, #1397 ) ;
#5458 = ORIENTED_EDGE ( 'NONE', *, *, #6166, .F. ) ;
#5459 = DIRECTION ( 'NONE',  ( 0.000000000000000000, 0.000000000000000000, -1.000000000000000000 ) ) ;
#5460 = CARTESIAN_POINT ( 'NONE',  ( 6.813102282579008850, -9.878341828825156767, -27.00000000000000000 ) ) ;
#5461 = VERTEX_POINT ( 'NONE', #5832 ) ;
#5462 = DIRECTION ( 'NONE',  ( 0.000000000000000000, 0.000000000000000000, -1.000000000000000000 ) ) ;
#5463 = DIRECTION ( 'NONE',  ( -1.000000000000000000, 0.000000000000000000, 0.000000000000000000 ) ) ;
#5464 = VERTEX_POINT ( 'NONE', #2498 ) ;
#5465 = ADVANCED_FACE ( 'NONE', ( #3849 ), #6678, .F. ) ;
#5466 = AXIS2_PLACEMENT_3D ( 'NONE', #3478, #2259, #6543 ) ;
#5467 = DIRECTION ( 'NONE',  ( 0.8660254037844397068, 0.4999999999999983902, 0.000000000000000000 ) ) ;
#5468 = EDGE_CURVE ( 'NONE', #6662, #5794, #250, .T. ) ;
#5469 = DIRECTION ( 'NONE',  ( 0.000000000000000000, 0.000000000000000000, -1.000000000000000000 ) ) ;
#5470 = ORIENTED_EDGE ( 'NONE', *, *, #7634, .F. ) ;
#5471 = CIRCLE ( 'NONE', #3101, 1.375000000000001332 ) ;
#5472 = CARTESIAN_POINT ( 'NONE',  ( 21.86602540378410708, -35.87306695894663022, -26.42264973081039159 ) ) ;
#5473 = EDGE_CURVE ( 'NONE', #6795, #88, #7287, .T. ) ;
#5474 = LINE ( 'NONE', #2297, #3851 ) ;
#5475 = EDGE_LOOP ( 'NONE', ( #5566, #4866 ) ) ;
#5476 = DIRECTION ( 'NONE',  ( -0.000000000000000000, -0.000000000000000000, 1.000000000000000000 ) ) ;
#5477 = EDGE_CURVE ( 'NONE', #2738, #1427, #5381, .T. ) ;
#5478 = CARTESIAN_POINT ( 'NONE',  ( -11.47299966812150451, 29.33633035359542873, -27.00000000000000000 ) ) ;
#5479 = VERTEX_POINT ( 'NONE', #3504 ) ;
#5480 = ORIENTED_EDGE ( 'NONE', *, *, #6348, .T. ) ;
#5481 = CARTESIAN_POINT ( 'NONE',  ( 57.13409809427928820, 20.34987309427929247, 12.50000000000000000 ) ) ;
#5482 = CYLINDRICAL_SURFACE ( 'NONE', #6817, 1.999999999999999112 ) ;
#5483 = DIRECTION ( 'NONE',  ( 0.5000000000000101030, 0.8660254037844328234, -1.734723475976786448E-17 ) ) ;
#5484 = VERTEX_POINT ( 'NONE', #197 ) ;
#5485 = DIRECTION ( 'NONE',  ( -0.000000000000000000, -0.000000000000000000, -1.000000000000000000 ) ) ;
#5486 = B_SPLINE_CURVE_WITH_KNOTS ( 'NONE', 3,
 ( #774, #6987, #696, #3308, #6949, #5634, #161, #2667, #5183, #7677 ),
 .UNSPECIFIED., .F., .F.,
 ( 4, 2, 2, 2, 4 ),
 ( 4.336808689942017736E-18, 0.0005240076909106171832, 0.001048015381821230029, 0.001572023072731842767, 0.002096030763642455722 ),
 .UNSPECIFIED. ) ;
#5487 = CARTESIAN_POINT ( 'NONE',  ( 12.70660171779811876, 10.60660171779830208, -31.99999999999998579 ) ) ;
#5488 = EDGE_CURVE ( 'NONE', #8030, #850, #5295, .T. ) ;
#5489 = ORIENTED_EDGE ( 'NONE', *, *, #1075, .T. ) ;
#5490 = DIRECTION ( 'NONE',  ( 0.000000000000000000, -0.000000000000000000, -1.000000000000000000 ) ) ;
#5491 = VERTEX_POINT ( 'NONE', #5255 ) ;
#5492 = DIRECTION ( 'NONE',  ( 0.000000000000000000, 0.000000000000000000, -1.000000000000000000 ) ) ;
#5493 = CYLINDRICAL_SURFACE ( 'NONE', #3610, 1.375000000000004663 ) ;
#5494 = DIRECTION ( 'NONE',  ( -1.000000000000000000, 0.000000000000000000, 0.000000000000000000 ) ) ;
#5495 = DIRECTION ( 'NONE',  ( 0.000000000000000000, -0.000000000000000000, -1.000000000000000000 ) ) ;
#5496 = CARTESIAN_POINT ( 'NONE',  ( -50.45615673456354955, -27.68749999999955946, 12.50000000000000000 ) ) ;
#5497 = EDGE_CURVE ( 'NONE', #4489, #6465, #2866, .T. ) ;
#5498 = EDGE_CURVE ( 'NONE', #707, #4880, #5376, .T. ) ;
#5499 = DIRECTION ( 'NONE',  ( -0.9063077870366492705, 0.4226182617407009401, 0.000000000000000000 ) ) ;
#5500 = ORIENTED_EDGE ( 'NONE', *, *, #2770, .F. ) ;
#5501 = B_SPLINE_CURVE_WITH_KNOTS ( 'NONE', 3,
 ( #7769, #4056, #7943, #2306, #904, #5930, #298, #6267, #4335, #6093 ),
 .UNSPECIFIED., .F., .F.,
 ( 4, 2, 2, 2, 4 ),
 ( 0.000000000000000000, 0.0005232838029695437588, 0.001046567605939087518, 0.001569851408908631276, 0.002093135211878175035 ),
 .UNSPECIFIED. ) ;
#5502 = CARTESIAN_POINT ( 'NONE',  ( 61.97276892874290866, 6.764869747015782586, 11.31973721093535978 ) ) ;
#5503 = ORIENTED_EDGE ( 'NONE', *, *, #759, .F. ) ;
#5504 = CARTESIAN_POINT ( 'NONE',  ( -32.54860834569606709, -44.79931606351243545, 10.00000000000000000 ) ) ;
#5505 = CARTESIAN_POINT ( 'NONE',  ( -13.47299966812155247, -29.33633035359540742, -33.00000000000000000 ) ) ;
#5506 = AXIS2_PLACEMENT_3D ( 'NONE', #7612, #2562, #6233 ) ;
#5507 = VERTEX_POINT ( 'NONE', #7786 ) ;
#5508 = FACE_OUTER_BOUND ( 'NONE', #1399, .T. ) ;
#5509 = DIRECTION ( 'NONE',  ( -0.000000000000000000, -0.000000000000000000, -1.000000000000000000 ) ) ;
#5510 = AXIS2_PLACEMENT_3D ( 'NONE', #826, #3935, #901 ) ;
#5511 = ORIENTED_EDGE ( 'NONE', *, *, #442, .T. ) ;
#5512 = PLANE ( 'NONE',  #1469 ) ;
#5513 = DIRECTION ( 'NONE',  ( -0.3355296470614886339, 0.9420296470614886175, -0.000000000000000000 ) ) ;
#5514 = CARTESIAN_POINT ( 'NONE',  ( 16.53043893516746365, 38.66258273603433082, -24.10429319247583990 ) ) ;
#5515 = ORIENTED_EDGE ( 'NONE', *, *, #3578, .F. ) ;
#5516 = DIRECTION ( 'NONE',  ( 1.000000000000000000, 0.000000000000000000, 0.000000000000000000 ) ) ;
#5517 = AXIS2_PLACEMENT_3D ( 'NONE', #3909, #6404, #3287 ) ;
#5518 = CARTESIAN_POINT ( 'NONE',  ( -12.21282107508809212, 35.45589839191529791, -22.87117429707797811 ) ) ;
#5519 = EDGE_LOOP ( 'NONE', ( #586, #1982, #2046, #3997, #916, #206 ) ) ;
#5520 = FACE_OUTER_BOUND ( 'NONE', #4850, .T. ) ;
#5521 = CARTESIAN_POINT ( 'NONE',  ( -12.35825919329751521, 35.40513281589659300, -22.95854811567266296 ) ) ;
#5522 = AXIS2_PLACEMENT_3D ( 'NONE', #2118, #3456, #3991 ) ;
#5523 = EDGE_CURVE ( 'NONE', #1595, #7426, #1299, .T. ) ;
#5524 = VERTEX_POINT ( 'NONE', #7875 ) ;
#5525 = FACE_OUTER_BOUND ( 'NONE', #1324, .T. ) ;
#5526 = CARTESIAN_POINT ( 'NONE',  ( 36.84087403957730800, 6.999999999999985789, -22.95854811567265941 ) ) ;
#5527 = AXIS2_PLACEMENT_3D ( 'NONE', #1609, #6057, #4303 ) ;
#5528 = EDGE_CURVE ( 'NONE', #3375, #2998, #1424, .T. ) ;
#5529 = ORIENTED_EDGE ( 'NONE', *, *, #3637, .F. ) ;
#5530 = DIRECTION ( 'NONE',  ( 1.000000000000000000, 0.000000000000000000, 0.000000000000000000 ) ) ;
#5531 = VERTEX_POINT ( 'NONE', #2080 ) ;
#5532 = DIRECTION ( 'NONE',  ( -1.000000000000000000, -8.673617379884035472E-16, 0.000000000000000000 ) ) ;
#5533 = PLANE ( 'NONE',  #1103 ) ;
#5534 = CARTESIAN_POINT ( 'NONE',  ( 28.62500000000000711, -93.75000000000000000, 30.00000000000000711 ) ) ;
#5535 = DIRECTION ( 'NONE',  ( -0.000000000000000000, -0.000000000000000000, 1.000000000000000000 ) ) ;
#5536 = DIRECTION ( 'NONE',  ( -1.000000000000000000, 0.000000000000000000, 0.000000000000000000 ) ) ;
#5537 = LINE ( 'NONE', #4189, #4999 ) ;
#5538 = CARTESIAN_POINT ( 'NONE',  ( 23.57861446354325707, -34.81522160190266391, -1.739018449894385476 ) ) ;
#5539 = ORIENTED_EDGE ( 'NONE', *, *, #7880, .F. ) ;
#5540 = CARTESIAN_POINT ( 'NONE',  ( -9.279920089677819561, -40.96271631250298384, -26.79861737939454969 ) ) ;
#5541 = CARTESIAN_POINT ( 'NONE',  ( 36.63673020344474907, -8.000000000000001776, 10.00000000000000000 ) ) ;
#5542 = VERTEX_POINT ( 'NONE', #2826 ) ;
#5543 = EDGE_CURVE ( 'NONE', #4704, #4947, #3946, .T. ) ;
#5544 = DIRECTION ( 'NONE',  ( 0.000000000000000000, 0.000000000000000000, 1.000000000000000000 ) ) ;
#5545 = ORIENTED_EDGE ( 'NONE', *, *, #2050, .T. ) ;
#5546 = CARTESIAN_POINT ( 'NONE',  ( 88.62500000000004263, -93.75000000000000000, 30.00000000000000711 ) ) ;
#5547 = CARTESIAN_POINT ( 'NONE',  ( 10.14477808140031456, -36.10360639292490248, -26.40690414928154084 ) ) ;
#5548 = LINE ( 'NONE', #2417, #7482 ) ;
#5549 = CARTESIAN_POINT ( 'NONE',  ( -41.94017357740407448, 3.012068310516719638, -1.739018449894389695 ) ) ;
#5550 = VERTEX_POINT ( 'NONE', #7828 ) ;
#5551 = DIRECTION ( 'NONE',  ( 1.000000000000000000, 0.000000000000000000, 0.000000000000000000 ) ) ;
#5552 = VECTOR ( 'NONE', #6767, 1000.000000000000114 ) ;
#5553 = LINE ( 'NONE', #530, #4356 ) ;
#5554 = CARTESIAN_POINT ( 'NONE',  ( -12.35825919329749567, 35.40513281589660721, -4.041451884327431188 ) ) ;
#5555 = EDGE_LOOP ( 'NONE', ( #2455, #2507, #4893, #5503 ) ) ;
#5556 = CARTESIAN_POINT ( 'NONE',  ( -30.00000000000000000, -93.75000000000000000, 30.00000000000000711 ) ) ;
#5557 = ORIENTED_EDGE ( 'NONE', *, *, #5793, .F. ) ;
#5558 = DIRECTION ( 'NONE',  ( 0.000000000000000000, 0.000000000000000000, 1.000000000000000000 ) ) ;
#5559 = CARTESIAN_POINT ( 'NONE',  ( -14.02980915066421375, 39.58752724700323711, -22.37924764878187034 ) ) ;
#5560 = ORIENTED_EDGE ( 'NONE', *, *, #5744, .F. ) ;
#5561 = DIRECTION ( 'NONE',  ( 1.000000000000000000, 0.000000000000000000, -0.000000000000000000 ) ) ;
#5562 = CARTESIAN_POINT ( 'NONE',  ( -25.24656833199781047, 27.72833906777985291, -21.40395386793139920 ) ) ;
#5563 = B_SPLINE_CURVE_WITH_KNOTS ( 'NONE', 3,
 ( #354, #5866, #4565, #4723, #2864, #230, #7745, #4032, #6526, #5374 ),
 .UNSPECIFIED., .F., .F.,
 ( 4, 2, 2, 2, 4 ),
 ( 0.000000000000000000, 0.0005232838029695428914, 0.001046567605939085783, 0.001569851408908628674, 0.002093135211878171566 ),
 .UNSPECIFIED. ) ;
#5564 = EDGE_CURVE ( 'NONE', #4521, #1389, #1578, .T. ) ;
#5565 = ADVANCED_FACE ( 'NONE', ( #962 ), #2736, .F. ) ;
#5566 = ORIENTED_EDGE ( 'NONE', *, *, #1287, .T. ) ;
#5567 = CARTESIAN_POINT ( 'NONE',  ( -11.39016187144727432, -35.72833906777965751, 9.999999999999992895 ) ) ;
#5568 = EDGE_LOOP ( 'NONE', ( #2754, #1599, #4237, #2142 ) ) ;
#5569 = CARTESIAN_POINT ( 'NONE',  ( 11.91859415065378514, -36.15376222245533455, -22.19125798495192825 ) ) ;
#5570 = ADVANCED_FACE ( 'NONE', ( #7703 ), #3416, .F. ) ;
#5571 = LINE ( 'NONE', #7453, #2137 ) ;
#5572 = FACE_OUTER_BOUND ( 'NONE', #6114, .T. ) ;
#5573 = CIRCLE ( 'NONE', #2025, 1.999999999999998224 ) ;
#5574 = EDGE_CURVE ( 'NONE', #3300, #7233, #3560, .T. ) ;
#5575 = LINE ( 'NONE', #4396, #6474 ) ;
#5576 = CARTESIAN_POINT ( 'NONE',  ( 28.49999999999999289, 28.00000000000000355, -28.00000000000000000 ) ) ;
#5577 = CARTESIAN_POINT ( 'NONE',  ( -37.49073999436469506, 0.8472156431325654768, -0.4891401796242549338 ) ) ;
#5578 = ORIENTED_EDGE ( 'NONE', *, *, #4020, .F. ) ;
#5579 = CARTESIAN_POINT ( 'NONE',  ( -9.028469069060403029, -41.01894699879826334, -26.87415665948370957 ) ) ;
#5580 = CARTESIAN_POINT ( 'NONE',  ( -36.84087403957729379, 6.999999999999992895, -22.95854811567265941 ) ) ;
#5581 = EDGE_LOOP ( 'NONE', ( #4624, #2157, #165, #6076 ) ) ;
#5582 = CARTESIAN_POINT ( 'NONE',  ( 8.231951524020953315, -5.677585235482521142, -33.00000000000000000 ) ) ;
#5583 = DIRECTION ( 'NONE',  ( -0.5000000000000039968, -0.8660254037844363761, 0.000000000000000000 ) ) ;
#5584 = CIRCLE ( 'NONE', #5190, 10.00000000000000000 ) ;
#5585 = ORIENTED_EDGE ( 'NONE', *, *, #3980, .F. ) ;
#5586 = AXIS2_PLACEMENT_3D ( 'NONE', #7484, #6990, #1897 ) ;
#5587 = PLANE ( 'NONE',  #4225 ) ;
#5588 = DIRECTION ( 'NONE',  ( 1.000000000000000000, 0.000000000000000000, 0.000000000000000000 ) ) ;
#5589 = ORIENTED_EDGE ( 'NONE', *, *, #6204, .T. ) ;
#5590 = EDGE_CURVE ( 'NONE', #5688, #4253, #7747, .T. ) ;
#5591 = DIRECTION ( 'NONE',  ( -1.000000000000000000, 0.000000000000000000, 0.000000000000000000 ) ) ;
#5592 = ORIENTED_EDGE ( 'NONE', *, *, #5644, .F. ) ;
#5593 = FACE_OUTER_BOUND ( 'NONE', #3189, .T. ) ;
#5594 = CARTESIAN_POINT ( 'NONE',  ( 97.02311780408933828, -91.64213562373092259, 110.0000000000000000 ) ) ;
#5595 = VERTEX_POINT ( 'NONE', #7261 ) ;
#5596 = CARTESIAN_POINT ( 'NONE',  ( 2.500000000000000888, 55.37500000000000000, 10.00000000000000000 ) ) ;
#5597 = AXIS2_PLACEMENT_3D ( 'NONE', #5556, #1807, #3008 ) ;
#5598 = EDGE_CURVE ( 'NONE', #7525, #8058, #501, .T. ) ;
#5599 = ORIENTED_EDGE ( 'NONE', *, *, #7480, .T. ) ;
#5600 = PLANE ( 'NONE',  #7936 ) ;
#5601 = CARTESIAN_POINT ( 'NONE',  ( 14.36885425832922536, 39.46582944445176366, -4.234528761152331455 ) ) ;
#5602 = ORIENTED_EDGE ( 'NONE', *, *, #2250, .F. ) ;
#5603 = DIRECTION ( 'NONE',  ( 0.000000000000000000, -0.000000000000000000, -1.000000000000000000 ) ) ;
#5604 = ORIENTED_EDGE ( 'NONE', *, *, #6287, .F. ) ;
#5605 = CARTESIAN_POINT ( 'NONE',  ( -42.00000000000000000, 5.143516556418883322E-15, -27.00000000000000000 ) ) ;
#5606 = ORIENTED_EDGE ( 'NONE', *, *, #5977, .T. ) ;
#5607 = CARTESIAN_POINT ( 'NONE',  ( 23.49999999999999645, -27.99999999999999645, -28.00000000000000000 ) ) ;
#5608 = VERTEX_POINT ( 'NONE', #4686 ) ;
#5609 = DIRECTION ( 'NONE',  ( -0.000000000000000000, -0.000000000000000000, 1.000000000000000000 ) ) ;
#5610 = FACE_OUTER_BOUND ( 'NONE', #3382, .T. ) ;
#5611 =( BOUNDED_CURVE ( )  B_SPLINE_CURVE ( 3, ( #7900, #377, #1560, #1687 ),
 .UNSPECIFIED., .F., .F. ) 
 B_SPLINE_CURVE_WITH_KNOTS ( ( 4, 4 ),
 ( 5.802658099401113212, 5.823824045947002759 ),
 .UNSPECIFIED. ) 
 CURVE ( )  GEOMETRIC_REPRESENTATION_ITEM ( )  RATIONAL_B_SPLINE_CURVE ( ( 1.000000000000000000, 0.9999626672406736194, 0.9999626672406736194, 1.000000000000000000 ) ) 
 REPRESENTATION_ITEM ( '' )  );
#5612 = CARTESIAN_POINT ( 'NONE',  ( 0.000000000000000000, 0.000000000000000000, 10.00000000000000000 ) ) ;
#5613 = CARTESIAN_POINT ( 'NONE',  ( 91.37500000000004263, -93.75000000000000000, 30.00000000000000711 ) ) ;
#5614 = DIRECTION ( 'NONE',  ( 0.5000000000000101030, 0.8660254037844329345, 0.000000000000000000 ) ) ;
#5615 = DIRECTION ( 'NONE',  ( -0.4330127018922242943, -0.2500000000000015543, 0.8660254037844357100 ) ) ;
#5616 = CARTESIAN_POINT ( 'NONE',  ( -41.98809355043403713, -1.000000000000013989, -0.5773502691896416072 ) ) ;
#5617 = ORIENTED_EDGE ( 'NONE', *, *, #5120, .T. ) ;
#5618 = CARTESIAN_POINT ( 'NONE',  ( 19.60935755151070126, -31.96440358300168327, -0.5773502691896312822 ) ) ;
#5619 = PLANE ( 'NONE',  #6709 ) ;
#5620 = ORIENTED_EDGE ( 'NONE', *, *, #265, .F. ) ;
#5621 = CARTESIAN_POINT ( 'NONE',  ( 11.84235976833528525, -35.58123307826123494, -22.52042582882920385 ) ) ;
#5622 = EDGE_CURVE ( 'NONE', #235, #3576, #6491, .T. ) ;
#5623 = EDGE_CURVE ( 'NONE', #2460, #4405, #5906, .T. ) ;
#5624 = ORIENTED_EDGE ( 'NONE', *, *, #2218, .T. ) ;
#5625 = CARTESIAN_POINT ( 'NONE',  ( 14.55335030159740839, 39.20714214271418996, -4.041451884327437405 ) ) ;
#5626 = EDGE_CURVE ( 'NONE', #5838, #2932, #1411, .T. ) ;
#5627 = ORIENTED_EDGE ( 'NONE', *, *, #3124, .T. ) ;
#5628 = CARTESIAN_POINT ( 'NONE',  ( -41.74799829290711983, 5.015511314454993652, -2.895706807524237369 ) ) ;
#5629 = ORIENTED_EDGE ( 'NONE', *, *, #4300, .T. ) ;
#5630 = AXIS2_PLACEMENT_3D ( 'NONE', #4094, #6587, #943 ) ;
#5631 = CARTESIAN_POINT ( 'NONE',  ( 55.07164995601809920, -5.788263653446511725, 0.000000000000000000 ) ) ;
#5632 = ORIENTED_EDGE ( 'NONE', *, *, #2909, .T. ) ;
#5633 = CIRCLE ( 'NONE', #2739, 1.375000000000001332 ) ;
#5634 = CARTESIAN_POINT ( 'NONE',  ( -27.40350100416673484, 31.82854051085154978, -4.921667756750981226 ) ) ;
#5635 = ORIENTED_EDGE ( 'NONE', *, *, #6571, .T. ) ;
#5636 = LINE ( 'NONE', #4493, #64 ) ;
#5637 = DIRECTION ( 'NONE',  ( 0.000000000000000000, -1.000000000000000000, 0.000000000000000000 ) ) ;
#5638 = CARTESIAN_POINT ( 'NONE',  ( -19.61602540378481407, -31.97595264191624409, -26.42264973081039514 ) ) ;
#5639 = ORIENTED_EDGE ( 'NONE', *, *, #744, .T. ) ;
#5640 = DIRECTION ( 'NONE',  ( -0.000000000000000000, -0.000000000000000000, -1.000000000000000000 ) ) ;
#5641 = ORIENTED_EDGE ( 'NONE', *, *, #1899, .F. ) ;
#5642 = ADVANCED_FACE ( 'NONE', ( #4274 ), #1214, .F. ) ;
#5643 = CARTESIAN_POINT ( 'NONE',  ( -24.48261484627964535, 28.40513281589663919, -22.95854811567265941 ) ) ;
#5644 = EDGE_CURVE ( 'NONE', #1021, #2384, #2747, .T. ) ;
#5645 = AXIS2_PLACEMENT_3D ( 'NONE', #2999, #7467, #7386 ) ;
#5646 = ORIENTED_EDGE ( 'NONE', *, *, #4219, .T. ) ;
#5648 = AXIS2_PLACEMENT_3D ( 'NONE', #4561, #7089, #5247 ) ;
#5647 = AXIS2_PLACEMENT_3D ( 'NONE', #8078, #472, #6196 ) ;
#5649 = APPROVAL ( #5962, 'UNSPECIFIED' ) ;
#5650 = CARTESIAN_POINT ( 'NONE',  ( 30.04860834569546313, -44.79931606351289730, 0.000000000000000000 ) ) ;
#5651 = ORIENTED_EDGE ( 'NONE', *, *, #3135, .T. ) ;
#5652 = FACE_OUTER_BOUND ( 'NONE', #4090, .T. ) ;
#5653 = CARTESIAN_POINT ( 'NONE',  ( -9.999999999999994671, -93.75000000000000000, 30.00000000000000711 ) ) ;
#5654 = CARTESIAN_POINT ( 'NONE',  ( 20.84996325579450271, 36.45969373109691958, -26.69065380102019702 ) ) ;
#5655 = AXIS2_PLACEMENT_3D ( 'NONE', #7447, #8025, #2941 ) ;
#5656 = CARTESIAN_POINT ( 'NONE',  ( 23.49999999999999645, 28.00000000000000355, -28.00000000000000000 ) ) ;
#5657 = DIRECTION ( 'NONE',  ( 0.000000000000000000, 0.000000000000000000, -1.000000000000000000 ) ) ;
#5658 = CIRCLE ( 'NONE', #7491, 2.000000000000000000 ) ;
#5659 = DIRECTION ( 'NONE',  ( -0.000000000000000000, 0.000000000000000000, 1.000000000000000000 ) ) ;
#5660 = CARTESIAN_POINT ( 'NONE',  ( -9.994956370157616732, -40.79399875489816907, -19.52333640935812298 ) ) ;
#5661 = PLANE ( 'NONE',  #4406 ) ;
#5662 = ORIENTED_EDGE ( 'NONE', *, *, #6774, .F. ) ;
#5663 = CARTESIAN_POINT ( 'NONE',  ( -55.16475458984393754, 17.11181606351326678, 0.000000000000000000 ) ) ;
#5664 = CYLINDRICAL_SURFACE ( 'NONE', #5257, 2.099999999999999645 ) ;
#5665 = ORIENTED_EDGE ( 'NONE', *, *, #3064, .F. ) ;
#5666 = B_SPLINE_CURVE_WITH_KNOTS ( 'NONE', 3,
 ( #7784, #1459, #274, #5212, #5903, #4105, #2160, #2078, #918, #6489 ),
 .UNSPECIFIED., .F., .F.,
 ( 4, 2, 2, 2, 4 ),
 ( 0.000000000000000000, 0.0005215790914579266149, 0.001043158182915853230, 0.001564737274373779845, 0.002086316365831706460 ),
 .UNSPECIFIED. ) ;
#5667 = DIRECTION ( 'NONE',  ( -0.4330127018922183546, -0.2499999999999981404, -0.8660254037844397068 ) ) ;
#5668 = ADVANCED_FACE ( 'NONE', ( #4312 ), #3039, .F. ) ;
#5669 = DIRECTION ( 'NONE',  ( 1.000000000000000000, 0.000000000000000000, 0.000000000000000000 ) ) ;
#5670 = ADVANCED_FACE ( 'NONE', ( #1790 ), #2324, .F. ) ;
#5671 = ORIENTED_EDGE ( 'NONE', *, *, #3347, .F. ) ;
#5672 = CARTESIAN_POINT ( 'NONE',  ( -5.677585235482507819, 8.231951524020962196, -33.00000000000000000 ) ) ;
#5673 = ORIENTED_EDGE ( 'NONE', *, *, #2350, .F. ) ;
#5674 = CARTESIAN_POINT ( 'NONE',  ( -5.677585235482519366, -8.231951524020953315, -33.00000000000000000 ) ) ;
#5675 = ORIENTED_EDGE ( 'NONE', *, *, #5033, .T. ) ;
#5676 = EDGE_CURVE ( 'NONE', #6612, #3041, #4468, .T. ) ;
#5677 =( BOUNDED_CURVE ( )  B_SPLINE_CURVE ( 3, ( #792, #2107, #6472, #5319 ),
 .UNSPECIFIED., .F., .F. ) 
 B_SPLINE_CURVE_WITH_KNOTS ( ( 4, 4 ),
 ( 4.739058808556969815, 4.900157055457981414 ),
 .UNSPECIFIED. ) 
 CURVE ( )  GEOMETRIC_REPRESENTATION_ITEM ( )  RATIONAL_B_SPLINE_CURVE ( ( 1.000000000000000000, 0.9978384486574995993, 0.9978384486574995993, 1.000000000000000000 ) ) 
 REPRESENTATION_ITEM ( '' )  );
#5678 = ORIENTED_EDGE ( 'NONE', *, *, #3415, .F. ) ;
#5679 = COORDINATED_UNIVERSAL_TIME_OFFSET ( 5, 0, .BEHIND. ) ;
#5680 = ADVANCED_FACE ( 'NONE', ( #7303 ), #1667, .F. ) ;
#5681 = DIRECTION ( 'NONE',  ( 1.000000000000000000, 0.000000000000000000, -0.000000000000000000 ) ) ;
#5682 = CIRCLE ( 'NONE', #3868, 1.375000000000001332 ) ;
#5683 = ORIENTED_EDGE ( 'NONE', *, *, #3599, .T. ) ;
#5684 = CARTESIAN_POINT ( 'NONE',  ( 8.000000000000000000, -41.23105625617660763, -27.00000000000001066 ) ) ;
#5685 = DIRECTION ( 'NONE',  ( -0.000000000000000000, -0.000000000000000000, -1.000000000000000000 ) ) ;
#5686 = VERTEX_POINT ( 'NONE', #4933 ) ;
#5687 = DIRECTION ( 'NONE',  ( 0.000000000000000000, 0.000000000000000000, -1.000000000000000000 ) ) ;
#5688 = VERTEX_POINT ( 'NONE', #6860 ) ;
#5689 = CARTESIAN_POINT ( 'NONE',  ( -41.29869021987433086, 7.643692469931703037, -4.620909379580027121 ) ) ;
#5690 = B_SPLINE_CURVE_WITH_KNOTS ( 'NONE', 3,
 ( #5719, #1425, #3264, #42, #8134, #6383 ),
 .UNSPECIFIED., .F., .F.,
 ( 4, 2, 4 ),
 ( 1.734723475976807094E-18, 0.001380082589308719802, 0.002760165178617437869 ),
 .UNSPECIFIED. ) ;
#5691 = ORIENTED_EDGE ( 'NONE', *, *, #6225, .F. ) ;
#5692 = DIRECTION ( 'NONE',  ( 0.5000000000000101030, 0.8660254037844327124, 2.924120400772496899E-17 ) ) ;
#5693 = VERTEX_POINT ( 'NONE', #1749 ) ;
#5694 = EDGE_CURVE ( 'NONE', #659, #770, #3307, .T. ) ;
#5695 = CARTESIAN_POINT ( 'NONE',  ( -36.63673020344474907, -6.999999999999976907, -22.95854811567266296 ) ) ;
#5696 = DIRECTION ( 'NONE',  ( 1.000000000000000000, 0.000000000000000000, 0.000000000000000000 ) ) ;
#5697 = AXIS2_PLACEMENT_3D ( 'NONE', #7944, #2308, #542 ) ;
#5698 = FACE_OUTER_BOUND ( 'NONE', #4610, .T. ) ;
#5699 =( BOUNDED_CURVE ( )  B_SPLINE_CURVE ( 3, ( #7175, #2159, #1000, #1574 ),
 .UNSPECIFIED., .F., .F. ) 
 B_SPLINE_CURVE_WITH_KNOTS ( ( 4, 4 ),
 ( 1.597466154967176477, 1.758564401868188520 ),
 .UNSPECIFIED. ) 
 CURVE ( )  GEOMETRIC_REPRESENTATION_ITEM ( )  RATIONAL_B_SPLINE_CURVE ( ( 1.000000000000000000, 0.9978384486574995993, 0.9978384486574995993, 1.000000000000000000 ) ) 
 REPRESENTATION_ITEM ( '' )  );
#5700 = LINE ( 'NONE', #3127, #7346 ) ;
#5701 = CARTESIAN_POINT ( 'NONE',  ( -29.33633035359542873, -11.47299966812150451, -23.00000000000000000 ) ) ;
#5702 = CARTESIAN_POINT ( 'NONE',  ( -42.00000000000000000, 5.143526460949173246E-15, -0.3094010767585111954 ) ) ;
#5703 = CARTESIAN_POINT ( 'NONE',  ( 24.48261484627985141, 28.40513281589645445, -4.041451884327432076 ) ) ;
#5704 = ORIENTED_EDGE ( 'NONE', *, *, #192, .F. ) ;
#5705 = CARTESIAN_POINT ( 'NONE',  ( 11.58833369834089666, -40.36981269212549250, -24.78706373398596696 ) ) ;
#5706 = ORIENTED_EDGE ( 'NONE', *, *, #7794, .T. ) ;
#5707 = CIRCLE ( 'NONE', #3486, 2.499999999999998668 ) ;
#5708 = CARTESIAN_POINT ( 'NONE',  ( -21.32768608023891588, -30.91025225421814326, -25.25917818972684614 ) ) ;
#5709 = ORIENTED_EDGE ( 'NONE', *, *, #2723, .T. ) ;
#5710 = B_SPLINE_CURVE_WITH_KNOTS ( 'NONE', 3,
 ( #6305, #4, #6954, #1276, #3109, #1898, #6838, #7524, #5723, #3817 ),
 .UNSPECIFIED., .F., .F.,
 ( 4, 2, 2, 2, 4 ),
 ( 2.453269466693399083E-18, 0.0005246646380387366346, 0.001049329276077470667, 0.001573993914116202097, 0.002098658552154933962 ),
 .UNSPECIFIED. ) ;
#5711 = CIRCLE ( 'NONE', #7660, 37.50000000000001421 ) ;
#5712 = FACE_BOUND ( 'NONE', #3776, .T. ) ;
#5713 = ORIENTED_EDGE ( 'NONE', *, *, #4298, .F. ) ;
#5714 = ORIENTED_EDGE ( 'NONE', *, *, #3710, .F. ) ;
#5715 = DIRECTION ( 'NONE',  ( 0.000000000000000000, 0.000000000000000000, -1.000000000000000000 ) ) ;
#5716 = LOCAL_TIME ( 15, 33, 8.000000000000000000, #6213 ) ;
#5717 = VERTEX_POINT ( 'NONE', #5415 ) ;
#5718 = EDGE_CURVE ( 'NONE', #6841, #3970, #4772, .T. ) ;
#5719 = CARTESIAN_POINT ( 'NONE',  ( -8.000000000000000000, -36.63673020344475617, -27.00000000000001421 ) ) ;
#5720 = EDGE_CURVE ( 'NONE', #6453, #7137, #678, .T. ) ;
#5721 = EDGE_LOOP ( 'NONE', ( #1381, #322, #2659, #6540 ) ) ;
#5722 = DIRECTION ( 'NONE',  ( -0.000000000000000000, -0.000000000000000000, 1.000000000000000000 ) ) ;
#5723 = CARTESIAN_POINT ( 'NONE',  ( -36.63673020344474907, 8.000000000000000000, -5.596046132068689616 ) ) ;
#5724 = CARTESIAN_POINT ( 'NONE',  ( -42.00000000000000000, 5.143526460949173246E-15, -0.3094010767585111954 ) ) ;
#5725 = ORIENTED_EDGE ( 'NONE', *, *, #2187, .F. ) ;
#5726 = ADVANCED_FACE ( 'NONE', ( #24 ), #3165, .T. ) ;
#5727 = EDGE_CURVE ( 'NONE', #1812, #7767, #7192, .T. ) ;
#5728 = VERTEX_POINT ( 'NONE', #5702 ) ;
#5729 = FACE_OUTER_BOUND ( 'NONE', #8107, .T. ) ;
#5730 = AXIS2_PLACEMENT_3D ( 'NONE', #5799, #3889, #6913 ) ;
#5731 = ORIENTED_EDGE ( 'NONE', *, *, #987, .F. ) ;
#5732 = CARTESIAN_POINT ( 'NONE',  ( 42.00000000000000000, 9.904476831186375158E-21, -26.69059892324151306 ) ) ;
#5733 = VERTEX_POINT ( 'NONE', #7542 ) ;
#5734 = DIRECTION ( 'NONE',  ( 0.000000000000000000, 0.000000000000000000, -1.000000000000000000 ) ) ;
#5735 = CARTESIAN_POINT ( 'NONE',  ( 0.000000000000000000, 0.000000000000000000, -27.00000000000000000 ) ) ;
#5736 = CYLINDRICAL_SURFACE ( 'NONE', #3377, 2.000000000000000000 ) ;
#5737 = LINE ( 'NONE', #6895, #5045 ) ;
#5738 = DIRECTION ( 'NONE',  ( 0.000000000000000000, 0.000000000000000000, -1.000000000000000000 ) ) ;
#5739 = DIRECTION ( 'NONE',  ( 0.000000000000000000, 0.000000000000000000, -1.000000000000000000 ) ) ;
#5740 = DIRECTION ( 'NONE',  ( -0.000000000000000000, -0.000000000000000000, -1.000000000000000000 ) ) ;
#5741 = CARTESIAN_POINT ( 'NONE',  ( -88.62500000000001421, -93.75000000000000000, 6.123233995736766085E-15 ) ) ;
#5742 = CARTESIAN_POINT ( 'NONE',  ( 11.50141165706233615, -35.69271211588439030, -21.91519336856454103 ) ) ;
#5743 = ORIENTED_EDGE ( 'NONE', *, *, #4905, .T. ) ;
#5744 = EDGE_CURVE ( 'NONE', #4383, #7029, #6366, .T. ) ;
#5745 = ADVANCED_FACE ( 'NONE', ( #1951 ), #7009, .F. ) ;
#5746 = LINE ( 'NONE', #149, #3495 ) ;
#5747 = DIRECTION ( 'NONE',  ( -0.000000000000000000, -0.000000000000000000, -1.000000000000000000 ) ) ;
#5748 = CARTESIAN_POINT ( 'NONE',  ( 10.72357835230655709, 5.000486708505707867, -33.00000000000000000 ) ) ;
#5749 = ORIENTED_EDGE ( 'NONE', *, *, #5770, .T. ) ;
#5750 = CARTESIAN_POINT ( 'NONE',  ( 36.84087403957729379, 7.000000000000004441, -4.041451884327440069 ) ) ;
#5751 = ORIENTED_EDGE ( 'NONE', *, *, #2852, .T. ) ;
#5752 = ORIENTED_EDGE ( 'NONE', *, *, #1970, .F. ) ;
#5753 = B_SPLINE_CURVE_WITH_KNOTS ( 'NONE', 3,
 ( #7905, #5979, #2312, #347, #7247, #2854 ),
 .UNSPECIFIED., .F., .F.,
 ( 4, 2, 4 ),
 ( 2.818925648462311528E-18, 0.0005212489512770034387, 0.001042497902554004059 ),
 .UNSPECIFIED. ) ;
#5754 = CARTESIAN_POINT ( 'NONE',  ( 25.24656833199761152, -27.72833906778002344, -21.40395386793139920 ) ) ;
#5755 = ORIENTED_EDGE ( 'NONE', *, *, #5078, .T. ) ;
#5756 = VERTEX_POINT ( 'NONE', #721 ) ;
#5757 = DIRECTION ( 'NONE',  ( 1.000000000000000000, 0.000000000000000000, 0.000000000000000000 ) ) ;
#5758 = DIRECTION ( 'NONE',  ( 1.000000000000000000, 0.000000000000000000, 0.000000000000000000 ) ) ;
#5759 = CIRCLE ( 'NONE', #5122, 2.500000000000000888 ) ;
#5760 = ORIENTED_EDGE ( 'NONE', *, *, #4523, .T. ) ;
#5761 = CARTESIAN_POINT ( 'NONE',  ( -21.72965190651182255, 35.94225309171895333, -0.4891912043631713725 ) ) ;
#5762 = CARTESIAN_POINT ( 'NONE',  ( 11.37500000000000888, -93.75000000000000000, 6.123233995736766085E-15 ) ) ;
#5763 = DIRECTION ( 'NONE',  ( -0.7071067811865592301, 0.000000000000000000, -0.7071067811865359154 ) ) ;
#5764 = FACE_OUTER_BOUND ( 'NONE', #6695, .T. ) ;
#5765 = EDGE_LOOP ( 'NONE', ( #1362, #7422, #7785, #649 ) ) ;
#5766 = ORIENTED_EDGE ( 'NONE', *, *, #3347, .T. ) ;
#5767 = CARTESIAN_POINT ( 'NONE',  ( -38.65164471081026676, 37.05310732712226951, 10.00000000000000000 ) ) ;
#5768 = CIRCLE ( 'NONE', #112, 60.65000000000000568 ) ;
#5769 = ORIENTED_EDGE ( 'NONE', *, *, #3846, .T. ) ;
#5770 = EDGE_CURVE ( 'NONE', #5717, #2436, #2527, .T. ) ;
#5771 = DIRECTION ( 'NONE',  ( -0.000000000000000000, -0.000000000000000000, -1.000000000000000000 ) ) ;
#5772 = EDGE_CURVE ( 'NONE', #6502, #5833, #1306, .T. ) ;
#5773 = ORIENTED_EDGE ( 'NONE', *, *, #2874, .F. ) ;
#5774 = CARTESIAN_POINT ( 'NONE',  ( 36.81207553644253494, -7.151566003788116355, -4.128958557414494024 ) ) ;
#5775 = DIRECTION ( 'NONE',  ( -1.000000000000000000, 0.000000000000000000, 0.000000000000000000 ) ) ;
#5776 = DIRECTION ( 'NONE',  ( 1.000000000000000000, 0.000000000000000000, 0.000000000000000000 ) ) ;
#5777 = ADVANCED_FACE ( 'NONE', ( #5050 ), #3756, .F. ) ;
#5778 = VECTOR ( 'NONE', #5860, 1000.000000000000114 ) ;
#5779 = VECTOR ( 'NONE', #7138, 1000.000000000000114 ) ;
#5780 = CARTESIAN_POINT ( 'NONE',  ( 0.000000000000000000, 0.000000000000000000, -27.00000000000000000 ) ) ;
#5781 = DIRECTION ( 'NONE',  ( -0.4330127018922191873, -0.2499999999999945322, -0.8660254037844403729 ) ) ;
#5782 = LINE ( 'NONE', #2647, #4711 ) ;
#5783 = DIRECTION ( 'NONE',  ( -0.4226182617406994968, 0.9063077870366498257, 0.000000000000000000 ) ) ;
#5784 = AXIS2_PLACEMENT_3D ( 'NONE', #1747, #4272, #5413 ) ;
#5785 = AXIS2_PLACEMENT_3D ( 'NONE', #2640, #6513, #3245 ) ;
#5786 = EDGE_LOOP ( 'NONE', ( #2594, #5545, #7060, #237 ) ) ;
#5787 = AXIS2_PLACEMENT_3D ( 'NONE', #7930, #975, #1141 ) ;
#5788 = B_SPLINE_CURVE_WITH_KNOTS ( 'NONE', 3,
 ( #5724, #7067, #85, #122, #6421, #5803 ),
 .UNSPECIFIED., .F., .F.,
 ( 4, 2, 4 ),
 ( 0.001042497902554006444, 0.001564379119012384439, 0.002086260335470762652 ),
 .UNSPECIFIED. ) ;
#5789 = DIRECTION ( 'NONE',  ( -0.000000000000000000, -0.000000000000000000, 1.000000000000000000 ) ) ;
#5790 = ORIENTED_EDGE ( 'NONE', *, *, #1112, .F. ) ;
#5791 = FACE_BOUND ( 'NONE', #6246, .T. ) ;
#5792 = EDGE_LOOP ( 'NONE', ( #1284, #2248, #1384, #7782 ) ) ;
#5793 = EDGE_CURVE ( 'NONE', #477, #7077, #5782, .T. ) ;
#5794 = VERTEX_POINT ( 'NONE', #4559 ) ;
#5795 = CARTESIAN_POINT ( 'NONE',  ( -28.49109383011400709, 13.28561524219485079, -33.00000000000000000 ) ) ;
#5796 = ORIENTED_EDGE ( 'NONE', *, *, #905, .T. ) ;
#5797 = ORIENTED_EDGE ( 'NONE', *, *, #2473, .F. ) ;
#5798 = B_SPLINE_CURVE_WITH_KNOTS ( 'NONE', 3,
 ( #6991, #1234, #3059, #577, #5559, #7485, #8060, #4379, #3778, #1857 ),
 .UNSPECIFIED., .F., .F.,
 ( 4, 2, 2, 2, 4 ),
 ( 2.201117333616983738E-17, 0.0005240076909106357230, 0.001048015381821249545, 0.001572023072731863150, 0.002096030763642476973 ),
 .UNSPECIFIED. ) ;
#5799 = CARTESIAN_POINT ( 'NONE',  ( 47.95615673456315875, -27.68750000000023448, 0.000000000000000000 ) ) ;
#5800 = ORIENTED_EDGE ( 'NONE', *, *, #7072, .F. ) ;
#5801 = DIRECTION ( 'NONE',  ( -0.000000000000000000, -0.000000000000000000, 1.000000000000000000 ) ) ;
#5802 = DIRECTION ( 'NONE',  ( 1.000000000000000000, 0.000000000000000000, 0.000000000000000000 ) ) ;
#5803 = CARTESIAN_POINT ( 'NONE',  ( -41.98809355043403713, -1.000000000000013989, -0.5773502691896416072 ) ) ;
#5804 = CARTESIAN_POINT ( 'NONE',  ( 2.500000000000000888, 55.37500000000000000, 12.50000000000000000 ) ) ;
#5805 = ORIENTED_EDGE ( 'NONE', *, *, #5131, .T. ) ;
#5806 = EDGE_LOOP ( 'NONE', ( #6270, #3550, #5760, #1433 ) ) ;
#5807 = CARTESIAN_POINT ( 'NONE',  ( 0.000000000000000000, 0.000000000000000000, -23.00000000000000000 ) ) ;
#5808 = CARTESIAN_POINT ( 'NONE',  ( -90.20512218169217533, -72.50000000000002842, 10.00000000000000000 ) ) ;
#5809 = AXIS2_PLACEMENT_3D ( 'NONE', #2211, #7929, #2921 ) ;
#5810 = ORIENTED_EDGE ( 'NONE', *, *, #1562, .F. ) ;
#5811 = DIRECTION ( 'NONE',  ( -0.000000000000000000, -0.000000000000000000, 1.000000000000000000 ) ) ;
#5812 = VERTEX_POINT ( 'NONE', #6244 ) ;
#5813 = CARTESIAN_POINT ( 'NONE',  ( 12.08028895096083666, -35.50116049070376079, -4.234229113602768102 ) ) ;
#5814 = CARTESIAN_POINT ( 'NONE',  ( -11.47299966812150451, 29.33633035359542873, -23.00000000000000000 ) ) ;
#5815 = EDGE_CURVE ( 'NONE', #1389, #7059, #5299, .T. ) ;
#5816 = AXIS2_PLACEMENT_3D ( 'NONE', #1034, #2904, #5410 ) ;
#5817 = CARTESIAN_POINT ( 'NONE',  ( 9.878341828825144333, -6.813102282579025726, -33.00000000000000000 ) ) ;
#5818 = EDGE_CURVE ( 'NONE', #5812, #4880, #6901, .T. ) ;
#5819 = DIRECTION ( 'NONE',  ( -0.000000000000000000, -0.000000000000000000, -1.000000000000000000 ) ) ;
#5820 = CARTESIAN_POINT ( 'NONE',  ( -6.813102282579023949, -9.878341828825144333, -33.00000000000000000 ) ) ;
#5821 = VECTOR ( 'NONE', #3750, 1000.000000000000114 ) ;
#5822 = DIRECTION ( 'NONE',  ( 1.000000000000000000, 0.000000000000000000, 0.000000000000000000 ) ) ;
#5823 = AXIS2_PLACEMENT_3D ( 'NONE', #7716, #779, #4622 ) ;
#5824 = EDGE_CURVE ( 'NONE', #7377, #5331, #5901, .T. ) ;
#5825 = DIRECTION ( 'NONE',  ( 1.000000000000000000, 0.000000000000000000, 0.000000000000000000 ) ) ;
#5826 = VERTEX_POINT ( 'NONE', #2772 ) ;
#5827 = EDGE_CURVE ( 'NONE', #3652, #2872, #835, .T. ) ;
#5828 = VECTOR ( 'NONE', #6426, 1000.000000000000114 ) ;
#5829 = DIRECTION ( 'NONE',  ( 0.000000000000000000, 0.000000000000000000, -1.000000000000000000 ) ) ;
#5830 = LINE ( 'NONE', #6449, #8003 ) ;
#5831 = ORIENTED_EDGE ( 'NONE', *, *, #6592, .F. ) ;
#5832 = CARTESIAN_POINT ( 'NONE',  ( -91.37500000000001421, -93.75000000000000000, 30.00000000000000711 ) ) ;
#5833 = VERTEX_POINT ( 'NONE', #2690 ) ;
#5834 = ORIENTED_EDGE ( 'NONE', *, *, #4298, .T. ) ;
#5835 = CIRCLE ( 'NONE', #2277, 2.500000000000002220 ) ;
#5836 = LINE ( 'NONE', #1421, #5449 ) ;
#5837 = ORIENTED_EDGE ( 'NONE', *, *, #8121, .F. ) ;
#5838 = VERTEX_POINT ( 'NONE', #7206 ) ;
#5839 = EDGE_CURVE ( 'NONE', #1072, #7377, #4100, .T. ) ;
#5840 = AXIS2_PLACEMENT_3D ( 'NONE', #367, #856, #5268 ) ;
#5841 = CARTESIAN_POINT ( 'NONE',  ( 28.49999999999999289, -27.99999999999999645, -33.00000000000000000 ) ) ;
#5842 = CIRCLE ( 'NONE', #841, 2.000000000000000000 ) ;
#5843 = EDGE_LOOP ( 'NONE', ( #2715, #5458, #1060, #939 ) ) ;
#5844 = CARTESIAN_POINT ( 'NONE',  ( -37.49409052271668230, -0.6867206280646207528, -0.4229062739262857695 ) ) ;
#5845 = CARTESIAN_POINT ( 'NONE',  ( 0.000000000000000000, 0.000000000000000000, 10.00000000000000000 ) ) ;
#5846 = VECTOR ( 'NONE', #2925, 1000.000000000000114 ) ;
#5847 = VERTEX_POINT ( 'NONE', #6481 ) ;
#5848 = ORIENTED_EDGE ( 'NONE', *, *, #7126, .T. ) ;
#5849 = CARTESIAN_POINT ( 'NONE',  ( -41.23556618222018955, 7.976854085983752896, -21.57645263669765257 ) ) ;
#5850 = EDGE_CURVE ( 'NONE', #2499, #1518, #2892, .T. ) ;
#5851 = CARTESIAN_POINT ( 'NONE',  ( 13.28561524219480106, -28.49109383011403196, -27.00000000000000000 ) ) ;
#5852 = VECTOR ( 'NONE', #3274, 1000.000000000000000 ) ;
#5853 = ORIENTED_EDGE ( 'NONE', *, *, #5871, .T. ) ;
#5854 = DIRECTION ( 'NONE',  ( 1.000000000000000000, 0.000000000000000000, 0.000000000000000000 ) ) ;
#5855 = ORIENTED_EDGE ( 'NONE', *, *, #389, .T. ) ;
#5856 = CARTESIAN_POINT ( 'NONE',  ( -13.47299966812155247, -29.33633035359540742, -23.00000000000000000 ) ) ;
#5857 = LINE ( 'NONE', #5735, #4533 ) ;
#5858 = CARTESIAN_POINT ( 'NONE',  ( -32.54860834569606709, -44.79931606351243545, 10.00000000000000000 ) ) ;
#5859 = CIRCLE ( 'NONE', #2049, 1.375000000000001332 ) ;
#5860 = DIRECTION ( 'NONE',  ( 0.4999999999999979461, -0.8660254037844397068, -0.000000000000000000 ) ) ;
#5861 = CARTESIAN_POINT ( 'NONE',  ( 20.69523439827100475, 36.54771455168766892, -0.3328351630902647296 ) ) ;
#5862 = AXIS2_PLACEMENT_3D ( 'NONE', #3389, #4693, #3466 ) ;
#5863 = CARTESIAN_POINT ( 'NONE',  ( 9.878341828825156767, 6.813102282579008850, -27.00000000000000000 ) ) ;
#5864 = ORIENTED_EDGE ( 'NONE', *, *, #6931, .T. ) ;
#5865 = CARTESIAN_POINT ( 'NONE',  ( 36.84087403957730800, 6.999999999999985789, -22.95854811567265941 ) ) ;
#5866 = CARTESIAN_POINT ( 'NONE',  ( -13.68732489781327466, -39.70714214271408338, -21.40345959913863183 ) ) ;
#5867 = ORIENTED_EDGE ( 'NONE', *, *, #4694, .T. ) ;
#5868 = DIRECTION ( 'NONE',  ( 0.000000000000000000, 0.000000000000000000, -1.000000000000000000 ) ) ;
#5869 = ADVANCED_FACE ( 'NONE', ( #186 ), #2073, .F. ) ;
#5870 = ORIENTED_EDGE ( 'NONE', *, *, #4177, .T. ) ;
#5871 = EDGE_CURVE ( 'NONE', #7210, #34, #267, .T. ) ;
#5872 = ORIENTED_EDGE ( 'NONE', *, *, #693, .T. ) ;
#5873 =( BOUNDED_CURVE ( )  B_SPLINE_CURVE ( 3, ( #373, #5628, #5549, #4703 ),
 .UNSPECIFIED., .F., .F. ) 
 B_SPLINE_CURVE_WITH_KNOTS ( ( 4, 4 ),
 ( 4.544940901164999936, 4.688577206424020538 ),
 .UNSPECIFIED. ) 
 CURVE ( )  GEOMETRIC_REPRESENTATION_ITEM ( )  RATIONAL_B_SPLINE_CURVE ( ( 1.000000000000000000, 0.9982814565068700574, 0.9982814565068700574, 1.000000000000000000 ) ) 
 REPRESENTATION_ITEM ( '' )  );
#5874 = CARTESIAN_POINT ( 'NONE',  ( 55.16475458984417912, 17.11181606351258111, 10.00000000000000000 ) ) ;
#5875 = ORIENTED_EDGE ( 'NONE', *, *, #293, .F. ) ;
#5876 = ORIENTED_EDGE ( 'NONE', *, *, #5048, .F. ) ;
#5877 = ADVANCED_FACE ( 'NONE', ( #2152 ), #7737, .F. ) ;
#5878 = DIRECTION ( 'NONE',  ( -0.000000000000000000, -0.000000000000000000, -1.000000000000000000 ) ) ;
#5879 = CARTESIAN_POINT ( 'NONE',  ( 36.84087403957729379, -6.999999999999992895, -22.95854811567265941 ) ) ;
#5880 = PLANE ( 'NONE',  #6762 ) ;
#5881 = FACE_OUTER_BOUND ( 'NONE', #725, .T. ) ;
#5882 = CARTESIAN_POINT ( 'NONE',  ( -10.72357835230655532, -5.000486708505709643, -33.00000000000000000 ) ) ;
#5883 = VERTEX_POINT ( 'NONE', #4596 ) ;
#5884 = ORIENTED_EDGE ( 'NONE', *, *, #1031, .F. ) ;
#5885 = CARTESIAN_POINT ( 'NONE',  ( 12.35825919329724698, -35.40513281589669248, -4.041451884327432964 ) ) ;
#5886 = CARTESIAN_POINT ( 'NONE',  ( -11.73724304340640678, 35.61593825799929647, -22.37976996195395429 ) ) ;
#5887 = ORIENTED_EDGE ( 'NONE', *, *, #1386, .F. ) ;
#5888 = CARTESIAN_POINT ( 'NONE',  ( -25.22906923010877733, 27.74430092965019057, -5.423206927497946417 ) ) ;
#5889 = ORIENTED_EDGE ( 'NONE', *, *, #3327, .F. ) ;
#5890 = LINE ( 'NONE', #1402, #5371 ) ;
#5891 = CARTESIAN_POINT ( 'NONE',  ( -21.15003935743349928, -36.28644471303827146, -0.3093461989798226841 ) ) ;
#5892 = EDGE_CURVE ( 'NONE', #4571, #3348, #4509, .T. ) ;
#5893 = AXIS2_PLACEMENT_3D ( 'NONE', #2313, #4842, #1614 ) ;
#5894 = CARTESIAN_POINT ( 'NONE',  ( 26.76845706733986319, 32.36432768085849432, -22.95854811567267362 ) ) ;
#5895 = CARTESIAN_POINT ( 'NONE',  ( -36.71292883274870178, -7.643218483017450104, -4.620230038046152288 ) ) ;
#5896 = CARTESIAN_POINT ( 'NONE',  ( 21.30188322601665263, 36.19748909167584117, -0.3324020045413395574 ) ) ;
#5897 = DIRECTION ( 'NONE',  ( 0.000000000000000000, 0.000000000000000000, -1.000000000000000000 ) ) ;
#5898 = CARTESIAN_POINT ( 'NONE',  ( -11.87481220993808151, -36.26060142150668497, -22.00232770114380187 ) ) ;
#5899 = DIRECTION ( 'NONE',  ( -0.000000000000000000, -0.000000000000000000, 1.000000000000000000 ) ) ;
#5900 = ORIENTED_EDGE ( 'NONE', *, *, #19, .F. ) ;
#5901 = CIRCLE ( 'NONE', #1153, 2.000000000000000000 ) ;
#5902 = FACE_BOUND ( 'NONE', #964, .T. ) ;
#5903 = CARTESIAN_POINT ( 'NONE',  ( 18.90003998240990768, 32.38933041763127818, -26.69065413152575772 ) ) ;
#5904 = CIRCLE ( 'NONE', #1965, 2.000000000000000000 ) ;
#5905 = ORIENTED_EDGE ( 'NONE', *, *, #5598, .F. ) ;
#5906 = LINE ( 'NONE', #2780, #4470 ) ;
#5907 = CIRCLE ( 'NONE', #125, 1.374999999999999556 ) ;
#5908 = DIRECTION ( 'NONE',  ( 1.000000000000000000, 0.000000000000000000, 0.000000000000000000 ) ) ;
#5909 = ORIENTED_EDGE ( 'NONE', *, *, #1366, .F. ) ;
#5910 = ORIENTED_EDGE ( 'NONE', *, *, #3709, .T. ) ;
#5911 = DIRECTION ( 'NONE',  ( -0.4999999999999919509, 0.8660254037844432595, 6.938893903907172140E-18 ) ) ;
#5912 = ORIENTED_EDGE ( 'NONE', *, *, #1268, .T. ) ;
#5913 = DIRECTION ( 'NONE',  ( 1.000000000000000000, 0.000000000000000000, 0.000000000000000000 ) ) ;
#5914 =( BOUNDED_CURVE ( )  B_SPLINE_CURVE ( 3, ( #6679, #1039, #5454, #5808 ),
 .UNSPECIFIED., .F., .F. ) 
 B_SPLINE_CURVE_WITH_KNOTS ( ( 4, 4 ),
 ( 0.000000000000000000, 1.570796326794895892 ),
 .UNSPECIFIED. ) 
 CURVE ( )  GEOMETRIC_REPRESENTATION_ITEM ( )  RATIONAL_B_SPLINE_CURVE ( ( 1.000000000000000000, 0.8047378541243652705, 0.8047378541243652705, 1.000000000000000000 ) ) 
 REPRESENTATION_ITEM ( '' )  );
#5915 = CARTESIAN_POINT ( 'NONE',  ( -37.50000000000000000, -0.1737786833020413813, -0.3094010767585108623 ) ) ;
#5916 = CARTESIAN_POINT ( 'NONE',  ( -21.19615242270656097, 24.71281292110209549, -21.22649730810378088 ) ) ;
#5917 = EDGE_CURVE ( 'NONE', #3602, #7021, #6516, .T. ) ;
#5918 = CARTESIAN_POINT ( 'NONE',  ( 41.99999999999999289, -0.1739857838861576800, -26.69059892324150596 ) ) ;
#5919 = ORIENTED_EDGE ( 'NONE', *, *, #1196, .T. ) ;
#5920 = FACE_OUTER_BOUND ( 'NONE', #5181, .T. ) ;
#5921 = EDGE_LOOP ( 'NONE', ( #6745, #7602, #3259, #663 ) ) ;
#5922 = LINE ( 'NONE', #5194, #5828 ) ;
#5923 = EDGE_CURVE ( 'NONE', #7263, #3761, #951, .T. ) ;
#5924 = CARTESIAN_POINT ( 'NONE',  ( -32.00000000000000000, 5.999999999999998224, -21.22649730810378088 ) ) ;
#5925 = ORIENTED_EDGE ( 'NONE', *, *, #3709, .F. ) ;
#5926 = LINE ( 'NONE', #6470, #3552 ) ;
#5927 = VERTEX_POINT ( 'NONE', #2729 ) ;
#5928 = CARTESIAN_POINT ( 'NONE',  ( 10.60660171779811911, 10.60660171779830208, -31.99999999999998579 ) ) ;
#5929 = CARTESIAN_POINT ( 'NONE',  ( -41.23105625617660763, -7.999999999999977796, -21.22649730810378799 ) ) ;
#5930 = CARTESIAN_POINT ( 'NONE',  ( 41.29869021987434508, 7.643692469931669287, -22.37909062042007946 ) ) ;
#5931 = CARTESIAN_POINT ( 'NONE',  ( 37.50000000000000000, 0.1737786833020452115, -0.3094010767585113064 ) ) ;
#5932 = CARTESIAN_POINT ( 'NONE',  ( 41.41255848169731735, -7.000000000000023981, -4.041451884327440069 ) ) ;
#5933 = EDGE_CURVE ( 'NONE', #5105, #703, #7479, .T. ) ;
#5934 = CARTESIAN_POINT ( 'NONE',  ( 32.54860834569546313, -44.79931606351289730, 10.00000000000000000 ) ) ;
#5935 = CARTESIAN_POINT ( 'NONE',  ( -10.60660171779819372, -10.60660171779822569, -27.00000000000000000 ) ) ;
#5936 = AXIS2_PLACEMENT_3D ( 'NONE', #1079, #7992, #1663 ) ;
#5937 = DIRECTION ( 'NONE',  ( 0.000000000000000000, -0.000000000000000000, -1.000000000000000000 ) ) ;
#5938 = DIRECTION ( 'NONE',  ( 1.127711692878663616E-16, 0.000000000000000000, -1.000000000000000000 ) ) ;
#5939 = CARTESIAN_POINT ( 'NONE',  ( -13.68732489781270623, 39.70714214271428233, -5.773502691896304384 ) ) ;
#5940 = EDGE_LOOP ( 'NONE', ( #1866, #2378, #495, #5853 ) ) ;
#5941 = CIRCLE ( 'NONE', #2401, 2.000000000000000000 ) ;
#5942 = DIRECTION ( 'NONE',  ( -1.000000000000000000, 0.000000000000000000, 0.000000000000000000 ) ) ;
#5943 = EDGE_CURVE ( 'NONE', #6936, #1254, #5980, .T. ) ;
#5944 = DIRECTION ( 'NONE',  ( -0.4999999999999978906, 0.8660254037844397068, -2.924120400772495666E-17 ) ) ;
#5945 = VERTEX_POINT ( 'NONE', #4637 ) ;
#5946 = DIRECTION ( 'NONE',  ( -0.000000000000000000, -0.000000000000000000, -1.000000000000000000 ) ) ;
#5947 = CARTESIAN_POINT ( 'NONE',  ( -25.02304161032180829, 50.58757971695931843, 10.00000000000000000 ) ) ;
#5948 = ORIENTED_EDGE ( 'NONE', *, *, #5622, .T. ) ;
#5949 = CIRCLE ( 'NONE', #568, 2.499999999999998668 ) ;
#5950 = CARTESIAN_POINT ( 'NONE',  ( -11.41280283136471319, 35.72114331883438609, -5.423126658117896071 ) ) ;
#5951 = ORIENTED_EDGE ( 'NONE', *, *, #3068, .F. ) ;
#5952 = B_SPLINE_CURVE_WITH_KNOTS ( 'NONE', 3,
 ( #6972, #7007, #7458, #1830, #6403, #756, #3286, #8079, #3754, #5207 ),
 .UNSPECIFIED., .F., .F.,
 ( 4, 2, 2, 2, 4 ),
 ( 7.757919228897728493E-18, 0.0005215790914579327949, 0.001043158182915857784, 0.001564737274373782881, 0.002086316365831707761 ),
 .UNSPECIFIED. ) ;
#5953 = LINE ( 'NONE', #3511, #194 ) ;
#5954 = AXIS2_PLACEMENT_3D ( 'NONE', #5317, #2036, #3873 ) ;
#5955 = ORIENTED_EDGE ( 'NONE', *, *, #4578, .T. ) ;
#5956 = DIRECTION ( 'NONE',  ( 0.4999999999999919509, -0.8660254037844432595, -5.204170427930399713E-18 ) ) ;
#5957 = EDGE_CURVE ( 'NONE', #2384, #1021, #104, .T. ) ;
#5958 = DIRECTION ( 'NONE',  ( 0.000000000000000000, -0.000000000000000000, -1.000000000000000000 ) ) ;
#5959 = ORIENTED_EDGE ( 'NONE', *, *, #6575, .F. ) ;
#5960 = DIRECTION ( 'NONE',  ( -0.5000000000000039968, -0.8660254037844363761, 0.000000000000000000 ) ) ;
#5961 = ORIENTED_EDGE ( 'NONE', *, *, #666, .T. ) ;
#5962 = APPROVAL_STATUS ( 'not_yet_approved' ) ;
#5963 = VECTOR ( 'NONE', #4215, 1000.000000000000000 ) ;
#5964 = EDGE_CURVE ( 'NONE', #4845, #6579, #349, .T. ) ;
#5965 = CARTESIAN_POINT ( 'NONE',  ( 8.506601717798270457, -10.60660171779815997, -31.99999999999998579 ) ) ;
#5966 = ORIENTED_EDGE ( 'NONE', *, *, #5395, .T. ) ;
#5967 = CARTESIAN_POINT ( 'NONE',  ( -41.41255848169731735, 7.000000000000023981, -4.041451884327440069 ) ) ;
#5968 = ORIENTED_EDGE ( 'NONE', *, *, #5468, .T. ) ;
#5969 = DIRECTION ( 'NONE',  ( 0.000000000000000000, 0.000000000000000000, -1.000000000000000000 ) ) ;
#5970 = AXIS2_PLACEMENT_3D ( 'NONE', #7394, #4865, #531 ) ;
#5971 = LINE ( 'NONE', #3937, #8116 ) ;
#5972 = DIRECTION ( 'NONE',  ( 0.000000000000000000, 0.000000000000000000, 1.000000000000000000 ) ) ;
#5973 = EDGE_CURVE ( 'NONE', #5418, #659, #2191, .T. ) ;
#5974 = EDGE_CURVE ( 'NONE', #4981, #8012, #5759, .T. ) ;
#5975 = AXIS2_PLACEMENT_3D ( 'NONE', #4690, #7182, #1543 ) ;
#5976 = CARTESIAN_POINT ( 'NONE',  ( 11.41273480026297449, 35.72116533193557331, -5.423206927497941976 ) ) ;
#5977 = EDGE_CURVE ( 'NONE', #3545, #4921, #6171, .T. ) ;
#5978 = CARTESIAN_POINT ( 'NONE',  ( 5.677585235482506931, -8.231951524020963973, -27.00000000000000000 ) ) ;
#5979 = CARTESIAN_POINT ( 'NONE',  ( -41.99172800532916483, -0.8473961678587674795, -26.51075559437649787 ) ) ;
#5980 = LINE ( 'NONE', #4713, #4077 ) ;
#5981 = CARTESIAN_POINT ( 'NONE',  ( 27.54373135836396358, 31.70714214271412601, -5.596540400861466757 ) ) ;
#5982 = DIRECTION ( 'NONE',  ( -0.000000000000000000, -0.000000000000000000, -1.000000000000000000 ) ) ;
#5983 = CYLINDRICAL_SURFACE ( 'NONE', #1605, 2.499999999999998668 ) ;
#5984 = ORIENTED_EDGE ( 'NONE', *, *, #3302, .F. ) ;
#5985 = CYLINDRICAL_SURFACE ( 'NONE', #1472, 2.000000000000000000 ) ;
#5986 = LINE ( 'NONE', #353, #6565 ) ;
#5987 = AXIS2_PLACEMENT_3D ( 'NONE', #7315, #4208, #6703 ) ;
#5988 = CARTESIAN_POINT ( 'NONE',  ( -13.47299966812150629, 29.33633035359542873, -33.00000000000000000 ) ) ;
#5989 = ORIENTED_EDGE ( 'NONE', *, *, #413, .T. ) ;
#5990 = CARTESIAN_POINT ( 'NONE',  ( -9.878341828825154991, -6.813102282579010627, -33.00000000000000000 ) ) ;
#5991 = CARTESIAN_POINT ( 'NONE',  ( -37.49073504071282059, 0.8474013390179322425, -26.51075260880636009 ) ) ;
#5992 = ORIENTED_EDGE ( 'NONE', *, *, #6170, .F. ) ;
#5993 = EDGE_CURVE ( 'NONE', #1360, #7395, #3699, .T. ) ;
#5994 = FACE_BOUND ( 'NONE', #806, .T. ) ;
#5995 = EDGE_CURVE ( 'NONE', #4748, #434, #5343, .T. ) ;
#5996 = CARTESIAN_POINT ( 'NONE',  ( 24.48261484627944995, -28.40513281589681327, -22.95854811567265585 ) ) ;
#5997 = EDGE_CURVE ( 'NONE', #6413, #4968, #1656, .T. ) ;
#5998 = ORIENTED_EDGE ( 'NONE', *, *, #5943, .T. ) ;
#5999 = FACE_OUTER_BOUND ( 'NONE', #2462, .T. ) ;
#6000 = ORIENTED_EDGE ( 'NONE', *, *, #5211, .F. ) ;
#6001 = DIRECTION ( 'NONE',  ( -0.000000000000000000, -0.000000000000000000, 1.000000000000000000 ) ) ;
#6002 = FACE_OUTER_BOUND ( 'NONE', #3506, .T. ) ;
#6003 = ORIENTED_EDGE ( 'NONE', *, *, #7191, .F. ) ;
#6004 = ORIENTED_EDGE ( 'NONE', *, *, #7991, .F. ) ;
#6005 = DIRECTION ( 'NONE',  ( 1.000000000000000000, 0.000000000000000000, 0.000000000000000000 ) ) ;
#6006 = DIRECTION ( 'NONE',  ( 0.5000000000000101030, 0.8660254037844328234, -3.576792014222725015E-17 ) ) ;
#6007 = VERTEX_POINT ( 'NONE', #3534 ) ;
#6008 = ORIENTED_EDGE ( 'NONE', *, *, #4525, .T. ) ;
#6009 = DIRECTION ( 'NONE',  ( -1.000000000000000000, 0.000000000000000000, 0.000000000000000000 ) ) ;
#6010 = FACE_OUTER_BOUND ( 'NONE', #5224, .T. ) ;
#6011 = CARTESIAN_POINT ( 'NONE',  ( -30.00000000000000000, -93.75000000000000000, 6.123233995736766085E-15 ) ) ;
#6012 = CARTESIAN_POINT ( 'NONE',  ( -25.24656833199821193, -27.72833906777948343, -21.22649730810378088 ) ) ;
#6013 = DIRECTION ( 'NONE',  ( -1.000000000000000000, 0.000000000000000000, 0.000000000000000000 ) ) ;
#6014 = EDGE_CURVE ( 'NONE', #8058, #1558, #2986, .T. ) ;
#6015 = EDGE_CURVE ( 'NONE', #5479, #3262, #1174, .T. ) ;
#6016 = CARTESIAN_POINT ( 'NONE',  ( 32.00000000000000000, -7.999999999999998224, -22.38119784648303678 ) ) ;
#6017 = CARTESIAN_POINT ( 'NONE',  ( 18.15217349845613271, -32.81427682123950262, -0.4230368988928288054 ) ) ;
#6018 = CIRCLE ( 'NONE', #5506, 2.099999999999999645 ) ;
#6019 = CARTESIAN_POINT ( 'NONE',  ( 41.41255848169733156, 6.999999999999973355, -22.95854811567266296 ) ) ;
#6020 = B_SPLINE_CURVE_WITH_KNOTS ( 'NONE', 3,
 ( #3625, #6113, #476, #2994, #4935, #5502, #1128, #4475 ),
 .UNSPECIFIED., .F., .F.,
 ( 4, 2, 2, 4 ),
 ( 0.000000000000000000, 0.005425479186322917577, 0.01085095837264583515, 0.02170191674529166684 ),
 .UNSPECIFIED. ) ;
#6021 = CARTESIAN_POINT ( 'NONE',  ( 27.45605671283497529, 31.78312585362449383, -5.085502641880350616 ) ) ;
#6022 = ADVANCED_FACE ( 'NONE', ( #5408 ), #4183, .F. ) ;
#6023 = CARTESIAN_POINT ( 'NONE',  ( -12.35825919329800548, -35.40513281589642958, -22.95854811567265230 ) ) ;
#6024 = CARTESIAN_POINT ( 'NONE',  ( 10.00000000000000888, -93.75000000000000000, 30.00000000000000711 ) ) ;
#6025 = VERTEX_POINT ( 'NONE', #6189 ) ;
#6026 = EDGE_CURVE ( 'NONE', #4571, #3273, #6674, .T. ) ;
#6027 = FACE_OUTER_BOUND ( 'NONE', #6089, .T. ) ;
#6028 = CARTESIAN_POINT ( 'NONE',  ( -68.62500000000000000, -93.75000000000000000, 30.00000000000000711 ) ) ;
#6029 = LINE ( 'NONE', #393, #1033 ) ;
#6030 = ORIENTED_EDGE ( 'NONE', *, *, #1101, .F. ) ;
#6031 = CARTESIAN_POINT ( 'NONE',  ( 41.41255848169731735, 7.000000000000006217, -4.041451884327439181 ) ) ;
#6032 = DIRECTION ( 'NONE',  ( -0.000000000000000000, -0.000000000000000000, -1.000000000000000000 ) ) ;
#6033 = ORIENTED_EDGE ( 'NONE', *, *, #256, .F. ) ;
#6034 = PLANE ( 'NONE',  #2362 ) ;
#6035 = VECTOR ( 'NONE', #7217, 1000.000000000000227 ) ;
#6036 = CARTESIAN_POINT ( 'NONE',  ( 41.31865857685196630, -7.535523860037752542, -22.51972680699212859 ) ) ;
#6037 = EDGE_LOOP ( 'NONE', ( #5135, #8002, #6939, #3291 ) ) ;
#6039 = VECTOR ( 'NONE', #2996, 1000.000000000000227 ) ;
#6038 = AXIS2_PLACEMENT_3D ( 'NONE', #1457, #5373, #917 ) ;
#6040 = DIRECTION ( 'NONE',  ( -1.000000000000000000, 0.000000000000000000, 0.000000000000000000 ) ) ;
#6041 = EDGE_CURVE ( 'NONE', #6496, #5688, #1076, .T. ) ;
#6042 = ORIENTED_EDGE ( 'NONE', *, *, #8076, .T. ) ;
#6043 = CARTESIAN_POINT ( 'NONE',  ( 70.00000000000001421, -93.75000000000000000, 6.123233995736766085E-15 ) ) ;
#6044 = VECTOR ( 'NONE', #4765, 999.9999999999998863 ) ;
#6045 = DIRECTION ( 'NONE',  ( -1.000000000000000000, 0.000000000000000000, 0.000000000000000000 ) ) ;
#6046 = EDGE_LOOP ( 'NONE', ( #7313, #7743, #7749, #1779 ) ) ;
#6047 = CIRCLE ( 'NONE', #6840, 2.500000000000002220 ) ;
#6048 = ORIENTED_EDGE ( 'NONE', *, *, #2746, .F. ) ;
#6049 = AXIS2_PLACEMENT_3D ( 'NONE', #5061, #6259, #6378 ) ;
#6050 = CARTESIAN_POINT ( 'NONE',  ( -11.39016187144678405, 35.72833906777979962, -21.40367377805376492 ) ) ;
#6051 = ORIENTED_EDGE ( 'NONE', *, *, #2652, .F. ) ;
#6052 = ORIENTED_EDGE ( 'NONE', *, *, #1969, .F. ) ;
#6053 = DIRECTION ( 'NONE',  ( -0.4999999999999918954, 0.8660254037844432595, 2.230231010381755264E-17 ) ) ;
#6054 = FACE_BOUND ( 'NONE', #4648, .T. ) ;
#6055 = CARTESIAN_POINT ( 'NONE',  ( 0.000000000000000000, 0.000000000000000000, -27.00000000000000000 ) ) ;
#6056 = CARTESIAN_POINT ( 'NONE',  ( 28.49999999999999289, 28.00000000000000355, -28.00000000000000000 ) ) ;
#6057 = DIRECTION ( 'NONE',  ( 0.000000000000000000, 0.000000000000000000, -1.000000000000000000 ) ) ;
#6058 = CARTESIAN_POINT ( 'NONE',  ( -19.47915921875102185, -32.04427698508364131, -26.51080636228724074 ) ) ;
#6059 = CARTESIAN_POINT ( 'NONE',  ( 11.54700538379212738, -36.00000000000000711, -21.22649730810378088 ) ) ;
#6060 = DIRECTION ( 'NONE',  ( -0.000000000000000000, -0.000000000000000000, -1.000000000000000000 ) ) ;
#6061 = EDGE_CURVE ( 'NONE', #2412, #2329, #7368, .T. ) ;
#6062 = DIRECTION ( 'NONE',  ( -0.000000000000000000, -0.000000000000000000, -1.000000000000000000 ) ) ;
#6063 = ORIENTED_EDGE ( 'NONE', *, *, #7517, .F. ) ;
#6064 = CARTESIAN_POINT ( 'NONE',  ( -41.41255848169733156, -6.999999999999973355, -22.95854811567266296 ) ) ;
#6065 = DIRECTION ( 'NONE',  ( -0.000000000000000000, -0.000000000000000000, -1.000000000000000000 ) ) ;
#6066 = ADVANCED_FACE ( 'NONE', ( #4805 ), #4885, .F. ) ;
#6067 = CARTESIAN_POINT ( 'NONE',  ( 0.000000000000000000, 0.000000000000000000, -33.00000000000000000 ) ) ;
#6068 = VECTOR ( 'NONE', #6001, 1000.000000000000000 ) ;
#6069 = EDGE_LOOP ( 'NONE', ( #7995, #847 ) ) ;
#6070 = DIRECTION ( 'NONE',  ( 0.000000000000000000, 0.000000000000000000, -1.000000000000000000 ) ) ;
#6071 = CARTESIAN_POINT ( 'NONE',  ( 13.28561524219480106, -28.49109383011402841, -33.00000000000000000 ) ) ;
#6072 = ORIENTED_EDGE ( 'NONE', *, *, #5827, .T. ) ;
#6073 = LINE ( 'NONE', #3507, #7609 ) ;
#6074 = ADVANCED_FACE ( 'NONE', ( #6760 ), #506, .F. ) ;
#6075 = DIRECTION ( 'NONE',  ( -1.000000000000000000, 0.000000000000000000, 0.000000000000000000 ) ) ;
#6076 = ORIENTED_EDGE ( 'NONE', *, *, #2290, .F. ) ;
#6077 = CIRCLE ( 'NONE', #6352, 42.00000000000000000 ) ;
#6078 = FACE_OUTER_BOUND ( 'NONE', #1192, .T. ) ;
#6079 = CIRCLE ( 'NONE', #2532, 2.500000000000002220 ) ;
#6080 = ORIENTED_EDGE ( 'NONE', *, *, #5543, .T. ) ;
#6081 = DIRECTION ( 'NONE',  ( -1.000000000000000000, 0.000000000000000000, 0.000000000000000000 ) ) ;
#6082 = VECTOR ( 'NONE', #2593, 1000.000000000000000 ) ;
#6083 = FACE_OUTER_BOUND ( 'NONE', #5344, .T. ) ;
#6084 = ORIENTED_EDGE ( 'NONE', *, *, #6525, .T. ) ;
#6085 = EDGE_CURVE ( 'NONE', #4782, #688, #6308, .T. ) ;
#6086 = DATE_TIME_ROLE ( 'creation_date' ) ;
#6087 = DIRECTION ( 'NONE',  ( 0.000000000000000000, 0.000000000000000000, -1.000000000000000000 ) ) ;
#6088 = ORIENTED_EDGE ( 'NONE', *, *, #5477, .F. ) ;
#6089 = EDGE_LOOP ( 'NONE', ( #3631, #1672, #3235, #6493, #4423 ) ) ;
#6090 = ORIENTED_EDGE ( 'NONE', *, *, #2542, .T. ) ;
#6091 = DIRECTION ( 'NONE',  ( -1.000000000000000000, 0.000000000000000000, 0.000000000000000000 ) ) ;
#6092 = CARTESIAN_POINT ( 'NONE',  ( -9.999999999999994671, -93.75000000000000000, 6.123233995736766085E-15 ) ) ;
#6093 = CARTESIAN_POINT ( 'NONE',  ( 41.41255848169733156, 6.999999999999973355, -22.95854811567266296 ) ) ;
#6094 = EDGE_LOOP ( 'NONE', ( #867, #1831, #7933, #4209 ) ) ;
#6095 = VECTOR ( 'NONE', #3483, 1000.000000000000000 ) ;
#6096 = ADVANCED_FACE ( 'NONE', ( #8031 ), #2399, .T. ) ;
#6097 = DIRECTION ( 'NONE',  ( 1.000000000000000000, 0.000000000000000000, 0.000000000000000000 ) ) ;
#6098 = EDGE_CURVE ( 'NONE', #688, #7472, #4460, .T. ) ;
#6099 = AXIS2_PLACEMENT_3D ( 'NONE', #5108, #3351, #1277 ) ;
#6100 = EDGE_LOOP ( 'NONE', ( #5094, #7331 ) ) ;
#6101 = CARTESIAN_POINT ( 'NONE',  ( 32.00000000000000000, -8.000000000000000000, -4.618802153517059139 ) ) ;
#6102 = EDGE_LOOP ( 'NONE', ( #1006, #6621, #8124, #728 ) ) ;
#6103 = CARTESIAN_POINT ( 'NONE',  ( -18.15217349845681127, -32.81427682123912604, -26.57696310110719651 ) ) ;
#6104 = AXIS2_PLACEMENT_3D ( 'NONE', #2749, #5801, #7065 ) ;
#6105 = LINE ( 'NONE', #469, #43 ) ;
#6106 = CYLINDRICAL_SURFACE ( 'NONE', #2653, 10.00000000000000000 ) ;
#6107 = PLANE ( 'NONE',  #1876 ) ;
#6108 = CARTESIAN_POINT ( 'NONE',  ( 22.92820323027527252, -23.71281292110225536, -22.38119784648303678 ) ) ;
#6109 = CARTESIAN_POINT ( 'NONE',  ( -37.48666429545313861, 1.000000000000010436, -0.5773502691896401640 ) ) ;
#6110 = CC_DESIGN_APPROVAL ( #565, ( #7801 ) ) ;
#6111 = ORIENTED_EDGE ( 'NONE', *, *, #2903, .T. ) ;
#6112 = CARTESIAN_POINT ( 'NONE',  ( -59.55793782712737539, 13.54472514963267038, 12.16078146639551960 ) ) ;
#6113 = CARTESIAN_POINT ( 'NONE',  ( 57.74364347862424296, 18.63851963174249349, 12.50000000000000000 ) ) ;
#6114 = EDGE_LOOP ( 'NONE', ( #7267, #103, #4822, #2162 ) ) ;
#6115 = CARTESIAN_POINT ( 'NONE',  ( -9.999999999999994671, -93.75000000000000000, 30.00000000000000711 ) ) ;
#6116 = LINE ( 'NONE', #6651, #2426 ) ;
#6117 = VERTEX_POINT ( 'NONE', #1910 ) ;
#6118 = CARTESIAN_POINT ( 'NONE',  ( 57.13409809427928820, 20.34987309427929247, 10.00000000000000000 ) ) ;
#6119 = ADVANCED_FACE ( 'NONE', ( #5652 ), #1325, .F. ) ;
#6120 = DIRECTION ( 'NONE',  ( 0.000000000000000000, 0.000000000000000000, -1.000000000000000000 ) ) ;
#6121 = ORIENTED_EDGE ( 'NONE', *, *, #5441, .F. ) ;
#6122 = LINE ( 'NONE', #486, #6068 ) ;
#6123 = CARTESIAN_POINT ( 'NONE',  ( -32.00000000000000000, 7.999999999999998224, -22.38119784648303678 ) ) ;
#6124 = EDGE_CURVE ( 'NONE', #5137, #2384, #1867, .T. ) ;
#6125 = CARTESIAN_POINT ( 'NONE',  ( 14.13337419480914647, -39.55076990786858460, -22.51972680699213214 ) ) ;
#6126 = EDGE_LOOP ( 'NONE', ( #5989, #3779 ) ) ;
#6127 = PERSON_AND_ORGANIZATION_ROLE ( 'design_owner' ) ;
#6128 = DIRECTION ( 'NONE',  ( 0.8944271909999146342, 0.000000000000000000, -0.4472135954999604257 ) ) ;
#6129 = ORIENTED_EDGE ( 'NONE', *, *, #5113, .T. ) ;
#6130 = CARTESIAN_POINT ( 'NONE',  ( 9.878341828825144333, -6.813102282579025726, -27.00000000000000000 ) ) ;
#6131 = CARTESIAN_POINT ( 'NONE',  ( 37.50000000000000711, 4.592415693851188738E-15, -26.69059892324151306 ) ) ;
#6132 = CARTESIAN_POINT ( 'NONE',  ( 14.01310987903308636, -54.16492339063454153, 10.00000000000000000 ) ) ;
#6133 = ORIENTED_EDGE ( 'NONE', *, *, #3599, .F. ) ;
#6134 =( BOUNDED_CURVE ( )  B_SPLINE_CURVE ( 3, ( #5160, #4550, #57, #136 ),
 .UNSPECIFIED., .F., .F. ) 
 B_SPLINE_CURVE_WITH_KNOTS ( ( 4, 4 ),
 ( 4.524620905311397934, 4.685719152212409533 ),
 .UNSPECIFIED. ) 
 CURVE ( )  GEOMETRIC_REPRESENTATION_ITEM ( )  RATIONAL_B_SPLINE_CURVE ( ( 1.000000000000000000, 0.9978384486574995993, 0.9978384486574995993, 1.000000000000000000 ) ) 
 REPRESENTATION_ITEM ( '' )  );
#6135 = DIRECTION ( 'NONE',  ( 0.000000000000000000, -0.000000000000000000, -1.000000000000000000 ) ) ;
#6136 = CARTESIAN_POINT ( 'NONE',  ( 25.21755935774001856, 33.64707142157931941, -2.895706807524237369 ) ) ;
#6137 = CARTESIAN_POINT ( 'NONE',  ( -25.24656833199821193, -27.72833906777948343, -5.773502691896305272 ) ) ;
#6138 = ORIENTED_EDGE ( 'NONE', *, *, #5290, .T. ) ;
#6139 = CARTESIAN_POINT ( 'NONE',  ( 5.677585235482506931, -8.231951524020963973, -33.00000000000000000 ) ) ;
#6140 = ORIENTED_EDGE ( 'NONE', *, *, #3710, .T. ) ;
#6141 = ADVANCED_FACE ( 'NONE', ( #672 ), #1204, .F. ) ;
#6142 = DIRECTION ( 'NONE',  ( -1.000000000000000000, 0.000000000000000000, 0.000000000000000000 ) ) ;
#6143 = CARTESIAN_POINT ( 'NONE',  ( 11.58534352633563635, -36.06640361075318424, -21.22649730810378088 ) ) ;
#6144 = B_SPLINE_CURVE_WITH_KNOTS ( 'NONE', 3,
 ( #2437, #4959, #5888, #3359, #4629, #7688, #254, #7040, #1484, #2763 ),
 .UNSPECIFIED., .F., .F.,
 ( 4, 2, 2, 2, 4 ),
 ( 2.602085213965210256E-18, 0.0005238988965804980674, 0.001047797793160993533, 0.001571696689741488998, 0.002095595586321984463 ),
 .UNSPECIFIED. ) ;
#6145 = CARTESIAN_POINT ( 'NONE',  ( 8.000000000000000000, -36.63673020344474907, -19.00000000000001066 ) ) ;
#6146 = PLANE ( 'NONE',  #429 ) ;
#6147 = CYLINDRICAL_SURFACE ( 'NONE', #563, 1.374999999999999556 ) ;
#6148 = CARTESIAN_POINT ( 'NONE',  ( -26.00000000000000355, 28.00000000000000355, -28.00000000000000000 ) ) ;
#6149 = AXIS2_PLACEMENT_3D ( 'NONE', #3452, #5246, #3491 ) ;
#6150 = CARTESIAN_POINT ( 'NONE',  ( 24.48261484627944995, -28.40513281589681327, -22.95854811567265585 ) ) ;
#6151 = CARTESIAN_POINT ( 'NONE',  ( -8.263010078833215033, -41.18002480508808105, -27.00000000000000355 ) ) ;
#6152 = CARTESIAN_POINT ( 'NONE',  ( -36.84087403957730089, 7.000000000000006217, -4.041451884327431188 ) ) ;
#6153 = EDGE_LOOP ( 'NONE', ( #4388, #1669 ) ) ;
#6154 = FACE_OUTER_BOUND ( 'NONE', #2845, .T. ) ;
#6155 = B_SPLINE_CURVE_WITH_KNOTS ( 'NONE', 3,
 ( #7036, #6466, #3355, #3396, #2716, #1519, #2758, #5849, #2135, #215 ),
 .UNSPECIFIED., .F., .F.,
 ( 4, 2, 2, 2, 4 ),
 ( 2.154481861730808222E-17, 0.0005240076909106356146, 0.001048015381821249545, 0.001572023072731863584, 0.002096030763642477840 ),
 .UNSPECIFIED. ) ;
#6156 = DIRECTION ( 'NONE',  ( 1.000000000000000000, 0.000000000000000000, 0.000000000000000000 ) ) ;
#6157 = VECTOR ( 'NONE', #5609, 1000.000000000000000 ) ;
#6158 = VERTEX_POINT ( 'NONE', #712 ) ;
#6159 = CARTESIAN_POINT ( 'NONE',  ( 24.59929818385449707, 28.30456249885784814, -22.87117429707797811 ) ) ;
#6160 = CARTESIAN_POINT ( 'NONE',  ( -18.59996296203184940, 32.56257996612417571, -26.69065413152576483 ) ) ;
#6161 = CARTESIAN_POINT ( 'NONE',  ( 36.63673020344475617, -8.000000000000000000, -21.40367377805375781 ) ) ;
#6162 = AXIS2_PLACEMENT_3D ( 'NONE', #3320, #5314, #5854 ) ;
#6163 = CARTESIAN_POINT ( 'NONE',  ( 11.39016187144704162, 35.72833906777971436, -21.40395386793139565 ) ) ;
#6164 = ORIENTED_EDGE ( 'NONE', *, *, #4394, .T. ) ;
#6165 = PLANE ( 'NONE',  #2786 ) ;
#6166 = EDGE_CURVE ( 'NONE', #733, #4502, #6890, .T. ) ;
#6167 = CARTESIAN_POINT ( 'NONE',  ( -37.50000000000000711, 9.802947277240810054E-21, -26.69059892324151306 ) ) ;
#6168 = CARTESIAN_POINT ( 'NONE',  ( -25.24656833199821193, -27.72833906777948343, 10.00000000000000000 ) ) ;
#6169 = ORIENTED_EDGE ( 'NONE', *, *, #7497, .T. ) ;
#6170 = EDGE_CURVE ( 'NONE', #4163, #6836, #1413, .T. ) ;
#6171 = CIRCLE ( 'NONE', #7212, 2.500000000000000444 ) ;
#6172 = FACE_OUTER_BOUND ( 'NONE', #7080, .T. ) ;
#6173 = ADVANCED_FACE ( 'NONE', ( #1822 ), #7533, .F. ) ;
#6174 = VECTOR ( 'NONE', #3847, 1000.000000000000114 ) ;
#6175 = VERTEX_POINT ( 'NONE', #3244 ) ;
#6176 = CARTESIAN_POINT ( 'NONE',  ( 32.54860834569546313, -44.79931606351289730, 0.000000000000000000 ) ) ;
#6177 = CARTESIAN_POINT ( 'NONE',  ( -12.35825919329749567, 35.40513281589660721, -4.041451884327431188 ) ) ;
#6178 = AXIS2_PLACEMENT_3D ( 'NONE', #1872, #5163, #2812 ) ;
#6179 = ORIENTED_EDGE ( 'NONE', *, *, #5072, .T. ) ;
#6180 = EDGE_CURVE ( 'NONE', #1510, #2705, #3201, .T. ) ;
#6181 = CARTESIAN_POINT ( 'NONE',  ( -27.40350100416717538, -31.82854051085116964, -22.07833224324911825 ) ) ;
#6182 = CARTESIAN_POINT ( 'NONE',  ( 41.41255848169731735, -7.000000000000023981, -4.041451884327440069 ) ) ;
#6183 = CIRCLE ( 'NONE', #3711, 2.500000000000002220 ) ;
#6184 = AXIS2_PLACEMENT_3D ( 'NONE', #7617, #3832, #3798 ) ;
#6185 = CARTESIAN_POINT ( 'NONE',  ( -11.37499999999999467, -93.75000000000000000, 30.00000000000000711 ) ) ;
#6186 = ORIENTED_EDGE ( 'NONE', *, *, #3846, .F. ) ;
#6187 = LINE ( 'NONE', #3788, #6301 ) ;
#6188 = ORIENTED_EDGE ( 'NONE', *, *, #3164, .F. ) ;
#6189 = CARTESIAN_POINT ( 'NONE',  ( 28.62500000000000711, -93.75000000000000000, 6.123233995736766085E-15 ) ) ;
#6190 = CARTESIAN_POINT ( 'NONE',  ( 25.16035274402479160, 27.80663227125062420, -5.085918016008658782 ) ) ;
#6191 =( BOUNDED_CURVE ( )  B_SPLINE_CURVE ( 3, ( #1143, #5514, #6787, #2381 ),
 .UNSPECIFIED., .F., .F. ) 
 B_SPLINE_CURVE_WITH_KNOTS ( ( 4, 4 ),
 ( 1.403348247575207708, 1.546984552834227866 ),
 .UNSPECIFIED. ) 
 CURVE ( )  GEOMETRIC_REPRESENTATION_ITEM ( )  RATIONAL_B_SPLINE_CURVE ( ( 1.000000000000000000, 0.9982814565068700574, 0.9982814565068700574, 1.000000000000000000 ) ) 
 REPRESENTATION_ITEM ( '' )  );
#6192 = CYLINDRICAL_SURFACE ( 'NONE', #4259, 2.099999999999999645 ) ;
#6193 = DIRECTION ( 'NONE',  ( 0.000000000000000000, 0.000000000000000000, -1.000000000000000000 ) ) ;
#6194 = EDGE_CURVE ( 'NONE', #3976, #1258, #4466, .T. ) ;
#6195 = DIRECTION ( 'NONE',  ( 0.000000000000000000, 0.000000000000000000, 1.000000000000000000 ) ) ;
#6196 = DIRECTION ( 'NONE',  ( 1.000000000000000000, 0.000000000000000000, 0.000000000000000000 ) ) ;
#6197 = DIRECTION ( 'NONE',  ( -1.000000000000000000, 0.000000000000000000, 0.000000000000000000 ) ) ;
#6198 = CARTESIAN_POINT ( 'NONE',  ( 41.25295453110567934, 7.886435312095346539, -5.086638351169823657 ) ) ;
#6199 = DIRECTION ( 'NONE',  ( 0.000000000000000000, 0.000000000000000000, 1.000000000000000000 ) ) ;
#6200 = ORIENTED_EDGE ( 'NONE', *, *, #6641, .T. ) ;
#6201 = CYLINDRICAL_SURFACE ( 'NONE', #2551, 1.375000000000001332 ) ;
#6202 = CARTESIAN_POINT ( 'NONE',  ( 9.071796769724645770, 31.71281292110200667, -4.618802153517066245 ) ) ;
#6203 = VERTEX_POINT ( 'NONE', #6356 ) ;
#6204 = EDGE_CURVE ( 'NONE', #7224, #1020, #4348, .T. ) ;
#6205 = AXIS2_PLACEMENT_3D ( 'NONE', #2862, #4269, #5536 ) ;
#6206 = CARTESIAN_POINT ( 'NONE',  ( 11.47299966812154715, 29.33633035359541452, -27.00000000000000000 ) ) ;
#6207 = CARTESIAN_POINT ( 'NONE',  ( -13.47299966812155247, -29.33633035359540742, -27.00000000000000000 ) ) ;
#6208 = ORIENTED_EDGE ( 'NONE', *, *, #4803, .T. ) ;
#6209 = DIRECTION ( 'NONE',  ( 0.000000000000000000, 0.000000000000000000, 1.000000000000000000 ) ) ;
#6210 = AXIS2_PLACEMENT_3D ( 'NONE', #1784, #5535, #5494 ) ;
#6211 = CARTESIAN_POINT ( 'NONE',  ( 95.54778280986006678, -87.50000000000001421, 105.8578643762690348 ) ) ;
#6212 = ORIENTED_EDGE ( 'NONE', *, *, #6476, .T. ) ;
#6213 = COORDINATED_UNIVERSAL_TIME_OFFSET ( 5, 0, .BEHIND. ) ;
#6214 = CARTESIAN_POINT ( 'NONE',  ( -12.35825919329751521, 35.40513281589659300, -22.95854811567266296 ) ) ;
#6215 = CIRCLE ( 'NONE', #1213, 37.50000000000000711 ) ;
#6216 = CIRCLE ( 'NONE', #5823, 1.374999999999999556 ) ;
#6217 = ORIENTED_EDGE ( 'NONE', *, *, #3741, .T. ) ;
#6218 = LINE ( 'NONE', #618, #7535 ) ;
#6219 = CARTESIAN_POINT ( 'NONE',  ( -17.87730674394205366, 32.96440358300154827, -0.5773502691896358341 ) ) ;
#6220 = ORIENTED_EDGE ( 'NONE', *, *, #6484, .T. ) ;
#6221 = AXIS2_PLACEMENT_3D ( 'NONE', #3695, #4754, #6631 ) ;
#6222 = DIRECTION ( 'NONE',  ( 1.000000000000000000, 0.000000000000000000, 0.000000000000000000 ) ) ;
#6223 = ORIENTED_EDGE ( 'NONE', *, *, #3422, .T. ) ;
#6224 = CARTESIAN_POINT ( 'NONE',  ( -24.97559631845898309, 27.97279980763551421, -22.37994780022710728 ) ) ;
#6225 = EDGE_CURVE ( 'NONE', #2288, #5608, #7986, .T. ) ;
#6226 = AXIS2_PLACEMENT_3D ( 'NONE', #7179, #4769, #7877 ) ;
#6227 = DIRECTION ( 'NONE',  ( 0.000000000000000000, 0.000000000000000000, 1.000000000000000000 ) ) ;
#6228 = EDGE_LOOP ( 'NONE', ( #5662, #4216, #1216, #2779 ) ) ;
#6229 = ADVANCED_FACE ( 'NONE', ( #2601 ), #135, .F. ) ;
#6230 = CARTESIAN_POINT ( 'NONE',  ( 0.000000000000000000, 0.000000000000000000, -23.00000000000000000 ) ) ;
#6231 = EDGE_CURVE ( 'NONE', #3241, #4448, #6018, .T. ) ;
#6232 = ORIENTED_EDGE ( 'NONE', *, *, #1387, .F. ) ;
#6233 = DIRECTION ( 'NONE',  ( -1.000000000000000000, 0.000000000000000000, 0.000000000000000000 ) ) ;
#6234 = CARTESIAN_POINT ( 'NONE',  ( 24.89320326433612252, 28.04628689445105394, -4.479675845022189407 ) ) ;
#6235 = AXIS2_PLACEMENT_3D ( 'NONE', #6749, #5558, #4133 ) ;
#6236 = CARTESIAN_POINT ( 'NONE',  ( -41.41255848169733156, -6.999999999999973355, -22.95854811567266296 ) ) ;
#6237 = CARTESIAN_POINT ( 'NONE',  ( 27.26889969358096977, -31.94393475822452544, -4.620752351218224696 ) ) ;
#6238 = EDGE_CURVE ( 'NONE', #4443, #4489, #3285, .T. ) ;
#6239 = AXIS2_PLACEMENT_3D ( 'NONE', #2935, #3527, #5440 ) ;
#6240 = B_SPLINE_CURVE_WITH_KNOTS ( 'NONE', 3,
 ( #1591, #2335, #4246, #4907, #6699, #2380, #7393, #3515, #7312, #368 ),
 .UNSPECIFIED., .F., .F.,
 ( 4, 2, 2, 2, 4 ),
 ( 0.000000000000000000, 0.0005232838029695433251, 0.001046567605939086650, 0.001569851408908629975, 0.002093135211878173300 ),
 .UNSPECIFIED. ) ;
#6241 = DIRECTION ( 'NONE',  ( -0.5000000000000101030, -0.8660254037844328234, -2.403703357979448299E-17 ) ) ;
#6242 = DIRECTION ( 'NONE',  ( -1.000000000000000000, 0.000000000000000000, 0.000000000000000000 ) ) ;
#6243 = DIRECTION ( 'NONE',  ( 0.000000000000000000, 0.000000000000000000, 1.000000000000000000 ) ) ;
#6244 = CARTESIAN_POINT ( 'NONE',  ( 100.0000000000000000, -100.0000000000000000, 0.000000000000000000 ) ) ;
#6245 = DIRECTION ( 'NONE',  ( 1.000000000000000000, 0.000000000000000000, 0.000000000000000000 ) ) ;
#6246 = EDGE_LOOP ( 'NONE', ( #3623, #810, #3496, #7336, #4547, #2982, #2617, #2424, #3299, #454, #5075, #1666 ) ) ;
#6247 = CIRCLE ( 'NONE', #6263, 1.375000000000001332 ) ;
#6248 = CARTESIAN_POINT ( 'NONE',  ( -36.81211925894253767, 7.151335893057299664, -22.87117429707797811 ) ) ;
#6249 = AXIS2_PLACEMENT_3D ( 'NONE', #3195, #5687, #1151 ) ;
#6250 = EDGE_LOOP ( 'NONE', ( #2880, #4304 ) ) ;
#6251 = CIRCLE ( 'NONE', #7157, 2.499999999999998668 ) ;
#6252 = DIRECTION ( 'NONE',  ( -0.000000000000000000, -0.000000000000000000, -1.000000000000000000 ) ) ;
#6253 = CARTESIAN_POINT ( 'NONE',  ( 13.86258339050786148, -39.64639492051263403, -4.921666657151265056 ) ) ;
#6254 = EDGE_LOOP ( 'NONE', ( #7940, #6903, #7073, #4342 ) ) ;
#6255 = DIRECTION ( 'NONE',  ( -0.000000000000000000, -0.000000000000000000, 1.000000000000000000 ) ) ;
#6256 = EDGE_CURVE ( 'NONE', #6795, #3745, #2963, .T. ) ;
#6257 = VERTEX_POINT ( 'NONE', #6966 ) ;
#6258 = EDGE_CURVE ( 'NONE', #3241, #2926, #7451, .T. ) ;
#6259 = DIRECTION ( 'NONE',  ( 0.5000000000000099920, 0.8660254037844328234, 0.000000000000000000 ) ) ;
#6260 = ORIENTED_EDGE ( 'NONE', *, *, #790, .F. ) ;
#6261 = PERSON_AND_ORGANIZATION_ROLE ( 'classification_officer' ) ;
#6262 = PLANE ( 'NONE',  #3907 ) ;
#6263 = AXIS2_PLACEMENT_3D ( 'NONE', #2127, #6610, #4003 ) ;
#6264 = ORIENTED_EDGE ( 'NONE', *, *, #7466, .T. ) ;
#6265 = CARTESIAN_POINT ( 'NONE',  ( 25.99999999999999645, 28.00000000000000355, -28.00000000000000000 ) ) ;
#6266 = CARTESIAN_POINT ( 'NONE',  ( 13.68732489781297978, 39.70714214271420417, -5.596279247946063684 ) ) ;
#6267 = CARTESIAN_POINT ( 'NONE',  ( 41.36267749533295301, 7.290023107016486037, -22.76463276076776054 ) ) ;
#6268 = ORIENTED_EDGE ( 'NONE', *, *, #7924, .T. ) ;
#6269 = CARTESIAN_POINT ( 'NONE',  ( 0.000000000000000000, -72.50000000000001421, 10.00000000000000000 ) ) ;
#6270 = ORIENTED_EDGE ( 'NONE', *, *, #6531, .F. ) ;
#6271 = LINE ( 'NONE', #3152, #1610 ) ;
#6272 = ORIENTED_EDGE ( 'NONE', *, *, #609, .T. ) ;
#6273 = DIRECTION ( 'NONE',  ( -0.000000000000000000, -0.000000000000000000, 1.000000000000000000 ) ) ;
#6274 = ORIENTED_EDGE ( 'NONE', *, *, #1242, .F. ) ;
#6275 = CARTESIAN_POINT ( 'NONE',  ( 22.92820323027562779, 23.71281292110194272, -4.618802153517059139 ) ) ;
#6276 = CARTESIAN_POINT ( 'NONE',  ( -18.44515424866320430, 32.65048928824821672, -0.3328378400117750213 ) ) ;
#6277 = DIRECTION ( 'NONE',  ( 0.000000000000000000, 0.000000000000000000, 1.000000000000000000 ) ) ;
#6278 = EDGE_CURVE ( 'NONE', #3276, #3337, #4055, .T. ) ;
#6279 = EDGE_CURVE ( 'NONE', #7016, #5152, #7068, .T. ) ;
#6280 =( BOUNDED_CURVE ( )  B_SPLINE_CURVE ( 3, ( #1308, #1228, #8054, #692 ),
 .UNSPECIFIED., .F., .F. ) 
 B_SPLINE_CURVE_WITH_KNOTS ( ( 4, 4 ),
 ( 4.739058808556969815, 4.900157055457982302 ),
 .UNSPECIFIED. ) 
 CURVE ( )  GEOMETRIC_REPRESENTATION_ITEM ( )  RATIONAL_B_SPLINE_CURVE ( ( 1.000000000000000000, 0.9978384486574995993, 0.9978384486574995993, 1.000000000000000000 ) ) 
 REPRESENTATION_ITEM ( '' )  );
#6281 = LINE ( 'NONE', #6808, #7250 ) ;
#6282 = CARTESIAN_POINT ( 'NONE',  ( -27.26897696761421130, -31.94386863846895963, -4.620909379580029785 ) ) ;
#6283 = CARTESIAN_POINT ( 'NONE',  ( 41.23105625617660763, 7.999999999999977796, -21.22649730810378799 ) ) ;
#6284 = ORIENTED_EDGE ( 'NONE', *, *, #2566, .T. ) ;
#6285 = B_SPLINE_CURVE_WITH_KNOTS ( 'NONE', 3,
 ( #385, #7908, #3160, #5085, #5654, #59, #5046, #2565, #3794, #7577 ),
 .UNSPECIFIED., .F., .F.,
 ( 4, 2, 2, 2, 4 ),
 ( 3.469446951953614189E-18, 0.0005215650838676784114, 0.001043130167735353353, 0.001564695251603028404, 0.002086260335470703237 ),
 .UNSPECIFIED. ) ;
#6286 = CARTESIAN_POINT ( 'NONE',  ( 21.32768608023827994, -30.91025225421859091, -1.740821810273196268 ) ) ;
#6287 = EDGE_CURVE ( 'NONE', #1939, #2556, #6548, .T. ) ;
#6288 = CARTESIAN_POINT ( 'NONE',  ( -32.00000000000000000, -5.999999999999995559, -5.773502691896309713 ) ) ;
#6289 = ORIENTED_EDGE ( 'NONE', *, *, #3270, .F. ) ;
#6290 = CARTESIAN_POINT ( 'NONE',  ( -10.72357835230654821, 5.000486708505726519, -23.00000000000000000 ) ) ;
#6291 = EDGE_LOOP ( 'NONE', ( #7012, #7788 ) ) ;
#6292 = EDGE_CURVE ( 'NONE', #709, #6981, #5677, .T. ) ;
#6293 = CARTESIAN_POINT ( 'NONE',  ( -10.60660171779819372, -10.60660171779822569, -33.00000000000000000 ) ) ;
#6294 = EDGE_LOOP ( 'NONE', ( #4417, #3607, #2081, #474 ) ) ;
#6295 = CARTESIAN_POINT ( 'NONE',  ( 10.60660171779826833, -10.60660171779815997, -31.99999999999998579 ) ) ;
#6296 = ORIENTED_EDGE ( 'NONE', *, *, #1651, .F. ) ;
#6297 = AXIS2_PLACEMENT_3D ( 'NONE', #3526, #4174, #7319 ) ;
#6298 = DIRECTION ( 'NONE',  ( -0.5000000000000038858, -0.8660254037844363761, -5.327823758751943657E-17 ) ) ;
#6299 = ORIENTED_EDGE ( 'NONE', *, *, #5943, .F. ) ;
#6300 = EDGE_CURVE ( 'NONE', #3850, #7263, #7849, .T. ) ;
#6301 = VECTOR ( 'NONE', #2516, 1000.000000000000114 ) ;
#6302 = LINE ( 'NONE', #5143, #2030 ) ;
#6303 = ORIENTED_EDGE ( 'NONE', *, *, #3877, .F. ) ;
#6304 = FACE_OUTER_BOUND ( 'NONE', #5786, .T. ) ;
#6305 = CARTESIAN_POINT ( 'NONE',  ( -36.84087403957730089, 7.000000000000006217, -4.041451884327431188 ) ) ;
#6306 = CARTESIAN_POINT ( 'NONE',  ( 26.76845706733941554, -32.36432768085887091, -22.95854811567266296 ) ) ;
#6307 = ORIENTED_EDGE ( 'NONE', *, *, #2857, .T. ) ;
#6308 = CIRCLE ( 'NONE', #4720, 2.000000000000000000 ) ;
#6309 = CARTESIAN_POINT ( 'NONE',  ( -95.54778280986008099, -97.50000000000000000, 110.0000000000000000 ) ) ;
#6310 = VERTEX_POINT ( 'NONE', #4549 ) ;
#6311 = CARTESIAN_POINT ( 'NONE',  ( -25.16035274402458555, 27.80663227125080894, -21.91408198399142293 ) ) ;
#6312 = VECTOR ( 'NONE', #5944, 1000.000000000000227 ) ;
#6313 = ORIENTED_EDGE ( 'NONE', *, *, #2644, .F. ) ;
#6315 = AXIS2_PLACEMENT_3D ( 'NONE', #2829, #5340, #7222 ) ;
#6314 = CIRCLE ( 'NONE', #5522, 3.100000000000047162 ) ;
#6316 = CARTESIAN_POINT ( 'NONE',  ( -32.00000000000000000, -3.469446951953614189E-15, -24.69059892324151306 ) ) ;
#6317 = ORIENTED_EDGE ( 'NONE', *, *, #1811, .F. ) ;
#6318 = CARTESIAN_POINT ( 'NONE',  ( 30.00000000000001421, -93.75000000000000000, 30.00000000000000711 ) ) ;
#6319 = CARTESIAN_POINT ( 'NONE',  ( 9.071796769724658205, 31.71281292110199246, -22.38119784648303678 ) ) ;
#6320 = AXIS2_PLACEMENT_3D ( 'NONE', #2525, #1915, #6325 ) ;
#6321 = LINE ( 'NONE', #96, #5821 ) ;
#6322 = AXIS2_PLACEMENT_3D ( 'NONE', #3742, #6227, #1488 ) ;
#6323 = CARTESIAN_POINT ( 'NONE',  ( -10.50000000000000533, -36.00000000000000711, -26.12249899919920182 ) ) ;
#6324 = AXIS2_PLACEMENT_3D ( 'NONE', #4415, #5100, #650 ) ;
#6325 = DIRECTION ( 'NONE',  ( 0.000000000000000000, 0.000000000000000000, 1.000000000000000000 ) ) ;
#6326 = CARTESIAN_POINT ( 'NONE',  ( -10.42652267258529797, -40.68583429418712427, -19.80954104230178103 ) ) ;
#6327 = CARTESIAN_POINT ( 'NONE',  ( 21.15003935743275321, -36.28644471303870489, -26.69065380102020413 ) ) ;
#6328 = ORIENTED_EDGE ( 'NONE', *, *, #6500, .T. ) ;
#6329 = EDGE_CURVE ( 'NONE', #734, #8109, #3444, .T. ) ;
#6330 = CARTESIAN_POINT ( 'NONE',  ( 11.56793450629956865, -35.67128850371926774, -22.07904004478004367 ) ) ;
#6331 = VERTEX_POINT ( 'NONE', #5929 ) ;
#6332 = EDGE_CURVE ( 'NONE', #7767, #3409, #5971, .T. ) ;
#6333 = CARTESIAN_POINT ( 'NONE',  ( 25.22906923010897629, 27.74430092965000938, -21.57679307250215217 ) ) ;
#6334 = DIRECTION ( 'NONE',  ( 0.000000000000000000, 0.000000000000000000, -1.000000000000000000 ) ) ;
#6335 = CARTESIAN_POINT ( 'NONE',  ( 8.231951524020953315, -5.677585235482521142, -33.00000000000000000 ) ) ;
#6336 = EDGE_LOOP ( 'NONE', ( #6999, #2200, #67, #2038, #3417, #3787, #8131 ) ) ;
#6337 = CYLINDRICAL_SURFACE ( 'NONE', #1164, 37.50000000000000711 ) ;
#6338 = ADVANCED_FACE ( 'NONE', ( #1559 ), #3322, .T. ) ;
#6339 = EDGE_CURVE ( 'NONE', #3895, #7574, #6673, .T. ) ;
#6340 = ORIENTED_EDGE ( 'NONE', *, *, #3373, .F. ) ;
#6341 = CARTESIAN_POINT ( 'NONE',  ( 50.16475458984417202, 17.11181606351258111, 10.00000000000000000 ) ) ;
#6342 = VERTEX_POINT ( 'NONE', #2682 ) ;
#6343 = CARTESIAN_POINT ( 'NONE',  ( 0.000000000000000000, 0.000000000000000000, -27.00000000000000000 ) ) ;
#6344 = ORIENTED_EDGE ( 'NONE', *, *, #7373, .T. ) ;
#6345 = CARTESIAN_POINT ( 'NONE',  ( -28.49109383011402841, -13.28561524219480638, -33.00000000000000000 ) ) ;
#6346 = FACE_OUTER_BOUND ( 'NONE', #7516, .T. ) ;
#6347 = DIRECTION ( 'NONE',  ( -1.000000000000000000, 0.000000000000000000, 0.000000000000000000 ) ) ;
#6348 = EDGE_CURVE ( 'NONE', #707, #2932, #5768, .T. ) ;
#6349 = ORIENTED_EDGE ( 'NONE', *, *, #1766, .T. ) ;
#6350 = VERTEX_POINT ( 'NONE', #7651 ) ;
#6351 = CARTESIAN_POINT ( 'NONE',  ( -41.23105625617661474, 8.000000000000000000, -5.596540400861466757 ) ) ;
#6352 = AXIS2_PLACEMENT_3D ( 'NONE', #2275, #3618, #7954 ) ;
#6353 = VERTEX_POINT ( 'NONE', #828 ) ;
#6354 = CARTESIAN_POINT ( 'NONE',  ( 12.35825919329726652, -35.40513281589668537, -22.95854811567265941 ) ) ;
#6355 = ORIENTED_EDGE ( 'NONE', *, *, #3885, .F. ) ;
#6356 = CARTESIAN_POINT ( 'NONE',  ( -26.76845706733963581, 32.36432768085867906, -22.95854811567266296 ) ) ;
#6357 = FACE_OUTER_BOUND ( 'NONE', #1647, .T. ) ;
#6358 = AXIS2_PLACEMENT_3D ( 'NONE', #3529, #2391, #2268 ) ;
#6359 = EDGE_CURVE ( 'NONE', #3310, #485, #2026, .T. ) ;
#6360 = EDGE_CURVE ( 'NONE', #1011, #2257, #5890, .T. ) ;
#6361 = VECTOR ( 'NONE', #5189, 999.9999999999998863 ) ;
#6362 = PLANE ( 'NONE',  #2569 ) ;
#6363 = DIRECTION ( 'NONE',  ( 1.000000000000000000, 0.000000000000000000, -0.000000000000000000 ) ) ;
#6364 = CARTESIAN_POINT ( 'NONE',  ( -27.18512684124992518, -32.01537763495709044, -4.480131989721543917 ) ) ;
#6365 = FACE_OUTER_BOUND ( 'NONE', #275, .T. ) ;
#6366 = LINE ( 'NONE', #7581, #6957 ) ;
#6367 = DIRECTION ( 'NONE',  ( -0.000000000000000000, -0.000000000000000000, 1.000000000000000000 ) ) ;
#6368 = CARTESIAN_POINT ( 'NONE',  ( 11.45826663968973946, -40.40707248379194283, -20.97286606812131637 ) ) ;
#6369 = VECTOR ( 'NONE', #6928, 1000.000000000000000 ) ;
#6370 = ORIENTED_EDGE ( 'NONE', *, *, #6085, .F. ) ;
#6371 = CARTESIAN_POINT ( 'NONE',  ( -12.35825919329798239, -35.40513281589642247, -4.041451884327440069 ) ) ;
#6372 = DIRECTION ( 'NONE',  ( 0.000000000000000000, 9.766269741776828954E-17, 1.000000000000000000 ) ) ;
#6373 = ORIENTED_EDGE ( 'NONE', *, *, #2916, .F. ) ;
#6374 = LINE ( 'NONE', #7627, #1688 ) ;
#6375 = ORIENTED_EDGE ( 'NONE', *, *, #4578, .F. ) ;
#6376 = ORIENTED_EDGE ( 'NONE', *, *, #6616, .F. ) ;
#6377 = AXIS2_PLACEMENT_3D ( 'NONE', #1671, #4111, #966 ) ;
#6378 = DIRECTION ( 'NONE',  ( -0.8660254037844323793, 0.5000000000000108802, 0.000000000000000000 ) ) ;
#6379 = ORIENTED_EDGE ( 'NONE', *, *, #4678, .F. ) ;
#6380 = ORIENTED_EDGE ( 'NONE', *, *, #2065, .T. ) ;
#6381 = EDGE_CURVE ( 'NONE', #5331, #1260, #3977, .T. ) ;
#6382 = EDGE_CURVE ( 'NONE', #2511, #2047, #2721, .T. ) ;
#6383 = CARTESIAN_POINT ( 'NONE',  ( -10.50000000000000533, -36.00000000000000711, -26.12249899919920182 ) ) ;
#6384 = ORIENTED_EDGE ( 'NONE', *, *, #293, .T. ) ;
#6385 = CARTESIAN_POINT ( 'NONE',  ( 43.65164471081077124, 37.05310732712170108, 0.000000000000000000 ) ) ;
#6386 = CARTESIAN_POINT ( 'NONE',  ( 10.60660171779826833, -10.60660171779815997, -27.00000000000000000 ) ) ;
#6387 = EDGE_CURVE ( 'NONE', #3895, #7760, #2143, .T. ) ;
#6388 = CARTESIAN_POINT ( 'NONE',  ( -10.60660171779819372, -10.60660171779822569, -33.00000000000000000 ) ) ;
#6389 = CARTESIAN_POINT ( 'NONE',  ( 8.455973243646530690, -36.53716384124713557, -19.00000000000001421 ) ) ;
#6390 = VERTEX_POINT ( 'NONE', #1064 ) ;
#6391 = ORIENTED_EDGE ( 'NONE', *, *, #3451, .T. ) ;
#6392 = CARTESIAN_POINT ( 'NONE',  ( -24.89320326433591646, 28.04628689445123868, -22.52032415497789941 ) ) ;
#6393 = VECTOR ( 'NONE', #348, 1000.000000000000114 ) ;
#6394 = ORIENTED_EDGE ( 'NONE', *, *, #3203, .T. ) ;
#6395 = CARTESIAN_POINT ( 'NONE',  ( -19.47915965474948763, -32.04427671760956287, -0.4891939329251284718 ) ) ;
#6396 = ORIENTED_EDGE ( 'NONE', *, *, #6166, .T. ) ;
#6397 = DIRECTION ( 'NONE',  ( -0.000000000000000000, -0.000000000000000000, -1.000000000000000000 ) ) ;
#6398 = CYLINDRICAL_SURFACE ( 'NONE', #4742, 42.00000000000000000 ) ;
#6399 = EDGE_CURVE ( 'NONE', #3132, #690, #762, .T. ) ;
#6400 = CYLINDRICAL_SURFACE ( 'NONE', #7776, 1.375000000000001332 ) ;
#6401 = CARTESIAN_POINT ( 'NONE',  ( -27.40349347438042216, -31.82854683851627797, -4.921666657151264168 ) ) ;
#6402 = EDGE_CURVE ( 'NONE', #7308, #5608, #7852, .T. ) ;
#6403 = CARTESIAN_POINT ( 'NONE',  ( 18.59996296203163979, -32.56257996612429650, -26.69065413152576838 ) ) ;
#6404 = DIRECTION ( 'NONE',  ( 0.000000000000000000, 0.000000000000000000, -1.000000000000000000 ) ) ;
#6405 = CARTESIAN_POINT ( 'NONE',  ( 8.000000000000000000, -36.00000000000000711, -23.00000000000000711 ) ) ;
#6406 = ORIENTED_EDGE ( 'NONE', *, *, #4929, .T. ) ;
#6407 = DIRECTION ( 'NONE',  ( 0.000000000000000000, 0.000000000000000000, -1.000000000000000000 ) ) ;
#6408 = CARTESIAN_POINT ( 'NONE',  ( 12.20144409149429165, -31.19895450303005902, -23.00000000000000000 ) ) ;
#6409 = CARTESIAN_POINT ( 'NONE',  ( 14.36799354281423291, -39.46614103300962739, -4.235367239232350478 ) ) ;
#6410 = EDGE_LOOP ( 'NONE', ( #314, #6983, #4186, #7968, #4130, #4273, #5743, #1601, #3043, #1419, #2879, #3626 ) ) ;
#6411 = LINE ( 'NONE', #767, #3015 ) ;
#6412 = ORIENTED_EDGE ( 'NONE', *, *, #3204, .T. ) ;
#6413 = VERTEX_POINT ( 'NONE', #1023 ) ;
#6414 = CARTESIAN_POINT ( 'NONE',  ( -36.63673020344474196, -8.000000000000008882, 9.999999999999992895 ) ) ;
#6415 = VERTEX_POINT ( 'NONE', #5521 ) ;
#6416 = CARTESIAN_POINT ( 'NONE',  ( -8.000000000000000000, -41.23105625617660763, -19.00000000000001066 ) ) ;
#6417 = AXIS2_PLACEMENT_3D ( 'NONE', #46, #5637, #5032 ) ;
#6418 = ORIENTED_EDGE ( 'NONE', *, *, #5964, .F. ) ;
#6419 = CARTESIAN_POINT ( 'NONE',  ( 27.54373135836350173, -31.70714214271452036, -21.22649730810378443 ) ) ;
#6420 = DIRECTION ( 'NONE',  ( 0.000000000000000000, 0.000000000000000000, -1.000000000000000000 ) ) ;
#6421 = CARTESIAN_POINT ( 'NONE',  ( -41.99173240419117548, -0.8472114680284419386, -0.4891377691267660421 ) ) ;
#6422 = ADVANCED_FACE ( 'NONE', ( #7942 ), #985, .F. ) ;
#6423 = CARTESIAN_POINT ( 'NONE',  ( 41.15164471081077124, 37.05310732712170108, 12.50000000000000000 ) ) ;
#6424 = ORIENTED_EDGE ( 'NONE', *, *, #1268, .F. ) ;
#6425 = ORIENTED_EDGE ( 'NONE', *, *, #584, .T. ) ;
#6426 = DIRECTION ( 'NONE',  ( -0.4999999999999918954, 0.8660254037844432595, -8.012344526598435250E-18 ) ) ;
#6427 = AXIS2_PLACEMENT_3D ( 'NONE', #6545, #3277, #5157 ) ;
#6428 = EDGE_CURVE ( 'NONE', #4492, #1129, #4064, .T. ) ;
#6429 = CARTESIAN_POINT ( 'NONE',  ( 95.54778280986009520, -87.50000000000001421, 100.0000000000000000 ) ) ;
#6430 = VERTEX_POINT ( 'NONE', #3689 ) ;
#6431 = CARTESIAN_POINT ( 'NONE',  ( -21.72965190651229861, -35.94225309171865490, -26.51080879563686210 ) ) ;
#6432 = VERTEX_POINT ( 'NONE', #6707 ) ;
#6433 = AXIS2_PLACEMENT_3D ( 'NONE', #6944, #109, #3807 ) ;
#6434 = CARTESIAN_POINT ( 'NONE',  ( -27.54373135836418740, -31.70714214271393772, -27.00000000000000000 ) ) ;
#6435 = CARTESIAN_POINT ( 'NONE',  ( -95.54778280986008099, -87.50000000000001421, 110.0000000000000000 ) ) ;
#6436 = ADVANCED_FACE ( 'NONE', ( #1603 ), #3605, .F. ) ;
#6437 = DIRECTION ( 'NONE',  ( -0.000000000000000000, -0.000000000000000000, 1.000000000000000000 ) ) ;
#6438 = CYLINDRICAL_SURFACE ( 'NONE', #2267, 2.499999999999995115 ) ;
#6440 = AXIS2_PLACEMENT_3D ( 'NONE', #3254, #7584, #6976 ) ;
#6439 = AXIS2_PLACEMENT_3D ( 'NONE', #958, #7744, #877 ) ;
#6441 = CARTESIAN_POINT ( 'NONE',  ( -27.54373135836371844, 31.70714214271432141, -21.40345959913862472 ) ) ;
#6442 = CARTESIAN_POINT ( 'NONE',  ( -21.15003935743300900, 36.28644471303856278, -26.69065380102020413 ) ) ;
#6443 = CARTESIAN_POINT ( 'NONE',  ( 0.000000000000000000, 55.37500000000000000, 0.000000000000000000 ) ) ;
#6444 = CIRCLE ( 'NONE', #1178, 2.499999999999998668 ) ;
#6445 = ADVANCED_FACE ( 'NONE', ( #376 ), #2978, .F. ) ;
#6446 = CARTESIAN_POINT ( 'NONE',  ( -37.49873471098771205, -0.3508540033508005251, -26.66724598760330878 ) ) ;
#6447 = EDGE_LOOP ( 'NONE', ( #6088, #176, #5264, #3116 ) ) ;
#6448 = CARTESIAN_POINT ( 'NONE',  ( -26.00000000000000355, -27.99999999999999645, -28.00000000000000000 ) ) ;
#6449 = CARTESIAN_POINT ( 'NONE',  ( 25.24656833199800943, 27.72833906777965396, 10.00000000000000000 ) ) ;
#6450 = ORIENTED_EDGE ( 'NONE', *, *, #861, .F. ) ;
#6451 = CARTESIAN_POINT ( 'NONE',  ( 0.000000000000000000, 0.000000000000000000, -33.00000000000000000 ) ) ;
#6452 = VERTEX_POINT ( 'NONE', #3565 ) ;
#6453 = VERTEX_POINT ( 'NONE', #6628 ) ;
#6454 =( BOUNDED_CURVE ( )  B_SPLINE_CURVE ( 3, ( #14, #587, #3864, #6354 ),
 .UNSPECIFIED., .F., .F. ) 
 B_SPLINE_CURVE_WITH_KNOTS ( ( 4, 4 ),
 ( 1.597466154967176255, 1.758564401868188520 ),
 .UNSPECIFIED. ) 
 CURVE ( )  GEOMETRIC_REPRESENTATION_ITEM ( )  RATIONAL_B_SPLINE_CURVE ( ( 1.000000000000000000, 0.9978384486574995993, 0.9978384486574995993, 1.000000000000000000 ) ) 
 REPRESENTATION_ITEM ( '' )  );
#6455 = DIRECTION ( 'NONE',  ( -0.000000000000000000, -0.000000000000000000, 1.000000000000000000 ) ) ;
#6456 = ADVANCED_FACE ( 'NONE', ( #6010 ), #5482, .F. ) ;
#6457 = ORIENTED_EDGE ( 'NONE', *, *, #7078, .T. ) ;
#6458 = DIRECTION ( 'NONE',  ( -0.4226182617407009956, -0.9063077870366491595, 0.000000000000000000 ) ) ;
#6459 = EDGE_LOOP ( 'NONE', ( #2429, #2256 ) ) ;
#6460 = DIRECTION ( 'NONE',  ( 0.000000000000000000, 0.000000000000000000, 1.000000000000000000 ) ) ;
#6461 = CARTESIAN_POINT ( 'NONE',  ( -26.76845706734012609, -32.36432768085828116, -4.041451884327439181 ) ) ;
#6462 = CARTESIAN_POINT ( 'NONE',  ( -24.89307185958182700, -28.04640093926370525, -22.52042582882920385 ) ) ;
#6463 = CARTESIAN_POINT ( 'NONE',  ( 20.12802137143226133, -36.86275567115359308, -26.42264973081040225 ) ) ;
#6464 = ORIENTED_EDGE ( 'NONE', *, *, #2966, .T. ) ;
#6465 = VERTEX_POINT ( 'NONE', #7360 ) ;
#6466 = CARTESIAN_POINT ( 'NONE',  ( -41.38689944556395517, 7.151800904922381186, -22.87090582235249769 ) ) ;
#6467 = CARTESIAN_POINT ( 'NONE',  ( -31.19895450303003415, 12.20144409149434850, -23.00000000000000000 ) ) ;
#6468 = VECTOR ( 'NONE', #4119, 1000.000000000000114 ) ;
#6469 = ORIENTED_EDGE ( 'NONE', *, *, #7480, .F. ) ;
#6470 = CARTESIAN_POINT ( 'NONE',  ( -12.70660171779819336, -10.60660171779822569, -33.00000000000000000 ) ) ;
#6471 = ORIENTED_EDGE ( 'NONE', *, *, #2799, .F. ) ;
#6472 = CARTESIAN_POINT ( 'NONE',  ( 14.26155295014723023, 34.74078288419479321, -2.898023699950627474 ) ) ;
#6473 = CARTESIAN_POINT ( 'NONE',  ( -21.86007217900139210, 35.86275567115346519, -0.5773502691896371664 ) ) ;
#6474 = VECTOR ( 'NONE', #2482, 1000.000000000000000 ) ;
#6475 = DIRECTION ( 'NONE',  ( -1.000000000000000000, 0.000000000000000000, 0.000000000000000000 ) ) ;
#6476 = EDGE_CURVE ( 'NONE', #8133, #7188, #1679, .T. ) ;
#6477 = ADVANCED_FACE ( 'NONE', ( #5403, #3650, #2387, #7899, #6054, #4915, #4752, #2849, #4294, #419, #2934, #7401, #2305, #1772, #7851, #4835, #6793 ), #1149, .T. ) ;
#6478 = DIRECTION ( 'NONE',  ( 1.000000000000000000, 0.000000000000000000, 0.000000000000000000 ) ) ;
#6479 = CARTESIAN_POINT ( 'NONE',  ( -20.26207829342233069, 36.78955711229176018, -26.51080879563686210 ) ) ;
#6480 = AXIS2_PLACEMENT_3D ( 'NONE', #4634, #1404, #6475 ) ;
#6481 = CARTESIAN_POINT ( 'NONE',  ( 11.58534352633563635, -36.06640361075318424, -21.22649730810378088 ) ) ;
#6482 = VECTOR ( 'NONE', #6596, 1000.000000000000114 ) ;
#6483 = CARTESIAN_POINT ( 'NONE',  ( -8.000000000000000000, -36.00000000000000711, -19.00000000000001066 ) ) ;
#6484 = EDGE_CURVE ( 'NONE', #5461, #8067, #6917, .T. ) ;
#6485 = CARTESIAN_POINT ( 'NONE',  ( 26.76845706733986319, 32.36432768085849432, -22.95854811567267362 ) ) ;
#6486 = CARTESIAN_POINT ( 'NONE',  ( -13.79696604449938846, 39.66920552787357224, -5.085502641880355945 ) ) ;
#6487 = ORIENTED_EDGE ( 'NONE', *, *, #4394, .F. ) ;
#6488 = FACE_BOUND ( 'NONE', #7228, .T. ) ;
#6489 = CARTESIAN_POINT ( 'NONE',  ( 17.87730674394227393, 32.96440358300141327, -26.42264973081038448 ) ) ;
#6490 = ORIENTED_EDGE ( 'NONE', *, *, #4278, .T. ) ;
#6491 = LINE ( 'NONE', #4646, #5779 ) ;
#6492 = ORIENTED_EDGE ( 'NONE', *, *, #4653, .F. ) ;
#6493 = ORIENTED_EDGE ( 'NONE', *, *, #594, .T. ) ;
#6494 = VECTOR ( 'NONE', #1729, 1000.000000000000114 ) ;
#6495 = CARTESIAN_POINT ( 'NONE',  ( 25.22901615065266867, -27.74434883976229926, -21.57687334188218387 ) ) ;
#6496 = VERTEX_POINT ( 'NONE', #4456 ) ;
#6497 = ORIENTED_EDGE ( 'NONE', *, *, #836, .T. ) ;
#6498 = VECTOR ( 'NONE', #637, 1000.000000000000000 ) ;
#6499 = CYLINDRICAL_SURFACE ( 'NONE', #7281, 1.375000000000001332 ) ;
#6500 = EDGE_CURVE ( 'NONE', #7160, #5883, #5710, .T. ) ;
#6501 = CIRCLE ( 'NONE', #6377, 2.500000000000002220 ) ;
#6502 = VERTEX_POINT ( 'NONE', #2548 ) ;
#6503 = CARTESIAN_POINT ( 'NONE',  ( -41.98809355043403713, -1.000000000000013989, -0.5773502691896416072 ) ) ;
#6504 = DIRECTION ( 'NONE',  ( 0.7071067811865591191, 8.659560562355073374E-17, -0.7071067811865360264 ) ) ;
#6505 = DIRECTION ( 'NONE',  ( 0.9063077870366492705, -0.4226182617407010511, 0.000000000000000000 ) ) ;
#6506 = EDGE_LOOP ( 'NONE', ( #2438, #374, #4292, #5790 ) ) ;
#6507 = ORIENTED_EDGE ( 'NONE', *, *, #5473, .T. ) ;
#6508 = CARTESIAN_POINT ( 'NONE',  ( 45.45615673456316586, -27.68750000000023448, 10.00000000000000000 ) ) ;
#6509 = CARTESIAN_POINT ( 'NONE',  ( -11.56793450629981557, 35.67128850371918247, -22.07904004478004367 ) ) ;
#6510 = VERTEX_POINT ( 'NONE', #1194 ) ;
#6511 = ORIENTED_EDGE ( 'NONE', *, *, #1811, .T. ) ;
#6512 = CARTESIAN_POINT ( 'NONE',  ( 11.73735708915890008, -35.61590079026848343, -4.620052199772978874 ) ) ;
#6513 = DIRECTION ( 'NONE',  ( 0.000000000000000000, 0.000000000000000000, -1.000000000000000000 ) ) ;
#6514 = CARTESIAN_POINT ( 'NONE',  ( 11.84235976833576842, 35.58123307826106441, -4.479574171170897401 ) ) ;
#6515 = CIRCLE ( 'NONE', #7557, 2.000000000000000000 ) ;
#6516 =( BOUNDED_CURVE ( )  B_SPLINE_CURVE ( 3, ( #5364, #6555, #305, #912 ),
 .UNSPECIFIED., .F., .F. ) 
 B_SPLINE_CURVE_WITH_KNOTS ( ( 4, 4 ),
 ( 1.594608100755565694, 1.738244406014586074 ),
 .UNSPECIFIED. ) 
 CURVE ( )  GEOMETRIC_REPRESENTATION_ITEM ( )  RATIONAL_B_SPLINE_CURVE ( ( 1.000000000000000000, 0.9982814565068700574, 0.9982814565068700574, 1.000000000000000000 ) ) 
 REPRESENTATION_ITEM ( '' )  );
#6517 = CARTESIAN_POINT ( 'NONE',  ( -36.81211925894253056, -7.151335893057311210, -4.128825702922127583 ) ) ;
#6518 = DESIGN_CONTEXT ( 'detailed design', #4179, 'design' ) ;
#6519 = FACE_OUTER_BOUND ( 'NONE', #4604, .T. ) ;
#6520 = DIRECTION ( 'NONE',  ( -0.3355296470614886339, 0.9420296470614886175, -0.000000000000000000 ) ) ;
#6521 = EDGE_CURVE ( 'NONE', #7426, #7746, #6879, .T. ) ;
#6522 = CYLINDRICAL_SURFACE ( 'NONE', #2789, 2.000000000000000000 ) ;
#6523 = ORIENTED_EDGE ( 'NONE', *, *, #5498, .F. ) ;
#6524 = FACE_BOUND ( 'NONE', #1773, .T. ) ;
#6525 = EDGE_CURVE ( 'NONE', #7021, #5035, #974, .T. ) ;
#6526 = CARTESIAN_POINT ( 'NONE',  ( -14.50001477564997110, -39.41793000240200229, -22.87103113893243389 ) ) ;
#6527 = ORIENTED_EDGE ( 'NONE', *, *, #3057, .T. ) ;
#6528 = DIRECTION ( 'NONE',  ( -1.000000000000000000, 0.000000000000000000, 0.000000000000000000 ) ) ;
#6529 = ORIENTED_EDGE ( 'NONE', *, *, #6359, .F. ) ;
#6530 = ORIENTED_EDGE ( 'NONE', *, *, #2244, .T. ) ;
#6531 = EDGE_CURVE ( 'NONE', #4921, #5927, #3191, .T. ) ;
#6532 = CARTESIAN_POINT ( 'NONE',  ( -11.41280283136522478, -35.72114331883422267, -21.57687334188219452 ) ) ;
#6533 = ORIENTED_EDGE ( 'NONE', *, *, #4551, .T. ) ;
#6534 = DIRECTION ( 'NONE',  ( -1.000000000000000000, 0.000000000000000000, 0.000000000000000000 ) ) ;
#6535 = LINE ( 'NONE', #3390, #3239 ) ;
#6536 = DIRECTION ( 'NONE',  ( -0.000000000000000000, -0.000000000000000000, 1.000000000000000000 ) ) ;
#6537 = CARTESIAN_POINT ( 'NONE',  ( -36.71292883274869467, 7.643218483017445664, -22.37976996195394364 ) ) ;
#6538 = CARTESIAN_POINT ( 'NONE',  ( 41.98809355043403713, -0.9999999999999715783, -26.42264973081040580 ) ) ;
#6539 = VERTEX_POINT ( 'NONE', #3147 ) ;
#6540 = ORIENTED_EDGE ( 'NONE', *, *, #390, .F. ) ;
#6541 = ADVANCED_FACE ( 'NONE', ( #6346 ), #1974, .F. ) ;
#6542 = DIRECTION ( 'NONE',  ( 0.4330127018922174109, 0.2499999999999975853, -0.8660254037844403729 ) ) ;
#6543 = DIRECTION ( 'NONE',  ( 1.000000000000000000, 0.000000000000000000, 0.000000000000000000 ) ) ;
#6544 = VERTEX_POINT ( 'NONE', #1316 ) ;
#6545 = CARTESIAN_POINT ( 'NONE',  ( -11.47299966812150451, 29.33633035359542873, -23.00000000000000000 ) ) ;
#6546 = ORIENTED_EDGE ( 'NONE', *, *, #1196, .F. ) ;
#6547 = CARTESIAN_POINT ( 'NONE',  ( -14.64410141435747548, 39.36432768085863643, -4.041451884327441846 ) ) ;
#6548 = LINE ( 'NONE', #7199, #7063 ) ;
#6549 = DIRECTION ( 'NONE',  ( -0.4999999999999979461, 0.8660254037844397068, 0.000000000000000000 ) ) ;
#6550 = VECTOR ( 'NONE', #7690, 1000.000000000000000 ) ;
#6551 = DIRECTION ( 'NONE',  ( -0.4999999999999918954, 0.8660254037844432595, 0.000000000000000000 ) ) ;
#6552 = CARTESIAN_POINT ( 'NONE',  ( -26.99468395251825115, 32.17611792599306142, -22.76463276076776054 ) ) ;
#6553 = AXIS2_PLACEMENT_3D ( 'NONE', #4283, #5400, #5591 ) ;
#6554 = CARTESIAN_POINT ( 'NONE',  ( -21.86007217900137078, 35.86275567115347940, -26.42264973081039159 ) ) ;
#6555 = CARTESIAN_POINT ( 'NONE',  ( 18.36155911386066819, 37.82728991241907579, -1.739018449894382590 ) ) ;
#6556 = CARTESIAN_POINT ( 'NONE',  ( -11.94710176973198479, -36.00000000000000711, -22.35162694428391461 ) ) ;
#6557 = DIRECTION ( 'NONE',  ( 0.000000000000000000, 0.000000000000000000, -1.000000000000000000 ) ) ;
#6558 = ORIENTED_EDGE ( 'NONE', *, *, #265, .T. ) ;
#6559 = FACE_BOUND ( 'NONE', #108, .T. ) ;
#6560 = LINE ( 'NONE', #6602, #5390 ) ;
#6561 = CONICAL_SURFACE ( 'NONE', #3029, 2.099999999999999645, 0.7853981633974645993 ) ;
#6562 = ORIENTED_EDGE ( 'NONE', *, *, #6014, .T. ) ;
#6563 = EDGE_CURVE ( 'NONE', #3639, #4698, #2871, .T. ) ;
#6564 = CARTESIAN_POINT ( 'NONE',  ( 37.21717700014590235, -5.019524289853189991, -2.898023699950639465 ) ) ;
#6565 = VECTOR ( 'NONE', #7213, 1000.000000000000000 ) ;
#6566 = CARTESIAN_POINT ( 'NONE',  ( -12.35825919329800548, -35.40513281589642958, -22.95854811567265230 ) ) ;
#6567 = ORIENTED_EDGE ( 'NONE', *, *, #3814, .T. ) ;
#6568 = DIRECTION ( 'NONE',  ( -1.000000000000000000, 0.000000000000000000, 0.000000000000000000 ) ) ;
#6569 = CARTESIAN_POINT ( 'NONE',  ( -11.47299966812155247, -29.33633035359540742, -33.00000000000000000 ) ) ;
#6570 = VERTEX_POINT ( 'NONE', #4991 ) ;
#6571 = EDGE_CURVE ( 'NONE', #5231, #1637, #84, .T. ) ;
#6572 = AXIS2_PLACEMENT_3D ( 'NONE', #6101, #5407, #2943 ) ;
#6573 = EDGE_CURVE ( 'NONE', #3472, #4368, #7923, .T. ) ;
#6574 = CARTESIAN_POINT ( 'NONE',  ( 25.99999999999999645, 28.00000000000000355, -28.00000000000000000 ) ) ;
#6575 = EDGE_CURVE ( 'NONE', #170, #3730, #5798, .T. ) ;
#6576 = CARTESIAN_POINT ( 'NONE',  ( -51.37500000000000711, -93.75000000000000000, 6.123233995736766085E-15 ) ) ;
#6577 = CARTESIAN_POINT ( 'NONE',  ( 36.73543162791712291, 7.534832138997126449, -4.479574171170901842 ) ) ;
#6578 = CARTESIAN_POINT ( 'NONE',  ( -41.38693613450180919, -7.151583850238877993, -22.87103113893243744 ) ) ;
#6579 = VERTEX_POINT ( 'NONE', #2431 ) ;
#6580 = EDGE_CURVE ( 'NONE', #3241, #1360, #1810, .T. ) ;
#6581 = ORIENTED_EDGE ( 'NONE', *, *, #4551, .F. ) ;
#6582 = DIRECTION ( 'NONE',  ( 0.000000000000000000, 0.000000000000000000, -1.000000000000000000 ) ) ;
#6583 = VERTEX_POINT ( 'NONE', #5762 ) ;
#6584 = CARTESIAN_POINT ( 'NONE',  ( -37.43290672965760990, 3.015191822317153214, -25.25917818972684614 ) ) ;
#6585 = ORIENTED_EDGE ( 'NONE', *, *, #5676, .F. ) ;
#6586 = DIRECTION ( 'NONE',  ( 0.5000000000000099920, 0.8660254037844329345, -3.576792014222721318E-17 ) ) ;
#6587 = DIRECTION ( 'NONE',  ( 1.000000000000000000, 0.000000000000000000, 0.000000000000000000 ) ) ;
#6588 = CARTESIAN_POINT ( 'NONE',  ( 32.00000000000000000, 3.469446951953614189E-15, -24.69059892324151306 ) ) ;
#6589 = CARTESIAN_POINT ( 'NONE',  ( 37.49874868938626804, 0.3496513648396593621, -0.3324863630725038433 ) ) ;
#6590 = CARTESIAN_POINT ( 'NONE',  ( 32.54860834569546313, -44.79931606351289730, 0.000000000000000000 ) ) ;
#6591 = CARTESIAN_POINT ( 'NONE',  ( 9.071796769724199905, -31.71281292110211680, -22.38119784648303678 ) ) ;
#6592 = EDGE_CURVE ( 'NONE', #3186, #8008, #158, .T. ) ;
#6593 = EDGE_CURVE ( 'NONE', #5137, #2352, #7800, .T. ) ;
#6594 = CARTESIAN_POINT ( 'NONE',  ( -50.00000000000000000, -93.75000000000000000, 30.00000000000000711 ) ) ;
#6595 = AXIS2_PLACEMENT_3D ( 'NONE', #4006, #7066, #3391 ) ;
#6596 = DIRECTION ( 'NONE',  ( -0.9063077870366498257, -0.4226182617406995523, 0.000000000000000000 ) ) ;
#6597 = CARTESIAN_POINT ( 'NONE',  ( -47.95615673456354955, -27.68749999999955946, 10.00000000000000000 ) ) ;
#6598 = ORIENTED_EDGE ( 'NONE', *, *, #2807, .T. ) ;
#6599 = VECTOR ( 'NONE', #6241, 1000.000000000000114 ) ;
#6600 = CARTESIAN_POINT ( 'NONE',  ( 12.70660171779811876, 10.60660171779830208, -33.00000000000000000 ) ) ;
#6601 = FACE_BOUND ( 'NONE', #5348, .T. ) ;
#6602 = CARTESIAN_POINT ( 'NONE',  ( 41.23105625617660763, 7.999999999999977796, -27.00000000000000711 ) ) ;
#6603 = VERTEX_POINT ( 'NONE', #167 ) ;
#6604 = CARTESIAN_POINT ( 'NONE',  ( 43.65164471081077124, 37.05310732712170108, 10.00000000000000000 ) ) ;
#6605 = DIRECTION ( 'NONE',  ( -1.000000000000000000, -1.734723475976807094E-15, 0.000000000000000000 ) ) ;
#6606 = ORIENTED_EDGE ( 'NONE', *, *, #5172, .F. ) ;
#6607 = FACE_BOUND ( 'NONE', #651, .T. ) ;
#6608 = CARTESIAN_POINT ( 'NONE',  ( 27.45633059113021801, 31.78288894905408668, -21.91336164883027138 ) ) ;
#6609 = CARTESIAN_POINT ( 'NONE',  ( -12.08028895096108357, 35.50116049070368263, -4.234229113602769878 ) ) ;
#6610 = DIRECTION ( 'NONE',  ( 0.000000000000000000, 0.000000000000000000, 1.000000000000000000 ) ) ;
#6611 = CIRCLE ( 'NONE', #7657, 1.375000000000001332 ) ;
#6612 = VERTEX_POINT ( 'NONE', #2056 ) ;
#6613 = CARTESIAN_POINT ( 'NONE',  ( -8.000000000000000000, -41.23105625617660763, -27.00000000000001421 ) ) ;
#6614 = DIRECTION ( 'NONE',  ( -1.000000000000000000, -0.000000000000000000, -0.000000000000000000 ) ) ;
#6615 = ORIENTED_EDGE ( 'NONE', *, *, #1431, .F. ) ;
#6616 = EDGE_CURVE ( 'NONE', #4489, #4443, #5682, .T. ) ;
#6617 = ORIENTED_EDGE ( 'NONE', *, *, #241, .F. ) ;
#6618 = CARTESIAN_POINT ( 'NONE',  ( 0.000000000000000000, 55.37500000000000000, 12.50000000000000000 ) ) ;
#6619 = CIRCLE ( 'NONE', #3361, 2.099999999999999645 ) ;
#6620 = CARTESIAN_POINT ( 'NONE',  ( 31.19895450303005902, 12.20144409149429343, -33.00000000000000000 ) ) ;
#6621 = ORIENTED_EDGE ( 'NONE', *, *, #2307, .T. ) ;
#6622 = ADVANCED_FACE ( 'NONE', ( #3428 ), #2791, .T. ) ;
#6623 = CARTESIAN_POINT ( 'NONE',  ( 0.000000000000000000, 0.000000000000000000, -33.00000000000000000 ) ) ;
#6624 = CIRCLE ( 'NONE', #583, 2.000000000000000000 ) ;
#6625 = EDGE_LOOP ( 'NONE', ( #671, #7683, #786, #6663 ) ) ;
#6626 = DIRECTION ( 'NONE',  ( 0.000000000000000000, 0.000000000000000000, -1.000000000000000000 ) ) ;
#6627 = VECTOR ( 'NONE', #2423, 1000.000000000000000 ) ;
#6628 = CARTESIAN_POINT ( 'NONE',  ( 5.000486708505708755, -10.72357835230655887, -27.00000000000000000 ) ) ;
#6629 = CARTESIAN_POINT ( 'NONE',  ( -21.30188322601690487, -36.19748909167569195, -0.3324020045413398350 ) ) ;
#6630 = VECTOR ( 'NONE', #2168, 1000.000000000000000 ) ;
#6631 = DIRECTION ( 'NONE',  ( -1.000000000000000000, 0.000000000000000000, 0.000000000000000000 ) ) ;
#6632 = AXIS2_PLACEMENT_3D ( 'NONE', #249, #3317, #4583 ) ;
#6633 = FACE_OUTER_BOUND ( 'NONE', #6908, .T. ) ;
#6634 = CARTESIAN_POINT ( 'NONE',  ( -37.48666429545313150, -0.9999999999999931166, -0.5773502691896312822 ) ) ;
#6635 = DIRECTION ( 'NONE',  ( 0.000000000000000000, 0.000000000000000000, -1.000000000000000000 ) ) ;
#6636 = LINE ( 'NONE', #3616, #2890 ) ;
#6637 = VECTOR ( 'NONE', #1059, 1000.000000000000000 ) ;
#6638 = CARTESIAN_POINT ( 'NONE',  ( -37.21717700014589525, -5.019524289853182886, -2.898023699950642573 ) ) ;
#6639 = CARTESIAN_POINT ( 'NONE',  ( -5.677585235482507819, 8.231951524020962196, -27.00000000000000000 ) ) ;
#6640 = ORIENTED_EDGE ( 'NONE', *, *, #1187, .F. ) ;
#6641 = EDGE_CURVE ( 'NONE', #2294, #170, #8125, .T. ) ;
#6642 = CYLINDRICAL_SURFACE ( 'NONE', #5936, 2.000000000000000000 ) ;
#6643 = FACE_OUTER_BOUND ( 'NONE', #6228, .T. ) ;
#6644 = AXIS2_PLACEMENT_3D ( 'NONE', #5223, #1512, #888 ) ;
#6645 = CARTESIAN_POINT ( 'NONE',  ( 22.95562404999856554, -29.72125859434189721, -24.10197630004942582 ) ) ;
#6646 = ORIENTED_EDGE ( 'NONE', *, *, #7880, .T. ) ;
#6647 = CARTESIAN_POINT ( 'NONE',  ( 50.00000000000000000, -93.75000000000000000, 30.00000000000000711 ) ) ;
#6648 = CARTESIAN_POINT ( 'NONE',  ( -14.26155295014745761, -34.74078288419470084, -24.10197630004941871 ) ) ;
#6649 = ORIENTED_EDGE ( 'NONE', *, *, #7980, .T. ) ;
#6650 = FACE_OUTER_BOUND ( 'NONE', #3835, .T. ) ;
#6651 = CARTESIAN_POINT ( 'NONE',  ( 51.37500000000000711, -93.75000000000000000, 30.00000000000000711 ) ) ;
#6652 = ORIENTED_EDGE ( 'NONE', *, *, #333, .F. ) ;
#6653 = CARTESIAN_POINT ( 'NONE',  ( -42.00000000000000000, 5.143516556418883322E-15, 0.000000000000000000 ) ) ;
#6654 = ORIENTED_EDGE ( 'NONE', *, *, #6774, .T. ) ;
#6655 = CARTESIAN_POINT ( 'NONE',  ( 0.000000000000000000, 0.000000000000000000, 0.000000000000000000 ) ) ;
#6656 = DIRECTION ( 'NONE',  ( -1.000000000000000000, 0.000000000000000000, 0.000000000000000000 ) ) ;
#6657 = ORIENTED_EDGE ( 'NONE', *, *, #1684, .F. ) ;
#6658 = EDGE_LOOP ( 'NONE', ( #3589, #1718, #1357, #4478 ) ) ;
#6659 = FACE_OUTER_BOUND ( 'NONE', #3771, .T. ) ;
#6660 = LINE ( 'NONE', #3520, #4031 ) ;
#6661 = ADVANCED_FACE ( 'NONE', ( #4619 ), #121, .F. ) ;
#6662 = VERTEX_POINT ( 'NONE', #2130 ) ;
#6663 = ORIENTED_EDGE ( 'NONE', *, *, #4321, .T. ) ;
#6664 = ADVANCED_FACE ( 'NONE', ( #5306 ), #1429, .F. ) ;
#6665 = CARTESIAN_POINT ( 'NONE',  ( -100.0000000000000000, -100.0000000000000000, 110.0000000000000000 ) ) ;
#6666 = CARTESIAN_POINT ( 'NONE',  ( 21.19615242270640110, -24.71281292110223404, -5.773502691896310601 ) ) ;
#6667 = DIRECTION ( 'NONE',  ( -1.000000000000000000, 0.000000000000000000, 0.000000000000000000 ) ) ;
#6668 = CARTESIAN_POINT ( 'NONE',  ( 41.98809355043404423, -1.000000000000024203, -0.5773502691896463812 ) ) ;
#6669 = EDGE_CURVE ( 'NONE', #7310, #1576, #685, .T. ) ;
#6670 = CARTESIAN_POINT ( 'NONE',  ( 37.48666429545313150, 0.9999999999999931166, -0.5773502691896312822 ) ) ;
#6671 = EDGE_CURVE ( 'NONE', #2245, #3652, #2922, .T. ) ;
#6672 = DIRECTION ( 'NONE',  ( 1.000000000000000000, -0.000000000000000000, -0.000000000000000000 ) ) ;
#6673 = CIRCLE ( 'NONE', #3153, 4.000000000000000000 ) ;
#6674 = LINE ( 'NONE', #7328, #4207 ) ;
#6675 = CARTESIAN_POINT ( 'NONE',  ( 0.000000000000000000, 0.000000000000000000, -33.00000000000000000 ) ) ;
#6676 = LINE ( 'NONE', #8034, #5039 ) ;
#6677 = ORIENTED_EDGE ( 'NONE', *, *, #7693, .T. ) ;
#6678 = CONICAL_SURFACE ( 'NONE', #640, 2.099999999999997868, 0.7853981633974653764 ) ;
#6679 = CARTESIAN_POINT ( 'NONE',  ( -95.54778280986008099, -87.50000000000001421, 25.00000000000000711 ) ) ;
#6680 = CARTESIAN_POINT ( 'NONE',  ( -41.31865857685196630, -7.535523860037751653, -4.480273193007957566 ) ) ;
#6681 = CARTESIAN_POINT ( 'NONE',  ( 19.60935755151071547, -31.96440358300167617, -26.42264973081038448 ) ) ;
#6682 = VERTEX_POINT ( 'NONE', #7031 ) ;
#6683 = DIRECTION ( 'NONE',  ( -0.000000000000000000, -0.000000000000000000, -1.000000000000000000 ) ) ;
#6684 = CYLINDRICAL_SURFACE ( 'NONE', #2010, 2.000000000000001332 ) ;
#6685 = ORIENTED_EDGE ( 'NONE', *, *, #5026, .F. ) ;
#6686 = EDGE_CURVE ( 'NONE', #1340, #2436, #1207, .T. ) ;
#6687 = CARTESIAN_POINT ( 'NONE',  ( 28.49109383011400354, -13.28561524219485257, -23.00000000000000000 ) ) ;
#6688 = DIRECTION ( 'NONE',  ( -0.9063077870366493816, 0.4226182617407008291, 0.000000000000000000 ) ) ;
#6689 = VERTEX_POINT ( 'NONE', #6461 ) ;
#6690 = VECTOR ( 'NONE', #3457, 1000.000000000000114 ) ;
#6691 = CYLINDRICAL_SURFACE ( 'NONE', #3573, 2.000000000000001332 ) ;
#6692 = AXIS2_PLACEMENT_3D ( 'NONE', #5780, #1252, #755 ) ;
#6693 = DIRECTION ( 'NONE',  ( -0.000000000000000000, -0.000000000000000000, -1.000000000000000000 ) ) ;
#6694 = ADVANCED_FACE ( 'NONE', ( #5881 ), #816, .T. ) ;
#6695 = EDGE_LOOP ( 'NONE', ( #4118, #2537, #3400, #7119 ) ) ;
#6696 = DIRECTION ( 'NONE',  ( 0.000000000000000000, 0.000000000000000000, 1.000000000000000000 ) ) ;
#6697 = ADVANCED_FACE ( 'NONE', ( #2013 ), #2711, .F. ) ;
#6698 = AXIS2_PLACEMENT_3D ( 'NONE', #302, #2111, #2689 ) ;
#6699 = CARTESIAN_POINT ( 'NONE',  ( 13.86258339050842814, 39.64639492051243508, -22.07833334284884330 ) ) ;
#6700 = ORIENTED_EDGE ( 'NONE', *, *, #1874, .F. ) ;
#6701 = CARTESIAN_POINT ( 'NONE',  ( -8.231951524020955091, 5.677585235482520254, -33.00000000000000000 ) ) ;
#6702 = AXIS2_PLACEMENT_3D ( 'NONE', #7385, #6780, #1134 ) ;
#6703 = DIRECTION ( 'NONE',  ( -1.000000000000000000, 0.000000000000000000, 0.000000000000000000 ) ) ;
#6704 = ORIENTED_EDGE ( 'NONE', *, *, #3302, .T. ) ;
#6705 = EDGE_LOOP ( 'NONE', ( #738, #6457, #2134, #4156 ) ) ;
#6706 = LINE ( 'NONE', #4914, #6494 ) ;
#6707 = CARTESIAN_POINT ( 'NONE',  ( 19.60935755151114179, 31.96440358300141327, -26.42264973081038804 ) ) ;
#6708 = DIRECTION ( 'NONE',  ( -1.000000000000000000, 0.000000000000000000, 0.000000000000000000 ) ) ;
#6709 = AXIS2_PLACEMENT_3D ( 'NONE', #7997, #6861, #1170 ) ;
#6710 = EDGE_LOOP ( 'NONE', ( #8015, #6406 ) ) ;
#6711 =( BOUNDED_CURVE ( )  B_SPLINE_CURVE ( 3, ( #7323, #7243, #4178, #6754 ),
 .UNSPECIFIED., .F., .F. ) 
 B_SPLINE_CURVE_WITH_KNOTS ( ( 4, 4 ),
 ( 4.736200754345357922, 4.879837059604378524 ),
 .UNSPECIFIED. ) 
 CURVE ( )  GEOMETRIC_REPRESENTATION_ITEM ( )  RATIONAL_B_SPLINE_CURVE ( ( 1.000000000000000000, 0.9982814565068700574, 0.9982814565068700574, 1.000000000000000000 ) ) 
 REPRESENTATION_ITEM ( '' )  );
#6712 = CARTESIAN_POINT ( 'NONE',  ( -10.60660171779819017, 10.60660171779823102, -31.99999999999998579 ) ) ;
#6713 = DIRECTION ( 'NONE',  ( -1.000000000000000000, 0.000000000000000000, 0.000000000000000000 ) ) ;
#6714 = ORIENTED_EDGE ( 'NONE', *, *, #5124, .F. ) ;
#6715 = CARTESIAN_POINT ( 'NONE',  ( 18.44515424866296627, -32.65048928824833752, -0.3328378400117766867 ) ) ;
#6716 = ORIENTED_EDGE ( 'NONE', *, *, #5193, .T. ) ;
#6717 = DIRECTION ( 'NONE',  ( -1.000000000000000000, 0.000000000000000000, 0.000000000000000000 ) ) ;
#6718 = DIRECTION ( 'NONE',  ( 0.000000000000000000, 0.000000000000000000, -1.000000000000000000 ) ) ;
#6719 = DIRECTION ( 'NONE',  ( 0.000000000000000000, 0.000000000000000000, 1.000000000000000000 ) ) ;
#6720 = ADVANCED_FACE ( 'NONE', ( #4658 ), #7150, .F. ) ;
#6721 = ADVANCED_FACE ( 'NONE', ( #3892 ), #740, .F. ) ;
#6722 = PLANE ( 'NONE',  #1346 ) ;
#6723 = FACE_OUTER_BOUND ( 'NONE', #2668, .T. ) ;
#6724 = LINE ( 'NONE', #513, #3169 ) ;
#6725 = CIRCLE ( 'NONE', #3985, 2.500000000000002220 ) ;
#6726 = ORIENTED_EDGE ( 'NONE', *, *, #7590, .F. ) ;
#6727 = CARTESIAN_POINT ( 'NONE',  ( 41.23105625617660763, 7.999999999999998224, -5.596279247946063684 ) ) ;
#6728 = EDGE_CURVE ( 'NONE', #1171, #4996, #2393, .T. ) ;
#6729 = CARTESIAN_POINT ( 'NONE',  ( -37.48666429545313150, 0.9999999999999892308, -26.42264973081038804 ) ) ;
#6730 = ORIENTED_EDGE ( 'NONE', *, *, #5220, .T. ) ;
#6731 = CARTESIAN_POINT ( 'NONE',  ( 26.67770595457908556, -32.20714214271450260, -4.041451884327439181 ) ) ;
#6732 = CARTESIAN_POINT ( 'NONE',  ( -11.37499999999999467, -93.75000000000000000, 6.123233995736766085E-15 ) ) ;
#6733 = VERTEX_POINT ( 'NONE', #7887 ) ;
#6734 = AXIS2_PLACEMENT_3D ( 'NONE', #1210, #552, #7501 ) ;
#6735 = CARTESIAN_POINT ( 'NONE',  ( -31.19895450303005902, -12.20144409149429876, -23.00000000000000000 ) ) ;
#6736 = CYLINDRICAL_SURFACE ( 'NONE', #4435, 2.099999999999997868 ) ;
#6737 = PERSON ( 'UNSPECIFIED', 'UNSPECIFIED', 'UNSPECIFIED', ('UNSPECIFIED'), ('UNSPECIFIED'), ('UNSPECIFIED') ) ;
#6738 = CIRCLE ( 'NONE', #6358, 1.375000000000001332 ) ;
#6739 = ORIENTED_EDGE ( 'NONE', *, *, #8083, .F. ) ;
#6740 = FACE_OUTER_BOUND ( 'NONE', #6906, .T. ) ;
#6741 = VECTOR ( 'NONE', #6505, 999.9999999999998863 ) ;
#6742 = B_SPLINE_CURVE_WITH_KNOTS ( 'NONE', 3,
 ( #8038, #4151, #3712, #3581, #5577, #6109 ),
 .UNSPECIFIED., .F., .F.,
 ( 4, 2, 4 ),
 ( 0.001042522117511602599, 0.001564419241671668841, 0.002086316365831735083 ),
 .UNSPECIFIED. ) ;
#6743 = DIRECTION ( 'NONE',  ( 0.5000000000000099920, 0.8660254037844328234, 8.012344526598335102E-18 ) ) ;
#6744 = FACE_OUTER_BOUND ( 'NONE', #3697, .T. ) ;
#6745 = ORIENTED_EDGE ( 'NONE', *, *, #7924, .F. ) ;
#6746 = ADVANCED_FACE ( 'NONE', ( #327 ), #2968, .F. ) ;
#6747 = CARTESIAN_POINT ( 'NONE',  ( 10.50000000000000533, -36.00000000000000711, -26.12249899919919827 ) ) ;
#6748 = ORIENTED_EDGE ( 'NONE', *, *, #790, .T. ) ;
#6749 = CARTESIAN_POINT ( 'NONE',  ( -9.999999999999994671, -93.75000000000000000, 6.123233995736766085E-15 ) ) ;
#6750 = CARTESIAN_POINT ( 'NONE',  ( 37.49073999436470217, 0.8472156431325558179, -26.51085982037577438 ) ) ;
#6751 = CC_DESIGN_PERSON_AND_ORGANIZATION_ASSIGNMENT ( #6830, #6261, ( #7801 ) ) ;
#6752 = ORIENTED_EDGE ( 'NONE', *, *, #1289, .T. ) ;
#6753 = CARTESIAN_POINT ( 'NONE',  ( 25.24656833199800943, 27.72833906777965396, -5.773502691896305272 ) ) ;
#6754 = CARTESIAN_POINT ( 'NONE',  ( 41.41255848169732445, -6.999999999999973355, -22.95854811567267362 ) ) ;
#6755 = DIRECTION ( 'NONE',  ( -1.000000000000000000, 0.000000000000000000, 0.000000000000000000 ) ) ;
#6756 = VECTOR ( 'NONE', #5227, 1000.000000000000000 ) ;
#6757 = ORIENTED_EDGE ( 'NONE', *, *, #749, .F. ) ;
#6758 = CARTESIAN_POINT ( 'NONE',  ( -36.84087403957729379, -7.000000000000004441, -4.041451884327440069 ) ) ;
#6759 = ORIENTED_EDGE ( 'NONE', *, *, #2701, .T. ) ;
#6760 = FACE_OUTER_BOUND ( 'NONE', #3393, .T. ) ;
#6761 = CARTESIAN_POINT ( 'NONE',  ( -12.70660171779818981, 10.60660171779823102, -31.99999999999998579 ) ) ;
#6762 = AXIS2_PLACEMENT_3D ( 'NONE', #2129, #2790, #4618 ) ;
#6763 = B_SPLINE_CURVE_WITH_KNOTS ( 'NONE', 3,
 ( #6891, #4349, #7499, #3791, #6851, #1205, #6276, #3747, #1868, #628 ),
 .UNSPECIFIED., .F., .F.,
 ( 4, 2, 2, 2, 4 ),
 ( 1.662227262322389760E-17, 0.0005215790914579443958, 0.001043158182915872312, 0.001564737274373800011, 0.002086316365831727710 ),
 .UNSPECIFIED. ) ;
#6764 = LINE ( 'NONE', #4350, #7392 ) ;
#6765 = CIRCLE ( 'NONE', #3634, 2.500000000000000888 ) ;
#6766 = CARTESIAN_POINT ( 'NONE',  ( 0.000000000000000000, 0.000000000000000000, 12.50000000000000000 ) ) ;
#6767 = DIRECTION ( 'NONE',  ( -0.5000000000000101030, -0.8660254037844328234, -8.012344526598342806E-18 ) ) ;
#6768 = FACE_OUTER_BOUND ( 'NONE', #1583, .T. ) ;
#6769 = CARTESIAN_POINT ( 'NONE',  ( 24.48261484627984785, 28.40513281589646155, -22.95854811567265941 ) ) ;
#6770 = EDGE_CURVE ( 'NONE', #2872, #8069, #3594, .T. ) ;
#6771 = CARTESIAN_POINT ( 'NONE',  ( 41.26607514986292102, 7.817857766815086151, -4.921667756750981226 ) ) ;
#6772 = CARTESIAN_POINT ( 'NONE',  ( 19.60935755151071547, -31.96440358300167617, -26.42264973081038448 ) ) ;
#6773 = ORIENTED_EDGE ( 'NONE', *, *, #3760, .F. ) ;
#6774 = EDGE_CURVE ( 'NONE', #4880, #4380, #1337, .T. ) ;
#6775 = CARTESIAN_POINT ( 'NONE',  ( 41.23105625617661474, -7.999999999999996447, -21.40372075205403490 ) ) ;
#6776 = VERTEX_POINT ( 'NONE', #1589 ) ;
#6777 = CIRCLE ( 'NONE', #3250, 1.375000000000001332 ) ;
#6778 = EDGE_CURVE ( 'NONE', #466, #4193, #407, .T. ) ;
#6779 = CARTESIAN_POINT ( 'NONE',  ( 24.89307185958163871, 28.04640093926387934, -22.52042582882919675 ) ) ;
#6780 = DIRECTION ( 'NONE',  ( -0.000000000000000000, -0.000000000000000000, 1.000000000000000000 ) ) ;
#6781 = CARTESIAN_POINT ( 'NONE',  ( -52.66475458984394464, 17.11181606351326678, 10.00000000000000000 ) ) ;
#6782 = CARTESIAN_POINT ( 'NONE',  ( 12.08028895096135003, 35.50116049070358315, -22.76577088639732338 ) ) ;
#6783 = ADVANCED_FACE ( 'NONE', ( #6740 ), #555, .F. ) ;
#6784 = ORIENTED_EDGE ( 'NONE', *, *, #3326, .F. ) ;
#6785 = DIRECTION ( 'NONE',  ( -1.000000000000000000, 0.000000000000000000, 0.000000000000000000 ) ) ;
#6786 = PLANE ( 'NONE',  #174 ) ;
#6787 = CARTESIAN_POINT ( 'NONE',  ( 18.36155911386068595, 37.82728991241905447, -25.26098155010566870 ) ) ;
#6788 = ORIENTED_EDGE ( 'NONE', *, *, #1497, .T. ) ;
#6789 = SECURITY_CLASSIFICATION_LEVEL ( 'unclassified' ) ;
#6790 = DIRECTION ( 'NONE',  ( 0.000000000000000000, -0.8660254037844355990, 0.5000000000000051070 ) ) ;
#6791 = VERTEX_POINT ( 'NONE', #1014 ) ;
#6792 = CARTESIAN_POINT ( 'NONE',  ( 20.12802137143226133, -36.86275567115359308, -26.42264973081040225 ) ) ;
#6793 = FACE_OUTER_BOUND ( 'NONE', #3436, .T. ) ;
#6794 = ADVANCED_FACE ( 'NONE', ( #2295 ), #3514, .F. ) ;
#6795 = VERTEX_POINT ( 'NONE', #4824 ) ;
#6796 = CARTESIAN_POINT ( 'NONE',  ( 26.76845706733941554, -32.36432768085887091, -22.95854811567266296 ) ) ;
#6797 = CARTESIAN_POINT ( 'NONE',  ( -8.231951524020962196, -5.677585235482507819, -27.00000000000000000 ) ) ;
#6798 = B_SPLINE_CURVE_WITH_KNOTS ( 'NONE', 3,
 ( #1914, #5086, #6898, #675, #6401, #6282, #6364, #717, #2606, #3284 ),
 .UNSPECIFIED., .F., .F.,
 ( 4, 2, 2, 2, 4 ),
 ( 0.000000000000000000, 0.0005232838029695353020, 0.001046567605939070604, 0.001569851408908605906, 0.002093135211878141208 ),
 .UNSPECIFIED. ) ;
#6799 = PLANE ( 'NONE',  #132 ) ;
#6800 = VERTEX_POINT ( 'NONE', #447 ) ;
#6801 = LINE ( 'NONE', #4757, #3439 ) ;
#6802 = ORIENTED_EDGE ( 'NONE', *, *, #6931, .F. ) ;
#6803 = CARTESIAN_POINT ( 'NONE',  ( -18.90003998241012795, -32.38933041763115028, -26.69065413152576483 ) ) ;
#6804 = CARTESIAN_POINT ( 'NONE',  ( 95.54778280986009520, -87.50000000000001421, 25.00000000000000711 ) ) ;
#6805 = EDGE_CURVE ( 'NONE', #2257, #2412, #2837, .T. ) ;
#6806 = CARTESIAN_POINT ( 'NONE',  ( 10.14478196106890984, -36.10360526135490744, -19.59309895693931125 ) ) ;
#6807 = CARTESIAN_POINT ( 'NONE',  ( -12.20144409149434850, -31.19895450303003415, -27.00000000000000000 ) ) ;
#6808 = CARTESIAN_POINT ( 'NONE',  ( 12.25618727523148621, 35.22833906777971436, -22.95854811567266296 ) ) ;
#6809 = LINE ( 'NONE', #4891, #522 ) ;
#6810 = AXIS2_PLACEMENT_3D ( 'NONE', #2486, #7505, #3210 ) ;
#6811 = CARTESIAN_POINT ( 'NONE',  ( 37.50000000000001421, 4.592425496802575944E-15, -27.00000000000000000 ) ) ;
#6812 = VERTEX_POINT ( 'NONE', #4203 ) ;
#6813 = CARTESIAN_POINT ( 'NONE',  ( -11.45826663968973946, -40.40707248379194283, -25.02713393187869428 ) ) ;
#6814 = CARTESIAN_POINT ( 'NONE',  ( -37.21717700014590235, 5.019524289853189991, -2.898023699950639465 ) ) ;
#6815 = ORIENTED_EDGE ( 'NONE', *, *, #4717, .T. ) ;
#6816 = LINE ( 'NONE', #5016, #6498 ) ;
#6817 = AXIS2_PLACEMENT_3D ( 'NONE', #7978, #2888, #4873 ) ;
#6818 = ORIENTED_EDGE ( 'NONE', *, *, #4584, .T. ) ;
#6819 = DIRECTION ( 'NONE',  ( -1.000000000000000000, 0.000000000000000000, 0.000000000000000000 ) ) ;
#6820 = EDGE_CURVE ( 'NONE', #2700, #1258, #6725, .T. ) ;
#6821 = FACE_OUTER_BOUND ( 'NONE', #4958, .T. ) ;
#6822 = AXIS2_PLACEMENT_3D ( 'NONE', #7055, #2581, #1379 ) ;
#6823 = LINE ( 'NONE', #3722, #2083 ) ;
#6824 = ORIENTED_EDGE ( 'NONE', *, *, #1562, .T. ) ;
#6825 = CARTESIAN_POINT ( 'NONE',  ( -22.92820323027578411, -23.71281292110177219, -4.618802153517059139 ) ) ;
#6826 = EDGE_CURVE ( 'NONE', #409, #3563, #7636, .T. ) ;
#6827 = CARTESIAN_POINT ( 'NONE',  ( -95.54778280986008099, -87.50000000000001421, 25.00000000000000711 ) ) ;
#6828 = DIRECTION ( 'NONE',  ( 0.000000000000000000, 0.000000000000000000, 1.000000000000000000 ) ) ;
#6829 = ORIENTED_EDGE ( 'NONE', *, *, #720, .F. ) ;
#6830 = PERSON_AND_ORGANIZATION ( #6737, #462 ) ;
#6831 = AXIS2_PLACEMENT_3D ( 'NONE', #3328, #5819, #7774 ) ;
#6832 = ADVANCED_FACE ( 'NONE', ( #4165 ), #5512, .F. ) ;
#6833 = EDGE_CURVE ( 'NONE', #1728, #6158, #6122, .T. ) ;
#6834 = DIRECTION ( 'NONE',  ( 0.000000000000000000, 0.000000000000000000, -1.000000000000000000 ) ) ;
#6835 = CIRCLE ( 'NONE', #1042, 33.50000000000000711 ) ;
#6836 = VERTEX_POINT ( 'NONE', #2877 ) ;
#6837 = CARTESIAN_POINT ( 'NONE',  ( 41.23105625617660763, 7.999999999999977796, -5.773502691896310601 ) ) ;
#6838 = CARTESIAN_POINT ( 'NONE',  ( -36.66142631260766649, 7.886188508877494563, -5.085918016008659670 ) ) ;
#6839 = EDGE_CURVE ( 'NONE', #5279, #5418, #8046, .T. ) ;
#6840 = AXIS2_PLACEMENT_3D ( 'NONE', #301, #345, #2853 ) ;
#6841 = VERTEX_POINT ( 'NONE', #6613 ) ;
#6842 = FACE_OUTER_BOUND ( 'NONE', #3842, .T. ) ;
#6843 = ORIENTED_EDGE ( 'NONE', *, *, #366, .F. ) ;
#6844 = CARTESIAN_POINT ( 'NONE',  ( 41.15164471081077124, 37.05310732712170108, 10.00000000000000000 ) ) ;
#6845 = CIRCLE ( 'NONE', #1848, 2.499999999999998668 ) ;
#6846 = CYLINDRICAL_SURFACE ( 'NONE', #4218, 2.000000000000000444 ) ;
#6847 = ORIENTED_EDGE ( 'NONE', *, *, #160, .F. ) ;
#6848 = FACE_OUTER_BOUND ( 'NONE', #3855, .T. ) ;
#6849 = ORIENTED_EDGE ( 'NONE', *, *, #3980, .T. ) ;
#6850 = CARTESIAN_POINT ( 'NONE',  ( 36.63673020344474907, -8.000000000000000000, -5.596046132068689616 ) ) ;
#6851 = CARTESIAN_POINT ( 'NONE',  ( -18.90003998240968741, 32.38933041763141318, -0.3093458684742622089 ) ) ;
#6852 = CARTESIAN_POINT ( 'NONE',  ( -13.68732489781327999, -39.70714214271408338, -5.773502691896310601 ) ) ;
#6853 = CARTESIAN_POINT ( 'NONE',  ( 50.00000000000000000, -93.75000000000000000, 30.00000000000000711 ) ) ;
#6854 = CARTESIAN_POINT ( 'NONE',  ( -21.86602540378486381, -35.87306695894616837, -0.5773502691896380545 ) ) ;
#6855 = LINE ( 'NONE', #5576, #4084 ) ;
#6856 = ADVANCED_FACE ( 'NONE', ( #2253 ), #4369, .F. ) ;
#6857 = EDGE_CURVE ( 'NONE', #7395, #1360, #2521, .T. ) ;
#6858 = DIRECTION ( 'NONE',  ( 1.000000000000000000, 0.000000000000000000, 0.000000000000000000 ) ) ;
#6859 = VERTEX_POINT ( 'NONE', #7473 ) ;
#6860 = CARTESIAN_POINT ( 'NONE',  ( -17.87730674394250485, -32.96440358300129958, -26.42264973081037738 ) ) ;
#6861 = DIRECTION ( 'NONE',  ( -0.000000000000000000, 0.5000000000000042188, 0.8660254037844362651 ) ) ;
#6862 = ORIENTED_EDGE ( 'NONE', *, *, #3324, .F. ) ;
#6863 = CARTESIAN_POINT ( 'NONE',  ( 12.35825919329726652, -35.40513281589668537, -22.95854811567265941 ) ) ;
#6864 = ORIENTED_EDGE ( 'NONE', *, *, #1008, .T. ) ;
#6865 = AXIS2_PLACEMENT_3D ( 'NONE', #7756, #4537, #3312 ) ;
#6866 = LINE ( 'NONE', #2042, #520 ) ;
#6867 = ORIENTED_EDGE ( 'NONE', *, *, #5424, .T. ) ;
#6868 = DIRECTION ( 'NONE',  ( 1.000000000000000000, 0.000000000000000000, -0.000000000000000000 ) ) ;
#6869 = EDGE_LOOP ( 'NONE', ( #6208, #7365, #5599, #3180, #4171, #894, #3801, #1994, #3681, #7305, #1618, #2281 ) ) ;
#6870 = CARTESIAN_POINT ( 'NONE',  ( 12.20144409149429343, -31.19895450303005902, -33.00000000000000000 ) ) ;
#6871 = AXIS2_PLACEMENT_3D ( 'NONE', #2677, #3126, #3932 ) ;
#6872 = ORIENTED_EDGE ( 'NONE', *, *, #5277, .F. ) ;
#6873 = CARTESIAN_POINT ( 'NONE',  ( 8.000000000000000000, -36.00000000000000711, -19.00000000000001066 ) ) ;
#6874 = AXIS2_PLACEMENT_3D ( 'NONE', #4956, #1862, #5076 ) ;
#6875 = CIRCLE ( 'NONE', #2767, 1.375000000000001332 ) ;
#6876 = VERTEX_POINT ( 'NONE', #4944 ) ;
#6877 = B_SPLINE_CURVE_WITH_KNOTS ( 'NONE', 3,
 ( #3987, #5330, #5248, #915 ),
 .UNSPECIFIED., .F., .F.,
 ( 4, 4 ),
 ( 6.071532165918824060E-18, 0.007490994237279651607 ),
 .UNSPECIFIED. ) ;
#6878 = DIRECTION ( 'NONE',  ( 0.8944271909999150783, 0.000000000000000000, 0.4472135954999595930 ) ) ;
#6879 = LINE ( 'NONE', #661, #5362 ) ;
#6880 = EDGE_CURVE ( 'NONE', #5054, #705, #1067, .T. ) ;
#6881 = ORIENTED_EDGE ( 'NONE', *, *, #1010, .F. ) ;
#6882 = AXIS2_PLACEMENT_3D ( 'NONE', #3822, #3063, #4459 ) ;
#6883 = CARTESIAN_POINT ( 'NONE',  ( -11.54700538379303687, -36.00000000000000711, -21.15101303213268125 ) ) ;
#6884 = ORIENTED_EDGE ( 'NONE', *, *, #1766, .F. ) ;
#6885 = CARTESIAN_POINT ( 'NONE',  ( -24.59947560434283176, 28.30440957869690166, -22.87104144258560012 ) ) ;
#6886 = EDGE_CURVE ( 'NONE', #1464, #1260, #2126, .T. ) ;
#6887 = VERTEX_POINT ( 'NONE', #6870 ) ;
#6888 = CYLINDRICAL_SURFACE ( 'NONE', #4861, 1.999999999999999112 ) ;
#6889 = ORIENTED_EDGE ( 'NONE', *, *, #7242, .F. ) ;
#6890 = LINE ( 'NONE', #3790, #3549 ) ;
#6891 = CARTESIAN_POINT ( 'NONE',  ( -19.60935755151092863, 31.96440358300154472, -0.5773502691896318373 ) ) ;
#6892 = EDGE_CURVE ( 'NONE', #1678, #7233, #570, .T. ) ;
#6893 = VECTOR ( 'NONE', #3800, 1000.000000000000000 ) ;
#6894 = B_SPLINE_CURVE_WITH_KNOTS ( 'NONE', 3,
 ( #6729, #5991, #2827, #963, #1708, #436 ),
 .UNSPECIFIED., .F., .F.,
 ( 4, 2, 4 ),
 ( 1.517883041479706208E-18, 0.0005212610587557909994, 0.001042522117511580698 ),
 .UNSPECIFIED. ) ;
#6895 = CARTESIAN_POINT ( 'NONE',  ( 31.19895450303003415, -12.20144409149435205, -23.00000000000000000 ) ) ;
#6896 = CIRCLE ( 'NONE', #7935, 3.100000000000048939 ) ;
#6897 = CARTESIAN_POINT ( 'NONE',  ( 37.48666429545313861, 1.000000000000006661, -26.42264973081038448 ) ) ;
#6898 = CARTESIAN_POINT ( 'NONE',  ( -27.52599158393323719, -31.72257755238343080, -5.423601157605922651 ) ) ;
#6899 = DIRECTION ( 'NONE',  ( -0.000000000000000000, 0.000000000000000000, 1.000000000000000000 ) ) ;
#6900 = CIRCLE ( 'NONE', #5975, 2.499999999999998668 ) ;
#6901 = LINE ( 'NONE', #6934, #782 ) ;
#6902 = DIRECTION ( 'NONE',  ( 0.000000000000000000, 0.000000000000000000, 1.000000000000000000 ) ) ;
#6903 = ORIENTED_EDGE ( 'NONE', *, *, #2799, .T. ) ;
#6904 = CARTESIAN_POINT ( 'NONE',  ( 11.39016187144653536, -35.72833906777988489, -21.22649730810378088 ) ) ;
#6905 = EDGE_CURVE ( 'NONE', #3038, #967, #3205, .T. ) ;
#6906 = EDGE_LOOP ( 'NONE', ( #2016, #5111, #4361, #6926 ) ) ;
#6907 = LINE ( 'NONE', #6335, #3569 ) ;
#6908 = EDGE_LOOP ( 'NONE', ( #79, #5848, #1418, #4820 ) ) ;
#6909 = ORIENTED_EDGE ( 'NONE', *, *, #6231, .T. ) ;
#6910 = LINE ( 'NONE', #6341, #3309 ) ;
#6911 = CIRCLE ( 'NONE', #2172, 2.500000000000002220 ) ;
#6912 = ORIENTED_EDGE ( 'NONE', *, *, #3093, .T. ) ;
#6913 = DIRECTION ( 'NONE',  ( 1.000000000000000000, 0.000000000000000000, 0.000000000000000000 ) ) ;
#6914 = AXIS2_PLACEMENT_3D ( 'NONE', #5342, #2748, #1631 ) ;
#6915 = ORIENTED_EDGE ( 'NONE', *, *, #192, .T. ) ;
#6916 = CARTESIAN_POINT ( 'NONE',  ( -21.86007217900139210, 35.86275567115346519, -0.5773502691896371664 ) ) ;
#6917 = LINE ( 'NONE', #5070, #771 ) ;
#6918 = FACE_OUTER_BOUND ( 'NONE', #7092, .T. ) ;
#6919 = ORIENTED_EDGE ( 'NONE', *, *, #4139, .T. ) ;
#6920 = CARTESIAN_POINT ( 'NONE',  ( 26.76845706733943331, -32.36432768085884959, -4.041451884327439181 ) ) ;
#6921 = EDGE_LOOP ( 'NONE', ( #5101, #3321, #1232, #1181 ) ) ;
#6922 = DIRECTION ( 'NONE',  ( 0.000000000000000000, 0.000000000000000000, 1.000000000000000000 ) ) ;
#6923 = ADVANCED_FACE ( 'NONE', ( #3050 ), #3098, .F. ) ;
#6924 = ORIENTED_EDGE ( 'NONE', *, *, #5623, .T. ) ;
#6925 = CARTESIAN_POINT ( 'NONE',  ( -36.73539856458927488, -7.535002961259077203, -22.52032415497789941 ) ) ;
#6926 = ORIENTED_EDGE ( 'NONE', *, *, #2699, .F. ) ;
#6927 = DIRECTION ( 'NONE',  ( 0.4330127018922235727, 0.2500000000000011657, 0.8660254037844361541 ) ) ;
#6928 = DIRECTION ( 'NONE',  ( -0.000000000000000000, -0.000000000000000000, -1.000000000000000000 ) ) ;
#6929 = ADVANCED_FACE ( 'NONE', ( #5593 ), #6165, .F. ) ;
#6930 = CARTESIAN_POINT ( 'NONE',  ( -32.54860834569606709, -44.79931606351243545, 0.000000000000000000 ) ) ;
#6931 = EDGE_CURVE ( 'NONE', #748, #1678, #7374, .T. ) ;
#6932 = DIRECTION ( 'NONE',  ( -0.000000000000000000, -0.000000000000000000, -1.000000000000000000 ) ) ;
#6933 = CARTESIAN_POINT ( 'NONE',  ( -90.00000000000001421, -93.75000000000000000, 30.00000000000000711 ) ) ;
#6934 = CARTESIAN_POINT ( 'NONE',  ( 57.13409809427928820, 20.34987309427929247, 0.000000000000000000 ) ) ;
#6935 = DIRECTION ( 'NONE',  ( -0.8660254037844327124, 0.5000000000000105471, 0.000000000000000000 ) ) ;
#6936 = VERTEX_POINT ( 'NONE', #2363 ) ;
#6937 = LINE ( 'NONE', #6290, #2286 ) ;
#6938 = DIRECTION ( 'NONE',  ( 1.000000000000000000, 0.000000000000000000, 0.000000000000000000 ) ) ;
#6939 = ORIENTED_EDGE ( 'NONE', *, *, #3682, .F. ) ;
#6940 = CARTESIAN_POINT ( 'NONE',  ( -22.52304161032181185, 50.58757971695931843, 10.00000000000000000 ) ) ;
#6941 = FACE_OUTER_BOUND ( 'NONE', #1084, .T. ) ;
#6942 = ORIENTED_EDGE ( 'NONE', *, *, #1467, .F. ) ;
#6943 = ADVANCED_FACE ( 'NONE', ( #7256 ), #6642, .F. ) ;
#6944 = CARTESIAN_POINT ( 'NONE',  ( -30.00000000000000000, -93.75000000000000000, 30.00000000000000711 ) ) ;
#6945 = EDGE_LOOP ( 'NONE', ( #4566, #4167, #2761, #4240 ) ) ;
#6946 = AXIS2_PLACEMENT_3D ( 'NONE', #1940, #3158, #1364 ) ;
#6947 = CYLINDRICAL_SURFACE ( 'NONE', #6049, 2.000000000000000000 ) ;
#6948 = ORIENTED_EDGE ( 'NONE', *, *, #7715, .F. ) ;
#6949 = CARTESIAN_POINT ( 'NONE',  ( -27.26889969358119004, 31.94393475822432293, -4.620752351218224696 ) ) ;
#6950 = ADVANCED_FACE ( 'NONE', ( #4890 ), #1124, .F. ) ;
#6951 = EDGE_CURVE ( 'NONE', #2619, #2047, #7956, .T. ) ;
#6952 = ORIENTED_EDGE ( 'NONE', *, *, #5396, .F. ) ;
#6953 = LINE ( 'NONE', #5031, #185 ) ;
#6954 = CARTESIAN_POINT ( 'NONE',  ( -36.78505132425834745, 7.288743128762990686, -4.234229113602768102 ) ) ;
#6955 = DIRECTION ( 'NONE',  ( 1.000000000000000000, 0.000000000000000000, 0.000000000000000000 ) ) ;
#6956 = VERTEX_POINT ( 'NONE', #3620 ) ;
#6957 = VECTOR ( 'NONE', #2608, 1000.000000000000000 ) ;
#6958 = EDGE_LOOP ( 'NONE', ( #4261, #6649, #416, #5948 ) ) ;
#6959 = CARTESIAN_POINT ( 'NONE',  ( -24.70476237329713243, 28.21241736194073368, -22.76577088639731983 ) ) ;
#6960 = CIRCLE ( 'NONE', #4739, 2.099999999999997868 ) ;
#6961 = ORIENTED_EDGE ( 'NONE', *, *, #1874, .T. ) ;
#6963 = AXIS2_PLACEMENT_3D ( 'NONE', #2914, #1627, #3547 ) ;
#6962 = AXIS2_PLACEMENT_3D ( 'NONE', #7375, #3708, #1166 ) ;
#6964 = DIRECTION ( 'NONE',  ( 1.000000000000000000, 0.000000000000000000, 0.000000000000000000 ) ) ;
#6965 = VERTEX_POINT ( 'NONE', #3663 ) ;
#6966 = CARTESIAN_POINT ( 'NONE',  ( 8.506601717798119466, 10.60660171779830208, -31.99999999999998579 ) ) ;
#6967 = CARTESIAN_POINT ( 'NONE',  ( 32.54860834569546313, -44.79931606351289730, 12.50000000000000000 ) ) ;
#6968 = CARTESIAN_POINT ( 'NONE',  ( 20.12802137143274095, 36.86275567115334439, -0.5773502691896391648 ) ) ;
#6969 = CIRCLE ( 'NONE', #7225, 60.65000000000000568 ) ;
#6970 = CARTESIAN_POINT ( 'NONE',  ( 27.54373135836350173, -31.70714214271452036, -5.773502691896314154 ) ) ;
#6971 = DIRECTION ( 'NONE',  ( 0.9063077870366491595, -0.4226182617407009401, 0.000000000000000000 ) ) ;
#6972 = CARTESIAN_POINT ( 'NONE',  ( 17.87730674394184049, -32.96440358300164775, -26.42264973081038804 ) ) ;
#6973 = DIRECTION ( 'NONE',  ( -1.000000000000000000, 0.000000000000000000, 0.000000000000000000 ) ) ;
#6974 = CARTESIAN_POINT ( 'NONE',  ( 21.72965156016342902, -35.94225330283492070, -26.51080902975480669 ) ) ;
#6975 = CARTESIAN_POINT ( 'NONE',  ( 11.16374791922730125, -40.48943212114230050, -20.53837873901166233 ) ) ;
#6976 = DIRECTION ( 'NONE',  ( 0.8660254037844393737, 0.4999999999999987232, 0.000000000000000000 ) ) ;
#6977 = EDGE_CURVE ( 'NONE', #2600, #4205, #4148, .T. ) ;
#6978 = ORIENTED_EDGE ( 'NONE', *, *, #1788, .T. ) ;
#6979 = ADVANCED_FACE ( 'NONE', ( #352 ), #6147, .F. ) ;
#6980 = CARTESIAN_POINT ( 'NONE',  ( 47.95615673456315875, -27.68750000000023448, 10.00000000000000000 ) ) ;
#6981 = VERTEX_POINT ( 'NONE', #8036 ) ;
#6982 = CYLINDRICAL_SURFACE ( 'NONE', #7856, 10.00000000000000000 ) ;
#6983 = ORIENTED_EDGE ( 'NONE', *, *, #4674, .F. ) ;
#6984 = DIRECTION ( 'NONE',  ( 0.000000000000000000, 0.000000000000000000, -1.000000000000000000 ) ) ;
#6985 = B_SPLINE_CURVE_WITH_KNOTS ( 'NONE', 3,
 ( #3492, #5981, #2773, #6021, #7861, #2816, #425, #7820, #4760, #7251 ),
 .UNSPECIFIED., .F., .F.,
 ( 4, 2, 2, 2, 4 ),
 ( 8.673617379884034509E-19, 0.0005232838029695370367, 0.001046567605939073206, 0.001569851408908609375, 0.002093135211878145545 ),
 .UNSPECIFIED. ) ;
#6986 = ORIENTED_EDGE ( 'NONE', *, *, #4826, .F. ) ;
#6987 = CARTESIAN_POINT ( 'NONE',  ( -26.88709098925323815, 32.26620585126935481, -4.129094177647610664 ) ) ;
#6988 = AXIS2_PLACEMENT_3D ( 'NONE', #2333, #4863, #5429 ) ;
#6989 = ORIENTED_EDGE ( 'NONE', *, *, #7413, .T. ) ;
#6990 = DIRECTION ( 'NONE',  ( 0.4330127018922218518, -0.2500000000000041078, 0.8660254037844362651 ) ) ;
#6991 = CARTESIAN_POINT ( 'NONE',  ( -14.64410141435752344, 39.36432768085862222, -22.95854811567267717 ) ) ;
#6992 = CARTESIAN_POINT ( 'NONE',  ( -24.48261484628004325, -28.40513281589629457, -22.95854811567265941 ) ) ;
#6993 = CARTESIAN_POINT ( 'NONE',  ( 14.26155295014721958, 34.74078288419480032, -24.10197630004942582 ) ) ;
#6994 = VERTEX_POINT ( 'NONE', #7869 ) ;
#6995 = EDGE_LOOP ( 'NONE', ( #601, #5489, #4027, #6748 ) ) ;
#6996 = EDGE_CURVE ( 'NONE', #6415, #170, #3539, .T. ) ;
#6997 = CARTESIAN_POINT ( 'NONE',  ( -28.62499999999999645, -93.75000000000000000, 30.00000000000000711 ) ) ;
#6998 = VECTOR ( 'NONE', #3707, 1000.000000000000000 ) ;
#6999 = ORIENTED_EDGE ( 'NONE', *, *, #3683, .F. ) ;
#7000 = CARTESIAN_POINT ( 'NONE',  ( -21.15113201773198170, -36.28580781933676036, -26.69054384552373449 ) ) ;
#7001 = ORIENTED_EDGE ( 'NONE', *, *, #959, .T. ) ;
#7002 = CARTESIAN_POINT ( 'NONE',  ( 0.000000000000000000, 0.000000000000000000, -33.00000000000000000 ) ) ;
#7003 = CARTESIAN_POINT ( 'NONE',  ( 41.15164471081077124, 37.05310732712170108, 0.000000000000000000 ) ) ;
#7004 = AXIS2_PLACEMENT_3D ( 'NONE', #1870, #3869, #1249 ) ;
#7005 = LINE ( 'NONE', #2643, #4391 ) ;
#7006 = CARTESIAN_POINT ( 'NONE',  ( 36.63673020344474196, 7.999999999999994671, -5.773502691896311489 ) ) ;
#7007 = CARTESIAN_POINT ( 'NONE',  ( 18.01157830561202999, -32.89158522034199450, -26.51080636228724074 ) ) ;
#7008 = AXIS2_PLACEMENT_3D ( 'NONE', #1063, #6626, #6091 ) ;
#7009 = CYLINDRICAL_SURFACE ( 'NONE', #259, 1.999999999999998224 ) ;
#7010 = CARTESIAN_POINT ( 'NONE',  ( 37.50000000000000711, 4.592425496802575156E-15, 10.00000000000000000 ) ) ;
#7011 = VECTOR ( 'NONE', #578, 1000.000000000000000 ) ;
#7012 = ORIENTED_EDGE ( 'NONE', *, *, #1824, .F. ) ;
#7013 = DIRECTION ( 'NONE',  ( 1.000000000000000000, 0.000000000000000000, 0.000000000000000000 ) ) ;
#7014 = ADVANCED_FACE ( 'NONE', ( #1702 ), #6107, .F. ) ;
#7015 = DIRECTION ( 'NONE',  ( -1.000000000000000000, 0.000000000000000000, 0.000000000000000000 ) ) ;
#7016 = VERTEX_POINT ( 'NONE', #3579 ) ;
#7017 = EDGE_CURVE ( 'NONE', #1510, #7842, #7023, .T. ) ;
#7018 = AXIS2_PLACEMENT_3D ( 'NONE', #3004, #6828, #7972 ) ;
#7019 = PLANE ( 'NONE',  #6822 ) ;
#7020 = VERTEX_POINT ( 'NONE', #2278 ) ;
#7021 = VERTEX_POINT ( 'NONE', #2318 ) ;
#7022 = AXIS2_PLACEMENT_3D ( 'NONE', #321, #6688, #5382 ) ;
#7023 =( BOUNDED_CURVE ( )  B_SPLINE_CURVE ( 3, ( #6064, #7415, #4230, #999 ),
 .UNSPECIFIED., .F., .F. ) 
 B_SPLINE_CURVE_WITH_KNOTS ( ( 4, 4 ),
 ( 1.403348247575207930, 1.546984552834227866 ),
 .UNSPECIFIED. ) 
 CURVE ( )  GEOMETRIC_REPRESENTATION_ITEM ( )  RATIONAL_B_SPLINE_CURVE ( ( 1.000000000000000000, 0.9982814565068700574, 0.9982814565068700574, 1.000000000000000000 ) ) 
 REPRESENTATION_ITEM ( '' )  );
#7024 = CARTESIAN_POINT ( 'NONE',  ( -35.04860834569606709, -44.79931606351243545, 10.00000000000000000 ) ) ;
#7025 = ADVANCED_FACE ( 'NONE', ( #6027 ), #6722, .T. ) ;
#7026 = ORIENTED_EDGE ( 'NONE', *, *, #1942, .F. ) ;
#7027 = EDGE_CURVE ( 'NONE', #5054, #5096, #391, .T. ) ;
#7028 = FACE_OUTER_BOUND ( 'NONE', #5519, .T. ) ;
#7029 = VERTEX_POINT ( 'NONE', #2950 ) ;
#7030 = CARTESIAN_POINT ( 'NONE',  ( -27.54373135836372199, 31.70714214271432851, -21.22649730810378443 ) ) ;
#7031 = CARTESIAN_POINT ( 'NONE',  ( -28.49109383011402841, -13.28561524219480461, -27.00000000000000000 ) ) ;
#7032 = CARTESIAN_POINT ( 'NONE',  ( 26.88709098925345131, 32.26620585126917007, -22.87090582235249769 ) ) ;
#7033 = CARTESIAN_POINT ( 'NONE',  ( 41.99999999999999289, 0.1739857838861659789, -0.3094010767585111954 ) ) ;
#7034 = ORIENTED_EDGE ( 'NONE', *, *, #561, .F. ) ;
#7035 = EDGE_LOOP ( 'NONE', ( #2672, #5992, #7595, #3194 ) ) ;
#7036 = CARTESIAN_POINT ( 'NONE',  ( -41.41255848169732445, 6.999999999999973355, -22.95854811567267362 ) ) ;
#7037 = VECTOR ( 'NONE', #7437, 1000.000000000000000 ) ;
#7038 = DIRECTION ( 'NONE',  ( -0.5000000000000041078, -0.8660254037844363761, -2.924120400772497515E-17 ) ) ;
#7039 = EDGE_LOOP ( 'NONE', ( #5313, #2396 ) ) ;
#7040 = CARTESIAN_POINT ( 'NONE',  ( -24.70550111549675876, 28.21176787945811526, -4.235122077022607456 ) ) ;
#7041 = ORIENTED_EDGE ( 'NONE', *, *, #6770, .F. ) ;
#7042 = ADVANCED_FACE ( 'NONE', ( #4847 ), #5985, .F. ) ;
#7043 = DIRECTION ( 'NONE',  ( 1.000000000000000000, 0.000000000000000000, 0.000000000000000000 ) ) ;
#7044 = DIRECTION ( 'NONE',  ( -0.000000000000000000, -0.000000000000000000, 1.000000000000000000 ) ) ;
#7045 = CARTESIAN_POINT ( 'NONE',  ( -45.45615673456354955, -27.68749999999955946, 0.000000000000000000 ) ) ;
#7046 = CARTESIAN_POINT ( 'NONE',  ( -41.23556618222018955, -7.976854085983752007, -5.423547363302433588 ) ) ;
#7047 = CYLINDRICAL_SURFACE ( 'NONE', #658, 2.000000000000000000 ) ;
#7048 = EDGE_CURVE ( 'NONE', #1752, #6579, #5914, .T. ) ;
#7049 = CARTESIAN_POINT ( 'NONE',  ( -11.46121997500032208, -40.40623105623471645, -20.97805186095144236 ) ) ;
#7050 = CARTESIAN_POINT ( 'NONE',  ( -10.80384757729373213, -30.71281292110191075, -5.773502691896307937 ) ) ;
#7051 = EDGE_LOOP ( 'NONE', ( #417, #3503, #4053, #1660 ) ) ;
#7052 = B_SPLINE_CURVE_WITH_KNOTS ( 'NONE', 3,
 ( #7630, #2048, #4037, #236, #3301, #4570, #1382, #6532, #4651, #2784 ),
 .UNSPECIFIED., .F., .F.,
 ( 4, 2, 2, 2, 4 ),
 ( 1.868354362588067661E-17, 0.0005246646380387519218, 0.001049329276077485195, 0.001573993914116218577, 0.002098658552154951742 ),
 .UNSPECIFIED. ) ;
#7053 = CARTESIAN_POINT ( 'NONE',  ( 11.51310987903308636, -54.16492339063454153, 12.50000000000000000 ) ) ;
#7054 = ORIENTED_EDGE ( 'NONE', *, *, #6300, .F. ) ;
#7055 = CARTESIAN_POINT ( 'NONE',  ( 9.071796769724199905, -31.71281292110211680, -4.618802153517059139 ) ) ;
#7056 = EDGE_LOOP ( 'NONE', ( #32, #5140 ) ) ;
#7057 = ORIENTED_EDGE ( 'NONE', *, *, #162, .F. ) ;
#7058 = LINE ( 'NONE', #5874, #7541 ) ;
#7059 = VERTEX_POINT ( 'NONE', #7911 ) ;
#7060 = ORIENTED_EDGE ( 'NONE', *, *, #1287, .F. ) ;
#7061 = CARTESIAN_POINT ( 'NONE',  ( 41.15164471081077124, 37.05310732712170108, 10.00000000000000000 ) ) ;
#7062 = FACE_BOUND ( 'NONE', #4416, .T. ) ;
#7063 = VECTOR ( 'NONE', #2765, 1000.000000000000000 ) ;
#7064 = ORIENTED_EDGE ( 'NONE', *, *, #1646, .T. ) ;
#7065 = DIRECTION ( 'NONE',  ( -1.000000000000000000, 0.000000000000000000, 0.000000000000000000 ) ) ;
#7066 = DIRECTION ( 'NONE',  ( 0.000000000000000000, 0.000000000000000000, 1.000000000000000000 ) ) ;
#7067 = CARTESIAN_POINT ( 'NONE',  ( -41.99999999999999289, -0.1739857838861616490, -0.3094010767585108068 ) ) ;
#7068 = B_SPLINE_CURVE_WITH_KNOTS ( 'NONE', 3,
 ( #1524, #7123, #5813, #2805, #6512, #2066, #179, #221, #4015, #7726 ),
 .UNSPECIFIED., .F., .F.,
 ( 4, 2, 2, 2, 4 ),
 ( 0.000000000000000000, 0.0005246646380387335988, 0.001049329276077467198, 0.001573993914116200796, 0.002098658552154934395 ),
 .UNSPECIFIED. ) ;
#7069 = CARTESIAN_POINT ( 'NONE',  ( -41.23555382585275453, -7.976919199850629916, -21.57639884239418038 ) ) ;
#7070 = ORIENTED_EDGE ( 'NONE', *, *, #1082, .F. ) ;
#7071 = EDGE_CURVE ( 'NONE', #1273, #5812, #595, .T. ) ;
#7072 = EDGE_CURVE ( 'NONE', #6603, #3337, #1251, .T. ) ;
#7073 = ORIENTED_EDGE ( 'NONE', *, *, #2759, .F. ) ;
#7074 = CARTESIAN_POINT ( 'NONE',  ( 14.26155295014671687, -34.74078288419499927, -2.898023699950641241 ) ) ;
#7075 = AXIS2_PLACEMENT_3D ( 'NONE', #3199, #6273, #1981 ) ;
#7076 = LINE ( 'NONE', #5656, #6998 ) ;
#7077 = VERTEX_POINT ( 'NONE', #7686 ) ;
#7078 = EDGE_CURVE ( 'NONE', #4448, #5484, #5575, .T. ) ;
#7079 = PLANE ( 'NONE',  #5510 ) ;
#7080 = EDGE_LOOP ( 'NONE', ( #6915, #2737, #6450, #5335 ) ) ;
#7081 = DIRECTION ( 'NONE',  ( 0.000000000000000000, -1.000000000000000000, 0.000000000000000000 ) ) ;
#7082 = DIRECTION ( 'NONE',  ( 0.000000000000000000, 0.000000000000000000, 1.000000000000000000 ) ) ;
#7083 = DIRECTION ( 'NONE',  ( 0.000000000000000000, 0.000000000000000000, 1.000000000000000000 ) ) ;
#7084 = CIRCLE ( 'NONE', #7733, 2.000000000000000000 ) ;
#7085 = CARTESIAN_POINT ( 'NONE',  ( -36.63673020344473485, -7.999999999999994671, -5.596326221946340773 ) ) ;
#7086 = CYLINDRICAL_SURFACE ( 'NONE', #268, 2.500000000000002220 ) ;
#7087 = CARTESIAN_POINT ( 'NONE',  ( -11.58534352633563813, -36.06640361075160683, -21.22649730810378799 ) ) ;
#7088 = AXIS2_PLACEMENT_3D ( 'NONE', #4849, #1622, #3665 ) ;
#7089 = DIRECTION ( 'NONE',  ( 0.000000000000000000, -0.000000000000000000, -1.000000000000000000 ) ) ;
#7090 = AXIS2_PLACEMENT_3D ( 'NONE', #1776, #3570, #4920 ) ;
#7091 = CARTESIAN_POINT ( 'NONE',  ( 0.000000000000000000, 0.000000000000000000, -33.00000000000000000 ) ) ;
#7092 = EDGE_LOOP ( 'NONE', ( #6598, #6394, #4575, #2706, #2214, #5401, #1972, #3853, #1839 ) ) ;
#7093 = EDGE_CURVE ( 'NONE', #2932, #4380, #175, .T. ) ;
#7094 = ADVANCED_FACE ( 'NONE', ( #824 ), #2061, .T. ) ;
#7095 = AXIS2_PLACEMENT_3D ( 'NONE', #6118, #3635, #482 ) ;
#7096 = DIRECTION ( 'NONE',  ( 0.000000000000000000, 0.000000000000000000, 1.000000000000000000 ) ) ;
#7097 = DIRECTION ( 'NONE',  ( -1.000000000000000000, 0.000000000000000000, 0.000000000000000000 ) ) ;
#7098 = ORIENTED_EDGE ( 'NONE', *, *, #7425, .F. ) ;
#7099 = DIRECTION ( 'NONE',  ( 1.000000000000000000, 0.000000000000000000, 0.000000000000000000 ) ) ;
#7100 = ORIENTED_EDGE ( 'NONE', *, *, #5168, .F. ) ;
#7101 = B_SPLINE_CURVE_WITH_KNOTS ( 'NONE', 3,
 ( #3595, #4286, #3642, #488, #5391, #1721 ),
 .UNSPECIFIED., .F., .F.,
 ( 4, 2, 4 ),
 ( 2.818925648462311528E-18, 0.0005212489512770006198, 0.001042497902553998637 ),
 .UNSPECIFIED. ) ;
#7102 = ORIENTED_EDGE ( 'NONE', *, *, #6892, .F. ) ;
#7103 = CARTESIAN_POINT ( 'NONE',  ( 24.59947560434263636, -28.30440957869707930, -22.87104144258560012 ) ) ;
#7104 = ORIENTED_EDGE ( 'NONE', *, *, #2372, .T. ) ;
#7105 = ORIENTED_EDGE ( 'NONE', *, *, #6329, .T. ) ;
#7106 = CYLINDRICAL_SURFACE ( 'NONE', #4427, 2.499999999999998668 ) ;
#7107 =( BOUNDED_CURVE ( )  B_SPLINE_CURVE ( 3, ( #7207, #1570, #1539, #7787 ),
 .UNSPECIFIED., .F., .F. ) 
 B_SPLINE_CURVE_WITH_KNOTS ( ( 4, 4 ),
 ( 4.739058808556969815, 4.900157055457982302 ),
 .UNSPECIFIED. ) 
 CURVE ( )  GEOMETRIC_REPRESENTATION_ITEM ( )  RATIONAL_B_SPLINE_CURVE ( ( 1.000000000000000000, 0.9978384486574995993, 0.9978384486574995993, 1.000000000000000000 ) ) 
 REPRESENTATION_ITEM ( '' )  );
#7108 = CARTESIAN_POINT ( 'NONE',  ( 37.43290672965760990, -3.015191822317153214, -25.25917818972684614 ) ) ;
#7109 = ORIENTED_EDGE ( 'NONE', *, *, #2605, .F. ) ;
#7110 = CARTESIAN_POINT ( 'NONE',  ( -25.22901615065325132, -27.74434883976175215, -5.423126658117896071 ) ) ;
#7111 = DIRECTION ( 'NONE',  ( -1.000000000000000000, 0.000000000000000000, 0.000000000000000000 ) ) ;
#7112 = CYLINDRICAL_SURFACE ( 'NONE', #5840, 2.000000000000000000 ) ;
#7113 = CARTESIAN_POINT ( 'NONE',  ( 42.00000000000000000, -9.904527318284309303E-21, -0.3094010767585110844 ) ) ;
#7114 = ORIENTED_EDGE ( 'NONE', *, *, #3044, .T. ) ;
#7115 = ORIENTED_EDGE ( 'NONE', *, *, #6778, .T. ) ;
#7116 = CARTESIAN_POINT ( 'NONE',  ( 2.500000000000000888, 55.37500000000000000, 0.000000000000000000 ) ) ;
#7117 = DIRECTION ( 'NONE',  ( 0.000000000000000000, 0.000000000000000000, 1.000000000000000000 ) ) ;
#7118 = AXIS2_PLACEMENT_3D ( 'NONE', #4244, #365, #1097 ) ;
#7119 = ORIENTED_EDGE ( 'NONE', *, *, #4242, .F. ) ;
#7120 = EDGE_CURVE ( 'NONE', #3041, #6994, #4354, .T. ) ;
#7121 = CARTESIAN_POINT ( 'NONE',  ( -19.34191058478030456, -32.12738179418537499, -0.4230368988928263629 ) ) ;
#7122 = EDGE_LOOP ( 'NONE', ( #4770, #5557, #2735, #4014 ) ) ;
#7123 = CARTESIAN_POINT ( 'NONE',  ( 12.21259993209926265, -35.45597558248505266, -4.128958557414494024 ) ) ;
#7124 = CARTESIAN_POINT ( 'NONE',  ( 0.000000000000000000, 0.000000000000000000, -27.00000000000000000 ) ) ;
#7125 = DIRECTION ( 'NONE',  ( 0.000000000000000000, -0.000000000000000000, -1.000000000000000000 ) ) ;
#7126 = EDGE_CURVE ( 'NONE', #198, #2738, #630, .T. ) ;
#7127 = CARTESIAN_POINT ( 'NONE',  ( -23.57861446354398893, -34.81522160190216653, -1.739018449894389029 ) ) ;
#7128 = EDGE_CURVE ( 'NONE', #4792, #5137, #8043, .T. ) ;
#7129 = FACE_OUTER_BOUND ( 'NONE', #5349, .T. ) ;
#7130 = AXIS2_PLACEMENT_3D ( 'NONE', #4299, #7854, #6097 ) ;
#7131 = CARTESIAN_POINT ( 'NONE',  ( -11.47299966812155247, -29.33633035359540742, -27.00000000000000000 ) ) ;
#7132 = AXIS2_PLACEMENT_3D ( 'NONE', #5612, #1356, #4495 ) ;
#7133 = DIRECTION ( 'NONE',  ( 0.000000000000000000, 0.000000000000000000, 1.000000000000000000 ) ) ;
#7134 = ORIENTED_EDGE ( 'NONE', *, *, #2250, .T. ) ;
#7135 = CARTESIAN_POINT ( 'NONE',  ( 0.000000000000000000, 0.000000000000000000, -33.00000000000000000 ) ) ;
#7136 = CARTESIAN_POINT ( 'NONE',  ( 10.60660171779826833, -10.60660171779815997, -27.00000000000000000 ) ) ;
#7137 = VERTEX_POINT ( 'NONE', #3752 ) ;
#7138 = DIRECTION ( 'NONE',  ( 0.4999999999999918954, -0.8660254037844432595, -6.352349575785601575E-17 ) ) ;
#7139 = ORIENTED_EDGE ( 'NONE', *, *, #735, .F. ) ;
#7140 = EDGE_CURVE ( 'NONE', #5229, #4445, #6281, .T. ) ;
#7141 = ORIENTED_EDGE ( 'NONE', *, *, #5528, .F. ) ;
#7142 = AXIS2_PLACEMENT_3D ( 'NONE', #457, #7318, #1022 ) ;
#7143 = PLANE ( 'NONE',  #7798 ) ;
#7144 = ORIENTED_EDGE ( 'NONE', *, *, #5325, .T. ) ;
#7145 = DIRECTION ( 'NONE',  ( 0.000000000000000000, 0.000000000000000000, 1.000000000000000000 ) ) ;
#7146 = VECTOR ( 'NONE', #5483, 1000.000000000000000 ) ;
#7147 = CARTESIAN_POINT ( 'NONE',  ( -6.813102282579010627, 9.878341828825154991, -33.00000000000000000 ) ) ;
#7148 = AXIS2_PLACEMENT_3D ( 'NONE', #5266, #166, #1428 ) ;
#7149 = CARTESIAN_POINT ( 'NONE',  ( 0.000000000000000000, 0.000000000000000000, -33.00000000000000000 ) ) ;
#7150 = CYLINDRICAL_SURFACE ( 'NONE', #3065, 2.000000000000000000 ) ;
#7151 = CARTESIAN_POINT ( 'NONE',  ( -41.29869021987434508, -7.643692469931669287, -22.37909062042007946 ) ) ;
#7152 = B_SPLINE_CURVE_WITH_KNOTS ( 'NONE', 3,
 ( #2883, #6050, #1482, #2929, #6509, #5886, #4290, #4988, #5518, #6214 ),
 .UNSPECIFIED., .F., .F.,
 ( 4, 2, 2, 2, 4 ),
 ( 0.000000000000000000, 0.0005238988965805018621, 0.001047797793161003724, 0.001571696689741505695, 0.002095595586322007448 ),
 .UNSPECIFIED. ) ;
#7153 = EDGE_LOOP ( 'NONE', ( #1353, #2075, #2757, #7070 ) ) ;
#7154 = EDGE_LOOP ( 'NONE', ( #5273, #3414, #972, #4484 ) ) ;
#7155 = DIRECTION ( 'NONE',  ( 0.4226182617407009401, 0.9063077870366491595, 0.000000000000000000 ) ) ;
#7156 = LINE ( 'NONE', #7806, #1644 ) ;
#7157 = AXIS2_PLACEMENT_3D ( 'NONE', #7190, #289, #7644 ) ;
#7158 = ORIENTED_EDGE ( 'NONE', *, *, #2065, .F. ) ;
#7159 = CARTESIAN_POINT ( 'NONE',  ( 14.64410141435778989, 39.36432768085851563, -22.95854811567266296 ) ) ;
#7160 = VERTEX_POINT ( 'NONE', #1398 ) ;
#7161 = CARTESIAN_POINT ( 'NONE',  ( 27.54373135836396003, 31.70714214271411890, -5.773502691896304384 ) ) ;
#7162 = LINE ( 'NONE', #3567, #1757 ) ;
#7163 = CARTESIAN_POINT ( 'NONE',  ( -19.60935755151092863, 31.96440358300154472, -0.5773502691896318373 ) ) ;
#7164 = AXIS2_PLACEMENT_3D ( 'NONE', #1768, #3646, #494 ) ;
#7165 = EDGE_CURVE ( 'NONE', #2257, #2835, #3601, .T. ) ;
#7166 = CARTESIAN_POINT ( 'NONE',  ( 41.25302275733430690, -7.886079674248926530, -5.085502641880354169 ) ) ;
#7167 = CARTESIAN_POINT ( 'NONE',  ( -43.65164471081026676, 37.05310732712226951, 10.00000000000000000 ) ) ;
#7168 = CARTESIAN_POINT ( 'NONE',  ( 71.37500000000002842, -93.75000000000000000, 30.00000000000000711 ) ) ;
#7169 = ADVANCED_FACE ( 'NONE', ( #8077 ), #5195, .F. ) ;
#7170 = LINE ( 'NONE', #2193, #2269 ) ;
#7171 = DIRECTION ( 'NONE',  ( 1.000000000000000000, 0.000000000000000000, 0.000000000000000000 ) ) ;
#7172 = VERTEX_POINT ( 'NONE', #2523 ) ;
#7173 = EDGE_CURVE ( 'NONE', #5686, #1728, #5941, .T. ) ;
#7174 = EDGE_CURVE ( 'NONE', #5414, #409, #7076, .T. ) ;
#7175 = CARTESIAN_POINT ( 'NONE',  ( -17.87730674394206076, 32.96440358300153406, -26.42264973081038804 ) ) ;
#7176 = CARTESIAN_POINT ( 'NONE',  ( 10.60660171779826833, -10.60660171779815997, -31.99999999999998579 ) ) ;
#7177 = EDGE_LOOP ( 'NONE', ( #2062, #5889, #5428, #4092 ) ) ;
#7178 = CARTESIAN_POINT ( 'NONE',  ( -64.38226247888057685, 8.454087735979084943E-15, 10.42433247640575367 ) ) ;
#7179 = CARTESIAN_POINT ( 'NONE',  ( -8.000000000000000000, -36.00000000000000711, -23.00000000000001066 ) ) ;
#7180 = VERTEX_POINT ( 'NONE', #3796 ) ;
#7181 = CARTESIAN_POINT ( 'NONE',  ( -52.66475458984394464, 17.11181606351326678, 12.50000000000000000 ) ) ;
#7182 = DIRECTION ( 'NONE',  ( 0.000000000000000000, 0.000000000000000000, -1.000000000000000000 ) ) ;
#7183 = EDGE_LOOP ( 'NONE', ( #7114, #7889, #3879, #4750 ) ) ;
#7184 = FACE_OUTER_BOUND ( 'NONE', #7408, .T. ) ;
#7185 = LINE ( 'NONE', #1390, #2558 ) ;
#7186 = DIRECTION ( 'NONE',  ( 0.8660254037844393737, 0.4999999999999987232, 0.000000000000000000 ) ) ;
#7187 = CARTESIAN_POINT ( 'NONE',  ( -36.63673020344474907, 8.000000000000001776, -21.22649730810378088 ) ) ;
#7188 = VERTEX_POINT ( 'NONE', #6897 ) ;
#7189 = EDGE_LOOP ( 'NONE', ( #4840, #4689, #4608, #3255 ) ) ;
#7190 = CARTESIAN_POINT ( 'NONE',  ( 25.99999999999999645, -27.99999999999999645, -33.00000000000000000 ) ) ;
#7191 = EDGE_CURVE ( 'NONE', #4383, #6331, #1165, .T. ) ;
#7192 = CIRCLE ( 'NONE', #7844, 33.50000000000000711 ) ;
#7193 = EDGE_CURVE ( 'NONE', #2139, #3112, #217, .T. ) ;
#7194 = DIRECTION ( 'NONE',  ( 1.000000000000000000, 0.000000000000000000, 0.000000000000000000 ) ) ;
#7195 = ORIENTED_EDGE ( 'NONE', *, *, #163, .F. ) ;
#7196 = FACE_OUTER_BOUND ( 'NONE', #2575, .T. ) ;
#7197 = VERTEX_POINT ( 'NONE', #3972 ) ;
#7198 = CARTESIAN_POINT ( 'NONE',  ( -20.12802137143247805, 36.86275567115348650, -0.5773502691896486017 ) ) ;
#7199 = CARTESIAN_POINT ( 'NONE',  ( 37.50000000000000711, 1.000000000000009992, -0.5773502691896384986 ) ) ;
#7200 = CARTESIAN_POINT ( 'NONE',  ( 71.37500000000002842, -93.75000000000000000, 6.123233995736766085E-15 ) ) ;
#7201 = DIRECTION ( 'NONE',  ( 1.000000000000000000, 0.000000000000000000, 0.000000000000000000 ) ) ;
#7202 = CARTESIAN_POINT ( 'NONE',  ( 41.26607686488827653, -7.817848081995911969, -4.921666657151262392 ) ) ;
#7203 = VECTOR ( 'NONE', #982, 1000.000000000000114 ) ;
#7204 = CARTESIAN_POINT ( 'NONE',  ( -20.12802137143252068, 36.86275567115345098, -26.42264973081040580 ) ) ;
#7205 = CARTESIAN_POINT ( 'NONE',  ( 27.52594137185387524, 31.72262081024518920, -21.57645263669766322 ) ) ;
#7206 = CARTESIAN_POINT ( 'NONE',  ( -64.38226247888057685, 8.454087735979084943E-15, 10.42433247640575367 ) ) ;
#7207 = CARTESIAN_POINT ( 'NONE',  ( 37.48666429545313150, 0.9999999999999931166, -0.5773502691896312822 ) ) ;
#7208 = CARTESIAN_POINT ( 'NONE',  ( -11.62455321051087509, -36.13431677589184687, -21.30576427960020425 ) ) ;
#7209 = DIRECTION ( 'NONE',  ( 1.000000000000000000, 0.000000000000000000, 0.000000000000000000 ) ) ;
#7210 = VERTEX_POINT ( 'NONE', #4309 ) ;
#7211 = AXIS2_PLACEMENT_3D ( 'NONE', #7135, #7783, #5942 ) ;
#7212 = AXIS2_PLACEMENT_3D ( 'NONE', #3072, #548, #1738 ) ;
#7213 = DIRECTION ( 'NONE',  ( 0.000000000000000000, 0.000000000000000000, -1.000000000000000000 ) ) ;
#7214 = CYLINDRICAL_SURFACE ( 'NONE', #129, 2.500000000000002220 ) ;
#7215 = CIRCLE ( 'NONE', #3430, 2.500000000000000444 ) ;
#7216 = VERTEX_POINT ( 'NONE', #4965 ) ;
#7217 = DIRECTION ( 'NONE',  ( -0.4999999999999918954, 0.8660254037844432595, -2.403703357979446450E-17 ) ) ;
#7218 = FACE_OUTER_BOUND ( 'NONE', #404, .T. ) ;
#7219 = EDGE_CURVE ( 'NONE', #7354, #6502, #7455, .T. ) ;
#7220 = EDGE_LOOP ( 'NONE', ( #1003, #1218, #7296, #26, #3614, #1057, #6942 ) ) ;
#7221 = ADVANCED_FACE ( 'NONE', ( #5233 ), #3318, .F. ) ;
#7222 = DIRECTION ( 'NONE',  ( 0.4999999999999979461, -0.8660254037844397068, 0.000000000000000000 ) ) ;
#7223 = DIRECTION ( 'NONE',  ( 0.000000000000000000, 0.000000000000000000, -1.000000000000000000 ) ) ;
#7224 = VERTEX_POINT ( 'NONE', #4102 ) ;
#7225 = AXIS2_PLACEMENT_3D ( 'NONE', #1371, #5659, #6858 ) ;
#7226 = EDGE_CURVE ( 'NONE', #8103, #5388, #3467, .T. ) ;
#7227 = CARTESIAN_POINT ( 'NONE',  ( 16.53043893516688811, -38.66258273603458662, -2.895706807524240478 ) ) ;
#7228 = EDGE_LOOP ( 'NONE', ( #3056, #4628 ) ) ;
#7229 = CARTESIAN_POINT ( 'NONE',  ( 36.66150125085174238, 7.885841383543398031, -5.084806631435548674 ) ) ;
#7230 = DIRECTION ( 'NONE',  ( 0.000000000000000000, 0.000000000000000000, -1.000000000000000000 ) ) ;
#7231 = ORIENTED_EDGE ( 'NONE', *, *, #6402, .F. ) ;
#7232 = CARTESIAN_POINT ( 'NONE',  ( 52.57164995601809920, -5.788263653446511725, 12.50000000000000000 ) ) ;
#7233 = VERTEX_POINT ( 'NONE', #2859 ) ;
#7234 = CALENDAR_DATE ( 2026, 31, 8 ) ;
#7235 = CARTESIAN_POINT ( 'NONE',  ( 0.000000000000000000, 0.000000000000000000, 20.00000000000000000 ) ) ;
#7236 = EDGE_LOOP ( 'NONE', ( #5234, #7158, #2664, #2628 ) ) ;
#7237 = CARTESIAN_POINT ( 'NONE',  ( 100.0000000000000000, -100.0000000000000000, 110.0000000000000000 ) ) ;
#7238 = VERTEX_POINT ( 'NONE', #1532 ) ;
#7239 = DIRECTION ( 'NONE',  ( 0.000000000000000000, 0.000000000000000000, -1.000000000000000000 ) ) ;
#7240 = DIRECTION ( 'NONE',  ( -0.000000000000000000, 0.000000000000000000, 1.000000000000000000 ) ) ;
#7241 = DIRECTION ( 'NONE',  ( 0.000000000000000000, 0.000000000000000000, -1.000000000000000000 ) ) ;
#7242 = EDGE_CURVE ( 'NONE', #8051, #8094, #164, .T. ) ;
#7243 = CARTESIAN_POINT ( 'NONE',  ( 41.94017357740406737, -3.012068310516667680, -25.26098155010568647 ) ) ;
#7244 = VECTOR ( 'NONE', #4811, 1000.000000000000000 ) ;
#7245 = CC_DESIGN_PERSON_AND_ORGANIZATION_ASSIGNMENT ( #80, #3772, ( #2161 ) ) ;
#7246 = CARTESIAN_POINT ( 'NONE',  ( -21.86007217900189303, -35.86275567115315965, -0.5773502691896462702 ) ) ;
#7247 = CARTESIAN_POINT ( 'NONE',  ( -41.99999999999999289, -0.1737749980794746629, -26.69059892324150951 ) ) ;
#7248 = CARTESIAN_POINT ( 'NONE',  ( -70.00000000000000000, -93.75000000000000000, 30.00000000000000711 ) ) ;
#7249 = DIRECTION ( 'NONE',  ( 0.8944271909999140791, 0.000000000000000000, 0.4472135954999617025 ) ) ;
#7250 = VECTOR ( 'NONE', #7038, 1000.000000000000000 ) ;
#7251 = CARTESIAN_POINT ( 'NONE',  ( 26.76845706733989516, 32.36432768085845879, -4.041451884327439181 ) ) ;
#7252 = LINE ( 'NONE', #4227, #5430 ) ;
#7253 = CARTESIAN_POINT ( 'NONE',  ( -37.49073999436470217, -0.8472156431325551518, -26.51085982037577438 ) ) ;
#7254 = ORIENTED_EDGE ( 'NONE', *, *, #3908, .F. ) ;
#7255 = CIRCLE ( 'NONE', #3748, 2.499999999999998668 ) ;
#7256 = FACE_OUTER_BOUND ( 'NONE', #2302, .T. ) ;
#7257 = LINE ( 'NONE', #1621, #3031 ) ;
#7258 = AXIS2_PLACEMENT_3D ( 'NONE', #2154, #1571, #5409 ) ;
#7259 = CARTESIAN_POINT ( 'NONE',  ( 0.000000000000000000, 0.000000000000000000, -33.00000000000000000 ) ) ;
#7260 = EDGE_LOOP ( 'NONE', ( #814, #7139 ) ) ;
#7261 = CARTESIAN_POINT ( 'NONE',  ( -88.62500000000001421, -93.75000000000000000, 30.00000000000000711 ) ) ;
#7262 = DIRECTION ( 'NONE',  ( 1.000000000000000000, 0.000000000000000000, -0.000000000000000000 ) ) ;
#7263 = VERTEX_POINT ( 'NONE', #2818 ) ;
#7264 = FACE_OUTER_BOUND ( 'NONE', #4329, .T. ) ;
#7265 = CIRCLE ( 'NONE', #2660, 2.000000000000000000 ) ;
#7266 = FACE_OUTER_BOUND ( 'NONE', #5375, .T. ) ;
#7267 = ORIENTED_EDGE ( 'NONE', *, *, #4897, .F. ) ;
#7268 = ADVANCED_FACE ( 'NONE', ( #2155 ), #1572, .F. ) ;
#7269 = LINE ( 'NONE', #2834, #3792 ) ;
#7270 = AXIS2_PLACEMENT_3D ( 'NONE', #7941, #418, #1602 ) ;
#7271 = VERTEX_POINT ( 'NONE', #2730 ) ;
#7272 = DIRECTION ( 'NONE',  ( 1.000000000000000000, 0.000000000000000000, 0.000000000000000000 ) ) ;
#7273 = ADVANCED_FACE ( 'NONE', ( #3494 ), #5367, .F. ) ;
#7274 = CARTESIAN_POINT ( 'NONE',  ( 11.51310987903308636, -54.16492339063454153, 10.00000000000000000 ) ) ;
#7275 = EDGE_LOOP ( 'NONE', ( #82, #2678 ) ) ;
#7276 = ORIENTED_EDGE ( 'NONE', *, *, #4048, .T. ) ;
#7277 = AXIS2_PLACEMENT_3D ( 'NONE', #3818, #4620, #2838 ) ;
#7278 = ADVANCED_FACE ( 'NONE', ( #1455 ), #5983, .F. ) ;
#7279 = DIRECTION ( 'NONE',  ( 0.000000000000000000, 0.000000000000000000, 1.000000000000000000 ) ) ;
#7280 = ORIENTED_EDGE ( 'NONE', *, *, #4639, .F. ) ;
#7281 = AXIS2_PLACEMENT_3D ( 'NONE', #363, #5387, #4778 ) ;
#7282 = ORIENTED_EDGE ( 'NONE', *, *, #2418, .F. ) ;
#7283 = DIRECTION ( 'NONE',  ( 1.000000000000000000, 0.000000000000000000, 0.000000000000000000 ) ) ;
#7284 = VECTOR ( 'NONE', #2390, 1000.000000000000000 ) ;
#7285 = DIRECTION ( 'NONE',  ( -0.8660254037844432595, -0.4999999999999920619, 0.000000000000000000 ) ) ;
#7286 = FACE_OUTER_BOUND ( 'NONE', #2702, .T. ) ;
#7287 =( BOUNDED_CURVE ( )  B_SPLINE_CURVE ( 3, ( #845, #6564, #1538, #3994 ),
 .UNSPECIFIED., .F., .F. ) 
 B_SPLINE_CURVE_WITH_KNOTS ( ( 4, 4 ),
 ( 1.383028251721604152, 1.544126498622616195 ),
 .UNSPECIFIED. ) 
 CURVE ( )  GEOMETRIC_REPRESENTATION_ITEM ( )  RATIONAL_B_SPLINE_CURVE ( ( 1.000000000000000000, 0.9978384486574995993, 0.9978384486574995993, 1.000000000000000000 ) ) 
 REPRESENTATION_ITEM ( '' )  );
#7288 = CARTESIAN_POINT ( 'NONE',  ( 37.43290672965761701, 3.015191822317162984, -25.25917818972684259 ) ) ;
#7289 = CARTESIAN_POINT ( 'NONE',  ( -41.99888278793381602, 0.3496460337952892461, -0.3324855599588466548 ) ) ;
#7290 = EDGE_CURVE ( 'NONE', #4845, #5838, #6877, .T. ) ;
#7291 = CARTESIAN_POINT ( 'NONE',  ( -37.50000000000001421, 0.9999999999999902300, -26.42264973081039514 ) ) ;
#7292 = CARTESIAN_POINT ( 'NONE',  ( 41.94017357740407448, 3.012068310516686775, -25.26098155010566870 ) ) ;
#7293 = TOROIDAL_SURFACE ( 'NONE', #5333, 67.26437827766147848, 10.00000000000000000 ) ;
#7294 = CARTESIAN_POINT ( 'NONE',  ( 37.49874868938627515, -0.3496513648396505358, -26.66751363692752363 ) ) ;
#7295 = DIRECTION ( 'NONE',  ( -1.000000000000000000, 0.000000000000000000, 0.000000000000000000 ) ) ;
#7296 = ORIENTED_EDGE ( 'NONE', *, *, #4525, .F. ) ;
#7297 = CARTESIAN_POINT ( 'NONE',  ( 22.92820323027562779, 23.71281292110194272, -22.38119784648303678 ) ) ;
#7298 = FACE_OUTER_BOUND ( 'NONE', #7177, .T. ) ;
#7299 = AXIS2_PLACEMENT_3D ( 'NONE', #7753, #5304, #2170 ) ;
#7300 = EDGE_CURVE ( 'NONE', #2971, #326, #7823, .T. ) ;
#7301 = DIRECTION ( 'NONE',  ( -0.000000000000000000, -0.000000000000000000, 1.000000000000000000 ) ) ;
#7302 = VERTEX_POINT ( 'NONE', #2775 ) ;
#7303 = FACE_OUTER_BOUND ( 'NONE', #7236, .T. ) ;
#7304 = LINE ( 'NONE', #5947, #7347 ) ;
#7305 = ORIENTED_EDGE ( 'NONE', *, *, #6359, .T. ) ;
#7306 = FACE_OUTER_BOUND ( 'NONE', #2298, .T. ) ;
#7307 = CARTESIAN_POINT ( 'NONE',  ( -4.813102282579023949, -9.878341828825144333, -27.00000000000000000 ) ) ;
#7308 = VERTEX_POINT ( 'NONE', #4718 ) ;
#7309 = LINE ( 'NONE', #4941, #3386 ) ;
#7310 = VERTEX_POINT ( 'NONE', #2234 ) ;
#7311 = DIRECTION ( 'NONE',  ( 1.000000000000000000, 0.000000000000000000, 0.000000000000000000 ) ) ;
#7312 = CARTESIAN_POINT ( 'NONE',  ( 14.50001477564968866, 39.41793000240208045, -22.87103113893243389 ) ) ;
#7313 = ORIENTED_EDGE ( 'NONE', *, *, #4714, .T. ) ;
#7314 = DIRECTION ( 'NONE',  ( 0.000000000000000000, 0.000000000000000000, 1.000000000000000000 ) ) ;
#7315 = CARTESIAN_POINT ( 'NONE',  ( -26.00000000000000355, -27.99999999999999645, -33.00000000000000000 ) ) ;
#7316 = ORIENTED_EDGE ( 'NONE', *, *, #2770, .T. ) ;
#7317 = ORIENTED_EDGE ( 'NONE', *, *, #987, .T. ) ;
#7318 = DIRECTION ( 'NONE',  ( 0.000000000000000000, -0.000000000000000000, -1.000000000000000000 ) ) ;
#7319 = DIRECTION ( 'NONE',  ( -1.000000000000000000, 0.000000000000000000, 0.000000000000000000 ) ) ;
#7320 = CARTESIAN_POINT ( 'NONE',  ( 28.49109383011401420, -13.28561524219485612, -33.00000000000000000 ) ) ;
#7321 = EDGE_CURVE ( 'NONE', #1678, #7489, #1274, .T. ) ;
#7322 = EDGE_CURVE ( 'NONE', #6539, #195, #2349, .T. ) ;
#7323 = CARTESIAN_POINT ( 'NONE',  ( 41.98809355043403713, -0.9999999999999715783, -26.42264973081040580 ) ) ;
#7324 = EDGE_CURVE ( 'NONE', #7998, #850, #4776, .T. ) ;
#7325 = CARTESIAN_POINT ( 'NONE',  ( 37.50000000000000711, 4.592425496802575156E-15, 12.50000000000000000 ) ) ;
#7326 = EDGE_LOOP ( 'NONE', ( #2467, #6824 ) ) ;
#7327 = CYLINDRICAL_SURFACE ( 'NONE', #913, 4.000000000000000000 ) ;
#7328 = CARTESIAN_POINT ( 'NONE',  ( -12.63633421207445551, -37.88677287673284866, -21.22649730810378799 ) ) ;
#7329 = DIRECTION ( 'NONE',  ( -0.000000000000000000, -0.000000000000000000, -1.000000000000000000 ) ) ;
#7330 = DIRECTION ( 'NONE',  ( 1.000000000000000000, 0.000000000000000000, 0.000000000000000000 ) ) ;
#7331 = ORIENTED_EDGE ( 'NONE', *, *, #163, .T. ) ;
#7332 = VECTOR ( 'NONE', #3138, 999.9999999999998863 ) ;
#7333 = CARTESIAN_POINT ( 'NONE',  ( 11.47299966812154715, 29.33633035359541452, -23.00000000000000000 ) ) ;
#7334 = CARTESIAN_POINT ( 'NONE',  ( -41.29870884424558142, -7.643592488778935490, -4.620752351218222920 ) ) ;
#7335 = DIRECTION ( 'NONE',  ( 0.000000000000000000, 0.000000000000000000, -1.000000000000000000 ) ) ;
#7336 = ORIENTED_EDGE ( 'NONE', *, *, #2723, .F. ) ;
#7337 = CARTESIAN_POINT ( 'NONE',  ( 41.31865857685196630, 7.535523860037751653, -4.480273193007957566 ) ) ;
#7338 = DIRECTION ( 'NONE',  ( 0.000000000000000000, 0.000000000000000000, 1.000000000000000000 ) ) ;
#7339 = VERTEX_POINT ( 'NONE', #7698 ) ;
#7340 = DIRECTION ( 'NONE',  ( 0.000000000000000000, 0.000000000000000000, 1.000000000000000000 ) ) ;
#7341 = AXIS2_PLACEMENT_3D ( 'NONE', #475, #5459, #3084 ) ;
#7342 = ADVANCED_FACE ( 'NONE', ( #2074 ), #6522, .T. ) ;
#7343 = DIRECTION ( 'NONE',  ( 0.000000000000000000, 0.000000000000000000, 1.000000000000000000 ) ) ;
#7344 = ORIENTED_EDGE ( 'NONE', *, *, #5933, .F. ) ;
#7345 = CIRCLE ( 'NONE', #4351, 2.500000000000002220 ) ;
#7347 = VECTOR ( 'NONE', #7829, 1000.000000000000000 ) ;
#7346 = VECTOR ( 'NONE', #6932, 1000.000000000000000 ) ;
#7348 = CC_DESIGN_PERSON_AND_ORGANIZATION_ASSIGNMENT ( #3559, #6127, ( #1946 ) ) ;
#7349 = CYLINDRICAL_SURFACE ( 'NONE', #862, 1.375000000000001332 ) ;
#7350 = ORIENTED_EDGE ( 'NONE', *, *, #7219, .T. ) ;
#7351 = CARTESIAN_POINT ( 'NONE',  ( 0.000000000000000000, 0.000000000000000000, -27.00000000000000000 ) ) ;
#7352 = CARTESIAN_POINT ( 'NONE',  ( -21.19615242270691979, -24.71281292110179351, -5.773502691896304384 ) ) ;
#7353 = CARTESIAN_POINT ( 'NONE',  ( 14.64410141435725343, -39.36432768085872169, -22.95854811567267362 ) ) ;
#7354 = VERTEX_POINT ( 'NONE', #551 ) ;
#7355 = APPROVAL_DATE_TIME ( #936, #768 ) ;
#7356 = CARTESIAN_POINT ( 'NONE',  ( 10.80384757729308731, -30.71281292110213457, -5.773502691896304384 ) ) ;
#7357 = ORIENTED_EDGE ( 'NONE', *, *, #5850, .T. ) ;
#7358 = ORIENTED_EDGE ( 'NONE', *, *, #2746, .T. ) ;
#7359 = CARTESIAN_POINT ( 'NONE',  ( -12.07935711153253244, -35.50147551897394038, -4.235122077022605680 ) ) ;
#7360 = CARTESIAN_POINT ( 'NONE',  ( 31.37500000000001421, -93.75000000000000000, 6.123233995736766085E-15 ) ) ;
#7361 = ORIENTED_EDGE ( 'NONE', *, *, #3741, .F. ) ;
#7362 = CARTESIAN_POINT ( 'NONE',  ( -24.48261484627965956, 28.40513281589662853, -4.041451884327440958 ) ) ;
#7363 = ADVANCED_FACE ( 'NONE', ( #4308 ), #1659, .F. ) ;
#7364 = CARTESIAN_POINT ( 'NONE',  ( -42.00000000000000000, 5.143526460949173246E-15, -0.3094010767585111954 ) ) ;
#7365 = ORIENTED_EDGE ( 'NONE', *, *, #4639, .T. ) ;
#7366 = DIRECTION ( 'NONE',  ( 0.000000000000000000, 9.766269741776828954E-17, -1.000000000000000000 ) ) ;
#7367 = EDGE_LOOP ( 'NONE', ( #1789, #4535, #5714, #4410 ) ) ;
#7368 = LINE ( 'NONE', #3702, #648 ) ;
#7369 = CARTESIAN_POINT ( 'NONE',  ( -36.63673020344474907, 7.999999999999998224, -21.22649730810378088 ) ) ;
#7370 = ADVANCED_FACE ( 'NONE', ( #1741 ), #4185, .F. ) ;
#7371 = DIRECTION ( 'NONE',  ( -1.000000000000000000, 0.000000000000000000, 0.000000000000000000 ) ) ;
#7372 = DIRECTION ( 'NONE',  ( 1.000000000000000000, 0.000000000000000000, 0.000000000000000000 ) ) ;
#7373 = EDGE_CURVE ( 'NONE', #6510, #6350, #6676, .T. ) ;
#7374 = LINE ( 'NONE', #2989, #4114 ) ;
#7375 = CARTESIAN_POINT ( 'NONE',  ( 22.52304161032249041, 50.58757971695901290, 12.50000000000000000 ) ) ;
#7376 = CARTESIAN_POINT ( 'NONE',  ( 26.76845706733943331, -32.36432768085884959, -4.041451884327439181 ) ) ;
#7377 = VERTEX_POINT ( 'NONE', #6807 ) ;
#7378 = DIRECTION ( 'NONE',  ( -1.000000000000000000, 0.000000000000000000, 0.000000000000000000 ) ) ;
#7379 = DIRECTION ( 'NONE',  ( 1.000000000000000000, 0.000000000000000000, -0.000000000000000000 ) ) ;
#7380 = ORIENTED_EDGE ( 'NONE', *, *, #3948, .T. ) ;
#7381 = PLANE ( 'NONE',  #7867 ) ;
#7382 = CARTESIAN_POINT ( 'NONE',  ( -12.21259993209951134, 35.45597558248497450, -4.128958557414492248 ) ) ;
#7383 = EDGE_LOOP ( 'NONE', ( #6529, #4733, #5151, #1805, #4909, #456, #3884 ) ) ;
#7384 = AXIS2_PLACEMENT_3D ( 'NONE', #2988, #4844, #3030 ) ;
#7385 = CARTESIAN_POINT ( 'NONE',  ( 10.60660171779826833, -10.60660171779815997, -33.00000000000000000 ) ) ;
#7386 = DIRECTION ( 'NONE',  ( -0.8660254037844323793, 0.5000000000000108802, 0.000000000000000000 ) ) ;
#7387 = EDGE_CURVE ( 'NONE', #4641, #2586, #6215, .T. ) ;
#7388 = FACE_OUTER_BOUND ( 'NONE', #2531, .T. ) ;
#7389 = CIRCLE ( 'NONE', #7130, 2.500000000000000888 ) ;
#7390 = ORIENTED_EDGE ( 'NONE', *, *, #7, .F. ) ;
#7391 = DIRECTION ( 'NONE',  ( 0.000000000000000000, 0.000000000000000000, -1.000000000000000000 ) ) ;
#7392 = VECTOR ( 'NONE', #7371, 1000.000000000000000 ) ;
#7393 = CARTESIAN_POINT ( 'NONE',  ( 14.13356692300071416, 39.55069926710295647, -22.51986801027856089 ) ) ;
#7394 = CARTESIAN_POINT ( 'NONE',  ( -26.00000000000000355, -27.99999999999999645, -28.00000000000000000 ) ) ;
#7395 = VERTEX_POINT ( 'NONE', #470 ) ;
#7396 = DIRECTION ( 'NONE',  ( -1.000000000000000000, 0.000000000000000000, 0.000000000000000000 ) ) ;
#7397 = FACE_OUTER_BOUND ( 'NONE', #6102, .T. ) ;
#7398 = EDGE_CURVE ( 'NONE', #3970, #7547, #6077, .T. ) ;
#7399 = ORIENTED_EDGE ( 'NONE', *, *, #6977, .F. ) ;
#7400 = DIRECTION ( 'NONE',  ( -1.000000000000000000, 0.000000000000000000, 0.000000000000000000 ) ) ;
#7401 = FACE_BOUND ( 'NONE', #7326, .T. ) ;
#7402 = ORIENTED_EDGE ( 'NONE', *, *, #8053, .F. ) ;
#7403 = CARTESIAN_POINT ( 'NONE',  ( -8.000000000000000000, -36.63673020344475617, -27.00000000000001421 ) ) ;
#7404 = FACE_OUTER_BOUND ( 'NONE', #5806, .T. ) ;
#7405 = AXIS2_PLACEMENT_3D ( 'NONE', #2555, #5603, #8063 ) ;
#7406 = VERTEX_POINT ( 'NONE', #2360 ) ;
#7407 = CARTESIAN_POINT ( 'NONE',  ( -38.65164471081026676, 37.05310732712226951, 12.50000000000000000 ) ) ;
#7408 = EDGE_LOOP ( 'NONE', ( #1462, #820, #5197 ) ) ;
#7409 = CARTESIAN_POINT ( 'NONE',  ( -18.59885815294064315, -32.56321101559214526, -26.69054351260828994 ) ) ;
#7410 = CARTESIAN_POINT ( 'NONE',  ( 24.48261484627985141, 28.40513281589645445, -4.041451884327432076 ) ) ;
#7411 = CIRCLE ( 'NONE', #8072, 2.000000000000000000 ) ;
#7412 = DIRECTION ( 'NONE',  ( -1.000000000000000000, 0.000000000000000000, 0.000000000000000000 ) ) ;
#7413 = EDGE_CURVE ( 'NONE', #6887, #198, #945, .T. ) ;
#7414 = DIRECTION ( 'NONE',  ( 1.000000000000000000, 0.000000000000000000, 0.000000000000000000 ) ) ;
#7415 = CARTESIAN_POINT ( 'NONE',  ( -41.74799829290712694, -5.015511314454951908, -24.10429319247584345 ) ) ;
#7416 = LINE ( 'NONE', #3664, #3955 ) ;
#7417 = ADVANCED_FACE ( 'NONE', ( #3077 ), #3537, .F. ) ;
#7418 = DIRECTION ( 'NONE',  ( -1.000000000000000000, 0.000000000000000000, 0.000000000000000000 ) ) ;
#7419 = ORIENTED_EDGE ( 'NONE', *, *, #7521, .F. ) ;
#7420 = CARTESIAN_POINT ( 'NONE',  ( -58.34795261515635190, 16.94186740566048144, 12.42625225713916493 ) ) ;
#7421 = DIRECTION ( 'NONE',  ( -0.000000000000000000, -0.000000000000000000, 1.000000000000000000 ) ) ;
#7422 = ORIENTED_EDGE ( 'NONE', *, *, #5048, .T. ) ;
#7423 = CARTESIAN_POINT ( 'NONE',  ( 10.62732377948936069, -40.63368871244463065, -19.97264463399928758 ) ) ;
#7424 = ADVANCED_FACE ( 'NONE', ( #5572 ), #4889, .F. ) ;
#7425 = EDGE_CURVE ( 'NONE', #1505, #6776, #3074, .T. ) ;
#7426 = VERTEX_POINT ( 'NONE', #2443 ) ;
#7427 = VECTOR ( 'NONE', #7763, 1000.000000000000114 ) ;
#7428 = CARTESIAN_POINT ( 'NONE',  ( -17.87730674394206076, 32.96440358300153406, -26.42264973081038804 ) ) ;
#7429 = ADVANCED_FACE ( 'NONE', ( #1163 ), #6106, .F. ) ;
#7430 = CARTESIAN_POINT ( 'NONE',  ( 25.24656833199763284, -27.72833906778000213, 9.999999999999992895 ) ) ;
#7431 = PLANE ( 'NONE',  #2477 ) ;
#7432 = ORIENTED_EDGE ( 'NONE', *, *, #493, .F. ) ;
#7433 = CARTESIAN_POINT ( 'NONE',  ( 22.52304161032249041, 50.58757971695901290, 0.000000000000000000 ) ) ;
#7434 = CARTESIAN_POINT ( 'NONE',  ( 41.98809355043403713, -0.9999999999999715783, -26.42264973081040580 ) ) ;
#7435 = CARTESIAN_POINT ( 'NONE',  ( 14.49980845631029425, -39.41800675619180794, -22.87090582235249769 ) ) ;
#7436 = EDGE_LOOP ( 'NONE', ( #6003, #3553, #3656, #4903 ) ) ;
#7437 = DIRECTION ( 'NONE',  ( 0.000000000000000000, 0.000000000000000000, -1.000000000000000000 ) ) ;
#7438 = ORIENTED_EDGE ( 'NONE', *, *, #6382, .F. ) ;
#7439 = CARTESIAN_POINT ( 'NONE',  ( -20.12802137143247805, 36.86275567115348650, -0.5773502691896486017 ) ) ;
#7440 = B_SPLINE_CURVE_WITH_KNOTS ( 'NONE', 3,
 ( #6485, #7032, #2549, #5187, #7564, #4731, #6608, #7205, #1019, #980 ),
 .UNSPECIFIED., .F., .F.,
 ( 4, 2, 2, 2, 4 ),
 ( 1.868354362588067661E-17, 0.0005240076909106334462, 0.001048015381821248244, 0.001572023072731863150, 0.002096030763642477840 ),
 .UNSPECIFIED. ) ;
#7441 = CARTESIAN_POINT ( 'NONE',  ( -16.10522064941897469, 33.92544407653559801, -1.740821810273196268 ) ) ;
#7442 = EDGE_LOOP ( 'NONE', ( #2905, #7141, #7809, #1468 ) ) ;
#7443 = CARTESIAN_POINT ( 'NONE',  ( -27.45633059113043828, -31.78288894905388773, -21.91336164883026782 ) ) ;
#7444 = ADVANCED_FACE ( 'NONE', ( #7990 ), #4228, .F. ) ;
#7445 = CARTESIAN_POINT ( 'NONE',  ( -28.50000000000000000, 28.00000000000000355, -28.00000000000000000 ) ) ;
#7446 = EDGE_CURVE ( 'NONE', #2180, #4332, #5300, .T. ) ;
#7447 = CARTESIAN_POINT ( 'NONE',  ( 30.00000000000001421, -93.75000000000000000, 30.00000000000000711 ) ) ;
#7448 = ORIENTED_EDGE ( 'NONE', *, *, #5244, .F. ) ;
#7449 = CARTESIAN_POINT ( 'NONE',  ( 13.68732489781299222, 39.70714214271418285, -5.773502691896310601 ) ) ;
#7450 = ORIENTED_EDGE ( 'NONE', *, *, #5718, .T. ) ;
#7451 = LINE ( 'NONE', #3746, #7592 ) ;
#7452 = CARTESIAN_POINT ( 'NONE',  ( 8.506601717798270457, -10.60660171779815997, -27.00000000000000000 ) ) ;
#7453 = CARTESIAN_POINT ( 'NONE',  ( 12.41303078757657552, -35.50000000000000711, -22.95854811567266296 ) ) ;
#7454 = CARTESIAN_POINT ( 'NONE',  ( 52.66475458984417202, 17.11181606351258111, 0.000000000000000000 ) ) ;
#7455 = LINE ( 'NONE', #6467, #35 ) ;
#7456 = CARTESIAN_POINT ( 'NONE',  ( 11.51310987903308636, -54.16492339063454153, 10.00000000000000000 ) ) ;
#7457 = VECTOR ( 'NONE', #4953, 1000.000000000000000 ) ;
#7458 = CARTESIAN_POINT ( 'NONE',  ( 18.15249945826963796, -32.81410079106269961, -26.57717512075319988 ) ) ;
#7459 = ORIENTED_EDGE ( 'NONE', *, *, #4039, .F. ) ;
#7460 = DIRECTION ( 'NONE',  ( -0.5000000000000041078, -0.8660254037844363761, 8.012344526598355132E-18 ) ) ;
#7461 = FACE_OUTER_BOUND ( 'NONE', #5940, .T. ) ;
#7462 = EDGE_LOOP ( 'NONE', ( #5102, #5073, #5213, #5867 ) ) ;
#7463 = CARTESIAN_POINT ( 'NONE',  ( 9.989458913561788833, -40.79534725052335631, -19.52017573834507402 ) ) ;
#7464 = ORIENTED_EDGE ( 'NONE', *, *, #6041, .T. ) ;
#7465 = CARTESIAN_POINT ( 'NONE',  ( -18.90113889182604012, 32.38868914962581158, -26.69054351260828284 ) ) ;
#7466 = EDGE_CURVE ( 'NONE', #4741, #6800, #173, .T. ) ;
#7467 = DIRECTION ( 'NONE',  ( 0.5000000000000101030, 0.8660254037844329345, 0.000000000000000000 ) ) ;
#7468 = ADVANCED_FACE ( 'NONE', ( #3662 ), #6146, .T. ) ;
#7469 = EDGE_LOOP ( 'NONE', ( #1280, #751, #2385, #604 ) ) ;
#7470 = AXIS2_PLACEMENT_3D ( 'NONE', #1461, #5868, #6528 ) ;
#7471 = CARTESIAN_POINT ( 'NONE',  ( -14.13337419480997781, -39.55076990786827906, -4.480273193007957566 ) ) ;
#7472 = VERTEX_POINT ( 'NONE', #6639 ) ;
#7473 = CARTESIAN_POINT ( 'NONE',  ( -19.60935755151092863, 31.96440358300154472, -0.5773502691896318373 ) ) ;
#7474 = CARTESIAN_POINT ( 'NONE',  ( 99.10955656197202757, -97.50000000000000000, 110.0000000000000000 ) ) ;
#7475 = EDGE_CURVE ( 'NONE', #5422, #1456, #6285, .T. ) ;
#7476 = ORIENTED_EDGE ( 'NONE', *, *, #2966, .F. ) ;
#7478 = VECTOR ( 'NONE', #2901, 1000.000000000000000 ) ;
#7477 = AXIS2_PLACEMENT_3D ( 'NONE', #1080, #7912, #7993 ) ;
#7479 = CIRCLE ( 'NONE', #6149, 2.499999999999998668 ) ;
#7480 = EDGE_CURVE ( 'NONE', #3358, #5945, #2145, .T. ) ;
#7481 = CARTESIAN_POINT ( 'NONE',  ( 11.54700538379212738, -36.00000000000000711, -21.15101303213093331 ) ) ;
#7482 = VECTOR ( 'NONE', #5509, 1000.000000000000000 ) ;
#7483 = EDGE_LOOP ( 'NONE', ( #579, #171, #7134, #7041 ) ) ;
#7484 = CARTESIAN_POINT ( 'NONE',  ( 22.92820323027562779, 23.71281292110194272, -4.618802153517059139 ) ) ;
#7485 = CARTESIAN_POINT ( 'NONE',  ( -13.86257414569602275, 39.64639827766659153, -22.07833224324911114 ) ) ;
#7486 = AXIS2_PLACEMENT_3D ( 'NONE', #5406, #7904, #2270 ) ;
#7487 = EDGE_LOOP ( 'NONE', ( #2420, #3731 ) ) ;
#7488 = CARTESIAN_POINT ( 'NONE',  ( -28.50000000000000000, -27.99999999999999645, -28.00000000000000000 ) ) ;
#7489 = VERTEX_POINT ( 'NONE', #7614 ) ;
#7490 = DIRECTION ( 'NONE',  ( 1.000000000000000000, 0.000000000000000000, 0.000000000000000000 ) ) ;
#7491 = AXIS2_PLACEMENT_3D ( 'NONE', #4488, #2422, #1269 ) ;
#7492 = B_SPLINE_CURVE_WITH_KNOTS ( 'NONE', 3,
 ( #2848, #6974, #1373, #4705, #6327, #1296, #1409, #339, #4054, #5355 ),
 .UNSPECIFIED., .F., .F.,
 ( 4, 2, 2, 2, 4 ),
 ( 3.469446951953614189E-18, 0.0005215650838676780861, 0.001043130167735352703, 0.001564695251603027320, 0.002086260335470701936 ),
 .UNSPECIFIED. ) ;
#7493 = ORIENTED_EDGE ( 'NONE', *, *, #7017, .F. ) ;
#7494 = AXIS2_PLACEMENT_3D ( 'NONE', #557, #4313, #7379 ) ;
#7495 = DIRECTION ( 'NONE',  ( -0.000000000000000000, -0.000000000000000000, 1.000000000000000000 ) ) ;
#7496 = EDGE_LOOP ( 'NONE', ( #3644, #5018, #6000, #5098 ) ) ;
#7497 = EDGE_CURVE ( 'NONE', #6733, #6117, #5949, .T. ) ;
#7498 = CARTESIAN_POINT ( 'NONE',  ( 36.84087403957730089, -7.000000000000006217, -4.041451884327431188 ) ) ;
#7499 = CARTESIAN_POINT ( 'NONE',  ( -19.34159515826817710, 32.12757606857631743, -0.4228248792468271566 ) ) ;
#7500 = LINE ( 'NONE', #1288, #4781 ) ;
#7501 = DIRECTION ( 'NONE',  ( -1.000000000000000000, 0.000000000000000000, 0.000000000000000000 ) ) ;
#7502 = CARTESIAN_POINT ( 'NONE',  ( -22.92820323027545371, 23.71281292110209193, -4.618802153517066245 ) ) ;
#7503 = LINE ( 'NONE', #633, #139 ) ;
#7504 = EDGE_LOOP ( 'NONE', ( #7380, #1416, #4086, #386 ) ) ;
#7505 = DIRECTION ( 'NONE',  ( -0.000000000000000000, -0.000000000000000000, 1.000000000000000000 ) ) ;
#7506 = DIRECTION ( 'NONE',  ( 0.000000000000000000, 0.000000000000000000, 1.000000000000000000 ) ) ;
#7507 = ORIENTED_EDGE ( 'NONE', *, *, #5995, .T. ) ;
#7508 = CARTESIAN_POINT ( 'NONE',  ( 9.761201153843197531, -40.85070374673629345, -19.39918621327059967 ) ) ;
#7509 = ORIENTED_EDGE ( 'NONE', *, *, #7017, .T. ) ;
#7510 = DIRECTION ( 'NONE',  ( -0.000000000000000000, -0.000000000000000000, -1.000000000000000000 ) ) ;
#7511 = ORIENTED_EDGE ( 'NONE', *, *, #4115, .T. ) ;
#7512 = DIRECTION ( 'NONE',  ( -1.000000000000000000, 0.000000000000000000, 0.000000000000000000 ) ) ;
#7513 = ORIENTED_EDGE ( 'NONE', *, *, #3922, .T. ) ;
#7514 = AXIS2_PLACEMENT_3D ( 'NONE', #227, #7209, #6557 ) ;
#7515 = DIRECTION ( 'NONE',  ( -1.000000000000000000, 0.000000000000000000, 0.000000000000000000 ) ) ;
#7516 = EDGE_LOOP ( 'NONE', ( #5500, #4526, #6530, #5639 ) ) ;
#7517 = EDGE_CURVE ( 'NONE', #154, #4425, #5737, .T. ) ;
#7518 = FACE_OUTER_BOUND ( 'NONE', #1818, .T. ) ;
#7519 = AXIS2_PLACEMENT_3D ( 'NONE', #870, #3325, #7730 ) ;
#7520 = CIRCLE ( 'NONE', #4392, 2.099999999999999645 ) ;
#7521 = EDGE_CURVE ( 'NONE', #110, #3071, #6321, .T. ) ;
#7522 = ORIENTED_EDGE ( 'NONE', *, *, #86, .F. ) ;
#7523 = CARTESIAN_POINT ( 'NONE',  ( -17.88397459621593910, -32.97595264191625120, -0.5773502691896398309 ) ) ;
#7524 = CARTESIAN_POINT ( 'NONE',  ( -36.64181898201773890, 7.976794479072301769, -5.423126658117896071 ) ) ;
#7525 = VERTEX_POINT ( 'NONE', #1208 ) ;
#7526 = EDGE_CURVE ( 'NONE', #2971, #4172, #7500, .T. ) ;
#7527 = CARTESIAN_POINT ( 'NONE',  ( 11.51310987903308636, -54.16492339063454153, 12.50000000000000000 ) ) ;
#7528 = ORIENTED_EDGE ( 'NONE', *, *, #3289, .F. ) ;
#7529 = FACE_OUTER_BOUND ( 'NONE', #7154, .T. ) ;
#7530 = EDGE_LOOP ( 'NONE', ( #4109, #7419, #5585, #6471 ) ) ;
#7531 = CARTESIAN_POINT ( 'NONE',  ( -36.63673020344475617, -7.999999999999983125, -21.40395386793140275 ) ) ;
#7532 = EDGE_LOOP ( 'NONE', ( #7390, #7522 ) ) ;
#7533 = PLANE ( 'NONE',  #3939 ) ;
#7534 = CARTESIAN_POINT ( 'NONE',  ( -52.57164995601819157, -5.788263653445767432, 10.00000000000000000 ) ) ;
#7535 = VECTOR ( 'NONE', #1856, 1000.000000000000114 ) ;
#7536 = CARTESIAN_POINT ( 'NONE',  ( 27.54373135836352304, -31.70714214271451326, -5.596279247946065460 ) ) ;
#7537 = ADVANCED_FACE ( 'NONE', ( #4506 ), #1986, .F. ) ;
#7538 = AXIS2_PLACEMENT_3D ( 'NONE', #5814, #3363, #180 ) ;
#7539 = DIRECTION ( 'NONE',  ( 0.000000000000000000, 0.000000000000000000, -1.000000000000000000 ) ) ;
#7540 = DIRECTION ( 'NONE',  ( 1.000000000000000000, 0.000000000000000000, 0.000000000000000000 ) ) ;
#7541 = VECTOR ( 'NONE', #4609, 1000.000000000000000 ) ;
#7542 = CARTESIAN_POINT ( 'NONE',  ( -37.50000000000000711, -9.802947277240810054E-21, -0.3094010767585108068 ) ) ;
#7543 = CYLINDRICAL_SURFACE ( 'NONE', #1894, 2.000000000000000000 ) ;
#7544 = ORIENTED_EDGE ( 'NONE', *, *, #6170, .T. ) ;
#7545 = CARTESIAN_POINT ( 'NONE',  ( 90.00000000000004263, -93.75000000000000000, 30.00000000000000711 ) ) ;
#7546 = B_SPLINE_CURVE_WITH_KNOTS ( 'NONE', 3,
 ( #4088, #7845, #938, #4747, #1597, #414, #4128, #2100, #864, #5435 ),
 .UNSPECIFIED., .F., .F.,
 ( 4, 2, 2, 2, 4 ),
 ( 1.734723475976807094E-18, 0.0005238988965804973084, 0.001047797793160992882, 0.001571696689741488347, 0.002095595586321984029 ),
 .UNSPECIFIED. ) ;
#7547 = VERTEX_POINT ( 'NONE', #674 ) ;
#7548 = ADVANCED_FACE ( 'NONE', ( #5698 ), #715, .F. ) ;
#7549 = EDGE_CURVE ( 'NONE', #6007, #4112, #2936, .T. ) ;
#7550 = CC_DESIGN_SECURITY_CLASSIFICATION ( #7801, ( #2161 ) ) ;
#7551 = DIRECTION ( 'NONE',  ( -0.000000000000000000, -0.000000000000000000, -1.000000000000000000 ) ) ;
#7552 = LINE ( 'NONE', #2199, #6690 ) ;
#7553 = ORIENTED_EDGE ( 'NONE', *, *, #6204, .F. ) ;
#7554 = FACE_OUTER_BOUND ( 'NONE', #7383, .T. ) ;
#7555 = ORIENTED_EDGE ( 'NONE', *, *, #7892, .T. ) ;
#7556 = CARTESIAN_POINT ( 'NONE',  ( -18.36155911386092754, -37.82728991241894079, -1.739018449894383700 ) ) ;
#7557 = AXIS2_PLACEMENT_3D ( 'NONE', #5478, #4374, #1681 ) ;
#7558 = ORIENTED_EDGE ( 'NONE', *, *, #3002, .T. ) ;
#7559 = EDGE_LOOP ( 'NONE', ( #6370, #1235, #6492, #7717 ) ) ;
#7560 = DIRECTION ( 'NONE',  ( 0.000000000000000000, 0.000000000000000000, 1.000000000000000000 ) ) ;
#7561 = EDGE_LOOP ( 'NONE', ( #4923, #2177, #941, #438 ) ) ;
#7562 = LINE ( 'NONE', #3891, #4414 ) ;
#7563 = CARTESIAN_POINT ( 'NONE',  ( 13.68732489781299222, 39.70714214271418285, -5.773502691896310601 ) ) ;
#7564 = CARTESIAN_POINT ( 'NONE',  ( 27.26889969358141386, 31.94393475822414175, -22.37924764878187389 ) ) ;
#7565 = CARTESIAN_POINT ( 'NONE',  ( 57.57164995601809920, -5.788263653446511725, 12.50000000000000000 ) ) ;
#7566 = ORIENTED_EDGE ( 'NONE', *, *, #1051, .T. ) ;
#7567 = LINE ( 'NONE', #4424, #1765 ) ;
#7568 = ORIENTED_EDGE ( 'NONE', *, *, #1942, .T. ) ;
#7569 = DIRECTION ( 'NONE',  ( -0.000000000000000000, -0.000000000000000000, 1.000000000000000000 ) ) ;
#7570 = VERTEX_POINT ( 'NONE', #2604 ) ;
#7571 = EDGE_CURVE ( 'NONE', #1483, #5686, #7005, .T. ) ;
#7572 = DIRECTION ( 'NONE',  ( 0.8660254037844362651, -0.5000000000000041078, 0.000000000000000000 ) ) ;
#7573 = EDGE_CURVE ( 'NONE', #7574, #155, #3944, .T. ) ;
#7574 = VERTEX_POINT ( 'NONE', #4352 ) ;
#7575 = CARTESIAN_POINT ( 'NONE',  ( 36.63673020344474907, -8.000000000000001776, -5.773502691896305272 ) ) ;
#7576 = CARTESIAN_POINT ( 'NONE',  ( -52.57164995601819157, -5.788263653445767432, 0.000000000000000000 ) ) ;
#7577 = CARTESIAN_POINT ( 'NONE',  ( 21.86007217900160171, 35.86275567115333729, -26.42264973081040225 ) ) ;
#7578 = ADVANCED_FACE ( 'NONE', ( #629 ), #6400, .F. ) ;
#7579 = CARTESIAN_POINT ( 'NONE',  ( -41.23105625617660763, -7.999999999999998224, -5.596279247946063684 ) ) ;
#7580 = CARTESIAN_POINT ( 'NONE',  ( 20.26207864942778158, -36.78955691790353200, -0.4891909702452232889 ) ) ;
#7581 = CARTESIAN_POINT ( 'NONE',  ( -36.63673020344474196, -7.999999999999994671, -5.773502691896311489 ) ) ;
#7582 = LINE ( 'NONE', #722, #1231 ) ;
#7583 = DIRECTION ( 'NONE',  ( 0.000000000000000000, 0.000000000000000000, -1.000000000000000000 ) ) ;
#7584 = DIRECTION ( 'NONE',  ( 0.4999999999999980571, -0.8660254037844398178, 0.000000000000000000 ) ) ;
#7585 = ORIENTED_EDGE ( 'NONE', *, *, #3786, .F. ) ;
#7586 = CARTESIAN_POINT ( 'NONE',  ( -41.15164471081026676, 37.05310732712226951, 10.00000000000000000 ) ) ;
#7587 = LINE ( 'NONE', #5748, #3836 ) ;
#7588 = ORIENTED_EDGE ( 'NONE', *, *, #286, .T. ) ;
#7589 = LINE ( 'NONE', #2657, #7720 ) ;
#7590 = EDGE_CURVE ( 'NONE', #1171, #3961, #2480, .T. ) ;
#7591 = ORIENTED_EDGE ( 'NONE', *, *, #5346, .F. ) ;
#7592 = VECTOR ( 'NONE', #4706, 1000.000000000000000 ) ;
#7593 =( BOUNDED_CURVE ( )  B_SPLINE_CURVE ( 3, ( #3425, #7108, #1471, #5879 ),
 .UNSPECIFIED., .F., .F. ) 
 B_SPLINE_CURVE_WITH_KNOTS ( ( 4, 4 ),
 ( 1.597466154967176477, 1.758564401868188742 ),
 .UNSPECIFIED. ) 
 CURVE ( )  GEOMETRIC_REPRESENTATION_ITEM ( )  RATIONAL_B_SPLINE_CURVE ( ( 1.000000000000000000, 0.9978384486574995993, 0.9978384486574995993, 1.000000000000000000 ) ) 
 REPRESENTATION_ITEM ( '' )  );
#7594 = CARTESIAN_POINT ( 'NONE',  ( -12.20144409149430054, 31.19895450303005902, -33.00000000000000000 ) ) ;
#7595 = ORIENTED_EDGE ( 'NONE', *, *, #1109, .T. ) ;
#7596 = AXIS2_PLACEMENT_3D ( 'NONE', #1888, #5097, #4412 ) ;
#7597 = CARTESIAN_POINT ( 'NONE',  ( -70.00000000000000000, -93.75000000000000000, 30.00000000000000711 ) ) ;
#7598 = ORIENTED_EDGE ( 'NONE', *, *, #6805, .F. ) ;
#7599 = CARTESIAN_POINT ( 'NONE',  ( 47.95615673456315875, -27.68750000000023448, 10.00000000000000000 ) ) ;
#7600 = CARTESIAN_POINT ( 'NONE',  ( 14.49980845631083071, 39.41800675619162320, -4.129094177647609776 ) ) ;
#7601 = DIRECTION ( 'NONE',  ( 0.4226182617407008846, 0.9063077870366492705, 0.000000000000000000 ) ) ;
#7602 = ORIENTED_EDGE ( 'NONE', *, *, #2196, .T. ) ;
#7603 = AXIS2_PLACEMENT_3D ( 'NONE', #3407, #1567, #1528 ) ;
#7604 = EDGE_LOOP ( 'NONE', ( #4002, #3102 ) ) ;
#7605 = DIRECTION ( 'NONE',  ( 1.000000000000000000, 0.000000000000000000, 0.000000000000000000 ) ) ;
#7606 = CIRCLE ( 'NONE', #394, 10.00000000000000000 ) ;
#7607 = VERTEX_POINT ( 'NONE', #946 ) ;
#7609 = VECTOR ( 'NONE', #4854, 1000.000000000000000 ) ;
#7608 = CIRCLE ( 'NONE', #6962, 2.500000000000002220 ) ;
#7610 = CARTESIAN_POINT ( 'NONE',  ( -6.813102282579023949, -9.878341828825144333, -27.00000000000000000 ) ) ;
#7611 = EDGE_LOOP ( 'NONE', ( #178, #6355 ) ) ;
#7612 = CARTESIAN_POINT ( 'NONE',  ( -10.60660171779819017, 10.60660171779823102, -31.99999999999998579 ) ) ;
#7613 = DIRECTION ( 'NONE',  ( -0.000000000000000000, -0.000000000000000000, -1.000000000000000000 ) ) ;
#7614 = CARTESIAN_POINT ( 'NONE',  ( -37.48666429545313861, -1.000000000000006661, -26.42264973081038448 ) ) ;
#7615 = ADVANCED_FACE ( 'NONE', ( #3403 ), #4554, .F. ) ;
#7616 = DIRECTION ( 'NONE',  ( 1.000000000000000000, 0.000000000000000000, 0.000000000000000000 ) ) ;
#7617 = CARTESIAN_POINT ( 'NONE',  ( 47.95615673456315875, -27.68750000000023448, 12.50000000000000000 ) ) ;
#7618 = CARTESIAN_POINT ( 'NONE',  ( -29.33633035359540742, 11.47299966812155247, -27.00000000000000000 ) ) ;
#7619 = EDGE_CURVE ( 'NONE', #2556, #3761, #3528, .T. ) ;
#7620 = CYLINDRICAL_SURFACE ( 'NONE', #1619, 33.50000000000000711 ) ;
#7621 = CARTESIAN_POINT ( 'NONE',  ( 8.525801865714525363, -41.12637141391137874, -26.97377121988029103 ) ) ;
#7622 = ORIENTED_EDGE ( 'NONE', *, *, #5220, .F. ) ;
#7623 = EDGE_CURVE ( 'NONE', #3961, #5550, #1883, .T. ) ;
#7624 = DIRECTION ( 'NONE',  ( -0.000000000000000000, -0.000000000000000000, 1.000000000000000000 ) ) ;
#7625 = CARTESIAN_POINT ( 'NONE',  ( 13.68732489781243267, -39.70714214271438181, -5.773502691896304384 ) ) ;
#7626 = EDGE_LOOP ( 'NONE', ( #6274, #4432, #3141 ) ) ;
#7627 = CARTESIAN_POINT ( 'NONE',  ( 5.677585235482506931, -8.231951524020963973, -33.00000000000000000 ) ) ;
#7628 = ORIENTED_EDGE ( 'NONE', *, *, #2857, .F. ) ;
#7629 = ORIENTED_EDGE ( 'NONE', *, *, #3324, .T. ) ;
#7630 = CARTESIAN_POINT ( 'NONE',  ( -12.35825919329800548, -35.40513281589642958, -22.95854811567265230 ) ) ;
#7631 = ORIENTED_EDGE ( 'NONE', *, *, #7573, .F. ) ;
#7632 = ORIENTED_EDGE ( 'NONE', *, *, #6521, .F. ) ;
#7633 = CARTESIAN_POINT ( 'NONE',  ( 28.49999999999999289, 28.00000000000000355, -33.00000000000000000 ) ) ;
#7634 = EDGE_CURVE ( 'NONE', #748, #2058, #560, .T. ) ;
#7635 = DIRECTION ( 'NONE',  ( 0.000000000000000000, -0.4999999999999982792, -0.8660254037844397068 ) ) ;
#7636 = CIRCLE ( 'NONE', #7118, 2.499999999999998668 ) ;
#7637 = ORIENTED_EDGE ( 'NONE', *, *, #5574, .T. ) ;
#7638 = CARTESIAN_POINT ( 'NONE',  ( 27.26897696761351853, -31.94386863846954938, -22.37909062042007591 ) ) ;
#7639 = CARTESIAN_POINT ( 'NONE',  ( -16.53043893516720786, 38.66258273603445161, -24.10429319247586122 ) ) ;
#7640 = B_SPLINE_CURVE_WITH_KNOTS ( 'NONE', 3,
 ( #6904, #5092, #3171, #5742, #6330, #1835, #5621, #3717, #8122, #1298 ),
 .UNSPECIFIED., .F., .F.,
 ( 4, 2, 2, 2, 4 ),
 ( 0.000000000000000000, 0.0005238988965805003442, 0.001047797793161000688, 0.001571696689741500924, 0.002095595586322001377 ),
 .UNSPECIFIED. ) ;
#7641 = DIRECTION ( 'NONE',  ( -0.5000000000000101030, -0.8660254037844328234, 0.000000000000000000 ) ) ;
#7642 = ORIENTED_EDGE ( 'NONE', *, *, #6085, .T. ) ;
#7643 = ORIENTED_EDGE ( 'NONE', *, *, #5072, .F. ) ;
#7644 = DIRECTION ( 'NONE',  ( -1.000000000000000000, 0.000000000000000000, 0.000000000000000000 ) ) ;
#7645 = EDGE_CURVE ( 'NONE', #1709, #6981, #1137, .T. ) ;
#7646 = CIRCLE ( 'NONE', #1746, 2.499999999999998668 ) ;
#7647 = CARTESIAN_POINT ( 'NONE',  ( -100.0000000000000000, -100.0000000000000000, 0.000000000000000000 ) ) ;
#7648 = VERTEX_POINT ( 'NONE', #4592 ) ;
#7649 = LINE ( 'NONE', #5278, #8123 ) ;
#7650 = ORIENTED_EDGE ( 'NONE', *, *, #5917, .T. ) ;
#7651 = CARTESIAN_POINT ( 'NONE',  ( -5.000486708505728295, -10.72357835230654999, -27.00000000000000000 ) ) ;
#7652 = DIRECTION ( 'NONE',  ( -1.000000000000000000, -0.000000000000000000, 0.000000000000000000 ) ) ;
#7653 = AXIS2_PLACEMENT_3D ( 'NONE', #4108, #1045, #6605 ) ;
#7654 = CARTESIAN_POINT ( 'NONE',  ( 28.49999999999999289, -27.99999999999999645, -28.00000000000000000 ) ) ;
#7655 = CARTESIAN_POINT ( 'NONE',  ( -21.32768608023850021, 30.91025225421843103, -25.25917818972684259 ) ) ;
#7656 = CARTESIAN_POINT ( 'NONE',  ( 18.90113889182625684, 32.38868914962567658, -0.3094564873917340919 ) ) ;
#7657 = AXIS2_PLACEMENT_3D ( 'NONE', #1148, #7898, #3688 ) ;
#7658 = CARTESIAN_POINT ( 'NONE',  ( -11.58833369834089666, -40.36981269212549250, -21.21293626601404370 ) ) ;
#7659 = LINE ( 'NONE', #4093, #1494 ) ;
#7660 = AXIS2_PLACEMENT_3D ( 'NONE', #1430, #3858, #6347 ) ;
#7661 = VERTEX_POINT ( 'NONE', #3979 ) ;
#7662 = EDGE_CURVE ( 'NONE', #2835, #8051, #8049, .T. ) ;
#7663 = DIRECTION ( 'NONE',  ( 0.000000000000000000, 0.000000000000000000, -1.000000000000000000 ) ) ;
#7664 = VECTOR ( 'NONE', #4320, 1000.000000000000000 ) ;
#7665 = ORIENTED_EDGE ( 'NONE', *, *, #6857, .F. ) ;
#7666 = CIRCLE ( 'NONE', #7405, 2.500000000000002220 ) ;
#7667 = CARTESIAN_POINT ( 'NONE',  ( -41.41255848169732445, 6.999999999999973355, -22.95854811567267362 ) ) ;
#7668 = EDGE_CURVE ( 'NONE', #4448, #3241, #2009, .T. ) ;
#7669 = ORIENTED_EDGE ( 'NONE', *, *, #7715, .T. ) ;
#7670 = ADVANCED_FACE ( 'NONE', ( #2851 ), #6438, .F. ) ;
#7671 = ORIENTED_EDGE ( 'NONE', *, *, #2751, .T. ) ;
#7672 = LINE ( 'NONE', #2124, #6630 ) ;
#7673 = AXIS2_PLACEMENT_3D ( 'NONE', #3519, #5476, #5516 ) ;
#7674 = ORIENTED_EDGE ( 'NONE', *, *, #3451, .F. ) ;
#7675 = EDGE_CURVE ( 'NONE', #2288, #1011, #697, .T. ) ;
#7676 = CARTESIAN_POINT ( 'NONE',  ( -41.15164471081026676, 37.05310732712226951, 0.000000000000000000 ) ) ;
#7677 = CARTESIAN_POINT ( 'NONE',  ( -27.54373135836372199, 31.70714214271432851, -5.773502691896314154 ) ) ;
#7678 = ORIENTED_EDGE ( 'NONE', *, *, #6098, .T. ) ;
#7679 = CARTESIAN_POINT ( 'NONE',  ( -11.39016187144727432, -35.72833906777965751, -5.773502691896308825 ) ) ;
#7680 = CIRCLE ( 'NONE', #598, 2.500000000000002220 ) ;
#7681 = CARTESIAN_POINT ( 'NONE',  ( 18.36155911386017436, -37.82728991241931027, -25.26098155010568291 ) ) ;
#7682 = VERTEX_POINT ( 'NONE', #5894 ) ;
#7683 = ORIENTED_EDGE ( 'NONE', *, *, #5793, .T. ) ;
#7684 = CARTESIAN_POINT ( 'NONE',  ( 38.65164471081077835, 37.05310732712170108, 0.000000000000000000 ) ) ;
#7685 = AXIS2_PLACEMENT_3D ( 'NONE', #812, #7635, #5028 ) ;
#7686 = CARTESIAN_POINT ( 'NONE',  ( 28.49109383011403906, 13.28561524219480461, -27.00000000000000000 ) ) ;
#7687 = ORIENTED_EDGE ( 'NONE', *, *, #1438, .F. ) ;
#7688 = CARTESIAN_POINT ( 'NONE',  ( -24.97568578934215466, 27.97271977498187923, -4.620230038046153176 ) ) ;
#7689 = ORIENTED_EDGE ( 'NONE', *, *, #2644, .T. ) ;
#7690 = DIRECTION ( 'NONE',  ( -0.000000000000000000, -0.000000000000000000, -1.000000000000000000 ) ) ;
#7691 = FACE_OUTER_BOUND ( 'NONE', #5411, .T. ) ;
#7692 = EDGE_CURVE ( 'NONE', #703, #4045, #260, .T. ) ;
#7693 = EDGE_CURVE ( 'NONE', #3976, #7180, #6079, .T. ) ;
#7694 = CARTESIAN_POINT ( 'NONE',  ( -42.00000000000000000, 5.143506651938712888E-15, -26.69059892324151306 ) ) ;
#7695 = CARTESIAN_POINT ( 'NONE',  ( -2.500000000000000888, 55.37500000000000000, 12.50000000000000000 ) ) ;
#7696 = CARTESIAN_POINT ( 'NONE',  ( 21.59190561860295077, 36.02524194608808017, -0.4228225705719717009 ) ) ;
#7697 = DIRECTION ( 'NONE',  ( -0.000000000000000000, -0.000000000000000000, -1.000000000000000000 ) ) ;
#7698 = CARTESIAN_POINT ( 'NONE',  ( 25.02304161032249397, 50.58757971695901290, 12.50000000000000000 ) ) ;
#7699 = ORIENTED_EDGE ( 'NONE', *, *, #5772, .T. ) ;
#7700 = FACE_BOUND ( 'NONE', #1777, .T. ) ;
#7701 = LINE ( 'NONE', #3541, #4611 ) ;
#7702 = ORIENTED_EDGE ( 'NONE', *, *, #5488, .F. ) ;
#7703 = FACE_OUTER_BOUND ( 'NONE', #6294, .T. ) ;
#7704 = ORIENTED_EDGE ( 'NONE', *, *, #6292, .T. ) ;
#7705 = ORIENTED_EDGE ( 'NONE', *, *, #538, .F. ) ;
#7706 = LINE ( 'NONE', #6414, #1905 ) ;
#7707 = ORIENTED_EDGE ( 'NONE', *, *, #3227, .F. ) ;
#7708 = VERTEX_POINT ( 'NONE', #7045 ) ;
#7709 = ADVANCED_FACE ( 'NONE', ( #2768 ), #796, .T. ) ;
#7710 = EDGE_CURVE ( 'NONE', #6859, #6544, #624, .T. ) ;
#7711 = LINE ( 'NONE', #4736, #1653 ) ;
#7712 = ORIENTED_EDGE ( 'NONE', *, *, #5997, .F. ) ;
#7713 = DIRECTION ( 'NONE',  ( -1.000000000000000000, 0.000000000000000000, 0.000000000000000000 ) ) ;
#7714 = CARTESIAN_POINT ( 'NONE',  ( -18.36155911386043726, 37.82728991241917527, -25.26098155010568647 ) ) ;
#7715 = EDGE_CURVE ( 'NONE', #4814, #3850, #7853, .T. ) ;
#7716 = CARTESIAN_POINT ( 'NONE',  ( 10.00000000000000888, -93.75000000000000000, 6.123233995736766085E-15 ) ) ;
#7717 = ORIENTED_EDGE ( 'NONE', *, *, #584, .F. ) ;
#7718 = VERTEX_POINT ( 'NONE', #2938 ) ;
#7719 = CARTESIAN_POINT ( 'NONE',  ( -33.50000000000000711, 0.000000000000000000, -27.00000000000000000 ) ) ;
#7720 = VECTOR ( 'NONE', #689, 1000.000000000000000 ) ;
#7721 = EDGE_CURVE ( 'NONE', #5595, #5461, #6738, .T. ) ;
#7722 = DIRECTION ( 'NONE',  ( -0.000000000000000000, -0.000000000000000000, 1.000000000000000000 ) ) ;
#7723 = ORIENTED_EDGE ( 'NONE', *, *, #5222, .T. ) ;
#7724 = CARTESIAN_POINT ( 'NONE',  ( -20.26207864942856318, -36.78955691790311278, -26.51080902975479603 ) ) ;
#7725 = VERTEX_POINT ( 'NONE', #4799 ) ;
#7726 = CARTESIAN_POINT ( 'NONE',  ( 11.39016187144653536, -35.72833906777988489, -5.773502691896305272 ) ) ;
#7727 = DIRECTION ( 'NONE',  ( 1.000000000000000000, 0.000000000000000000, 0.000000000000000000 ) ) ;
#7728 = AXIS2_PLACEMENT_3D ( 'NONE', #7987, #7906, #8070 ) ;
#7729 = DIRECTION ( 'NONE',  ( 0.000000000000000000, 0.000000000000000000, -1.000000000000000000 ) ) ;
#7730 = DIRECTION ( 'NONE',  ( -1.000000000000000000, 0.000000000000000000, 0.000000000000000000 ) ) ;
#7731 = AXIS2_PLACEMENT_3D ( 'NONE', #645, #31, #2534 ) ;
#7733 = AXIS2_PLACEMENT_3D ( 'NONE', #3544, #4852, #399 ) ;
#7732 = VECTOR ( 'NONE', #3870, 1000.000000000000000 ) ;
#7734 = CARTESIAN_POINT ( 'NONE',  ( -19.61602540378437709, 31.97595264191648567, -0.5773502691896398309 ) ) ;
#7735 = ADVANCED_FACE ( 'NONE', ( #5443 ), #3568, .F. ) ;
#7736 = CARTESIAN_POINT ( 'NONE',  ( -47.95615673456354955, -27.68749999999955946, 10.00000000000000000 ) ) ;
#7737 = CYLINDRICAL_SURFACE ( 'NONE', #4324, 2.500000000000002220 ) ;
#7738 = AXIS2_PLACEMENT_3D ( 'NONE', #5934, #4676, #184 ) ;
#7739 = B_SPLINE_CURVE_WITH_KNOTS ( 'NONE', 3,
 ( #6, #2510, #5034, #2388, #4295, #4579, #6462, #4494, #2091, #6992 ),
 .UNSPECIFIED., .F., .F.,
 ( 4, 2, 2, 2, 4 ),
 ( 0.000000000000000000, 0.0005238988965805001273, 0.001047797793161000255, 0.001571696689741500490, 0.002095595586322000509 ),
 .UNSPECIFIED. ) ;
#7740 = AXIS2_PLACEMENT_3D ( 'NONE', #6590, #947, #6478 ) ;
#7741 = DIRECTION ( 'NONE',  ( 1.000000000000000000, 0.000000000000000000, 0.000000000000000000 ) ) ;
#7742 = DIRECTION ( 'NONE',  ( -0.000000000000000000, -0.000000000000000000, 1.000000000000000000 ) ) ;
#7743 = ORIENTED_EDGE ( 'NONE', *, *, #2642, .T. ) ;
#7744 = DIRECTION ( 'NONE',  ( 0.000000000000000000, 0.000000000000000000, 1.000000000000000000 ) ) ;
#7745 = CARTESIAN_POINT ( 'NONE',  ( -14.13356692300098949, -39.55069926710285699, -22.51986801027856089 ) ) ;
#7746 = VERTEX_POINT ( 'NONE', #6797 ) ;
#7747 = LINE ( 'NONE', #4768, #4597 ) ;
#7748 = EDGE_LOOP ( 'NONE', ( #6685, #4960, #4612, #2924 ) ) ;
#7749 = ORIENTED_EDGE ( 'NONE', *, *, #1646, .F. ) ;
#7750 = DIRECTION ( 'NONE',  ( 1.000000000000000000, 0.000000000000000000, 0.000000000000000000 ) ) ;
#7751 = ORIENTED_EDGE ( 'NONE', *, *, #2808, .T. ) ;
#7752 = VERTEX_POINT ( 'NONE', #6056 ) ;
#7753 = CARTESIAN_POINT ( 'NONE',  ( 0.000000000000000000, 0.000000000000000000, -23.00000000000000000 ) ) ;
#7754 = ADVANCED_FACE ( 'NONE', ( #1152 ), #7901, .F. ) ;
#7755 = CARTESIAN_POINT ( 'NONE',  ( 20.02304161032249041, 50.58757971695901290, 0.000000000000000000 ) ) ;
#7756 = CARTESIAN_POINT ( 'NONE',  ( 0.000000000000000000, 0.000000000000000000, -23.00000000000000000 ) ) ;
#7757 = EDGE_CURVE ( 'NONE', #1834, #4405, #6711, .T. ) ;
#7758 = CARTESIAN_POINT ( 'NONE',  ( -41.26607686488828364, -7.817848081995889764, -22.07833334284884330 ) ) ;
#7759 = ORIENTED_EDGE ( 'NONE', *, *, #7721, .T. ) ;
#7760 = VERTEX_POINT ( 'NONE', #421 ) ;
#7761 = CARTESIAN_POINT ( 'NONE',  ( 8.231951524020963973, 5.677585235482506931, -27.00000000000000000 ) ) ;
#7762 = EDGE_CURVE ( 'NONE', #2088, #7188, #1662, .T. ) ;
#7763 = DIRECTION ( 'NONE',  ( -0.4999999999999979461, 0.8660254037844397068, -3.576792014222700363E-17 ) ) ;
#7764 = AXIS2_PLACEMENT_3D ( 'NONE', #7433, #6209, #5551 ) ;
#7765 = ORIENTED_EDGE ( 'NONE', *, *, #160, .T. ) ;
#7766 = CARTESIAN_POINT ( 'NONE',  ( 11.39016187144653536, -35.72833906777988489, -5.773502691896305272 ) ) ;
#7767 = VERTEX_POINT ( 'NONE', #2893 ) ;
#7768 = DIRECTION ( 'NONE',  ( 0.000000000000000000, 0.000000000000000000, -1.000000000000000000 ) ) ;
#7769 = CARTESIAN_POINT ( 'NONE',  ( 41.23105625617660763, 7.999999999999977796, -21.22649730810378799 ) ) ;
#7770 = EDGE_CURVE ( 'NONE', #2511, #3582, #5358, .T. ) ;
#7771 = ADVANCED_FACE ( 'NONE', ( #1606 ), #1078, .F. ) ;
#7772 = AXIS2_PLACEMENT_3D ( 'NONE', #5154, #5614, #2444 ) ;
#7773 = CARTESIAN_POINT ( 'NONE',  ( 90.00000000000004263, -93.75000000000000000, 6.123233995736766085E-15 ) ) ;
#7774 = DIRECTION ( 'NONE',  ( -1.000000000000000000, 0.000000000000000000, 0.000000000000000000 ) ) ;
#7775 = CARTESIAN_POINT ( 'NONE',  ( -21.30188322601641104, 36.19748909167597617, -26.66759799545867793 ) ) ;
#7776 = AXIS2_PLACEMENT_3D ( 'NONE', #6853, #593, #3123 ) ;
#7777 = DIRECTION ( 'NONE',  ( 0.000000000000000000, 0.000000000000000000, -1.000000000000000000 ) ) ;
#7778 = CIRCLE ( 'NONE', #2662, 2.000000000000000000 ) ;
#7779 = LINE ( 'NONE', #2817, #2798 ) ;
#7780 = EDGE_CURVE ( 'NONE', #8012, #4981, #7389, .T. ) ;
#7781 = CARTESIAN_POINT ( 'NONE',  ( -37.50000000000000711, -0.1739907356059523791, -26.69059892324150596 ) ) ;
#7782 = ORIENTED_EDGE ( 'NONE', *, *, #5365, .T. ) ;
#7783 = DIRECTION ( 'NONE',  ( 0.000000000000000000, 0.000000000000000000, -1.000000000000000000 ) ) ;
#7784 = CARTESIAN_POINT ( 'NONE',  ( 19.60935755151114179, 31.96440358300141327, -26.42264973081038804 ) ) ;
#7785 = ORIENTED_EDGE ( 'NONE', *, *, #6573, .T. ) ;
#7786 = CARTESIAN_POINT ( 'NONE',  ( 8.231951524020953315, -5.677585235482521142, -27.00000000000000000 ) ) ;
#7787 = CARTESIAN_POINT ( 'NONE',  ( 36.84087403957729379, 7.000000000000004441, -4.041451884327440069 ) ) ;
#7788 = ORIENTED_EDGE ( 'NONE', *, *, #8016, .F. ) ;
#7789 = ADVANCED_FACE ( 'NONE', ( #461 ), #2980, .F. ) ;
#7790 = EDGE_LOOP ( 'NONE', ( #6042, #6533, #1552, #7712 ) ) ;
#7791 = VECTOR ( 'NONE', #1739, 1000.000000000000000 ) ;
#7792 = EDGE_CURVE ( 'NONE', #2586, #4641, #4649, .T. ) ;
#7793 = DIRECTION ( 'NONE',  ( 0.4999999999999979461, -0.8660254037844397068, -3.576792014222699131E-17 ) ) ;
#7794 = EDGE_CURVE ( 'NONE', #2213, #2515, #4251, .T. ) ;
#7795 = ORIENTED_EDGE ( 'NONE', *, *, #2345, .T. ) ;
#7796 = DIRECTION ( 'NONE',  ( 0.000000000000000000, -1.000000000000000000, 0.000000000000000000 ) ) ;
#7797 = FACE_OUTER_BOUND ( 'NONE', #1925, .T. ) ;
#7798 = AXIS2_PLACEMENT_3D ( 'NONE', #113, #5139, #885 ) ;
#7799 = CARTESIAN_POINT ( 'NONE',  ( -41.94017357740406737, -3.012068310516706315, -1.739018449894385476 ) ) ;
#7800 = LINE ( 'NONE', #2630, #4766 ) ;
#7801 = SECURITY_CLASSIFICATION ( '', '', #6789 ) ;
#7802 = CYLINDRICAL_SURFACE ( 'NONE', #1220, 2.000000000000001776 ) ;
#7803 = ORIENTED_EDGE ( 'NONE', *, *, #4429, .F. ) ;
#7804 = ORIENTED_EDGE ( 'NONE', *, *, #1638, .T. ) ;
#7805 = DIRECTION ( 'NONE',  ( 0.9063077870366492705, -0.4226182617407009956, 0.000000000000000000 ) ) ;
#7806 = CARTESIAN_POINT ( 'NONE',  ( -13.68732489781327999, -39.70714214271408338, -27.00000000000000711 ) ) ;
#7807 = EDGE_LOOP ( 'NONE', ( #532, #1401 ) ) ;
#7808 = CARTESIAN_POINT ( 'NONE',  ( -20.69700349359363400, -36.54671656801761515, -26.66759799545867793 ) ) ;
#7809 = ORIENTED_EDGE ( 'NONE', *, *, #2290, .T. ) ;
#7810 = CARTESIAN_POINT ( 'NONE',  ( -14.01310987903381644, -54.16492339063440653, 0.000000000000000000 ) ) ;
#7811 = CARTESIAN_POINT ( 'NONE',  ( 41.99999999999999289, -0.1737749980794788263, -0.3094010767585109178 ) ) ;
#7812 = DIRECTION ( 'NONE',  ( 0.000000000000000000, 0.000000000000000000, 1.000000000000000000 ) ) ;
#7813 = CARTESIAN_POINT ( 'NONE',  ( 11.73724304340664304, 35.61593825799923962, -4.620230038046148735 ) ) ;
#7814 = AXIS2_PLACEMENT_3D ( 'NONE', #6343, #1388, #5103 ) ;
#7815 = ADVANCED_FACE ( 'NONE', ( #7404 ), #1775, .F. ) ;
#7816 = LINE ( 'NONE', #7734, #5778 ) ;
#7817 = UNCERTAINTY_MEASURE_WITH_UNIT (LENGTH_MEASURE( 1.000000000000000082E-05 ), #3598, 'distance_accuracy_value', 'NONE');
#7818 = CARTESIAN_POINT ( 'NONE',  ( -20.69523439827078803, 36.54771455168779681, -26.66716483690976247 ) ) ;
#7819 = DIRECTION ( 'NONE',  ( -0.3355296470614886339, -0.9420296470614886175, 0.000000000000000000 ) ) ;
#7820 = CARTESIAN_POINT ( 'NONE',  ( 26.99468395251849984, 32.17611792599284826, -4.235367239232346925 ) ) ;
#7821 = EDGE_CURVE ( 'NONE', #3200, #5254, #3236, .T. ) ;
#7822 = CARTESIAN_POINT ( 'NONE',  ( -11.94710176973198479, -36.00000000000000711, -22.35162694428391461 ) ) ;
#7823 = LINE ( 'NONE', #801, #813 ) ;
#7824 = VERTEX_POINT ( 'NONE', #7445 ) ;
#7825 = PLANE ( 'NONE',  #262 ) ;
#7826 = CARTESIAN_POINT ( 'NONE',  ( 17.87730674394184049, -32.96440358300164775, -26.42264973081038804 ) ) ;
#7827 = EDGE_LOOP ( 'NONE', ( #7064, #2252 ) ) ;
#7828 = CARTESIAN_POINT ( 'NONE',  ( 88.62500000000004263, -93.75000000000000000, 6.123233995736766085E-15 ) ) ;
#7829 = DIRECTION ( 'NONE',  ( -0.000000000000000000, -0.000000000000000000, -1.000000000000000000 ) ) ;
#7830 = ORIENTED_EDGE ( 'NONE', *, *, #1075, .F. ) ;
#7831 = LINE ( 'NONE', #6687, #4085 ) ;
#7832 = DIRECTION ( 'NONE',  ( 1.224646799147353207E-16, 1.000000000000000000, -0.000000000000000000 ) ) ;
#7833 = ORIENTED_EDGE ( 'NONE', *, *, #7242, .T. ) ;
#7834 = CARTESIAN_POINT ( 'NONE',  ( 14.64410141435720014, -39.36432768085874301, -4.041451884327443622 ) ) ;
#7835 = EDGE_CURVE ( 'NONE', #5035, #7718, #3783, .T. ) ;
#7836 = ORIENTED_EDGE ( 'NONE', *, *, #6905, .T. ) ;
#7837 = CARTESIAN_POINT ( 'NONE',  ( 36.81211925894253056, 7.151335893057311210, -4.128825702922127583 ) ) ;
#7838 = CARTESIAN_POINT ( 'NONE',  ( 26.67770595457952254, 32.20714214271414022, -22.95854811567266296 ) ) ;
#7839 = ORIENTED_EDGE ( 'NONE', *, *, #761, .F. ) ;
#7840 = CC_DESIGN_PERSON_AND_ORGANIZATION_ASSIGNMENT ( #3727, #1851, ( #2161 ) ) ;
#7841 = DIRECTION ( 'NONE',  ( 0.000000000000000000, 0.000000000000000000, 1.000000000000000000 ) ) ;
#7842 = VERTEX_POINT ( 'NONE', #623 ) ;
#7843 = APPROVAL_ROLE ( '' ) ;
#7844 = AXIS2_PLACEMENT_3D ( 'NONE', #1372, #99, #5089 ) ;
#7845 = CARTESIAN_POINT ( 'NONE',  ( 25.24656833199761152, -27.72833906778000568, -5.596326221946339885 ) ) ;
#7846 = ORIENTED_EDGE ( 'NONE', *, *, #930, .T. ) ;
#7847 = CARTESIAN_POINT ( 'NONE',  ( -13.70962481036693426, -39.69947489622889947, -5.423547363302433588 ) ) ;
#7848 = ORIENTED_EDGE ( 'NONE', *, *, #2505, .F. ) ;
#7849 = B_SPLINE_CURVE_WITH_KNOTS ( 'NONE', 3,
 ( #297, #3362, #868, #4631, #7811, #3401 ),
 .UNSPECIFIED., .F., .F.,
 ( 4, 2, 4 ),
 ( 1.663641021678377469E-17, 0.0005212489512770140639, 0.001042497902554011648 ),
 .UNSPECIFIED. ) ;
#7850 = CARTESIAN_POINT ( 'NONE',  ( 26.76845706733986319, 32.36432768085849432, -22.95854811567267362 ) ) ;
#7851 = FACE_BOUND ( 'NONE', #7807, .T. ) ;
#7852 = CIRCLE ( 'NONE', #6297, 2.000000000000000000 ) ;
#7853 =( BOUNDED_CURVE ( )  B_SPLINE_CURVE ( 3, ( #6182, #4838, #1732, #6668 ),
 .UNSPECIFIED., .F., .F. ) 
 B_SPLINE_CURVE_WITH_KNOTS ( ( 4, 4 ),
 ( 4.544940901164999936, 4.688577206424020538 ),
 .UNSPECIFIED. ) 
 CURVE ( )  GEOMETRIC_REPRESENTATION_ITEM ( )  RATIONAL_B_SPLINE_CURVE ( ( 1.000000000000000000, 0.9982814565068700574, 0.9982814565068700574, 1.000000000000000000 ) ) 
 REPRESENTATION_ITEM ( '' )  );
#7854 = DIRECTION ( 'NONE',  ( 0.000000000000000000, 0.000000000000000000, 1.000000000000000000 ) ) ;
#7855 = CARTESIAN_POINT ( 'NONE',  ( -27.52599158393278245, 31.72257755238382870, -21.57639884239416972 ) ) ;
#7856 = AXIS2_PLACEMENT_3D ( 'NONE', #6451, #1305, #3222 ) ;
#7857 = CARTESIAN_POINT ( 'NONE',  ( -2.500000000000000888, 55.37500000000000000, 0.000000000000000000 ) ) ;
#7858 = CARTESIAN_POINT ( 'NONE',  ( -14.55335030159769083, -39.20714214271409048, -4.041451884327435629 ) ) ;
#7859 = CARTESIAN_POINT ( 'NONE',  ( -57.13409809427928820, 20.34987309427929247, 10.00000000000000000 ) ) ;
#7860 = EDGE_CURVE ( 'NONE', #2011, #4845, #303, .T. ) ;
#7861 = CARTESIAN_POINT ( 'NONE',  ( 27.40349347438019834, 31.82854683851645561, -4.921666657151262392 ) ) ;
#7862 = FACE_OUTER_BOUND ( 'NONE', #4153, .T. ) ;
#7863 = EDGE_CURVE ( 'NONE', #2633, #5422, #6271, .T. ) ;
#7864 = DIRECTION ( 'NONE',  ( -1.000000000000000000, 0.000000000000000000, 0.000000000000000000 ) ) ;
#7865 = ORIENTED_EDGE ( 'NONE', *, *, #3135, .F. ) ;
#7867 = AXIS2_PLACEMENT_3D ( 'NONE', #6202, #603, #5583 ) ;
#7866 = CONICAL_SURFACE ( 'NONE', #6038, 2.099999999999999645, 0.7853981633974645993 ) ;
#7868 = AXIS2_PLACEMENT_3D ( 'NONE', #6594, #7777, #5208 ) ;
#7869 = CARTESIAN_POINT ( 'NONE',  ( -21.86007217900189303, -35.86275567115315965, -0.5773502691896462702 ) ) ;
#7870 = FACE_BOUND ( 'NONE', #2582, .T. ) ;
#7871 = EDGE_CURVE ( 'NONE', #5728, #4112, #3897, .T. ) ;
#7872 = CARTESIAN_POINT ( 'NONE',  ( -8.506601717798192297, 10.60660171779823102, -31.99999999999998579 ) ) ;
#7873 = AXIS2_PLACEMENT_3D ( 'NONE', #6781, #8090, #1012 ) ;
#7874 = ORIENTED_EDGE ( 'NONE', *, *, #737, .T. ) ;
#7875 = CARTESIAN_POINT ( 'NONE',  ( 11.39016187144653536, -35.72833906777988489, -21.22649730810378088 ) ) ;
#7876 = CIRCLE ( 'NONE', #7486, 10.00000000000000000 ) ;
#7877 = DIRECTION ( 'NONE',  ( 0.000000000000000000, 0.000000000000000000, -1.000000000000000000 ) ) ;
#7878 = ORIENTED_EDGE ( 'NONE', *, *, #459, .T. ) ;
#7879 = FACE_BOUND ( 'NONE', #7611, .T. ) ;
#7880 = EDGE_CURVE ( 'NONE', #4515, #1049, #7265, .T. ) ;
#7881 = CARTESIAN_POINT ( 'NONE',  ( 91.37500000000004263, -93.75000000000000000, 30.00000000000000711 ) ) ;
#7882 = CIRCLE ( 'NONE', #528, 33.50000000000000711 ) ;
#7883 = ORIENTED_EDGE ( 'NONE', *, *, #6521, .T. ) ;
#7884 = B_SPLINE_CURVE_WITH_KNOTS ( 'NONE', 3,
 ( #3564, #7977, #2977, #2342, #8059, #4872, #4173, #7359, #3058, #1771 ),
 .UNSPECIFIED., .F., .F.,
 ( 4, 2, 2, 2, 4 ),
 ( 1.734723475976807094E-18, 0.0005238988965804965495, 0.001047797793160991364, 0.001571696689741486179, 0.002095595586321980994 ),
 .UNSPECIFIED. ) ;
#7885 = DIRECTION ( 'NONE',  ( 0.000000000000000000, 0.000000000000000000, 1.000000000000000000 ) ) ;
#7886 = ORIENTED_EDGE ( 'NONE', *, *, #1027, .F. ) ;
#7887 = CARTESIAN_POINT ( 'NONE',  ( -30.04860834569607064, -44.79931606351243545, 0.000000000000000000 ) ) ;
#7888 = DIRECTION ( 'NONE',  ( 0.000000000000000000, 0.8660254037844402619, 0.4999999999999971689 ) ) ;
#7889 = ORIENTED_EDGE ( 'NONE', *, *, #1135, .T. ) ;
#7890 = FACE_OUTER_BOUND ( 'NONE', #115, .T. ) ;
#7891 = ORIENTED_EDGE ( 'NONE', *, *, #6686, .T. ) ;
#7892 = EDGE_CURVE ( 'NONE', #6117, #6733, #7255, .T. ) ;
#7893 = PERSON_AND_ORGANIZATION ( #6737, #462 ) ;
#7894 = CARTESIAN_POINT ( 'NONE',  ( -97.02311780408933828, -91.64213562373092259, 110.0000000000000000 ) ) ;
#7895 = EDGE_LOOP ( 'NONE', ( #7702, #3988, #5030, #6048 ) ) ;
#7896 = DIRECTION ( 'NONE',  ( 0.000000000000000000, 0.000000000000000000, 1.000000000000000000 ) ) ;
#7897 = ORIENTED_EDGE ( 'NONE', *, *, #1219, .F. ) ;
#7898 = DIRECTION ( 'NONE',  ( 0.000000000000000000, 0.000000000000000000, 1.000000000000000000 ) ) ;
#7899 = FACE_BOUND ( 'NONE', #7056, .T. ) ;
#7900 = CARTESIAN_POINT ( 'NONE',  ( 11.54700538379212738, -36.00000000000000711, -21.15101303213093331 ) ) ;
#7901 = CYLINDRICAL_SURFACE ( 'NONE', #5697, 2.500000000000000888 ) ;
#7902 = ADVANCED_FACE ( 'NONE', ( #7529 ), #706, .T. ) ;
#7903 = AXIS2_PLACEMENT_3D ( 'NONE', #1391, #891, #245 ) ;
#7904 = DIRECTION ( 'NONE',  ( 0.000000000000000000, 0.000000000000000000, -1.000000000000000000 ) ) ;
#7905 = CARTESIAN_POINT ( 'NONE',  ( -41.98809355043404423, -1.000000000000000222, -26.42264973081038804 ) ) ;
#7906 = DIRECTION ( 'NONE',  ( 0.000000000000000000, -0.5000000000000052180, 0.8660254037844357100 ) ) ;
#7907 = DIRECTION ( 'NONE',  ( -0.000000000000000000, -0.000000000000000000, -1.000000000000000000 ) ) ;
#7908 = CARTESIAN_POINT ( 'NONE',  ( 20.26207864942830383, 36.78955691790324067, -26.51080902975479603 ) ) ;
#7909 = ORIENTED_EDGE ( 'NONE', *, *, #90, .T. ) ;
#7910 = AXIS2_PLACEMENT_3D ( 'NONE', #427, #1122, #2947 ) ;
#7911 = CARTESIAN_POINT ( 'NONE',  ( 24.48261484627946061, -28.40513281589679551, -4.041451884327440069 ) ) ;
#7912 = DIRECTION ( 'NONE',  ( -0.000000000000000000, -0.000000000000000000, 1.000000000000000000 ) ) ;
#7913 = CIRCLE ( 'NONE', #7258, 2.499999999999995115 ) ;
#7914 = CARTESIAN_POINT ( 'NONE',  ( 25.21755935773954249, -33.64707142157968889, -2.895706807524236037 ) ) ;
#7915 = ORIENTED_EDGE ( 'NONE', *, *, #2701, .F. ) ;
#7916 = CARTESIAN_POINT ( 'NONE',  ( -8.000000000000000000, -41.23105625617660763, -27.00000000000001421 ) ) ;
#7917 = DIRECTION ( 'NONE',  ( 1.000000000000000000, 0.000000000000000000, 0.000000000000000000 ) ) ;
#7918 = ORIENTED_EDGE ( 'NONE', *, *, #1113, .F. ) ;
#7919 = DIRECTION ( 'NONE',  ( 0.000000000000000000, 0.000000000000000000, 1.000000000000000000 ) ) ;
#7920 = CIRCLE ( 'NONE', #5434, 2.499999999999998668 ) ;
#7921 = CARTESIAN_POINT ( 'NONE',  ( -8.624999999999994671, -93.75000000000000000, 30.00000000000000711 ) ) ;
#7922 = ORIENTED_EDGE ( 'NONE', *, *, #1336, .F. ) ;
#7923 =( BOUNDED_CURVE ( )  B_SPLINE_CURVE ( 3, ( #6177, #536, #7441, #6219 ),
 .UNSPECIFIED., .F., .F. ) 
 B_SPLINE_CURVE_WITH_KNOTS ( ( 4, 4 ),
 ( 1.383028251721604152, 1.544126498622616417 ),
 .UNSPECIFIED. ) 
 CURVE ( )  GEOMETRIC_REPRESENTATION_ITEM ( )  RATIONAL_B_SPLINE_CURVE ( ( 1.000000000000000000, 0.9978384486574995993, 0.9978384486574995993, 1.000000000000000000 ) ) 
 REPRESENTATION_ITEM ( '' )  );
#7924 = EDGE_CURVE ( 'NONE', #6836, #4163, #7920, .T. ) ;
#7925 = CARTESIAN_POINT ( 'NONE',  ( 10.60660171779826833, -10.60660171779815997, -33.00000000000000000 ) ) ;
#7926 = EDGE_CURVE ( 'NONE', #3957, #7197, #1244, .T. ) ;
#7927 = VECTOR ( 'NONE', #4401, 1000.000000000000000 ) ;
#7928 = ORIENTED_EDGE ( 'NONE', *, *, #5211, .T. ) ;
#7929 = DIRECTION ( 'NONE',  ( 0.000000000000000000, 0.000000000000000000, 1.000000000000000000 ) ) ;
#7930 = CARTESIAN_POINT ( 'NONE',  ( 70.00000000000001421, -93.75000000000000000, 30.00000000000000711 ) ) ;
#7931 = EDGE_CURVE ( 'NONE', #2294, #5210, #1321, .T. ) ;
#7932 = CARTESIAN_POINT ( 'NONE',  ( -11.39016187144678227, 35.72833906777979962, -5.773502691896305272 ) ) ;
#7933 = ORIENTED_EDGE ( 'NONE', *, *, #4827, .T. ) ;
#7934 = CARTESIAN_POINT ( 'NONE',  ( -31.37500000000000000, -93.75000000000000000, 6.123233995736766085E-15 ) ) ;
#7935 = AXIS2_PLACEMENT_3D ( 'NONE', #2413, #8086, #2452 ) ;
#7936 = AXIS2_PLACEMENT_3D ( 'NONE', #4990, #4378, #6878 ) ;
#7937 = FACE_OUTER_BOUND ( 'NONE', #8085, .T. ) ;
#7938 = ORIENTED_EDGE ( 'NONE', *, *, #4194, .T. ) ;
#7939 = B_SPLINE_CURVE_WITH_KNOTS ( 'NONE', 3,
 ( #559, #1217, #3087, #1919, #4476, #7508, #7463, #3802, #7423, #1881, #6975, #6368, #1794, #3874, #4403, #1334, #27, #5053, #4444, #3837, #681, #5705, #2574, #724, #3253, #4315, #1172, #1991, #101, #2610, #5130, #7621, #4514, #1286 ),
 .UNSPECIFIED., .F., .F.,
 ( 4, 2, 2, 2, 2, 2, 2, 2, 2, 2, 2, 2, 2, 2, 2, 2, 4 ),
 ( 0.000000000000000000, 0.0007922490565964209874, 0.001584498113192841975, 0.002376747169789262745, 0.003168996226385683949, 0.003961245282982105154, 0.004753494339578525490, 0.005545743396174946695, 0.006337992452771367899, 0.007130241509367789103, 0.007922490565964210307, 0.008714739622560630644, 0.009506988679157050981, 0.01029923773575347305, 0.01109148679234989339, 0.01188373584894631546, 0.01267598490554273580 ),
 .UNSPECIFIED. ) ;
#7940 = ORIENTED_EDGE ( 'NONE', *, *, #7710, .T. ) ;
#7941 = CARTESIAN_POINT ( 'NONE',  ( -22.92820323027578411, -23.71281292110177219, -22.38119784648303678 ) ) ;
#7942 = FACE_OUTER_BOUND ( 'NONE', #2783, .T. ) ;
#7943 = CARTESIAN_POINT ( 'NONE',  ( 41.23555382585275453, 7.976919199850629916, -21.57639884239418038 ) ) ;
#7944 = CARTESIAN_POINT ( 'NONE',  ( 0.000000000000000000, 55.37500000000000000, 10.00000000000000000 ) ) ;
#7945 = FACE_OUTER_BOUND ( 'NONE', #3825, .T. ) ;
#7946 = ORIENTED_EDGE ( 'NONE', *, *, #2903, .F. ) ;
#7947 =( BOUNDED_CURVE ( )  B_SPLINE_CURVE ( 3, ( #6547, #903, #2183, #7198 ),
 .UNSPECIFIED., .F., .F. ) 
 B_SPLINE_CURVE_WITH_KNOTS ( ( 4, 4 ),
 ( 4.544940901164999936, 4.688577206424020538 ),
 .UNSPECIFIED. ) 
 CURVE ( )  GEOMETRIC_REPRESENTATION_ITEM ( )  RATIONAL_B_SPLINE_CURVE ( ( 1.000000000000000000, 0.9982814565068700574, 0.9982814565068700574, 1.000000000000000000 ) ) 
 REPRESENTATION_ITEM ( '' )  );
#7948 = CARTESIAN_POINT ( 'NONE',  ( -36.84087403957730800, -6.999999999999985789, -22.95854811567265941 ) ) ;
#7949 = ADVANCED_FACE ( 'NONE', ( #5729 ), #8106, .F. ) ;
#7950 = EDGE_CURVE ( 'NONE', #3859, #2517, #4498, .T. ) ;
#7951 = DIRECTION ( 'NONE',  ( -0.000000000000000000, -0.000000000000000000, 1.000000000000000000 ) ) ;
#7952 = AXIS2_PLACEMENT_3D ( 'NONE', #5924, #252, #6582 ) ;
#7953 = DIRECTION ( 'NONE',  ( -0.000000000000000000, -0.000000000000000000, 1.000000000000000000 ) ) ;
#7954 = DIRECTION ( 'NONE',  ( 1.000000000000000000, 0.000000000000000000, 2.478176394252581634E-16 ) ) ;
#7955 = ORIENTED_EDGE ( 'NONE', *, *, #5172, .T. ) ;
#7956 = LINE ( 'NONE', #471, #5552 ) ;
#7957 = DIRECTION ( 'NONE',  ( -0.000000000000000000, -0.000000000000000000, -1.000000000000000000 ) ) ;
#7958 = CARTESIAN_POINT ( 'NONE',  ( -37.50000000000000711, 0.000000000000000000, 12.50000000000000000 ) ) ;
#7959 = EDGE_LOOP ( 'NONE', ( #5984, #3353, #7402, #2561 ) ) ;
#7960 = CARTESIAN_POINT ( 'NONE',  ( -63.17388522534293571, 3.392627768176272873, 10.78803382304576886 ) ) ;
#7961 = CARTESIAN_POINT ( 'NONE',  ( -17.87730674394250485, -32.96440358300129958, -26.42264973081037738 ) ) ;
#7962 = ORIENTED_EDGE ( 'NONE', *, *, #4777, .F. ) ;
#7963 = CARTESIAN_POINT ( 'NONE',  ( 37.48666429545313861, -1.000000000000010436, -0.5773502691896401640 ) ) ;
#7964 = DIRECTION ( 'NONE',  ( 0.000000000000000000, 0.8660254037844395958, 0.4999999999999982236 ) ) ;
#7965 = ORIENTED_EDGE ( 'NONE', *, *, #695, .T. ) ;
#7966 = CARTESIAN_POINT ( 'NONE',  ( 41.98809355043403713, 1.000000000000013989, -0.5773502691896416072 ) ) ;
#7967 = CARTESIAN_POINT ( 'NONE',  ( -41.23105625617660053, 8.000000000000000000, -5.773502691896304384 ) ) ;
#7968 = ORIENTED_EDGE ( 'NONE', *, *, #4180, .F. ) ;
#7969 = CARTESIAN_POINT ( 'NONE',  ( 22.52304161032249041, 50.58757971695901290, 10.00000000000000000 ) ) ;
#7970 = DIRECTION ( 'NONE',  ( 0.000000000000000000, 0.000000000000000000, -1.000000000000000000 ) ) ;
#7971 = ADVANCED_FACE ( 'NONE', ( #2434 ), #4340, .F. ) ;
#7972 = DIRECTION ( 'NONE',  ( 1.000000000000000000, 0.000000000000000000, 0.000000000000000000 ) ) ;
#7973 = ORIENTED_EDGE ( 'NONE', *, *, #3996, .T. ) ;
#7974 = PLANE ( 'NONE',  #2974 ) ;
#7975 = ADVANCED_FACE ( 'NONE', ( #582 ), #5153, .T. ) ;
#7976 = ORIENTED_EDGE ( 'NONE', *, *, #2502, .T. ) ;
#7977 = CARTESIAN_POINT ( 'NONE',  ( -11.39016187144728498, -35.72833906777965041, -5.596326221946338109 ) ) ;
#7978 = CARTESIAN_POINT ( 'NONE',  ( 16.00000000000013145, 27.71281292110197114, -24.69059892324150951 ) ) ;
#7979 = ORIENTED_EDGE ( 'NONE', *, *, #7770, .F. ) ;
#7980 = EDGE_CURVE ( 'NONE', #5945, #1763, #5922, .T. ) ;
#7981 = DIRECTION ( 'NONE',  ( 0.000000000000000000, -0.000000000000000000, -1.000000000000000000 ) ) ;
#7982 = CARTESIAN_POINT ( 'NONE',  ( 22.95562404999898476, 29.72125859434157036, -2.898023699950639021 ) ) ;
#7983 = EDGE_LOOP ( 'NONE', ( #5671, #4607, #7459, #3334 ) ) ;
#7984 = CARTESIAN_POINT ( 'NONE',  ( 18.90003998240944938, -32.38933041763154819, -0.3093458684742629861 ) ) ;
#7985 = ORIENTED_EDGE ( 'NONE', *, *, #4115, .F. ) ;
#7986 = CIRCLE ( 'NONE', #3007, 10.00000000000000000 ) ;
#7987 = CARTESIAN_POINT ( 'NONE',  ( -32.00000000000000000, -7.999999999999996447, -4.618802153517066245 ) ) ;
#7988 = CARTESIAN_POINT ( 'NONE',  ( -48.62500000000000000, -93.75000000000000000, 30.00000000000000711 ) ) ;
#7989 = DIRECTION ( 'NONE',  ( 0.000000000000000000, 0.000000000000000000, -1.000000000000000000 ) ) ;
#7990 = FACE_OUTER_BOUND ( 'NONE', #7748, .T. ) ;
#7991 = EDGE_CURVE ( 'NONE', #7271, #1464, #747, .T. ) ;
#7992 = DIRECTION ( 'NONE',  ( -1.000000000000000000, 0.000000000000000000, 0.000000000000000000 ) ) ;
#7993 = DIRECTION ( 'NONE',  ( -1.000000000000000000, 1.734723475976807094E-15, 0.000000000000000000 ) ) ;
#7994 = DIRECTION ( 'NONE',  ( 1.000000000000000000, 0.000000000000000000, 0.000000000000000000 ) ) ;
#7995 = ORIENTED_EDGE ( 'NONE', *, *, #2350, .T. ) ;
#7996 = CARTESIAN_POINT ( 'NONE',  ( -24.48261484628005391, -28.40513281589628747, -4.041451884327430299 ) ) ;
#7997 = CARTESIAN_POINT ( 'NONE',  ( -32.00000000000000000, 8.000000000000000000, -4.618802153517059139 ) ) ;
#7998 = VERTEX_POINT ( 'NONE', #7684 ) ;
#7999 = DIRECTION ( 'NONE',  ( 0.000000000000000000, 0.000000000000000000, 1.000000000000000000 ) ) ;
#8000 = AXIS2_PLACEMENT_3D ( 'NONE', #4235, #4359, #396 ) ;
#8001 = CARTESIAN_POINT ( 'NONE',  ( 70.00000000000001421, -93.75000000000000000, 30.00000000000000711 ) ) ;
#8002 = ORIENTED_EDGE ( 'NONE', *, *, #287, .F. ) ;
#8003 = VECTOR ( 'NONE', #803, 1000.000000000000000 ) ;
#8004 = CARTESIAN_POINT ( 'NONE',  ( -10.60660171779819372, -10.60660171779822569, -31.99999999999998579 ) ) ;
#8006 = CIRCLE ( 'NONE', #656, 1.375000000000001332 ) ;
#8005 = CIRCLE ( 'NONE', #5384, 2.499999999999995115 ) ;
#8007 = CARTESIAN_POINT ( 'NONE',  ( 29.33633035359540742, -11.47299966812155603, -27.00000000000000000 ) ) ;
#8008 = VERTEX_POINT ( 'NONE', #3931 ) ;
#8009 = CARTESIAN_POINT ( 'NONE',  ( 36.63673020344474196, 8.000000000000008882, -5.773502691896312378 ) ) ;
#8010 = CARTESIAN_POINT ( 'NONE',  ( 10.80384757729308731, -30.71281292110213101, -21.22649730810378088 ) ) ;
#8011 = CARTESIAN_POINT ( 'NONE',  ( 13.68732489781242734, -39.70714214271437470, -21.40372075205403490 ) ) ;
#8012 = VERTEX_POINT ( 'NONE', #7116 ) ;
#8013 = CARTESIAN_POINT ( 'NONE',  ( 37.50000000000000711, 4.592415693851188738E-15, -26.69059892324151306 ) ) ;
#8014 = CARTESIAN_POINT ( 'NONE',  ( -9.071796769724864262, -31.71281292110193206, -4.618802153517066245 ) ) ;
#8015 = ORIENTED_EDGE ( 'NONE', *, *, #4777, .T. ) ;
#8016 = EDGE_CURVE ( 'NONE', #4045, #7725, #6251, .T. ) ;
#8017 = LINE ( 'NONE', #2386, #2949 ) ;
#8018 = DIRECTION ( 'NONE',  ( 1.000000000000000000, 0.000000000000000000, 0.000000000000000000 ) ) ;
#8019 = DIRECTION ( 'NONE',  ( 0.000000000000000000, 0.000000000000000000, -1.000000000000000000 ) ) ;
#8020 = ORIENTED_EDGE ( 'NONE', *, *, #238, .T. ) ;
#8021 = CARTESIAN_POINT ( 'NONE',  ( -27.52594137185409195, -31.72262081024499025, -21.57645263669765257 ) ) ;
#8022 = CARTESIAN_POINT ( 'NONE',  ( 0.000000000000000000, 0.000000000000000000, 12.50000000000000000 ) ) ;
#8023 = ADVANCED_FACE ( 'NONE', ( #2018 ), #821, .F. ) ;
#8024 = B_SPLINE_CURVE_WITH_KNOTS ( 'NONE', 3,
 ( #7353, #7435, #3680, #6125, #1099, #4946, #1722, #1185, #8011, #2336 ),
 .UNSPECIFIED., .F., .F.,
 ( 4, 2, 2, 2, 4 ),
 ( 2.201117333616983738E-17, 0.0005240076909106357230, 0.001048015381821249545, 0.001572023072731863150, 0.002096030763642476973 ),
 .UNSPECIFIED. ) ;
#8025 = DIRECTION ( 'NONE',  ( 0.000000000000000000, 0.000000000000000000, -1.000000000000000000 ) ) ;
#8026 = EDGE_LOOP ( 'NONE', ( #2398, #2942 ) ) ;
#8027 = ADVANCED_FACE ( 'NONE', ( #5232 ), #4010, .F. ) ;
#8028 = CARTESIAN_POINT ( 'NONE',  ( 19.60935755151115245, 31.96440358300140616, -0.5773502691896369443 ) ) ;
#8029 = EDGE_CURVE ( 'NONE', #7016, #3512, #878, .T. ) ;
#8030 = VERTEX_POINT ( 'NONE', #172 ) ;
#8031 = FACE_OUTER_BOUND ( 'NONE', #858, .T. ) ;
#8032 = DIRECTION ( 'NONE',  ( 0.000000000000000000, 0.000000000000000000, -1.000000000000000000 ) ) ;
#8033 = CARTESIAN_POINT ( 'NONE',  ( 21.86007217900160171, 35.86275567115333729, -26.42264973081040225 ) ) ;
#8034 = CARTESIAN_POINT ( 'NONE',  ( -5.000486708505726519, -10.72357835230654821, -23.00000000000000000 ) ) ;
#8035 = EDGE_CURVE ( 'NONE', #5524, #5152, #1479, .T. ) ;
#8036 = CARTESIAN_POINT ( 'NONE',  ( 12.35825919329774436, 35.40513281589652195, -4.041451884327436517 ) ) ;
#8037 = CARTESIAN_POINT ( 'NONE',  ( -41.41255848169731735, -7.000000000000006217, -4.041451884327439181 ) ) ;
#8038 = CARTESIAN_POINT ( 'NONE',  ( -37.50000000000000711, -9.802947277240810054E-21, -0.3094010767585108068 ) ) ;
#8039 = CARTESIAN_POINT ( 'NONE',  ( -10.99739885367647574, -40.53509451755484605, -25.66144901628842234 ) ) ;
#8040 = CARTESIAN_POINT ( 'NONE',  ( -55.16475458984393754, 17.11181606351326678, 10.00000000000000000 ) ) ;
#8041 = ORIENTED_EDGE ( 'NONE', *, *, #6728, .F. ) ;
#8042 = ORIENTED_EDGE ( 'NONE', *, *, #3840, .T. ) ;
#8043 = CIRCLE ( 'NONE', #6734, 2.099999999999999645 ) ;
#8044 = DIRECTION ( 'NONE',  ( 0.000000000000000000, 0.000000000000000000, -1.000000000000000000 ) ) ;
#8045 = CARTESIAN_POINT ( 'NONE',  ( 8.899209437661108169, -36.43142361005457275, -26.92383661016718222 ) ) ;
#8046 = B_SPLINE_CURVE_WITH_KNOTS ( 'NONE', 3,
 ( #8009, #2379, #1548, #7229, #4080, #5389, #6577, #929, #7837, #4738 ),
 .UNSPECIFIED., .F., .F.,
 ( 4, 2, 2, 2, 4 ),
 ( 3.469446951953614189E-18, 0.0005238988965804978505, 0.001047797793160992232, 0.001571696689741487914, 0.002095595586321983596 ),
 .UNSPECIFIED. ) ;
#8047 = CARTESIAN_POINT ( 'NONE',  ( 36.84087403957729379, -6.999999999999992895, -22.95854811567265941 ) ) ;
#8048 = CARTESIAN_POINT ( 'NONE',  ( 11.73735708915940279, 35.61590079026831290, -22.37994780022711083 ) ) ;
#8049 = CIRCLE ( 'NONE', #6480, 10.00000000000000000 ) ;
#8050 = EDGE_CURVE ( 'NONE', #4947, #8055, #1554, .T. ) ;
#8051 = VERTEX_POINT ( 'NONE', #7761 ) ;
#8052 = CARTESIAN_POINT ( 'NONE',  ( -10.60660171779819017, 10.60660171779823102, -27.00000000000000000 ) ) ;
#8053 = EDGE_CURVE ( 'NONE', #6310, #8055, #3641, .T. ) ;
#8054 = CARTESIAN_POINT ( 'NONE',  ( -14.26155295014744340, -34.74078288419469374, -2.898023699950642573 ) ) ;
#8055 = VERTEX_POINT ( 'NONE', #2796 ) ;
#8056 = DIRECTION ( 'NONE',  ( -1.000000000000000000, 0.000000000000000000, 0.000000000000000000 ) ) ;
#8057 = CIRCLE ( 'NONE', #2019, 10.00000000000000000 ) ;
#8058 = VERTEX_POINT ( 'NONE', #1437 ) ;
#8059 = CARTESIAN_POINT ( 'NONE',  ( -11.56793450630030584, -35.67128850371902615, -4.920959955220063797 ) ) ;
#8060 = CARTESIAN_POINT ( 'NONE',  ( -13.79662393997552172, 39.66932426114959043, -21.91336164883026782 ) ) ;
#8061 = CIRCLE ( 'NONE', #3094, 2.500000000000002220 ) ;
#8062 = ORIENTED_EDGE ( 'NONE', *, *, #4803, .F. ) ;
#8063 = DIRECTION ( 'NONE',  ( 1.000000000000000000, 0.000000000000000000, 0.000000000000000000 ) ) ;
#8064 = DIRECTION ( 'NONE',  ( 0.000000000000000000, -0.000000000000000000, -1.000000000000000000 ) ) ;
#8065 = CARTESIAN_POINT ( 'NONE',  ( -41.99472387877437285, 0.6867125519817890433, -0.4229034805600108693 ) ) ;
#8066 = CIRCLE ( 'NONE', #969, 2.000000000000001776 ) ;
#8067 = VERTEX_POINT ( 'NONE', #3971 ) ;
#8068 = DIRECTION ( 'NONE',  ( -0.000000000000000000, -0.000000000000000000, -1.000000000000000000 ) ) ;
#8069 = VERTEX_POINT ( 'NONE', #2178 ) ;
#8070 = DIRECTION ( 'NONE',  ( 0.000000000000000000, -0.8660254037844355990, -0.5000000000000051070 ) ) ;
#8071 = CARTESIAN_POINT ( 'NONE',  ( 90.20512218169217533, -72.50000000000002842, 10.00000000000000000 ) ) ;
#8072 = AXIS2_PLACEMENT_3D ( 'NONE', #6569, #6455, #5179 ) ;
#8073 = DIRECTION ( 'NONE',  ( 0.4999999999999918954, -0.8660254037844432595, 2.924120400772496899E-17 ) ) ;
#8074 = DIRECTION ( 'NONE',  ( -0.000000000000000000, -0.000000000000000000, -1.000000000000000000 ) ) ;
#8075 = EDGE_CURVE ( 'NONE', #7302, #3726, #4542, .T. ) ;
#8076 = EDGE_CURVE ( 'NONE', #6413, #5693, #1635, .T. ) ;
#8077 = FACE_OUTER_BOUND ( 'NONE', #7220, .T. ) ;
#8078 = CARTESIAN_POINT ( 'NONE',  ( 10.60660171779811911, 10.60660171779830208, -33.00000000000000000 ) ) ;
#8079 = CARTESIAN_POINT ( 'NONE',  ( 19.34191058477963310, -32.12738179418576578, -26.57696310110720006 ) ) ;
#8080 = ORIENTED_EDGE ( 'NONE', *, *, #7321, .T. ) ;
#8081 = AXIS2_PLACEMENT_3D ( 'NONE', #2369, #7421, #3131 ) ;
#8082 = CARTESIAN_POINT ( 'NONE',  ( -9.761201153843197531, -40.85070374673629345, -26.60081378672941810 ) ) ;
#8083 = EDGE_CURVE ( 'NONE', #6965, #3518, #6155, .T. ) ;
#8084 = FACE_OUTER_BOUND ( 'NONE', #1814, .T. ) ;
#8085 = EDGE_LOOP ( 'NONE', ( #5884, #5951, #8087, #1909 ) ) ;
#8086 = DIRECTION ( 'NONE',  ( -0.000000000000000000, -0.000000000000000000, 1.000000000000000000 ) ) ;
#8087 = ORIENTED_EDGE ( 'NONE', *, *, #1873, .T. ) ;
#8088 = CIRCLE ( 'NONE', #208, 1.999999999999998224 ) ;
#8089 = CARTESIAN_POINT ( 'NONE',  ( -19.05357604528290594, 32.29921680018899366, -26.66716215998824779 ) ) ;
#8090 = DIRECTION ( 'NONE',  ( -0.000000000000000000, -0.000000000000000000, -1.000000000000000000 ) ) ;
#8091 = EDGE_LOOP ( 'NONE', ( #691, #4001, #1478, #5875, #5436, #2006, #5081, #4655, #3229 ) ) ;
#8092 = CARTESIAN_POINT ( 'NONE',  ( -14.64410141435807589, -39.36432768085842326, -22.95854811567266296 ) ) ;
#8093 = B_SPLINE_CURVE_WITH_KNOTS ( 'NONE', 3,
 ( #7113, #7033, #893, #1476, #857, #3392 ),
 .UNSPECIFIED., .F., .F.,
 ( 4, 2, 4 ),
 ( 0.001042497902554011648, 0.001564379119012387041, 0.002086260335470762652 ),
 .UNSPECIFIED. ) ;
#8094 = VERTEX_POINT ( 'NONE', #896 ) ;
#8095 = CARTESIAN_POINT ( 'NONE',  ( -21.19615242270657518, 24.71281292110208838, -5.773502691896310601 ) ) ;
#8096 = DIRECTION ( 'NONE',  ( 1.000000000000000000, 0.000000000000000000, 0.000000000000000000 ) ) ;
#8097 = VERTEX_POINT ( 'NONE', #7719 ) ;
#8098 = EDGE_CURVE ( 'NONE', #690, #3132, #3370, .T. ) ;
#8099 = CARTESIAN_POINT ( 'NONE',  ( 10.60660171779811911, 10.60660171779830208, -31.99999999999998579 ) ) ;
#8100 = VERTEX_POINT ( 'NONE', #7934 ) ;
#8101 = DIRECTION ( 'NONE',  ( 0.000000000000000000, 0.000000000000000000, -1.000000000000000000 ) ) ;
#8102 = CARTESIAN_POINT ( 'NONE',  ( 13.86257414569629631, 39.64639827766650626, -4.921667756750979450 ) ) ;
#8103 = VERTEX_POINT ( 'NONE', #6701 ) ;
#8104 = DIRECTION ( 'NONE',  ( -1.000000000000000000, 0.000000000000000000, 0.000000000000000000 ) ) ;
#8105 = EDGE_LOOP ( 'NONE', ( #7915, #7144, #3319, #4451 ) ) ;
#8106 = CYLINDRICAL_SURFACE ( 'NONE', #3751, 10.00000000000000000 ) ;
#8107 = EDGE_LOOP ( 'NONE', ( #3875, #1808, #3758, #6425 ) ) ;
#8108 = FACE_OUTER_BOUND ( 'NONE', #7559, .T. ) ;
#8109 = VERTEX_POINT ( 'NONE', #1724 ) ;
#8110 = CARTESIAN_POINT ( 'NONE',  ( 36.78505132425834745, -7.288743128762990686, -4.234229113602768102 ) ) ;
#8111 = CARTESIAN_POINT ( 'NONE',  ( 11.77957219941680655, -36.30209142916685749, -21.68582549249640223 ) ) ;
#8112 = LINE ( 'NONE', #3893, #6082 ) ;
#8113 = DIRECTION ( 'NONE',  ( 0.000000000000000000, 0.000000000000000000, -1.000000000000000000 ) ) ;
#8114 = DIRECTION ( 'NONE',  ( -1.000000000000000000, 0.000000000000000000, 0.000000000000000000 ) ) ;
#8115 = DIRECTION ( 'NONE',  ( 0.8944271909999131909, 0.000000000000000000, 0.4472135954999632568 ) ) ;
#8116 = VECTOR ( 'NONE', #4589, 1000.000000000000000 ) ;
#8117 = DIRECTION ( 'NONE',  ( -0.000000000000000000, -0.000000000000000000, -1.000000000000000000 ) ) ;
#8118 = CARTESIAN_POINT ( 'NONE',  ( 22.95562404999856909, -29.72125859434188655, -2.898023699950642573 ) ) ;
#8119 = LINE ( 'NONE', #5541, #5328 ) ;
#8120 = ORIENTED_EDGE ( 'NONE', *, *, #3480, .T. ) ;
#8121 = EDGE_CURVE ( 'NONE', #1518, #2499, #6765, .T. ) ;
#8122 = CARTESIAN_POINT ( 'NONE',  ( 12.21282107508784698, -35.45589839191537607, -22.87117429707797811 ) ) ;
#8123 = VECTOR ( 'NONE', #2063, 1000.000000000000000 ) ;
#8124 = ORIENTED_EDGE ( 'NONE', *, *, #4626, .F. ) ;
#8125 =( BOUNDED_CURVE ( )  B_SPLINE_CURVE ( 3, ( #2090, #7714, #7639, #5186 ),
 .UNSPECIFIED., .F., .F. ) 
 B_SPLINE_CURVE_WITH_KNOTS ( ( 4, 4 ),
 ( 4.736200754345357922, 4.879837059604378524 ),
 .UNSPECIFIED. ) 
 CURVE ( )  GEOMETRIC_REPRESENTATION_ITEM ( )  RATIONAL_B_SPLINE_CURVE ( ( 1.000000000000000000, 0.9982814565068700574, 0.9982814565068700574, 1.000000000000000000 ) ) 
 REPRESENTATION_ITEM ( '' )  );
#8126 = ADVANCED_FACE ( 'NONE', ( #6659 ), #1596, .F. ) ;
#8127 = LINE ( 'NONE', #1303, #4869 ) ;
#8128 = ORIENTED_EDGE ( 'NONE', *, *, #3996, .F. ) ;
#8129 = AXIS2_PLACEMENT_3D ( 'NONE', #920, #2121, #3459 ) ;
#8130 = ADVANCED_FACE ( 'NONE', ( #1102 ), #1642, .F. ) ;
#8131 = ORIENTED_EDGE ( 'NONE', *, *, #6026, .T. ) ;
#8132 = CARTESIAN_POINT ( 'NONE',  ( 42.00000000000000000, 0.9999999999999983347, -26.42264973081039159 ) ) ;
#8133 = VERTEX_POINT ( 'NONE', #8013 ) ;
#8134 = CARTESIAN_POINT ( 'NONE',  ( -10.14478196106890984, -36.10360526135490744, -26.40690104306070296 ) ) ;
ENDSEC;
END-ISO-10303-21;
